node,degree_centrality,closeness,betweenness,clustering_coeff,k_shell
0,0.0003050640634533252,0.0003050640634533252,0.0,0.0,1
1,0.0015253203172666259,0.08824239903495755,0.00014530147015570308,0.5,3
2,0.0003050640634533252,0.0003050640634533252,0.0,0.0,1
3,0.0006101281269066504,0.0008474001762592368,1.861849639629693e-07,0.0,2
4,0.0003050640634533252,0.0003050640634533252,0.0,0.0,1
5,0.0003050640634533252,0.06878166006626393,0.0,0.0,1
6,0.0003050640634533252,0.0003050640634533252,0.0,0.0,1
7,0.0006101281269066504,0.0006863941427699817,9.309248198148465e-08,0.0,2
8,0.0006101281269066504,0.06447572418073175,0.0,1.0,2
9,0.0003050640634533252,0.0011656179140903172,0.0,0.0,1
10,0.0006101281269066504,0.08617178914315841,0.00035843759121829966,0.0,2
11,0.0003050640634533252,0.0003050640634533252,0.0,0.0,1
12,0.0036607687614399025,0.08861918614347197,0.005350728390970367,0.045454545454545456,3
13,0.0015253203172666259,0.08352358294022233,0.0002842291883192763,0.5,3
14,0.0006101281269066504,0.0006101281269066504,0.0,1.0,2
15,0.0003050640634533252,0.0003050640634533252,0.0,0.0,1
16,0.004270896888346552,0.08888947178583038,0.0006713216221191529,0.45054945054945056,7
17,0.0006101281269066504,0.07172409468109991,0.000394339753673569,0.0,1
18,0.0009151921903599756,0.08086585750160259,0.004543510340433273,0.0,2
19,0.0009151921903599756,0.06806393839600727,0.000394339753673569,0.3333333333333333,2
20,0.0003050640634533252,0.06706750686543508,0.0,0.0,1
21,0.0003050640634533252,0.00040675208460443356,0.0,0.0,1
22,0.0009151921903599756,0.04672169862267707,0.0014570110031712526,0.0,2
23,0.0003050640634533252,0.06810116139105331,0.0,0.0,1
24,0.0006101281269066504,0.06396090587503017,0.000788307137419212,0.0,1
25,0.0006101281269066504,0.07886842239864385,7.658524683151058e-06,0.0,2
26,0.0006101281269066504,0.06340431217458092,0.0,1.0,2
27,0.0030506406345332518,0.08857907140582295,0.0005889794948545324,0.26666666666666666,5
28,0.003355704697986577,0.09732055134775461,0.04276419969647099,0.01818181818181818,3
29,0.0006101281269066504,0.08600946629534385,0.000394339753673569,0.0,1
30,0.0006101281269066504,0.08671731832233769,0.0022256958621904048,0.0,2
31,0.0012202562538133007,0.09702413657881047,0.0018378013458315732,0.3333333333333333,4
32,0.0006101281269066504,0.07780226969326628,0.0020566531782689147,0.0,2
33,0.0015253203172666259,0.07796611988272788,0.003174681309393181,0.1,2
34,0.0003050640634533252,0.07138395748708355,0.0,0.0,1
35,0.0003050640634533252,0.0003050640634533252,0.0,0.0,1
36,0.0003050640634533252,0.0003050640634533252,0.0,0.0,1
37,0.0003050640634533252,0.0003050640634533252,0.0,0.0,1
38,0.0006101281269066504,0.0765201251449442,0.0011629854749929296,0.0,2
39,0.0006101281269066504,0.07199551982653454,0.00010106610789822395,0.0,2
40,0.0006101281269066504,0.07231479042443492,0.000394339753673569,0.0,1
41,0.0009151921903599756,0.0009762050030506406,9.309248198148465e-07,0.0,1
42,0.0003050640634533252,0.07593052994565666,0.0,0.0,1
43,0.0030506406345332518,0.10245992671251747,0.013031844890937137,0.13333333333333333,4
44,0.0006101281269066504,0.06395791942007033,0.0,1.0,2
45,0.0003050640634533252,0.0003050640634533252,0.0,0.0,1
46,0.0003050640634533252,0.00040675208460443356,0.0,0.0,1
47,0.0015253203172666259,0.0015689008977599582,2.6065894954815703e-06,0.0,1
48,0.0003050640634533252,0.07133562963335309,0.0,0.0,1
49,0.0018303843807199512,0.0804007020144184,0.010380098347508034,0.13333333333333333,3
50,0.0006101281269066504,0.052236081311049315,0.001181902151236929,0.0,1
51,0.0024405125076266015,0.08647097785617361,0.000569821562829324,0.32142857142857145,4
52,0.0006101281269066504,0.07209024578809779,0.000394339753673569,0.0,1
53,0.0003050640634533252,0.07251385707885898,0.0,0.0,1
54,0.0009151921903599756,0.07930219187284468,0.008343399631827156,0.0,2
55,0.0009151921903599756,0.081462192103458,2.4709055213852628e-05,0.0,2
56,0.0006101281269066504,0.07824670171482041,0.000197076784354803,0.0,2
57,0.0006101281269066504,0.04213432052352034,0.000788307137419212,0.0,1
58,0.0015253203172666259,0.0015689008977599582,1.5515413663580773e-06,0.3,2
59,0.002135448444173276,0.09198756028605508,0.0004998925328426518,0.2857142857142857,5
60,0.0009151921903599756,0.0009151921903599756,3.723699279259386e-07,0.3333333333333333,2
61,0.0018303843807199512,0.08167104461123575,0.001969371456318308,0.06666666666666667,2
62,0.0003050640634533252,0.08759907656325677,0.0,0.0,1
63,0.0003050640634533252,0.0003050640634533252,0.0,0.0,1
64,0.0003050640634533252,0.0006933274169393755,0.0,0.0,1
65,0.0003050640634533252,0.0734470112718309,0.0,0.0,1
66,0.0009151921903599756,0.059612967195562985,0.00501784755874652,0.0,2
67,0.0003050640634533252,0.00040675208460443356,0.0,0.0,1
68,0.0003050640634533252,0.0010546500479386386,0.0,0.0,1
69,0.0009151921903599756,0.07983370790416403,0.0010533148434292553,0.3333333333333333,2
70,0.002135448444173276,0.08458084348376944,0.0025488250655915337,0.0,3
71,0.0006101281269066504,0.0006863941427699817,0.0,1.0,2
72,0.0003050640634533252,0.06078755481581815,0.0,0.0,1
73,0.0009151921903599756,0.0011498568545548413,1.5515413663580774e-07,0.6666666666666666,2
74,0.0003050640634533252,0.0004575960951799878,0.0,0.0,1
75,0.0012202562538133007,0.08024056939954578,0.0011824607061288182,0.0,1
76,0.0018303843807199512,0.07470477531738907,0.007439951159960254,0.06666666666666667,2
77,0.0003050640634533252,0.060628812473759404,0.0,0.0,1
78,0.0012202562538133007,0.07001567983130476,0.0038423774817624872,0.0,2
79,0.0006101281269066504,0.07809057409609749,2.818633482217174e-07,0.0,2
80,0.0009151921903599756,0.08081814621627506,0.000788307137419212,0.3333333333333333,2
81,0.0018303843807199512,0.05564619597902365,0.00013445467778229854,0.4666666666666667,3
82,0.0003050640634533252,0.0005491153142159853,0.0,0.0,1
83,0.004881025015253203,0.08367153870989226,0.005642371350640749,0.058333333333333334,4
84,0.0006101281269066504,0.08064685076359412,0.0,1.0,2
85,0.0003050640634533252,0.0006355501321944275,0.0,0.0,1
86,0.0006101281269066504,0.0006101281269066504,1.861849639629693e-07,0.0,1
87,0.0006101281269066504,0.05803197594558745,0.0,1.0,2
88,0.0003050640634533252,0.05544797442598957,0.0,0.0,1
89,0.0003050640634533252,0.0003050640634533252,0.0,0.0,1
90,0.0006101281269066504,0.06456689890264654,0.000394339753673569,0.0,1
91,0.0003050640634533252,0.06925460135596573,0.0,0.0,1
92,0.0006101281269066504,0.08182716608241614,0.00026685433867134706,0.0,2
93,0.0003050640634533252,0.05402858676368265,0.0,0.0,1
94,0.0006101281269066504,0.0006101281269066504,0.0,1.0,2
95,0.0018303843807199512,0.0805709523098433,0.00018319890699886412,0.13333333333333333,3
96,0.0012202562538133007,0.06787506863979219,0.0012151283262489406,0.3333333333333333,2
97,0.0009151921903599756,0.0009151921903599756,0.0,1.0,3
98,0.0030506406345332518,0.07766992289746236,0.007283788861466506,0.044444444444444446,2
99,0.0009151921903599756,0.08455473828516334,0.0006902216540711662,0.0,2
100,0.0006101281269066504,0.04591207508696652,0.0,1.0,2
101,0.002135448444173276,0.06608388461113693,0.0023625630693807718,0.09523809523809523,2
102,0.0012202562538133007,0.0013589217372011759,2.7927744594445394e-06,0.0,1
103,0.0003050640634533252,0.06608707291067913,0.0,0.0,1
104,0.0006101281269066504,0.0718407069921669,0.0,1.0,2
105,0.0003050640634533252,0.05535386568413667,0.0,0.0,1
106,0.0015253203172666259,0.08382001959488716,0.0032612032335277118,0.4,3
107,0.0003050640634533252,0.07325454624416526,0.0,0.0,1
108,0.0006101281269066504,0.0006863941427699817,9.309248198148465e-08,0.0,2
109,0.0012202562538133007,0.001271100264388855,1.6756646756667237e-06,0.0,1
110,0.0018303843807199512,0.08087063172863657,6.434726356409862e-05,0.5333333333333333,4
111,0.0003050640634533252,0.0003050640634533252,0.0,0.0,1
112,0.0003050640634533252,0.00040675208460443356,0.0,0.0,1
113,0.0012202562538133007,0.08491115548100955,0.0008053252611779904,0.0,3
114,0.0018303843807199512,0.06648159387592924,0.0019698369187282154,0.0,1
115,0.0006101281269066504,0.07860591990242431,2.1289049195500123e-05,0.0,2
116,0.0003050640634533252,0.0003050640634533252,0.0,0.0,1
117,0.0003050640634533252,0.0003050640634533252,0.0,0.0,1
118,0.0009151921903599756,0.07172033929627972,0.0019453873319954303,0.0,2
119,0.0012202562538133007,0.06541171673843876,0.0009797102741758543,0.16666666666666666,2
120,0.0006101281269066504,0.0006863941427699817,0.0,1.0,2
121,0.0006101281269066504,0.0006101281269066504,1.861849639629693e-07,0.0,1
122,0.0006101281269066504,0.07746348245318363,0.0,1.0,2
123,0.0003050640634533252,0.06925460135596573,0.0,0.0,1
124,0.0003050640634533252,0.07140628474272252,0.0,0.0,1
125,0.0003050640634533252,0.00040675208460443356,0.0,0.0,1
126,0.0003050640634533252,0.050594177447722766,0.0,0.0,1
127,0.0003050640634533252,0.0003050640634533252,0.0,0.0,1
128,0.0003050640634533252,0.06283425505594707,0.0,0.0,1
129,0.0003050640634533252,0.0003050640634533252,0.0,0.0,1
130,0.0006101281269066504,0.08071813554623726,0.0,1.0,2
131,0.0009151921903599756,0.0862477496675259,0.0012583764361681858,0.0,2
132,0.0018303843807199512,0.06486347003597151,0.0013460254917469143,0.13333333333333333,2
133,0.0003050640634533252,0.0003050640634533252,0.0,0.0,1
134,0.0003050640634533252,0.06047890680469982,0.0,0.0,1
135,0.0009151921903599756,0.08618263245373388,0.002571667844616883,0.0,2
136,0.003355704697986577,0.10209337111274103,0.02945792453604204,0.07272727272727272,4
137,0.0012202562538133007,0.08850466887766661,0.00022637570976021237,0.3333333333333333,4
138,0.002745576571079927,0.09865937483575672,0.003969847280935139,0.19444444444444445,4
139,0.0006101281269066504,0.0011484764741772242,0.0,1.0,2
140,0.0003050640634533252,0.0003050640634533252,0.0,0.0,1
141,0.0003050640634533252,0.0009297190505244196,0.0,0.0,1
142,0.0015253203172666259,0.08128815857929181,0.001279288144960622,0.3,3
143,0.0003050640634533252,0.0003050640634533252,0.0,0.0,1
144,0.0012202562538133007,0.088791518780038,8.190589662137407e-05,0.5,4
145,0.0003050640634533252,0.0003050640634533252,0.0,0.0,1
146,0.0006101281269066504,0.0006101281269066504,0.0,1.0,2
147,0.0024405125076266015,0.08495328455840029,0.00047138677083932224,0.07142857142857142,4
148,0.0009151921903599756,0.07607813164230193,0.0043191187940129615,0.0,2
149,0.0003050640634533252,0.0009503918899892055,0.0,0.0,1
150,0.0030506406345332518,0.08860772108284146,0.004500492369509813,0.0,3
151,0.0012202562538133007,0.08767196365973158,3.958979484127638e-05,0.0,4
152,0.0009151921903599756,0.08902812688285755,0.00041358424825852023,0.0,2
153,0.0012202562538133007,0.08886063965096634,0.003005358058421545,0.0,3
154,0.0015253203172666259,0.10121078470663855,0.010355025969051584,0.0,4
155,0.0012202562538133007,0.08049046657772042,0.0001052889564742102,0.5,3
156,0.0012202562538133007,0.07103597781567424,0.006226116336648519,0.0,2
157,0.0012202562538133007,0.08994003678395575,0.002118878021687534,0.16666666666666666,2
158,0.0009151921903599756,0.08795343265825391,0.0,1.0,3
159,0.0003050640634533252,0.0681452047271104,0.0,0.0,1
160,0.0015253203172666259,0.0015689008977599582,1.3963872297222697e-06,0.3,2
161,0.0009151921903599756,0.0009151921903599756,5.585548918889079e-07,0.0,1
162,0.0003050640634533252,0.08102849809048483,0.0,0.0,1
163,0.0003050640634533252,0.0003050640634533252,0.0,0.0,1
164,0.0003050640634533252,0.0003050640634533252,0.0,0.0,1
165,0.0009151921903599756,0.0011498568545548413,2.048034603592662e-06,0.0,1
166,0.0003050640634533252,0.0020991312937621662,0.0,0.0,1
167,0.0006101281269066504,0.07049854658876203,0.006295317324744913,0.0,2
168,0.0003050640634533252,0.07325454624416526,0.0,0.0,1
169,0.0006101281269066504,0.07884118569239358,0.0003562261898673963,0.0,2
170,0.002135448444173276,0.07824670171482041,0.001020912604692561,0.09523809523809523,3
171,0.0003050640634533252,0.0003050640634533252,0.0,0.0,1
172,0.0009151921903599756,0.06031114654013941,3.103082732716155e-08,0.6666666666666666,3
173,0.0003050640634533252,0.058738711844753266,0.0,0.0,1
174,0.0003050640634533252,0.0003050640634533252,0.0,0.0,1
175,0.0003050640634533252,0.0003050640634533252,0.0,0.0,1
176,0.0006101281269066504,0.0006863941427699817,0.0,1.0,2
177,0.0009151921903599756,0.06803351347072843,0.0008288237028131891,0.3333333333333333,2
178,0.0006101281269066504,0.06447572418073175,0.0,1.0,2
179,0.0012202562538133007,0.0014197212183789366,3.6306067972779014e-06,0.0,2
180,0.0012202562538133007,0.0808467662291003,1.5515413663580774e-08,0.8333333333333334,4
181,0.0006101281269066504,0.08604188192334461,0.0005245451051383099,0.0,2
182,0.0003050640634533252,0.0006863941427699817,0.0,0.0,1
183,0.0003050640634533252,0.0003050640634533252,0.0,0.0,1
184,0.0003050640634533252,0.06959944922613923,0.0,0.0,1
185,0.0003050640634533252,0.0003050640634533252,0.0,0.0,1
186,0.0009151921903599756,0.0891324024088786,0.000157622130356859,0.3333333333333333,2
187,0.0003050640634533252,0.0003050640634533252,0.0,0.0,1
188,0.0003050640634533252,0.06534930395590126,0.0,0.0,1
189,0.0009151921903599756,0.06547424885137643,0.0004420388817676202,0.0,2
190,0.0009151921903599756,0.06769393428315523,0.001245282206329836,0.3333333333333333,2
191,0.0006101281269066504,0.054976190408558605,0.0005843269260742132,0.0,2
193,0.0003050640634533252,0.0005491153142159853,0.0,0.0,1
194,0.002135448444173276,0.09242825642507733,0.011191001884796244,0.047619047619047616,3
195,0.0006101281269066504,0.054883674982756876,0.000394339753673569,0.0,1
196,0.0003050640634533252,0.0003050640634533252,0.0,0.0,1
197,0.0006101281269066504,0.08385593879520332,9.656192927448038e-05,0.0,2
198,0.0009151921903599756,0.08042902708118409,0.000788493322383175,0.0,1
199,0.0003050640634533252,0.0003050640634533252,0.0,0.0,1
200,0.0006101281269066504,0.0685201720884221,0.0,1.0,2
201,0.0003050640634533252,0.07170907550097615,0.0,0.0,1
202,0.0003050640634533252,0.0003050640634533252,0.0,0.0,1
203,0.0009151921903599756,0.08278658045567787,0.001738813046393111,0.3333333333333333,3
204,0.0009151921903599756,0.05488807341800153,0.0003944328461555505,0.0,2
205,0.002135448444173276,0.07381907524356791,0.004172112099447436,0.23809523809523808,3
206,0.0003050640634533252,0.05545919916675356,0.0,0.0,1
207,0.0003050640634533252,0.0003050640634533252,0.0,0.0,1
208,0.003355704697986577,0.055666548552023666,3.570318332756559e-06,0.45454545454545453,5
209,0.0003050640634533252,0.0010295912141549727,0.0,0.0,1
210,0.0003050640634533252,0.0007267702688152748,0.0,0.0,1
211,0.0006101281269066504,0.060792950480190226,0.000394339753673569,0.0,1
212,0.0018303843807199512,0.07297356348727538,0.001756076254757768,0.4666666666666667,3
213,0.0009151921903599756,0.0813654149224619,2.8733328474668002e-05,0.0,2
214,0.0009151921903599756,0.06515657899536918,0.0011896445351138871,0.3333333333333333,2
215,0.0003050640634533252,0.08064210292120842,0.0,0.0,1
216,0.0009151921903599756,0.07824670171482041,0.0024010519183091266,0.0,2
217,0.0009151921903599756,0.05631420655400617,4.6546240990742326e-08,0.6666666666666666,2
218,0.0018303843807199512,0.06083074696774342,0.0009120573346804101,0.4,4
219,0.0006101281269066504,0.077775764264118,0.0,1.0,2
220,0.002135448444173276,0.09423409192485184,0.0005743525404541404,0.5238095238095238,6
221,0.0003050640634533252,0.0873978664084506,0.0,0.0,1
222,0.0018303843807199512,0.06780115627479316,0.0022579189636380637,0.2,2
224,0.0003050640634533252,0.06957116969981442,0.0,0.0,1
225,0.0015253203172666259,0.001794494490901913,2.569352502688977e-06,0.3,3
226,0.0006101281269066504,0.055580716584282666,4.778747408382879e-07,0.0,2
227,0.0012202562538133007,0.06762709258057992,5.121555600962297e-05,0.16666666666666666,3
228,0.0018303843807199512,0.06773410276515088,0.0008275965937789881,0.2,3
229,0.0030506406345332518,0.08641097402344476,8.266728599347409e-05,0.26666666666666666,5
230,0.0009151921903599756,0.0510961936817236,0.001182274521164855,0.0,1
231,0.0003050640634533252,0.07999689074459185,0.0,0.0,1
232,0.0006101281269066504,0.0629729110067877,0.000394339753673569,0.0,1
233,0.0003050640634533252,0.0003050640634533252,0.0,0.0,1
234,0.0009151921903599756,0.08072764970648551,0.00016550864759376608,0.3333333333333333,2
235,0.0003050640634533252,0.0003050640634533252,0.0,0.0,1
236,0.0006101281269066504,0.085297139312513,0.0010118439590690637,0.0,2
237,0.0012202562538133007,0.08551546761266364,2.185977785952933e-05,0.0,4
238,0.0003050640634533252,0.0003050640634533252,0.0,0.0,1
239,0.0009151921903599756,0.0010895145123333044,6.20616546543231e-08,0.6666666666666666,2
240,0.0003050640634533252,0.06786834267550147,0.0,0.0,1
241,0.0015253203172666259,0.08296709631857337,0.0036315911156007998,0.2,3
242,0.0018303843807199512,0.09154492817079771,0.00031882865526945795,0.2,4
243,0.0006101281269066504,0.07537482860395346,0.00032962236881186517,0.0,2
244,0.0003050640634533252,0.06922660131498692,0.0,0.0,1
245,0.0015253203172666259,0.001794494490901913,3.1651443873704784e-06,0.3,3
246,0.0006101281269066504,0.08609596230167481,1.8509038924340841e-06,0.0,2
247,0.0024405125076266015,0.08973381986371741,0.011908292807040703,0.0,3
248,0.0006101281269066504,0.0006863941427699817,0.0,1.0,2
249,0.0003050640634533252,0.06922660131498692,0.0,0.0,1
250,0.0006101281269066504,0.06604883360912514,0.000788307137419212,0.0,1
251,0.0003050640634533252,0.0003050640634533252,0.0,0.0,1
252,0.0003050640634533252,0.05738528530455158,0.0,0.0,1
253,0.0009151921903599756,0.06970215551697773,0.002818567440408198,0.3333333333333333,2
254,0.0036607687614399025,0.08129298280235288,0.02669288345036281,0.19696969696969696,3
255,0.0003050640634533252,0.06800986843849095,0.0,0.0,1
256,0.0003050640634533252,0.0003050640634533252,0.0,0.0,1
257,0.0006101281269066504,0.0006863941427699817,3.723699279259386e-07,0.0,1
258,0.0003050640634533252,0.07687225771477896,0.0,0.0,1
259,0.0006101281269066504,0.06154132268036869,0.000394339753673569,0.0,1
260,0.0003050640634533252,0.03401253346459529,0.0,0.0,1
261,0.0003050640634533252,0.00040675208460443356,0.0,0.0,1
262,0.0003050640634533252,0.0003050640634533252,0.0,0.0,1
263,0.0015253203172666259,0.08230407740309116,0.004323936059373347,0.2,3
264,0.0003050640634533252,0.0003050640634533252,0.0,0.0,1
265,0.0009151921903599756,0.06581716126367702,9.309248198148465e-08,0.6666666666666666,3
266,0.0024405125076266015,0.07371578733288377,0.0045304778472543385,0.14285714285714285,3
267,0.0006101281269066504,0.062379286862773636,0.0,1.0,2
268,0.0012202562538133007,0.08625861210451172,0.0016523438199138357,0.0,2
269,0.0018303843807199512,0.08009512105131834,0.011151718382898305,0.06666666666666667,2
270,0.0003050640634533252,0.0003050640634533252,0.0,0.0,1
271,0.0003050640634533252,0.0009464808122526243,0.0,0.0,1
272,0.0006101281269066504,0.08978675670029145,0.000788307137419212,0.0,1
273,0.0015253203172666259,0.08861345324231118,0.0003153554464735278,0.3,3
274,0.0003050640634533252,0.06486039870352035,0.0,0.0,1
275,0.0006101281269066504,0.001084672225611823,2.7927744594445394e-06,0.0,1
277,0.0003050640634533252,0.0003050640634533252,0.0,0.0,1
278,0.0006101281269066504,0.0015743484703216247,1.861849639629693e-07,0.0,2
279,0.0009151921903599756,0.0009151921903599756,9.309248198148465e-08,0.6666666666666666,2
280,0.0006101281269066504,0.0606449178828373,0.000788307137419212,0.0,1
281,0.0003050640634533252,0.0003050640634533252,0.0,0.0,1
282,0.0006101281269066504,0.0013016066707341874,0.0,1.0,2
283,0.0006101281269066504,0.0008135041692088671,0.0,1.0,2
284,0.0006101281269066504,0.0009983914803927006,0.0,1.0,2
285,0.0006101281269066504,0.08149611852806082,0.000394339753673569,0.0,1
286,0.0012202562538133007,0.08414957367119094,0.0013317914691751934,0.0,2
287,0.0003050640634533252,0.06937034134607749,0.0,0.0,1
288,0.0006101281269066504,0.0006101281269066504,1.861849639629693e-07,0.0,1
289,0.0006101281269066504,0.08612844317276447,3.884159114206685e-06,0.0,2
290,0.0003050640634533252,0.00040675208460443356,0.0,0.0,1
291,0.0003050640634533252,0.0005491153142159853,0.0,0.0,1
292,0.0012202562538133007,0.07892295230581045,0.001182274521164855,0.16666666666666666,2
293,0.0006101281269066504,0.06683842881914932,0.0,1.0,2
294,0.0006101281269066504,0.0748762851328111,0.0,1.0,2
295,0.0003050640634533252,0.0003050640634533252,0.0,0.0,1
296,0.0003050640634533252,0.001084672225611823,0.0,0.0,1
297,0.0009151921903599756,0.0009151921903599756,3.723699279259386e-07,0.3333333333333333,2
298,0.0006101281269066504,0.0875095355663225,0.00015120463168154363,0.0,2
299,0.0006101281269066504,0.0006101281269066504,1.861849639629693e-07,0.0,1
300,0.0015253203172666259,0.07327413930778037,0.0021903780051622953,0.4,3
301,0.0003050640634533252,0.00040675208460443356,0.0,0.0,1
302,0.0009151921903599756,0.08253219016808136,3.906326325523583e-06,0.0,3
303,0.0036607687614399025,0.08701478593696138,0.001324967268330041,0.10606060606060606,4
304,0.0009151921903599756,0.09030171799193396,0.00013126039959388631,0.3333333333333333,3
305,0.0003050640634533252,0.0003050640634533252,0.0,0.0,1
306,0.0003050640634533252,0.0003050640634533252,0.0,0.0,1
307,0.0030506406345332518,0.08642187761638147,0.00024735425633347103,0.15555555555555556,5
308,0.0006101281269066504,0.06023158738104152,0.000394339753673569,0.0,1
309,0.0003050640634533252,0.0003050640634533252,0.0,0.0,1
310,0.0009151921903599756,0.0009762050030506406,1.861849639629693e-07,0.6666666666666666,2
311,0.0009151921903599756,0.07927006714234064,0.0007857721586643872,0.0,2
312,0.0003050640634533252,0.06070673463125537,0.0,0.0,1
313,0.0006101281269066504,0.06580451384606294,0.000788307137419212,0.0,1
314,0.003965832824893227,0.08881454711921456,0.0007714115181840267,0.3717948717948718,7
315,0.0003050640634533252,0.0003050640634533252,0.0,0.0,1
316,0.0009151921903599756,0.07592632116953862,0.0007391210198954665,0.0,2
317,0.0003050640634533252,0.06765047215624487,0.0,0.0,1
318,0.0003050640634533252,0.05558973906171204,0.0,0.0,1
319,0.0009151921903599756,0.07255995127765898,0.0002503891146791841,0.3333333333333333,3
320,0.0003050640634533252,0.0003050640634533252,0.0,0.0,1
321,0.0006101281269066504,0.06078216010914298,0.000394339753673569,0.0,1
322,0.0003050640634533252,0.08021237689404732,0.0,0.0,1
323,0.0003050640634533252,0.0004575960951799878,0.0,0.0,1
324,0.0003050640634533252,0.0005491153142159853,0.0,0.0,1
325,0.0006101281269066504,0.06129622590144745,0.0,1.0,2
326,0.0006101281269066504,0.0006863941427699817,3.723699279259386e-07,0.0,1
327,0.0003050640634533252,0.0007971028754748175,0.0,0.0,1
328,0.0006101281269066504,0.0006863941427699817,0.0,1.0,2
329,0.0009151921903599756,0.0010677242220866383,4.530500789765587e-06,0.0,2
330,0.0006101281269066504,0.05632810100417987,0.00011087793065057875,0.0,2
331,0.0012202562538133007,0.05406910713742978,0.0009847322744001446,0.3333333333333333,2
332,0.0006101281269066504,0.07302803008048442,0.00015588175221510674,0.0,2
333,0.0006101281269066504,0.06975895091768416,0.000788307137419212,0.0,1
334,0.0003050640634533252,0.0003050640634533252,0.0,0.0,1
335,0.0006101281269066504,0.057160188625423394,0.0,1.0,2
336,0.002135448444173276,0.06929313841661505,0.00039514125111359,0.2857142857142857,4
337,0.0006101281269066504,0.0006863941427699817,0.0,1.0,2
338,0.0006101281269066504,0.06397285448438475,0.0,1.0,2
339,0.0009151921903599756,0.07358510664623402,0.0026255369514755207,0.0,2
340,0.0006101281269066504,0.07552443955558506,0.000394339753673569,0.0,1
341,0.0003050640634533252,0.0004575960951799878,0.0,0.0,1
342,0.0006101281269066504,0.06466748938814305,0.00039433975367356914,0.0,1
343,0.0003050640634533252,0.0003050640634533252,0.0,0.0,1
344,0.0006101281269066504,0.0006101281269066504,1.861849639629693e-07,0.0,1
345,0.0003050640634533252,0.0003050640634533252,0.0,0.0,1
346,0.0003050640634533252,0.07595579240432773,0.0,0.0,1
347,0.0018303843807199512,0.08660218500471936,0.0003203260272888027,0.26666666666666666,3
348,0.0006101281269066504,0.0012355094569859672,9.309248198148465e-07,0.0,2
349,0.0003050640634533252,0.0003050640634533252,0.0,0.0,1
350,0.0003050640634533252,0.07973147614782573,0.0,0.0,1
351,0.0015253203172666259,0.08564378893457836,0.00011417430741035545,0.5,4
352,0.0006101281269066504,0.06582032387773995,0.000394339753673569,0.0,1
353,0.0006101281269066504,0.06952173578742557,0.0009226380456083961,0.0,2
354,0.0003050640634533252,0.06709707373106276,0.0,0.0,1
355,0.0003050640634533252,0.0003050640634533252,0.0,0.0,1
356,0.0006101281269066504,0.05546593619289141,0.0015751247951267203,0.0,1
357,0.0009151921903599756,0.05363929828169504,0.0003924089914174077,0.6666666666666666,2
359,0.0006101281269066504,0.07184447499316302,0.0,1.0,2
360,0.0003050640634533252,0.0003050640634533252,0.0,0.0,1
361,0.0015253203172666259,0.084669721858057,0.0005876410665655734,0.6,4
362,0.0006101281269066504,0.06937736832554935,0.00019100892771974277,0.0,2
363,0.0003050640634533252,0.059983655641077514,0.0,0.0,1
364,0.0009151921903599756,0.0013727882855399634,2.420404531518601e-06,0.0,2
365,0.0006101281269066504,0.056358229179989554,0.000394339753673569,0.0,1
366,0.0003050640634533252,0.0003050640634533252,0.0,0.0,1
367,0.0003050640634533252,0.0003050640634533252,0.0,0.0,1
368,0.0003050640634533252,0.00040675208460443356,0.0,0.0,1
369,0.0003050640634533252,0.0003050640634533252,0.0,0.0,1
370,0.0006101281269066504,0.059831692156007955,0.000394339753673569,0.0,1
371,0.0018303843807199512,0.06899993754884376,0.0011152000388228638,0.3333333333333333,3
372,0.0003050640634533252,0.07325454624416526,0.0,0.0,1
373,0.002745576571079927,0.08384567302562564,1.3594415398394168e-05,0.5555555555555556,7
374,0.0012202562538133007,0.060906481112478705,0.00027752522712901214,0.3333333333333333,3
375,0.0003050640634533252,0.0003050640634533252,0.0,0.0,1
376,0.0003050640634533252,0.00040675208460443356,0.0,0.0,1
377,0.0006101281269066504,0.07782437135501655,0.0,1.0,2
378,0.0006101281269066504,0.06566886045446312,0.0034251104445172133,0.0,2
379,0.0006101281269066504,0.08182716608241614,0.00026685433867134706,0.0,2
380,0.0006101281269066504,0.0006863941427699817,0.0,1.0,2
381,0.0006101281269066504,0.06076598173274981,0.0,1.0,2
382,0.0003050640634533252,0.0009762050030506406,0.0,0.0,1
383,0.0006101281269066504,0.06447572418073175,0.0,1.0,2
384,0.0003050640634533252,0.0003050640634533252,0.0,0.0,1
385,0.0003050640634533252,0.0003050640634533252,0.0,0.0,1
386,0.0003050640634533252,0.06934224765716544,0.0,0.0,1
387,0.0003050640634533252,0.0003050640634533252,0.0,0.0,1
388,0.0003050640634533252,0.07777134844828514,0.0,0.0,1
389,0.0006101281269066504,0.0008135041692088671,5.585548918889079e-07,0.0,1
390,0.0012202562538133007,0.049599404722440746,0.004320794458688629,0.0,2
391,0.0003050640634533252,0.0003050640634533252,0.0,0.0,1
392,0.0003050640634533252,0.08079907746237516,0.0,0.0,1
393,0.0003050640634533252,0.06004939547672817,0.0,0.0,1
394,0.0009151921903599756,0.08116773881367896,0.00013970338862071563,0.0,3
395,0.0006101281269066504,0.09362862339163679,0.00030186571822687143,0.0,2
396,0.0018303843807199512,0.09416283496388576,0.0009052216650780895,0.26666666666666666,4
397,0.0006101281269066504,0.08152036899480129,0.0,1.0,2
398,0.0006101281269066504,0.08839615127901693,0.0,1.0,2
399,0.0009151921903599756,0.0011231904154417884,1.6756646756667237e-06,0.0,2
400,0.0003050640634533252,0.0003050640634533252,0.0,0.0,1
401,0.0003050640634533252,0.07086325712465837,0.0,0.0,1
402,0.0009151921903599756,0.08157862904053638,0.0002857068065531298,0.3333333333333333,3
403,0.0003050640634533252,0.0006101281269066504,0.0,0.0,1
404,0.0024405125076266015,0.06083344851532825,0.00020497321729097344,0.6785714285714286,5
405,0.0012202562538133007,0.08175878955590583,0.002969441082803843,0.3333333333333333,2
406,0.0003050640634533252,0.060634179992901875,0.0,0.0,1
407,0.0003050640634533252,0.05312133561698776,0.0,0.0,1
408,0.0003050640634533252,0.0825968861685749,0.0,0.0,1
409,0.0009151921903599756,0.07708856774267804,0.002361011528014414,0.0,2
410,0.0006101281269066504,0.06356024129829921,6.66394181255372e-05,0.0,2
411,0.0018303843807199512,0.07555359957085749,0.003327881436221168,0.13333333333333333,3
412,0.0006101281269066504,0.07927465479597466,0.0002513292030715804,0.0,2
413,0.002135448444173276,0.08469066156916323,0.00272351681101417,0.047619047619047616,3
414,0.0015253203172666259,0.0909070055893049,0.0005394827119278797,0.3,2
415,0.0003050640634533252,0.0003050640634533252,0.0,0.0,1
416,0.0009151921903599756,0.07812174975588264,1.8002336156535266e-06,0.0,3
417,0.0006101281269066504,0.06467664952167931,1.9410975986498314e-05,0.0,2
418,0.0003050640634533252,0.0409404853912262,0.0,0.0,1
419,0.0006101281269066504,0.07234916601804502,7.198352380609713e-05,0.0,2
420,0.0003050640634533252,0.001084672225611823,0.0,0.0,1
421,0.0012202562538133007,0.08034411169098753,0.0005108105218120582,0.0,2
422,0.0006101281269066504,0.056318837275702915,0.0,1.0,2
423,0.0003050640634533252,0.0003050640634533252,0.0,0.0,1
424,0.0003050640634533252,0.0004575960951799878,0.0,0.0,1
425,0.0003050640634533252,0.0003050640634533252,0.0,0.0,1
426,0.0003050640634533252,0.0003050640634533252,0.0,0.0,1
427,0.0015253203172666259,0.0613868764103095,0.0005907338598271745,0.3,3
428,0.0024405125076266015,0.08483227597817837,0.0003239751598421769,0.17857142857142858,4
429,0.0012202562538133007,0.08868229704905128,0.0009337165826485328,0.16666666666666666,2
430,0.0006101281269066504,0.06722219954947471,0.00035215884028384363,0.0,2
431,0.0012202562538133007,0.0013945785757866294,1.3963872297222697e-06,0.3333333333333333,2
432,0.0003050640634533252,0.0003050640634533252,0.0,0.0,1
433,0.0003050640634533252,0.08163210728364996,0.0,0.0,1
434,0.0012202562538133007,0.08427901065770296,0.0010814337225918621,0.16666666666666666,3
435,0.0009151921903599756,0.0841185679329186,0.00031178592184514446,0.3333333333333333,2
436,0.0003050640634533252,0.0003050640634533252,0.0,0.0,1
437,0.0003050640634533252,0.00040675208460443356,0.0,0.0,1
438,0.002135448444173276,0.06083074696774342,0.00020475600149968333,0.7619047619047619,5
439,0.0006101281269066504,0.06530879947647784,0.00037650323757702455,0.0,2
440,0.0003050640634533252,0.07138395748708355,0.0,0.0,1
441,0.0009151921903599756,0.06583297737394368,0.00465565765306318,0.0,2
442,0.0003050640634533252,0.0724639877384355,0.0,0.0,1
443,0.0009151921903599756,0.0010895145123333044,0.0,1.0,3
444,0.0006101281269066504,0.07780668902128067,2.9281252782112587e-05,0.0,2
445,0.0006101281269066504,0.07336833209532116,9.309248198148465e-08,0.0,2
446,0.0003050640634533252,0.06309764430511061,0.0,0.0,1
447,0.0006101281269066504,0.05618715944951172,0.000788307137419212,0.0,1
448,0.0006101281269066504,0.0006101281269066504,1.861849639629693e-07,0.0,1
449,0.0003050640634533252,0.06522794096284029,0.0,0.0,1
450,0.004575960951799878,0.10422970325822906,0.054153755519870506,0.05714285714285714,4
451,0.0006101281269066504,0.07892295230581045,0.0031442916714066256,0.0,2
452,0.0003050640634533252,0.0005491153142159853,0.0,0.0,1
453,0.005796217205613179,0.09132520569502275,0.0010712640792584027,0.25146198830409355,6
454,0.0003050640634533252,0.07661856808477717,0.0,0.0,1
455,0.0012202562538133007,0.07838102312998663,0.008964099322603721,0.0,2
456,0.0003050640634533252,0.0003050640634533252,0.0,0.0,1
457,0.0003050640634533252,0.00040675208460443356,0.0,0.0,1
458,0.0006101281269066504,0.05394135465935443,0.0002849433901790795,0.0,2
459,0.0003050640634533252,0.0004575960951799878,0.0,0.0,1
460,0.0012202562538133007,0.0682300637686614,0.001574845517680776,0.16666666666666666,2
461,0.0003050640634533252,0.0003050640634533252,0.0,0.0,1
462,0.0003050640634533252,0.06654295653240934,0.0,0.0,1
463,0.0006101281269066504,0.0010275842137375164,1.3032947477407851e-06,0.0,1
464,0.0006101281269066504,0.0842064769299592,5.294440266852215e-05,0.0,2
465,0.0012202562538133007,0.07617120392702253,0.0008246013073443585,0.16666666666666666,2
466,0.0009151921903599756,0.07414673379991589,2.034816760946498e-05,0.3333333333333333,2
467,0.0003050640634533252,0.0003050640634533252,0.0,0.0,1
468,0.007016473459426479,0.10118835489544553,0.016930024767315248,0.06324110671936758,4
469,0.0006101281269066504,0.058910492010134444,0.000394339753673569,0.0,1
470,0.0003050640634533252,0.0003050640634533252,0.0,0.0,1
471,0.0012202562538133007,0.07608658335942045,0.000981908469113373,0.5,3
472,0.0024405125076266015,0.08128815857929181,0.0032470077525152104,0.32142857142857145,4
473,0.0009151921903599756,0.063401377469088,0.0005262134189267191,0.0,3
474,0.0006101281269066504,0.0006863941427699817,3.723699279259386e-07,0.0,1
475,0.0003050640634533252,0.000844792791101516,0.0,0.0,1
476,0.0015253203172666259,0.07417483945522534,0.0008952632870286277,0.0,2
477,0.0003050640634533252,0.0003050640634533252,0.0,0.0,1
478,0.0003050640634533252,0.07400652440540527,0.0,0.0,1
479,0.0003050640634533252,0.0003050640634533252,0.0,0.0,1
480,0.0003050640634533252,0.0003050640634533252,0.0,0.0,1
481,0.0003050640634533252,0.0003050640634533252,0.0,0.0,1
482,0.0018303843807199512,0.05938038669237239,0.0035623089331917367,0.0,2
483,0.0009151921903599756,0.07115775377764395,0.000788307137419212,0.3333333333333333,2
484,0.0006101281269066504,0.06603928069711919,0.0,1.0,2
485,0.0006101281269066504,0.06939845780827066,0.0,1.0,2
486,0.0030506406345332518,0.08943501960170058,0.007229836653042649,0.17777777777777778,3
487,0.0018303843807199512,0.04506470457361647,0.002366286768660032,0.06666666666666667,2
488,0.0003050640634533252,0.0020991312937621662,0.0,0.0,1
489,0.0003050640634533252,0.08064210292120842,0.0,0.0,1
490,0.0006101281269066504,0.0006101281269066504,1.861849639629693e-07,0.0,1
491,0.0012202562538133007,0.07715804428657952,0.0003285982320162767,0.3333333333333333,3
492,0.002745576571079927,0.09188266435602671,0.0008413192305513734,0.19444444444444445,5
493,0.0012202562538133007,0.08240310173973688,0.0007898581909035147,0.16666666666666666,3
494,0.0009151921903599756,0.09030171799193396,0.00013126039959388631,0.3333333333333333,3
495,0.0006101281269066504,0.08604188192334461,0.0005245451051383099,0.0,2
496,0.0003050640634533252,0.0006101281269066504,0.0,0.0,1
497,0.0012202562538133007,0.0014948139109212935,7.137090285247157e-07,0.5,2
498,0.0003050640634533252,0.04434832648750756,0.0,0.0,1
499,0.0006101281269066504,0.07370388809360486,0.000394339753673569,0.0,1
500,0.0006101281269066504,0.06564368429671952,0.0,1.0,2
501,0.0006101281269066504,0.07533337514269627,0.000146443481007925,0.0,2
502,0.0003050640634533252,0.0691287792187558,0.0,0.0,1
503,0.0003050640634533252,0.06226586482202128,0.0,0.0,1
504,0.0009151921903599756,0.070241872735739,8.315002944990673e-05,0.3333333333333333,2
505,0.0003050640634533252,0.06249882557921459,0.0,0.0,1
506,0.0009151921903599756,0.07767873200746547,0.0007176842634421107,0.0,2
507,0.0003050640634533252,0.0003050640634533252,0.0,0.0,1
508,0.0009151921903599756,0.07510207578374067,0.0005128975480361591,0.0,2
509,0.0012202562538133007,0.0827365764810127,0.0002970223363322073,0.3333333333333333,3
510,0.0003050640634533252,0.07651157684296744,0.0,0.0,1
511,0.0003050640634533252,0.00040675208460443356,0.0,0.0,1
512,0.0003050640634533252,0.06543984140166473,0.0,0.0,1
513,0.0003050640634533252,0.0005491153142159853,0.0,0.0,1
514,0.0006101281269066504,0.0006101281269066504,1.861849639629693e-07,0.0,1
515,0.0009151921903599756,0.06649773096847644,0.0003944328461555505,0.0,2
516,0.0003050640634533252,0.07248316013438703,0.0,0.0,1
517,0.0012202562538133007,0.07740220151549111,0.0027056152503501345,0.0,2
518,0.0003050640634533252,0.06078755481581815,0.0,0.0,1
519,0.0006101281269066504,0.06460648807752317,0.000394339753673569,0.0,1
520,0.0006101281269066504,0.06902079815678959,0.0,1.0,2
521,0.0003050640634533252,0.05468210619639306,0.0,0.0,1
522,0.0003050640634533252,0.0003050640634533252,0.0,0.0,1
523,0.0006101281269066504,0.0010275842137375164,0.0,1.0,2
524,0.0009151921903599756,0.0010895145123333044,1.2102022657593006e-06,0.0,2
525,0.0015253203172666259,0.07780668902128067,0.0030139908026346495,0.1,2
526,0.0006101281269066504,0.06470108923620264,4.6546240990742326e-08,0.0,2
527,0.0006101281269066504,0.08612844317276447,3.884159114206685e-06,0.0,2
528,0.0015253203172666259,0.08662409158411725,0.0001413047388846589,0.4,4
529,0.0006101281269066504,0.07620086561079473,0.0,1.0,2
530,0.0015253203172666259,0.05828879830721899,0.003931109329114134,0.0,2
531,0.0003050640634533252,0.05393710663961435,0.0,0.0,1
532,0.0006101281269066504,0.08072289234602194,0.002015653762395896,0.0,2
533,0.0006101281269066504,0.06801324529392483,0.001181902151236929,0.0,1
534,0.0003050640634533252,0.0003050640634533252,0.0,0.0,1
535,0.0009151921903599756,0.0825421368014249,0.00677417987561178,0.0,2
536,0.0003050640634533252,0.051602439639090086,0.0,0.0,1
537,0.0006101281269066504,0.0691706691016334,0.000394339753673569,0.0,1
538,0.0006101281269066504,0.0006863941427699817,9.309248198148465e-08,0.0,2
539,0.0003050640634533252,0.0004575960951799878,0.0,0.0,1
540,0.003355704697986577,0.0800763919221119,0.0024304834360854215,0.12727272727272726,4
541,0.006711409395973154,0.09158165141536713,0.02125916355572265,0.06493506493506493,4
542,0.0009151921903599756,0.08977498756191153,9.309248198148465e-08,0.6666666666666666,2
543,0.0003050640634533252,0.04681431169581839,0.0,0.0,1
544,0.0006101281269066504,0.07998754804202313,0.0,1.0,2
545,0.0006101281269066504,0.06788179593734309,0.0,1.0,2
547,0.0006101281269066504,0.08216091412066016,4.978415795514033e-05,0.0,2
548,0.0009151921903599756,0.08607973105131944,0.0010863441573835308,0.0,2
549,0.002135448444173276,0.09192582781153254,0.0028229230898622285,0.19047619047619047,4
550,0.0009151921903599756,0.07863299427208072,0.00045596248661559593,0.0,2
551,0.0006101281269066504,0.062379286862773636,0.0,1.0,2
552,0.0006101281269066504,0.05999416434038394,8.64153942146338e-05,0.0,2
553,0.0003050640634533252,0.06028460347767125,0.0,0.0,1
554,0.0003050640634533252,0.0759136976401932,0.0,0.0,1
555,0.0003050640634533252,0.0712539929369354,0.0,0.0,1
556,0.0003050640634533252,0.0627048185039893,0.0,0.0,1
557,0.0015253203172666259,0.07799275523655676,0.0017724063829418827,0.0,2
558,0.0015253203172666259,0.05564393550065589,1.363459376109116e-06,0.6,3
559,0.0009151921903599756,0.09133129485395694,0.0016780162370862788,0.0,3
560,0.0006101281269066504,0.0006863941427699817,3.723699279259386e-07,0.0,1
561,0.0018303843807199512,0.07745910202553982,0.0003228257433232679,0.6,4
562,0.0006101281269066504,0.0013727882855399634,2.048034603592662e-06,0.0,1
563,0.0003050640634533252,0.08064210292120842,0.0,0.0,1
564,0.0006101281269066504,0.07138395748708355,9.309248198148465e-08,0.0,2
565,0.0012202562538133007,0.06586779958740364,0.0004438360137370611,0.0,3
566,0.0009151921903599756,0.06619565844583415,0.00043979808236153397,0.0,2
567,0.002745576571079927,0.07293859213097158,0.01048909829901707,0.08333333333333333,3
568,0.0006101281269066504,0.0006101281269066504,1.861849639629693e-07,0.0,1
569,0.0006101281269066504,0.0701447542103465,0.0,1.0,2
570,0.0003050640634533252,0.0003050640634533252,0.0,0.0,1
571,0.0003050640634533252,0.0003050640634533252,0.0,0.0,1
572,0.0009151921903599756,0.0009151921903599756,5.585548918889079e-07,0.0,1
573,0.0009151921903599756,0.07201065924822028,0.001277973273637736,0.0,2
574,0.0012202562538133007,0.0012202562538133007,6.516473738703926e-07,0.3333333333333333,2
575,0.0003050640634533252,0.06543984140166473,0.0,0.0,1
576,0.0003050640634533252,0.051289428248011616,0.0,0.0,1
577,0.0009151921903599756,0.08214120653751777,0.014983058237824889,0.0,2
578,0.0006101281269066504,0.056083637414823376,0.000394339753673569,0.0,1
579,0.0006101281269066504,0.07321930512185408,0.0,1.0,2
580,0.0003050640634533252,0.0003050640634533252,0.0,0.0,1
581,0.0003050640634533252,0.00040675208460443356,0.0,0.0,1
582,0.015558267236119585,0.09212986011700607,0.056535193213931384,0.009411764705882352,3
583,0.0003050640634533252,0.0003050640634533252,0.0,0.0,1
584,0.0009151921903599756,0.07433181898305005,7.57786847410229e-05,0.3333333333333333,3
585,0.0018303843807199512,0.08643278396136081,0.0003745890937576871,0.06666666666666667,4
586,0.0015253203172666259,0.08618263245373388,0.00040013393185943467,0.2,3
587,0.0006101281269066504,0.08085631073842431,0.0,1.0,2
588,0.0015253203172666259,0.07802829736369389,0.002362221730280173,0.2,2
589,0.0003050640634533252,0.0003050640634533252,0.0,0.0,1
590,0.0009151921903599756,0.08042430485084819,0.00033766235933694265,0.6666666666666666,3
591,0.0018303843807199512,0.05563037648619771,0.00026214842925984997,0.4666666666666667,3
593,0.0003050640634533252,0.00040675208460443356,0.0,0.0,1
594,0.0003050640634533252,0.07033926056381053,0.0,0.0,1
595,0.0012202562538133007,0.08740344309722092,0.00678619866276437,0.0,2
596,0.0003050640634533252,0.0003050640634533252,0.0,0.0,1
597,0.0003050640634533252,0.06365475906034881,0.0,0.0,1
598,0.0003050640634533252,0.051289428248011616,0.0,0.0,1
599,0.0003050640634533252,0.06237360594780047,0.0,0.0,1
600,0.0006101281269066504,0.04304392295571273,0.0027525585072285383,0.0,2
601,0.0003050640634533252,0.0003050640634533252,0.0,0.0,1
602,0.0009151921903599756,0.0013016066707341874,3.4133910059877704e-07,0.3333333333333333,2
603,0.0015253203172666259,0.07731482532142271,0.0008731730753625554,0.1,3
604,0.0006101281269066504,0.05868335019362721,0.000394339753673569,0.0,1
605,0.0003050640634533252,0.06506373249511453,0.0,0.0,1
606,0.0003050640634533252,0.0006101281269066504,0.0,0.0,1
607,0.0006101281269066504,0.08654199900301024,0.002151506437786343,0.0,2
608,0.0003050640634533252,0.00040675208460443356,0.0,0.0,1
609,0.0006101281269066504,0.06671797575469515,0.000394339753673569,0.0,1
610,0.0012202562538133007,0.07300467730211833,0.0002776732368940797,0.0,2
611,0.0006101281269066504,0.06544609461154545,0.0,1.0,2
612,0.0003050640634533252,0.00040675208460443356,0.0,0.0,1
613,0.0003050640634533252,0.04789966640625402,0.0,0.0,1
614,0.0003050640634533252,0.0003050640634533252,0.0,0.0,1
615,0.0006101281269066504,0.07896845152886234,0.0024376632303043846,0.0,2
616,0.004575960951799878,0.08975145853883149,0.0020399210987061757,0.22857142857142856,7
617,0.0003050640634533252,0.00040675208460443356,0.0,0.0,1
618,0.0009151921903599756,0.082170771458887,0.0015566133075752544,0.0,2
619,0.0003050640634533252,0.00040675208460443356,0.0,0.0,1
620,0.002745576571079927,0.07280678006907867,0.0020199155779803044,0.1111111111111111,3
621,0.0003050640634533252,0.0003050640634533252,0.0,0.0,1
622,0.004575960951799878,0.08667342193239978,0.00021372827897904773,0.4857142857142857,7
623,0.0006101281269066504,0.0006863941427699817,9.309248198148465e-08,0.0,2
624,0.004575960951799878,0.0772930120877805,0.006820419886462004,0.06666666666666667,3
625,0.0006101281269066504,0.0006101281269066504,1.861849639629693e-07,0.0,1
626,0.0003050640634533252,0.0003050640634533252,0.0,0.0,1
627,0.0012202562538133007,0.08800994347337741,0.00016388926594692961,0.0,4
628,0.0003050640634533252,0.0003050640634533252,0.0,0.0,1
629,0.0009151921903599756,0.05961037295877306,0.000788307137419212,0.3333333333333333,2
630,0.0009151921903599756,0.06173269458829358,0.000788307137419212,0.3333333333333333,2
631,0.0003050640634533252,0.06504210637320257,0.0,0.0,1
632,0.0006101281269066504,0.0006863941427699817,9.309248198148465e-08,0.0,2
633,0.0006101281269066504,0.08600406606515013,0.0,1.0,2
634,0.0009151921903599756,0.07538312477131948,8.641727464637114e-05,0.3333333333333333,2
635,0.0003050640634533252,0.00040675208460443356,0.0,0.0,1
636,0.0003050640634533252,0.0003050640634533252,0.0,0.0,1
637,0.004575960951799878,0.09469008435086727,0.02259809703340044,0.13333333333333333,3
638,0.0006101281269066504,0.07587585222509534,0.00026389752758214586,0.0,2
639,0.0006101281269066504,0.0006101281269066504,1.861849639629693e-07,0.0,1
640,0.0006101281269066504,0.0006101281269066504,1.861849639629693e-07,0.0,1
641,0.0015253203172666259,0.08283163573922998,0.010757409110427139,0.2,2
642,0.0006101281269066504,0.06894090091195562,5.8991190064423196e-05,0.0,2
643,0.0003050640634533252,0.0003050640634533252,0.0,0.0,1
644,0.0003050640634533252,0.07646459530086225,0.0,0.0,1
645,0.0003050640634533252,0.0003050640634533252,0.0,0.0,1
646,0.0003050640634533252,0.0003050640634533252,0.0,0.0,1
647,0.0003050640634533252,0.08064210292120842,0.0,0.0,1
648,0.002135448444173276,0.07696728438611261,0.003450547063994254,0.0,2
649,0.0018303843807199512,0.07778901472086128,0.00015232549276058605,0.3333333333333333,4
650,0.0009151921903599756,0.07744596371457263,0.0023619424528342286,0.0,1
651,0.0003050640634533252,0.06878166006626393,0.0,0.0,1
652,0.0003050640634533252,0.0005491153142159853,0.0,0.0,1
653,0.0006101281269066504,0.08064685076359412,0.0,1.0,2
654,0.0006101281269066504,0.07420698630584789,2.634092151327044e-05,0.0,2
655,0.0009151921903599756,0.0009151921903599756,9.309248198148465e-08,0.6666666666666666,2
656,0.0003050640634533252,0.04894193083534537,0.0,0.0,1
657,0.0003050640634533252,0.0003050640634533252,0.0,0.0,1
658,0.0003050640634533252,0.0003050640634533252,0.0,0.0,1
659,0.0003050640634533252,0.0007867441636427861,0.0,0.0,1
660,0.0009151921903599756,0.0009151921903599756,3.723699279259386e-07,0.3333333333333333,2
661,0.0036607687614399025,0.09208031461546426,0.002000564256681309,0.06060606060606061,4
662,0.0003050640634533252,0.0003050640634533252,0.0,0.0,1
663,0.0003050640634533252,0.000762660158633313,0.0,0.0,1
664,0.0012202562538133007,0.05349475748729384,0.0023619424528342286,0.16666666666666666,2
665,0.0003050640634533252,0.0003050640634533252,0.0,0.0,1
666,0.0006101281269066504,0.0015018538508471395,2.7927744594445394e-06,0.0,1
667,0.003355704697986577,0.003390904397615807,1.917705128818584e-05,0.05454545454545454,2
668,0.0006101281269066504,0.06287751940416095,0.0003943397536735691,0.0,1
669,0.0003050640634533252,0.061403387135540895,0.0,0.0,1
670,0.003355704697986577,0.07789075174682397,0.009173860008128362,0.07272727272727272,3
671,0.0003050640634533252,0.00040675208460443356,0.0,0.0,1
672,0.0009151921903599756,0.0694230784156731,0.0017864675478418413,0.0,2
673,0.0009151921903599756,0.05556944260525948,0.000788307137419212,0.3333333333333333,2
674,0.0003050640634533252,0.07450972368470661,0.0,0.0,1
675,0.0009151921903599756,0.07827352915540835,0.002414213567297332,0.0,2
676,0.0003050640634533252,0.08064210292120842,0.0,0.0,1
677,0.002135448444173276,0.08704243249791231,0.0017272717284158386,0.19047619047619047,3
678,0.0003050640634533252,0.05878913133989898,0.0,0.0,1
679,0.0003050640634533252,0.0005491153142159853,0.0,0.0,1
680,0.0009151921903599756,0.08781247260847785,2.7532272016282927e-06,0.6666666666666666,3
681,0.0006101281269066504,0.06573819456829899,0.000788307137419212,0.0,1
682,0.0012202562538133007,0.07962950588417894,0.002129236280799211,0.16666666666666666,3
683,0.0003050640634533252,0.07470477531738907,0.0,0.0,1
684,0.0003050640634533252,0.06047890680469982,0.0,0.0,1
685,0.0003050640634533252,0.0003050640634533252,0.0,0.0,1
686,0.0006101281269066504,0.07722764617577077,2.7420907748101753e-06,0.0,2
687,0.0006101281269066504,0.0006863941427699817,0.0,1.0,2
688,0.0006101281269066504,0.0006863941427699817,0.0,1.0,2
689,0.0006101281269066504,0.06343073675478797,0.00039783795631231504,0.0,2
690,0.0015253203172666259,0.06486039870352035,0.004258265175046101,0.0,2
691,0.0024405125076266015,0.0896985633042791,0.0010740969455829974,0.17857142857142858,5
692,0.0003050640634533252,0.053801522396686806,0.0,0.0,1
693,0.0003050640634533252,0.07219283020025541,0.0,0.0,1
694,0.0003050640634533252,0.00040675208460443356,0.0,0.0,1
695,0.0015253203172666259,0.07831828245967103,0.0019794077137770113,0.0,2
696,0.0012202562538133007,0.0015018538508471395,2.420404531518601e-06,0.16666666666666666,2
697,0.0006101281269066504,0.0006863941427699817,3.723699279259386e-07,0.0,1
698,0.0006101281269066504,0.07209783463443582,0.0006610741184981134,0.0,2
699,0.0003050640634533252,0.0003050640634533252,0.0,0.0,1
700,0.0003050640634533252,0.05678814146261126,0.0,0.0,1
701,0.0003050640634533252,0.0003050640634533252,0.0,0.0,1
702,0.0003050640634533252,0.05459928093987748,0.0,0.0,1
703,0.0009151921903599756,0.08045737211275454,2.0998111078133972e-06,0.6666666666666666,3
704,0.0003050640634533252,0.0010856691669956574,0.0,0.0,1
705,0.0009151921903599756,0.08029701390583541,0.0014074975365893662,0.3333333333333333,2
706,0.0006101281269066504,0.07363653156755436,0.000788307137419212,0.0,1
707,0.0003050640634533252,0.06961005997660566,0.0,0.0,1
708,0.0003050640634533252,0.05544797442598957,0.0,0.0,1
709,0.002745576571079927,0.07403452384713254,0.005310764583174691,0.05555555555555555,3
710,0.0006101281269066504,0.0011484764741772242,2.978959423407509e-06,0.0,1
711,0.0009151921903599756,0.06248742120430848,0.0011819952437189106,0.0,2
712,0.0003050640634533252,0.0003050640634533252,0.0,0.0,1
713,0.0015253203172666259,0.0760908099222112,0.0020293385301280924,0.4,3
714,0.0003050640634533252,0.04633136344392512,0.0,0.0,1
715,0.002135448444173276,0.0871753809087791,0.0005557690500045569,0.23809523809523808,4
716,0.0009151921903599756,0.07392265300699656,0.0014456214063354386,0.0,2
717,0.0015253203172666259,0.06081724282820433,0.0011774026812744905,0.1,3
718,0.0003050640634533252,0.0003050640634533252,0.0,0.0,1
719,0.0009151921903599756,0.08408758503496908,8.830729321051901e-05,0.3333333333333333,3
720,0.0003050640634533252,0.0004575960951799878,0.0,0.0,1
721,0.0009151921903599756,0.08200351773345584,0.0006500996924914598,0.0,2
722,0.0006101281269066504,0.06911134007162695,0.0005736715185180539,0.0,2
723,0.0009151921903599756,0.06269620835864365,0.001181902151236929,0.3333333333333333,2
724,0.0003050640634533252,0.06976250370357251,0.0,0.0,1
725,0.0006101281269066504,0.06960652270032248,3.103082732716156e-07,0.0,2
726,0.0006101281269066504,0.04357937007570776,0.000788307137419212,0.0,1
727,0.0003050640634533252,0.06305407660742249,0.0,0.0,1
728,0.0003050640634533252,0.07064033624978837,0.0,0.0,1
729,0.0003050640634533252,0.07924713683654303,0.0,0.0,1
730,0.0009151921903599756,0.0009151921903599756,3.723699279259386e-07,0.3333333333333333,2
731,0.0003050640634533252,0.0003050640634533252,0.0,0.0,1
732,0.0003050640634533252,0.0003050640634533252,0.0,0.0,1
733,0.0003050640634533252,0.060634179992901875,0.0,0.0,1
734,0.0009151921903599756,0.04505136524320494,3.19617521469764e-06,0.6666666666666666,2
735,0.0003050640634533252,0.0003050640634533252,0.0,0.0,1
736,0.0003050640634533252,0.0693492689459116,0.0,0.0,1
737,0.0006101281269066504,0.07304360690127693,0.0015751247951267203,0.0,2
738,0.0003050640634533252,0.001331188640523601,0.0,0.0,1
739,0.0003050640634533252,0.0003050640634533252,0.0,0.0,1
740,0.0009151921903599756,0.0012202562538133007,6.20616546543231e-08,0.6666666666666666,2
741,0.0006101281269066504,0.001271100264388855,1.241233093086462e-07,0.0,2
742,0.0009151921903599756,0.0012202562538133007,3.723699279259386e-07,0.3333333333333333,2
743,0.0003050640634533252,0.04559268939620711,0.0,0.0,1
744,0.0018303843807199512,0.08947591352927338,0.006662819745786682,0.0,2
745,0.0003050640634533252,0.07269087031520093,0.0,0.0,1
746,0.0009151921903599756,0.08555819863957816,0.007569087839022162,0.0,2
747,0.0012202562538133007,0.05477832361111918,0.0031455949661543664,0.16666666666666666,2
748,0.0003050640634533252,0.07592211285997373,0.0,0.0,1
749,0.0012202562538133007,0.06238496881266322,0.0003944328461555505,0.3333333333333333,2
750,0.0003050640634533252,0.0003050640634533252,0.0,0.0,1
751,0.0006101281269066504,0.07909156188115053,0.0005148998902180507,0.0,2
752,0.0003050640634533252,0.00040675208460443356,0.0,0.0,1
753,0.0003050640634533252,0.0003050640634533252,0.0,0.0,1
754,0.0003050640634533252,0.05696763402868148,0.0,0.0,1
755,0.008541793776693105,0.09446153784012457,0.016575531860072937,0.005291005291005291,5
756,0.0003050640634533252,0.000762660158633313,0.0,0.0,1
757,0.0006101281269066504,0.0006863941427699817,3.723699279259386e-07,0.0,1
758,0.0003050640634533252,0.0006101281269066504,0.0,0.0,1
759,0.0003050640634533252,0.0003050640634533252,0.0,0.0,1
760,0.0006101281269066504,0.0022606029317438717,0.0,1.0,2
761,0.0003050640634533252,0.05458840155500124,0.0,0.0,1
762,0.0003050640634533252,0.00040675208460443356,0.0,0.0,1
763,0.0003050640634533252,0.0003050640634533252,0.0,0.0,1
764,0.0003050640634533252,0.060247482416416524,0.0,0.0,1
765,0.0003050640634533252,0.053082222833545675,0.0,0.0,1
766,0.0003050640634533252,0.0003050640634533252,0.0,0.0,1
767,0.0009151921903599756,0.0010895145123333044,2.7927744594445396e-07,0.3333333333333333,2
768,0.0012202562538133007,0.08757107532410473,9.973511578960954e-05,0.16666666666666666,3
769,0.0006101281269066504,0.0009965426072808623,4.6546240990742326e-07,0.0,2
770,0.0009151921903599756,0.08465925588502139,0.00012608989226666953,0.0,3
771,0.0009151921903599756,0.0727719683482785,3.4627172598423e-05,0.0,2
772,0.0012202562538133007,0.060661031850655245,0.001969278363836326,0.0,1
773,0.0015253203172666259,0.08159806756535688,0.00019833244653792584,0.5,4
774,0.0006101281269066504,0.05976642786420202,1.861849639629693e-07,0.0,2
775,0.0006101281269066504,0.08600946629534385,0.000394339753673569,0.0,1
776,0.0006101281269066504,0.06341018240068727,4.325773024035116e-05,0.0,2
777,0.002135448444173276,0.07817525169613321,0.005720069820143426,0.047619047619047616,2
778,0.0009151921903599756,0.07216240439467106,0.0028159028900676952,0.0,2
779,0.0006101281269066504,0.058956131540830084,0.000394339753673569,0.0,1
780,0.0003050640634533252,0.07221185936104414,0.0,0.0,1
781,0.0009151921903599756,0.06222626449005797,0.00010591805398772344,0.0,2
782,0.0003050640634533252,0.0006972892878933147,0.0,0.0,1
783,0.0018303843807199512,0.07790404141612046,0.0045509410811217415,0.4,3
784,0.0006101281269066504,0.07486400831937728,0.000394339753673569,0.0,1
785,0.0003050640634533252,0.0003050640634533252,0.0,0.0,1
786,0.0003050640634533252,0.0003050640634533252,0.0,0.0,1
787,0.0003050640634533252,0.0003050640634533252,0.0,0.0,1
788,0.0003050640634533252,0.0003050640634533252,0.0,0.0,1
789,0.0003050640634533252,0.00040675208460443356,0.0,0.0,1
790,0.0012202562538133007,0.08570809411961246,0.003138628547063001,0.3333333333333333,3
791,0.0003050640634533252,0.04589054106401039,0.0,0.0,1
792,0.0009151921903599756,0.06450608713066382,0.000788307137419212,0.3333333333333333,2
793,0.0006101281269066504,0.0006863941427699817,0.0,1.0,2
794,0.0009151921903599756,0.07796611988272788,0.00025510592801959183,0.6666666666666666,2
795,0.0003050640634533252,0.0005491153142159853,0.0,0.0,1
796,0.0018303843807199512,0.09272231504905208,0.0030420651268366766,0.0,4
797,0.0003050640634533252,0.053992383138338436,0.0,0.0,1
798,0.0003050640634533252,0.06925460135596573,0.0,0.0,1
799,0.0006101281269066504,0.08600946629534385,0.000394339753673569,0.0,1
800,0.0006101281269066504,0.06611578145668724,0.000394339753673569,0.0,1
801,0.0003050640634533252,0.00040675208460443356,0.0,0.0,1
802,0.0006101281269066504,0.05606068430136884,0.000394339753673569,0.0,1
803,0.0009151921903599756,0.050523264983020295,0.0023619424528342286,0.0,1
804,0.0003050640634533252,0.0003050640634533252,0.0,0.0,1
805,0.0006101281269066504,0.07490085084315651,0.000788307137419212,0.0,1
806,0.0003050640634533252,0.0005866616604871639,0.0,0.0,1
807,0.0018303843807199512,0.08688783762890238,5.049785112542546e-05,0.3333333333333333,5
808,0.0015253203172666259,0.09052251917919946,0.0006795451456995784,0.5,3
809,0.0003050640634533252,0.08022177219441559,0.0,0.0,1
810,0.0003050640634533252,0.0003050640634533252,0.0,0.0,1
811,0.0003050640634533252,0.06173825935095534,0.0,0.0,1
812,0.0012202562538133007,0.07197660449895676,0.0010186538944155863,0.0,2
813,0.0012202562538133007,0.06936331578993549,0.00012304970388139286,0.5,2
814,0.0003050640634533252,0.051185933269296595,0.0,0.0,1
815,0.0003050640634533252,0.0693492689459116,0.0,0.0,1
816,0.0006101281269066504,0.07711026571828676,0.0001273029112948032,0.0,2
817,0.0003050640634533252,0.0003050640634533252,0.0,0.0,1
818,0.0003050640634533252,0.07218522134378405,0.0,0.0,1
819,0.002135448444173276,0.08434647538298314,0.003730176981963192,0.0,3
820,0.0003050640634533252,0.0009151921903599756,0.0,0.0,1
821,0.0003050640634533252,0.0003050640634533252,0.0,0.0,1
822,0.0012202562538133007,0.0808467662291003,0.0009352543109739007,0.16666666666666666,3
823,0.0003050640634533252,0.0003050640634533252,0.0,0.0,1
824,0.0003050640634533252,0.06957823742671033,0.0,0.0,1
825,0.0018303843807199512,0.07354559786414208,0.004585807867097765,0.13333333333333333,2
826,0.0003050640634533252,0.06631744179228498,0.0,0.0,1
827,0.0006101281269066504,0.07746348245318363,0.0,1.0,2
828,0.0006101281269066504,0.06963129118643993,0.0,1.0,2
829,0.0009151921903599756,0.001476510067114094,1.4894797117037544e-06,0.3333333333333333,2
830,0.0003050640634533252,0.054386832375909085,0.0,0.0,1
831,0.0006101281269066504,0.0006101281269066504,1.861849639629693e-07,0.0,1
832,0.0006101281269066504,0.0009965426072808623,0.0,1.0,2
833,0.0003050640634533252,0.054386832375909085,0.0,0.0,1
835,0.002135448444173276,0.08630208922754828,0.004717545823485406,0.2857142857142857,4
836,0.0003050640634533252,0.06248742120430848,0.0,0.0,1
837,0.0006101281269066504,0.04213172859927554,0.000394339753673569,0.0,1
839,0.0009151921903599756,0.08150581698319923,3.7686917160475033e-05,0.6666666666666666,3
840,0.0009151921903599756,0.05607445391434609,3.7236992792593864e-08,0.6666666666666666,3
841,0.0003050640634533252,0.0003050640634533252,0.0,0.0,1
842,0.0003050640634533252,0.0003050640634533252,0.0,0.0,1
843,0.0018303843807199512,0.06985500332600572,0.0019131113151958413,0.13333333333333333,3
844,0.0003050640634533252,0.0003050640634533252,0.0,0.0,1
846,0.0003050640634533252,0.07325454624416526,0.0,0.0,1
847,0.003355704697986577,0.09384672240474419,0.0016093385525815073,0.05454545454545454,4
849,0.0003050640634533252,0.0003050640634533252,0.0,0.0,1
850,0.0015253203172666259,0.08268164183133013,0.000677016745373459,0.1,3
851,0.0006101281269066504,0.07669578724634077,0.0006740353980243782,0.0,2
852,0.0003050640634533252,0.0003050640634533252,0.0,0.0,1
853,0.0003050640634533252,0.059388110133086765,0.0,0.0,1
854,0.0009151921903599756,0.06626931592741395,0.000788493322383175,0.0,1
855,0.0003050640634533252,0.0003050640634533252,0.0,0.0,1
856,0.0006101281269066504,0.07095134985080526,0.004707500628839716,0.0,2
857,0.0009151921903599756,0.0010895145123333044,0.0,1.0,3
858,0.0003050640634533252,0.0003050640634533252,0.0,0.0,1
859,0.0006101281269066504,0.07234152417320551,0.000394339753673569,0.0,1
860,0.0015253203172666259,0.07191614218615247,0.0003977584642499558,0.4,3
861,0.0009151921903599756,0.0009762050030506406,9.309248198148465e-07,0.0,1
862,0.0003050640634533252,0.0003050640634533252,0.0,0.0,1
863,0.0006101281269066504,0.05629569127978161,0.000394339753673569,0.0,1
864,0.0012202562538133007,0.06937034134607749,0.00046230241346934355,0.16666666666666666,3
865,0.002745576571079927,0.07302803008048442,0.0025976336266070117,0.1388888888888889,3
866,0.0003050640634533252,0.0003050640634533252,0.0,0.0,1
867,0.0003050640634533252,0.0009198854836438731,0.0,0.0,1
868,0.0003050640634533252,0.0003050640634533252,0.0,0.0,1
869,0.0009151921903599756,0.0015018538508471395,5.585548918889079e-07,0.6666666666666666,2
870,0.0003050640634533252,0.0003050640634533252,0.0,0.0,1
871,0.0003050640634533252,0.04606647924061363,0.0,0.0,1
872,0.0003050640634533252,0.0782064950168225,0.0,0.0,1
873,0.0009151921903599756,0.0009151921903599756,5.585548918889079e-07,0.0,1
874,0.0006101281269066504,0.06671797575469515,0.000394339753673569,0.0,1
875,0.0018303843807199512,0.09128868778538128,0.0010679942619720693,0.13333333333333333,3
876,0.0012202562538133007,0.07738471048074382,0.0003228257433232679,0.0,4
877,0.002135448444173276,0.06274215647763129,0.0006142016344260944,0.19047619047619047,3
878,0.0006101281269066504,0.08123994782157916,5.890646413242857e-05,0.0,2
879,0.0006101281269066504,0.08066109764572173,0.000788307137419212,0.0,1
880,0.0006101281269066504,0.08551012923526102,0.0002295836669500749,0.0,2
881,0.0015253203172666259,0.07214340128612451,0.0001082160665422285,0.1,3
882,0.0006101281269066504,0.09134956720371099,0.0,1.0,2
883,0.0003050640634533252,0.0003050640634533252,0.0,0.0,1
884,0.0009151921903599756,0.07207886551355747,0.0003810809512373408,0.0,2
885,0.0003050640634533252,0.06052968449932153,0.0,0.0,1
886,0.0030506406345332518,0.08317364504339342,0.0034003330957264252,0.1111111111111111,3
887,0.005491153142159854,0.09731363741259208,0.00754990663613642,0.0915032679738562,6
888,0.0003050640634533252,0.00040675208460443356,0.0,0.0,1
889,0.0009151921903599756,0.06992275447777672,1.3527281641439345e-05,0.3333333333333333,2
890,0.0003050640634533252,0.0003050640634533252,0.0,0.0,1
891,0.0009151921903599756,0.0009151921903599756,5.585548918889079e-07,0.0,1
893,0.0003050640634533252,0.0003050640634533252,0.0,0.0,1
894,0.0006101281269066504,0.08383540976924207,5.585548918889079e-07,0.0,2
895,0.0018303843807199512,0.0825968861685749,1.53221539784182e-06,0.4666666666666667,5
896,0.0003050640634533252,0.0003050640634533252,0.0,0.0,1
897,0.0003050640634533252,0.0003050640634533252,0.0,0.0,1
898,0.0003050640634533252,0.0003050640634533252,0.0,0.0,1
899,0.0003050640634533252,0.0003050640634533252,0.0,0.0,1
900,0.0003050640634533252,0.06075789577377007,0.0,0.0,1
901,0.0009151921903599756,0.0013005362705115443,6.516473738703926e-07,0.6666666666666666,2
902,0.0009151921903599756,0.0009151921903599756,0.0,1.0,3
903,0.0006101281269066504,0.0006101281269066504,1.861849639629693e-07,0.0,1
904,0.0015253203172666259,0.0654054700959579,4.110484792564779e-05,0.2,3
905,0.0003050640634533252,0.07249466844242637,0.0,0.0,1
906,0.0015253203172666259,0.07752486050255511,0.0015762419049104982,0.0,1
907,0.0003050640634533252,0.00040675208460443356,0.0,0.0,1
908,0.0009151921903599756,0.05558522745686995,0.000394339753673569,0.3333333333333333,2
909,0.0003050640634533252,0.0003050640634533252,0.0,0.0,1
911,0.0006101281269066504,0.0712614067328918,0.000394339753673569,0.0,1
912,0.0030506406345332518,0.08625318054402407,0.0003483736766868643,0.5333333333333333,7
914,0.0006101281269066504,0.0570055666161574,0.000394339753673569,0.0,1
915,0.0009151921903599756,0.06905559388080491,0.0005061453098816288,0.0,2
916,0.0006101281269066504,0.0006863941427699817,0.0,1.0,2
917,0.0009151921903599756,0.0013016066707341874,7.447398558518772e-07,0.0,2
918,0.0006101281269066504,0.06707079078586134,0.0,1.0,2
919,0.0003050640634533252,0.0003050640634533252,0.0,0.0,1
920,0.0012202562538133007,0.07188594910625275,0.0005909510756184645,0.0,2
921,0.0009151921903599756,0.08474829921547028,0.0008591204261067495,0.0,2
922,0.0009151921903599756,0.08086108383823178,0.0002560965526264768,0.0,2
923,0.0024405125076266015,0.08703690178038163,0.008680519600941202,0.10714285714285714,3
924,0.0012202562538133007,0.07073517997519474,6.764244633032788e-05,0.3333333333333333,3
925,0.0003050640634533252,0.0003050640634533252,0.0,0.0,1
926,0.0006101281269066504,0.0009983914803927006,0.0,1.0,2
927,0.0006101281269066504,0.07548282141509044,0.0,1.0,2
928,0.0009151921903599756,0.08142345361823967,0.0005497473181785919,0.0,3
929,0.0006101281269066504,0.07053848088056265,5.118564520784182e-05,0.0,2
930,0.002135448444173276,0.09490658631051384,0.0004572200063522122,0.19047619047619047,4
931,0.002135448444173276,0.08344217593930593,0.0007085615925164691,0.09523809523809523,5
932,0.0003050640634533252,0.05403071790074338,0.0,0.0,1
933,0.0006101281269066504,0.0006101281269066504,1.861849639629693e-07,0.0,1
934,0.0012202562538133007,0.0013727882855399634,4.6546240990742326e-07,0.5,2
935,0.0009151921903599756,0.07611617916312771,0.000788493322383175,0.0,1
936,0.0012202562538133007,0.0770798919711691,0.001312379236949631,0.0,2
937,0.0009151921903599756,0.08257199109166594,0.0002647089123092209,0.0,2
938,0.0006101281269066504,0.04833574791699235,0.0008377849921619203,0.0,2
939,0.0003050640634533252,0.0003050640634533252,0.0,0.0,1
940,0.0006101281269066504,0.05719837816183591,2.65978519947099e-08,0.0,2
941,0.0018303843807199512,0.08688783762890238,5.049785112542546e-05,0.3333333333333333,5
942,0.0012202562538133007,0.06480823051758357,0.00551534523125611,0.0,2
943,0.0006101281269066504,0.0006863941427699817,9.309248198148465e-08,0.0,2
944,0.0003050640634533252,0.0007867441636427861,0.0,0.0,1
945,0.0003050640634533252,0.0003050640634533252,0.0,0.0,1
946,0.0012202562538133007,0.07376739513272908,0.0011389261229133806,0.16666666666666666,2
947,0.0003050640634533252,0.0003050640634533252,0.0,0.0,1
948,0.0003050640634533252,0.0003050640634533252,0.0,0.0,1
949,0.0003050640634533252,0.06303956740851609,0.0,0.0,1
950,0.0003050640634533252,0.06624367734885608,0.0,0.0,1
951,0.0009151921903599756,0.0009151921903599756,5.585548918889079e-07,0.0,1
952,0.0003050640634533252,0.0003050640634533252,0.0,0.0,1
953,0.0009151921903599756,0.06349542299261328,0.000394339753673569,0.3333333333333333,2
954,0.0006101281269066504,0.05821448194728628,0.0015751247951267203,0.0,1
955,0.0003050640634533252,0.05036351056032231,0.0,0.0,1
956,0.0006101281269066504,0.04923571259910305,0.0,1.0,2
957,0.0003050640634533252,0.0008236729713239781,0.0,0.0,1
958,0.0012202562538133007,0.0016270083384177343,1.4894797117037544e-06,0.16666666666666666,2
959,0.0006101281269066504,0.0008135041692088671,0.0,1.0,2
960,0.0006101281269066504,0.054760804358345176,0.0,1.0,2
961,0.0003050640634533252,0.0003050640634533252,0.0,0.0,1
962,0.003355704697986577,0.08724200752943417,0.0009640069413440536,0.09090909090909091,5
963,0.0003050640634533252,0.0003050640634533252,0.0,0.0,1
964,0.0006101281269066504,0.05973254666926767,0.000394339753673569,0.0,1
965,0.003355704697986577,0.08956952594125718,0.001392297237559095,0.14545454545454545,5
966,0.0009151921903599756,0.0779572454737719,0.00019672303292327334,0.0,2
967,0.0003050640634533252,0.00040675208460443356,0.0,0.0,1
968,0.00823672971323978,0.10278282886018206,0.027773481069891134,0.06837606837606838,6
969,0.0006101281269066504,0.06943715517917809,0.000394339753673569,0.0,1
970,0.0003050640634533252,0.0006972892878933147,0.0,0.0,1
971,0.0003050640634533252,0.044977401419131376,0.0,0.0,1
972,0.0003050640634533252,0.07755558601628616,0.0,0.0,1
973,0.0003050640634533252,0.0003050640634533252,0.0,0.0,1
974,0.0006101281269066504,0.07106914808652309,3.313616821187009e-05,0.0,2
975,0.0006101281269066504,0.0736088322972565,0.000394339753673569,0.0,1
976,0.0006101281269066504,0.060535034480274266,0.000394339753673569,0.0,1
977,0.0003050640634533252,0.0003050640634533252,0.0,0.0,1
978,0.0006101281269066504,0.08605269256311385,0.0019679750690885854,0.0,1
979,0.0003050640634533252,0.05867832249056058,0.0,0.0,1
980,0.0006101281269066504,0.0006101281269066504,1.861849639629693e-07,0.0,1
981,0.0003050640634533252,0.0696029857835186,0.0,0.0,1
982,0.0012202562538133007,0.08982208263735386,0.00029637429623071744,0.3333333333333333,3
983,0.0003050640634533252,0.0003050640634533252,0.0,0.0,1
984,0.0006101281269066504,0.0006863941427699817,3.723699279259386e-07,0.0,1
985,0.0009151921903599756,0.07907786400067233,1.861849639629693e-07,0.6666666666666666,3
986,0.0006101281269066504,0.067133246433035,0.000394339753673569,0.0,1
987,0.0003050640634533252,0.0003050640634533252,0.0,0.0,1
988,0.0003050640634533252,0.05867832249056058,0.0,0.0,1
989,0.0006101281269066504,0.06447572418073175,0.0,1.0,2
990,0.0009151921903599756,0.04687198057143602,0.001182274521164855,0.0,1
991,0.0006101281269066504,0.06705765703332091,9.309248198148465e-08,0.0,2
992,0.0009151921903599756,0.06172991258312962,0.000788493322383175,0.0,1
993,0.0018303843807199512,0.0886249197864678,0.0018923609795448314,0.4666666666666667,4
994,0.0006101281269066504,0.07963413523746563,0.0,1.0,2
995,0.0003050640634533252,0.0003050640634533252,0.0,0.0,1
996,0.0003050640634533252,0.0005491153142159853,0.0,0.0,1
997,0.0012202562538133007,0.060828045660093526,0.0004385922449043307,0.5,3
998,0.0015253203172666259,0.062200833721716746,0.008601124718542637,0.0,2
999,0.0009151921903599756,0.05363929828169504,0.0007867487450909767,0.0,2
1000,0.0015253203172666259,0.07675165351149472,0.0019585536708878254,0.2,3
1001,0.0009151921903599756,0.04037215244244293,0.0023604529731225247,0.3333333333333333,2
1002,0.0015253203172666259,0.08193484628661599,0.0009809392273833425,0.3,3
1003,0.0003050640634533252,0.00040675208460443356,0.0,0.0,1
1004,0.0024405125076266015,0.08085153820208041,0.0037437622872994896,0.14285714285714285,3
1005,0.0003050640634533252,0.0003050640634533252,0.0,0.0,1
1006,0.0006101281269066504,0.05045812650457311,0.0,1.0,2
1007,0.0006101281269066504,0.0015018538508471395,2.7927744594445394e-06,0.0,1
1008,0.0003050640634533252,0.07891840526701885,0.0,0.0,1
1009,0.0015253203172666259,0.09958464269135923,0.004503584133813259,0.1,4
1010,0.0006101281269066504,0.07689815080108046,0.000394339753673569,0.0,1
1011,0.0018303843807199512,0.07770517133081724,0.0016036157908714604,0.0,2
1012,0.0036607687614399025,0.08757667413973827,0.0001842039879866909,0.22727272727272727,5
1013,0.0030506406345332518,0.09328430674337007,0.002618414381337371,0.2222222222222222,7
1015,0.0015253203172666259,0.08705349604192222,0.0012687733882738386,0.1,3
1016,0.0009151921903599756,0.0013589217372011759,2.3273120495371164e-06,0.0,2
1017,0.0003050640634533252,0.053469699438662116,0.0,0.0,1
1018,0.0009151921903599756,0.001464307504575961,0.0,1.0,3
1019,0.0012202562538133007,0.09188882808208534,0.00044339021089502355,0.3333333333333333,2
1020,0.0006101281269066504,0.08976910414965897,0.0,1.0,2
1021,0.0012202562538133007,0.05227196184772548,0.0035301289783925523,0.16666666666666666,2
1022,0.0009151921903599756,0.04923748239466737,9.309248198148465e-08,0.6666666666666666,2
1023,0.0006101281269066504,0.07392664257216505,0.0019679750690885854,0.0,2
1024,0.0003050640634533252,0.0005491153142159853,0.0,0.0,1
1025,0.0006101281269066504,0.0772930120877805,1.5456307325814752e-06,0.0,2
1026,0.0012202562538133007,0.0494186723508062,0.001182274521164855,0.16666666666666666,2
1027,0.0012202562538133007,0.089004987668593,0.012412671849833747,0.0,2
1028,0.0009151921903599756,0.06032177031088806,2.2652503948827925e-06,0.0,2
1029,0.0003050640634533252,0.0003050640634533252,0.0,0.0,1
1030,0.0018303843807199512,0.07028512290110556,0.010146032386358451,0.2,3
1031,0.0009151921903599756,0.07273332768117911,0.0008928240149359073,0.0,2
1032,0.0009151921903599756,0.001464307504575961,0.0,1.0,3
1033,0.002745576571079927,0.07161160394289243,0.004716256279290453,0.05555555555555555,2
1034,0.004881025015253203,0.09037321107208855,0.0012449513186172777,0.31666666666666665,6
1035,0.0018303843807199512,0.05565976270701529,0.0007888501768974375,0.2,3
1036,0.0009151921903599756,0.0013945785757866294,1.4894797117037544e-06,0.0,2
1037,0.0003050640634533252,0.0003050640634533252,0.0,0.0,1
1038,0.0003050640634533252,0.05116872470002414,0.0,0.0,1
1039,0.0009151921903599756,0.07550362475028366,3.593060932707785e-05,0.6666666666666666,3
1040,0.0003050640634533252,0.0011656179140903172,0.0,0.0,1
1041,0.0009151921903599756,0.06959591302812958,0.000394339753673569,0.3333333333333333,2
1042,0.0003050640634533252,0.05567107336800025,0.0,0.0,1
1043,0.0012202562538133007,0.07512266974989833,0.001987386886207954,0.3333333333333333,3
1044,0.0018303843807199512,0.07079367203574584,0.001167276422354273,0.26666666666666666,3
1045,0.0009151921903599756,0.0009762050030506406,0.0,1.0,3
1046,0.0009151921903599756,0.07316846109821303,0.000650387595916424,0.3333333333333333,2
1047,0.0003050640634533252,0.00040675208460443356,0.0,0.0,1
1048,0.0003050640634533252,0.07059664795236026,0.0,0.0,1
1049,0.0006101281269066504,0.06935980354547806,0.0,1.0,2
1050,0.0003050640634533252,0.06762709258057992,0.0,0.0,1
1051,0.0003050640634533252,0.051249130508068175,0.0,0.0,1
1052,0.0015253203172666259,0.07773603996479463,0.0014189172259494595,0.2,2
1053,0.0003050640634533252,0.0003050640634533252,0.0,0.0,1
1054,0.0009151921903599756,0.08177343204702084,0.00011271609724957724,0.0,3
1055,0.0003050640634533252,0.0003050640634533252,0.0,0.0,1
1056,0.0003050640634533252,0.0003050640634533252,0.0,0.0,1
1057,0.0003050640634533252,0.00040675208460443356,0.0,0.0,1
1058,0.0003050640634533252,0.07181810728357606,0.0,0.0,1
1059,0.0006101281269066504,0.0008135041692088671,5.585548918889079e-07,0.0,1
1060,0.0003050640634533252,0.0005491153142159853,0.0,0.0,1
1062,0.0006101281269066504,0.05578216159878018,0.0013292525481870543,0.0,2
1063,0.0006101281269066504,0.001084672225611823,0.0,1.0,2
1064,0.0012202562538133007,0.08649827988252376,0.00012321235718192397,0.5,3
1065,0.0003050640634533252,0.0003050640634533252,0.0,0.0,1
1066,0.0015253203172666259,0.002033760423022168,1.1853776038975713e-06,0.6,3
1067,0.0003050640634533252,0.0011656179140903172,0.0,0.0,1
1068,0.0003050640634533252,0.07536238777616891,0.0,0.0,1
1069,0.0006101281269066504,0.0006101281269066504,1.861849639629693e-07,0.0,1
1070,0.0012202562538133007,0.09263452764047111,0.0019423919549745614,0.0,2
1071,0.0012202562538133007,0.08721423406466614,5.855710276289262e-05,0.5,3
1072,0.0009151921903599756,0.06705765703332091,0.000788493322383175,0.0,1
1073,0.0006101281269066504,0.0006101281269066504,1.861849639629693e-07,0.0,1
1074,0.0003050640634533252,0.0003050640634533252,0.0,0.0,1
1075,0.0003050640634533252,0.05801722830239924,0.0,0.0,1
1076,0.0006101281269066504,0.05439331136956066,4.710036290729878e-06,0.0,2
1077,0.0003050640634533252,0.07408657905888075,0.0,0.0,1
1078,0.0012202562538133007,0.07596000444849144,0.00418738248367416,0.3333333333333333,2
1079,0.0009151921903599756,0.002204087858450275,3.4444218333149323e-06,0.0,2
1080,0.0015253203172666259,0.07351007621657434,0.0011788300993315402,0.2,2
1081,0.0003050640634533252,0.0003050640634533252,0.0,0.0,1
1082,0.0009151921903599756,0.0016049022468631457,4.654624099074233e-06,0.0,2
1083,0.0012202562538133007,0.04990661129521063,0.000788493322383175,0.16666666666666666,2
1084,0.0006101281269066504,0.05404137610840124,0.0,1.0,2
1085,0.0006101281269066504,0.06257019734239203,0.0,1.0,2
1086,0.0003050640634533252,0.0003050640634533252,0.0,0.0,1
1087,0.0015253203172666259,0.09147156996458405,0.005742241134328426,0.0,2
1088,0.0009151921903599756,0.05716257397736703,0.000394339753673569,0.3333333333333333,2
1089,0.0003050640634533252,0.06596295676681335,0.0,0.0,1
1090,0.0003050640634533252,0.00040675208460443356,0.0,0.0,1
1091,0.0009151921903599756,0.07793063436420586,0.0003268867158448491,0.3333333333333333,3
1092,0.0009151921903599756,0.0009762050030506406,5.585548918889079e-07,0.3333333333333333,2
1093,0.0015253203172666259,0.050476720353010505,0.0005908579831364831,0.5,3
1094,0.0012202562538133007,0.08636738715130178,0.003477802843330009,0.16666666666666666,3
1095,0.0003050640634533252,0.0003050640634533252,0.0,0.0,1
1096,0.0009151921903599756,0.08889524045815084,7.726603397302776e-05,0.0,3
1097,0.005796217205613179,0.10105398452376585,0.044242821432026166,0.05847953216374269,4
1098,0.0003050640634533252,0.0009151921903599756,0.0,0.0,1
1099,0.0006101281269066504,0.002150329618000268,0.0,1.0,2
1100,0.0003050640634533252,0.0003050640634533252,0.0,0.0,1
1101,0.0003050640634533252,0.053992383138338436,0.0,0.0,1
1102,0.0006101281269066504,0.06551182554018108,0.000394339753673569,0.0,1
1103,0.0009151921903599756,0.07301635182407495,8.621372984268177e-05,0.0,2
1104,0.0003050640634533252,0.0003050640634533252,0.0,0.0,1
1105,0.0006101281269066504,0.08327983707561078,0.0,1.0,2
1106,0.0006101281269066504,0.0006101281269066504,1.861849639629693e-07,0.0,1
1107,0.0006101281269066504,0.0647286060022515,0.00039433975367356914,0.0,1
1108,0.0003050640634533252,0.0005491153142159853,0.0,0.0,1
1109,0.0006101281269066504,0.0008135041692088671,0.0,1.0,2
1110,0.0003050640634533252,0.0003050640634533252,0.0,0.0,1
1111,0.0006101281269066504,0.06290061809338504,0.0017771362204325382,0.0,2
1112,0.004575960951799878,0.09438343279953462,0.007189495791061122,0.01904761904761905,4
1113,0.0003050640634533252,0.0003050640634533252,0.0,0.0,1
1114,0.0003050640634533252,0.0003050640634533252,0.0,0.0,1
1115,0.0012202562538133007,0.08019359289383796,0.0004422896975099293,0.3333333333333333,2
1116,0.0009151921903599756,0.06947237207585567,0.00010794382600411018,0.0,2
1117,0.003965832824893227,0.08935334378471273,0.0010938228299178694,0.3333333333333333,7
1118,0.0003050640634533252,0.0005491153142159853,0.0,0.0,1
1119,0.0012202562538133007,0.03800845640055624,0.0009851046443280706,0.3333333333333333,2
1120,0.0006101281269066504,0.055362814656036145,0.000394339753673569,0.0,1
1121,0.0003050640634533252,0.0003050640634533252,0.0,0.0,1
1122,0.0006101281269066504,0.07704087515296097,3.6214603840334013e-06,0.0,2
1123,0.0012202562538133007,0.054056304665337264,0.0023605460656045065,0.3333333333333333,2
1124,0.0003050640634533252,0.0003050640634533252,0.0,0.0,1
1125,0.0009151921903599756,0.0717616701707694,0.0018643018898472333,0.0,2
1126,0.0003050640634533252,0.0003050640634533252,0.0,0.0,1
1127,0.0003050640634533252,0.0003050640634533252,0.0,0.0,1
1128,0.0006101281269066504,0.07971291667944869,9.783253893849611e-07,0.0,2
1129,0.0006101281269066504,0.0014170717786218976,7.447398558518772e-07,0.0,2
1130,0.0030506406345332518,0.09061234108749397,0.0015306360485934489,0.15555555555555556,4
1131,0.003355704697986577,0.0984891256988529,0.004488923773325261,0.0,4
1132,0.0003050640634533252,0.06696913856554446,0.0,0.0,1
1133,0.0003050640634533252,0.0003050640634533252,0.0,0.0,1
1134,0.0003050640634533252,0.00040675208460443356,0.0,0.0,1
1135,0.0018303843807199512,0.07679898857477271,0.0004047032146446237,0.06666666666666667,2
1136,0.0003050640634533252,0.08927181701118653,0.0,0.0,1
1137,0.0003050640634533252,0.0003050640634533252,0.0,0.0,1
1138,0.0003050640634533252,0.06469192217907085,0.0,0.0,1
1139,0.0003050640634533252,0.0003050640634533252,0.0,0.0,1
1140,0.0003050640634533252,0.04212913699389943,0.0,0.0,1
1141,0.0003050640634533252,0.05119358523824218,0.0,0.0,1
1142,0.0003050640634533252,0.07024907739984851,0.0,0.0,1
1143,0.002135448444173276,0.07924713683654303,0.010125454340722087,0.0,2
1144,0.0012202562538133007,0.001271100264388855,1.024017301796331e-06,0.0,2
1145,0.0015253203172666259,0.06081994317643399,0.0016291755841631851,0.3,3
1146,0.0003050640634533252,0.06078755481581815,0.0,0.0,1
1147,0.0003050640634533252,0.05976121287115074,0.0,0.0,1
1149,0.0003050640634533252,0.0003050640634533252,0.0,0.0,1
1150,0.0003050640634533252,0.0518406978851624,0.0,0.0,1
1151,0.0003050640634533252,0.051185933269296595,0.0,0.0,1
1152,0.0009151921903599756,0.055666548552023666,4.342418799516625e-06,0.3333333333333333,3
1153,0.0009151921903599756,0.07319191879346225,0.000788493322383175,0.0,1
1154,0.0003050640634533252,0.0003050640634533252,0.0,0.0,1
1155,0.002135448444173276,0.06274215647763129,0.0006142016344260944,0.19047619047619047,3
1156,0.0009151921903599756,0.0694230784156731,0.0017864675478418413,0.0,2
1157,0.0018303843807199512,0.0920060961996001,0.00011544837135451516,0.5333333333333333,5
1158,0.0003050640634533252,0.0003050640634533252,0.0,0.0,1
1159,0.0012202562538133007,0.001084672225611823,3.3513293513334475e-06,0.0,1
1160,0.0003050640634533252,0.0003050640634533252,0.0,0.0,1
1161,0.0003050640634533252,0.06152750124509932,0.0,0.0,1
1162,0.0009151921903599756,0.07258302035924366,4.5649617687799804e-05,0.0,2
1163,0.0006101281269066504,0.0013016066707341874,0.0,1.0,2
1164,0.0003050640634533252,0.0003050640634533252,0.0,0.0,1
1165,0.0006101281269066504,0.06304246871408534,0.0,1.0,2
1167,0.0018303843807199512,0.08340153191790345,6.908857258596405e-05,0.4,3
1168,0.0003050640634533252,0.00040675208460443356,0.0,0.0,1
1169,0.0003050640634533252,0.0003050640634533252,0.0,0.0,1
1170,0.002135448444173276,0.08530776360588192,0.01466092887762389,0.047619047619047616,3
1171,0.0003050640634533252,0.0006101281269066504,0.0,0.0,1
1172,0.0006101281269066504,0.07332905568627655,0.00014304968696180772,0.0,2
1173,0.0012202562538133007,0.0011498568545548413,8.378323378333619e-06,0.0,1
1174,0.0003050640634533252,0.0009297190505244196,0.0,0.0,1
1175,0.0003050640634533252,0.00040675208460443356,0.0,0.0,1
1176,0.0009151921903599756,0.0851063535395866,1.1267626405902494e-05,0.3333333333333333,3
1177,0.0003050640634533252,0.0003050640634533252,0.0,0.0,1
1178,0.0006101281269066504,0.07934353337694892,0.0,1.0,2
1179,0.0006101281269066504,0.0022606029317438717,0.0,1.0,2
1180,0.0030506406345332518,0.07756876155046415,0.001470497114652383,0.37777777777777777,4
1181,0.0003050640634533252,0.0003050640634533252,0.0,0.0,1
1182,0.0003050640634533252,0.0006101281269066504,0.0,0.0,1
1183,0.0009151921903599756,0.07635377704680302,6.0717130573453805e-05,0.0,3
1184,0.0006101281269066504,0.05169982110661053,0.000394339753673569,0.0,1
1185,0.0003050640634533252,0.06075520093230047,0.0,0.0,1
1186,0.0009151921903599756,0.07396256804641718,0.008245125969983603,0.0,2
1187,0.0003050640634533252,0.0020991312937621662,0.0,0.0,1
1188,0.0003050640634533252,0.048363053356623456,0.0,0.0,1
1189,0.0009151921903599756,0.0019047902498549086,7.385336903864449e-06,0.0,2
1190,0.0012202562538133007,0.07837205402332338,5.928636581980101e-06,0.5,3
1191,0.0003050640634533252,0.04934390346612559,0.0,0.0,1
1192,0.0006101281269066504,0.0006101281269066504,0.0,1.0,2
1193,0.0006101281269066504,0.05760731601562983,0.000788307137419212,0.0,1
1194,0.0009151921903599756,0.0009151921903599756,5.585548918889079e-07,0.0,1
1195,0.0003050640634533252,0.056896646322726736,0.0,0.0,1
1196,0.0003050640634533252,0.06304827212646812,0.0,0.0,1
1197,0.0003050640634533252,0.06078755481581815,0.0,0.0,1
1198,0.0003050640634533252,0.07619662681313046,0.0,0.0,1
1199,0.0006101281269066504,0.0006101281269066504,1.861849639629693e-07,0.0,1
1200,0.0012202562538133007,0.08231891587858452,0.0005102786429761284,0.3333333333333333,3
1201,0.0009151921903599756,0.0009151921903599756,0.0,1.0,3
1202,0.0024405125076266015,0.0812544050432819,0.0006148901222228733,0.17857142857142858,3
1203,0.0006101281269066504,0.04940975941347062,0.0,1.0,2
1204,0.0006101281269066504,0.0006101281269066504,1.861849639629693e-07,0.0,1
1205,0.0006101281269066504,0.0791601225277188,8.408358068330728e-05,0.0,2
1206,0.0003050640634533252,0.051249130508068175,0.0,0.0,1
1207,0.0006101281269066504,0.043707299305030194,0.000394339753673569,0.0,1
1208,0.0012202562538133007,0.002002471801129519,9.80574143538305e-06,0.0,2
1209,0.0003050640634533252,0.0003050640634533252,0.0,0.0,1
1210,0.0009151921903599756,0.06674723517296785,0.000230053583622939,0.3333333333333333,2
1211,0.0009151921903599756,0.06823686162297729,0.00024062347446720676,0.6666666666666666,2
1212,0.0006101281269066504,0.07856083736061288,3.703352567504256e-05,0.0,2
1213,0.0003050640634533252,0.00040675208460443356,0.0,0.0,1
1214,0.01067724222086638,0.09241578465926638,0.0034071114756142064,0.08907563025210084,6
1215,0.0006101281269066504,0.06914273687444582,0.000788307137419212,0.0,1
1216,0.0003050640634533252,0.00040675208460443356,0.0,0.0,1
1217,0.0006101281269066504,0.078809433301861,0.000394339753673569,0.0,1
1218,0.0006101281269066504,0.06204025364462368,0.0,1.0,2
1219,0.0018303843807199512,0.08688783762890238,5.049785112542546e-05,0.3333333333333333,5
1220,0.0018303843807199512,0.0893416879871932,0.007730456361011832,0.2,3
1221,0.0003050640634533252,0.07145098118093195,0.0,0.0,1
1222,0.0012202562538133007,0.06690045226957979,0.0010516009674882876,0.0,2
1223,0.0003050640634533252,0.04370451024885605,0.0,0.0,1
1224,0.0003050640634533252,0.0012202562538133007,0.0,0.0,1
1225,0.0009151921903599756,0.07766992289746236,9.470059344528891e-05,0.3333333333333333,3
1226,0.0003050640634533252,0.001084672225611823,0.0,0.0,1
1227,0.0018303843807199512,0.07096605327010912,0.006278715539723214,0.13333333333333333,2
1228,0.0003050640634533252,0.0003050640634533252,0.0,0.0,1
1229,0.0003050640634533252,0.0003050640634533252,0.0,0.0,1
1230,0.002135448444173276,0.0865857623400535,0.0002987143422685764,0.19047619047619047,5
1231,0.0006101281269066504,0.001464307504575961,3.723699279259386e-06,0.0,1
1232,0.0009151921903599756,0.07917384892316318,0.0002098883235610726,0.0,2
1233,0.0003050640634533252,0.06131268789309548,0.0,0.0,1
1234,0.0003050640634533252,0.06447268945776363,0.0,0.0,1
1235,0.0009151921903599756,0.08238327781437699,0.00931038354175688,0.0,2
1236,0.0003050640634533252,0.0009762050030506406,0.0,0.0,1
1237,0.0009151921903599756,0.0010895145123333044,9.309248198148465e-07,0.0,2
1238,0.0012202562538133007,0.09590329484139509,0.0020716914118803107,0.0,4
1239,0.0018303843807199512,0.08683275817557187,0.005873913394983236,0.06666666666666667,2
1240,0.0003050640634533252,0.0003050640634533252,0.0,0.0,1
1241,0.0009151921903599756,0.05559425139898722,0.0003989323161179889,0.0,2
1242,0.0003050640634533252,0.0696029857835186,0.0,0.0,1
1243,0.0003050640634533252,0.0020991312937621662,0.0,0.0,1
1244,0.0006101281269066504,0.07326238221210067,0.000394339753673569,0.0,1
1245,0.0003050640634533252,0.0004575960951799878,0.0,0.0,1
1246,0.0006101281269066504,0.07630273842578243,9.309248198148465e-08,0.0,2
1247,0.0006101281269066504,0.07469255467689875,0.00016045822318434705,0.0,2
1248,0.0006101281269066504,0.0006101281269066504,0.0,1.0,2
1249,0.0006101281269066504,0.0006101281269066504,1.861849639629693e-07,0.0,1
1250,0.0003050640634533252,0.0003050640634533252,0.0,0.0,1
1251,0.003355704697986577,0.1015634878193554,0.015363499669582557,0.09090909090909091,4
1252,0.0009151921903599756,0.04882330910392238,1.861849639629693e-07,0.3333333333333333,2
1253,0.0018303843807199512,0.0837687597981682,0.004466725447949491,0.13333333333333333,2
1254,0.0003050640634533252,0.0010856691669956574,0.0,0.0,1
1255,0.0009151921903599756,0.06963483098061339,9.309248198148465e-08,0.6666666666666666,2
1256,0.0009151921903599756,0.07433988712795214,0.00016207505716013562,0.0,2
1257,0.0006101281269066504,0.08000156291435849,0.0,1.0,2
1258,0.0003050640634533252,0.0003050640634533252,0.0,0.0,1
1259,0.002135448444173276,0.06903123319153587,0.002755258189206001,0.14285714285714285,2
1260,0.0006101281269066504,0.06276803190302187,6.826782011975542e-06,0.0,2
1261,0.0006101281269066504,0.07243716341722085,0.0,1.0,2
1262,0.0012202562538133007,0.07598107167848049,0.0011821814286828735,0.0,2
1263,0.0003050640634533252,0.044977401419131376,0.0,0.0,1
1264,0.0015253203172666259,0.07328982130656213,0.0015640030641660225,0.0,3
1265,0.0006101281269066504,0.08648189659824775,0.0042970407910456225,0.0,2
1266,0.0006101281269066504,0.0012728535061328394,1.861849639629693e-06,0.0,1
1267,0.0003050640634533252,0.0003050640634533252,0.0,0.0,1
1268,0.0006101281269066504,0.0012202562538133007,0.0,1.0,2
1271,0.0009151921903599756,0.04923748239466737,0.0,1.0,3
1272,0.0003050640634533252,0.06904167138203862,0.0,0.0,1
1273,0.0003050640634533252,0.08599866651303655,0.0,0.0,1
1274,0.0003050640634533252,0.0003050640634533252,0.0,0.0,1
1275,0.002745576571079927,0.08866507607092021,0.003639435760274119,0.08333333333333333,4
1276,0.0003050640634533252,0.0003050640634533252,0.0,0.0,1
1277,0.0003050640634533252,0.0003050640634533252,0.0,0.0,1
1278,0.0003050640634533252,0.049897521500059966,0.0,0.0,1
1279,0.0006101281269066504,0.05851788961977299,0.0,1.0,2
1280,0.0003050640634533252,0.07492953121927937,0.0,0.0,1
1281,0.0012202562538133007,0.08262179626151434,1.4553458016438766e-06,0.5,4
1282,0.0006101281269066504,0.0009533251982916413,1.241233093086462e-07,0.0,2
1283,0.0003050640634533252,0.0003050640634533252,0.0,0.0,1
1284,0.0003050640634533252,0.0003050640634533252,0.0,0.0,1
1285,0.0003050640634533252,0.0009151921903599756,0.0,0.0,1
1286,0.0015253203172666259,0.06572873129652812,0.0030728744401782755,0.3,3
1287,0.0006101281269066504,0.057665519921682507,0.000788307137419212,0.0,1
1288,0.0003050640634533252,0.05456230871219463,0.0,0.0,1
1289,0.0003050640634533252,0.0003050640634533252,0.0,0.0,1
1290,0.0024405125076266015,0.08419612515948405,2.1432640842643448e-05,0.39285714285714285,5
1291,0.0003050640634533252,0.0003050640634533252,0.0,0.0,1
1292,0.0003050640634533252,0.07140628474272252,0.0,0.0,1
1293,0.0006101281269066504,0.05117445960397677,0.0,1.0,2
1294,0.0003050640634533252,0.057306060336344646,0.0,0.0,1
1295,0.0003050640634533252,0.06608707291067913,0.0,0.0,1
1296,0.0015253203172666259,0.06690698775067876,0.004324145788039962,0.0,1
1297,0.0006101281269066504,0.0009297190505244196,2.2342195675556317e-06,0.0,1
1298,0.0006101281269066504,0.0015380313199105143,1.1171097837778158e-06,0.0,2
1299,0.0003050640634533252,0.000762660158633313,0.0,0.0,1
1300,0.0003050640634533252,0.07138395748708355,0.0,0.0,1
1301,0.0012202562538133007,0.08264672138407424,0.00016982285707947966,0.0,3
1302,0.0012202562538133007,0.04923925231746814,1.861849639629693e-07,0.6666666666666666,3
1303,0.0003050640634533252,0.07138395748708355,0.0,0.0,1
1304,0.0003050640634533252,0.0003050640634533252,0.0,0.0,1
1305,0.0003050640634533252,0.0011656179140903172,0.0,0.0,1
1306,0.0006101281269066504,0.0006101281269066504,0.0,1.0,2
1307,0.0006101281269066504,0.07577511535208531,0.003128646924891182,0.0,2
1308,0.0006101281269066504,0.08009512105131834,0.0003830000663739166,0.0,2
1309,0.0003050640634533252,0.06075789577377007,0.0,0.0,1
1310,0.0006101281269066504,0.06031380213199094,0.0003525998374193515,0.0,2
1311,0.0009151921903599756,0.08244277822567837,0.004054494393771291,0.0,2
1312,0.0003050640634533252,0.0003050640634533252,0.0,0.0,1
1313,0.0009151921903599756,0.060207760547652686,0.001181902151236929,0.3333333333333333,2
1314,0.0003050640634533252,0.00040675208460443356,0.0,0.0,1
1315,0.0003050640634533252,0.05674344491382129,0.0,0.0,1
1316,0.0006101281269066504,0.0006101281269066504,1.861849639629693e-07,0.0,1
1317,0.0003050640634533252,0.0003050640634533252,0.0,0.0,1
1318,0.0003050640634533252,0.06904167138203862,0.0,0.0,1
1319,0.0012202562538133007,0.061674325088682855,0.0011798541166333364,0.16666666666666666,2
1320,0.0006101281269066504,0.043604340746789524,0.000394339753673569,0.0,1
1321,0.0012202562538133007,0.001271100264388855,8.068015105062003e-07,0.3333333333333333,2
1322,0.0006101281269066504,0.06201778241588473,0.0,1.0,2
1324,0.0015253203172666259,0.07328982130656213,0.0023902999568885643,0.0,2
1325,0.0003050640634533252,0.05995739999210568,0.0,0.0,1
1326,0.0018303843807199512,0.08914400365870404,0.011096138676120307,0.13333333333333333,3
1327,0.0003050640634533252,0.0003050640634533252,0.0,0.0,1
1328,0.0006101281269066504,0.07417082305716083,0.000394339753673569,0.0,1
1329,0.0003050640634533252,0.05895105699000027,0.0,0.0,1
1330,0.0015253203172666259,0.0654054700959579,4.110484792564779e-05,0.2,3
1331,0.0006101281269066504,0.055468182232016446,0.000788307137419212,0.0,1
1332,0.0003050640634533252,0.0003050640634533252,0.0,0.0,1
1333,0.0009151921903599756,0.08116773881367896,0.00013970338862071563,0.0,3
1334,0.0006101281269066504,0.06713982747866122,0.00045695848518156787,0.0,2
1335,0.0018303843807199512,0.07184824338943856,0.002903186005449895,0.13333333333333333,3
1336,0.0003050640634533252,0.0003050640634533252,0.0,0.0,1
1337,0.0003050640634533252,0.0005423361128059115,0.0,0.0,1
1338,0.0003050640634533252,0.061582824269192385,0.0,0.0,1
1339,0.0003050640634533252,0.0003050640634533252,0.0,0.0,1
1340,0.0009151921903599756,0.06605838928528386,2.234219567555632e-06,0.3333333333333333,2
1341,0.0009151921903599756,0.06889235830707872,0.0005911372605824275,0.0,2
1342,0.0003050640634533252,0.0766014293825996,0.0,0.0,1
1343,0.002135448444173276,0.08699820642868505,0.00022620138450560526,0.23809523809523808,5
1344,0.0003050640634533252,0.0003050640634533252,0.0,0.0,1
1345,0.0003050640634533252,0.0003050640634533252,0.0,0.0,1
1346,0.0009151921903599756,0.0775424149572401,0.0011300539014608077,0.3333333333333333,3
1347,0.0003050640634533252,0.0003050640634533252,0.0,0.0,1
1348,0.0009151921903599756,0.06602973054806682,0.00039472763901515843,0.0,2
1349,0.0009151921903599756,0.06225454529926129,0.002753675617012316,0.0,1
1350,0.0006101281269066504,0.08157377085633909,0.00012247774656257965,0.0,2
1351,0.0009151921903599756,0.08463310226874553,0.0011819814212750818,0.0,2
1352,0.0006101281269066504,0.06227152612718308,0.0003278862085800631,0.0,2
1353,0.0003050640634533252,0.07853381264875853,0.0,0.0,1
1354,0.0003050640634533252,0.0602236430081181,0.0,0.0,1
1355,0.0006101281269066504,0.06742735713608891,0.0,1.0,2
1356,0.0003050640634533252,0.041728713831098704,0.0,0.0,1
1357,0.0015253203172666259,0.0779749963123838,0.0005332198278959947,0.3,3
1358,0.0003050640634533252,0.08229418805765372,0.0,0.0,1
1359,0.0003050640634533252,0.07255226484214228,0.0,0.0,1
1361,0.0003050640634533252,0.00040675208460443356,0.0,0.0,1
1362,0.0009151921903599756,0.08920205523701785,0.0011810183806045156,0.3333333333333333,3
1363,0.0009151921903599756,0.07674735321714737,0.0006929531901775608,0.0,2
1364,0.0009151921903599756,0.057875053245717685,0.000788493322383175,0.0,1
1365,0.0006101281269066504,0.0011484764741772242,0.0,1.0,2
1366,0.0030506406345332518,0.08078954645943062,0.0032750555339691972,0.1111111111111111,4
1367,0.0003050640634533252,0.0005423361128059115,0.0,0.0,1
1368,0.0003050640634533252,0.0003050640634533252,0.0,0.0,1
1369,0.0009151921903599756,0.06318496057104322,0.0,1.0,3
1370,0.0003050640634533252,0.0003050640634533252,0.0,0.0,1
1371,0.0003050640634533252,0.00040675208460443356,0.0,0.0,1
1372,0.0003050640634533252,0.0488999985798817,0.0,0.0,1
1373,0.0006101281269066504,0.046026234340904075,0.000394339753673569,0.0,1
1374,0.0003050640634533252,0.0003050640634533252,0.0,0.0,1
1376,0.0003050640634533252,0.0759136976401932,0.0,0.0,1
1377,0.0003050640634533252,0.00040675208460443356,0.0,0.0,1
1378,0.0003050640634533252,0.0005491153142159853,0.0,0.0,1
1379,0.0018303843807199512,0.06081724282820433,0.0022524093290806793,0.4,3
1380,0.0006101281269066504,0.0009151921903599756,6.20616546543231e-08,0.0,2
1381,0.0009151921903599756,0.05518882998467551,0.001182274521164855,0.0,1
1382,0.0006101281269066504,0.001074356049553015,1.4894797117037544e-06,0.0,1
1383,0.0006101281269066504,0.07410261077736793,0.00039396738374564307,0.0,2
1384,0.0006101281269066504,0.07420296642576632,0.0020141785752405003,0.0,2
1385,0.0003050640634533252,0.06552122645267608,0.0,0.0,1
1386,0.0003050640634533252,0.07306698459591647,0.0,0.0,1
1387,0.0003050640634533252,0.08064210292120842,0.0,0.0,1
1388,0.0003050640634533252,0.0009151921903599756,0.0,0.0,1
1389,0.0003050640634533252,0.0003050640634533252,0.0,0.0,1
1390,0.0006101281269066504,0.0011263903881353547,2.048034603592662e-06,0.0,1
1391,0.0006101281269066504,0.0006101281269066504,1.861849639629693e-07,0.0,1
1392,0.0012202562538133007,0.06137862437691653,0.00019726296931876598,0.5,2
1393,0.0003050640634533252,0.07397455096504002,0.0,0.0,1
1394,0.0003050640634533252,0.00040675208460443356,0.0,0.0,1
1395,0.0015253203172666259,0.077775764264118,0.004013594115883742,0.2,3
1396,0.0006101281269066504,0.0009533251982916413,1.241233093086462e-07,0.0,2
1397,0.0003050640634533252,0.0003050640634533252,0.0,0.0,1
1398,0.0012202562538133007,0.08909761676984819,0.00011076809959188236,0.16666666666666666,4
1399,0.002135448444173276,0.09041496767126378,0.0008301167886607307,0.09523809523809523,4
1400,0.0006101281269066504,0.073454888471667,0.000394339753673569,0.0,1
1401,0.0006101281269066504,0.06039890472329671,2.3273120495371163e-08,0.0,2
1402,0.0003050640634533252,0.05751057016624595,0.0,0.0,1
1403,0.0003050640634533252,0.0003050640634533252,0.0,0.0,1
1404,0.0003050640634533252,0.0003050640634533252,0.0,0.0,1
1405,0.0003050640634533252,0.0003050640634533252,0.0,0.0,1
1406,0.0003050640634533252,0.06934224765716544,0.0,0.0,1
1407,0.0003050640634533252,0.05059044025039319,0.0,0.0,1
1408,0.0003050640634533252,0.07834515901507928,0.0,0.0,1
1409,0.0003050640634533252,0.0562263673023416,0.0,0.0,1
1410,0.0030506406345332518,0.08251727471202687,0.01181625476447599,0.1111111111111111,3
1411,0.0024405125076266015,0.06661414969701143,0.003884902735715167,0.10714285714285714,3
1412,0.0006101281269066504,0.06901384321945013,5.548110188153271e-05,0.0,2
1413,0.0003050640634533252,0.0003050640634533252,0.0,0.0,1
1414,0.0012202562538133007,0.08924273634892477,0.012491860441610977,0.3333333333333333,3
1415,0.0006101281269066504,0.08255706124756788,6.825972665350692e-05,0.0,2
1416,0.0009151921903599756,0.0012202562538133007,3.723699279259386e-07,0.3333333333333333,2
1417,0.0012202562538133007,0.08301737940725128,1.8002336156535266e-06,0.5,3
1418,0.0003050640634533252,0.07237592519389444,0.0,0.0,1
1419,0.0012202562538133007,0.07405854023678883,0.0058974850519331375,0.0,2
1420,0.0003050640634533252,0.0004575960951799878,0.0,0.0,1
1421,0.0003050640634533252,0.05635127366379982,0.0,0.0,1
1422,0.030201342281879193,0.09918803477332702,0.06131417431367894,0.017522160379303237,6
1423,0.0006101281269066504,0.07600215059755014,0.001442908798960935,0.0,2
1424,0.0006101281269066504,0.06643645165484752,0.000394339753673569,0.0,1
1425,0.0003050640634533252,0.0003050640634533252,0.0,0.0,1
1426,0.0006101281269066504,0.06943363545314508,0.0004446418929233025,0.0,2
1427,0.0006101281269066504,0.0797082781623303,5.304166559972824e-06,0.0,2
1428,0.0006101281269066504,0.0012355094569859672,1.4894797117037544e-06,0.0,1
1429,0.005491153142159854,0.10147320247571273,0.03850256335610444,0.0718954248366013,4
1430,0.0006101281269066504,0.07592211285997373,0.00014700820183789133,0.0,2
1431,0.0009151921903599756,0.0010895145123333044,9.309248198148465e-07,0.0,2
1432,0.0003050640634533252,0.0003050640634533252,0.0,0.0,1
1433,0.0006101281269066504,0.0006972892878933147,5.585548918889079e-07,0.0,1
1434,0.0006101281269066504,0.05996789949302365,0.00039396738374564307,0.0,2
1435,0.0015253203172666259,0.06779780044642873,0.0016938272898252185,0.4,3
1436,0.0006101281269066504,0.0009503918899892055,0.0,1.0,2
1437,0.0006101281269066504,0.06576028613632483,3.842396688760765e-05,0.0,2
1438,0.0006101281269066504,0.0006101281269066504,1.861849639629693e-07,0.0,1
1439,0.0015253203172666259,0.08180761826443181,7.466316135842199e-05,0.2,4
1440,0.0012202562538133007,0.06350131010243597,0.000788493322383175,0.3333333333333333,2
1441,0.0009151921903599756,0.04790804281685948,0.000788307137419212,0.3333333333333333,2
1442,0.0003050640634533252,0.0003050640634533252,0.0,0.0,1
1443,0.0006101281269066504,0.07252153537799906,0.000197076784354803,0.0,2
1444,0.0003050640634533252,0.05556944260525948,0.0,0.0,1
1445,0.0006101281269066504,0.08438804584891857,0.005535641451861286,0.0,2
1446,0.0006101281269066504,0.07058937182270787,0.000143208791348063,0.0,2
1447,0.0018303843807199512,0.09007606761489091,0.016244540258219413,0.0,2
1448,0.0009151921903599756,0.06804703230102564,0.0013606310909923321,0.0,2
1449,0.0009151921903599756,0.06584563573617488,0.0007881209524552491,0.0,2
1450,0.0003050640634533252,0.0010546500479386386,0.0,0.0,1
1451,0.0006101281269066504,0.0680605565050008,0.0,1.0,2
1452,0.0003050640634533252,0.0003050640634533252,0.0,0.0,1
1453,0.0009151921903599756,0.0918272280096297,0.001181902151236929,0.3333333333333333,2
1454,0.0003050640634533252,0.000762660158633313,0.0,0.0,1
1455,0.0006101281269066504,0.07283775179302596,0.0,1.0,2
1456,0.0006101281269066504,0.0006863941427699817,3.723699279259386e-07,0.0,1
1457,0.0015253203172666259,0.06077676635990976,0.00039703943565103203,0.2,2
1458,0.0003050640634533252,0.0003050640634533252,0.0,0.0,1
1459,0.0003050640634533252,0.0003050640634533252,0.0,0.0,1
1460,0.0006101281269066504,0.06564997652622316,0.001181902151236929,0.0,2
1461,0.002135448444173276,0.053290801440229,0.0019687198089444373,0.23809523809523808,3
1462,0.0009151921903599756,0.05508673531004771,0.000394339753673569,0.3333333333333333,2
1463,0.0003050640634533252,0.05558973906171204,0.0,0.0,1
1464,0.0006101281269066504,0.08023586927247225,5.5568727590547694e-05,0.0,2
1465,0.0003050640634533252,0.00040675208460443356,0.0,0.0,1
1466,0.0003050640634533252,0.07446111982059395,0.0,0.0,1
1467,0.0003050640634533252,0.0873978664084506,0.0,0.0,1
1468,0.0006101281269066504,0.049882984713024256,4.1786837474719235e-06,0.0,2
1469,0.0006101281269066504,0.06470108923620264,4.6546240990742326e-08,0.0,2
1470,0.0006101281269066504,0.08600406606515013,0.0,1.0,2
1471,0.0024405125076266015,0.08053779164038372,0.0034126414848887963,0.21428571428571427,3
1472,0.0015253203172666259,0.07741532498132961,0.004229959056816264,0.0,3
1473,0.0009151921903599756,0.08756547722429496,0.0003729704374646341,0.0,2
1474,0.0006101281269066504,0.07480676971326777,0.000197076784354803,0.0,2
1475,0.0003050640634533252,0.0003050640634533252,0.0,0.0,1
1476,0.0003050640634533252,0.07593052994565666,0.0,0.0,1
1477,0.0006101281269066504,0.08023116969599052,0.000197076784354803,0.0,2
1478,0.0006101281269066504,0.06480823051758357,0.000788307137419212,0.0,1
1480,0.0015253203172666259,0.0860689136173199,0.0012486350063674293,0.1,4
1481,0.0003050640634533252,0.0005491153142159853,0.0,0.0,1
1482,0.0003050640634533252,0.0556010212786023,0.0,0.0,1
1483,0.0006101281269066504,0.08143313478506904,0.0,1.0,2
1484,0.0015253203172666259,0.08164670442985315,0.000788493322383175,0.3,3
1485,0.0006101281269066504,0.07524647111731742,7.744846643544487e-05,0.0,2
1486,0.0003050640634533252,0.06664656061011269,0.0,0.0,1
1487,0.0006101281269066504,0.0015018538508471395,2.7927744594445394e-06,0.0,1
1488,0.0003050640634533252,0.00040675208460443356,0.0,0.0,1
1489,0.0003050640634533252,0.00040675208460443356,0.0,0.0,1
1490,0.0003050640634533252,0.06285443767354867,0.0,0.0,1
1491,0.0012202562538133007,0.002002471801129519,9.805741435383052e-06,0.0,2
1492,0.0006101281269066504,0.0906963358418623,0.00012611117127703817,0.0,2
1493,0.0018303843807199512,0.0834167687850707,0.003931854068969986,0.2,3
1494,0.0003050640634533252,0.0744206650124767,0.0,0.0,1
1495,0.0003050640634533252,0.0003050640634533252,0.0,0.0,1
1496,0.0003050640634533252,0.0003050640634533252,0.0,0.0,1
1497,0.0003050640634533252,0.0003050640634533252,0.0,0.0,1
1498,0.0003050640634533252,0.06029787208784814,0.0,0.0,1
1499,0.0003050640634533252,0.00040675208460443356,0.0,0.0,1
1501,0.0003050640634533252,0.0003050640634533252,0.0,0.0,1
1502,0.0003050640634533252,0.0003050640634533252,0.0,0.0,1
1503,0.0003050640634533252,0.0003050640634533252,0.0,0.0,1
1504,0.0006101281269066504,0.0011484764741772242,0.0,1.0,2
1505,0.0012202562538133007,0.001476510067114094,2.048034603592662e-06,0.3333333333333333,2
1506,0.0006101281269066504,0.0006863941427699817,9.309248198148465e-08,0.0,2
1507,0.0003050640634533252,0.0003050640634533252,0.0,0.0,1
1508,0.0003050640634533252,0.0003050640634533252,0.0,0.0,1
1509,0.0003050640634533252,0.0004575960951799878,0.0,0.0,1
1510,0.0006101281269066504,0.07524647111731742,0.0,1.0,2
1511,0.0003050640634533252,0.0003050640634533252,0.0,0.0,1
1512,0.0003050640634533252,0.0003050640634533252,0.0,0.0,1
1513,0.0003050640634533252,0.00040675208460443356,0.0,0.0,1
1514,0.0003050640634533252,0.07251385707885898,0.0,0.0,1
1515,0.0006101281269066504,0.056783433247093895,0.001957672834415968,0.0,2
1516,0.0003050640634533252,0.08064210292120842,0.0,0.0,1
1517,0.0018303843807199512,0.08763270169660586,0.0009166426197092123,0.3333333333333333,4
1518,0.0009151921903599756,0.0009762050030506406,9.309248198148465e-08,0.6666666666666666,2
1519,0.0003050640634533252,0.0003050640634533252,0.0,0.0,1
1521,0.0003050640634533252,0.0601100035202583,0.0,0.0,1
1522,0.0012202562538133007,0.08269661677249736,0.0005304353589274414,0.16666666666666666,3
1523,0.0015253203172666259,0.0015689008977599582,1.7687571576482083e-06,0.2,2
1524,0.0006101281269066504,0.0006972892878933147,5.585548918889079e-07,0.0,1
1525,0.0003050640634533252,0.08064210292120842,0.0,0.0,1
1526,0.0003050640634533252,0.0003050640634533252,0.0,0.0,1
1527,0.0006101281269066504,0.051243378856744834,0.0,1.0,2
1528,0.0003050640634533252,0.0011733233209743278,0.0,0.0,1
1529,0.0012202562538133007,0.06889928877921865,0.0009852908292920335,0.0,2
1530,0.0006101281269066504,0.002150329618000268,0.0,1.0,2
1531,0.0018303843807199512,0.07327805917828312,0.001140167350220258,0.26666666666666666,3
1532,0.0006101281269066504,0.09037321107208855,0.0,1.0,2
1533,0.0006101281269066504,0.07884572383696807,0.00018124818807232343,0.0,2
1534,0.0015253203172666259,0.06083074696774342,0.00043887152235027514,0.6,4
1535,0.0003050640634533252,0.0003050640634533252,0.0,0.0,1
1536,0.0012202562538133007,0.06771066535934979,3.0602681292667494e-05,0.5,3
1537,0.0006101281269066504,0.0008474001762592368,7.447398558518772e-07,0.0,1
1538,0.0003050640634533252,0.06028460347767125,0.0,0.0,1
1539,0.0003050640634533252,0.00040675208460443356,0.0,0.0,1
1540,0.0003050640634533252,0.07000494507178649,0.0,0.0,1
1541,0.0003050640634533252,0.0003050640634533252,0.0,0.0,1
1542,0.0006101281269066504,0.08264672138407424,0.0,1.0,2
1543,0.0015253203172666259,0.07254458003493519,0.0036545717087026574,0.3,3
1544,0.0003050640634533252,0.04085013599605291,0.0,0.0,1
1545,0.0012202562538133007,0.08186628975733003,0.001435494739151537,0.5,3
1546,0.0003050640634533252,0.05545919916675356,0.0,0.0,1
1547,0.0003050640634533252,0.0003050640634533252,0.0,0.0,1
1548,0.0006101281269066504,0.0006863941427699817,0.0,1.0,2
1550,0.0003050640634533252,0.0003050640634533252,0.0,0.0,1
1551,0.0018303843807199512,0.07395058900932064,3.65384684337527e-05,0.4,4
1553,0.0003050640634533252,0.0006933274169393755,0.0,0.0,1
1554,0.0006101281269066504,0.0006863941427699817,9.309248198148465e-08,0.0,2
1555,0.0012202562538133007,0.002938783811267033,1.1357282801741128e-05,0.0,2
1556,0.0003050640634533252,0.000762660158633313,0.0,0.0,1
1557,0.0018303843807199512,0.06649127519147839,0.0015479186975816896,0.06666666666666667,3
1558,0.0003050640634533252,0.07885934140585182,0.0,0.0,1
1559,0.0003050640634533252,0.0003050640634533252,0.0,0.0,1
1560,0.0009151921903599756,0.06137862437691653,3.7236992792593864e-08,0.6666666666666666,3
1561,0.0009151921903599756,0.09576919249245935,0.012569809143371843,0.0,3
1562,0.0006101281269066504,0.06583930594663043,0.0003937811987816801,0.0,2
1563,0.0006101281269066504,0.05545021901063216,0.000394339753673569,0.0,1
1564,0.0003050640634533252,0.0003050640634533252,0.0,0.0,1
1565,0.0003050640634533252,0.06951820748171164,0.0,0.0,1
1566,0.0003050640634533252,0.07604856541303832,0.0,0.0,1
1567,0.005186089078706528,0.0916797242634125,0.006857035731454728,0.13970588235294118,7
1568,0.0012202562538133007,0.08030642904494613,0.006789118142956452,0.16666666666666666,2
1569,0.0006101281269066504,0.0555829719290556,0.0,1.0,2
1570,0.0015253203172666259,0.08178807978383366,0.00026522969896478364,0.4,3
1571,0.0012202562538133007,0.05749125997732083,0.0015753109800906832,0.16666666666666666,2
1572,0.0003050640634533252,0.07138023763520825,0.0,0.0,1
1573,0.0003050640634533252,0.051588835500890565,0.0,0.0,1
1574,0.0009151921903599756,0.06606157512513365,2.401401120597515e-05,0.0,2
1575,0.0012202562538133007,0.08427382553338539,0.00262749633052461,0.16666666666666666,2
1576,0.0003050640634533252,0.07255226484214228,0.0,0.0,1
1577,0.0012202562538133007,0.038007401781899174,0.0005911372605824275,0.3333333333333333,2
1578,0.0003050640634533252,0.084591290077172,0.0,0.0,1
1579,0.0003050640634533252,0.0006101281269066504,0.0,0.0,1
1580,0.0024405125076266015,0.08540350147887313,0.0006108434521587971,0.35714285714285715,4
1581,0.0003050640634533252,0.06810116139105331,0.0,0.0,1
1582,0.0015253203172666259,0.094305456813745,0.002939587947438907,0.3,3
1583,0.002135448444173276,0.08454430071717357,0.008174390990119035,0.0,2
1584,0.0009151921903599756,0.07076075835415055,0.00011412269103251343,0.6666666666666666,2
1585,0.003355704697986577,0.07453810525219819,0.010878366574073548,0.10909090909090909,2
1586,0.0009151921903599756,0.0019099663103164708,7.633583522481741e-06,0.0,1
1587,0.0030506406345332518,0.09694173816133378,0.013072407244003461,0.022222222222222223,4
1588,0.0003050640634533252,0.0003050640634533252,0.0,0.0,1
1589,0.0009151921903599756,0.05720793352070023,0.0002563174194621252,0.0,2
1590,0.0006101281269066504,0.08612844317276447,3.884159114206685e-06,0.0,2
1591,0.0018303843807199512,0.08894141680537927,0.0011935199649155896,0.06666666666666667,3
1592,0.0003050640634533252,0.0003050640634533252,0.0,0.0,1
1593,0.0003050640634533252,0.0003050640634533252,0.0,0.0,1
1594,0.0003050640634533252,0.0003050640634533252,0.0,0.0,1
1595,0.0003050640634533252,0.0006972892878933147,0.0,0.0,1
1596,0.0012202562538133007,0.0012202562538133007,1.861849639629693e-07,0.6666666666666666,3
1597,0.0003050640634533252,0.0003050640634533252,0.0,0.0,1
1598,0.0003050640634533252,0.00040675208460443356,0.0,0.0,1
1599,0.0006101281269066504,0.08006235082235351,1.7687571576482083e-07,0.0,2
1600,0.0015253203172666259,0.07428344686657518,0.00011723319389446584,0.3,4
1601,0.0003050640634533252,0.0003050640634533252,0.0,0.0,1
1603,0.0009151921903599756,0.05631420655400617,4.6546240990742326e-08,0.6666666666666666,2
1604,0.0003050640634533252,0.0003050640634533252,0.0,0.0,1
1605,0.005186089078706528,0.091258278495646,0.001392772044538955,0.36764705882352944,7
1606,0.0003050640634533252,0.056203297235337527,0.0,0.0,1
1607,0.0012202562538133007,0.08641642547597288,2.9089095521894055e-07,0.8333333333333334,4
1608,0.0003050640634533252,0.0003050640634533252,0.0,0.0,1
1609,0.0009151921903599756,0.09595704099612233,0.003718287472077273,0.0,2
1610,0.0009151921903599756,0.04633606522629207,0.000788493322383175,0.0,1
1611,0.0003050640634533252,0.0003050640634533252,0.0,0.0,1
1612,0.0003050640634533252,0.00040675208460443356,0.0,0.0,1
1613,0.0009151921903599756,0.06471025889170663,0.001648102518006467,0.3333333333333333,2
1614,0.0003050640634533252,0.0003050640634533252,0.0,0.0,1
1615,0.0003050640634533252,0.07248316013438703,0.0,0.0,1
1616,0.0009151921903599756,0.0012202562538133007,9.309248198148465e-07,0.3333333333333333,2
1617,0.0024405125076266015,0.0811244749907993,0.0013249561692007718,0.07142857142857142,3
1618,0.0003050640634533252,0.06664656061011269,0.0,0.0,1
1619,0.0006101281269066504,0.06381192398302647,0.0,1.0,2
1620,0.007016473459426479,0.10132308308452151,0.07544517534120641,0.043478260869565216,3
1621,0.0006101281269066504,0.06400274554806308,0.004317256944373332,0.0,2
1622,0.0009151921903599756,0.0779572454737719,0.0003943583721699653,0.0,2
1623,0.0006101281269066504,0.0006101281269066504,0.0,1.0,2
1624,0.0006101281269066504,0.0013005362705115443,0.0,1.0,2
1625,0.008846857840146431,0.10546556515396106,0.04272023040709765,0.03940886699507389,4
1626,0.0006101281269066504,0.0006101281269066504,1.861849639629693e-07,0.0,1
1627,0.0006101281269066504,0.0006101281269066504,0.0,1.0,2
1628,0.0003050640634533252,0.0005491153142159853,0.0,0.0,1
1629,0.0006101281269066504,0.07850680652336349,3.103082732716155e-08,0.0,2
1630,0.0009151921903599756,0.08979852892484896,0.0035860354661365976,0.0,2
1631,0.0003050640634533252,0.0003050640634533252,0.0,0.0,1
1633,0.0003050640634533252,0.08612844317276447,0.0,0.0,1
1634,0.0009151921903599756,0.07760391820404772,0.0008013578008824791,0.0,2
1635,0.0006101281269066504,0.08237336942808623,0.000394339753673569,0.0,1
1636,0.0003050640634533252,0.0003050640634533252,0.0,0.0,1
1637,0.0003050640634533252,0.05619407450851847,0.0,0.0,1
1638,0.0003050640634533252,0.0005491153142159853,0.0,0.0,1
1639,0.0003050640634533252,0.0008793023005419374,0.0,0.0,1
1640,0.0009151921903599756,0.07546618699904392,4.092736751104945e-05,0.6666666666666666,2
1641,0.0003050640634533252,0.053469699438662116,0.0,0.0,1
1642,0.0003050640634533252,0.06959944922613923,0.0,0.0,1
1643,0.0003050640634533252,0.0003050640634533252,0.0,0.0,1
1644,0.0036607687614399025,0.09209888793247133,0.0010471630319333295,0.22727272727272727,5
1645,0.0003050640634533252,0.00040675208460443356,0.0,0.0,1
1646,0.0003050640634533252,0.0003050640634533252,0.0,0.0,1
1647,0.0018303843807199512,0.08666245477791004,0.0006452670808077175,0.3333333333333333,4
1648,0.0006101281269066504,0.05958962719013556,0.000394339753673569,0.0,1
1649,0.0003050640634533252,0.00040675208460443356,0.0,0.0,1
1650,0.0009151921903599756,0.0009151921903599756,3.723699279259386e-07,0.3333333333333333,2
1651,0.0009151921903599756,0.04505136524320494,3.19617521469764e-06,0.6666666666666666,2
1652,0.0003050640634533252,0.06515347984301971,0.0,0.0,1
1653,0.0003050640634533252,0.0004575960951799878,0.0,0.0,1
1654,0.0003050640634533252,0.08222009365063902,0.0,0.0,1
1655,0.002135448444173276,0.08791391824784328,0.006836459980976558,0.0,3
1656,0.0003050640634533252,0.06990848015819365,0.0,0.0,1
1657,0.0003050640634533252,0.07970364018501375,0.0,0.0,1
1658,0.0003050640634533252,0.08599866651303655,0.0,0.0,1
1659,0.0003050640634533252,0.050997273276978644,0.0,0.0,1
1660,0.0006101281269066504,0.08105726730692031,0.0,1.0,2
1661,0.0003050640634533252,0.0003050640634533252,0.0,0.0,1
1662,0.0006101281269066504,0.0008135041692088671,0.0,1.0,2
1663,0.0009151921903599756,0.08606350591980687,0.000394339753673569,0.3333333333333333,2
1664,0.0006101281269066504,0.0006101281269066504,1.861849639629693e-07,0.0,1
1665,0.0015253203172666259,0.08896452297328351,0.0013199351824228244,0.0,3
1666,0.0036607687614399025,0.09383386492804811,0.0016795003571708233,0.06060606060606061,4
1667,0.0006101281269066504,0.056205603390080267,0.0023604529731225247,0.0,2
1668,0.0015253203172666259,0.0898869191035925,0.0015786727114253008,0.0,2
1669,0.0006101281269066504,0.0006863941427699817,0.0,1.0,2
1670,0.0009151921903599756,0.07999221912051192,0.0007891806552084716,0.0,2
1671,0.0006101281269066504,0.07163782020917558,0.001181902151236929,0.0,2
1672,0.0012202562538133007,0.06805041284811199,0.001802754043824348,0.3333333333333333,3
1673,0.0003050640634533252,0.0003050640634533252,0.0,0.0,1
1674,0.0003050640634533252,0.0003050640634533252,0.0,0.0,1
1675,0.0006101281269066504,0.001084672225611823,0.0,1.0,2
1676,0.0015253203172666259,0.06811470712181233,8.068015105062005e-07,0.5,3
1677,0.0012202562538133007,0.07840794277158822,0.012169895113843554,0.0,2
1678,0.0009151921903599756,0.09088890984139382,0.003851092554804985,0.3333333333333333,3
1679,0.0003050640634533252,0.000844792791101516,0.0,0.0,1
1680,0.0003050640634533252,0.0003050640634533252,0.0,0.0,1
1681,0.0003050640634533252,0.0003050640634533252,0.0,0.0,1
1682,0.0006101281269066504,0.0698656921462637,0.000394339753673569,0.0,1
1683,0.002135448444173276,0.06945123765246901,0.00021355072042194163,0.0,3
1684,0.0006101281269066504,0.07072057205945821,0.0005038215404374114,0.0,2
1685,0.0003050640634533252,0.06271055991483065,0.0,0.0,1
1686,0.0003050640634533252,0.06028460347767125,0.0,0.0,1
1687,0.0015253203172666259,0.07778018058143468,0.014810047429477766,0.0,2
1688,0.0003050640634533252,0.0003050640634533252,0.0,0.0,1
1689,0.0003050640634533252,0.0003050640634533252,0.0,0.0,1
1690,0.0003050640634533252,0.00040675208460443356,0.0,0.0,1
1691,0.0003050640634533252,0.06974474339203901,0.0,0.0,1
1692,0.0003050640634533252,0.0003050640634533252,0.0,0.0,1
1693,0.0003050640634533252,0.08064210292120842,0.0,0.0,1
1694,0.0006101281269066504,0.059620751260920396,0.0002936475204450488,0.0,2
1695,0.0006101281269066504,0.0006863941427699817,0.0,1.0,2
1696,0.0006101281269066504,0.06958177182869278,0.0,1.0,2
1697,0.0003050640634533252,0.07138395748708355,0.0,0.0,1
1698,0.0012202562538133007,0.07567882653147216,0.006355388233363982,0.0,2
1699,0.0009151921903599756,0.06295554555656063,3.7236992792593864e-08,0.6666666666666666,3
1700,0.0003050640634533252,0.0003050640634533252,0.0,0.0,1
1701,0.0006101281269066504,0.08065159916507574,0.000394339753673569,0.0,1
1702,0.0009151921903599756,0.08819694547805332,0.000788307137419212,0.3333333333333333,2
1703,0.0003050640634533252,0.06872644424362281,0.0,0.0,1
1704,0.0018303843807199512,0.08048573713024539,0.00022683398202732495,0.6,4
1705,0.0015253203172666259,0.06779780044642873,0.0027526578058759852,0.4,3
1706,0.0006101281269066504,0.0006101281269066504,1.861849639629693e-07,0.0,1
1707,0.0012202562538133007,0.0024489865093891942,2.3273120495371164e-06,0.3333333333333333,2
1708,0.004575960951799878,0.08596088862376192,0.00015675191316371175,0.5333333333333333,7
1709,0.0009151921903599756,0.054066972970974785,0.0005903925207265757,0.6666666666666666,2
1710,0.0012202562538133007,0.0637317619792326,0.0035359317431027317,0.16666666666666666,2
1711,0.0006101281269066504,0.07761711016657107,0.0,1.0,2
1712,0.0003050640634533252,0.0003050640634533252,0.0,0.0,1
1713,0.0003050640634533252,0.0003050640634533252,0.0,0.0,1
1714,0.0006101281269066504,0.0006863941427699817,3.723699279259386e-07,0.0,1
1715,0.0003050640634533252,0.06709707373106276,0.0,0.0,1
1716,0.0003050640634533252,0.0003050640634533252,0.0,0.0,1
1717,0.0006101281269066504,0.05458187600492693,0.0,1.0,2
1718,0.002135448444173276,0.055657501126311244,1.208872373159565e-06,0.6190476190476191,5
1719,0.0003050640634533252,0.052222141068228985,0.0,0.0,1
1720,0.0006101281269066504,0.0009490881974103451,2.420404531518601e-06,0.0,1
1721,0.0018303843807199512,0.08352867615218282,0.0007885243532105023,0.3333333333333333,3
1722,0.0003050640634533252,0.0004575960951799878,0.0,0.0,1
1723,0.0003050640634533252,0.050500912852811025,0.0,0.0,1
1724,0.0024405125076266015,0.08637283310546984,0.0020577163641180146,0.03571428571428571,3
1725,0.0015253203172666259,0.08679974400986289,0.0018937604678992495,0.3,4
1726,0.0009151921903599756,0.06084155459801218,2.3273120495371163e-08,0.6666666666666666,3
1727,0.0003050640634533252,0.07450972368470661,0.0,0.0,1
1728,0.0006101281269066504,0.07327021985662724,0.000788307137419212,0.0,1
1729,0.0006101281269066504,0.06918464367996596,0.000394339753673569,0.0,1
1730,0.0006101281269066504,0.001390524568298878,9.123063234185495e-06,0.0,1
1731,0.002135448444173276,0.09249691135253199,0.0019314107744146261,0.0,4
1732,0.0003050640634533252,0.06285443767354867,0.0,0.0,1
1733,0.0012202562538133007,0.049904793071249134,0.001969278363836326,0.0,1
1734,0.0006101281269066504,0.07252153537799906,0.000197076784354803,0.0,2
1735,0.0003050640634533252,0.0010216098869134612,0.0,0.0,1
1736,0.0018303843807199512,0.08812318323595253,0.0004906343026585866,0.13333333333333333,4
1737,0.0006101281269066504,0.06994417689030057,0.000788307137419212,0.0,1
1738,0.0006101281269066504,0.06269907814435145,6.20616546543231e-08,0.0,2
1739,0.0003050640634533252,0.0003050640634533252,0.0,0.0,1
1740,0.0006101281269066504,0.0806136276023803,1.5515413663580774e-08,0.0,2
1741,0.0003050640634533252,0.0003050640634533252,0.0,0.0,1
1742,0.0003050640634533252,0.05867832249056058,0.0,0.0,1
1743,0.0003050640634533252,0.06285443767354867,0.0,0.0,1
1744,0.0003050640634533252,0.04323821844127671,0.0,0.0,1
1745,0.0003050640634533252,0.0003050640634533252,0.0,0.0,1
1746,0.0012202562538133007,0.06945123765246901,0.0007359000055008506,0.6666666666666666,3
1747,0.0006101281269066504,0.06709378723646386,0.0,1.0,2
1748,0.0003050640634533252,0.0008793023005419374,0.0,0.0,1
1749,0.0003050640634533252,0.05678814146261126,0.0,0.0,1
1750,0.0006101281269066504,0.0006101281269066504,1.861849639629693e-07,0.0,1
1751,0.0006101281269066504,0.06174382511695498,1.954942121611178e-06,0.0,2
1752,0.0003050640634533252,0.0007844504488799791,0.0,0.0,1
1753,0.0003050640634533252,0.08064210292120842,0.0,0.0,1
1754,0.0003050640634533252,0.04953125149953521,0.0,0.0,1
1755,0.0006101281269066504,0.07059664795236026,8.506406419097467e-06,0.0,2
1756,0.0003050640634533252,0.0003050640634533252,0.0,0.0,1
1757,0.0009151921903599756,0.06822666534938716,0.0015724251131492572,0.3333333333333333,2
1758,0.002135448444173276,0.08575638641580456,0.0004600552217916836,0.09523809523809523,3
1759,0.002745576571079927,0.10203253334969431,0.00932654817128794,0.2222222222222222,4
1760,0.0012202562538133007,0.07796611988272788,0.0007883257559156084,0.16666666666666666,2
1761,0.0009151921903599756,0.0795739955977487,2.482466186172924e-07,0.3333333333333333,2
1762,0.0006101281269066504,0.04460683731339215,0.000394339753673569,0.0,1
1763,0.0003050640634533252,0.0003050640634533252,0.0,0.0,1
1764,0.0006101281269066504,0.07598107167848049,0.0015751247951267203,0.0,1
1766,0.0006101281269066504,0.0012355094569859672,2.6065894954815703e-06,0.0,1
1767,0.0012202562538133007,0.0022969529483544485,8.843785788241041e-06,0.0,2
1768,0.0015253203172666259,0.08081337818404992,0.0007961702194569699,0.3,3
1769,0.0006101281269066504,0.07163407385313493,6.654918968317416e-06,0.0,2
1770,0.0009151921903599756,0.06813164686494137,0.0035356990118977777,0.0,2
1771,0.0006101281269066504,0.08762149045094647,0.0005366055644197056,0.0,2
1772,0.0015253203172666259,0.07832276060493146,0.0035355170828697173,0.6,3
1773,0.0003050640634533252,0.0003050640634533252,0.0,0.0,1
1774,0.0006101281269066504,0.07761711016657107,0.0,1.0,2
1775,0.0003050640634533252,0.0003050640634533252,0.0,0.0,1
1776,0.0003050640634533252,0.0003050640634533252,0.0,0.0,1
1777,0.0003050640634533252,0.07962950588417894,0.0,0.0,1
1778,0.0006101281269066504,0.07718413028791606,0.0001431036430839701,0.0,2
1779,0.0012202562538133007,0.0014948139109212935,1.024017301796331e-06,0.5,2
1780,0.0003050640634533252,0.051787779214353354,0.0,0.0,1
1781,0.0003050640634533252,0.0006355501321944275,0.0,0.0,1
1782,0.0009151921903599756,0.07158914812478552,0.009230918009289412,0.0,2
1783,0.0006101281269066504,0.0006863941427699817,3.723699279259386e-07,0.0,1
1784,0.0006101281269066504,0.0006863941427699817,3.723699279259386e-07,0.0,1
1785,0.0003050640634533252,0.06852702787631429,0.0,0.0,1
1786,0.0003050640634533252,0.0003050640634533252,0.0,0.0,1
1787,0.0003050640634533252,0.056291064363427554,0.0,0.0,1
1788,0.0003050640634533252,0.0006863941427699817,0.0,0.0,1
1789,0.0003050640634533252,0.06476839378786922,0.0,0.0,1
1790,0.0003050640634533252,0.0003050640634533252,0.0,0.0,1
1791,0.0009151921903599756,0.06985856590267474,0.002753675617012316,0.0,2
1792,0.0003050640634533252,0.061208577694251136,0.0,0.0,1
1793,0.0003050640634533252,0.0003050640634533252,0.0,0.0,1
1794,0.0003050640634533252,0.05238791296208537,0.0,0.0,1
1795,0.0009151921903599756,0.08144281825433416,0.000788307137419212,0.3333333333333333,2
1796,0.0003050640634533252,0.07369595740139055,0.0,0.0,1
1797,0.0003050640634533252,0.0825968861685749,0.0,0.0,1
1798,0.0003050640634533252,0.0003050640634533252,0.0,0.0,1
1799,0.0003050640634533252,0.07140628474272252,0.0,0.0,1
1800,0.0003050640634533252,0.0003050640634533252,0.0,0.0,1
1801,0.0006101281269066504,0.0006101281269066504,1.861849639629693e-07,0.0,1
1802,0.0012202562538133007,0.07270630362100033,0.000925030763468177,0.16666666666666666,3
1803,0.0003050640634533252,0.0003050640634533252,0.0,0.0,1
1804,0.0003050640634533252,0.05867832249056058,0.0,0.0,1
1805,0.0006101281269066504,0.0006101281269066504,1.861849639629693e-07,0.0,1
1806,0.0006101281269066504,0.0009965426072808623,1.1171097837778158e-06,0.0,1
1807,0.0003050640634533252,0.0003050640634533252,0.0,0.0,1
1808,0.0015253203172666259,0.06578555183073893,0.005028468826878416,0.0,3
1809,0.0012202562538133007,0.06635599284113967,2.9710045847532112e-05,0.5,3
1810,0.0009151921903599756,0.0013005362705115443,6.516473738703926e-07,0.6666666666666666,2
1811,0.002135448444173276,0.0802687817298357,0.0023632457475819693,0.0,1
1812,0.0009151921903599756,0.07779343254314211,0.000961297609521636,0.0,2
1813,0.0009151921903599756,0.07045503344407192,0.0017325081537866768,0.0,2
1814,0.0006101281269066504,0.0006101281269066504,1.861849639629693e-07,0.0,1
1815,0.0003050640634533252,0.0003050640634533252,0.0,0.0,1
1816,0.0003050640634533252,0.0003050640634533252,0.0,0.0,1
1817,0.0006101281269066504,0.10054956765907995,0.04748642084873553,0.0,2
1818,0.0012202562538133007,0.07479859991370318,0.0030725280362080263,0.0,2
1819,0.0003050640634533252,0.000762660158633313,0.0,0.0,1
1820,0.0003050640634533252,0.0003050640634533252,0.0,0.0,1
1821,0.0018303843807199512,0.09314475453689963,0.0021572625377200786,0.06666666666666667,3
1822,0.004270896888346552,0.08465402386871307,0.038750661126970135,0.04395604395604396,3
1823,0.0009151921903599756,0.05996789949302365,0.0025582467559732633,0.0,2
1824,0.0003050640634533252,0.0628486698884903,0.0,0.0,1
1825,0.0009151921903599756,0.07799275523655676,0.000394525938637532,0.0,2
1826,0.0003050640634533252,0.08759907656325677,0.0,0.0,1
1827,0.0003050640634533252,0.001271100264388855,0.0,0.0,1
1828,0.0012202562538133007,0.001271100264388855,7.447398558518772e-07,0.5,3
1829,0.0012202562538133007,0.06887850154470992,0.0019091957461077837,0.0,2
1830,0.0003050640634533252,0.0003050640634533252,0.0,0.0,1
1831,0.0009151921903599756,0.07882303833695743,0.00011957353358115229,0.0,2
1832,0.0006101281269066504,0.06470108923620264,4.6546240990742326e-08,0.0,2
1833,0.0006101281269066504,0.0006863941427699817,9.309248198148465e-08,0.0,2
1834,0.0003050640634533252,0.08599866651303655,0.0,0.0,1
1835,0.0015253203172666259,0.08624231947488802,0.0012465119696975283,0.1,2
1836,0.002135448444173276,0.07597264338433977,0.0020379906149379737,0.19047619047619047,3
1837,0.0003050640634533252,0.07045865748776535,0.0,0.0,1
1838,0.0003050640634533252,0.06631744179228498,0.0,0.0,1
1839,0.0003050640634533252,0.00040675208460443356,0.0,0.0,1
1840,0.0009151921903599756,0.0015018538508471395,5.585548918889079e-07,0.6666666666666666,2
1841,0.0006101281269066504,0.052899774473609565,0.000394339753673569,0.0,1
1842,0.0006101281269066504,0.07555359957085749,5.489389251856528e-05,0.0,2
1843,0.0012202562538133007,0.08985743638281593,0.0060080708817016396,0.16666666666666666,2
1844,0.0003050640634533252,0.0538142044558673,0.0,0.0,1
1845,0.0009151921903599756,0.06396389260890246,0.000788307137419212,0.3333333333333333,2
1846,0.0006101281269066504,0.050853384326538686,0.000394339753673569,0.0,1
1847,0.0009151921903599756,0.05558522745686995,0.0003947803914216147,0.0,2
1848,0.0003050640634533252,0.08283664490926743,0.0,0.0,1
1849,0.0003050640634533252,0.07161534794895416,0.0,0.0,1
1850,0.0003050640634533252,0.001084672225611823,0.0,0.0,1
1851,0.0003050640634533252,0.051656928016730636,0.0,0.0,1
1852,0.0003050640634533252,0.0003050640634533252,0.0,0.0,1
1853,0.0030506406345332518,0.09647744472599283,0.0034378680309073905,0.08888888888888889,4
1854,0.0006101281269066504,0.06137587419211606,0.000788307137419212,0.0,1
1855,0.0006101281269066504,0.05404137610840124,0.0,1.0,2
1856,0.0003050640634533252,0.04412688487274165,0.0,0.0,1
1857,0.0003050640634533252,0.00040675208460443356,0.0,0.0,1
1858,0.0012202562538133007,0.0016270083384177343,1.4894797117037544e-06,0.16666666666666666,2
1859,0.0003050640634533252,0.00040675208460443356,0.0,0.0,1
1860,0.0006101281269066504,0.0015380313199105143,1.1171097837778158e-06,0.0,2
1861,0.0006101281269066504,0.06697241285970988,0.0,1.0,2
1862,0.0003050640634533252,0.0003050640634533252,0.0,0.0,1
1863,0.0006101281269066504,0.06032974059544797,0.0010159787967654334,0.0,2
1864,0.0015253203172666259,0.07430359426198244,0.002363279162800288,0.0,2
1865,0.0018303843807199512,0.08421165376980488,0.0065307898474340625,0.0,2
1866,0.0006101281269066504,0.0009965426072808623,4.6546240990742326e-07,0.0,2
1867,0.0012202562538133007,0.05403284920593453,0.0007001881104628872,0.16666666666666666,2
1868,0.0012202562538133007,0.06861971547037603,0.0038334922254454535,0.16666666666666666,2
1869,0.0006101281269066504,0.0006863941427699817,3.723699279259386e-07,0.0,1
1870,0.0003050640634533252,0.0006972892878933147,0.0,0.0,1
1871,0.0006101281269066504,0.0772930120877805,0.00011425609646903077,0.0,2
1872,0.0003050640634533252,0.07593052994565666,0.0,0.0,1
1873,0.0003050640634533252,0.0003050640634533252,0.0,0.0,1
1874,0.0009151921903599756,0.06684169034400264,9.309248198148465e-08,0.6666666666666666,2
1875,0.004881025015253203,0.09661353930171013,0.021456260553560293,0.08333333333333333,4
1876,0.0003050640634533252,0.0003050640634533252,0.0,0.0,1
1877,0.0018303843807199512,0.0979748773492344,0.011174316117790326,0.0,2
1878,0.0009151921903599756,0.0009762050030506406,5.585548918889079e-07,0.3333333333333333,2
1879,0.0030506406345332518,0.09156940706060875,0.0075358628714470655,0.0,3
1880,0.0003050640634533252,0.06425493762171153,0.0,0.0,1
1882,0.0003050640634533252,0.0358977608946917,0.0,0.0,1
1883,0.0009151921903599756,0.06961359761242294,0.000788493322383175,0.0,1
1884,0.0003050640634533252,0.0008825067549899766,0.0,0.0,1
1885,0.0003050640634533252,0.04296831017973105,0.0,0.0,1
1887,0.002135448444173276,0.055707298394389614,0.002559923097821927,0.09523809523809523,2
1888,0.0003050640634533252,0.0003050640634533252,0.0,0.0,1
1889,0.0009151921903599756,0.0012202562538133007,3.6306067972779014e-06,0.0,2
1890,0.0012202562538133007,0.07142862596963269,0.0028022415704255354,0.16666666666666666,2
1891,0.0006101281269066504,0.07464371207125749,0.00013192109159304084,0.0,2
1892,0.0003050640634533252,0.0003050640634533252,0.0,0.0,1
1893,0.0003050640634533252,0.00040675208460443356,0.0,0.0,1
1894,0.0030506406345332518,0.0955754088905698,0.03441927422857965,0.15555555555555556,3
1895,0.0003050640634533252,0.07183317217576413,0.0,0.0,1
1896,0.006406345332519829,0.06709378723646386,0.01711067916704388,0.07142857142857142,5
1897,0.0003050640634533252,0.00040675208460443356,0.0,0.0,1
1898,0.0003050640634533252,0.0003050640634533252,0.0,0.0,1
1899,0.0003050640634533252,0.0003050640634533252,0.0,0.0,1
1900,0.0003050640634533252,0.0003050640634533252,0.0,0.0,1
1901,0.0006101281269066504,0.07967118945033713,9.309248198148465e-08,0.0,2
1902,0.0009151921903599756,0.055664286419849086,9.229454642164334e-07,0.6666666666666666,3
1903,0.0018303843807199512,0.08803822612119327,0.043101440484332204,0.0,2
1904,0.0006101281269066504,0.07480676971326777,0.006502627296161329,0.0,2
1905,0.0003050640634533252,0.00040675208460443356,0.0,0.0,1
1906,0.0006101281269066504,0.0006863941427699817,3.723699279259386e-07,0.0,1
1907,0.0018303843807199512,0.06080104577298798,0.0015960794699752363,0.0,2
1908,0.0006101281269066504,0.0006101281269066504,0.0,1.0,2
1909,0.0003050640634533252,0.0003050640634533252,0.0,0.0,1
1910,0.0006101281269066504,0.07696728438611261,0.0035356524656567872,0.0,1
1911,0.0003050640634533252,0.00040675208460443356,0.0,0.0,1
1912,0.0006101281269066504,0.08617178914315841,0.0021773280909433146,0.0,2
1913,0.0003050640634533252,0.0003050640634533252,0.0,0.0,1
1914,0.0003050640634533252,0.0003050640634533252,0.0,0.0,1
1915,0.0015253203172666259,0.09127043978009369,0.004601334733125233,0.2,2
1916,0.0006101281269066504,0.053672926618065366,0.004707500628839716,0.0,2
1917,0.0006101281269066504,0.06935278012352013,0.0,1.0,2
1918,0.002745576571079927,0.0914349349322239,0.0012923012466522145,0.19444444444444445,4
1919,0.0003050640634533252,0.06406261155269134,0.0,0.0,1
1920,0.0003050640634533252,0.07249466844242637,0.0,0.0,1
1921,0.0009151921903599756,0.08825945619971946,0.0025142050477634766,0.3333333333333333,3
1922,0.0003050640634533252,0.06959944922613923,0.0,0.0,1
1923,0.0006101281269066504,0.07214340128612451,0.0,1.0,2
1924,0.0003050640634533252,0.058738711844753266,0.0,0.0,1
1925,0.0006101281269066504,0.06227718846190707,5.585548918889079e-07,0.0,2
1926,0.0003050640634533252,0.0006972892878933147,0.0,0.0,1
1927,0.0006101281269066504,0.05964411565878456,0.0009172825345912649,0.0,2
1928,0.0009151921903599756,0.0009151921903599756,9.309248198148465e-08,0.6666666666666666,2
1929,0.0003050640634533252,0.0003050640634533252,0.0,0.0,1
1930,0.0003050640634533252,0.0003050640634533252,0.0,0.0,1
1931,0.0003050640634533252,0.0003050640634533252,0.0,0.0,1
1932,0.0012202562538133007,0.07749415932448779,0.00012607804208201223,0.3333333333333333,3
1933,0.0018303843807199512,0.001774918187364801,4.468439135111263e-06,0.06666666666666667,2
1934,0.0003050640634533252,0.0003050640634533252,0.0,0.0,1
1935,0.0003050640634533252,0.00040675208460443356,0.0,0.0,1
1936,0.0003050640634533252,0.0009965426072808623,0.0,0.0,1
1937,0.0003050640634533252,0.0003050640634533252,0.0,0.0,1
1938,0.0006101281269066504,0.0006101281269066504,0.0,1.0,2
1939,0.0006101281269066504,0.07288813708400183,0.000788307137419212,0.0,1
1940,0.0012202562538133007,0.09160614995115669,0.001300431077883411,0.3333333333333333,4
1941,0.0003050640634533252,0.0003050640634533252,0.0,0.0,1
1942,0.0006101281269066504,0.07611617916312771,0.000394339753673569,0.0,1
1943,0.009151921903599756,0.09203700599473534,0.0022328835396984792,0.07586206896551724,7
1944,0.0024405125076266015,0.08285668764938581,0.005621501108384255,0.0,2
1945,0.0003050640634533252,0.0712539929369354,0.0,0.0,1
1946,0.0003050640634533252,0.07536238777616891,0.0,0.0,1
1947,0.0003050640634533252,0.0003050640634533252,0.0,0.0,1
1948,0.0012202562538133007,0.049549168392824965,0.0007888036306564467,0.16666666666666666,2
1949,0.0012202562538133007,0.0012202562538133007,9.309248198148465e-07,0.16666666666666666,2
1950,0.0003050640634533252,0.0015743484703216247,0.0,0.0,1
1951,0.0003050640634533252,0.0003050640634533252,0.0,0.0,1
1952,0.0003050640634533252,0.0003050640634533252,0.0,0.0,1
1953,0.0006101281269066504,0.07253689685552035,0.0008371139066752892,0.0,2
1954,0.0003050640634533252,0.0003050640634533252,0.0,0.0,1
1955,0.0003050640634533252,0.0003050640634533252,0.0,0.0,1
1956,0.0012202562538133007,0.0903195806553901,0.001211275729777965,0.16666666666666666,3
1957,0.0003050640634533252,0.0003050640634533252,0.0,0.0,1
1958,0.0006101281269066504,0.07620086561079473,0.0,1.0,2
1959,0.0003050640634533252,0.07397455096504002,0.0,0.0,1
1960,0.0006101281269066504,0.0006101281269066504,1.861849639629693e-07,0.0,1
1961,0.0006101281269066504,0.08849895078302404,0.005980026687998627,0.0,2
1962,0.0006101281269066504,0.0006101281269066504,1.861849639629693e-07,0.0,1
1963,0.0003050640634533252,0.0003050640634533252,0.0,0.0,1
1964,0.0006101281269066504,0.0718407069921669,0.0,1.0,2
1965,0.002135448444173276,0.10249826101613635,0.009769383030125678,0.14285714285714285,4
1966,0.0003050640634533252,0.053469699438662116,0.0,0.0,1
1967,0.002135448444173276,0.09323351213038704,0.019341432007509932,0.14285714285714285,3
1968,0.0003050640634533252,0.04735486276082577,0.0,0.0,1
1969,0.0003050640634533252,0.0003050640634533252,0.0,0.0,1
1970,0.0009151921903599756,0.0682538621864391,0.004681511026816165,0.0,2
1971,0.002745576571079927,0.07553693394836473,0.01543586405780728,0.05555555555555555,3
1972,0.0003050640634533252,0.0003050640634533252,0.0,0.0,1
1973,0.0009151921903599756,0.08600406606515013,0.0016824018006856587,0.0,2
1974,0.0003050640634533252,0.0003050640634533252,0.0,0.0,1
1975,0.0003050640634533252,0.0003050640634533252,0.0,0.0,1
1976,0.0003050640634533252,0.07651157684296744,0.0,0.0,1
1977,0.0003050640634533252,0.00040675208460443356,0.0,0.0,1
1978,0.0003050640634533252,0.0003050640634533252,0.0,0.0,1
1979,0.0009151921903599756,0.0009151921903599756,5.585548918889079e-07,0.0,1
1980,0.0003050640634533252,0.07593052994565666,0.0,0.0,1
1981,0.002745576571079927,0.06322870938975472,0.0019042421577117334,0.1388888888888889,3
1982,0.0003050640634533252,0.0003050640634533252,0.0,0.0,1
1983,0.0006101281269066504,0.059205859276436984,0.0015598500449248154,0.0,2
1984,0.0003050640634533252,0.0006101281269066504,0.0,0.0,1
1985,0.0003050640634533252,0.06207680414300943,0.0,0.0,1
1986,0.0009151921903599756,0.08116773881367896,0.00013970338862071563,0.0,3
1987,0.0006101281269066504,0.07275650715566188,0.0,1.0,2
1988,0.0003050640634533252,0.00040675208460443356,0.0,0.0,1
1989,0.002135448444173276,0.09141052787585226,0.00188687180690057,0.19047619047619047,4
1990,0.0009151921903599756,0.04682551397188823,0.0,1.0,3
1991,0.0012202562538133007,0.0015443868212324588,4.468439135111263e-06,0.0,2
1992,0.003355704697986577,0.07755997736366266,0.019372442553603514,0.0,2
1993,0.0003050640634533252,0.00040675208460443356,0.0,0.0,1
1994,0.0003050640634533252,0.0007867441636427861,0.0,0.0,1
1995,0.0006101281269066504,0.08356944422058729,1.9066064931003486e-05,0.0,2
1996,0.0006101281269066504,0.07603590120564231,2.211652289469857e-05,0.0,2
1997,0.0009151921903599756,0.08082291481116628,0.00016055873557785336,0.0,2
1998,0.0003050640634533252,0.0005491153142159853,0.0,0.0,1
1999,0.0009151921903599756,0.06566571237869828,1.3298925997354948e-07,0.6666666666666666,3
2000,0.0006101281269066504,0.07741094999828461,0.000788307137419212,0.0,1
2001,0.0003050640634533252,0.07153307014568104,0.0,0.0,1
2002,0.0003050640634533252,0.08082768396882316,0.0,0.0,1
2003,0.0003050640634533252,0.0005491153142159853,0.0,0.0,1
2004,0.0003050640634533252,0.0003050640634533252,0.0,0.0,1
2005,0.0012202562538133007,0.06566256460474791,0.002428608532635841,0.0,2
2006,0.0003050640634533252,0.0003050640634533252,0.0,0.0,1
2007,0.0006101281269066504,0.0479818817507232,0.000394339753673569,0.0,1
2008,0.0003050640634533252,0.0003050640634533252,0.0,0.0,1
2009,0.0006101281269066504,0.0009983914803927006,0.0,1.0,2
2010,0.0006101281269066504,0.0006863941427699817,9.309248198148465e-08,0.0,2
2011,0.0006101281269066504,0.0599128180999714,3.129871813043405e-05,0.0,2
2012,0.0003050640634533252,0.05340507467034372,0.0,0.0,1
2013,0.0006101281269066504,0.06521551895922902,9.309248198148465e-08,0.0,2
2014,0.0006101281269066504,0.0006101281269066504,1.861849639629693e-07,0.0,1
2015,0.0006101281269066504,0.002003716234954795,1.3032947477407851e-06,0.0,2
2016,0.0003050640634533252,0.00040675208460443356,0.0,0.0,1
2017,0.0006101281269066504,0.07255995127765898,0.000394339753673569,0.0,1
2018,0.0003050640634533252,0.0003050640634533252,0.0,0.0,1
2019,0.0003050640634533252,0.0003050640634533252,0.0,0.0,1
2020,0.0012202562538133007,0.07760831502660885,0.009513567923598204,0.16666666666666666,2
2021,0.0024405125076266015,0.08949345094862447,0.0001853203322115489,0.2857142857142857,5
2022,0.0009151921903599756,0.06273640928000578,0.00048627274209612424,0.0,2
2023,0.0030506406345332518,0.08695402527897202,0.00019700044205448193,0.4444444444444444,5
2024,0.0003050640634533252,0.07330943324697062,0.0,0.0,1
2025,0.0009151921903599756,0.07926548001965432,3.103082732716155e-07,0.0,3
2026,0.0003050640634533252,0.0003050640634533252,0.0,0.0,1
2027,0.0006101281269066504,0.0582095342605663,0.000394339753673569,0.0,1
2028,0.0009151921903599756,0.07800607973915981,0.0003945569694648592,0.0,2
2029,0.0003050640634533252,0.0004575960951799878,0.0,0.0,1
2030,0.0003050640634533252,0.06704452842345682,0.0,0.0,1
2031,0.0006101281269066504,0.0011484764741772242,0.0,1.0,2
2032,0.0009151921903599756,0.08889524045815084,0.0,1.0,3
2033,0.0012202562538133007,0.06962067396287909,0.0011824607061288182,0.0,1
2034,0.0003050640634533252,0.0003050640634533252,0.0,0.0,1
2035,0.0006101281269066504,0.06225454529926129,0.000394339753673569,0.0,1
2036,0.0003050640634533252,0.0003050640634533252,0.0,0.0,1
2037,0.0006101281269066504,0.0006863941427699817,0.0,1.0,2
2038,0.0003050640634533252,0.0005491153142159853,0.0,0.0,1
2039,0.0003050640634533252,0.050762924704256085,0.0,0.0,1
2040,0.0003050640634533252,0.05556042671451473,0.0,0.0,1
2041,0.0012202562538133007,0.06698878913437237,0.0005753540957278241,0.3333333333333333,2
2042,0.0003050640634533252,0.0003050640634533252,0.0,0.0,1
2043,0.0003050640634533252,0.06317621807119482,0.0,0.0,1
2044,0.0003050640634533252,0.0003050640634533252,0.0,0.0,1
2045,0.0003050640634533252,0.07628149246642792,0.0,0.0,1
2046,0.0003050640634533252,0.0004575960951799878,0.0,0.0,1
2047,0.0006101281269066504,0.08601486720374545,0.00014972724760210884,0.0,2
2048,0.0006101281269066504,0.07450161863481161,0.017376642686663925,0.0,2
2049,0.0003050640634533252,0.0006972892878933147,0.0,0.0,1
2050,0.0009151921903599756,0.05224604318482135,0.0015696633695171398,0.0,2
2051,0.0003050640634533252,0.0003050640634533252,0.0,0.0,1
2052,0.0009151921903599756,0.09087082129624827,0.012485343731470202,0.0,3
2053,0.0009151921903599756,0.08613385903412224,2.76863892278136e-06,0.6666666666666666,3
2054,0.0009151921903599756,0.08032526594849271,0.0013114185178074013,0.0,2
2055,0.0006101281269066504,0.06307730522286085,0.0019679750690885854,0.0,2
2056,0.0003050640634533252,0.0003050640634533252,0.0,0.0,1
2057,0.0006101281269066504,0.0794862624162738,1.0941112745561033e-05,0.0,2
2058,0.0009151921903599756,0.06329883365155481,0.001181902151236929,0.3333333333333333,2
2059,0.0009151921903599756,0.085627727712674,0.0025662756419568083,0.0,2
2060,0.0009151921903599756,0.002169344451223646,6.051011328796502e-06,0.0,2
2061,0.0003050640634533252,0.0003050640634533252,0.0,0.0,1
2062,0.0012202562538133007,0.07366029039684052,0.00790831251847594,0.16666666666666666,2
2063,0.002745576571079927,0.0934051660565732,0.013163856631923853,0.1388888888888889,3
2064,0.0006101281269066504,0.08605269256311385,0.0,1.0,2
2065,0.0006101281269066504,0.0598238529160871,0.0003312301100759383,0.0,2
2066,0.0018303843807199512,0.08836763823105905,0.0006841397764357765,0.4666666666666667,3
2067,0.0030506406345332518,0.07339191814293003,0.0088833831263056,0.2,3
2068,0.0003050640634533252,0.06807070318638604,0.0,0.0,1
2069,0.0003050640634533252,0.0003050640634533252,0.0,0.0,1
2070,0.0003050640634533252,0.06348070999256865,0.0,0.0,1
2071,0.0003050640634533252,0.0003050640634533252,0.0,0.0,1
2072,0.0003050640634533252,0.05171934152235779,0.0,0.0,1
2073,0.0009151921903599756,0.08147188248496082,2.185104930095303e-05,0.0,2
2074,0.0003050640634533252,0.06028460347767125,0.0,0.0,1
2075,0.0003050640634533252,0.0003050640634533252,0.0,0.0,1
2076,0.0006101281269066504,0.05956630545397662,4.936486234919915e-05,0.0,2
2077,0.0003050640634533252,0.000762660158633313,0.0,0.0,1
2078,0.0003050640634533252,0.0003050640634533252,0.0,0.0,1
2079,0.0003050640634533252,0.0003050640634533252,0.0,0.0,1
2080,0.0018303843807199512,0.08185161399579602,0.005729259507209413,0.0,2
2081,0.0006101281269066504,0.0007867441636427861,9.309248198148465e-08,0.0,2
2082,0.0006101281269066504,0.05556493429416056,0.000394339753673569,0.0,1
2083,0.0006101281269066504,0.05993378955238005,0.000394339753673569,0.0,1
2084,0.0003050640634533252,0.0003050640634533252,0.0,0.0,1
2085,0.0003050640634533252,0.07272174348161213,0.0,0.0,1
2086,0.0003050640634533252,0.0007809640024405125,0.0,0.0,1
2087,0.0003050640634533252,0.0005491153142159853,0.0,0.0,1
2088,0.0006101281269066504,0.08097102087956766,0.00044609455553567406,0.0,2
2089,0.0015253203172666259,0.08880303145670315,0.00040662931636893413,0.2,3
2090,0.0003050640634533252,0.050459985272955366,0.0,0.0,1
2091,0.0003050640634533252,0.07140628474272252,0.0,0.0,1
2092,0.0015253203172666259,0.0018456375838926176,6.609566220685411e-06,0.0,2
2093,0.0003050640634533252,0.0003050640634533252,0.0,0.0,1
2094,0.0006101281269066504,0.0010677242220866383,0.0,1.0,2
2095,0.0009151921903599756,0.0795647514068103,0.006653164533080072,0.0,2
2096,0.0003050640634533252,0.00040675208460443356,0.0,0.0,1
2097,0.002745576571079927,0.09037321107208855,0.0007066494731007816,0.2777777777777778,5
2098,0.0003050640634533252,0.00040675208460443356,0.0,0.0,1
2099,0.0006101281269066504,0.0006863941427699817,3.723699279259386e-07,0.0,1
2100,0.0003050640634533252,0.08064210292120842,0.0,0.0,1
2101,0.0003050640634533252,0.0003050640634533252,0.0,0.0,1
2102,0.0003050640634533252,0.07140628474272252,0.0,0.0,1
2103,0.0003050640634533252,0.04606647924061363,0.0,0.0,1
2104,0.0006101281269066504,0.05169982110661053,0.001168292234800303,0.0,2
2105,0.0006101281269066504,0.04609128033310832,0.0031442916714066256,0.0,2
2106,0.0003050640634533252,0.05485070917469452,0.0,0.0,1
2107,0.0006101281269066504,0.08101412113908482,2.7752708820143532e-05,0.0,2
2108,0.0006101281269066504,0.04840064874808827,0.0027475935748561926,0.0,2
2109,0.0003050640634533252,0.06007046266805448,0.0,0.0,1
2110,0.0018303843807199512,0.08938249658855765,5.9084661856967824e-05,0.3333333333333333,4
2111,0.0003050640634533252,0.0005423361128059115,0.0,0.0,1
2112,0.0009151921903599756,0.07063305111223876,0.00418334341985945,0.0,2
2113,0.0015253203172666259,0.08297212188622244,0.0001142716708051306,0.5,3
2114,0.0009151921903599756,0.06137862437691653,3.7236992792593864e-08,0.6666666666666666,3
2115,0.0009151921903599756,0.08632928469273626,2.711590349446541e-05,0.0,3
2116,0.0012202562538133007,0.08612302799243296,8.484524705334815e-05,0.3333333333333333,3
2117,0.0003050640634533252,0.0003050640634533252,0.0,0.0,1
2118,0.0003050640634533252,0.0003050640634533252,0.0,0.0,1
2119,0.0009151921903599756,0.08931256179302642,0.00023086694869746134,0.0,2
2120,0.0003050640634533252,0.07609926445664701,0.0,0.0,1
2121,0.0009151921903599756,0.07485582601342401,0.000788307137419212,0.3333333333333333,2
2122,0.0009151921903599756,0.08435686415935745,0.0007830155338935583,0.0,2
2123,0.0003050640634533252,0.0003050640634533252,0.0,0.0,1
2124,0.0006101281269066504,0.05782863005951139,0.000394339753673569,0.0,1
2125,0.0003050640634533252,0.0759136976401932,0.0,0.0,1
2126,0.0003050640634533252,0.0003050640634533252,0.0,0.0,1
2127,0.0006101281269066504,0.0006863941427699817,3.723699279259386e-07,0.0,1
2128,0.0012202562538133007,0.08401022755103625,5.9154772109077666e-05,0.3333333333333333,3
2129,0.0003050640634533252,0.0003050640634533252,0.0,0.0,1
2130,0.0006101281269066504,0.0736088322972565,0.000394339753673569,0.0,1
2132,0.0012202562538133007,0.08170027199210582,0.00015304734417460428,0.5,2
2133,0.0006101281269066504,0.0009983914803927006,0.0,1.0,2
2134,0.0009151921903599756,0.08192994558404487,0.0030516926242319356,0.0,3
2135,0.0003050640634533252,0.0003050640634533252,0.0,0.0,1
2136,0.0006101281269066504,0.06251023411763092,0.000788307137419212,0.0,1
2137,0.0006101281269066504,0.0006863941427699817,9.309248198148465e-08,0.0,2
2138,0.0003050640634533252,0.0011656179140903172,0.0,0.0,1
2139,0.0003050640634533252,0.08599866651303655,0.0,0.0,1
2140,0.0009151921903599756,0.04905058942274748,0.0016693470287914283,0.0,2
2141,0.0006101281269066504,0.07034287270680667,0.0,1.0,2
2142,0.0006101281269066504,0.051090476305234646,0.000394339753673569,0.0,1
2143,0.0003050640634533252,0.00040675208460443356,0.0,0.0,1
2144,0.0003050640634533252,0.07098811982896176,0.0,0.0,1
2145,0.0003050640634533252,0.00040675208460443356,0.0,0.0,1
2146,0.0003050640634533252,0.0003050640634533252,0.0,0.0,1
2147,0.0009151921903599756,0.08798733043548601,2.6670644516008283e-07,0.6666666666666666,3
2148,0.0003050640634533252,0.06937034134607749,0.0,0.0,1
2149,0.0003050640634533252,0.05996527427306598,0.0,0.0,1
2150,0.0003050640634533252,0.06456385559104667,0.0,0.0,1
2151,0.0006101281269066504,0.07309817814289163,0.000394339753673569,0.0,1
2152,0.0003050640634533252,0.05559199513878434,0.0,0.0,1
2153,0.0012202562538133007,0.07091828942374559,0.0005422000452683589,0.16666666666666666,2
2154,0.0009151921903599756,0.08144766085263684,0.0002851524770829575,0.3333333333333333,2
2155,0.0009151921903599756,0.0009151921903599756,3.723699279259386e-07,0.3333333333333333,2
2156,0.0003050640634533252,0.055555919866143985,0.0,0.0,1
2157,0.0003050640634533252,0.05476518312088782,0.0,0.0,1
2158,0.0006101281269066504,0.04591207508696652,0.0,1.0,2
2159,0.0009151921903599756,0.04675359274420254,0.0015758695349825723,0.0,1
2160,0.0006101281269066504,0.058658220290324005,0.0,1.0,2
2161,0.0009151921903599756,0.04682551397188823,0.0,1.0,3
2162,0.0003050640634533252,0.08612844317276447,0.0,0.0,1
2163,0.0012202562538133007,0.07188594910625275,0.0005909510756184645,0.0,2
2164,0.0003050640634533252,0.0003050640634533252,0.0,0.0,1
2165,0.0003050640634533252,0.04681431169581839,0.0,0.0,1
2166,0.0036607687614399025,0.09043287517129768,0.0005616817899197739,0.12121212121212122,7
2167,0.0003050640634533252,0.0007321537522879805,0.0,0.0,1
2168,0.0003050640634533252,0.0015938040866132906,0.0,0.0,1
2169,0.0006101281269066504,0.054399791907055045,0.0004768435514134123,0.0,2
2170,0.0006101281269066504,0.06081454271974987,0.0,1.0,2
2171,0.0003050640634533252,0.0003050640634533252,0.0,0.0,1
2172,0.0003050640634533252,0.00040675208460443356,0.0,0.0,1
2173,0.0003050640634533252,0.0008785845027455766,0.0,0.0,1
2174,0.004881025015253203,0.0817197685371463,0.015754993592129483,0.05,3
2175,0.0003050640634533252,0.00040675208460443356,0.0,0.0,1
2176,0.0006101281269066504,0.0012202562538133007,1.8618496396296928e-07,0.0,2
2177,0.0003050640634533252,0.06471943114668775,0.0,0.0,1
2178,0.0006101281269066504,0.0008135041692088671,5.585548918889079e-07,0.0,1
2179,0.0006101281269066504,0.08105726730692031,0.0,1.0,2
2180,0.0006101281269066504,0.07495823356789133,0.0,1.0,2
2181,0.0015253203172666259,0.08699268132983909,0.00023294939734093943,0.4,4
2182,0.0012202562538133007,0.0812640460500502,0.00039557271187936824,0.3333333333333333,3
2183,0.0018303843807199512,0.08119660700768501,0.0005300627490462474,0.4,3
2184,0.0006101281269066504,0.06355139464691686,0.001181902151236929,0.0,1
2185,0.002135448444173276,0.08017951066609963,0.0018614111120773672,0.047619047619047616,3
2186,0.0003050640634533252,0.047872881565010524,0.0,0.0,1
2187,0.0006101281269066504,0.07389473810323387,0.000394339753673569,0.0,1
2188,0.0003050640634533252,0.0004575960951799878,0.0,0.0,1
2189,0.003355704697986577,0.08763830839537085,0.00958910446480629,0.03636363636363636,3
2190,0.0003050640634533252,0.0007853776952734542,0.0,0.0,1
2191,0.0003050640634533252,0.0004575960951799878,0.0,0.0,1
2192,0.0003050640634533252,0.0003050640634533252,0.0,0.0,1
2193,0.0003050640634533252,0.0003050640634533252,0.0,0.0,1
2195,0.0003050640634533252,0.0003050640634533252,0.0,0.0,1
2196,0.004270896888346552,0.1035677272205993,0.02678677523642266,0.08791208791208792,4
2197,0.0003050640634533252,0.0003050640634533252,0.0,0.0,1
2198,0.0003050640634533252,0.0008793023005419374,0.0,0.0,1
2199,0.0003050640634533252,0.07671726464405748,0.0,0.0,1
2200,0.0006101281269066504,0.08415991399727489,3.466664481474252e-06,0.0,2
2201,0.0003050640634533252,0.0003050640634533252,0.0,0.0,1
2202,0.0009151921903599756,0.063401377469088,0.0005262134189267191,0.0,3
2203,0.0003050640634533252,0.06654295653240934,0.0,0.0,1
2204,0.0012202562538133007,0.08288175471771321,0.0006255527018458822,0.0,3
2205,0.0009151921903599756,0.08719757847219085,0.00043465788488932796,0.3333333333333333,3
2206,0.0009151921903599756,0.08042430485084819,0.00033766235933694265,0.6666666666666666,3
2207,0.0006101281269066504,0.0009976419372392526,1.861849639629693e-06,0.0,1
2208,0.0006101281269066504,0.07030315952677305,6.20628574476301e-06,0.0,2
2209,0.0015253203172666259,0.06165766835702405,0.0011823210674058457,0.2,3
2210,0.0009151921903599756,0.07950471647917152,0.0016744621546073656,0.0,2
2211,0.0006101281269066504,0.07362070086099357,3.0949703456289007e-06,0.0,2
2212,0.0012202562538133007,0.06571927074891552,0.0001774457136531183,0.3333333333333333,3
2213,0.0003050640634533252,0.0003050640634533252,0.0,0.0,1
2214,0.0009151921903599756,0.0009151921903599756,5.585548918889079e-07,0.0,1
2215,0.0009151921903599756,0.05804673108821282,0.0011802264865612623,0.3333333333333333,2
2216,0.0003050640634533252,0.0003050640634533252,0.0,0.0,1
2217,0.0036607687614399025,0.09505147180762238,0.002077264933395662,0.13636363636363635,4
2218,0.0009151921903599756,0.0858638977132606,0.0029317853683315286,0.0,2
2219,0.0009151921903599756,0.06940549048538945,0.0019525313218595457,0.0,2
2220,0.0015253203172666259,0.07325454624416526,0.0003821481010000926,0.2,3
2221,0.0006101281269066504,0.0006101281269066504,1.861849639629693e-07,0.0,1
2222,0.0015253203172666259,0.07832276060493146,0.0035355170828697173,0.6,3
2223,0.0003050640634533252,0.0003050640634533252,0.0,0.0,1
2224,0.0018303843807199512,0.0908105781105573,0.0012635334080996815,0.13333333333333333,2
2225,0.0003050640634533252,0.05160827218068142,0.0,0.0,1
2226,0.0024405125076266015,0.08999913010641565,0.001152527522543363,0.10714285714285714,4
2227,0.0006101281269066504,0.06708064447696603,0.000788307137419212,0.0,1
2228,0.002745576571079927,0.08610137407880106,0.014133615205458736,0.027777777777777776,3
2229,0.0003050640634533252,0.0003050640634533252,0.0,0.0,1
2230,0.0024405125076266015,0.09049261810263898,0.0003061522346491861,0.2857142857142857,5
2231,0.0003050640634533252,0.0004575960951799878,0.0,0.0,1
2232,0.0006101281269066504,0.054989432365300926,0.001226814511115738,0.0,2
2233,0.0009151921903599756,0.05881942460579038,0.0025503055209362686,0.0,2
2234,0.0018303843807199512,0.0920060961996001,0.00011544837135451516,0.5333333333333333,5
2235,0.0003050640634533252,0.07860140932000036,0.0,0.0,1
2236,0.0003050640634533252,0.0003050640634533252,0.0,0.0,1
2237,0.0012202562538133007,0.05632810100417987,0.0011821348824418829,0.16666666666666666,2
2238,0.0003050640634533252,0.00040675208460443356,0.0,0.0,1
2239,0.0006101281269066504,0.08409791013136335,0.0003943397536735691,0.0,1
2240,0.0003050640634533252,0.05312133561698776,0.0,0.0,1
2241,0.0003050640634533252,0.0003050640634533252,0.0,0.0,1
2242,0.0003050640634533252,0.05635127366379982,0.0,0.0,1
2243,0.0006101281269066504,0.06312381383500673,0.000394339753673569,0.0,1
2244,0.0006101281269066504,0.09058238065200674,0.011115514591096857,0.0,2
2245,0.0018303843807199512,0.09051055637766924,0.008292633016545481,0.06666666666666667,3
2246,0.0003050640634533252,0.0005491153142159853,0.0,0.0,1
2247,0.0006101281269066504,0.08460173925141413,7.927003815259418e-08,0.0,2
2248,0.0003050640634533252,0.00040675208460443356,0.0,0.0,1
2249,0.0006101281269066504,0.08301234835583579,0.0016830798430759457,0.0,2
2250,0.0006101281269066504,0.07974075912327665,0.000394339753673569,0.0,1
2251,0.0006101281269066504,0.0009983914803927006,9.309248198148465e-07,0.0,1
2252,0.0012202562538133007,0.0653929803895377,0.0021052850308788318,0.0,2
2253,0.0006101281269066504,0.08096144927121263,9.95976597026778e-05,0.0,2
2254,0.002135448444173276,0.08840185609678258,0.0012586592793602876,0.19047619047619047,4
2255,0.0006101281269066504,0.060247482416416524,1.3653564023951082e-06,0.0,2
2256,0.0003050640634533252,0.0003050640634533252,0.0,0.0,1
2257,0.0015253203172666259,0.08951684487123553,0.0007988477671083466,0.1,5
2258,0.0003050640634533252,0.08064210292120842,0.0,0.0,1
2259,0.0024405125076266015,0.07110604029379393,0.000906550236778286,0.03571428571428571,2
2260,0.0003050640634533252,0.0003050640634533252,0.0,0.0,1
2261,0.0003050640634533252,0.06974474339203901,0.0,0.0,1
2262,0.0006101281269066504,0.0009983914803927006,9.309248198148465e-07,0.0,1
2263,0.0003050640634533252,0.00040675208460443356,0.0,0.0,1
2264,0.0030506406345332518,0.08588543232927745,0.001668756680955044,0.06666666666666667,4
2265,0.0003050640634533252,0.0003050640634533252,0.0,0.0,1
2266,0.0006101281269066504,0.06563110345549548,0.000788307137419212,0.0,1
2267,0.0006101281269066504,0.0008135041692088671,0.0,1.0,2
2268,0.0003050640634533252,0.0003050640634533252,0.0,0.0,1
2269,0.002135448444173276,0.08087540651943356,0.0002622709508062606,0.47619047619047616,4
2270,0.0003050640634533252,0.00040675208460443356,0.0,0.0,1
2271,0.0009151921903599756,0.0009151921903599756,3.723699279259386e-07,0.3333333333333333,2
2272,0.0003050640634533252,0.0003050640634533252,0.0,0.0,1
2273,0.0003050640634533252,0.0571888259944742,0.0,0.0,1
2274,0.0003050640634533252,0.0661636845007799,0.0,0.0,1
2275,0.0009151921903599756,0.0753789764593686,1.5616365399828936e-05,0.3333333333333333,2
2276,0.0003050640634533252,0.0599128180999714,0.0,0.0,1
2277,0.0009151921903599756,0.07600215059755014,0.000394339753673569,0.3333333333333333,2
2278,0.0009151921903599756,0.07478226566684754,0.0002927985790371237,0.0,2
2280,0.0003050640634533252,0.00040675208460443356,0.0,0.0,1
2281,0.0003050640634533252,0.07911897188353528,0.0,0.0,1
2282,0.0024405125076266015,0.08671731832233769,0.001412307701584042,0.25,5
2283,0.0003050640634533252,0.07450972368470661,0.0,0.0,1
2284,0.0006101281269066504,0.06934575812381137,0.0,1.0,2
2285,0.0006101281269066504,0.0006101281269066504,1.861849639629693e-07,0.0,1
2286,0.0003050640634533252,0.00040675208460443356,0.0,0.0,1
2287,0.0003050640634533252,0.0003050640634533252,0.0,0.0,1
2288,0.0003050640634533252,0.052591060439977196,0.0,0.0,1
2289,0.0003050640634533252,0.0005491153142159853,0.0,0.0,1
2290,0.0006101281269066504,0.0006101281269066504,1.861849639629693e-07,0.0,1
2291,0.0003050640634533252,0.07661856808477717,0.0,0.0,1
2292,0.0015253203172666259,0.07380316596011025,0.0009131818202023083,0.1,2
2293,0.0006101281269066504,0.07819756580576846,0.000394339753673569,0.0,1
2295,0.0006101281269066504,0.08976910414965897,0.0,1.0,2
2296,0.0009151921903599756,0.07636654737245059,0.0034279203040340385,0.3333333333333333,3
2297,0.0006101281269066504,0.06934575812381137,0.0,1.0,2
2298,0.0003050640634533252,0.057818866245394715,0.0,0.0,1
2299,0.0018303843807199512,0.09863806151218017,0.003621556317212576,0.2,4
2300,0.0006101281269066504,0.0006101281269066504,1.861849639629693e-07,0.0,1
2301,0.0003050640634533252,0.0623934936785846,0.0,0.0,1
2302,0.0006101281269066504,0.07998754804202313,0.0,1.0,2
2303,0.0003050640634533252,0.0003050640634533252,0.0,0.0,1
2304,0.0003050640634533252,0.05222413207593299,0.0,0.0,1
2305,0.0006101281269066504,0.058910492010134444,0.000394339753673569,0.0,1
2306,0.0006101281269066504,0.06663683402508495,0.004586167114009396,0.0,2
2307,0.0006101281269066504,0.0006101281269066504,1.861849639629693e-07,0.0,1
2308,0.0006101281269066504,0.06490342384362219,0.000394339753673569,0.0,1
2309,0.0012202562538133007,0.04939550539899917,0.0011824607061288182,0.0,1
2310,0.0003050640634533252,0.0003050640634533252,0.0,0.0,1
2311,0.0015253203172666259,0.07799719623161634,0.000788710538174465,0.2,3
2312,0.0012202562538133007,0.09419521112774351,0.01064713825036545,0.0,2
2313,0.0006101281269066504,0.08534496948409011,0.00019503638611284354,0.0,2
2314,0.0018303843807199512,0.08614469280043055,0.018598424840248127,0.13333333333333333,3
2315,0.0006101281269066504,0.09735513576543328,0.023131070688295827,0.0,2
2316,0.003355704697986577,0.09233480014962225,0.02151124079146449,0.01818181818181818,3
2317,0.0003050640634533252,0.0003050640634533252,0.0,0.0,1
2318,0.0003050640634533252,0.0003050640634533252,0.0,0.0,1
2319,0.0009151921903599756,0.061741042108520966,1.861849639629693e-06,0.3333333333333333,2
2320,0.0018303843807199512,0.06649127519147839,0.0015479186975816896,0.06666666666666667,3
2321,0.0009151921903599756,0.0654992951857527,4.22019251649397e-06,0.0,3
2322,0.0012202562538133007,0.06032177031088806,0.0015751558259540477,0.3333333333333333,3
2323,0.0015253203172666259,0.07074979392694832,0.0010478696529572726,0.4,3
2324,0.0006101281269066504,0.0824527033178623,3.816973084758454e-05,0.0,2
2325,0.0006101281269066504,0.0006101281269066504,1.861849639629693e-07,0.0,1
2326,0.0006101281269066504,0.0006863941427699817,0.0,1.0,2
2327,0.0003050640634533252,0.07153307014568104,0.0,0.0,1
2328,0.0006101281269066504,0.07325062888875113,0.0006765930192009285,0.0,2
2329,0.0018303843807199512,0.07489266048221138,0.0012586398456245333,0.06666666666666667,2
2330,0.0003050640634533252,0.06937034134607749,0.0,0.0,1
2331,0.002135448444173276,0.08981030423679821,0.003138450094350159,0.047619047619047616,4
2332,0.0009151921903599756,0.07190104247649184,0.0,1.0,3
2333,0.0003050640634533252,0.049384820284084294,0.0,0.0,1
2334,0.0009151921903599756,0.05346761232755557,0.0019687198089444373,0.0,1
2335,0.0018303843807199512,0.09051055637766924,0.008292633016545481,0.06666666666666667,3
2336,0.0003050640634533252,0.0003050640634533252,0.0,0.0,1
2337,0.0006101281269066504,0.0006101281269066504,1.861849639629693e-07,0.0,1
2338,0.0006101281269066504,0.06937736832554935,0.00019100892771974277,0.0,2
2339,0.003965832824893227,0.07767873200746547,0.0121181108944719,0.038461538461538464,3
2340,0.0009151921903599756,0.06275077924868964,2.885866941426024e-06,0.0,2
2341,0.0009151921903599756,0.07213580284478625,0.00922034025864715,0.0,2
2342,0.0012202562538133007,0.06544609461154545,0.008284400356353283,0.0,2
2343,0.0012202562538133007,0.05895105699000027,0.0035357455581387686,0.3333333333333333,2
2344,0.0003050640634533252,0.0003050640634533252,0.0,0.0,1
2345,0.0018303843807199512,0.07746348245318363,0.0038408555768704926,0.06666666666666667,2
2346,0.0009151921903599756,0.07664857927478295,0.002087575418313913,0.0,2
2347,0.0006101281269066504,0.07297745126369985,0.001784156690220821,0.0,2
2348,0.002135448444173276,0.002169344451223646,4.468439135111263e-06,0.09523809523809523,2
2349,0.0009151921903599756,0.0015018538508471395,5.585548918889079e-07,0.6666666666666666,2
2350,0.0012202562538133007,0.05364139881812525,0.0005752337954479319,0.3333333333333333,2
2351,0.0018303843807199512,0.058470429855280066,0.008963726710512822,0.06666666666666667,2
2352,0.0015253203172666259,0.001774918187364801,2.5134970135000855e-06,0.3,2
2353,0.002135448444173276,0.06441508395107672,0.0012569289915785522,0.23809523809523808,3
2354,0.0009151921903599756,0.06815876798624901,0.00017872893975541052,0.6666666666666666,3
2355,0.0003050640634533252,0.07099547839844751,0.0,0.0,1
2356,0.0012202562538133007,0.07975004426057558,0.000394339753673569,0.5,3
2357,0.0009151921903599756,0.05138563079940151,5.389218995377366e-05,0.6666666666666666,2
2358,0.0018303843807199512,0.051393342596317344,0.0008667350198524415,0.2,2
2360,0.0015253203172666259,0.08762149045094647,0.00044465463701069045,0.3,4
2361,0.0036607687614399025,0.08863638929854058,0.002427376972255338,0.16666666666666666,4
2362,0.0015253203172666259,0.08515926392413094,7.04776961147356e-05,0.3,4
2363,0.0015253203172666259,0.07850230730813491,0.001329122312754226,0.0,2
2364,0.0006101281269066504,0.07599371762661006,4.6343234484724796e-05,0.0,2
2365,0.0006101281269066504,0.0006863941427699817,3.723699279259386e-07,0.0,1
2366,0.0018303843807199512,0.0639489617282748,0.004124515738279797,0.2,3
2367,0.0018303843807199512,0.061403387135540895,0.0037089400080242987,0.13333333333333333,2
2368,0.0018303843807199512,0.0615606831252369,0.0017848871422861108,0.26666666666666666,3
2369,0.002135448444173276,0.06972344295121889,0.0010442146687815383,0.19047619047619047,3
2370,0.0006101281269066504,0.0726792996349364,0.000745727502338494,0.0,2
2371,0.0012202562538133007,0.06540234722209923,5.405052939936091e-06,0.3333333333333333,3
2372,0.0018303843807199512,0.0641225896554464,0.012920038662958594,0.0,2
2373,0.0006101281269066504,0.06803689267469559,0.0037806882770735697,0.0,2
2374,0.0003050640634533252,0.05833844805024047,0.0,0.0,1
2375,0.0018303843807199512,0.059620751260920396,0.0011263389003749653,0.13333333333333333,3
2376,0.0003050640634533252,0.00040675208460443356,0.0,0.0,1
2377,0.0009151921903599756,0.07662714031213057,0.00011086514553903683,0.0,2
2378,0.0006101281269066504,0.07520928788336058,0.007805090526910023,0.0,2
2379,0.0009151921903599756,0.07076075835415055,0.00011412269103251343,0.6666666666666666,2
2380,0.0018303843807199512,0.07726249423090113,0.0017308826640056224,0.13333333333333333,2
2381,0.0009151921903599756,0.0009533251982916413,2.7927744594445396e-07,0.0,2
2382,0.0006101281269066504,0.0009533251982916413,1.241233093086462e-07,0.0,2
2383,0.0006101281269066504,0.08080861071439126,0.000394339753673569,0.0,1
2384,0.0003050640634533252,0.0003050640634533252,0.0,0.0,1
2385,0.0012202562538133007,0.001271100264388855,1.6756646756667237e-06,0.0,1
2386,0.0003050640634533252,0.000762660158633313,0.0,0.0,1
2387,0.0003050640634533252,0.07477001966264445,0.0,0.0,1
2388,0.0009151921903599756,0.06991918535141883,0.000968101558994731,0.0,2
2389,0.0006101281269066504,0.06822666534938716,0.0006190809476944812,0.0,2
2390,0.0006101281269066504,0.06709378723646386,0.0,1.0,2
2391,0.0006101281269066504,0.08066109764572173,0.0,1.0,2
2392,0.0003050640634533252,0.000591639395788267,0.0,0.0,1
2393,0.0006101281269066504,0.0007509269254235698,1.3032947477407851e-06,0.0,1
2394,0.0003050640634533252,0.049683959384100335,0.0,0.0,1
2395,0.0006101281269066504,0.05381843313765701,0.000394339753673569,0.0,1
2396,0.0030506406345332518,0.08689334941763804,0.001235810643556224,0.1111111111111111,4
2397,0.0003050640634533252,0.0766014293825996,0.0,0.0,1
2398,0.0036607687614399025,0.09237215997165327,0.00178545178938559,0.12121212121212122,5
2399,0.002135448444173276,0.0909432187106391,0.013927854761357022,0.0,2
2400,0.002135448444173276,0.0805330566299986,0.012680834570556156,0.047619047619047616,3
2401,0.002135448444173276,0.09500532391591388,0.013164405130663909,0.0,2
2402,0.0006101281269066504,0.06902079815678959,0.0,1.0,2
2403,0.0003050640634533252,0.00040675208460443356,0.0,0.0,1
2404,0.003355704697986577,0.09412401293339147,0.003542082065399934,0.05454545454545454,4
2405,0.002135448444173276,0.0855849272239704,0.0003772299780430345,0.09523809523809523,4
2406,0.0012202562538133007,0.001271100264388855,7.447398558518772e-07,0.5,3
2407,0.0003050640634533252,0.001084672225611823,0.0,0.0,1
2408,0.0006101281269066504,0.0006101281269066504,1.861849639629693e-07,0.0,1
2409,0.0003050640634533252,0.0003050640634533252,0.0,0.0,1
2410,0.0003050640634533252,0.06524036769954497,0.0,0.0,1
2411,0.0012202562538133007,0.001476510067114094,2.048034603592662e-06,0.3333333333333333,2
2412,0.0006101281269066504,0.05683055056298578,1.9775664157169812e-05,0.0,2
2413,0.0006101281269066504,0.07257917449370244,0.0,1.0,2
2414,0.0015253203172666259,0.0556416752059325,3.737317666636975e-06,0.4,3
2415,0.0012202562538133007,0.08309795924652064,2.135358534340252e-07,0.8333333333333334,4
2416,0.0036607687614399025,0.08418060227505199,8.22729460763242e-05,0.3333333333333333,7
2417,0.0012202562538133007,0.08260186698544571,1.3524546474285141e-05,0.3333333333333333,4
2418,0.0030506406345332518,0.08358984318176886,7.006181124896683e-05,0.3111111111111111,7
2419,0.0003050640634533252,0.06081994317643399,0.0,0.0,1
2420,0.0018303843807199512,0.09368625676900666,0.04390776372680589,0.06666666666666667,2
2421,0.0015253203172666259,0.08799863550171182,0.000788573843864372,0.3,3
2422,0.002135448444173276,0.09023033793687149,0.00560730214245011,0.09523809523809523,4
2423,0.0006101281269066504,0.04682391331850845,0.0,1.0,2
2424,0.0015253203172666259,0.050476720353010505,0.0005908579831364831,0.5,3
2425,0.0009151921903599756,0.054734546480446185,0.0019679750690885854,0.3333333333333333,2
2426,0.0012202562538133007,0.08551546761266364,0.0004904015721434934,0.3333333333333333,2
2427,0.0030506406345332518,0.09260321526633628,0.006901090723362421,0.08888888888888889,4
2428,0.0006101281269066504,0.08426345719855108,0.007816044787165452,0.0,2
2429,0.0012202562538133007,0.09071435498143351,0.0005179357192799502,0.5,2
2430,0.0003050640634533252,0.00040675208460443356,0.0,0.0,1
2431,0.0006101281269066504,0.05134133284181583,0.0,1.0,2
2432,0.0003050640634533252,0.0003050640634533252,0.0,0.0,1
2433,0.0009151921903599756,0.05562134081372665,0.0,1.0,3
2434,0.0024405125076266015,0.06677977575173782,0.002650260766757859,0.03571428571428571,2
2435,0.0030506406345332518,0.09241578465926638,0.0014955709392080166,0.044444444444444446,4
2436,0.0006101281269066504,0.0015380313199105143,1.1171097837778158e-06,0.0,2
2437,0.0003050640634533252,0.0003050640634533252,0.0,0.0,1
2438,0.0006101281269066504,0.04940975941347062,0.0,1.0,2
2439,0.0006101281269066504,0.07257917449370244,0.0,1.0,2
2440,0.0012202562538133007,0.09032553644705876,0.0010387985081529586,0.16666666666666666,2
2441,0.0003050640634533252,0.07925630736675612,0.0,0.0,1
2442,0.0015253203172666259,0.06260737511859071,0.00018057601571845123,0.3,3
2443,0.0024405125076266015,0.08858479985899542,0.0008868772530455476,0.10714285714285714,4
2444,0.0024405125076266015,0.09004054165645475,0.001129982016912526,0.35714285714285715,4
2445,0.0009151921903599756,0.06078216010914298,0.001181902151236929,0.3333333333333333,2
2446,0.0003050640634533252,0.0006101281269066504,0.0,0.0,1
2447,0.0030506406345332518,0.08212643205345921,0.005928051485468139,0.0,3
2448,0.0006101281269066504,0.07288038096406738,2.984362898802808e-05,0.0,2
2449,0.0006101281269066504,0.07288038096406738,2.984362898802808e-05,0.0,2
2450,0.0012202562538133007,0.07566628515824152,0.0005273041949670884,0.0,3
2451,0.0006101281269066504,0.07288038096406738,2.984362898802808e-05,0.0,2
2452,0.0015253203172666259,0.07290753460824176,0.0007185155738908035,0.1,3
2453,0.0006101281269066504,0.0564023206876244,0.00011538922013239863,0.0,2
2454,0.0003050640634533252,0.0003050640634533252,0.0,0.0,1
2455,0.0012202562538133007,0.08358474250791105,0.006773604375257897,0.16666666666666666,3
2456,0.0003050640634533252,0.0003050640634533252,0.0,0.0,1
2457,0.0003050640634533252,0.0003050640634533252,0.0,0.0,1
2458,0.002745576571079927,0.06453343824647349,0.005109846335963693,0.0,1
2459,0.0003050640634533252,0.05867832249056058,0.0,0.0,1
2460,0.0012202562538133007,0.058698438473587855,0.0015760557199465351,0.0,1
2461,0.0003050640634533252,0.05867832249056058,0.0,0.0,1
2462,0.0012202562538133007,0.06722219954947471,0.0006054272596800746,0.3333333333333333,2
2463,0.0009151921903599756,0.06941604217400528,2.0762225903225327e-05,0.3333333333333333,2
2464,0.0009151921903599756,0.06688411915134991,4.896262533410515e-05,0.0,2
2465,0.0003050640634533252,0.0003050640634533252,0.0,0.0,1
2466,0.0009151921903599756,0.0793205605547308,0.002461166657826886,0.0,2
2467,0.0006101281269066504,0.05719837816183591,2.65978519947099e-08,0.0,2
2468,0.0003050640634533252,0.0003050640634533252,0.0,0.0,1
2469,0.0009151921903599756,0.0020991312937621662,4.282254171148294e-06,0.0,2
2470,0.0003050640634533252,0.001520060592034672,0.0,0.0,1
2471,0.0003050640634533252,0.0005491153142159853,0.0,0.0,1
2472,0.0006101281269066504,0.07850680652336349,3.103082732716155e-08,0.0,2
2473,0.0018303843807199512,0.0893416879871932,0.007730456361011832,0.2,3
2474,0.0012202562538133007,0.07799275523655676,0.001968738427440834,0.0,2
2475,0.0036607687614399025,0.09009976716566771,0.001050225100255346,0.2878787878787879,6
2476,0.0006101281269066504,0.058658220290324005,0.0,1.0,2
2477,0.0012202562538133007,0.0560767495074977,0.00039437699066636155,0.3333333333333333,3
2478,0.0015253203172666259,0.08305261384949045,0.001814060725911838,0.1,2
2479,0.0006101281269066504,0.0677642604244408,0.00039505989849311066,0.0,2
2480,0.0006101281269066504,0.07243716341722085,0.0,1.0,2
2481,0.0015253203172666259,0.08156891325073817,0.0007905465728547013,0.3,3
2482,0.0006101281269066504,0.0006863941427699817,3.723699279259386e-07,0.0,1
2483,0.0006101281269066504,0.08823671477838484,0.0021147029740057424,0.0,2
2484,0.0003050640634533252,0.05977946932965201,0.0,0.0,1
2485,0.0009151921903599756,0.07166780517028443,0.0015502959872979627,0.3333333333333333,2
2486,0.0009151921903599756,0.06557141025465037,0.0008509642016718159,0.0,2
2487,0.0018303843807199512,0.0880155985491002,0.0015296631265252153,0.13333333333333333,3
2488,0.0018303843807199512,0.0977162762319622,0.0025268552766091767,0.13333333333333333,4
2489,0.0003050640634533252,0.07747224479495765,0.0,0.0,1
2490,0.0018303843807199512,0.08727535904553337,0.0004007944285342599,0.2,5
2491,0.0003050640634533252,0.061403387135540895,0.0,0.0,1
2492,0.0015253203172666259,0.06784481229418753,0.0008912760624465786,0.0,2
2493,0.0003050640634533252,0.0774897754268058,0.0,0.0,1
2494,0.0015253203172666259,0.08027348571376267,0.0007935163843826406,0.4,3
2495,0.0009151921903599756,0.07469255467689875,1.3653174789507103e-05,0.6666666666666666,3
2496,0.0003050640634533252,0.05883963746647965,0.0,0.0,1
2497,0.0015253203172666259,0.07191991810457031,0.0011854449851226249,0.2,3
2498,0.0009151921903599756,0.07440449539487486,3.286403312618156e-06,0.6666666666666666,3
2499,0.0006101281269066504,0.06592486092114959,0.000788307137419212,0.0,1
2500,0.0003050640634533252,0.0003050640634533252,0.0,0.0,1
2501,0.0009151921903599756,0.05980295831563616,0.003926640889979022,0.3333333333333333,2
2502,0.0003050640634533252,0.0003050640634533252,0.0,0.0,1
2503,0.0003050640634533252,0.00040675208460443356,0.0,0.0,1
2504,0.0003050640634533252,0.00040675208460443356,0.0,0.0,1
2505,0.0006101281269066504,0.06918464367996596,0.001181902151236929,0.0,1
2506,0.0030506406345332518,0.09445502414974805,0.008089412454410716,0.13333333333333333,4
2507,0.0030506406345332518,0.10333334039073976,0.014278909815314092,0.08888888888888889,4
2508,0.0003050640634533252,0.0003050640634533252,0.0,0.0,1
2509,0.0015253203172666259,0.07667003023730248,0.003425023762178095,0.0,2
2510,0.0015253203172666259,0.07518451946976487,0.006886692893791563,0.2,2
2511,0.0006101281269066504,0.0694441957018832,2.9455416093628736e-06,0.0,2
2512,0.0006101281269066504,0.07332905568627655,0.00014304968696180772,0.0,2
2513,0.0006101281269066504,0.001156032240454706,9.309248198148465e-08,0.0,2
2514,0.0012202562538133007,0.0015148008668027183,1.1171097837778158e-06,0.5,3
2515,0.0009151921903599756,0.07324279543469395,1.1291579565901333e-05,0.3333333333333333,2
2516,0.0009151921903599756,0.0013589217372011759,8.99893992487685e-06,0.0,2
2517,0.0009151921903599756,0.0012202562538133007,3.6306067972779014e-06,0.0,2
2518,0.0003050640634533252,0.0003050640634533252,0.0,0.0,1
2519,0.0036607687614399025,0.0990875839279258,0.007993995245047753,0.10606060606060606,4
2520,0.0012202562538133007,0.09989693408836393,0.004084693678266197,0.16666666666666666,4
2521,0.0003050640634533252,0.0003050640634533252,0.0,0.0,1
2522,0.0006101281269066504,0.08237336942808623,0.000394339753673569,0.0,1
2523,0.0003050640634533252,0.07306698459591647,0.0,0.0,1
2524,0.0009151921903599756,0.06566571237869828,0.00017119621105718877,0.0,3
2525,0.0003050640634533252,0.0762729973951582,0.0,0.0,1
2526,0.0003050640634533252,0.0003050640634533252,0.0,0.0,1
2527,0.0018303843807199512,0.08658028950253753,0.00020998517236568855,0.4666666666666667,3
2528,0.0009151921903599756,0.05681169425654872,0.0019687198089444373,0.0,1
2529,0.0009151921903599756,0.04833915941065201,0.000788493322383175,0.0,1
2530,0.0006101281269066504,0.06697241285970988,0.0,1.0,2
2531,0.0009151921903599756,0.07550362475028366,3.593060932707785e-05,0.6666666666666666,3
2532,0.0006101281269066504,0.0012728535061328394,3.3513293513334475e-06,0.0,1
2533,0.0003050640634533252,0.0003050640634533252,0.0,0.0,1
2534,0.0009151921903599756,0.07998287750902991,0.004319115065556735,0.0,2
2535,0.0003050640634533252,0.0734470112718309,0.0,0.0,1
2536,0.0006101281269066504,0.06964191164876944,0.0007883071374192122,0.0,1
2537,0.0006101281269066504,0.06963129118643993,0.0,1.0,2
2538,0.0006101281269066504,0.05826152695417661,0.0023604529731225247,0.0,1
2539,0.0006101281269066504,0.0013945785757866294,2.2342195675556317e-06,0.0,1
2540,0.0003050640634533252,0.0007509269254235698,0.0,0.0,1
2541,0.0009151921903599756,0.05724618690319484,0.000394339753673569,0.3333333333333333,2
2542,0.0003050640634533252,0.07619662681313046,0.0,0.0,1
2543,0.0012202562538133007,0.0016270083384177343,2.2962812222099547e-06,0.16666666666666666,2
2544,0.0003050640634533252,0.0003050640634533252,0.0,0.0,1
2545,0.0006101281269066504,0.06991918535141883,0.0,1.0,2
2546,0.0003050640634533252,0.07825564215148802,0.0,0.0,1
2547,0.0009151921903599756,0.0808467662291003,0.0019680216153295763,0.0,2
2548,0.0006101281269066504,0.05285894729565664,0.0020307549589160486,0.0,2
2549,0.0009151921903599756,0.05738047755611789,0.0024112617835637543,0.3333333333333333,2
2550,0.0006101281269066504,0.06545547666744618,0.0012950759123047694,0.0,2
2551,0.0012202562538133007,0.07257148398514682,0.0039008708796818407,0.16666666666666666,2
2552,0.0006101281269066504,0.035900583415532594,0.0,1.0,2
2553,0.0003050640634533252,0.050849608739314205,0.0,0.0,1
2554,0.0015253203172666259,0.0681248699567139,0.001311347247432224,0.3,3
2555,0.0009151921903599756,0.061649343364671955,4.6546240990742326e-08,0.6666666666666666,3
2556,0.0003050640634533252,0.07604856541303832,0.0,0.0,1
2557,0.0006101281269066504,0.07480676971326777,0.000197076784354803,0.0,2
2558,0.0012202562538133007,0.08446089284866484,0.004626329934977446,0.16666666666666666,2
2559,0.0015253203172666259,0.0613868764103095,0.0005907338598271745,0.3,3
2560,0.0006101281269066504,0.08091362515326636,0.004874966838305098,0.0,2
2561,0.0009151921903599756,0.050467421716146425,0.000788493322383175,0.0,1
2562,0.0012202562538133007,0.09032553644705876,4.734076528279457e-05,0.8333333333333334,3
2564,0.002745576571079927,0.08976910414965897,0.00030506543690405767,0.05555555555555555,5
2565,0.0012202562538133007,0.07972683547055737,1.474818626619546e-06,0.3333333333333333,2
2566,0.0003050640634533252,0.0003050640634533252,0.0,0.0,1
2567,0.0003050640634533252,0.06922660131498692,0.0,0.0,1
2568,0.0003050640634533252,0.06922660131498692,0.0,0.0,1
2569,0.0006101281269066504,0.0006101281269066504,1.861849639629693e-07,0.0,1
2570,0.0006101281269066504,0.03955948594176764,0.000394339753673569,0.0,1
2571,0.0006101281269066504,0.0762347929774959,0.000312296658411982,0.0,2
2572,0.0009151921903599756,0.0009151921903599756,0.0,1.0,3
2573,0.0012202562538133007,0.07594315907410579,0.001262210803554327,0.0,2
2574,0.0006101281269066504,0.06878856828301341,3.4501108183249124e-06,0.0,2
2575,0.0006101281269066504,0.06878856828301341,3.4501108183249124e-06,0.0,2
2577,0.0009151921903599756,0.07316064520747989,0.001181902151236929,0.3333333333333333,2
2578,0.002135448444173276,0.0729968963612921,0.0010219502765884065,0.23809523809523808,3
2579,0.0015253203172666259,0.06984787926264067,0.0025654211647804463,0.2,2
2580,0.002135448444173276,0.07746348245318363,0.00032285677415059503,0.6666666666666666,4
2581,0.0018303843807199512,0.07745910202553982,0.0003228257433232679,0.6,4
2582,0.0003050640634533252,0.0003050640634533252,0.0,0.0,1
2583,0.0006101281269066504,0.071320772686642,0.00011909456861091316,0.0,2
2584,0.0012202562538133007,0.0874536653399506,0.010407971205245049,0.0,2
2585,0.0024405125076266015,0.088762750143834,0.0007259327566233166,0.2857142857142857,4
2586,0.0009151921903599756,0.08099495980485136,0.004269688446859848,0.0,2
2587,0.0003050640634533252,0.048340865338073344,0.0,0.0,1
2588,0.0012202562538133007,0.07606545758660853,0.00013093457590695006,0.6666666666666666,3
2589,0.0012202562538133007,0.056809338098027795,0.005088745373381224,0.16666666666666666,2
2590,0.0003050640634533252,0.06810116139105331,0.0,0.0,1
2591,0.0003050640634533252,0.0003050640634533252,0.0,0.0,1
2592,0.0006101281269066504,0.08201333733802216,1.2350385399807886e-05,0.0,2
2593,0.0003050640634533252,0.0003050640634533252,0.0,0.0,1
2594,0.0009151921903599756,0.07213200422430996,1.861849639629693e-07,0.0,3
2595,0.0006101281269066504,0.07344307330543381,0.0,1.0,2
2596,0.003965832824893227,0.09280398104469148,0.0034228851761936266,0.14102564102564102,6
2597,0.004575960951799878,0.08549945447972325,0.0012595405244746312,0.20952380952380953,7
2598,0.0009151921903599756,0.09355188910119151,0.001690129407170364,0.3333333333333333,3
2599,0.0006101281269066504,0.08116773881367896,0.000394339753673569,0.0,1
2601,0.0009151921903599756,0.04923748239466737,0.0,1.0,3
2602,0.0003050640634533252,0.05948611457070596,0.0,0.0,1
2603,0.0012202562538133007,0.0517310608489613,0.0019687198089444373,0.16666666666666666,2
2604,0.0012202562538133007,0.06812148200813836,0.000655743443077598,0.3333333333333333,3
2605,0.0009151921903599756,0.06547737859558538,7.005352786661499e-05,0.3333333333333333,2
2606,0.0006101281269066504,0.05976903570205281,3.723699279259386e-07,0.0,2
2607,0.0003050640634533252,0.07312159078736168,0.0,0.0,1
2608,0.0006101281269066504,0.07824670171482041,0.000197076784354803,0.0,2
2609,0.0006101281269066504,0.06980872287328745,9.309248198148465e-08,0.0,2
2610,0.0009151921903599756,0.058844692852463534,0.000788493322383175,0.0,1
2611,0.0003050640634533252,0.05393710663961435,0.0,0.0,1
2612,0.0009151921903599756,0.06472248914286742,0.0012570215944262607,0.0,2
2613,0.0009151921903599756,0.07990356181646423,0.0011640868482474054,0.3333333333333333,2
2614,0.0009151921903599756,0.07206748883146452,0.000394339753673569,0.3333333333333333,2
2615,0.0006101281269066504,0.07096973007717974,0.0018426616779410579,0.0,2
2616,0.0003050640634533252,0.0003050640634533252,0.0,0.0,1
2617,0.0003050640634533252,0.0007474069554606467,0.0,0.0,1
2618,0.0006101281269066504,0.0008924262154753991,2.420404531518601e-06,0.0,1
2619,0.0012202562538133007,0.0726947280273654,0.0005261571152401955,0.16666666666666666,3
2620,0.0003050640634533252,0.0601100035202583,0.0,0.0,1
2621,0.0012202562538133007,0.0945985331643402,0.001626074215309476,0.16666666666666666,3
2622,0.004575960951799878,0.0993607108820286,0.010382829681886164,0.047619047619047616,4
2623,0.0003050640634533252,0.058328511336213855,0.0,0.0,1
2624,0.0006101281269066504,0.06411058505193513,0.000394339753673569,0.0,1
2625,0.0015253203172666259,0.08140893618326674,0.0009327209114050199,0.0,4
2626,0.002745576571079927,0.084669721858057,0.0008401062571069005,0.19444444444444445,4
2627,0.0006101281269066504,0.05851788961977299,0.0,1.0,2
2628,0.0009151921903599756,0.0643364219726479,0.000788307137419212,0.3333333333333333,2
2629,0.0003050640634533252,0.04085013599605291,0.0,0.0,1
2630,0.0006101281269066504,0.05458187600492693,0.0,1.0,2
2631,0.0018303843807199512,0.09162453245616363,0.007353385149074104,0.06666666666666667,3
2632,0.002745576571079927,0.09665444257829849,0.0023903877529798914,0.08333333333333333,4
2633,0.003355704697986577,0.09487371936692382,0.0019716984401843872,0.05454545454545454,4
2634,0.0006101281269066504,0.06137312425375896,0.0,1.0,2
2635,0.0006101281269066504,0.06914273687444582,0.000394339753673569,0.0,1
2636,0.0006101281269066504,0.08799863550171182,0.0002651501728574641,0.0,2
2637,0.002745576571079927,0.08361025210398866,0.0010604649528077879,0.3888888888888889,7
2638,0.0036607687614399025,0.09208031461546426,0.002000564256681309,0.06060606060606061,4
2639,0.0012202562538133007,0.0808467662291003,1.5515413663580774e-08,0.8333333333333334,4
2640,0.0009151921903599756,0.08061837209226333,1.5515413663580774e-08,0.6666666666666666,3
2641,0.0009151921903599756,0.08061837209226333,1.5515413663580774e-08,0.6666666666666666,3
2642,0.0009151921903599756,0.06399377529640954,0.0027525585072285383,0.3333333333333333,2
2643,0.0018303843807199512,0.08451300346863562,0.002648944971326613,0.2,3
2644,0.0009151921903599756,0.06699534188690434,0.0007860729178516564,0.0,2
2645,0.0012202562538133007,0.08293695569264023,5.0998936441739814e-05,0.16666666666666666,3
2646,0.004881025015253203,0.08163210728364996,0.006882869721154185,0.03333333333333333,4
2647,0.0006101281269066504,0.07451377687100288,0.001332118915473311,0.0,2
2648,0.0009151921903599756,0.090738391641471,0.0003304643600785681,0.3333333333333333,2
2649,0.002135448444173276,0.09077447052482744,0.00023065628059666652,0.5238095238095238,4
2650,0.002745576571079927,0.09175956325158402,0.0015178603237474592,0.3055555555555556,4
2651,0.002135448444173276,0.090147203699878,0.0008911422395011312,0.14285714285714285,4
2652,0.0006101281269066504,0.047613290702479966,0.000394339753673569,0.0,1
2653,0.0006101281269066504,0.0006101281269066504,1.861849639629693e-07,0.0,1
2654,0.0006101281269066504,0.0605403854070382,0.000788307137419212,0.0,1
2655,0.0030506406345332518,0.08603107399947534,0.0038567300396530127,0.08888888888888889,3
2656,0.0003050640634533252,0.0005491153142159853,0.0,0.0,1
2657,0.0006101281269066504,0.07297356348727538,0.00045034035283798125,0.0,2
2658,0.0003050640634533252,0.000762660158633313,0.0,0.0,1
2659,0.0006101281269066504,0.0009533251982916413,7.447398558518772e-07,0.0,1
2660,0.0009151921903599756,0.0013945785757866294,1.4894797117037544e-06,0.0,2
2661,0.0003050640634533252,0.07265616932157462,0.0,0.0,1
2662,0.0003050640634533252,0.07265616932157462,0.0,0.0,1
2663,0.0006101281269066504,0.08825945619971946,0.0001690118541343956,0.0,2
2664,0.0009151921903599756,0.08827651996002103,0.00043599132280746814,0.0,2
2665,0.0009151921903599756,0.08511693035603345,4.857184006514557e-05,0.0,3
2666,0.0006101281269066504,0.08295202326770702,0.006831045005194545,0.0,2
2667,0.002135448444173276,0.08420130072655803,0.00013707254881297027,0.23809523809523808,5
2668,0.0009151921903599756,0.08602026879048268,0.000788493322383175,0.0,1
2669,0.0006101281269066504,0.047904691901085754,0.0,1.0,2
2670,0.0018303843807199512,0.08602567105568336,0.004848390597491061,0.3333333333333333,3
2671,0.0003050640634533252,0.07592632116953862,0.0,0.0,1
2672,0.0015253203172666259,0.08871101354961765,0.010635384034317017,0.5,3
2673,0.0015253203172666259,0.08668987786973269,0.0068257594312198175,0.0,3
2674,0.0003050640634533252,0.07446111982059395,0.0,0.0,1
2675,0.0009151921903599756,0.08203298360400325,2.849635524626726e-05,0.6666666666666666,2
2676,0.0006101281269066504,0.08210181972066928,2.277839819686255e-05,0.0,2
2677,0.0003050640634533252,0.06028460347767125,0.0,0.0,1
2678,0.0003050640634533252,0.0628486698884903,0.0,0.0,1
2679,0.0009151921903599756,0.0009151921903599756,3.723699279259386e-07,0.3333333333333333,2
2680,0.0012202562538133007,0.0912035927971001,0.007932238743700571,0.0,2
2681,0.0018303843807199512,0.09614562786689453,0.002541222877458779,0.06666666666666667,4
2682,0.0003050640634533252,0.06712008821146835,0.0,0.0,1
2683,0.0006101281269066504,0.07524647111731742,7.744846643544487e-05,0.0,2
2684,0.0003050640634533252,0.060628812473759404,0.0,0.0,1
2685,0.0003050640634533252,0.059787296941191836,0.0,0.0,1
2686,0.0009151921903599756,0.06587730294905238,0.0011151707667926831,0.0,2
2687,0.0006101281269066504,0.06200374616239571,0.0,1.0,2
2688,0.0003050640634533252,0.0003050640634533252,0.0,0.0,1
2689,0.0003050640634533252,0.0003050640634533252,0.0,0.0,1
2690,0.0003050640634533252,0.056203297235337527,0.0,0.0,1
2691,0.0009151921903599756,0.0615523843003346,0.000788493322383175,0.0,1
2692,0.0003050640634533252,0.06561852743567168,0.0,0.0,1
2693,0.0003050640634533252,0.0005491153142159853,0.0,0.0,1
2694,0.0006101281269066504,0.0006863941427699817,3.723699279259386e-07,0.0,1
2695,0.0003050640634533252,0.0004575960951799878,0.0,0.0,1
2696,0.0006101281269066504,0.0010856691669956574,1.861849639629693e-06,0.0,1
2697,0.0003050640634533252,0.0008389261744966443,0.0,0.0,1
2698,0.0003050640634533252,0.05898405719414572,0.0,0.0,1
2699,0.0003050640634533252,0.0003050640634533252,0.0,0.0,1
2700,0.0003050640634533252,0.0003050640634533252,0.0,0.0,1
2701,0.0006101281269066504,0.0006101281269066504,1.861849639629693e-07,0.0,1
2702,0.0006101281269066504,0.06081454271974987,0.0,1.0,2
2703,0.005186089078706528,0.06087670593394277,0.0013999598103081757,0.2647058823529412,5
2704,0.0012202562538133007,0.06081724282820433,0.0011097350501202076,0.16666666666666666,3
2705,0.0024405125076266015,0.06083344851532825,0.00020478259935167805,0.7857142857142857,5
2706,0.002135448444173276,0.06083074696774342,0.00012673713604017828,0.8571428571428571,5
2707,0.0003050640634533252,0.06078755481581815,0.0,0.0,1
2708,0.0009151921903599756,0.06080374468304537,0.001181902151236929,0.3333333333333333,2
2709,0.0006101281269066504,0.06636885315275189,0.0015751247951267203,0.0,2
2710,0.0006101281269066504,0.08373803400291271,0.017754225793580828,0.0,2
2711,0.0018303843807199512,0.08360004639729303,0.00026052766377189285,0.2,3
2712,0.0006101281269066504,0.07389473810323387,0.000394339753673569,0.0,1
2713,0.0009151921903599756,0.06075789577377007,0.00026170979969796377,0.0,2
2714,0.0006101281269066504,0.06799636436930485,0.000394339753673569,0.0,1
2715,0.0006101281269066504,0.07597685729766743,0.000788307137419212,0.0,1
2716,0.0003050640634533252,0.0009151921903599756,0.0,0.0,1
2717,0.0003050640634533252,0.06567515751160982,0.0,0.0,1
2718,0.0012202562538133007,0.09389818756646875,0.0010938602795160534,0.3333333333333333,3
2719,0.0009151921903599756,0.09389175133454289,0.0009914678139324778,0.0,3
2720,0.0009151921903599756,0.08832775085244043,0.0003101707740063782,0.6666666666666666,3
2721,0.0009151921903599756,0.08859625898839961,0.0003870086374990211,0.3333333333333333,2
2722,0.0012202562538133007,0.0015380313199105143,5.026994027000171e-06,0.0,1
2723,0.0003050640634533252,0.0010856691669956574,0.0,0.0,1
2725,0.0003050640634533252,0.0003050640634533252,0.0,0.0,1
2726,0.0006101281269066504,0.07586744725669599,0.006282550771536928,0.0,2
2727,0.0015253203172666259,0.06914971781612632,0.006269322483636479,0.1,2
2728,0.0003050640634533252,0.07947703859702038,0.0,0.0,1
2729,0.0018303843807199512,0.06690045226957979,0.0031601212056698354,0.13333333333333333,2
2730,0.0012202562538133007,0.06778773495420627,0.0005119251385883004,0.6666666666666666,3
2731,0.0009151921903599756,0.06076328617396292,0.0004578370407365541,0.0,2
2732,0.0015253203172666259,0.07249466844242637,0.00010580038592569298,0.5,3
2733,0.0015253203172666259,0.07245248916849922,0.0007704064535372308,0.3,3
2734,0.0012202562538133007,0.07663142714515503,0.00012737149864252,0.3333333333333333,3
2735,0.0003050640634533252,0.0005491153142159853,0.0,0.0,1
2736,0.0015253203172666259,0.07038986434838881,0.002753861801976279,0.2,2
2737,0.0003050640634533252,0.0562263673023416,0.0,0.0,1
2738,0.0009151921903599756,0.06158005575524394,0.000788493322383175,0.0,1
2739,0.0015253203172666259,0.07958324193700013,0.006826476340785892,0.0,2
2740,0.0006101281269066504,0.07924255236721313,0.003085386869762434,0.0,2
2741,0.0003050640634533252,0.07086325712465837,0.0,0.0,1
2742,0.0003050640634533252,0.0003050640634533252,0.0,0.0,1
2743,0.0003050640634533252,0.0003050640634533252,0.0,0.0,1
2744,0.0003050640634533252,0.0003050640634533252,0.0,0.0,1
2745,0.0009151921903599756,0.08024056939954578,2.7927744594445396e-07,0.6666666666666666,3
2746,0.0006101281269066504,0.05821200799879504,0.000394339753673569,0.0,1
2747,0.0006101281269066504,0.04083065339870175,0.000394339753673569,0.0,1
2748,0.0003050640634533252,0.03840595413614216,0.0,0.0,1
2749,0.0006101281269066504,0.035900583415532594,0.000394339753673569,0.0,1
2750,0.0006101281269066504,0.0006863941427699817,0.0,1.0,2
2751,0.0006101281269066504,0.0009965426072808623,6.20616546543231e-08,0.0,2
2752,0.0006101281269066504,0.06939845780827066,0.0,1.0,2
2753,0.0003050640634533252,0.00040675208460443356,0.0,0.0,1
2754,0.0003050640634533252,0.0007809640024405125,0.0,0.0,1
2755,0.0003050640634533252,0.0007809640024405125,0.0,0.0,1
2756,0.0003050640634533252,0.00040675208460443356,0.0,0.0,1
2757,0.0003050640634533252,0.00040675208460443356,0.0,0.0,1
2758,0.0003050640634533252,0.0003050640634533252,0.0,0.0,1
2759,0.0003050640634533252,0.07925172183636,0.0,0.0,1
2760,0.0003050640634533252,0.0003050640634533252,0.0,0.0,1
2761,0.0006101281269066504,0.0597742520605536,0.001181902151236929,0.0,2
2762,0.0009151921903599756,0.05472579944944651,0.000788307137419212,0.3333333333333333,2
2763,0.0006101281269066504,0.06584247068927351,0.0015751247951267203,0.0,2
2764,0.0003050640634533252,0.07028151668648774,0.0,0.0,1
2765,0.0006101281269066504,0.0788502625040091,0.000394339753673569,0.0,1
2766,0.0003050640634533252,0.07143607615226318,0.0,0.0,1
2767,0.0015253203172666259,0.07188217675375977,0.004139438268111758,0.1,2
2768,0.0003050640634533252,0.07369595740139055,0.0,0.0,1
2769,0.0003050640634533252,0.07369595740139055,0.0,0.0,1
2770,0.0006101281269066504,0.06683842881914932,0.0,1.0,2
2771,0.0009151921903599756,0.07297745126369985,0.005382728652849383,0.3333333333333333,2
2772,0.0006101281269066504,0.05612040151670134,0.0,1.0,2
2773,0.0012202562538133007,0.0604655584099782,0.0002810912568106205,0.3333333333333333,2
2774,0.0024405125076266015,0.09099154777598288,0.0010987994621492192,0.2857142857142857,4
2775,0.0015253203172666259,0.08528120783337356,5.640261488979002e-05,0.2,4
2776,0.0015253203172666259,0.0837431534034142,0.0011811474837252717,0.4,3
2777,0.0003050640634533252,0.0003050640634533252,0.0,0.0,1
2778,0.0003050640634533252,0.0003050640634533252,0.0,0.0,1
2779,0.0012202562538133007,0.07069137432108408,0.002138131852851636,0.3333333333333333,2
2780,0.0009151921903599756,0.06373472735062563,0.000394339753673569,0.3333333333333333,2
2781,0.0003050640634533252,0.0534029926011558,0.0,0.0,1
2782,0.010372178157413056,0.0926094760475726,0.003644902420538828,0.09090909090909091,6
2783,0.0012202562538133007,0.08648189659824775,0.0004042562071595598,0.16666666666666666,3
2784,0.0018303843807199512,0.0868713064573596,7.928380622053665e-05,0.4666666666666667,5
2785,0.0012202562538133007,0.08615552929238607,2.505210712034449e-05,0.16666666666666666,4
2786,0.0012202562538133007,0.08353886443981498,4.252826689339059e-06,0.6666666666666666,4
2787,0.0006101281269066504,0.0008474001762592368,2.7927744594445396e-07,0.0,2
2788,0.0006101281269066504,0.0006933274169393755,9.309248198148465e-08,0.0,2
2789,0.0009151921903599756,0.06609345043279355,0.0008546675900307172,0.0,2
2790,0.0024405125076266015,0.06661414969701143,0.003884902735715167,0.10714285714285714,3
2791,0.0003050640634533252,0.06985856590267474,0.0,0.0,1
2792,0.0003050640634533252,0.06985856590267474,0.0,0.0,1
2793,0.0006101281269066504,0.0006101281269066504,0.0,1.0,2
2794,0.0006101281269066504,0.0012721820518479094,8.378323378333619e-06,0.0,1
2795,0.0006101281269066504,0.0013589217372011759,8.936878270222527e-06,0.0,1
2796,0.0003050640634533252,0.0009198854836438731,0.0,0.0,1
2797,0.0009151921903599756,0.0833203625437741,2.8269230967228002e-05,0.6666666666666666,2
2798,0.0003050640634533252,0.0003050640634533252,0.0,0.0,1
2799,0.0012202562538133007,0.07838550845319864,0.0011273219961310857,0.16666666666666666,2
2800,0.0003050640634533252,0.0005491153142159853,0.0,0.0,1
2801,0.0003050640634533252,0.0003050640634533252,0.0,0.0,1
2802,0.0003050640634533252,0.0003050640634533252,0.0,0.0,1
2803,0.0006101281269066504,0.07275264288398375,6.0053598185649786e-05,0.0,2
2804,0.0009151921903599756,0.0013589217372011759,2.978959423407509e-06,0.0,1
2805,0.0006101281269066504,0.0009965426072808623,1.1171097837778158e-06,0.0,1
2806,0.0003050640634533252,0.0003050640634533252,0.0,0.0,1
2807,0.0003050640634533252,0.0003050640634533252,0.0,0.0,1
2808,0.0003050640634533252,0.0003050640634533252,0.0,0.0,1
2809,0.0003050640634533252,0.00040675208460443356,0.0,0.0,1
2810,0.0003050640634533252,0.00040675208460443356,0.0,0.0,1
2811,0.0006101281269066504,0.07907329909482458,0.000394339753673569,0.0,1
2812,0.0009151921903599756,0.06640746401413905,0.0017104918668909691,0.0,2
2813,0.0003050640634533252,0.0003050640634533252,0.0,0.0,1
2814,0.0006101281269066504,0.07319582987173485,0.0,1.0,2
2815,0.0015253203172666259,0.07361674424784469,0.00025941601145936264,0.5,3
2816,0.0006101281269066504,0.07214340128612451,2.3350697563689064e-05,0.0,2
2817,0.0003050640634533252,0.06582981354381229,0.0,0.0,1
2818,0.0003050640634533252,0.0003050640634533252,0.0,0.0,1
2819,0.0012202562538133007,0.07825564215148802,0.010073815652378009,0.0,2
2820,0.0012202562538133007,0.08931256179302642,0.000668693404531462,0.0,3
2821,0.0006101281269066504,0.08600946629534385,0.000394339753673569,0.0,1
2822,0.0009151921903599756,0.08668987786973269,4.757760535763442e-05,0.6666666666666666,3
2823,0.0006101281269066504,0.08612844317276447,3.884159114206685e-06,0.0,2
2824,0.0009151921903599756,0.086160948560803,0.0015778934340495013,0.0,2
2825,0.0006101281269066504,0.08604188192334461,0.0005245451051383099,0.0,2
2826,0.0009151921903599756,0.086160948560803,2.76863892278136e-06,0.6666666666666666,3
2827,0.0018303843807199512,0.0867777485093219,0.00363942538132644,0.06666666666666667,2
2828,0.003355704697986577,0.08691540356723643,0.002472531730913802,0.12727272727272726,4
2829,0.0061012812690665035,0.09342427773971124,0.002567162743444312,0.14210526315789473,5
2830,0.0012202562538133007,0.09015313677896841,0.0005026876659123076,0.16666666666666666,3
2831,0.0003050640634533252,0.03727919552089174,0.0,0.0,1
2832,0.0006101281269066504,0.0006101281269066504,1.861849639629693e-07,0.0,1
2833,0.0003050640634533252,0.00040675208460443356,0.0,0.0,1
2834,0.0003050640634533252,0.0003050640634533252,0.0,0.0,1
2835,0.0015253203172666259,0.07656717497035473,0.005067176304034027,0.4,3
2836,0.0009151921903599756,0.0704912906658937,0.004612825449945414,0.3333333333333333,2
2837,0.0006101281269066504,0.0778332155360899,0.0038597603574932584,0.0,2
2838,0.0003050640634533252,0.0759136976401932,0.0,0.0,1
2839,0.0003050640634533252,0.08458606645792555,0.0,0.0,1
2840,0.0009151921903599756,0.08601486720374545,0.001489390192047455,0.3333333333333333,2
2841,0.0003050640634533252,0.0004575960951799878,0.0,0.0,1
2842,0.0009151921903599756,0.07663571445785197,0.000788307137419212,0.3333333333333333,2
2843,0.0006101281269066504,0.0685201720884221,0.0,1.0,2
2844,0.0009151921903599756,0.07127253031997742,0.0005838309802651246,0.0,2
2845,0.0009151921903599756,0.07314892450174336,0.00011593904053604185,0.3333333333333333,2
2846,0.0003050640634533252,0.07592211285997373,0.0,0.0,1
2847,0.0003050640634533252,0.0003050640634533252,0.0,0.0,1
2848,0.002745576571079927,0.0810764581367059,0.006274370414228476,0.16666666666666666,4
2849,0.0003050640634533252,0.0003050640634533252,0.0,0.0,1
2850,0.0003050640634533252,0.0003050640634533252,0.0,0.0,1
2851,0.0003050640634533252,0.0003050640634533252,0.0,0.0,1
2852,0.0003050640634533252,0.0003050640634533252,0.0,0.0,1
2853,0.0015253203172666259,0.001774918187364801,3.1651443873704784e-06,0.0,2
2854,0.0006101281269066504,0.07034287270680667,0.0,1.0,2
2855,0.0009151921903599756,0.06606476127228929,3.413391005987771e-07,0.6666666666666666,2
2856,0.0003050640634533252,0.00040675208460443356,0.0,0.0,1
2857,0.0009151921903599756,0.06137587419211606,0.00019698369187282153,0.6666666666666666,2
2858,0.0003050640634533252,0.00040675208460443356,0.0,0.0,1
2859,0.0009151921903599756,0.08501655661740604,1.2758085512612638e-05,0.0,3
2860,0.0006101281269066504,0.08236841612866183,0.0,1.0,2
2861,0.0036607687614399025,0.08800428912429466,0.023323039140558006,0.07575757575757576,3
2862,0.0003050640634533252,0.07881396779169426,0.0,0.0,1
2863,0.0012202562538133007,0.07411864943561745,0.0007620345474676996,0.0,2
2864,0.0003050640634533252,0.06649773096847644,0.0,0.0,1
2865,0.0003050640634533252,0.0007118161480577589,0.0,0.0,1
2866,0.0024405125076266015,0.07438429325113474,0.002369057837725505,0.07142857142857142,3
2867,0.0015253203172666259,0.061677102085625025,0.0015732629454870907,0.2,2
2868,0.0030506406345332518,0.0909070055893049,0.016592341850257323,0.022222222222222223,3
2869,0.0003050640634533252,0.07970364018501375,0.0,0.0,1
2870,0.0003050640634533252,0.07970364018501375,0.0,0.0,1
2871,0.0003050640634533252,0.0003050640634533252,0.0,0.0,1
2872,0.0003050640634533252,0.0003050640634533252,0.0,0.0,1
2873,0.0003050640634533252,0.0003050640634533252,0.0,0.0,1
2874,0.0012202562538133007,0.06964545252286182,0.00022784758154995383,0.16666666666666666,3
2875,0.0006101281269066504,0.0741788562882945,0.00028269130882962394,0.0,2
2877,0.0006101281269066504,0.0015018538508471395,2.7927744594445394e-06,0.0,1
2878,0.0003050640634533252,0.05943191427540985,0.0,0.0,1
2879,0.0003050640634533252,0.0003050640634533252,0.0,0.0,1
2880,0.0012202562538133007,0.07800607973915981,0.00010477342139960329,0.3333333333333333,3
2882,0.0006101281269066504,0.08883758740642364,1.1361424875543492e-05,0.0,2
2883,0.0006101281269066504,0.08910920896562882,0.0,1.0,2
2884,0.0006101281269066504,0.06916717633910555,0.0017017735056127023,0.0,2
2885,0.0003050640634533252,0.0003050640634533252,0.0,0.0,1
2886,0.0009151921903599756,0.09562878806336542,2.6156232476897943e-05,0.6666666666666666,3
2887,0.0003050640634533252,0.08219542515569435,0.0,0.0,1
2888,0.0003050640634533252,0.0005491153142159853,0.0,0.0,1
2889,0.0006101281269066504,0.0006101281269066504,1.861849639629693e-07,0.0,1
2890,0.0003050640634533252,0.00040675208460443356,0.0,0.0,1
2891,0.0009151921903599756,0.07858788067812084,0.0001092702706627555,0.3333333333333333,2
2892,0.0003050640634533252,0.0003050640634533252,0.0,0.0,1
2893,0.0006101281269066504,0.0009533251982916413,7.447398558518772e-07,0.0,1
2894,0.0006101281269066504,0.050382034729279324,0.0019679750690885854,0.0,1
2895,0.0006101281269066504,0.043604340746789524,0.000394339753673569,0.0,1
2896,0.0003050640634533252,0.05689192009883483,0.0,0.0,1
2897,0.0006101281269066504,0.062379286862773636,0.000394339753673569,0.0,1
2898,0.0009151921903599756,0.06638171845018882,0.0,1.0,3
2899,0.004881025015253203,0.08530245112838748,0.005090288407429262,0.041666666666666664,3
2900,0.0012202562538133007,0.08938832943224002,0.009109526531026481,0.0,3
2901,0.0003050640634533252,0.07536238777616891,0.0,0.0,1
2902,0.0003050640634533252,0.07536238777616891,0.0,0.0,1
2903,0.0003050640634533252,0.07536238777616891,0.0,0.0,1
2904,0.0003050640634533252,0.00040675208460443356,0.0,0.0,1
2905,0.0006101281269066504,0.0006101281269066504,1.861849639629693e-07,0.0,1
2906,0.0006101281269066504,0.06622125986075157,0.000394339753673569,0.0,1
2907,0.0009151921903599756,0.0009151921903599756,5.585548918889079e-07,0.0,1
2908,0.0003050640634533252,0.0007118161480577589,0.0,0.0,1
2909,0.0012202562538133007,0.06866787448464237,0.010031788154454777,0.0,2
2910,0.0006101281269066504,0.07132448634312138,5.5648873574017795e-06,0.0,2
2911,0.0036607687614399025,0.08160779030203434,0.002698183209549721,0.12121212121212122,4
2912,0.0009151921903599756,0.08163697241907422,0.0,1.0,3
2913,0.0003050640634533252,0.06624367734885608,0.0,0.0,1
2914,0.0003050640634533252,0.0003050640634533252,0.0,0.0,1
2915,0.0003050640634533252,0.0003050640634533252,0.0,0.0,1
2916,0.0003050640634533252,0.0003050640634533252,0.0,0.0,1
2917,0.0003050640634533252,0.0003050640634533252,0.0,0.0,1
2918,0.0006101281269066504,0.05804427137673826,0.0011791093767774847,0.0,2
2919,0.0024405125076266015,0.09429247334065163,0.006144351846516827,0.14285714285714285,3
2920,0.0012202562538133007,0.08075620564907712,0.0015603797859130206,0.5,3
2921,0.0012202562538133007,0.08189565707399535,0.001180495162922126,0.0,2
2922,0.0006101281269066504,0.0006101281269066504,1.861849639629693e-07,0.0,1
2923,0.0006101281269066504,0.0624703224435466,0.000394339753673569,0.0,1
2924,0.0003050640634533252,0.08283664490926743,0.0,0.0,1
2925,0.006406345332519829,0.08726423904055847,0.0063413652422375354,0.1,7
2926,0.0009151921903599756,0.0762857407117201,1.676105046989629e-05,0.3333333333333333,2
2927,0.0015253203172666259,0.08307779962516049,0.001726592480229359,0.1,2
2928,0.0009151921903599756,0.05963372922157798,0.000394339753673569,0.3333333333333333,2
2929,0.0003050640634533252,0.0003050640634533252,0.0,0.0,1
2930,0.0003050640634533252,0.05510003058003404,0.0,0.0,1
2931,0.0009151921903599756,0.08306268632706604,0.0011094014108597827,0.0,2
2932,0.0003050640634533252,0.06794914232946309,0.0,0.0,1
2933,0.0006101281269066504,0.08740344309722092,0.0,1.0,2
2934,0.0003050640634533252,0.0003050640634533252,0.0,0.0,1
2935,0.0003050640634533252,0.0003050640634533252,0.0,0.0,1
2936,0.0009151921903599756,0.0009762050030506406,1.861849639629693e-07,0.6666666666666666,2
2937,0.0006101281269066504,0.0006972892878933147,0.0,1.0,2
2938,0.0006101281269066504,0.0008474001762592368,2.7927744594445396e-07,0.0,2
2939,0.0006101281269066504,0.0589535941562146,0.000394339753673569,0.0,1
2940,0.0006101281269066504,0.052948850414365915,0.000394339753673569,0.0,1
2941,0.0003050640634533252,0.0003050640634533252,0.0,0.0,1
2942,0.0006101281269066504,0.07582545033045371,0.000394339753673569,0.0,1
2943,0.0006101281269066504,0.05621482990190201,0.000394339753673569,0.0,1
2944,0.0003050640634533252,0.0658076752447584,0.0,0.0,1
2945,0.0012202562538133007,0.0012202562538133007,1.1171097837778158e-06,0.0,1
2946,0.0003050640634533252,0.0003050640634533252,0.0,0.0,1
2947,0.0006101281269066504,0.0008135041692088671,5.585548918889079e-07,0.0,1
2948,0.0009151921903599756,0.05897897783507626,0.0023604529731225247,0.3333333333333333,2
2949,0.0009151921903599756,0.054730172615456534,0.0015756833500186092,0.0,1
2950,0.0012202562538133007,0.08089451132224923,0.0015071193000773867,0.0,2
2951,0.0003050640634533252,0.07190104247649184,0.0,0.0,1
2952,0.0006101281269066504,0.07590949072982245,1.9083958806204352e-06,0.0,2
2953,0.0003050640634533252,0.052520484652415406,0.0,0.0,1
2954,0.0006101281269066504,0.07162283713566776,0.0,1.0,2
2955,0.002135448444173276,0.06705437439884698,0.004712434530384735,0.14285714285714285,2
2956,0.0006101281269066504,0.06076598173274981,0.0,1.0,2
2957,0.0012202562538133007,0.06078216010914298,0.001182274521164855,0.16666666666666666,2
2958,0.0006101281269066504,0.0006101281269066504,1.861849639629693e-07,0.0,1
2959,0.0006101281269066504,0.08330009488078607,0.0006228714709199674,0.0,2
2960,0.0009151921903599756,0.0009762050030506406,9.309248198148465e-07,0.0,1
2961,0.0003050640634533252,0.0003050640634533252,0.0,0.0,1
2962,0.0003050640634533252,0.0003050640634533252,0.0,0.0,1
2963,0.0003050640634533252,0.06476839378786922,0.0,0.0,1
2964,0.0012202562538133007,0.08901655577200716,0.00012048621848837469,0.16666666666666666,3
2965,0.0006101281269066504,0.0006101281269066504,1.861849639629693e-07,0.0,1
2966,0.0018303843807199512,0.05565297851621688,2.65978519947099e-08,0.9333333333333333,5
2967,0.0015253203172666259,0.08951099524404668,0.0005403380389241523,0.2,3
2968,0.0012202562538133007,0.08251230409129849,0.0011822518085407901,0.3333333333333333,3
2969,0.0003050640634533252,0.00040675208460443356,0.0,0.0,1
2970,0.0006101281269066504,0.0006863941427699817,3.723699279259386e-07,0.0,1
2971,0.0003050640634533252,0.04734995195892171,0.0,0.0,1
2972,0.0003050640634533252,0.0003050640634533252,0.0,0.0,1
2973,0.0009151921903599756,0.0833051608720821,0.002949300496721874,0.0,2
2974,0.0015253203172666259,0.001660904345468104,1.861849639629693e-06,0.3,2
2975,0.0009151921903599756,0.0012456782591010781,1.5515413663580774e-07,0.6666666666666666,2
2976,0.0015253203172666259,0.055680125207091015,1.013530712781143e-05,0.3,3
2977,0.0012202562538133007,0.0903136256490833,0.0005256001532674422,0.16666666666666666,3
2978,0.0006101281269066504,0.06800649191836194,0.000788307137419212,0.0,1
2979,0.0006101281269066504,0.04735813719470496,0.000394339753673569,0.0,1
2980,0.0006101281269066504,0.059677896580823696,0.000394339753673569,0.0,1
2981,0.0003050640634533252,0.05463630330739285,0.0,0.0,1
2982,0.0003050640634533252,0.0003050640634533252,0.0,0.0,1
2983,0.0003050640634533252,0.0003050640634533252,0.0,0.0,1
2984,0.0018303843807199512,0.07324279543469395,0.0017487369733557082,0.13333333333333333,3
2985,0.0006101281269066504,0.0006863941427699817,0.0,1.0,2
2986,0.0006101281269066504,0.0006863941427699817,0.0,1.0,2
2987,0.0003050640634533252,0.0005491153142159853,0.0,0.0,1
2988,0.0003050640634533252,0.0003050640634533252,0.0,0.0,1
2989,0.0009151921903599756,0.0009762050030506406,9.309248198148465e-07,0.0,1
2990,0.0003050640634533252,0.0006101281269066504,0.0,0.0,1
2991,0.0009151921903599756,0.077731628658475,2.682625532347686e-05,0.0,2
2992,0.0003050640634533252,0.0005491153142159853,0.0,0.0,1
2993,0.0009151921903599756,0.07691974170146261,5.2146635135280746e-05,0.3333333333333333,2
2994,0.0009151921903599756,0.07227282014560471,0.0007341135187051632,0.0,3
2995,0.0003050640634533252,0.0003050640634533252,0.0,0.0,1
2996,0.0003050640634533252,0.0003050640634533252,0.0,0.0,1
2997,0.0003050640634533252,0.0003050640634533252,0.0,0.0,1
2998,0.0003050640634533252,0.0003050640634533252,0.0,0.0,1
2999,0.0006101281269066504,0.05045812650457311,0.0,1.0,2
3000,0.0003050640634533252,0.07661856808477717,0.0,0.0,1
3001,0.0003050640634533252,0.0003050640634533252,0.0,0.0,1
3002,0.0003050640634533252,0.06258735082791037,0.0,0.0,1
3003,0.0006101281269066504,0.0006101281269066504,1.861849639629693e-07,0.0,1
3004,0.0003050640634533252,0.00040675208460443356,0.0,0.0,1
3005,0.0003050640634533252,0.00040675208460443356,0.0,0.0,1
3006,0.0006101281269066504,0.07486400831937728,0.000394339753673569,0.0,1
3007,0.0006101281269066504,0.06686126617951121,0.0015917789595775926,0.0,2
3008,0.0003050640634533252,0.001084672225611823,0.0,0.0,1
3009,0.002135448444173276,0.0862477496675259,0.004969484434737868,0.0,3
3010,0.0006101281269066504,0.0701267987620768,2.1626259012584803e-05,0.0,2
3011,0.0009151921903599756,0.05976903570205281,0.004322842493292222,0.0,2
3012,0.0003050640634533252,0.06131268789309548,0.0,0.0,1
3013,0.0003050640634533252,0.07867364081440734,0.0,0.0,1
3014,0.0009151921903599756,0.08490062973965826,0.00012182813640925847,0.3333333333333333,3
3015,0.0003050640634533252,0.00040675208460443356,0.0,0.0,1
3016,0.0003050640634533252,0.0003050640634533252,0.0,0.0,1
3017,0.0024405125076266015,0.08521224013808062,0.012707293129796533,0.10714285714285714,4
3018,0.0009151921903599756,0.07954165032342177,0.00014106597610666878,0.3333333333333333,3
3019,0.0006101281269066504,0.04686556590323136,0.000394339753673569,0.0,1
3020,0.0003050640634533252,0.057597626785789516,0.0,0.0,1
3021,0.0009151921903599756,0.0015018538508471395,5.39936395492611e-06,0.0,1
3022,0.0003050640634533252,0.04323821844127671,0.0,0.0,1
3023,0.0003050640634533252,0.00040675208460443356,0.0,0.0,1
3024,0.0003050640634533252,0.06246462493591346,0.0,0.0,1
3025,0.002135448444173276,0.07607390648781774,0.000372134358395485,0.2857142857142857,4
3026,0.0012202562538133007,0.09086479338107106,0.0017240725943846388,0.16666666666666666,3
3027,0.0006101281269066504,0.08012323117803265,0.0,1.0,2
3028,0.0006101281269066504,0.08532370500932143,0.0033478624104841745,0.0,2
3029,0.0006101281269066504,0.07184447499316302,0.0,1.0,2
3030,0.0012202562538133007,0.0762347929774959,0.004319956626350796,0.16666666666666666,2
3031,0.0003050640634533252,0.00040675208460443356,0.0,0.0,1
3032,0.0003050640634533252,0.0004881025015253203,0.0,0.0,1
3033,0.0003050640634533252,0.0003050640634533252,0.0,0.0,1
3034,0.0006101281269066504,0.06348953697425938,0.0,1.0,2
3035,0.0009151921903599756,0.0013016066707341874,3.4133910059877704e-07,0.3333333333333333,2
3036,0.0009151921903599756,0.0014526860164444056,4.096069207185325e-07,0.3333333333333333,2
3037,0.0015253203172666259,0.0017650135099799532,4.840809063037202e-06,0.2,2
3038,0.0009151921903599756,0.0014535405376305496,2.6065894954815703e-06,0.3333333333333333,2
3039,0.0006101281269066504,0.07053848088056265,3.9424912315614934e-05,0.0,2
3040,0.0003050640634533252,0.0012202562538133007,0.0,0.0,1
3041,0.0003050640634533252,0.0012202562538133007,0.0,0.0,1
3042,0.0003050640634533252,0.0713467764060444,0.0,0.0,1
3043,0.0003050640634533252,0.0003050640634533252,0.0,0.0,1
3044,0.0006101281269066504,0.0006863941427699817,9.309248198148465e-08,0.0,2
3045,0.0012202562538133007,0.060914606671394415,0.002792504335068197,0.0,2
3046,0.004881025015253203,0.08356944422058729,0.006304356002290693,0.075,4
3047,0.0009151921903599756,0.08024056939954578,0.000788493322383175,0.0,1
3048,0.0006101281269066504,0.08023116969599052,0.000197076784354803,0.0,2
3049,0.0009151921903599756,0.08023586927247225,0.000394339753673569,0.3333333333333333,2
3050,0.0006101281269066504,0.08023116969599052,0.0,1.0,2
3051,0.0009151921903599756,0.08385080559620753,0.000389061526144741,0.0,2
3052,0.0006101281269066504,0.0818809707824524,0.00233283922713188,0.0,2
3053,0.0003050640634533252,0.07059664795236026,0.0,0.0,1
3054,0.0003050640634533252,0.07486810014318136,0.0,0.0,1
3055,0.0003050640634533252,0.0004575960951799878,0.0,0.0,1
3056,0.0006101281269066504,0.0006863941427699817,3.723699279259386e-07,0.0,1
3057,0.0006101281269066504,0.0006101281269066504,0.0,1.0,2
3058,0.0006101281269066504,0.0006101281269066504,0.0,1.0,2
3059,0.0006101281269066504,0.0006101281269066504,0.0,1.0,2
3060,0.0003050640634533252,0.0641886954179778,0.0,0.0,1
3061,0.0003050640634533252,0.0003050640634533252,0.0,0.0,1
3062,0.0003050640634533252,0.051071427620880884,0.0,0.0,1
3063,0.0003050640634533252,0.00040675208460443356,0.0,0.0,1
3064,0.0006101281269066504,0.0008135041692088671,7.447398558518772e-07,0.0,1
3065,0.0003050640634533252,0.0004881025015253203,0.0,0.0,1
3066,0.0009151921903599756,0.05225002899830814,0.000394339753673569,0.3333333333333333,2
3067,0.0003050640634533252,0.04834427755416271,0.0,0.0,1
3068,0.0006101281269066504,0.06204025364462368,0.0,1.0,2
3069,0.0003050640634533252,0.04633136344392512,0.0,0.0,1
3070,0.0003050640634533252,0.0005491153142159853,0.0,0.0,1
3071,0.0018303843807199512,0.06946180325657435,0.0018156858447645786,0.4,3
3072,0.0006101281269066504,0.06707079078586134,0.0,1.0,2
3073,0.0006101281269066504,0.07688088680583971,9.828025144717384e-07,0.0,2
3074,0.0003050640634533252,0.08086108383823178,0.0,0.0,1
3075,0.0006101281269066504,0.0008135041692088671,0.0,1.0,2
3076,0.0012202562538133007,0.07280678006907867,9.116856721689805e-05,0.8333333333333334,3
3077,0.0003050640634533252,0.0003050640634533252,0.0,0.0,1
3078,0.0003050640634533252,0.06575081650360708,0.0,0.0,1
3079,0.0003050640634533252,0.06575081650360708,0.0,0.0,1
3080,0.0018303843807199512,0.07482720202226845,0.0027557236516159087,0.06666666666666667,2
3081,0.0003050640634533252,0.06706750686543508,0.0,0.0,1
3083,0.0003050640634533252,0.05556042671451473,0.0,0.0,1
3084,0.0003050640634533252,0.06400573619081568,0.0,0.0,1
3085,0.0003050640634533252,0.0004575960951799878,0.0,0.0,1
3086,0.0003050640634533252,0.08868803886174466,0.0,0.0,1
3087,0.0006101281269066504,0.05996789949302365,0.00039396738374564307,0.0,2
3088,0.0003050640634533252,0.00040675208460443356,0.0,0.0,1
3089,0.0003050640634533252,0.07161534794895416,0.0,0.0,1
3090,0.0009151921903599756,0.0009151921903599756,3.723699279259386e-07,0.3333333333333333,2
3091,0.0003050640634533252,0.0005491153142159853,0.0,0.0,1
3092,0.0003050640634533252,0.00040675208460443356,0.0,0.0,1
3093,0.0009151921903599756,0.07794393764764118,1.785518780692974e-06,0.6666666666666666,2
3094,0.0006101281269066504,0.0006101281269066504,1.861849639629693e-07,0.0,1
3095,0.0003050640634533252,0.00040675208460443356,0.0,0.0,1
3096,0.0003050640634533252,0.0003050640634533252,0.0,0.0,1
3097,0.0003050640634533252,0.0003050640634533252,0.0,0.0,1
3098,0.0003050640634533252,0.0003050640634533252,0.0,0.0,1
3099,0.0009151921903599756,0.08288676995157002,0.0001831710531485259,0.0,3
3100,0.0003050640634533252,0.0003050640634533252,0.0,0.0,1
3101,0.0003050640634533252,0.0020991312937621662,0.0,0.0,1
3102,0.0006101281269066504,0.05698659401005309,0.000197076784354803,0.0,2
3103,0.0006101281269066504,0.05698659401005309,0.000197076784354803,0.0,2
3104,0.0003050640634533252,0.0003050640634533252,0.0,0.0,1
3105,0.0003050640634533252,0.0003050640634533252,0.0,0.0,1
3106,0.0006101281269066504,0.06786834267550147,0.0003109424152908869,0.0,2
3107,0.0015253203172666259,0.07555776712558035,0.0030106541809965907,0.1,2
3108,0.0012202562538133007,0.05341965370172553,0.0011824607061288182,0.0,1
3109,0.0003050640634533252,0.04934390346612559,0.0,0.0,1
3110,0.0003050640634533252,0.04934390346612559,0.0,0.0,1
3111,0.0003050640634533252,0.0003050640634533252,0.0,0.0,1
3112,0.0003050640634533252,0.0003050640634533252,0.0,0.0,1
3113,0.0003050640634533252,0.0003050640634533252,0.0,0.0,1
3114,0.0006101281269066504,0.06958177182869278,0.0,1.0,2
3115,0.0003050640634533252,0.0005491153142159853,0.0,0.0,1
3116,0.0009151921903599756,0.0009151921903599756,5.585548918889079e-07,0.0,1
3117,0.0009151921903599756,0.05280393046604395,0.00013132246124854447,0.6666666666666666,2
3118,0.0009151921903599756,0.05280393046604395,0.00013132246124854447,0.6666666666666666,2
3119,0.0006101281269066504,0.05280189500499754,0.00013132246124854447,0.0,2
3120,0.0006101281269066504,0.06894090091195562,5.8991190064423196e-05,0.0,2
3121,0.0003050640634533252,0.0003050640634533252,0.0,0.0,1
3124,0.0003050640634533252,0.0011733233209743278,0.0,0.0,1
3125,0.0009151921903599756,0.05614110251320325,0.00040088725823960006,0.0,2
3126,0.0003050640634533252,0.0003050640634533252,0.0,0.0,1
3127,0.0003050640634533252,0.0003050640634533252,0.0,0.0,1
3128,0.0015253203172666259,0.07253689685552035,0.0008456674735477697,0.2,3
3129,0.0006101281269066504,0.06883696468262959,0.0031442916714066256,0.0,1
3130,0.0003050640634533252,0.0009151921903599756,0.0,0.0,1
3131,0.0006101281269066504,0.0010982306284319707,9.309248198148465e-07,0.0,1
3132,0.0006101281269066504,0.07329766482339717,0.0015060971294602646,0.0,2
3133,0.0018303843807199512,0.0694441957018832,0.003956429879516142,0.0,2
3134,0.0009151921903599756,0.068705761158632,0.0024559013076090237,0.0,2
3135,0.0006101281269066504,0.0006101281269066504,1.861849639629693e-07,0.0,1
3136,0.0003050640634533252,0.00040675208460443356,0.0,0.0,1
3137,0.0003050640634533252,0.00040675208460443356,0.0,0.0,1
3138,0.0012202562538133007,0.07724071051199087,0.0023868431492807545,0.16666666666666666,2
3139,0.0009151921903599756,0.0692686098720428,0.000788307137419212,0.3333333333333333,2
3140,0.0003050640634533252,0.0011656179140903172,0.0,0.0,1
3141,0.0003050640634533252,0.0003050640634533252,0.0,0.0,1
3142,0.0003050640634533252,0.0538142044558673,0.0,0.0,1
3143,0.0003050640634533252,0.0003050640634533252,0.0,0.0,1
3144,0.0012202562538133007,0.05461669697845479,0.003146712075938144,0.0,1
3145,0.0003050640634533252,0.05036351056032231,0.0,0.0,1
3146,0.0009151921903599756,0.07176918999369414,0.0015758695349825723,0.0,1
3147,0.0006101281269066504,0.06460648807752317,0.000394339753673569,0.0,1
3148,0.0006101281269066504,0.08068960651623741,0.0019679750690885854,0.0,1
3149,0.0003050640634533252,0.07133562963335309,0.0,0.0,1
3150,0.0006101281269066504,0.07134306042810658,0.000394339753673569,0.0,1
3151,0.0003050640634533252,0.06226020454614092,0.0,0.0,1
3152,0.0012202562538133007,0.05899930052201603,0.0015659567033953468,0.3333333333333333,2
3153,0.0012202562538133007,0.07470884975291225,0.0009911329202380835,0.16666666666666666,2
3154,0.0003050640634533252,0.0005491153142159853,0.0,0.0,1
3155,0.0003050640634533252,0.0004575960951799878,0.0,0.0,1
3156,0.0018303843807199512,0.060647602949599144,0.0043830093316607754,0.0,2
3157,0.0003050640634533252,0.045910536272276654,0.0,0.0,1
3158,0.0003050640634533252,0.0003050640634533252,0.0,0.0,1
3159,0.0003050640634533252,0.0436989332042253,0.0,0.0,1
3160,0.0003050640634533252,0.06612854881817351,0.0,0.0,1
3161,0.0003050640634533252,0.05995739999210568,0.0,0.0,1
3162,0.0003050640634533252,0.06653972409499884,0.0,0.0,1
3163,0.0006101281269066504,0.0006863941427699817,3.723699279259386e-07,0.0,1
3164,0.0006101281269066504,0.077775764264118,0.0008171520190381036,0.0,2
3165,0.0003050640634533252,0.0003050640634533252,0.0,0.0,1
3166,0.0003050640634533252,0.0003050640634533252,0.0,0.0,1
3167,0.0003050640634533252,0.04589054106401039,0.0,0.0,1
3168,0.0003050640634533252,0.04589054106401039,0.0,0.0,1
3169,0.0006101281269066504,0.0010982306284319707,0.0,1.0,2
3170,0.0003050640634533252,0.0009151921903599756,0.0,0.0,1
3171,0.0006101281269066504,0.0010982306284319707,0.0,1.0,2
3172,0.0012202562538133007,0.0013727882855399634,1.024017301796331e-06,0.3333333333333333,2
3173,0.0003050640634533252,0.000844792791101516,0.0,0.0,1
3174,0.0006101281269066504,0.07060392558216826,0.000394339753673569,0.0,1
3175,0.0003050640634533252,0.00040675208460443356,0.0,0.0,1
3176,0.0006101281269066504,0.0006101281269066504,1.861849639629693e-07,0.0,1
3177,0.0003050640634533252,0.00040675208460443356,0.0,0.0,1
3178,0.0003050640634533252,0.0003050640634533252,0.0,0.0,1
3179,0.0003050640634533252,0.0003050640634533252,0.0,0.0,1
3180,0.0006101281269066504,0.0006101281269066504,0.0,1.0,2
3181,0.0006101281269066504,0.0006101281269066504,0.0,1.0,2
3182,0.0003050640634533252,0.0003050640634533252,0.0,0.0,1
3183,0.0006101281269066504,0.0009503918899892055,1.4894797117037544e-06,0.0,1
3184,0.0009151921903599756,0.06131268789309548,0.000461009076463159,0.3333333333333333,2
3185,0.0009151921903599756,0.0009762050030506406,5.585548918889079e-07,0.3333333333333333,2
3186,0.0003050640634533252,0.07669578724634077,0.0,0.0,1
3187,0.0003050640634533252,0.05567107336800025,0.0,0.0,1
3188,0.0006101281269066504,0.0006863941427699817,0.0,1.0,2
3189,0.0003050640634533252,0.0011733233209743278,0.0,0.0,1
3191,0.0003050640634533252,0.0003050640634533252,0.0,0.0,1
3192,0.0003050640634533252,0.0003050640634533252,0.0,0.0,1
3193,0.005186089078706528,0.08261183042154552,0.019589175817001942,0.007352941176470588,2
3194,0.0006101281269066504,0.07794393764764118,0.0022804833385723913,0.0,2
3195,0.0003050640634533252,0.07325454624416526,0.0,0.0,1
3196,0.0003050640634533252,0.07325454624416526,0.0,0.0,1
3197,0.0006101281269066504,0.07515564359813708,0.0,1.0,2
3198,0.0003050640634533252,0.07140628474272252,0.0,0.0,1
3199,0.0003050640634533252,0.06226586482202128,0.0,0.0,1
3200,0.0009151921903599756,0.0009151921903599756,9.309248198148465e-08,0.6666666666666666,2
3201,0.0006101281269066504,0.0006863941427699817,0.0,1.0,2
3202,0.0003050640634533252,0.06391017404094836,0.0,0.0,1
3203,0.0015253203172666259,0.002033760423022168,1.1853776038975713e-06,0.6,3
3204,0.0015253203172666259,0.002033760423022168,2.1597455819704443e-06,0.5,3
3205,0.0006101281269066504,0.0006863941427699817,3.723699279259386e-07,0.0,1
3206,0.0006101281269066504,0.05586861735131928,4.6775300578478115e-05,0.0,2
3207,0.0006101281269066504,0.07477001966264445,6.991245396809498e-06,0.0,2
3208,0.0003050640634533252,0.0006972892878933147,0.0,0.0,1
3209,0.0003050640634533252,0.07739345500986758,0.0,0.0,1
3210,0.0003050640634533252,0.07325454624416526,0.0,0.0,1
3211,0.0003050640634533252,0.0003050640634533252,0.0,0.0,1
3212,0.0006101281269066504,0.05606068430136884,0.0,1.0,2
3213,0.0003050640634533252,0.0693492689459116,0.0,0.0,1
3214,0.0003050640634533252,0.00040675208460443356,0.0,0.0,1
3215,0.0015253203172666259,0.08029230716410587,0.0006599809201316853,0.2,2
3216,0.0003050640634533252,0.08064210292120842,0.0,0.0,1
3217,0.0003050640634533252,0.08064210292120842,0.0,0.0,1
3218,0.0003050640634533252,0.08064210292120842,0.0,0.0,1
3219,0.0006101281269066504,0.0008474001762592368,1.861849639629693e-07,0.0,2
3220,0.0006101281269066504,0.07938031758342873,0.0037844670328075676,0.0,2
3221,0.0015253203172666259,0.06641068361386823,0.0019531043399875273,0.0,2
3222,0.0003050640634533252,0.0012304250559284115,0.0,0.0,1
3223,0.0003050640634533252,0.06491880380187896,0.0,0.0,1
3224,0.0006101281269066504,0.06304246871408534,0.0,1.0,2
3225,0.0003050640634533252,0.0005491153142159853,0.0,0.0,1
3226,0.0003050640634533252,0.0003050640634533252,0.0,0.0,1
3227,0.0006101281269066504,0.06029787208784814,3.103082732716155e-08,0.0,2
3228,0.0012202562538133007,0.08248745996746033,0.00499628841267798,0.3333333333333333,2
3229,0.0003050640634533252,0.000762660158633313,0.0,0.0,1
3230,0.0009151921903599756,0.0010895145123333044,2.7927744594445396e-07,0.3333333333333333,2
3231,0.0003050640634533252,0.059388110133086765,0.0,0.0,1
3232,0.0012202562538133007,0.06013375302777322,0.0011142564666698873,0.0,2
3233,0.0003050640634533252,0.06810116139105331,0.0,0.0,1
3234,0.0003050640634533252,0.0712688220717818,0.0,0.0,1
3235,0.0003050640634533252,0.0712688220717818,0.0,0.0,1
3236,0.0006101281269066504,0.0758380445255036,0.0,1.0,2
3237,0.0006101281269066504,0.0006101281269066504,1.861849639629693e-07,0.0,1
3238,0.0003050640634533252,0.0003050640634533252,0.0,0.0,1
3239,0.0003050640634533252,0.0003050640634533252,0.0,0.0,1
3240,0.0003050640634533252,0.0005423361128059115,0.0,0.0,1
3241,0.0018303843807199512,0.0019967829607854012,8.099045932389165e-06,0.2,3
3242,0.0006101281269066504,0.07611617916312771,0.000394339753673569,0.0,1
3243,0.0003050640634533252,0.0003050640634533252,0.0,0.0,1
3244,0.0006101281269066504,0.06257019734239203,0.0,1.0,2
3245,0.0003050640634533252,0.0003050640634533252,0.0,0.0,1
3246,0.0006101281269066504,0.05508452005548101,0.0,1.0,2
3247,0.0003050640634533252,0.04714623667032582,0.0,0.0,1
3248,0.0003050640634533252,0.06728824287565192,0.0,0.0,1
3249,0.002745576571079927,0.07305529387838113,0.0077605513277840005,0.1111111111111111,3
3250,0.0003050640634533252,0.00040675208460443356,0.0,0.0,1
3251,0.0006101281269066504,0.046836721610464545,0.0006620728914155838,0.0,2
3252,0.0012202562538133007,0.0012202562538133007,1.861849639629693e-07,0.6666666666666666,3
3253,0.0009151921903599756,0.0009762050030506406,0.0,1.0,3
3254,0.0006101281269066504,0.0008474001762592368,6.20616546543231e-08,0.0,2
3255,0.0003050640634533252,0.0009297190505244196,0.0,0.0,1
3256,0.0006101281269066504,0.07119473805715416,0.000394339753673569,0.0,1
3257,0.0006101281269066504,0.07063305111223876,4.6546240990742326e-07,0.0,2
3258,0.0003050640634533252,0.0003050640634533252,0.0,0.0,1
3259,0.0003050640634533252,0.0003050640634533252,0.0,0.0,1
3261,0.0006101281269066504,0.05117445960397677,0.0,1.0,2
3262,0.0003050640634533252,0.0003050640634533252,0.0,0.0,1
3263,0.0006101281269066504,0.06821307505700146,0.0,1.0,2
3264,0.0003050640634533252,0.0003050640634533252,0.0,0.0,1
3265,0.0009151921903599756,0.06760706580226278,0.000394339753673569,0.3333333333333333,2
3266,0.0003050640634533252,0.08927181701118653,0.0,0.0,1
3267,0.0006101281269066504,0.0523758941696802,9.309248198148465e-08,0.0,2
3268,0.0006101281269066504,0.0006863941427699817,0.0,1.0,2
3269,0.0006101281269066504,0.05182304631581591,0.000788307137419212,0.0,1
3270,0.0003050640634533252,0.04466793061434964,0.0,0.0,1
3271,0.0003050640634533252,0.07485582601342401,0.0,0.0,1
3272,0.0015253203172666259,0.06143919085981817,0.0034293737698228,0.1,2
3273,0.0012202562538133007,0.001757750079897731,4.840809063037202e-06,0.16666666666666666,2
3274,0.003355704697986577,0.08345742766219741,0.007220717025339536,0.2,4
3275,0.0003050640634533252,0.07860140932000036,0.0,0.0,1
3276,0.0009151921903599756,0.05607445391434609,0.002023766460770604,0.0,2
3277,0.0003050640634533252,0.05870598552349232,0.0,0.0,1
3278,0.0003050640634533252,0.0003050640634533252,0.0,0.0,1
3279,0.0003050640634533252,0.0003050640634533252,0.0,0.0,1
3280,0.0003050640634533252,0.0005491153142159853,0.0,0.0,1
3281,0.0003050640634533252,0.06413459875548488,0.0,0.0,1
3282,0.0006101281269066504,0.06935278012352013,0.0,1.0,2
3283,0.0003050640634533252,0.03955491655268976,0.0,0.0,1
3284,0.0003050640634533252,0.07644325912269916,0.0,0.0,1
3285,0.0003050640634533252,0.0003050640634533252,0.0,0.0,1
3286,0.0018303843807199512,0.061521974409146474,0.004341730981886923,0.06666666666666667,3
3287,0.0003050640634533252,0.056177942017784775,0.0,0.0,1
3288,0.0003050640634533252,0.06472248914286742,0.0,0.0,1
3289,0.0003050640634533252,0.00040675208460443356,0.0,0.0,1
3290,0.0003050640634533252,0.0005491153142159853,0.0,0.0,1
3291,0.0003050640634533252,0.00040675208460443356,0.0,0.0,1
3292,0.0003050640634533252,0.06484197681513118,0.0,0.0,1
3293,0.0003050640634533252,0.05974036199658276,0.0,0.0,1
3294,0.0009151921903599756,0.07407455982152532,0.0008112559349726982,0.0,2
3295,0.0012202562538133007,0.0013727882855399634,2.420404531518601e-06,0.0,1
3296,0.0012202562538133007,0.07184447499316302,0.0007885553840378296,0.3333333333333333,3
3297,0.0003050640634533252,0.00040675208460443356,0.0,0.0,1
3298,0.0003050640634533252,0.06617327344056262,0.0,0.0,1
3299,0.0006101281269066504,0.07410261077736793,0.00039396738374564307,0.0,2
3300,0.0003050640634533252,0.07211681374221576,0.0,0.0,1
3301,0.0006101281269066504,0.0006101281269066504,0.0,1.0,2
3302,0.0006101281269066504,0.0006101281269066504,0.0,1.0,2
3303,0.0003050640634533252,0.00040675208460443356,0.0,0.0,1
3304,0.0009151921903599756,0.04837842622800191,0.0007873762125993972,0.3333333333333333,2
3305,0.0003050640634533252,0.04632979639517169,0.0,0.0,1
3306,0.0003050640634533252,0.04632979639517169,0.0,0.0,1
3307,0.0003050640634533252,0.0003050640634533252,0.0,0.0,1
3308,0.0009151921903599756,0.0760570105618904,0.0011819021512369289,0.3333333333333333,2
3309,0.0003050640634533252,0.0006101281269066504,0.0,0.0,1
3310,0.0003050640634533252,0.0003050640634533252,0.0,0.0,1
3311,0.0003050640634533252,0.05558973906171204,0.0,0.0,1
3312,0.0006101281269066504,0.05760731601562983,1.3032947477407851e-06,0.0,2
3313,0.0003050640634533252,0.0003050640634533252,0.0,0.0,1
3314,0.0003050640634533252,0.05674344491382129,0.0,0.0,1
3315,0.0003050640634533252,0.0003050640634533252,0.0,0.0,1
3316,0.0003050640634533252,0.0003050640634533252,0.0,0.0,1
3317,0.0003050640634533252,0.0724639877384355,0.0,0.0,1
3318,0.0003050640634533252,0.07408657905888075,0.0,0.0,1
3319,0.0003050640634533252,0.0003050640634533252,0.0,0.0,1
3320,0.0003050640634533252,0.0003050640634533252,0.0,0.0,1
3321,0.0003050640634533252,0.00040675208460443356,0.0,0.0,1
3322,0.0003050640634533252,0.0003050640634533252,0.0,0.0,1
3323,0.0003050640634533252,0.0003050640634533252,0.0,0.0,1
3324,0.0009151921903599756,0.0809518799255154,4.501939791636094e-05,0.0,2
3325,0.0003050640634533252,0.0003050640634533252,0.0,0.0,1
3326,0.0003050640634533252,0.06957823742671033,0.0,0.0,1
