node,gnn_score
0,0.4962783753871918
1,0.7782683968544006
2,0.5772972702980042
3,0.6099647283554077
4,0.395376056432724
5,0.466207355260849
6,0.30368784070014954
7,0.6442962884902954
8,0.3578307032585144
9,0.2970893085002899
10,0.7181174755096436
11,0.7773471474647522
12,0.5919602513313293
13,0.512848973274231
14,0.5335758924484253
15,0.7095345854759216
16,0.45595288276672363
17,0.5343506932258606
18,0.2939284145832062
19,0.2135077714920044
20,0.6646363139152527
21,0.4643360674381256
22,0.4985928535461426
23,0.39862552285194397
24,0.39562615752220154
25,0.4089708626270294
26,0.6320199370384216
27,0.5337574481964111
28,0.37238645553588867
29,0.761014461517334
30,0.6047273278236389
31,0.35529887676239014
32,0.648798942565918
33,0.5925963521003723
34,0.43938764929771423
35,0.5146376490592957
36,0.6252722144126892
37,0.5673699975013733
38,0.6895988583564758
39,0.7751655578613281
40,0.48177585005760193
41,0.39719274640083313
42,0.3109970986843109
43,0.4378003776073456
44,0.44325536489486694
45,0.4355841875076294
46,0.5135888457298279
47,0.34376123547554016
48,0.3249601721763611
49,0.5852274894714355
50,0.3564050495624542
51,0.33147770166397095
52,0.6357230544090271
53,0.25285789370536804
54,0.4750157296657562
55,0.449574738740921
56,0.46843430399894714
57,0.5902508497238159
58,0.40021514892578125
59,0.3887559473514557
60,0.5862337946891785
61,0.4772137999534607
62,0.18979251384735107
63,0.49693724513053894
64,0.25323185324668884
65,0.45569220185279846
66,0.47178927063941956
67,0.21733205020427704
68,0.5366465449333191
69,0.47779330611228943
70,0.4279881417751312
71,0.30758169293403625
72,0.47740718722343445
73,0.41030365228652954
74,0.6263428926467896
75,0.7245981097221375
76,0.5356503129005432
77,0.5790890455245972
78,0.5247839093208313
79,0.43594881892204285
80,0.36460503935813904
81,0.3310299515724182
82,0.42944514751434326
83,0.34450533986091614
84,0.5000212788581848
85,0.2828625738620758
86,0.7437743544578552
87,0.4247905910015106
88,0.425423800945282
89,0.38444021344184875
90,0.7603438496589661
91,0.6044015884399414
92,0.7715821266174316
93,0.7307228446006775
94,0.6362915635108948
95,0.4087231755256653
96,0.6471551060676575
97,0.5990440845489502
98,0.34395357966423035
99,0.3872307538986206
100,0.31515854597091675
101,0.33760979771614075
102,0.4969199001789093
103,0.42959973216056824
104,0.5348408818244934
105,0.6870743632316589
106,0.4207374155521393
107,0.18736843764781952
108,0.3757897913455963
109,0.4393503665924072
110,0.7581424117088318
111,0.5894771814346313
112,0.5897119641304016
113,0.18096891045570374
114,0.5611839890480042
115,0.4330045282840729
116,0.41207870841026306
117,0.47255030274391174
118,0.6464582681655884
119,0.4911874234676361
120,0.5732337832450867
121,0.465664267539978
122,0.32879647612571716
123,0.5848897695541382
124,0.7690004706382751
125,0.4293949007987976
126,0.7636258602142334
127,0.5571350455284119
128,0.19983650743961334
129,0.5086105465888977
130,0.3477591574192047
131,0.35736313462257385
132,0.4731786847114563
133,0.753745973110199
134,0.40776848793029785
135,0.7128316760063171
136,0.7610312700271606
137,0.43805089592933655
138,0.45455238223075867
139,0.6232175230979919
140,0.6010504364967346
141,0.461467444896698
142,0.5052914023399353
143,0.5343627333641052
144,0.3236966133117676
145,0.6936118006706238
146,0.3202594816684723
147,0.7410130500793457
148,0.7797831892967224
149,0.3516483008861542
150,0.5210093259811401
151,0.752314031124115
152,0.3130998909473419
153,0.359618604183197
154,0.40211716294288635
155,0.315367192029953
156,0.6281737685203552
157,0.45282477140426636
158,0.6843523979187012
159,0.32809212803840637
160,0.29444947838783264
161,0.7645525932312012
162,0.47467944025993347
163,0.3009904623031616
164,0.4989883601665497
165,0.4672642946243286
166,0.6016902327537537
167,0.29719626903533936
168,0.4117836058139801
169,0.5780196189880371
170,0.40180763602256775
171,0.2839730679988861
172,0.5385699272155762
173,0.3663460314273834
174,0.48052239418029785
175,0.30500856041908264
176,0.4019310176372528
177,0.5085597634315491
178,0.6192415356636047
179,0.7641816735267639
180,0.48307982087135315
181,0.5248060822486877
182,0.3237574100494385
183,0.337228924036026
184,0.47313040494918823
185,0.45466822385787964
186,0.7847405076026917
187,0.41988757252693176
188,0.6110532879829407
189,0.3005964457988739
190,0.20990769565105438
191,0.5849556922912598
192,0.5995081663131714
193,0.24719256162643433
194,0.45554736256599426
195,0.5396073460578918
196,0.5299338698387146
197,0.4618748128414154
198,0.49764421582221985
199,0.49672335386276245
200,0.693843424320221
201,0.7597950100898743
202,0.4727778732776642
203,0.4221227467060089
204,0.29156890511512756
205,0.5109938383102417
206,0.5313701033592224
207,0.2418314665555954
208,0.5027232766151428
209,0.5020836591720581
210,0.5649591684341431
211,0.2726880609989166
212,0.3415292203426361
213,0.7800670266151428
214,0.5501841306686401
215,0.7296102046966553
216,0.32945969700813293
217,0.23914214968681335
218,0.4596695005893707
219,0.5172585248947144
220,0.39454057812690735
221,0.47558075189590454
222,0.6962310075759888
223,0.32711556553840637
224,0.3564809262752533
225,0.4694627821445465
226,0.5713139772415161
227,0.64837646484375
228,0.4325297176837921
229,0.6002112627029419
230,0.48055168986320496
231,0.3241896331310272
232,0.6515021920204163
233,0.31834954023361206
234,0.689911425113678
235,0.3224777281284332
236,0.725961446762085
237,0.46971645951271057
238,0.4075778126716614
239,0.3480352461338043
240,0.5359676480293274
241,0.41637951135635376
242,0.6511056423187256
243,0.4521614611148834
244,0.40377435088157654
245,0.35915741324424744
246,0.41804006695747375
247,0.42791521549224854
248,0.23826515674591064
249,0.3482910096645355
250,0.45879000425338745
251,0.3595961332321167
252,0.5511011481285095
253,0.3917867839336395
254,0.4579910933971405
255,0.4668760597705841
256,0.6723052859306335
257,0.6528244614601135
258,0.621523380279541
259,0.35007792711257935
260,0.48065289855003357
261,0.17981097102165222
262,0.6609342694282532
263,0.30703192949295044
264,0.28672513365745544
265,0.5773341655731201
266,0.36509495973587036
267,0.2575371265411377
268,0.5023426413536072
269,0.4225524961948395
270,0.49501702189445496
271,0.7859269380569458
272,0.3165142834186554
273,0.5898041129112244
274,0.2721850275993347
275,0.6665854454040527
276,0.36974743008613586
277,0.34474977850914
278,0.5830557346343994
279,0.44917938113212585
280,0.699034571647644
281,0.38578078150749207
282,0.76716548204422
283,0.4678339958190918
284,0.5219127535820007
285,0.6937277317047119
286,0.7753548622131348
287,0.6325546503067017
288,0.7696252465248108
289,0.4297226369380951
290,0.227372407913208
291,0.3564799726009369
292,0.6423550248146057
293,0.7881895899772644
294,0.2708832025527954
295,0.5204613208770752
296,0.6180336475372314
297,0.7760269641876221
298,0.5927507281303406
299,0.5643885135650635
300,0.347111314535141
301,0.3896038830280304
302,0.6184981465339661
303,0.27561336755752563
304,0.5943439602851868
305,0.6009087562561035
306,0.28046464920043945
307,0.3140677511692047
308,0.3515967130661011
309,0.21259084343910217
310,0.385835736989975
311,0.6086370348930359
312,0.42097556591033936
313,0.34208741784095764
314,0.36730003356933594
315,0.40735459327697754
316,0.3773048222064972
317,0.46263304352760315
318,0.5016851425170898
319,0.3465045392513275
320,0.6357191205024719
321,0.5461432337760925
322,0.5094020962715149
323,0.692333996295929
324,0.7787039875984192
325,0.38851767778396606
326,0.7726690769195557
327,0.7844678163528442
328,0.31110134720802307
329,0.7620148062705994
330,0.4300886392593384
331,0.2815655767917633
332,0.4547223150730133
333,0.6274932622909546
334,0.3042174279689789
335,0.3481871485710144
336,0.38430145382881165
337,0.4313885569572449
338,0.7186645269393921
339,0.49575158953666687
340,0.7316573858261108
341,0.4124462604522705
342,0.46362483501434326
343,0.5506088733673096
344,0.38514119386672974
345,0.2624957859516144
346,0.3618982136249542
347,0.41986754536628723
348,0.5069921016693115
349,0.4153055250644684
350,0.4305633008480072
351,0.4297274649143219
352,0.5417886972427368
353,0.6399924159049988
354,0.5759900808334351
355,0.5287795662879944
356,0.17408353090286255
357,0.726215124130249
358,0.39833229780197144
359,0.622821033000946
360,0.6830769181251526
361,0.6072916984558105
362,0.4512694478034973
363,0.684680163860321
364,0.4225057065486908
365,0.465152770280838
366,0.5178708434104919
367,0.4192298948764801
368,0.7614375948905945
369,0.5223004221916199
370,0.6663222908973694
371,0.5306960940361023
372,0.6181249022483826
373,0.7201481461524963
374,0.6456241011619568
375,0.43459370732307434
376,0.5025988817214966
377,0.501808226108551
378,0.6130424737930298
379,0.7600216269493103
380,0.3889005482196808
381,0.4954659342765808
382,0.6373315453529358
383,0.5844703912734985
384,0.5306029915809631
385,0.4155363440513611
386,0.784718930721283
387,0.6660264730453491
388,0.4414879083633423
389,0.603071928024292
390,0.4695221185684204
391,0.5325385332107544
392,0.7563143968582153
393,0.5107810497283936
394,0.4642973244190216
395,0.6494105458259583
396,0.44761791825294495
397,0.2843356132507324
398,0.7091412544250488
399,0.5765208601951599
400,0.31853023171424866
401,0.6543938517570496
402,0.4151034355163574
403,0.5896194577217102
404,0.7284860610961914
405,0.5870413184165955
406,0.5543269515037537
407,0.47144049406051636
408,0.4264381229877472
409,0.6365687847137451
410,0.660615861415863
411,0.46825936436653137
412,0.7163166999816895
413,0.4270070493221283
414,0.22790561616420746
415,0.5995928645133972
416,0.25203046202659607
417,0.3031187653541565
418,0.5737624168395996
419,0.33436354994773865
420,0.4357832968235016
421,0.6176186800003052
422,0.47822555899620056
423,0.34097108244895935
424,0.652218759059906
425,0.46538105607032776
426,0.6405411958694458
427,0.5184170007705688
428,0.7262715101242065
429,0.402089923620224
430,0.37973254919052124
431,0.6183019876480103
432,0.40731242299079895
433,0.6686751246452332
434,0.4997049868106842
435,0.5970370769500732
436,0.645869791507721
437,0.4304899275302887
438,0.45914286375045776
439,0.4732307195663452
440,0.5673054456710815
441,0.4248999059200287
442,0.36360350251197815
443,0.76939857006073
444,0.7705928087234497
445,0.4640659987926483
446,0.42374637722969055
447,0.4806007742881775
448,0.4608418643474579
449,0.6230730414390564
450,0.552462637424469
451,0.3951646089553833
452,0.44353148341178894
453,0.3306567966938019
454,0.38856443762779236
455,0.6156519055366516
456,0.2753559947013855
457,0.780817449092865
458,0.5850846767425537
459,0.6388593316078186
460,0.5174949765205383
461,0.36944496631622314
462,0.45472604036331177
463,0.43535053730010986
464,0.7687082290649414
465,0.6438561677932739
466,0.33990901708602905
467,0.333389550447464
468,0.5768483877182007
469,0.5385145545005798
470,0.3135649859905243
471,0.4573468267917633
472,0.667618989944458
473,0.7502973675727844
474,0.4177637994289398
475,0.5286675691604614
476,0.3292509913444519
477,0.4982597529888153
478,0.5907762050628662
479,0.6015226244926453
480,0.3112196624279022
481,0.31020650267601013
482,0.44300511479377747
483,0.38291436433792114
484,0.5165069699287415
485,0.7690517902374268
486,0.34925028681755066
487,0.23265722393989563
488,0.3102591633796692
489,0.7625021934509277
490,0.2742985188961029
491,0.6904721856117249
492,0.5887049436569214
493,0.710338830947876
494,0.7633747458457947
495,0.7602695822715759
496,0.4346388578414917
497,0.5736976861953735
498,0.45630669593811035
499,0.7695925831794739
500,0.30764228105545044
501,0.6267828345298767
502,0.3459148705005646
503,0.41918686032295227
504,0.7714313864707947
505,0.2266450822353363
506,0.6460561752319336
507,0.47198113799095154
508,0.5921759009361267
509,0.5020106434822083
510,0.3114378750324249
511,0.49518248438835144
512,0.4678305685520172
513,0.6983217597007751
514,0.419301301240921
515,0.5527051687240601
516,0.2106509655714035
517,0.5243967771530151
518,0.40246137976646423
519,0.5006033182144165
520,0.333526611328125
521,0.5283759236335754
522,0.41959482431411743
523,0.5881891846656799
524,0.47330978512763977
525,0.564389705657959
526,0.30678582191467285
527,0.6804859638214111
528,0.3962913155555725
529,0.46503952145576477
530,0.7818315625190735
531,0.3190806806087494
532,0.4750620424747467
533,0.4213528633117676
534,0.7574960589408875
535,0.406728595495224
536,0.3689517080783844
537,0.6762690544128418
538,0.314143568277359
539,0.4791196584701538
540,0.4259099066257477
541,0.7677490711212158
542,0.5238229632377625
543,0.7137353420257568
544,0.35949116945266724
545,0.4296048581600189
546,0.2797161638736725
547,0.77939373254776
548,0.4831659495830536
549,0.6735486388206482
550,0.5310637354850769
551,0.41871941089630127
552,0.5389791131019592
553,0.4525933861732483
554,0.4436836540699005
555,0.7999867796897888
556,0.3772013783454895
557,0.2588984966278076
558,0.7747683525085449
559,0.4551782011985779
560,0.4760667383670807
561,0.49703505635261536
562,0.7858959436416626
563,0.5664693713188171
564,0.48813292384147644
565,0.5529717803001404
566,0.779391348361969
567,0.6498078107833862
568,0.6205577254295349
569,0.6803073287010193
570,0.46170899271965027
571,0.780492901802063
572,0.4873710572719574
573,0.5382230281829834
574,0.5303893089294434
575,0.5973192453384399
576,0.47873347997665405
577,0.7238394021987915
578,0.3682350218296051
579,0.5743457674980164
580,0.273175448179245
581,0.3480461835861206
582,0.7538283467292786
583,0.5046265125274658
584,0.5856679081916809
585,0.5055626034736633
586,0.31138741970062256
587,0.3843476474285126
588,0.658401608467102
589,0.3547651767730713
590,0.41755011677742004
591,0.44201964139938354
592,0.27716466784477234
593,0.6117803454399109
594,0.4464542269706726
595,0.6801464557647705
596,0.4816577136516571
597,0.49439024925231934
598,0.37038588523864746
599,0.5611180067062378
600,0.5582817196846008
601,0.37486162781715393
602,0.46877360343933105
603,0.34929487109184265
604,0.3166375458240509
605,0.5074318051338196
606,0.6775643825531006
607,0.22730761766433716
608,0.764043390750885
609,0.46512073278427124
610,0.26006269454956055
611,0.588622510433197
612,0.41649672389030457
613,0.349355012178421
614,0.5607202053070068
615,0.40225717425346375
616,0.6660217046737671
617,0.19000034034252167
618,0.7564259171485901
619,0.645666241645813
620,0.6673542261123657
621,0.6410614848136902
622,0.41984298825263977
623,0.2985408902168274
624,0.49117252230644226
625,0.5292205214500427
626,0.5452406406402588
627,0.7078491449356079
628,0.4968761205673218
629,0.6224257946014404
630,0.6191652417182922
631,0.6299740672111511
632,0.535097599029541
633,0.4282570779323578
634,0.6724421977996826
635,0.7742546796798706
636,0.3056880831718445
637,0.35853666067123413
638,0.5571517944335938
639,0.7355449199676514
640,0.42757946252822876
641,0.5493360161781311
642,0.32494351267814636
643,0.4772999584674835
644,0.4837665557861328
645,0.3207525908946991
646,0.3190254271030426
647,0.26410314440727234
648,0.4710507392883301
649,0.32268619537353516
650,0.4114436209201813
651,0.4397856593132019
652,0.4435596764087677
653,0.4267762303352356
654,0.5529050230979919
655,0.5620696544647217
656,0.31456950306892395
657,0.47235068678855896
658,0.5051296949386597
659,0.679872453212738
660,0.5825262069702148
661,0.3801514804363251
662,0.43433433771133423
663,0.2860111892223358
664,0.39851123094558716
665,0.39948713779449463
666,0.5272756814956665
667,0.7221028208732605
668,0.7146252393722534
669,0.571409285068512
670,0.5763214230537415
671,0.6131142973899841
672,0.765790581703186
673,0.31421196460723877
674,0.6270591616630554
675,0.3675057590007782
676,0.6027054786682129
677,0.613490104675293
678,0.5435475707054138
679,0.41248080134391785
680,0.3701530992984772
681,0.4582488238811493
682,0.31528252363204956
683,0.3921421468257904
684,0.5963132381439209
685,0.45350322127342224
686,0.24736826121807098
687,0.4497815668582916
688,0.20374056696891785
689,0.41815030574798584
690,0.506679356098175
691,0.4092065393924713
692,0.25963738560676575
693,0.5215185284614563
694,0.3950994312763214
695,0.42359408736228943
696,0.5499017238616943
697,0.4096239507198334
698,0.348960280418396
699,0.5857746601104736
700,0.43973687291145325
701,0.40268513560295105
702,0.5474226474761963
703,0.7718079686164856
704,0.482899010181427
705,0.5992422103881836
706,0.4889885187149048
707,0.47461071610450745
708,0.30947038531303406
709,0.5473219752311707
710,0.718759298324585
711,0.3108121454715729
712,0.3556338846683502
713,0.5600361227989197
714,0.5458863377571106
715,0.6859637498855591
716,0.46627992391586304
717,0.774046778678894
718,0.7860245704650879
719,0.37476757168769836
720,0.502332329750061
721,0.3605951964855194
722,0.3393097221851349
723,0.22261731326580048
724,0.6986315250396729
725,0.5572143793106079
726,0.7104738354682922
727,0.34244924783706665
728,0.6496333479881287
729,0.508922278881073
730,0.3148568868637085
731,0.5878716111183167
732,0.3982296586036682
733,0.7762563824653625
734,0.40859848260879517
735,0.33040833473205566
736,0.20253197848796844
737,0.41375431418418884
738,0.6118526458740234
739,0.382822185754776
740,0.30901768803596497
741,0.4385330080986023
742,0.4770234227180481
743,0.670993447303772
744,0.29046475887298584
745,0.7284296154975891
746,0.4579017162322998
747,0.481293648481369
748,0.4684197008609772
749,0.24130240082740784
750,0.4082164466381073
751,0.6917043924331665
752,0.18547242879867554
753,0.44430264830589294
754,0.7624759674072266
755,0.2965213358402252
756,0.7794485688209534
757,0.5643454194068909
758,0.4144984781742096
759,0.22574159502983093
760,0.49402686953544617
761,0.49083319306373596
762,0.7144274711608887
763,0.42071762681007385
764,0.5652990937232971
765,0.5908005237579346
766,0.4458306133747101
767,0.3297012448310852
768,0.5991449356079102
769,0.20688004791736603
770,0.577589213848114
771,0.5706357359886169
772,0.47538280487060547
773,0.5279680490493774
774,0.6302530169487
775,0.6313403248786926
776,0.4240913391113281
777,0.32512643933296204
778,0.35882624983787537
779,0.31528785824775696
780,0.49014684557914734
781,0.21268115937709808
782,0.7068474888801575
783,0.5315708518028259
784,0.6778753399848938
785,0.7563626170158386
786,0.301023930311203
787,0.4437485635280609
788,0.3971010744571686
789,0.6398789882659912
790,0.4999505877494812
791,0.3334309160709381
792,0.32662877440452576
793,0.7787971496582031
794,0.4497043192386627
795,0.605446457862854
796,0.3298879563808441
797,0.28092166781425476
798,0.6547918915748596
799,0.4455435872077942
800,0.6110810041427612
801,0.33022841811180115
802,0.4046400487422943
803,0.265854150056839
804,0.27585259079933167
805,0.7121126651763916
806,0.3782433569431305
807,0.49216973781585693
808,0.4992121160030365
809,0.5962137579917908
810,0.6846809387207031
811,0.54251629114151
812,0.4326285421848297
813,0.35229915380477905
814,0.5037923455238342
815,0.4844158887863159
816,0.3338436186313629
817,0.6464646458625793
818,0.6815727353096008
819,0.5289372205734253
820,0.4638245403766632
821,0.7498016953468323
822,0.25966939330101013
823,0.4360950291156769
824,0.3900096118450165
825,0.2807537317276001
826,0.1936558485031128
827,0.4786919057369232
828,0.4713391661643982
829,0.49407723546028137
830,0.7096320390701294
831,0.5570287108421326
832,0.18270504474639893
833,0.33653828501701355
834,0.5552431344985962
835,0.6552672386169434
836,0.28941231966018677
837,0.4317285120487213
838,0.7253732681274414
839,0.3448401987552643
840,0.4516422152519226
841,0.6526683568954468
842,0.6187725067138672
843,0.38324424624443054
844,0.3288183808326721
845,0.4633430540561676
846,0.5933455228805542
847,0.308930367231369
848,0.30613306164741516
849,0.4858694076538086
850,0.7868391275405884
851,0.36388546228408813
852,0.6650946736335754
853,0.7446209788322449
854,0.7121865153312683
855,0.7523087859153748
856,0.5621984004974365
857,0.37091365456581116
858,0.4367189109325409
859,0.35003241896629333
860,0.6077618598937988
861,0.6424867510795593
862,0.5869800448417664
863,0.5500699877738953
864,0.24303370714187622
865,0.6884409189224243
866,0.3755069673061371
867,0.4474116861820221
868,0.45122969150543213
869,0.2777271568775177
870,0.7820401191711426
871,0.5782584547996521
872,0.5178272724151611
873,0.4277256429195404
874,0.5937140583992004
875,0.35647425055503845
876,0.6098222136497498
877,0.5693175196647644
878,0.42718303203582764
879,0.34037837386131287
880,0.587593674659729
881,0.7660976052284241
882,0.5632184743881226
883,0.46945562958717346
884,0.553413987159729
885,0.5334440469741821
886,0.5431084632873535
887,0.5993637442588806
888,0.5914891362190247
889,0.44351711869239807
890,0.5214316248893738
891,0.2638031244277954
892,0.5788478851318359
893,0.406403511762619
894,0.5682243704795837
895,0.7425552606582642
896,0.26089927554130554
897,0.6966254711151123
898,0.4062447249889374
899,0.2761712372303009
900,0.7810958623886108
901,0.23863579332828522
902,0.5506774187088013
903,0.3455471694469452
904,0.3313376009464264
905,0.6250314116477966
906,0.6789389252662659
907,0.3324742019176483
908,0.6231548190116882
909,0.7706345915794373
910,0.5408371686935425
911,0.2767929434776306
912,0.7641561031341553
913,0.7672903537750244
914,0.6027520298957825
915,0.5406022667884827
916,0.25364580750465393
917,0.78190678358078
918,0.6695473194122314
919,0.4202597141265869
920,0.6757011413574219
921,0.5168518424034119
922,0.46865054965019226
923,0.33999836444854736
924,0.36633172631263733
925,0.6812642812728882
926,0.6072954535484314
927,0.3315074145793915
928,0.6125980615615845
929,0.6423051953315735
930,0.34593722224235535
931,0.3370205760002136
932,0.5468147397041321
933,0.5131964683532715
934,0.5339002013206482
935,0.5759045481681824
936,0.5518525242805481
937,0.5997728109359741
938,0.7122339606285095
939,0.38714924454689026
940,0.3294318616390228
941,0.5946888327598572
942,0.7843412160873413
943,0.6397040486335754
944,0.22737064957618713
945,0.2249317765235901
946,0.6254585385322571
947,0.4643442928791046
948,0.7358605861663818
949,0.45832428336143494
950,0.5491881966590881
951,0.4808288514614105
952,0.36799073219299316
953,0.7864798903465271
954,0.49098604917526245
955,0.373776912689209
956,0.36693426966667175
957,0.43656259775161743
958,0.3162912428379059
959,0.49476882815361023
960,0.23894408345222473
961,0.3185913562774658
962,0.7429434657096863
963,0.42347586154937744
964,0.6055512428283691
965,0.46978315711021423
966,0.47648176550865173
967,0.5875842571258545
968,0.5165467858314514
969,0.250381737947464
970,0.6878729462623596
971,0.5161423683166504
972,0.7645450234413147
973,0.7641826272010803
974,0.7469885945320129
975,0.39360618591308594
976,0.5657060742378235
977,0.4963705241680145
978,0.7427590489387512
979,0.5355827212333679
980,0.4974150061607361
981,0.2849796414375305
982,0.4169488251209259
983,0.3005463182926178
984,0.5074840188026428
985,0.5075081586837769
986,0.5080673694610596
987,0.5466778874397278
988,0.5715317130088806
989,0.4136872887611389
990,0.6903494596481323
991,0.15075987577438354
992,0.7225750088691711
993,0.7543680667877197
994,0.3008144199848175
995,0.32959479093551636
996,0.4276440441608429
997,0.45251142978668213
998,0.43786466121673584
999,0.5425443649291992
1000,0.7246655821800232
1001,0.6013298034667969
1002,0.3708619773387909
1003,0.6402634978294373
1004,0.4371171295642853
1005,0.39087575674057007
1006,0.4826236367225647
1007,0.6377784609794617
1008,0.502108633518219
1009,0.4208974838256836
1010,0.34912312030792236
1011,0.45288392901420593
1012,0.5578363537788391
1013,0.46496373414993286
1014,0.5445317625999451
1015,0.45575109124183655
1016,0.6746150851249695
1017,0.4756518304347992
1018,0.7728103995323181
1019,0.5181893110275269
1020,0.36895179748535156
1021,0.4241711497306824
1022,0.7826005816459656
1023,0.4143206477165222
1024,0.682058572769165
1025,0.46124544739723206
1026,0.2520941197872162
1027,0.5639247894287109
1028,0.3078576922416687
1029,0.3424503207206726
1030,0.40539565682411194
1031,0.39348098635673523
1032,0.5695333480834961
1033,0.24048863351345062
1034,0.756336510181427
1035,0.6349931955337524
1036,0.33357715606689453
1037,0.3568325936794281
1038,0.29750779271125793
1039,0.492997407913208
1040,0.32498618960380554
1041,0.5675365328788757
1042,0.5218351483345032
1043,0.3476696312427521
1044,0.7537862658500671
1045,0.611606776714325
1046,0.3159607946872711
1047,0.2950686514377594
1048,0.24980056285858154
1049,0.45016342401504517
1050,0.42050689458847046
1051,0.40636715292930603
1052,0.3357961177825928
1053,0.24338169395923615
1054,0.5300159454345703
1055,0.5024904012680054
1056,0.5587090849876404
1057,0.7675027847290039
1058,0.31933096051216125
1059,0.397623747587204
1060,0.768463671207428
1061,0.4789196252822876
1062,0.5422508716583252
1063,0.47559186816215515
1064,0.483613520860672
1065,0.5478887557983398
1066,0.3535219132900238
1067,0.6563387513160706
1068,0.6480908393859863
1069,0.7392250299453735
1070,0.7003911733627319
1071,0.39956358075141907
1072,0.5143298506736755
1073,0.32300668954849243
1074,0.33390292525291443
1075,0.4147873818874359
1076,0.6555442214012146
1077,0.28626322746276855
1078,0.33609557151794434
1079,0.5555077195167542
1080,0.39926013350486755
1081,0.6096099019050598
1082,0.27551954984664917
1083,0.49370071291923523
1084,0.447532594203949
1085,0.44786331057548523
1086,0.32218843698501587
1087,0.5519952178001404
1088,0.5024776458740234
1089,0.5160194635391235
1090,0.38954123854637146
1091,0.4507611095905304
1092,0.5622529983520508
1093,0.7610265016555786
1094,0.311641126871109
1095,0.7767257690429688
1096,0.31469306349754333
1097,0.30588915944099426
1098,0.46577274799346924
1099,0.674407958984375
1100,0.29015225172042847
1101,0.5907569527626038
1102,0.5623976588249207
1103,0.7675579786300659
1104,0.3305477201938629
1105,0.6047384142875671
1106,0.4019433259963989
1107,0.21997211873531342
1108,0.39841029047966003
1109,0.6312903761863708
1110,0.7511280179023743
1111,0.5159594416618347
1112,0.586303174495697
1113,0.3876858651638031
1114,0.3705440163612366
1115,0.514260470867157
1116,0.7785812616348267
1117,0.49118658900260925
1118,0.6854042410850525
1119,0.474511981010437
1120,0.21204505860805511
1121,0.523112416267395
1122,0.5867100358009338
1123,0.6704911589622498
1124,0.41809263825416565
1125,0.24994105100631714
1126,0.3947121202945709
1127,0.7707366347312927
1128,0.2923044264316559
1129,0.31354719400405884
1130,0.2676117718219757
1131,0.3121698498725891
1132,0.3588954210281372
1133,0.6129654049873352
1134,0.4675385653972626
1135,0.2875434458255768
1136,0.30735135078430176
1137,0.6286594867706299
1138,0.6345871090888977
1139,0.4645666182041168
1140,0.5929176807403564
1141,0.6069278120994568
1142,0.4530157148838043
1143,0.27335411310195923
1144,0.5344107747077942
1145,0.762511134147644
1146,0.5206959843635559
1147,0.4777284264564514
1148,0.45309677720069885
1149,0.5468037128448486
1150,0.47357630729675293
1151,0.3433307409286499
1152,0.4552047550678253
1153,0.42313048243522644
1154,0.23761236667633057
1155,0.5692685842514038
1156,0.5037096738815308
1157,0.5325453281402588
1158,0.48856016993522644
1159,0.683075487613678
1160,0.5779445171356201
1161,0.6305391788482666
1162,0.4609684646129608
1163,0.6740953922271729
1164,0.7908070087432861
1165,0.6530905961990356
1166,0.3376784324645996
1167,0.40452831983566284
1168,0.34522297978401184
1169,0.3631192743778229
1170,0.3700847625732422
1171,0.2550510764122009
1172,0.2737423777580261
1173,0.511235773563385
1174,0.36325499415397644
1175,0.6530322432518005
1176,0.4989568591117859
1177,0.4013296067714691
1178,0.5036499500274658
1179,0.46476057171821594
1180,0.46554994583129883
1181,0.5427587628364563
1182,0.4832516014575958
1183,0.5487879514694214
1184,0.7610477805137634
1185,0.6071156859397888
1186,0.5841212868690491
1187,0.3687431812286377
1188,0.37915486097335815
1189,0.6714585423469543
1190,0.3087913691997528
1191,0.3745883107185364
1192,0.4768162667751312
1193,0.5466032028198242
1194,0.43113622069358826
1195,0.5075598359107971
1196,0.38318637013435364
1197,0.47665756940841675
1198,0.5868126153945923
1199,0.7323719263076782
1200,0.7791215777397156
1201,0.3468925952911377
1202,0.5733650922775269
1203,0.7058775424957275
1204,0.5487033128738403
1205,0.5075887441635132
1206,0.445239394903183
1207,0.39915576577186584
1208,0.21195343136787415
1209,0.24902601540088654
1210,0.41159355640411377
1211,0.5623714923858643
1212,0.6208053231239319
1213,0.5977658033370972
1214,0.26812413334846497
1215,0.6391717195510864
1216,0.6525722146034241
1217,0.7495364546775818
1218,0.6464327573776245
1219,0.6776611804962158
1220,0.4990614950656891
1221,0.4124731719493866
1222,0.6910327672958374
1223,0.5605796575546265
1224,0.38277339935302734
1225,0.4212051331996918
1226,0.7789357304573059
1227,0.6023706793785095
1228,0.6198952794075012
1229,0.5068861246109009
1230,0.4251977801322937
1231,0.7074890732765198
1232,0.4227343499660492
1233,0.5691658854484558
1234,0.4773740768432617
1235,0.46696585416793823
1236,0.7634971141815186
1237,0.7555646896362305
1238,0.18072187900543213
1239,0.6813079118728638
1240,0.7118464708328247
1241,0.4885673522949219
1242,0.6626595854759216
1243,0.5347836017608643
1244,0.22454777359962463
1245,0.7704137563705444
1246,0.23320454359054565
1247,0.20622633397579193
1248,0.7616513967514038
1249,0.784424364566803
1250,0.7663581967353821
1251,0.7137932777404785
1252,0.7530155777931213
1253,0.3848281502723694
1254,0.7838096618652344
1255,0.35751578211784363
1256,0.6196243166923523
1257,0.509454071521759
1258,0.575212299823761
1259,0.381535142660141
1260,0.6297683119773865
1261,0.6220216751098633
1262,0.38947567343711853
1263,0.5733702182769775
1264,0.4502183794975281
1265,0.5309229493141174
1266,0.4539879560470581
1267,0.6678733825683594
1268,0.37595808506011963
1269,0.7677913308143616
1270,0.4066474139690399
1271,0.5251858830451965
1272,0.4552572965621948
1273,0.6345921754837036
1274,0.4684244692325592
1275,0.45138293504714966
1276,0.5979351997375488
1277,0.4305475056171417
1278,0.45533880591392517
1279,0.563782274723053
1280,0.5373516082763672
1281,0.6247810125350952
1282,0.3786788582801819
1283,0.5005918741226196
1284,0.7624333500862122
1285,0.4161149859428406
1286,0.4534420371055603
1287,0.7947830557823181
1288,0.5803056359291077
1289,0.545595109462738
1290,0.494566410779953
1291,0.7140219807624817
1292,0.31322529911994934
1293,0.32308006286621094
1294,0.5639621615409851
1295,0.602877676486969
1296,0.43964701890945435
1297,0.773722231388092
1298,0.7529987096786499
1299,0.30339527130126953
1300,0.42557528614997864
1301,0.5197754502296448
1302,0.7674935460090637
1303,0.603712260723114
1304,0.6856585144996643
1305,0.41720911860466003
1306,0.4234890639781952
1307,0.6006489396095276
1308,0.46739721298217773
1309,0.4592627286911011
1310,0.319131463766098
1311,0.22265754640102386
1312,0.2020760178565979
1313,0.4417809545993805
1314,0.5793890953063965
1315,0.4325443506240845
1316,0.23732317984104156
1317,0.5669428110122681
1318,0.6931381821632385
1319,0.7574975490570068
1320,0.2319507896900177
1321,0.415705144405365
1322,0.6315217614173889
1323,0.3985863924026489
1324,0.525113046169281
1325,0.43434324860572815
1326,0.42409953474998474
1327,0.533596396446228
1328,0.3586209714412689
1329,0.6834572553634644
1330,0.7594200968742371
1331,0.5319182872772217
1332,0.5754560828208923
1333,0.5804597735404968
1334,0.6079311370849609
1335,0.4967580735683441
1336,0.38774052262306213
1337,0.2984054982662201
1338,0.2873576879501343
1339,0.43144509196281433
1340,0.43759962916374207
1341,0.4307546615600586
1342,0.7520199418067932
1343,0.46644920110702515
1344,0.38835883140563965
1345,0.5268349647521973
1346,0.4172115623950958
1347,0.6779524087905884
1348,0.4103817641735077
1349,0.43730539083480835
1350,0.2962663471698761
1351,0.5428743958473206
1352,0.4517654478549957
1353,0.7245978713035583
1354,0.5026407837867737
1355,0.5971245765686035
1356,0.3625030815601349
1357,0.6028587222099304
1358,0.4379258155822754
1359,0.31026798486709595
1360,0.5620216131210327
1361,0.4587158262729645
1362,0.4357588291168213
1363,0.7571280598640442
1364,0.6087555885314941
1365,0.538558840751648
1366,0.4604296088218689
1367,0.5258253216743469
1368,0.3771166205406189
1369,0.4102616608142853
1370,0.410980761051178
1371,0.47442999482154846
1372,0.4371996223926544
1373,0.314618319272995
1374,0.3223632276058197
1375,0.3485594093799591
1376,0.4179103672504425
1377,0.33557775616645813
1378,0.4511111080646515
1379,0.44844287633895874
1380,0.5225308537483215
1381,0.2166740596294403
1382,0.7361330389976501
1383,0.26309934258461
1384,0.7759835720062256
1385,0.5811989307403564
1386,0.5771518349647522
1387,0.6052588820457458
1388,0.4621632993221283
1389,0.3897888958454132
1390,0.7510442137718201
1391,0.7794069051742554
1392,0.34536874294281006
1393,0.4408167600631714
1394,0.2570612132549286
1395,0.7100622057914734
1396,0.4356968104839325
1397,0.7595124244689941
1398,0.6861099600791931
1399,0.4460408389568329
1400,0.23545050621032715
1401,0.6428830027580261
1402,0.5257750153541565
1403,0.27865085005760193
1404,0.22898313403129578
1405,0.4000509977340698
1406,0.5262313485145569
1407,0.506301760673523
1408,0.7226831912994385
1409,0.4464623034000397
1410,0.4234142005443573
1411,0.6020845174789429
1412,0.47362950444221497
1413,0.34049034118652344
1414,0.7688870429992676
1415,0.48307886719703674
1416,0.7628559470176697
1417,0.32186076045036316
1418,0.473746657371521
1419,0.6833701133728027
1420,0.31999072432518005
1421,0.21988093852996826
1422,0.46564266085624695
1423,0.6721820831298828
1424,0.39667239785194397
1425,0.559464693069458
1426,0.711371898651123
1427,0.4521411955356598
1428,0.7762178778648376
1429,0.4364679753780365
1430,0.29048192501068115
1431,0.5353366732597351
1432,0.6124020218849182
1433,0.36162954568862915
1434,0.7932645082473755
1435,0.37589624524116516
1436,0.339942991733551
1437,0.40032893419265747
1438,0.3654683828353882
1439,0.5736709833145142
1440,0.45400306582450867
1441,0.6024615168571472
1442,0.7810877561569214
1443,0.46521371603012085
1444,0.4329684376716614
1445,0.5656152963638306
1446,0.5780577063560486
1447,0.47924160957336426
1448,0.7916640043258667
1449,0.570466160774231
1450,0.6440414786338806
1451,0.4778655469417572
1452,0.3194979131221771
1453,0.588066577911377
1454,0.39225271344184875
1455,0.3424464762210846
1456,0.5487139821052551
1457,0.4885821044445038
1458,0.5805183053016663
1459,0.38796260952949524
1460,0.2777652442455292
1461,0.3378049433231354
1462,0.7655290365219116
1463,0.25019389390945435
1464,0.594044029712677
1465,0.7713190913200378
1466,0.4205065071582794
1467,0.4691973626613617
1468,0.6630197167396545
1469,0.4567984640598297
1470,0.6011837124824524
1471,0.3928965628147125
1472,0.45700910687446594
1473,0.7897240519523621
1474,0.30769598484039307
1475,0.4279937744140625
1476,0.46091681718826294
1477,0.6384469866752625
1478,0.2900056540966034
1479,0.5802408456802368
1480,0.6198123693466187
1481,0.23462419211864471
1482,0.3645954132080078
1483,0.48139455914497375
1484,0.5597276091575623
1485,0.1848454773426056
1486,0.5815702676773071
1487,0.7422073483467102
1488,0.4211925268173218
1489,0.5510865449905396
1490,0.7589770555496216
1491,0.5013682246208191
1492,0.3474234938621521
1493,0.4860372245311737
1494,0.7831439971923828
1495,0.5521609783172607
1496,0.3599990904331207
1497,0.4288652241230011
1498,0.5391035676002502
1499,0.24677100777626038
1500,0.47315576672554016
1501,0.5037087202072144
1502,0.3744034767150879
1503,0.4857434034347534
1504,0.295587956905365
1505,0.3837588131427765
1506,0.46729427576065063
1507,0.7085009813308716
1508,0.31519603729248047
1509,0.45376235246658325
1510,0.34903445839881897
1511,0.7777300477027893
1512,0.4100753962993622
1513,0.77628493309021
1514,0.5517203211784363
1515,0.3705652058124542
1516,0.4330154359340668
1517,0.7514299154281616
1518,0.5252354145050049
1519,0.3502778112888336
1520,0.4327935576438904
1521,0.3547425866127014
1522,0.3220442533493042
1523,0.6987993717193604
1524,0.3117535710334778
1525,0.5005361437797546
1526,0.5405462384223938
1527,0.7775155305862427
1528,0.44927874207496643
1529,0.46331095695495605
1530,0.571511447429657
1531,0.6115611791610718
1532,0.5120717287063599
1533,0.7375536561012268
1534,0.5197534561157227
1535,0.28334566950798035
1536,0.4271182715892792
1537,0.560428261756897
1538,0.4647240936756134
1539,0.6524774432182312
1540,0.53412264585495
1541,0.519219696521759
1542,0.34091702103614807
1543,0.5558403134346008
1544,0.36561495065689087
1545,0.7525759339332581
1546,0.42276665568351746
1547,0.6156671047210693
1548,0.6853184700012207
1549,0.42832034826278687
1550,0.6387584209442139
1551,0.28604817390441895
1552,0.3511376976966858
1553,0.5982611179351807
1554,0.434529572725296
1555,0.3940983712673187
1556,0.35806208848953247
1557,0.1922392100095749
1558,0.17517155408859253
1559,0.4424344301223755
1560,0.7711732387542725
1561,0.6114029884338379
1562,0.2987852990627289
1563,0.7816540002822876
1564,0.4271126687526703
1565,0.262554407119751
1566,0.5614133477210999
1567,0.6622822284698486
1568,0.5363757014274597
1569,0.37638989090919495
1570,0.45705628395080566
1571,0.5458002686500549
1572,0.6069349050521851
1573,0.5401979088783264
1574,0.7902014255523682
1575,0.45723673701286316
1576,0.766234278678894
1577,0.5374705195426941
1578,0.49433985352516174
1579,0.6403000950813293
1580,0.3844669759273529
1581,0.7646669745445251
1582,0.493395060300827
1583,0.39099907875061035
1584,0.7636355757713318
1585,0.3860592246055603
1586,0.6019995808601379
1587,0.4837981164455414
1588,0.4505108892917633
1589,0.7716110944747925
1590,0.7161960005760193
1591,0.539294958114624
1592,0.3903467059135437
1593,0.5576893091201782
1594,0.707516610622406
1595,0.4647967517375946
1596,0.5410972833633423
1597,0.38824474811553955
1598,0.26840701699256897
1599,0.7389112114906311
1600,0.18179146945476532
1601,0.5317299962043762
1602,0.31943488121032715
1603,0.2786184251308441
1604,0.6584665179252625
1605,0.5575588345527649
1606,0.6115242838859558
1607,0.6452664136886597
1608,0.34241706132888794
1609,0.4281580150127411
1610,0.7919284701347351
1611,0.44166573882102966
1612,0.6454392671585083
1613,0.465471088886261
1614,0.6550761461257935
1615,0.6726950407028198
1616,0.2482130527496338
1617,0.518746018409729
1618,0.42831775546073914
1619,0.4793751835823059
1620,0.5244089365005493
1621,0.45793482661247253
1622,0.45314061641693115
1623,0.5090276598930359
1624,0.4247331917285919
1625,0.4878511130809784
1626,0.29217299818992615
1627,0.6055884957313538
1628,0.39048629999160767
1629,0.5124421119689941
1630,0.5995318293571472
1631,0.42446810007095337
1632,0.5551364421844482
1633,0.3134354054927826
1634,0.4656539559364319
1635,0.7548443078994751
1636,0.23599547147750854
1637,0.4275190830230713
1638,0.497263640165329
1639,0.3295953571796417
1640,0.44327491521835327
1641,0.46740296483039856
1642,0.3255060017108917
1643,0.42394310235977173
1644,0.5832209587097168
1645,0.5503752827644348
1646,0.4330355226993561
1647,0.17475154995918274
1648,0.70055091381073
1649,0.4697279632091522
1650,0.46194347739219666
1651,0.5488385558128357
1652,0.5581227540969849
1653,0.7608587145805359
1654,0.3951025903224945
1655,0.45666760206222534
1656,0.4310164749622345
1657,0.21125541627407074
1658,0.6658734679222107
1659,0.44234561920166016
1660,0.4043225944042206
1661,0.322309672832489
1662,0.4591170847415924
1663,0.279602587223053
1664,0.3694003224372864
1665,0.18200284242630005
1666,0.7405969500541687
1667,0.3093501031398773
1668,0.47786641120910645
1669,0.5173075795173645
1670,0.43507400155067444
1671,0.49684831500053406
1672,0.35617396235466003
1673,0.6283553838729858
1674,0.2977134883403778
1675,0.7825329899787903
1676,0.4862765371799469
1677,0.31819838285446167
1678,0.6644278764724731
1679,0.39880460500717163
1680,0.7922325134277344
1681,0.35631242394447327
1682,0.5722871422767639
1683,0.617151141166687
1684,0.4596717953681946
1685,0.4093373119831085
1686,0.7927913665771484
1687,0.4322587549686432
1688,0.6771455407142639
1689,0.6425987482070923
1690,0.7717106938362122
1691,0.6149188876152039
1692,0.45947742462158203
1693,0.5664075613021851
1694,0.27302253246307373
1695,0.3991612493991852
1696,0.3726097643375397
1697,0.4575670659542084
1698,0.46634790301322937
1699,0.7495024800300598
1700,0.3171764314174652
1701,0.660834550857544
1702,0.3211138844490051
1703,0.6553515791893005
1704,0.3673267364501953
1705,0.47509148716926575
1706,0.5166432857513428
1707,0.4717549979686737
1708,0.3080803155899048
1709,0.7625709772109985
1710,0.5264150500297546
1711,0.4707241356372833
1712,0.3173099756240845
1713,0.31551459431648254
1714,0.554619550704956
1715,0.5066279172897339
1716,0.5134425759315491
1717,0.45728158950805664
1718,0.42146357893943787
1719,0.5243241786956787
1720,0.46562546491622925
1721,0.3666454255580902
1722,0.495966374874115
1723,0.4098062217235565
1724,0.6271363496780396
1725,0.681795060634613
1726,0.6417890191078186
1727,0.34712520241737366
1728,0.5707012414932251
1729,0.3178471624851227
1730,0.45914408564567566
1731,0.611136257648468
1732,0.3142760097980499
1733,0.6787639260292053
1734,0.607235848903656
1735,0.5062938332557678
1736,0.4750581979751587
1737,0.5100141167640686
1738,0.7311782836914062
1739,0.348775714635849
1740,0.47445669770240784
1741,0.30655184388160706
1742,0.3047536015510559
1743,0.4741942584514618
1744,0.7710186243057251
1745,0.4699040949344635
1746,0.7429658770561218
1747,0.6175258755683899
1748,0.6884768009185791
1749,0.3627697825431824
1750,0.4050430357456207
1751,0.6673930287361145
1752,0.3717244863510132
1753,0.3951195478439331
1754,0.770837128162384
1755,0.3663134276866913
1756,0.6185952425003052
1757,0.7715310454368591
1758,0.7498714327812195
1759,0.5086778998374939
1760,0.5635932087898254
1761,0.356611430644989
1762,0.33243563771247864
1763,0.46336033940315247
1764,0.8061316609382629
1765,0.3947014808654785
1766,0.5220094919204712
1767,0.551851212978363
1768,0.5482551455497742
1769,0.646813690662384
1770,0.3971796929836273
1771,0.5977467894554138
1772,0.3684383034706116
1773,0.47807350754737854
1774,0.41005709767341614
1775,0.687810480594635
1776,0.4851709306240082
1777,0.3277204632759094
1778,0.32576867938041687
1779,0.7871034145355225
1780,0.46703776717185974
1781,0.47596636414527893
1782,0.5143359899520874
1783,0.3924333155155182
1784,0.4643233120441437
1785,0.39426207542419434
1786,0.6741349697113037
1787,0.48264679312705994
1788,0.4604022800922394
1789,0.6255941390991211
1790,0.5430715680122375
1791,0.5208597183227539
1792,0.2616977095603943
1793,0.434078186750412
1794,0.33994629979133606
1795,0.38929834961891174
1796,0.48957759141921997
1797,0.4696289598941803
1798,0.4330466091632843
1799,0.47160691022872925
1800,0.5813704133033752
1801,0.19546210765838623
1802,0.5348725318908691
1803,0.602027952671051
1804,0.4578171372413635
1805,0.26246222853660583
1806,0.3289296329021454
1807,0.42686548829078674
1808,0.5935129523277283
1809,0.48544737696647644
1810,0.46702733635902405
1811,0.2824212312698364
1812,0.19600185751914978
1813,0.5938193798065186
1814,0.22473597526550293
1815,0.47529274225234985
1816,0.47982537746429443
1817,0.23506192862987518
1818,0.6227132678031921
1819,0.5429503917694092
1820,0.45148783922195435
1821,0.7522572875022888
1822,0.35892266035079956
1823,0.5006824731826782
1824,0.4476229250431061
1825,0.405711829662323
1826,0.5716719031333923
1827,0.5118871927261353
1828,0.4144320785999298
1829,0.4829481840133667
1830,0.44606396555900574
1831,0.36402228474617004
1832,0.2711160182952881
1833,0.7442612051963806
1834,0.4251069724559784
1835,0.5432999730110168
1836,0.7678980231285095
1837,0.36138489842414856
1838,0.35903123021125793
1839,0.361618310213089
1840,0.4902819097042084
1841,0.6666688919067383
1842,0.2657487988471985
1843,0.21105118095874786
1844,0.3547731041908264
1845,0.32894623279571533
1846,0.22721508145332336
1847,0.5427271127700806
1848,0.656301736831665
1849,0.763437032699585
1850,0.44276243448257446
1851,0.43404537439346313
1852,0.48012277483940125
1853,0.660207211971283
1854,0.36098599433898926
1855,0.543824315071106
1856,0.32497677206993103
1857,0.641712486743927
1858,0.476815789937973
1859,0.4278917908668518
1860,0.7639601230621338
1861,0.4193439185619354
1862,0.5399729013442993
1863,0.2809322476387024
1864,0.6292421221733093
1865,0.5276660919189453
1866,0.4821162819862366
1867,0.4212058484554291
1868,0.3634163439273834
1869,0.46624329686164856
1870,0.64827960729599
1871,0.2859076261520386
1872,0.440857857465744
1873,0.5287901759147644
1874,0.3290030062198639
1875,0.5452760457992554
1876,0.4200175106525421
1877,0.7259345054626465
1878,0.5302858948707581
1879,0.5779733061790466
1880,0.4363788962364197
1881,0.46046802401542664
1882,0.6927573084831238
1883,0.5874228477478027
1884,0.5737074017524719
1885,0.7802336812019348
1886,0.47947049140930176
1887,0.4280453324317932
1888,0.5020203590393066
1889,0.42050236463546753
1890,0.4853041172027588
1891,0.530964195728302
1892,0.49858540296554565
1893,0.5199931263923645
1894,0.5066968202590942
1895,0.5382330417633057
1896,0.4071546792984009
1897,0.3487872779369354
1898,0.6569369435310364
1899,0.7553663849830627
1900,0.4155115783214569
1901,0.35770121216773987
1902,0.4271676540374756
1903,0.7054888606071472
1904,0.6088658571243286
1905,0.3081841468811035
1906,0.4646143615245819
1907,0.6542929410934448
1908,0.7068127393722534
1909,0.41428449749946594
1910,0.19578099250793457
1911,0.7668770551681519
1912,0.2688865661621094
1913,0.5098143219947815
1914,0.39153367280960083
1915,0.42790621519088745
1916,0.7918623089790344
1917,0.6709381937980652
1918,0.4205990135669708
1919,0.4006982147693634
1920,0.549049973487854
1921,0.5101538896560669
1922,0.4690414369106293
1923,0.3524499535560608
1924,0.5583034753799438
1925,0.2949870526790619
1926,0.5538070797920227
1927,0.320614755153656
1928,0.5151328444480896
1929,0.47730329632759094
1930,0.6792113780975342
1931,0.49711140990257263
1932,0.4455539286136627
1933,0.4354957342147827
1934,0.5320201516151428
1935,0.4526043236255646
1936,0.6087055802345276
1937,0.6130460500717163
1938,0.3988173305988312
1939,0.33021289110183716
1940,0.6608396768569946
1941,0.5766018629074097
1942,0.7609778642654419
1943,0.5244277119636536
1944,0.27891644835472107
1945,0.7463560700416565
1946,0.5720586776733398
1947,0.5368054509162903
1948,0.5759004950523376
1949,0.44473105669021606
1950,0.466056764125824
1951,0.5451250672340393
1952,0.640803873538971
1953,0.7629615068435669
1954,0.5220096111297607
1955,0.34851983189582825
1956,0.6950258016586304
1957,0.3794856667518616
1958,0.4607396721839905
1959,0.46866387128829956
1960,0.2282128781080246
1961,0.36242154240608215
1962,0.33054450154304504
1963,0.21673163771629333
1964,0.24581432342529297
1965,0.5152724385261536
1966,0.33879196643829346
1967,0.5316774249076843
1968,0.44873303174972534
1969,0.6557329893112183
1970,0.4711463749408722
1971,0.6029922962188721
1972,0.4115199148654938
1973,0.4629457890987396
1974,0.48566073179244995
1975,0.6013264060020447
1976,0.34706977009773254
1977,0.4766416549682617
1978,0.5572070479393005
1979,0.450310617685318
1980,0.24197722971439362
1981,0.5536626577377319
1982,0.4921600818634033
1983,0.535899817943573
1984,0.5775624513626099
1985,0.3017713129520416
1986,0.6343421339988708
1987,0.32927820086479187
1988,0.5729637145996094
1989,0.7722440361976624
1990,0.4000491797924042
1991,0.4349114000797272
1992,0.5139243006706238
1993,0.4430656135082245
1994,0.6134613156318665
1995,0.6020037531852722
1996,0.4193767011165619
1997,0.5336992144584656
1998,0.5542336702346802
1999,0.4373634159564972
2000,0.5590249300003052
2001,0.33809638023376465
2002,0.6635319590568542
2003,0.47883516550064087
2004,0.5125003457069397
2005,0.2664160430431366
2006,0.6392438411712646
2007,0.5227522850036621
2008,0.5285122990608215
2009,0.41191917657852173
2010,0.5746377110481262
2011,0.1796526163816452
2012,0.5944780707359314
2013,0.5178594589233398
2014,0.6296919584274292
2015,0.5244073867797852
2016,0.5408890247344971
2017,0.7224590182304382
2018,0.4712166488170624
2019,0.6529524922370911
2020,0.5869889259338379
2021,0.3805384039878845
2022,0.5512229204177856
2023,0.42545104026794434
2024,0.750075101852417
2025,0.5558668971061707
2026,0.4353865087032318
2027,0.3642512857913971
2028,0.45097294449806213
2029,0.4762135148048401
2030,0.4866669476032257
2031,0.5937744975090027
2032,0.5327348113059998
2033,0.7676669359207153
2034,0.4695883095264435
2035,0.2790173590183258
2036,0.48069682717323303
2037,0.7658697962760925
2038,0.46105438470840454
2039,0.5655030608177185
2040,0.5062801837921143
2041,0.4628654718399048
2042,0.3911157250404358
2043,0.6286346912384033
2044,0.6054019927978516
2045,0.35161522030830383
2046,0.7520708441734314
2047,0.7042906284332275
2048,0.6435835361480713
2049,0.3746371567249298
2050,0.2962415814399719
2051,0.32860445976257324
2052,0.6501041650772095
2053,0.49359047412872314
2054,0.45547714829444885
2055,0.38414904475212097
2056,0.43316003680229187
2057,0.65162593126297
2058,0.6170099377632141
2059,0.60345059633255
2060,0.5128600597381592
2061,0.6703949570655823
2062,0.7246017456054688
2063,0.43852856755256653
2064,0.2711549401283264
2065,0.41063812375068665
2066,0.6746418476104736
2067,0.5484697818756104
2068,0.37643516063690186
2069,0.4597756266593933
2070,0.45287179946899414
2071,0.5262213945388794
2072,0.5330060124397278
2073,0.2992522418498993
2074,0.38226309418678284
2075,0.5115624070167542
2076,0.34837251901626587
2077,0.44565722346305847
2078,0.3553769290447235
2079,0.5099730491638184
2080,0.5795501470565796
2081,0.47572726011276245
2082,0.6657421588897705
2083,0.5224629640579224
2084,0.5137999653816223
2085,0.44166138768196106
2086,0.2527938187122345
2087,0.48016592860221863
2088,0.3565283715724945
2089,0.43474218249320984
2090,0.4307633638381958
2091,0.6197333931922913
2092,0.5882683992385864
2093,0.25934648513793945
2094,0.6199226975440979
2095,0.5757399201393127
2096,0.7769546508789062
2097,0.3648112118244171
2098,0.4328479468822479
2099,0.6294646263122559
2100,0.5174053907394409
2101,0.3500937819480896
2102,0.4066356122493744
2103,0.6349918842315674
2104,0.7356650829315186
2105,0.339864045381546
2106,0.5667010545730591
2107,0.26830679178237915
2108,0.5148446559906006
2109,0.7056407332420349
2110,0.5101490616798401
2111,0.7626641988754272
2112,0.7898465394973755
2113,0.5893171429634094
2114,0.6699753403663635
2115,0.6202393174171448
2116,0.21825291216373444
2117,0.7528879642486572
2118,0.39121755957603455
2119,0.4630131125450134
2120,0.4168505072593689
2121,0.3607683479785919
2122,0.42260226607322693
2123,0.4556903541088104
2124,0.2433697134256363
2125,0.4240108132362366
2126,0.2855686843395233
2127,0.6277216672897339
2128,0.6200485825538635
2129,0.744156002998352
2130,0.6055575013160706
2131,0.7703462839126587
2132,0.27440574765205383
2133,0.63429856300354
2134,0.6792522668838501
2135,0.5673837065696716
2136,0.29771170020103455
2137,0.5318484902381897
2138,0.2951917052268982
2139,0.5981905460357666
2140,0.529717206954956
2141,0.335450679063797
2142,0.5228713154792786
2143,0.7533576488494873
2144,0.34550026059150696
2145,0.587245762348175
2146,0.4609301686286926
2147,0.4631977379322052
2148,0.2983558773994446
2149,0.6722918748855591
2150,0.43133875727653503
2151,0.4504021108150482
2152,0.35503217577934265
2153,0.2815602421760559
2154,0.24709409475326538
2155,0.4731157422065735
2156,0.48075395822525024
2157,0.47258228063583374
2158,0.3958669900894165
2159,0.464894562959671
2160,0.45642659068107605
2161,0.4136933982372284
2162,0.47920021414756775
2163,0.5686874985694885
2164,0.6200154423713684
2165,0.7125813961029053
2166,0.4068267047405243
2167,0.4773137867450714
2168,0.4890192151069641
2169,0.7346063256263733
2170,0.3062681257724762
2171,0.7810130715370178
2172,0.47107186913490295
2173,0.6706447005271912
2174,0.6858577132225037
2175,0.539516806602478
2176,0.548858106136322
2177,0.4206777513027191
2178,0.2815016806125641
2179,0.41638094186782837
2180,0.5230347514152527
2181,0.4821498394012451
2182,0.7396154403686523
2183,0.6365411877632141
2184,0.6335163712501526
2185,0.32675448060035706
2186,0.47130927443504333
2187,0.685375988483429
2188,0.3664202392101288
2189,0.4060671925544739
2190,0.577913224697113
2191,0.2462610900402069
2192,0.7339802384376526
2193,0.7809198498725891
2194,0.6919555068016052
2195,0.40307217836380005
2196,0.6709389686584473
2197,0.37692317366600037
2198,0.3064495623111725
2199,0.7735300660133362
2200,0.5300379395484924
2201,0.20870481431484222
2202,0.52704918384552
2203,0.48600074648857117
2204,0.46700146794319153
2205,0.6386823654174805
2206,0.5380685925483704
2207,0.3777574598789215
2208,0.3914965093135834
2209,0.6717185378074646
2210,0.7768616676330566
2211,0.5766969323158264
2212,0.7111787796020508
2213,0.7698434591293335
2214,0.4787640869617462
2215,0.6063692569732666
2216,0.6411033868789673
2217,0.4202793836593628
2218,0.6336022019386292
2219,0.6455869674682617
2220,0.3762657344341278
2221,0.5975788235664368
2222,0.23692026734352112
2223,0.5905297994613647
2224,0.44776779413223267
2225,0.18222114443778992
2226,0.3006824851036072
2227,0.19170138239860535
2228,0.48844587802886963
2229,0.5748879909515381
2230,0.4088492691516876
2231,0.7857253551483154
2232,0.3879833519458771
2233,0.5062849521636963
2234,0.4295333921909332
2235,0.5124912261962891
2236,0.29811617732048035
2237,0.5642146468162537
2238,0.43953320384025574
2239,0.4774162173271179
2240,0.40609851479530334
2241,0.35931557416915894
2242,0.35117676854133606
2243,0.5531123876571655
2244,0.6048427224159241
2245,0.7822312712669373
2246,0.4963819086551666
2247,0.4654300808906555
2248,0.445774644613266
2249,0.6821131706237793
2250,0.7848225831985474
2251,0.35529646277427673
2252,0.2875366806983948
2253,0.3132859170436859
2254,0.5003266334533691
2255,0.534023642539978
2256,0.7773462533950806
2257,0.6936905384063721
2258,0.518951952457428
2259,0.3903023302555084
2260,0.48495185375213623
2261,0.5186724662780762
2262,0.38771185278892517
2263,0.5640401244163513
2264,0.5141374468803406
2265,0.6057354807853699
2266,0.6653076410293579
2267,0.4870498776435852
2268,0.45716607570648193
2269,0.5557208061218262
2270,0.5595961213111877
2271,0.2147318571805954
2272,0.7781182527542114
2273,0.7174102067947388
2274,0.43947169184684753
2275,0.520603358745575
2276,0.5771391987800598
2277,0.5624183416366577
2278,0.5771769285202026
2279,0.6302148103713989
2280,0.7016499042510986
2281,0.4366057217121124
2282,0.7495988011360168
2283,0.3617999255657196
2284,0.5894925594329834
2285,0.7852127552032471
2286,0.3433970510959625
2287,0.5154940485954285
2288,0.4655084013938904
2289,0.5793353915214539
2290,0.4321118891239166
2291,0.4234718382358551
2292,0.762916624546051
2293,0.5564578771591187
2294,0.3517928421497345
2295,0.32168257236480713
2296,0.3079436421394348
2297,0.6739751696586609
2298,0.7679857611656189
2299,0.35572683811187744
2300,0.7222585082054138
2301,0.5325125455856323
2302,0.3341989815235138
2303,0.43642184138298035
2304,0.7286333441734314
2305,0.7632356882095337
2306,0.4686140716075897
2307,0.3275585472583771
2308,0.5310965180397034
2309,0.7644224762916565
2310,0.6448017358779907
2311,0.7773534059524536
2312,0.5402483344078064
2313,0.413686603307724
2314,0.33651137351989746
2315,0.19564779102802277
2316,0.49509042501449585
2317,0.46322861313819885
2318,0.37990912795066833
2319,0.5999096035957336
2320,0.4039367735385895
2321,0.5453095436096191
2322,0.47233349084854126
2323,0.7434784770011902
2324,0.423580527305603
2325,0.7177702784538269
2326,0.25781551003456116
2327,0.43546128273010254
2328,0.5634432435035706
2329,0.5045332908630371
2330,0.5715197324752808
2331,0.5825567245483398
2332,0.5842325687408447
2333,0.5452185273170471
2334,0.4333592355251312
2335,0.6034674048423767
2336,0.5185129046440125
2337,0.49444952607154846
2338,0.7571470141410828
2339,0.416263610124588
2340,0.6807383894920349
2341,0.6860880255699158
2342,0.5800775289535522
2343,0.5874180197715759
2344,0.3605349659919739
2345,0.6466003656387329
2346,0.3453778922557831
2347,0.47378650307655334
2348,0.4656030833721161
2349,0.760936975479126
2350,0.4106982350349426
2351,0.28882214426994324
2352,0.4394126832485199
2353,0.4309259355068207
2354,0.4696843922138214
2355,0.3918236792087555
2356,0.40640735626220703
2357,0.46124616265296936
2358,0.5236108303070068
2359,0.5981024503707886
2360,0.4309486448764801
2361,0.5264666080474854
2362,0.5664036870002747
2363,0.6568592190742493
2364,0.39821356534957886
2365,0.3370138704776764
2366,0.3985916078090668
2367,0.5468581318855286
2368,0.5060765743255615
2369,0.3606908619403839
2370,0.5065298080444336
2371,0.4659530520439148
2372,0.4109080135822296
2373,0.3528333902359009
2374,0.4842103123664856
2375,0.4958607256412506
2376,0.49156859517097473
2377,0.45933085680007935
2378,0.29079335927963257
2379,0.6830430626869202
2380,0.4636930525302887
2381,0.5073907375335693
2382,0.6718761324882507
2383,0.7702467441558838
2384,0.4614984095096588
2385,0.5442140698432922
2386,0.42150792479515076
2387,0.30275580286979675
2388,0.2886289060115814
2389,0.478310227394104
2390,0.3781856596469879
2391,0.6685187816619873
2392,0.44631823897361755
2393,0.452834814786911
2394,0.6012799739837646
2395,0.38701915740966797
2396,0.5373916029930115
2397,0.5125239491462708
2398,0.5519035458564758
2399,0.346591979265213
2400,0.5745044350624084
2401,0.7748551368713379
2402,0.6079327464103699
2403,0.44140276312828064
2404,0.7588621377944946
2405,0.3085368573665619
2406,0.3930279016494751
2407,0.47244855761528015
2408,0.44286492466926575
2409,0.33386334776878357
2410,0.6141733527183533
2411,0.4794918894767761
2412,0.4055594205856323
2413,0.5435327291488647
2414,0.6104466319084167
2415,0.3601943850517273
2416,0.3988191783428192
2417,0.6622545719146729
2418,0.5449172854423523
2419,0.3014296591281891
2420,0.4324839413166046
2421,0.5365915894508362
2422,0.5513371229171753
2423,0.5511476993560791
2424,0.2868584096431732
2425,0.3780587613582611
2426,0.5376455783843994
2427,0.4600372612476349
2428,0.586696982383728
2429,0.351838618516922
2430,0.5018534660339355
2431,0.6789172291755676
2432,0.5942838788032532
2433,0.6787346601486206
2434,0.39710986614227295
2435,0.7627121806144714
2436,0.3943316340446472
2437,0.402666836977005
2438,0.33523029088974
2439,0.6220587491989136
2440,0.5204886198043823
2441,0.32457226514816284
2442,0.19084689021110535
2443,0.7500574588775635
2444,0.604465126991272
2445,0.2978456914424896
2446,0.7901960015296936
2447,0.47232586145401
2448,0.3615267872810364
2449,0.32713040709495544
2450,0.7687556743621826
2451,0.3501856029033661
2452,0.6915569305419922
2453,0.7792853713035583
2454,0.49704161286354065
2455,0.5865576267242432
2456,0.4752037525177002
2457,0.39753925800323486
2458,0.374951034784317
2459,0.7685115933418274
2460,0.4568135738372803
2461,0.3450457751750946
2462,0.5368993878364563
2463,0.33722227811813354
2464,0.7006295323371887
2465,0.4644280970096588
2466,0.27975937724113464
2467,0.5098389983177185
2468,0.38119882345199585
2469,0.5769511461257935
2470,0.6298794150352478
2471,0.36723390221595764
2472,0.30387046933174133
2473,0.43125295639038086
2474,0.3156936466693878
2475,0.5781518816947937
2476,0.6747800707817078
2477,0.31504976749420166
2478,0.5116294026374817
2479,0.5733153223991394
2480,0.3066384494304657
2481,0.30930453538894653
2482,0.3790137469768524
2483,0.3091632127761841
2484,0.5975403189659119
2485,0.36125704646110535
2486,0.5452057123184204
2487,0.6295613050460815
2488,0.7475941777229309
2489,0.7526065111160278
2490,0.5374366641044617
2491,0.4774525761604309
2492,0.6454213261604309
2493,0.2586039900779724
2494,0.6627827882766724
2495,0.4369030296802521
2496,0.4630794823169708
2497,0.40512922406196594
2498,0.5556830763816833
2499,0.4637012183666229
2500,0.5916339755058289
2501,0.6052910089492798
2502,0.404899001121521
2503,0.7670994400978088
2504,0.7134117484092712
2505,0.35691118240356445
2506,0.4570748805999756
2507,0.31246718764305115
2508,0.6214399337768555
2509,0.6291959881782532
2510,0.4806702435016632
2511,0.6142279505729675
2512,0.6947121620178223
2513,0.6678997874259949
2514,0.20938409864902496
2515,0.5646722912788391
2516,0.5488615036010742
2517,0.5733435750007629
2518,0.21514856815338135
2519,0.5231112241744995
2520,0.5474665760993958
2521,0.7255053520202637
2522,0.6799623966217041
2523,0.593551516532898
2524,0.5137209296226501
2525,0.4714357852935791
2526,0.4782933294773102
2527,0.6768357157707214
2528,0.5513095259666443
2529,0.47512251138687134
2530,0.4466313123703003
2531,0.4000456631183624
2532,0.5577056407928467
2533,0.6126111149787903
2534,0.7792481780052185
2535,0.42188015580177307
2536,0.353390097618103
2537,0.49267828464508057
2538,0.7589614391326904
2539,0.5710548758506775
2540,0.4029249846935272
2541,0.7019903063774109
2542,0.35383471846580505
2543,0.7710787653923035
2544,0.39818209409713745
2545,0.46792322397232056
2546,0.510482132434845
2547,0.49952349066734314
2548,0.45795878767967224
2549,0.5584864616394043
2550,0.46273860335350037
2551,0.7252262830734253
2552,0.4432695209980011
2553,0.39027491211891174
2554,0.344955176115036
2555,0.3382628560066223
2556,0.2569577097892761
2557,0.4443161189556122
2558,0.5311004519462585
2559,0.5409649014472961
2560,0.31373822689056396
2561,0.7519199848175049
2562,0.38649383187294006
2563,0.6411235928535461
2564,0.522134006023407
2565,0.5467110276222229
2566,0.3491467535495758
2567,0.6313005685806274
2568,0.6916937232017517
2569,0.48555976152420044
2570,0.32359579205513
2571,0.5782215595245361
2572,0.7156461477279663
2573,0.40195971727371216
2574,0.46635323762893677
2575,0.4348137676715851
2576,0.5004245638847351
2577,0.3724975287914276
2578,0.2103867530822754
2579,0.6004953980445862
2580,0.3247189521789551
2581,0.41176846623420715
2582,0.6549159288406372
2583,0.5558372735977173
2584,0.3801593780517578
2585,0.4890517294406891
2586,0.3076487183570862
2587,0.49082669615745544
2588,0.3992750942707062
2589,0.4010181725025177
2590,0.246574267745018
2591,0.34258589148521423
2592,0.4727056920528412
2593,0.48790594935417175
2594,0.21965691447257996
2595,0.5039498209953308
2596,0.522771954536438
2597,0.46759673953056335
2598,0.4256933927536011
2599,0.5088843703269958
2600,0.6659296154975891
2601,0.5456280708312988
2602,0.3074677288532257
2603,0.5837700963020325
2604,0.7660159468650818
2605,0.5358663201332092
2606,0.42520377039909363
2607,0.3462996780872345
2608,0.4583379924297333
2609,0.27272215485572815
2610,0.4644053876399994
2611,0.7304024696350098
2612,0.4396602213382721
2613,0.2505210340023041
2614,0.4959152638912201
2615,0.38272732496261597
2616,0.6269282102584839
2617,0.5901104807853699
2618,0.33490678668022156
2619,0.766954243183136
2620,0.6628044247627258
2621,0.7716004848480225
2622,0.5143200159072876
2623,0.2394440770149231
2624,0.30932942032814026
2625,0.3027031123638153
2626,0.4866003692150116
2627,0.32639285922050476
2628,0.6586179137229919
2629,0.2729301154613495
2630,0.44295427203178406
2631,0.46442079544067383
2632,0.418588787317276
2633,0.7777063250541687
2634,0.5819706916809082
2635,0.7663297057151794
2636,0.7097424864768982
2637,0.7616828680038452
2638,0.49036967754364014
2639,0.5418740510940552
2640,0.5303030014038086
2641,0.45428353548049927
2642,0.6101148128509521
2643,0.31761178374290466
2644,0.4651373624801636
2645,0.45203500986099243
2646,0.25748366117477417
2647,0.6517021059989929
2648,0.7635053992271423
2649,0.46909645199775696
2650,0.49009791016578674
2651,0.4432370066642761
2652,0.5026260614395142
2653,0.22948506474494934
2654,0.5442440509796143
2655,0.44952598214149475
2656,0.7742322087287903
2657,0.6777727007865906
2658,0.4621320962905884
2659,0.7316808104515076
2660,0.18563830852508545
2661,0.6822148561477661
2662,0.3208635449409485
2663,0.43162062764167786
2664,0.55207759141922
2665,0.4655269980430603
2666,0.3931424915790558
2667,0.5268025398254395
2668,0.5539754629135132
2669,0.24147863686084747
2670,0.34403616189956665
2671,0.43734174966812134
2672,0.49754294753074646
2673,0.744003176689148
2674,0.31386899948120117
2675,0.6036127805709839
2676,0.4968709647655487
2677,0.3658827543258667
2678,0.3376002609729767
2679,0.4163871705532074
2680,0.2999095618724823
2681,0.29414695501327515
2682,0.725513219833374
2683,0.6616406440734863
2684,0.4497830867767334
2685,0.45885226130485535
2686,0.3437209129333496
2687,0.6609295606613159
2688,0.21110373735427856
2689,0.7703591585159302
2690,0.45282310247421265
2691,0.214663565158844
2692,0.485665500164032
2693,0.6020822525024414
2694,0.7561153769493103
2695,0.5326368808746338
2696,0.4624808430671692
2697,0.3328745663166046
2698,0.7707758545875549
2699,0.4296373724937439
2700,0.6202049255371094
2701,0.22586371004581451
2702,0.5561888813972473
2703,0.5060677528381348
2704,0.43199267983436584
2705,0.4091726541519165
2706,0.6726019978523254
2707,0.38793617486953735
2708,0.7683225870132446
2709,0.3543919324874878
2710,0.7618366479873657
2711,0.6806707978248596
2712,0.7089244723320007
2713,0.31578871607780457
2714,0.5234920382499695
2715,0.4808569550514221
2716,0.7585881352424622
2717,0.40488237142562866
2718,0.34598684310913086
2719,0.4897941052913666
2720,0.4312267005443573
2721,0.3486335575580597
2722,0.3195255398750305
2723,0.3340427875518799
2724,0.7487262487411499
2725,0.5296500325202942
2726,0.5866702795028687
2727,0.5063179731369019
2728,0.2686017155647278
2729,0.4809706211090088
2730,0.528660774230957
2731,0.781952977180481
2732,0.43345221877098083
2733,0.7714453935623169
2734,0.3411376476287842
2735,0.771499752998352
2736,0.28599923849105835
2737,0.4557148516178131
2738,0.6561601161956787
2739,0.4719174802303314
2740,0.32033151388168335
2741,0.5032358765602112
2742,0.721686601638794
2743,0.31821003556251526
2744,0.58109450340271
2745,0.2839645445346832
2746,0.24403971433639526
2747,0.34151744842529297
2748,0.5610263347625732
2749,0.5573326945304871
2750,0.6266639828681946
2751,0.4617670774459839
2752,0.3225695788860321
2753,0.6903312802314758
2754,0.4413129687309265
2755,0.5399306416511536
2756,0.23738005757331848
2757,0.5953917503356934
2758,0.36665669083595276
2759,0.32211169600486755
2760,0.4662797749042511
2761,0.5839948654174805
2762,0.3858765959739685
2763,0.19475463032722473
2764,0.6236279606819153
2765,0.38781583309173584
2766,0.4949791133403778
2767,0.2995469868183136
2768,0.19908717274665833
2769,0.345923513174057
2770,0.5237349271774292
2771,0.3620204031467438
2772,0.18679052591323853
2773,0.6270053386688232
2774,0.25241732597351074
2775,0.5245062112808228
2776,0.5184107422828674
2777,0.6515604257583618
2778,0.48319217562675476
2779,0.6145191788673401
2780,0.3763626217842102
2781,0.6350004076957703
2782,0.6662552356719971
2783,0.42411258816719055
2784,0.26073575019836426
2785,0.712729275226593
2786,0.5886595249176025
2787,0.45386484265327454
2788,0.7190104126930237
2789,0.5277421474456787
2790,0.47944900393486023
2791,0.6211658716201782
2792,0.4145474135875702
2793,0.7584326267242432
2794,0.7743223309516907
2795,0.46144694089889526
2796,0.7640094757080078
2797,0.496545672416687
2798,0.29213324189186096
2799,0.5882509350776672
2800,0.7670072317123413
2801,0.5262041687965393
2802,0.7299953103065491
2803,0.6614026427268982
2804,0.5434317588806152
2805,0.5348383188247681
2806,0.30601251125335693
2807,0.4658855199813843
2808,0.700476884841919
2809,0.5168436169624329
2810,0.7118940353393555
2811,0.46477529406547546
2812,0.6500444412231445
2813,0.34014710783958435
2814,0.5902250409126282
2815,0.47672709822654724
2816,0.2727143466472626
2817,0.3500867784023285
2818,0.46840542554855347
2819,0.2521585524082184
2820,0.5614830851554871
2821,0.7651408314704895
2822,0.4370868504047394
2823,0.5480846166610718
2824,0.714601993560791
2825,0.39327874779701233
2826,0.4574302136898041
2827,0.41245055198669434
2828,0.4304301142692566
2829,0.5331177115440369
2830,0.6098065972328186
2831,0.5490291118621826
2832,0.29188746213912964
2833,0.6466386318206787
2834,0.21647103130817413
2835,0.5243265628814697
2836,0.6478604674339294
2837,0.4130170941352844
2838,0.23424866795539856
2839,0.43155887722969055
2840,0.561638593673706
2841,0.46522313356399536
2842,0.4121197462081909
2843,0.2954890727996826
2844,0.4390716850757599
2845,0.7762391567230225
2846,0.7686688303947449
2847,0.4408751130104065
2848,0.46368423104286194
2849,0.5071957111358643
2850,0.3004092276096344
2851,0.7038940191268921
2852,0.3391753137111664
2853,0.46849843859672546
2854,0.6257505416870117
2855,0.16740839183330536
2856,0.7756609320640564
2857,0.5345268845558167
2858,0.7910840511322021
2859,0.6096199154853821
2860,0.44303098320961
2861,0.3009130656719208
2862,0.762313187122345
2863,0.7768085598945618
2864,0.4094831049442291
2865,0.6461196541786194
2866,0.6192188858985901
2867,0.2586352527141571
2868,0.4946422874927521
2869,0.26726311445236206
2870,0.2993559241294861
2871,0.5225073099136353
2872,0.32120126485824585
2873,0.6627229452133179
2874,0.4495406746864319
2875,0.6809556484222412
2876,0.5548927187919617
2877,0.4817880094051361
2878,0.5929884314537048
2879,0.5932407379150391
2880,0.60745769739151
2881,0.6414250731468201
2882,0.471905380487442
2883,0.31216201186180115
2884,0.7599997520446777
2885,0.23262596130371094
2886,0.5557082295417786
2887,0.751787543296814
2888,0.2941208481788635
2889,0.3796709179878235
2890,0.7585934996604919
2891,0.7080251574516296
2892,0.764529287815094
2893,0.40409162640571594
2894,0.5147792100906372
2895,0.5478619933128357
2896,0.3443054258823395
2897,0.22098325192928314
2898,0.46312156319618225
2899,0.21957582235336304
2900,0.36691194772720337
2901,0.745847225189209
2902,0.37482354044914246
2903,0.23091015219688416
2904,0.5050520896911621
2905,0.7249888181686401
2906,0.5223454236984253
2907,0.2623041868209839
2908,0.5063712000846863
2909,0.5540338754653931
2910,0.25560131669044495
2911,0.3216066062450409
2912,0.7812665104866028
2913,0.4734119474887848
2914,0.6396499276161194
2915,0.39935430884361267
2916,0.4784872233867645
2917,0.25049087405204773
2918,0.1867864429950714
2919,0.6112383008003235
2920,0.59607994556427
2921,0.40438035130500793
2922,0.5779402256011963
2923,0.4187527894973755
2924,0.6436580419540405
2925,0.45019277930259705
2926,0.5307087898254395
2927,0.3396557569503784
2928,0.6483728289604187
2929,0.4910363554954529
2930,0.4242855906486511
2931,0.7003852725028992
2932,0.4601091742515564
2933,0.7898049354553223
2934,0.5408428311347961
2935,0.6554977893829346
2936,0.30745992064476013
2937,0.4506016671657562
2938,0.4460989832878113
2939,0.35669341683387756
2940,0.35157597064971924
2941,0.457942396402359
2942,0.550066351890564
2943,0.2512177526950836
2944,0.7284658551216125
2945,0.6014461517333984
2946,0.6843248605728149
2947,0.4678402841091156
2948,0.4929516017436981
2949,0.515021800994873
2950,0.39302417635917664
2951,0.7498025894165039
2952,0.45262154936790466
2953,0.27749547362327576
2954,0.4340755045413971
2955,0.4718605577945709
2956,0.30295079946517944
2957,0.769431471824646
2958,0.4224710762500763
2959,0.503701388835907
2960,0.2946332097053528
2961,0.48002031445503235
2962,0.7757682800292969
2963,0.6261390447616577
2964,0.3224354386329651
2965,0.40449661016464233
2966,0.46563372015953064
2967,0.5776810646057129
2968,0.42147374153137207
2969,0.46726876497268677
2970,0.4815120995044708
2971,0.4372187554836273
2972,0.46275848150253296
2973,0.7030262351036072
2974,0.502330482006073
2975,0.5466141700744629
2976,0.5527229309082031
2977,0.6894288659095764
2978,0.5373768210411072
2979,0.4623619019985199
2980,0.4582150876522064
2981,0.30434492230415344
2982,0.7367647886276245
2983,0.5771933197975159
2984,0.41483160853385925
2985,0.5340772867202759
2986,0.4567616581916809
2987,0.22883519530296326
2988,0.5415964722633362
2989,0.37557998299598694
2990,0.6325812339782715
2991,0.3970780372619629
2992,0.5078923106193542
2993,0.45361584424972534
2994,0.2275552749633789
2995,0.6433563828468323
2996,0.40775826573371887
2997,0.27825677394866943
2998,0.5863761901855469
2999,0.5661807060241699
3000,0.6026614308357239
3001,0.7580608129501343
3002,0.7268268465995789
3003,0.2884678840637207
3004,0.4055822789669037
3005,0.6424625515937805
3006,0.38591527938842773
3007,0.34950482845306396
3008,0.6614428162574768
3009,0.4897668957710266
3010,0.4330083131790161
3011,0.4148104786872864
3012,0.5761775970458984
3013,0.7021245360374451
3014,0.7724064588546753
3015,0.45396244525909424
3016,0.645525336265564
3017,0.35978764295578003
3018,0.7512304186820984
3019,0.7462922930717468
3020,0.4421062767505646
3021,0.2147281914949417
3022,0.5875576138496399
3023,0.7311273813247681
3024,0.7485354542732239
3025,0.3677498698234558
3026,0.32372787594795227
3027,0.44134536385536194
3028,0.5212602615356445
3029,0.3933667838573456
3030,0.47293755412101746
3031,0.37268078327178955
3032,0.75557941198349
3033,0.4590173661708832
3034,0.4448392987251282
3035,0.3837510645389557
3036,0.5298947095870972
3037,0.4366469383239746
3038,0.30303969979286194
3039,0.4272014796733856
3040,0.4281095564365387
3041,0.7716583013534546
3042,0.29203179478645325
3043,0.7671157717704773
3044,0.613246738910675
3045,0.5493242144584656
3046,0.7636364102363586
3047,0.28178608417510986
3048,0.48623207211494446
3049,0.5550157427787781
3050,0.5369305610656738
3051,0.23019249737262726
3052,0.3065081536769867
3053,0.4244786500930786
3054,0.5067523121833801
3055,0.4011218845844269
3056,0.3312114179134369
3057,0.4918743371963501
3058,0.4632953703403473
3059,0.5068593621253967
3060,0.45624566078186035
3061,0.37536463141441345
3062,0.5922731757164001
3063,0.7313989400863647
3064,0.6686251759529114
3065,0.6512557864189148
3066,0.546209454536438
3067,0.5087276697158813
3068,0.5227838158607483
3069,0.598297655582428
3070,0.397042840719223
3071,0.34026166796684265
3072,0.7506470084190369
3073,0.7727435827255249
3074,0.4080533981323242
3075,0.23106665909290314
3076,0.35512736439704895
3077,0.2431192696094513
3078,0.523728609085083
3079,0.6804307103157043
3080,0.6280543208122253
3081,0.7761647701263428
3082,0.5921100378036499
3083,0.4125894010066986
3084,0.7702307105064392
3085,0.4561074674129486
3086,0.3860384225845337
3087,0.43477630615234375
3088,0.41153424978256226
3089,0.5352850556373596
3090,0.7650793790817261
3091,0.5287232995033264
3092,0.4340567886829376
3093,0.6678634881973267
3094,0.5952510237693787
3095,0.3772670328617096
3096,0.35375073552131653
3097,0.365633487701416
3098,0.515291154384613
3099,0.6464289426803589
3100,0.44970983266830444
3101,0.6077553629875183
3102,0.7636659741401672
3103,0.2719111442565918
3104,0.5216667056083679
3105,0.4042344093322754
3106,0.4253499209880829
3107,0.1908019632101059
3108,0.6181706190109253
3109,0.5323038101196289
3110,0.7617566585540771
3111,0.7919987440109253
3112,0.5686331391334534
3113,0.6285026669502258
3114,0.5752509832382202
3115,0.3612675368785858
3116,0.27827873826026917
3117,0.6352982521057129
3118,0.7708255052566528
3119,0.28218284249305725
3120,0.51598060131073
3121,0.5749461650848389
3122,0.40063515305519104
3123,0.7712318897247314
3124,0.45512378215789795
3125,0.2799753248691559
3126,0.4492473006248474
3127,0.42617276310920715
3128,0.6632072329521179
3129,0.4212553799152374
3130,0.6133781671524048
3131,0.6054055690765381
3132,0.42601463198661804
3133,0.7668702006340027
3134,0.4499679207801819
3135,0.7127535939216614
3136,0.4581953287124634
3137,0.7552042007446289
3138,0.7118032574653625
3139,0.7591447234153748
3140,0.5364667773246765
3141,0.32122352719306946
3142,0.5382108092308044
3143,0.6429957151412964
3144,0.6577870845794678
3145,0.3354114592075348
3146,0.19963745772838593
3147,0.39585769176483154
3148,0.5038062930107117
3149,0.538032054901123
3150,0.47299081087112427
3151,0.43354588747024536
3152,0.6515333652496338
3153,0.6083680391311646
3154,0.487897664308548
3155,0.23817282915115356
3156,0.7468461990356445
3157,0.4866946041584015
3158,0.2503640055656433
3159,0.7718300819396973
3160,0.4876347482204437
3161,0.4912613332271576
3162,0.3050564229488373
3163,0.34660306572914124
3164,0.5956504940986633
3165,0.5318880081176758
3166,0.4724990427494049
3167,0.4665844738483429
3168,0.5357863903045654
3169,0.572052001953125
3170,0.5787723064422607
3171,0.1966095119714737
3172,0.4798183739185333
3173,0.2925330400466919
3174,0.2832479178905487
3175,0.4564240276813507
3176,0.3594030737876892
3177,0.4465861916542053
3178,0.6241626739501953
3179,0.4344349205493927
3180,0.5252639651298523
3181,0.5183641314506531
3182,0.23664921522140503
3183,0.472157746553421
3184,0.37303638458251953
3185,0.646047830581665
3186,0.5714072585105896
3187,0.42309725284576416
3188,0.3712712824344635
3189,0.7715528011322021
3190,0.6943615674972534
3191,0.23446300625801086
3192,0.4721675217151642
3193,0.6255783438682556
3194,0.25241541862487793
3195,0.40942147374153137
3196,0.642379105091095
3197,0.5267217755317688
3198,0.4806753695011139
3199,0.6521003246307373
3200,0.46684178709983826
3201,0.35967469215393066
3202,0.3117280602455139
3203,0.6233293414115906
3204,0.48514461517333984
3205,0.6312841773033142
3206,0.5355859398841858
3207,0.44406017661094666
3208,0.7586764693260193
3209,0.33673205971717834
3210,0.41835659742355347
3211,0.7376779317855835
3212,0.6555320024490356
3213,0.7095203399658203
3214,0.7691624760627747
3215,0.2832522392272949
3216,0.6869264841079712
3217,0.6847715973854065
3218,0.7071113586425781
3219,0.4142562448978424
3220,0.4687720537185669
3221,0.24465623497962952
3222,0.6654472351074219
3223,0.6959840655326843
3224,0.42002037167549133
3225,0.4681660234928131
3226,0.26537832617759705
3227,0.703434407711029
3228,0.5121937990188599
3229,0.5266290307044983
3230,0.4528360664844513
3231,0.7112709879875183
3232,0.3155573904514313
3233,0.4711396396160126
3234,0.24274563789367676
3235,0.6028288006782532
3236,0.16794127225875854
3237,0.45120328664779663
3238,0.4938472509384155
3239,0.6809943914413452
3240,0.5815114378929138
3241,0.30248478055000305
3242,0.4053833484649658
3243,0.27380451560020447
3244,0.4329693615436554
3245,0.666966438293457
3246,0.39383822679519653
3247,0.5156177878379822
3248,0.5735716819763184
3249,0.4190991222858429
3250,0.7799003720283508
3251,0.4690572917461395
3252,0.4101894795894623
3253,0.4240102469921112
3254,0.2537117302417755
3255,0.373875230550766
3256,0.7682985067367554
3257,0.4306076467037201
3258,0.28233012557029724
3259,0.4065229594707489
3260,0.23731140792369843
3261,0.6992729306221008
3262,0.607966423034668
3263,0.2987396717071533
3264,0.766619861125946
3265,0.40867701172828674
3266,0.7311986088752747
3267,0.440616637468338
3268,0.23792436718940735
3269,0.7591143846511841
3270,0.42980054020881653
3271,0.3498291075229645
3272,0.7760233283042908
3273,0.5443081259727478
3274,0.2825911045074463
3275,0.3593714237213135
3276,0.41396957635879517
3277,0.499311238527298
3278,0.29759684205055237
3279,0.6582446694374084
3280,0.5456865429878235
3281,0.7564318180084229
3282,0.22560203075408936
3283,0.6011332273483276
3284,0.5987967252731323
3285,0.7533041834831238
3286,0.4026206135749817
3287,0.754697322845459
3288,0.6852916479110718
3289,0.28457319736480713
3290,0.4626762270927429
3291,0.3424542248249054
3292,0.4966992735862732
3293,0.6961192488670349
3294,0.5424611568450928
3295,0.36854711174964905
3296,0.5855068564414978
3297,0.46124646067619324
3298,0.7841123938560486
3299,0.5203807353973389
3300,0.6523818373680115
3301,0.4116947650909424
3302,0.5562503933906555
3303,0.7349411249160767
3304,0.7575435042381287
3305,0.3673000931739807
3306,0.7801303267478943
3307,0.4396914541721344
3308,0.44256293773651123
3309,0.3306120038032532
3310,0.6362322568893433
3311,0.33103254437446594
3312,0.7041711807250977
3313,0.5684806704521179
3314,0.5510402321815491
3315,0.46326789259910583
3316,0.6487211585044861
3317,0.6222009658813477
3318,0.4590890109539032
3319,0.7275136709213257
3320,0.334576278924942
3321,0.45557311177253723
3322,0.4674638509750366
3323,0.4602106809616089
3324,0.6225444674491882
3325,0.5503044128417969
3326,0.6893213987350464
3327,0.4002094566822052
3328,0.2753974497318268
3329,0.45756104588508606
3330,0.4566374719142914
3331,0.421222060918808
3332,0.46147260069847107
3333,0.4290487468242645
3334,0.4326472580432892
3335,0.5891584753990173
3336,0.34232982993125916
3337,0.3257245123386383
3338,0.47911348938941956
3339,0.5568193793296814
3340,0.3212219178676605
3341,0.40566232800483704
3342,0.5470158457756042
3343,0.372453898191452
3344,0.4734863340854645
3345,0.6763390898704529
3346,0.6540171504020691
3347,0.36731281876564026
3348,0.4663317799568176
3349,0.5047621726989746
3350,0.43553364276885986
3351,0.6932504177093506
3352,0.2501430809497833
3353,0.5036123394966125
3354,0.3496149480342865
3355,0.6959726810455322
3356,0.48444968461990356
3357,0.46477046608924866
3358,0.29271137714385986
3359,0.3043873608112335
3360,0.7770294547080994
3361,0.43534302711486816
3362,0.5274233222007751
3363,0.7093073129653931
3364,0.2151508629322052
3365,0.48220720887184143
3366,0.4573425352573395
3367,0.7386754751205444
3368,0.542982280254364
3369,0.7656272649765015
3370,0.5262566208839417
3371,0.36792925000190735
3372,0.5556070804595947
3373,0.4138607978820801
3374,0.28665995597839355
3375,0.263887494802475
3376,0.43874797224998474
3377,0.5297689437866211
3378,0.2998662292957306
3379,0.6689891219139099
3380,0.40931272506713867
3381,0.3430425226688385
3382,0.7103659510612488
3383,0.4149327874183655
3384,0.7754267454147339
3385,0.41535261273384094
3386,0.17327071726322174
3387,0.4604168236255646
3388,0.3137635290622711
3389,0.3288349211215973
3390,0.34977778792381287
3391,0.4707595407962799
3392,0.3840729296207428
3393,0.37693071365356445
3394,0.4217059016227722
3395,0.7681733965873718
3396,0.6576611399650574
3397,0.4693494737148285
3398,0.5135302543640137
3399,0.4291606843471527
3400,0.4021042585372925
3401,0.7177944183349609
3402,0.2942206561565399
3403,0.27442827820777893
3404,0.2846563756465912
3405,0.5465152859687805
3406,0.7799093723297119
3407,0.5389261841773987
3408,0.47392311692237854
3409,0.2302233725786209
3410,0.6811810731887817
3411,0.6810151934623718
3412,0.28995874524116516
3413,0.4626097083091736
3414,0.7619635462760925
3415,0.6441464424133301
3416,0.4760308563709259
3417,0.2780380845069885
3418,0.5226689577102661
3419,0.47567319869995117
3420,0.4700198769569397
3421,0.3815174400806427
3422,0.24052971601486206
3423,0.29868051409721375
3424,0.614683985710144
3425,0.5858853459358215
3426,0.3322122395038605
3427,0.5241453051567078
3428,0.48552218079566956
3429,0.3966332972049713
3430,0.5903884172439575
3431,0.51241534948349
3432,0.4699191749095917
3433,0.3267873227596283
3434,0.7243667840957642
3435,0.46921154856681824
3436,0.3981812596321106
3437,0.39459896087646484
3438,0.6928282380104065
3439,0.2638828158378601
3440,0.44949373602867126
3441,0.36558422446250916
3442,0.23287443816661835
3443,0.6311814188957214
3444,0.6463028192520142
3445,0.5616710782051086
3446,0.3415507376194
3447,0.4047343134880066
3448,0.5558080077171326
3449,0.4765099883079529
3450,0.44784069061279297
3451,0.3953436613082886
3452,0.6380143761634827
3453,0.45659521222114563
3454,0.6510055065155029
3455,0.45158302783966064
3456,0.3918774724006653
3457,0.5451511740684509
3458,0.16117125749588013
3459,0.4468965232372284
3460,0.7197684645652771
3461,0.37503406405448914
3462,0.3692915439605713
3463,0.5036463737487793
3464,0.43293043971061707
3465,0.6039012670516968
3466,0.5896484851837158
3467,0.2909170687198639
3468,0.490363746881485
3469,0.572198748588562
3470,0.5163280367851257
3471,0.24595049023628235
3472,0.7831305265426636
3473,0.4759114682674408
3474,0.47700420022010803
3475,0.3644522726535797
3476,0.48285651206970215
3477,0.3356306254863739
3478,0.3630542457103729
3479,0.5914118885993958
3480,0.6425375938415527
3481,0.2863527238368988
3482,0.3547796308994293
3483,0.5214032530784607
3484,0.5476634502410889
3485,0.5372787714004517
3486,0.31934627890586853
3487,0.399103045463562
3488,0.3416500389575958
3489,0.2611965537071228
3490,0.5672429800033569
3491,0.5040128231048584
3492,0.5942160487174988
3493,0.47902050614356995
3494,0.3506837785243988
3495,0.4652251899242401
3496,0.2872453033924103
3497,0.7822937965393066
3498,0.5568086504936218
3499,0.2970515787601471
3500,0.28621476888656616
3501,0.4083137810230255
3502,0.5028935074806213
3503,0.21234971284866333
3504,0.6172301769256592
3505,0.5637320876121521
3506,0.7327595353126526
3507,0.4570622146129608
3508,0.6783847212791443
3509,0.670440137386322
3510,0.49452105164527893
3511,0.5586923360824585
3512,0.4771600365638733
3513,0.4257713556289673
3514,0.7795153856277466
3515,0.5538873672485352
3516,0.48886168003082275
3517,0.2083849310874939
3518,0.46939000487327576
3519,0.420470267534256
3520,0.5279862284660339
3521,0.4829511046409607
3522,0.5395078063011169
3523,0.6686902046203613
3524,0.44904300570487976
3525,0.6680793762207031
3526,0.41277870535850525
3527,0.42148154973983765
3528,0.48592180013656616
3529,0.42171356081962585
3530,0.6169325709342957
3531,0.609189510345459
3532,0.39977556467056274
3533,0.31892356276512146
3534,0.3623710572719574
3535,0.2996734082698822
3536,0.49555182456970215
3537,0.3805975317955017
3538,0.26726606488227844
3539,0.6099392771720886
3540,0.769382119178772
3541,0.681512176990509
3542,0.5193713903427124
3543,0.34114694595336914
3544,0.6518893837928772
3545,0.4009256958961487
3546,0.6441949605941772
3547,0.4945695102214813
3548,0.7189074754714966
3549,0.41566166281700134
3550,0.5766918659210205
3551,0.5523712038993835
3552,0.43109166622161865
3553,0.29597386717796326
3554,0.5854575634002686
3555,0.7078391313552856
3556,0.4539499878883362
3557,0.5030796527862549
3558,0.5253252983093262
3559,0.6039971113204956
3560,0.47926443815231323
3561,0.5417514443397522
3562,0.5564314723014832
3563,0.47869348526000977
3564,0.4180479943752289
3565,0.35742759704589844
3566,0.36277785897254944
3567,0.6396970748901367
3568,0.6643259525299072
3569,0.532503604888916
3570,0.402003675699234
3571,0.4775167405605316
3572,0.6451118588447571
3573,0.7432426810264587
3574,0.38220739364624023
3575,0.28273144364356995
3576,0.6499820947647095
3577,0.4996225833892822
3578,0.3520878553390503
3579,0.23816967010498047
3580,0.5043229460716248
3581,0.3969424366950989
3582,0.5845378637313843
3583,0.37565603852272034
3584,0.29847821593284607
3585,0.531291127204895
3586,0.5476936101913452
3587,0.32461461424827576
3588,0.38494154810905457
3589,0.7252886295318604
3590,0.48392173647880554
3591,0.21512934565544128
3592,0.6201404929161072
3593,0.36220499873161316
3594,0.475043386220932
3595,0.5169997811317444
3596,0.7097375988960266
3597,0.5418393611907959
3598,0.6763274073600769
3599,0.2937670350074768
3600,0.45933565497398376
3601,0.5035087466239929
3602,0.6764947772026062
3603,0.5455061793327332
3604,0.3751209080219269
3605,0.615949809551239
3606,0.4784260094165802
3607,0.5956898927688599
3608,0.4683290719985962
3609,0.6039771437644958
3610,0.324591726064682
3611,0.4484076499938965
3612,0.5746452212333679
3613,0.3873233497142792
3614,0.610270082950592
3615,0.5171735882759094
3616,0.780327320098877
3617,0.607130765914917
3618,0.4550801217556
3619,0.599804162979126
3620,0.7582191824913025
3621,0.533195436000824
3622,0.5357944369316101
3623,0.3226877748966217
3624,0.5329480767250061
3625,0.45459285378456116
3626,0.42918407917022705
3627,0.34196412563323975
3628,0.3182697594165802
3629,0.2967740595340729
3630,0.38744670152664185
3631,0.5867345929145813
3632,0.710412859916687
3633,0.2964695394039154
3634,0.5627532601356506
3635,0.4588361382484436
3636,0.5358849167823792
3637,0.6281560659408569
3638,0.22120246291160583
3639,0.5192853808403015
3640,0.6967439651489258
3641,0.6354084014892578
3642,0.3495331108570099
3643,0.3344041407108307
3644,0.7687699794769287
3645,0.4921776354312897
3646,0.6732200980186462
3647,0.5278850793838501
3648,0.4744236171245575
3649,0.23780891299247742
3650,0.3981824517250061
3651,0.497862309217453
3652,0.5643818378448486
3653,0.7445157170295715
3654,0.2054574191570282
3655,0.3586471676826477
3656,0.601526141166687
3657,0.5082638263702393
3658,0.7880408763885498
3659,0.5691862106323242
3660,0.36819952726364136
3661,0.6757676005363464
3662,0.5603451728820801
3663,0.6520846486091614
3664,0.7386261820793152
3665,0.42797547578811646
3666,0.542404294013977
3667,0.367623895406723
3668,0.6412581205368042
3669,0.5186942219734192
3670,0.48356932401657104
3671,0.7004860043525696
3672,0.6122623085975647
3673,0.2371746152639389
3674,0.3996824026107788
3675,0.6304023861885071
3676,0.7559588551521301
3677,0.5682361721992493
3678,0.38378870487213135
3679,0.27840226888656616
3680,0.6051190495491028
3681,0.575203001499176
3682,0.25836893916130066
3683,0.42677077651023865
3684,0.43561479449272156
3685,0.4002055525779724
3686,0.3191172182559967
3687,0.5459717512130737
3688,0.363944947719574
3689,0.6993986368179321
3690,0.6510421633720398
3691,0.4594772160053253
3692,0.3277428448200226
3693,0.6185336709022522
3694,0.6360385417938232
3695,0.4577604830265045
3696,0.48253002762794495
3697,0.646929919719696
3698,0.2406352460384369
3699,0.16945061087608337
3700,0.22962403297424316
3701,0.38587912917137146
3702,0.5480493307113647
3703,0.3440265953540802
3704,0.49779677391052246
3705,0.5597419142723083
3706,0.47099408507347107
3707,0.5228800773620605
3708,0.46859994530677795
3709,0.450148344039917
3710,0.482110857963562
3711,0.5951958298683167
3712,0.6348162889480591
3713,0.3150307238101959
3714,0.4631539285182953
3715,0.29223278164863586
3716,0.6994648575782776
3717,0.4508155584335327
3718,0.4336249530315399
3719,0.4528774321079254
3720,0.7086151242256165
3721,0.531719446182251
3722,0.3999660313129425
3723,0.6543501019477844
3724,0.5540971159934998
3725,0.2772601246833801
3726,0.7630038857460022
3727,0.4609600901603699
3728,0.3309016823768616
3729,0.7334712147712708
3730,0.5645847320556641
3731,0.41583189368247986
3732,0.4614694118499756
3733,0.6141726970672607
3734,0.45379000902175903
3735,0.3152640163898468
3736,0.48946306109428406
3737,0.45374009013175964
3738,0.6044523119926453
3739,0.43613868951797485
3740,0.6795185208320618
3741,0.6859253644943237
3742,0.5259919762611389
3743,0.5828575491905212
3744,0.4895784258842468
3745,0.44977065920829773
3746,0.592187762260437
3747,0.5460435748100281
3748,0.4304523468017578
3749,0.4805603623390198
3750,0.4727192223072052
3751,0.2954675257205963
3752,0.706217348575592
3753,0.5588429570198059
3754,0.3492182195186615
3755,0.5877763628959656
3756,0.6596712470054626
3757,0.4802003502845764
3758,0.5380547046661377
3759,0.42030972242355347
3760,0.34018781781196594
3761,0.41151198744773865
3762,0.4234979450702667
3763,0.41489216685295105
3764,0.5735021233558655
3765,0.6175127029418945
3766,0.507957935333252
3767,0.7536002993583679
3768,0.35025593638420105
3769,0.2689347565174103
3770,0.3127290904521942
3771,0.5068082213401794
3772,0.6267465353012085
3773,0.29752272367477417
3774,0.5808754563331604
3775,0.4538688063621521
3776,0.6767210960388184
3777,0.30946218967437744
3778,0.4505540728569031
3779,0.7065445184707642
3780,0.5517079830169678
3781,0.5101431012153625
3782,0.693977415561676
3783,0.5021167993545532
3784,0.5075098872184753
3785,0.517687201499939
3786,0.2521767318248749
3787,0.7687870264053345
3788,0.7584531903266907
3789,0.5801868438720703
3790,0.4267005920410156
3791,0.658729076385498
3792,0.4453442394733429
3793,0.31480857729911804
3794,0.755130410194397
3795,0.6264796853065491
3796,0.6318660974502563
3797,0.6684473156929016
3798,0.28587403893470764
3799,0.5969200134277344
3800,0.7657131552696228
3801,0.2927711606025696
3802,0.4637300372123718
3803,0.25517719984054565
3804,0.5922105312347412
3805,0.6423231959342957
3806,0.4645027220249176
3807,0.6043419241905212
3808,0.3028785288333893
3809,0.6346189379692078
3810,0.6596508622169495
3811,0.5582764148712158
3812,0.5481635332107544
3813,0.6053712964057922
3814,0.4631042778491974
3815,0.5117364525794983
3816,0.46396610140800476
3817,0.4173544943332672
3818,0.5949035882949829
3819,0.4393344521522522
3820,0.28014805912971497
3821,0.4643798768520355
3822,0.40484750270843506
3823,0.520032525062561
3824,0.3738858997821808
3825,0.506079912185669
3826,0.46666619181632996
3827,0.35304954648017883
3828,0.4697151482105255
3829,0.5423250794410706
3830,0.5336074233055115
3831,0.24002446234226227
3832,0.35003969073295593
3833,0.5243808031082153
3834,0.5131108164787292
3835,0.7522750496864319
3836,0.6738199591636658
3837,0.7661182880401611
3838,0.6039323210716248
3839,0.6964626908302307
3840,0.26411116123199463
3841,0.36143431067466736
3842,0.45103326439857483
3843,0.3728378117084503
3844,0.7810070514678955
3845,0.26216521859169006
3846,0.7200686931610107
3847,0.4691754877567291
3848,0.47431859374046326
3849,0.5192082524299622
3850,0.43964913487434387
3851,0.6019136905670166
3852,0.29681703448295593
3853,0.7596704959869385
3854,0.27751192450523376
3855,0.4364546835422516
3856,0.7574427723884583
3857,0.3724747896194458
3858,0.38129350543022156
3859,0.4572485387325287
3860,0.6157662272453308
3861,0.37866470217704773
3862,0.28016945719718933
3863,0.4066052734851837
3864,0.6630548238754272
3865,0.66459721326828
3866,0.21591749787330627
3867,0.3723199963569641
3868,0.5111469626426697
3869,0.47989875078201294
3870,0.33018964529037476
3871,0.5641603469848633
3872,0.5183174014091492
3873,0.4100498855113983
3874,0.6904251575469971
3875,0.4786745309829712
3876,0.4728004038333893
3877,0.7591547966003418
3878,0.7700640559196472
3879,0.7501847147941589
3880,0.38899365067481995
3881,0.5191085338592529
3882,0.7144716382026672
3883,0.39827486872673035
3884,0.20333844423294067
3885,0.6845435500144958
3886,0.5307136178016663
3887,0.5362143516540527
3888,0.7302416563034058
3889,0.4438818097114563
3890,0.758737325668335
3891,0.6262121200561523
3892,0.28493598103523254
3893,0.4639056324958801
3894,0.7588827013969421
3895,0.3977589011192322
3896,0.3717716932296753
3897,0.18428538739681244
3898,0.5857447385787964
3899,0.6268242001533508
3900,0.7443532347679138
3901,0.5130007863044739
3902,0.2997843325138092
3903,0.44240009784698486
3904,0.3879925608634949
3905,0.5671856999397278
3906,0.5973781943321228
3907,0.5207559466362
3908,0.6838769316673279
3909,0.5472514033317566
3910,0.692884624004364
3911,0.314276784658432
3912,0.5764243602752686
3913,0.30783432722091675
3914,0.5358496308326721
3915,0.6110597848892212
3916,0.5911827087402344
3917,0.7606690526008606
3918,0.3481600880622864
3919,0.6285905838012695
3920,0.7465099096298218
3921,0.48426181077957153
3922,0.40977540612220764
3923,0.3580268323421478
3924,0.41220083832740784
3925,0.7981230020523071
3926,0.7703417539596558
3927,0.46138182282447815
3928,0.7551358342170715
3929,0.4543132483959198
3930,0.5891462564468384
3931,0.2946700155735016
3932,0.2724364399909973
3933,0.4885513484477997
3934,0.46854671835899353
3935,0.2874424159526825
3936,0.22836175560951233
3937,0.2634583115577698
3938,0.32213133573532104
3939,0.7744002938270569
3940,0.46720823645591736
3941,0.6595181822776794
3942,0.25099194049835205
3943,0.3306036591529846
3944,0.6333596706390381
3945,0.4054082930088043
3946,0.4354950189590454
3947,0.35462144017219543
3948,0.4558835029602051
3949,0.34751784801483154
3950,0.38951507210731506
3951,0.5244234204292297
3952,0.7656259536743164
3953,0.40349435806274414
3954,0.3005852997303009
3955,0.5064771175384521
3956,0.29078954458236694
3957,0.40433892607688904
3958,0.2591021955013275
3959,0.48591047525405884
3960,0.6722537875175476
3961,0.7324203252792358
3962,0.16282625496387482
3963,0.7135366797447205
3964,0.586876392364502
3965,0.4410169720649719
3966,0.6514642238616943
3967,0.6738629937171936
3968,0.46720603108406067
3969,0.46719926595687866
3970,0.5772622227668762
3971,0.6658287644386292
3972,0.4976087212562561
3973,0.5576087832450867
3974,0.5551621317863464
3975,0.7724491357803345
3976,0.7644632458686829
3977,0.278534859418869
3978,0.6562153697013855
3979,0.30161964893341064
3980,0.31377705931663513
3981,0.7014630436897278
3982,0.7713398337364197
3983,0.7628138661384583
3984,0.48055946826934814
3985,0.5384533405303955
3986,0.7721297144889832
3987,0.3062865734100342
3988,0.6249328255653381
3989,0.4938027560710907
3990,0.2768840491771698
3991,0.7366858124732971
3992,0.40476396679878235
3993,0.6474096775054932
3994,0.7845762968063354
3995,0.6054332256317139
3996,0.502328634262085
3997,0.4229985773563385
3998,0.3037855625152588
3999,0.3241831362247467
4000,0.38033926486968994
4001,0.6269336342811584
4002,0.5705960988998413
4003,0.49360913038253784
4004,0.3300642967224121
4005,0.7287151217460632
4006,0.6409825682640076
4007,0.5887794494628906
4008,0.4586081802845001
4009,0.6083741784095764
4010,0.36846402287483215
4011,0.806614875793457
4012,0.30027487874031067
4013,0.30369508266448975
4014,0.6342530846595764
4015,0.42283132672309875
4016,0.5257703065872192
4017,0.3947945535182953
4018,0.6587154865264893
4019,0.5318477749824524
4020,0.7301570773124695
4021,0.4725676476955414
4022,0.26643669605255127
4023,0.4180990159511566
4024,0.7194032669067383
4025,0.3456479609012604
4026,0.43988552689552307
4027,0.2498648762702942
4028,0.21339169144630432
4029,0.5705145597457886
4030,0.49219030141830444
4031,0.6415674090385437
4032,0.7527776956558228
4033,0.45337221026420593
4034,0.3353603780269623
4035,0.5919626951217651
4036,0.5510653257369995
4037,0.45163270831108093
4038,0.49848130345344543
4039,0.5965323448181152
4040,0.3663078546524048
4041,0.49824434518814087
4042,0.5568905472755432
4043,0.7566440105438232
4044,0.3683314919471741
4045,0.6028863787651062
4046,0.46644124388694763
4047,0.6078760027885437
4048,0.20207618176937103
4049,0.7735766768455505
4050,0.5082834959030151
4051,0.7838762998580933
4052,0.29149937629699707
4053,0.17549492418766022
4054,0.6669675707817078
4055,0.26739564538002014
4056,0.2674078047275543
4057,0.6552574038505554
4058,0.32399263978004456
4059,0.55595463514328
4060,0.32273003458976746
4061,0.26285436749458313
4062,0.5942790508270264
4063,0.48857638239860535
4064,0.40041613578796387
4065,0.36859384179115295
4066,0.377328097820282
4067,0.46073463559150696
4068,0.35695475339889526
4069,0.7735394835472107
4070,0.47706446051597595
4071,0.557478666305542
4072,0.32187262177467346
4073,0.7560148239135742
4074,0.3672422170639038
4075,0.2925902009010315
4076,0.5286715030670166
4077,0.40429142117500305
4078,0.6223055720329285
4079,0.308296799659729
4080,0.7717304825782776
4081,0.5931146740913391
4082,0.49205902218818665
4083,0.5782886743545532
4084,0.28576338291168213
4085,0.5453519821166992
4086,0.6137016415596008
4087,0.548796534538269
4088,0.5721814632415771
4089,0.6650442481040955
4090,0.7633273601531982
4091,0.3571281135082245
4092,0.46400168538093567
4093,0.5662621259689331
4094,0.49566370248794556
4095,0.47711530327796936
4096,0.6437515020370483
4097,0.4613713324069977
4098,0.42745092511177063
4099,0.6359938979148865
4100,0.5908042788505554
4101,0.5981114506721497
4102,0.5103477239608765
4103,0.4594174921512604
4104,0.6167169213294983
4105,0.4373273551464081
4106,0.7379757761955261
4107,0.4555533826351166
4108,0.33177483081817627
4109,0.49726831912994385
4110,0.2482902705669403
4111,0.297686904668808
4112,0.6208118796348572
4113,0.6735280752182007
4114,0.5122447609901428
4115,0.4557068943977356
4116,0.4166652262210846
4117,0.7024009227752686
4118,0.6889368295669556
4119,0.4136947691440582
4120,0.486401230096817
4121,0.45373013615608215
4122,0.7080531716346741
4123,0.40752214193344116
4124,0.7030311822891235
4125,0.49527865648269653
4126,0.4969848096370697
4127,0.4441327452659607
4128,0.7560967803001404
4129,0.5238168239593506
4130,0.44366350769996643
4131,0.3313954770565033
4132,0.7234108448028564
4133,0.6510490775108337
4134,0.5222353935241699
4135,0.28629937767982483
4136,0.7715387940406799
4137,0.41207319498062134
4138,0.5473607182502747
4139,0.6225553154945374
4140,0.6526185274124146
4141,0.35077139735221863
4142,0.661918044090271
4143,0.4430951178073883
4144,0.49342548847198486
4145,0.41627970337867737
4146,0.4288666546344757
4147,0.3064148426055908
4148,0.6243081092834473
4149,0.6732876896858215
4150,0.39072391390800476
4151,0.5425395965576172
4152,0.5496794581413269
4153,0.4643990695476532
4154,0.6051759123802185
4155,0.4619171917438507
4156,0.2897752523422241
4157,0.47962522506713867
4158,0.28330227732658386
4159,0.6607093811035156
4160,0.39932045340538025
4161,0.5532510876655579
4162,0.5244669318199158
4163,0.7686694860458374
4164,0.617262065410614
4165,0.4234674274921417
4166,0.771584153175354
4167,0.2639291286468506
4168,0.33203062415122986
4169,0.5758166909217834
4170,0.7747966051101685
4171,0.32136476039886475
4172,0.7167133688926697
4173,0.364330530166626
4174,0.4027954041957855
4175,0.5925765633583069
4176,0.5125268697738647
4177,0.7163321375846863
4178,0.2546881437301636
4179,0.2834291160106659
4180,0.32539376616477966
4181,0.3867349624633789
4182,0.6150538921356201
4183,0.47420060634613037
4184,0.3846868574619293
4185,0.6474633812904358
4186,0.47080233693122864
4187,0.4447087049484253
4188,0.45907923579216003
4189,0.57425457239151
4190,0.3407597243785858
4191,0.6256110072135925
4192,0.3859971761703491
4193,0.6790133118629456
4194,0.6981801390647888
4195,0.30502769351005554
4196,0.2615923583507538
4197,0.5281342267990112
4198,0.4723060429096222
4199,0.48273247480392456
4200,0.5316451191902161
4201,0.4818437695503235
4202,0.4020073413848877
4203,0.42987215518951416
4204,0.39763984084129333
4205,0.3821823298931122
4206,0.4602586627006531
4207,0.4635864496231079
4208,0.452942818403244
4209,0.43138357996940613
4210,0.7545984387397766
4211,0.5442065596580505
4212,0.46553167700767517
4213,0.7694742679595947
4214,0.6526102423667908
4215,0.39090222120285034
4216,0.646487832069397
4217,0.30134811997413635
4218,0.5140668153762817
4219,0.4455070197582245
4220,0.41931769251823425
4221,0.37435197830200195
4222,0.5922164916992188
4223,0.33198556303977966
4224,0.4213862717151642
4225,0.47542232275009155
4226,0.43249908089637756
4227,0.6898947954177856
4228,0.5882395505905151
4229,0.6729543805122375
4230,0.31582942605018616
4231,0.5695531964302063
4232,0.6417914628982544
4233,0.39163002371788025
4234,0.5141595602035522
4235,0.3681410849094391
4236,0.2556195557117462
4237,0.5785192847251892
4238,0.4647933542728424
4239,0.4196418821811676
4240,0.46550434827804565
4241,0.4743185341358185
4242,0.523651123046875
4243,0.37121474742889404
4244,0.3809754550457001
4245,0.5738558769226074
4246,0.546538770198822
4247,0.4424632489681244
4248,0.4855145215988159
4249,0.5248752236366272
4250,0.25038886070251465
4251,0.21718516945838928
4252,0.2837868928909302
4253,0.7757242321968079
4254,0.7339289784431458
4255,0.582157552242279
4256,0.5534518957138062
4257,0.49081549048423767
4258,0.7663363814353943
4259,0.3389197289943695
4260,0.6384328007698059
4261,0.44463104009628296
4262,0.4546874463558197
4263,0.6025322079658508
4264,0.5436522960662842
4265,0.5452219247817993
4266,0.4728259742259979
4267,0.4134036898612976
4268,0.18326875567436218
4269,0.3556024730205536
4270,0.5051446557044983
4271,0.31320446729660034
4272,0.4047680199146271
4273,0.3675745725631714
4274,0.3835788667201996
4275,0.5877583026885986
4276,0.47462818026542664
4277,0.5373088717460632
4278,0.6860210299491882
4279,0.3309288024902344
4280,0.2176024615764618
4281,0.42784231901168823
4282,0.40925753116607666
4283,0.7180395126342773
4284,0.5066930651664734
4285,0.5123940706253052
4286,0.5357281565666199
4287,0.537571132183075
4288,0.4660216271877289
4289,0.6455503702163696
4290,0.52558434009552
4291,0.5099909901618958
4292,0.3615367114543915
4293,0.7604126930236816
4294,0.3010897636413574
4295,0.5919954776763916
4296,0.8039944767951965
4297,0.5682548880577087
4298,0.6003579497337341
4299,0.6586823463439941
4300,0.27662813663482666
4301,0.4658330976963043
4302,0.4768640398979187
4303,0.5171493291854858
4304,0.5804854035377502
4305,0.46289554238319397
4306,0.45992007851600647
4307,0.5368925333023071
4308,0.4004349410533905
4309,0.5063599348068237
4310,0.2100096344947815
4311,0.6639353036880493
4312,0.33028489351272583
4313,0.3342299163341522
4314,0.4215027093887329
4315,0.6750052571296692
4316,0.4728115499019623
4317,0.4639449119567871
4318,0.72420734167099
4319,0.6885111927986145
4320,0.558664083480835
4321,0.39355307817459106
4322,0.6339170932769775
4323,0.568408191204071
4324,0.42021849751472473
4325,0.4818752110004425
4326,0.4932469427585602
4327,0.5762028694152832
4328,0.48922014236450195
4329,0.2766698896884918
4330,0.7562964558601379
4331,0.6164042949676514
4332,0.6049565076828003
4333,0.571075439453125
4334,0.7578626871109009
4335,0.6674845218658447
4336,0.4012693464756012
4337,0.53608638048172
4338,0.4886372983455658
4339,0.45361465215682983
4340,0.414047509431839
4341,0.4646102786064148
4342,0.3855714201927185
4343,0.5333675742149353
4344,0.3916071355342865
4345,0.7651216983795166
4346,0.5909478664398193
4347,0.5157211422920227
4348,0.5275670289993286
4349,0.45490720868110657
4350,0.34862038493156433
4351,0.7699996829032898
4352,0.4639378786087036
4353,0.6625470519065857
4354,0.42670363187789917
4355,0.4738624393939972
4356,0.2755008637905121
4357,0.6311110258102417
4358,0.4718819856643677
4359,0.26170408725738525
4360,0.5655244588851929
4361,0.36439087986946106
4362,0.44204360246658325
4363,0.6773028373718262
4364,0.6976985335350037
4365,0.45001304149627686
4366,0.5436636209487915
4367,0.21986311674118042
4368,0.6564636826515198
4369,0.37531667947769165
4370,0.5235289931297302
4371,0.46171849966049194
4372,0.503558874130249
4373,0.3432002663612366
4374,0.3523176610469818
4375,0.5162191987037659
4376,0.3043769896030426
4377,0.5901433825492859
4378,0.6049171686172485
4379,0.4189886748790741
4380,0.5149352550506592
4381,0.6103633642196655
4382,0.3618971109390259
4383,0.6341151595115662
4384,0.40102991461753845
4385,0.56895911693573
4386,0.3661198318004608
4387,0.5538391470909119
4388,0.41105109453201294
4389,0.4398299753665924
4390,0.44133588671684265
4391,0.521969199180603
4392,0.6278411746025085
4393,0.2926088273525238
4394,0.6959096789360046
4395,0.6531164646148682
4396,0.5384061932563782
4397,0.44663703441619873
4398,0.5651427507400513
4399,0.6294536590576172
4400,0.7180365324020386
4401,0.4627194106578827
4402,0.4942609667778015
4403,0.5172961354255676
4404,0.30580705404281616
4405,0.4140784740447998
4406,0.5373393893241882
4407,0.5888028144836426
4408,0.4786536395549774
4409,0.6152157187461853
4410,0.694636881351471
4411,0.3192518353462219
4412,0.5270176529884338
4413,0.7540576457977295
4414,0.7259973883628845
4415,0.2902837097644806
4416,0.565513014793396
4417,0.6032854318618774
4418,0.28548645973205566
4419,0.540584146976471
4420,0.5107036828994751
4421,0.46385324001312256
4422,0.23948630690574646
4423,0.4683915674686432
4424,0.593368411064148
4425,0.3510637581348419
4426,0.45424893498420715
4427,0.3693775236606598
4428,0.4123375713825226
4429,0.4967111051082611
4430,0.39778581261634827
4431,0.43644747138023376
4432,0.6487945318222046
4433,0.4403739869594574
4434,0.5354205965995789
4435,0.7786068916320801
4436,0.43590906262397766
4437,0.7852813601493835
4438,0.6363531351089478
4439,0.7749369144439697
4440,0.545539379119873
4441,0.3620184063911438
4442,0.4378812313079834
4443,0.4543474614620209
4444,0.5439553260803223
4445,0.34787777066230774
4446,0.6423047780990601
4447,0.5510043501853943
4448,0.5934318900108337
4449,0.6194325089454651
4450,0.3848923444747925
4451,0.44362396001815796
4452,0.6495866179466248
4453,0.613032877445221
4454,0.6202328205108643
4455,0.7590124607086182
4456,0.5435344576835632
4457,0.258513480424881
4458,0.46587714552879333
4459,0.7892444729804993
4460,0.47487515211105347
4461,0.3867577910423279
4462,0.6158852577209473
4463,0.7873937487602234
4464,0.766775369644165
4465,0.36842796206474304
4466,0.29667431116104126
4467,0.36470484733581543
4468,0.3783318102359772
4469,0.4583883285522461
4470,0.521352231502533
4471,0.7310663461685181
4472,0.6516594290733337
4473,0.5920242071151733
4474,0.5110566020011902
4475,0.40127211809158325
4476,0.5143665671348572
4477,0.41342613101005554
4478,0.7700170278549194
4479,0.6507120728492737
4480,0.5140836238861084
4481,0.3131864666938782
4482,0.6136010885238647
4483,0.24479570984840393
4484,0.3435092866420746
4485,0.458123117685318
4486,0.5502256751060486
4487,0.43861550092697144
4488,0.45714640617370605
4489,0.5004041194915771
4490,0.5490518808364868
4491,0.7838301062583923
4492,0.47520044445991516
4493,0.4704796075820923
4494,0.6588302254676819
4495,0.41801539063453674
4496,0.6509203314781189
4497,0.6451126337051392
4498,0.30014726519584656
4499,0.5184509754180908
4500,0.45798084139823914
4501,0.7049897909164429
4502,0.617361843585968
4503,0.42253953218460083
4504,0.4754886031150818
4505,0.43501558899879456
4506,0.6086487770080566
4507,0.36843839287757874
4508,0.23221153020858765
4509,0.3423018753528595
4510,0.6411826610565186
4511,0.3704600930213928
4512,0.4548320472240448
4513,0.24569271504878998
4514,0.692837655544281
4515,0.4627620279788971
4516,0.35795971751213074
4517,0.4574396312236786
4518,0.42790862917900085
4519,0.23050375282764435
4520,0.2571410834789276
4521,0.46273794770240784
4522,0.674719512462616
4523,0.39306750893592834
4524,0.6649665236473083
4525,0.3403857350349426
4526,0.7766186594963074
4527,0.46032512187957764
4528,0.5257894396781921
4529,0.5106601715087891
4530,0.6002380847930908
4531,0.672867476940155
4532,0.7828562259674072
4533,0.44830402731895447
4534,0.4874263107776642
4535,0.5321696996688843
4536,0.3297540843486786
4537,0.5208072066307068
4538,0.3939560651779175
4539,0.781277596950531
4540,0.4336243271827698
4541,0.3850848972797394
4542,0.5970898270606995
4543,0.524271547794342
4544,0.3668709099292755
4545,0.3478696644306183
4546,0.7273203134536743
4547,0.4582526385784149
4548,0.23775923252105713
4549,0.5425475239753723
4550,0.29966798424720764
4551,0.4308551251888275
4552,0.3739379942417145
4553,0.508564829826355
4554,0.480436235666275
4555,0.5237164497375488
4556,0.21249696612358093
4557,0.45739009976387024
4558,0.3362785577774048
4559,0.43093156814575195
4560,0.6983286738395691
4561,0.6255431771278381
4562,0.46151313185691833
4563,0.26820433139801025
4564,0.3288864493370056
4565,0.22063979506492615
4566,0.4571435749530792
4567,0.5863777995109558
4568,0.623356282711029
4569,0.3555182218551636
4570,0.7590981125831604
4571,0.6698413491249084
4572,0.38867419958114624
4573,0.3670541048049927
4574,0.4455561935901642
4575,0.6858893036842346
4576,0.5639055371284485
4577,0.46485477685928345
4578,0.7730990052223206
4579,0.5969056487083435
4580,0.41577938199043274
4581,0.5938649773597717
4582,0.4695999324321747
4583,0.3579290211200714
4584,0.5530489683151245
4585,0.3871171176433563
4586,0.6072049140930176
4587,0.2923741936683655
4588,0.5456019639968872
4589,0.21986286342144012
4590,0.36961182951927185
4591,0.4504355490207672
4592,0.37235206365585327
4593,0.2827317416667938
4594,0.3872716426849365
4595,0.32304638624191284
4596,0.5571846961975098
4597,0.6019668579101562
4598,0.43764373660087585
4599,0.4343130588531494
4600,0.33774372935295105
4601,0.21491456031799316
4602,0.5975125432014465
4603,0.402396023273468
4604,0.5781358480453491
4605,0.6904760003089905
4606,0.5193398594856262
4607,0.3219485282897949
4608,0.5963778495788574
4609,0.48334842920303345
4610,0.59019935131073
4611,0.6705136299133301
4612,0.7746478319168091
4613,0.7673149108886719
4614,0.6140028834342957
4615,0.7530216574668884
4616,0.780896782875061
4617,0.5364543795585632
4618,0.6118228435516357
4619,0.7874640226364136
4620,0.4671749770641327
4621,0.4019031822681427
4622,0.21579110622406006
4623,0.2857373356819153
4624,0.44718965888023376
4625,0.5475755333900452
4626,0.5267066359519958
4627,0.595011830329895
4628,0.6205968260765076
4629,0.3976864814758301
4630,0.6103525161743164
4631,0.4104428291320801
4632,0.40376394987106323
4633,0.7739759683609009
4634,0.33588147163391113
4635,0.2789405286312103
4636,0.3548930585384369
4637,0.6741454601287842
4638,0.6158684492111206
4639,0.45033085346221924
4640,0.7596054673194885
4641,0.42290589213371277
4642,0.26488032937049866
4643,0.6997291445732117
4644,0.24242278933525085
4645,0.541424036026001
4646,0.505882740020752
4647,0.4373561143875122
4648,0.741814911365509
4649,0.6218637824058533
4650,0.605663537979126
4651,0.4962178170681
4652,0.3106112778186798
4653,0.43875423073768616
4654,0.7691825032234192
4655,0.6164716482162476
4656,0.40357735753059387
4657,0.5152097940444946
4658,0.7735740542411804
4659,0.5592667460441589
4660,0.5817013382911682
4661,0.6990034580230713
4662,0.5846809148788452
4663,0.678605318069458
4664,0.49745646119117737
4665,0.769882321357727
4666,0.47591742873191833
4667,0.26394370198249817
4668,0.5425147414207458
4669,0.4102295935153961
4670,0.7427218556404114
4671,0.2396237999200821
4672,0.6460452079772949
4673,0.37854036688804626
4674,0.2866126000881195
4675,0.7475712895393372
4676,0.6082448363304138
4677,0.7770864367485046
4678,0.596286952495575
4679,0.619655191898346
4680,0.44075849652290344
4681,0.6205114126205444
4682,0.5809295773506165
4683,0.7673516273498535
4684,0.3919270932674408
4685,0.3749288022518158
4686,0.5984750986099243
4687,0.36085012555122375
4688,0.5252954959869385
4689,0.629660427570343
4690,0.7660491466522217
4691,0.2773366868495941
4692,0.4152679443359375
4693,0.33752426505088806
4694,0.5649449825286865
4695,0.6471536159515381
4696,0.7814885377883911
4697,0.4528159499168396
4698,0.5473447442054749
4699,0.34561625123023987
4700,0.5217254161834717
4701,0.3379468619823456
4702,0.3284045159816742
4703,0.4297502338886261
4704,0.47125357389450073
4705,0.46678584814071655
4706,0.7497214078903198
4707,0.36193662881851196
4708,0.3110959827899933
4709,0.5435686707496643
4710,0.4715432822704315
4711,0.686206042766571
4712,0.5822232961654663
4713,0.44875943660736084
4714,0.276288241147995
4715,0.2958727180957794
4716,0.291899174451828
4717,0.5294323563575745
4718,0.38517987728118896
4719,0.4772800803184509
4720,0.7320581078529358
4721,0.5321658253669739
4722,0.5886977314949036
4723,0.5425741076469421
4724,0.5425059199333191
4725,0.6876789331436157
4726,0.4459027647972107
4727,0.30526188015937805
4728,0.41893675923347473
4729,0.4187730848789215
4730,0.3079020082950592
4731,0.6476335525512695
4732,0.7031988501548767
4733,0.6035423874855042
4734,0.7073152661323547
4735,0.444341242313385
4736,0.4031054377555847
4737,0.3967645764350891
4738,0.4722009599208832
4739,0.4095897972583771
4740,0.504107654094696
4741,0.7732436656951904
4742,0.48335546255111694
4743,0.6969773173332214
4744,0.41632920503616333
4745,0.5097757577896118
4746,0.4337054193019867
4747,0.755345344543457
4748,0.40168511867523193
4749,0.6821154356002808
4750,0.3486584424972534
4751,0.29041382670402527
4752,0.26244258880615234
4753,0.49646058678627014
4754,0.5548664331436157
4755,0.6331294775009155
4756,0.7468404769897461
4757,0.4755626916885376
4758,0.3717954158782959
4759,0.443513423204422
4760,0.5368105173110962
4761,0.7301824688911438
4762,0.342695027589798
4763,0.5662155747413635
4764,0.4221509099006653
4765,0.18720129132270813
4766,0.7552481889724731
4767,0.5019446611404419
4768,0.46781858801841736
4769,0.5179669260978699
4770,0.43648943305015564
4771,0.7520451545715332
4772,0.34076663851737976
4773,0.642349898815155
4774,0.46372345089912415
4775,0.4077933728694916
4776,0.7207880616188049
4777,0.6636306643486023
4778,0.6461781859397888
4779,0.6241340637207031
4780,0.7365192770957947
4781,0.193700909614563
4782,0.366595983505249
4783,0.5623035430908203
4784,0.47044384479522705
4785,0.3569699227809906
4786,0.4536980092525482
4787,0.3062911927700043
4788,0.394970566034317
4789,0.32897019386291504
4790,0.5226435661315918
4791,0.5502745509147644
4792,0.45146074891090393
4793,0.3174833357334137
4794,0.5296518206596375
4795,0.4687797725200653
4796,0.6617804765701294
4797,0.6233155131340027
4798,0.47141382098197937
4799,0.4312962591648102
4800,0.4559424817562103
4801,0.44776126742362976
4802,0.6321847438812256
4803,0.47450312972068787
4804,0.4356573820114136
4805,0.5282365679740906
4806,0.4482647478580475
4807,0.6195948123931885
4808,0.5287135243415833
4809,0.5799676775932312
4810,0.6768938899040222
4811,0.4363495707511902
4812,0.7642576694488525
4813,0.5046882033348083
4814,0.6056568622589111
4815,0.32464709877967834
4816,0.4646013081073761
4817,0.5029736757278442
4818,0.7293057441711426
4819,0.31656697392463684
4820,0.3281523287296295
4821,0.28355148434638977
4822,0.43571919202804565
4823,0.530449390411377
4824,0.6951743960380554
4825,0.32580751180648804
4826,0.41386061906814575
4827,0.6549589037895203
4828,0.44936931133270264
4829,0.5080694556236267
4830,0.779992938041687
4831,0.30111321806907654
4832,0.321032851934433
4833,0.2305934578180313
4834,0.6783981323242188
4835,0.5924261808395386
4836,0.6133585572242737
4837,0.5780742764472961
4838,0.5150532126426697
4839,0.4388345777988434
4840,0.41957366466522217
4841,0.49681344628334045
4842,0.4256541430950165
4843,0.3960046172142029
4844,0.5672919750213623
4845,0.6354901194572449
4846,0.5226081013679504
4847,0.5285353064537048
4848,0.38970687985420227
4849,0.733176052570343
4850,0.43658116459846497
4851,0.556692361831665
4852,0.3807176649570465
4853,0.3017112910747528
4854,0.3859125077724457
4855,0.42883992195129395
4856,0.8003336787223816
4857,0.5219886302947998
4858,0.4636136591434479
4859,0.28549355268478394
4860,0.2945108115673065
4861,0.24873146414756775
4862,0.24371573328971863
4863,0.3097042441368103
4864,0.4092932641506195
4865,0.4529244601726532
4866,0.45771846175193787
4867,0.4072190225124359
4868,0.46617138385772705
4869,0.6294975280761719
4870,0.5949379205703735
4871,0.7702805399894714
4872,0.22065852582454681
4873,0.5990042090415955
4874,0.2882159650325775
4875,0.44909295439720154
4876,0.3402719795703888
4877,0.3272700905799866
4878,0.49456170201301575
4879,0.4096543490886688
4880,0.4195273816585541
4881,0.2615591287612915
4882,0.4605804979801178
4883,0.7747243642807007
4884,0.6089030504226685
4885,0.7650481462478638
4886,0.5469996333122253
4887,0.3700239062309265
4888,0.29326820373535156
4889,0.6241569519042969
4890,0.33246901631355286
4891,0.5399184226989746
4892,0.5263242125511169
4893,0.4965117573738098
4894,0.7519949078559875
4895,0.7491276860237122
4896,0.5707837343215942
4897,0.4310302734375
4898,0.30704301595687866
4899,0.4150222837924957
4900,0.48917868733406067
4901,0.5731521844863892
4902,0.4004884660243988
4903,0.5264084935188293
4904,0.44698718190193176
4905,0.6128262281417847
4906,0.5978973507881165
4907,0.2568797171115875
4908,0.4401213228702545
4909,0.3878934383392334
4910,0.46923843026161194
4911,0.3983924984931946
4912,0.41413965821266174
4913,0.46730950474739075
4914,0.659773588180542
4915,0.22936129570007324
4916,0.41852056980133057
4917,0.467109352350235
4918,0.7681867480278015
4919,0.5701524615287781
4920,0.4404628872871399
4921,0.40534844994544983
4922,0.5359429121017456
4923,0.73337721824646
4924,0.5455320477485657
4925,0.18446817994117737
4926,0.6361001133918762
4927,0.6187647581100464
4928,0.3599853515625
4929,0.46958479285240173
4930,0.700806736946106
4931,0.5129911303520203
4932,0.7043429017066956
4933,0.46207350492477417
4934,0.47431811690330505
4935,0.607763946056366
4936,0.7657554745674133
4937,0.679704487323761
4938,0.6252992153167725
4939,0.5918388366699219
4940,0.3662321865558624
4941,0.5942696332931519
4942,0.753612220287323
4943,0.7066372632980347
4944,0.5082222819328308
4945,0.4225849509239197
4946,0.44073736667633057
4947,0.5735659003257751
4948,0.7906583547592163
4949,0.32744157314300537
4950,0.646609902381897
4951,0.45139768719673157
4952,0.7462353110313416
4953,0.6405600905418396
4954,0.23302341997623444
4955,0.45884498953819275
4956,0.4036308228969574
4957,0.2666454613208771
4958,0.6095374226570129
4959,0.4778347313404083
4960,0.48307737708091736
4961,0.3345946967601776
4962,0.7727184295654297
4963,0.4547242224216461
4964,0.5224080085754395
4965,0.30806437134742737
4966,0.27204927802085876
4967,0.4736245274543762
4968,0.4792945384979248
4969,0.7747451066970825
4970,0.6182878613471985
4971,0.7820562720298767
4972,0.24479326605796814
4973,0.7459101676940918
4974,0.501801609992981
4975,0.40366441011428833
4976,0.36960864067077637
4977,0.2947596609592438
4978,0.42587557435035706
4979,0.6705572009086609
4980,0.3678341209888458
4981,0.5189205408096313
4982,0.7101104855537415
4983,0.7697548866271973
4984,0.7720667123794556
4985,0.48505979776382446
4986,0.46003249287605286
4987,0.4320342540740967
4988,0.6136210560798645
4989,0.17048552632331848
4990,0.47024786472320557
4991,0.4562801420688629
4992,0.7675032615661621
4993,0.4561384916305542
4994,0.46269530057907104
4995,0.2113652527332306
4996,0.5018433332443237
4997,0.4561004936695099
4998,0.6036432385444641
4999,0.4711020588874817
5000,0.24632805585861206
5001,0.5299206376075745
5002,0.18394199013710022
5003,0.6056267619132996
5004,0.5438922643661499
5005,0.4772680997848511
5006,0.5582085251808167
5007,0.5060170292854309
5008,0.35262975096702576
5009,0.3528655171394348
5010,0.6690513491630554
5011,0.6176979541778564
5012,0.5573023557662964
5013,0.41107669472694397
5014,0.6892983317375183
5015,0.6904994249343872
5016,0.48261645436286926
5017,0.4643287658691406
5018,0.4462929368019104
5019,0.4188429117202759
5020,0.4562150239944458
5021,0.5551442503929138
5022,0.29066821932792664
5023,0.2808404862880707
5024,0.4021206498146057
5025,0.15576550364494324
5026,0.6897751688957214
5027,0.49993211030960083
5028,0.773157000541687
5029,0.5232575535774231
5030,0.28204748034477234
5031,0.43659454584121704
5032,0.5012419819831848
5033,0.6516515612602234
5034,0.32751211524009705
5035,0.32689738273620605
5036,0.5220942497253418
5037,0.7631992697715759
5038,0.40961599349975586
5039,0.6874528527259827
5040,0.2967289090156555
5041,0.6430582404136658
5042,0.5018033981323242
5043,0.4453034996986389
5044,0.5401430726051331
5045,0.6279911398887634
5046,0.4882616698741913
5047,0.38567498326301575
5048,0.2958470284938812
5049,0.3520762622356415
5050,0.4007306396961212
5051,0.40775468945503235
5052,0.3314240276813507
5053,0.7551473379135132
5054,0.1804656684398651
5055,0.5233588218688965
5056,0.5707517266273499
5057,0.5079396367073059
5058,0.2302498072385788
5059,0.5865697860717773
5060,0.4692704975605011
5061,0.6855747103691101
5062,0.47897693514823914
5063,0.423732727766037
5064,0.46788111329078674
5065,0.311144083738327
5066,0.6217287182807922
5067,0.4030206501483917
5068,0.529891312122345
5069,0.4843291640281677
5070,0.6102113723754883
5071,0.7733673453330994
5072,0.769866943359375
5073,0.4558411240577698
5074,0.46362099051475525
5075,0.6391004323959351
5076,0.4535123109817505
5077,0.7144768834114075
5078,0.2726864516735077
5079,0.4085196554660797
5080,0.25948965549468994
5081,0.3307167887687683
5082,0.4493336081504822
5083,0.7472104430198669
5084,0.3600784242153168
5085,0.2959538698196411
5086,0.370595782995224
5087,0.22171929478645325
5088,0.763878345489502
5089,0.4048405587673187
5090,0.4803611934185028
5091,0.7008975148200989
5092,0.3509044349193573
5093,0.49902769923210144
5094,0.5366370677947998
5095,0.5976300835609436
5096,0.35871145129203796
5097,0.4072471559047699
5098,0.36745485663414
5099,0.3786965310573578
5100,0.5936465859413147
5101,0.5457035899162292
5102,0.3137763440608978
5103,0.40836238861083984
5104,0.2691539227962494
5105,0.7658024430274963
5106,0.49779409170150757
5107,0.3689154386520386
5108,0.4487130343914032
5109,0.7378253936767578
5110,0.44804856181144714
5111,0.6302338242530823
5112,0.65434730052948
5113,0.6707324385643005
5114,0.4339190423488617
5115,0.5818714499473572
5116,0.3800772726535797
5117,0.46079641580581665
5118,0.4798526465892792
5119,0.539388120174408
5120,0.6669486165046692
5121,0.4093996584415436
5122,0.5793571472167969
5123,0.48974525928497314
5124,0.3967845141887665
5125,0.4330618679523468
5126,0.321399062871933
5127,0.7757936716079712
5128,0.5212823748588562
5129,0.3315950334072113
5130,0.4407994747161865
5131,0.5715503096580505
5132,0.5979189872741699
5133,0.7146563529968262
5134,0.4371580183506012
5135,0.43350735306739807
5136,0.5166993141174316
5137,0.6383870244026184
5138,0.42131567001342773
5139,0.7673580050468445
5140,0.39839082956314087
5141,0.4175218641757965
5142,0.4536167085170746
5143,0.30335837602615356
5144,0.585523247718811
5145,0.6974802613258362
5146,0.44563671946525574
5147,0.5538272261619568
5148,0.4744323492050171
5149,0.4556347131729126
5150,0.3032398819923401
5151,0.4694308340549469
5152,0.4348020553588867
5153,0.4258025586605072
5154,0.46771302819252014
5155,0.7033016085624695
5156,0.3543381989002228
5157,0.6783343553543091
5158,0.23713189363479614
5159,0.7373747229576111
5160,0.6472479104995728
5161,0.5928804278373718
5162,0.5696637034416199
5163,0.3336178958415985
5164,0.6699408888816833
5165,0.5796515941619873
5166,0.2998582124710083
5167,0.5923327207565308
5168,0.7808027863502502
5169,0.5147348046302795
5170,0.5009785890579224
5171,0.4557265043258667
5172,0.599732518196106
5173,0.4273897111415863
5174,0.5180111527442932
5175,0.40921998023986816
5176,0.5621814727783203
5177,0.46789294481277466
5178,0.4616298973560333
5179,0.29052919149398804
5180,0.45320338010787964
5181,0.45766034722328186
5182,0.2871503233909607
5183,0.3944999575614929
5184,0.3719920516014099
5185,0.5031416416168213
5186,0.23321077227592468
5187,0.5708310008049011
5188,0.5564753413200378
5189,0.29696163535118103
5190,0.5466092824935913
5191,0.7358282804489136
5192,0.44539859890937805
5193,0.6510226726531982
5194,0.42386263608932495
5195,0.3406311571598053
5196,0.4664497375488281
5197,0.7203430533409119
5198,0.6565923094749451
5199,0.3673717677593231
5200,0.7747894525527954
5201,0.18391402065753937
5202,0.472086638212204
5203,0.6093990802764893
5204,0.5226476192474365
5205,0.5227072238922119
5206,0.4615321457386017
5207,0.3691815435886383
5208,0.4423777461051941
5209,0.2468404769897461
5210,0.47364169359207153
5211,0.6536769866943359
5212,0.2479604035615921
5213,0.24670320749282837
5214,0.44995132088661194
5215,0.3286782205104828
5216,0.2747313678264618
5217,0.43410810828208923
5218,0.7802867293357849
5219,0.23789452016353607
5220,0.6503846645355225
5221,0.4152512550354004
5222,0.40838292241096497
5223,0.4513688385486603
5224,0.36741185188293457
5225,0.4707430601119995
5226,0.4735325276851654
5227,0.4877264201641083
5228,0.6484262943267822
5229,0.49476417899131775
5230,0.43024465441703796
5231,0.3043064773082733
5232,0.6141089200973511
5233,0.26841357350349426
5234,0.40441110730171204
5235,0.5025730729103088
5236,0.4850252866744995
5237,0.41995468735694885
5238,0.5422437787055969
5239,0.38346439599990845
5240,0.48487064242362976
5241,0.5211154222488403
5242,0.6799511313438416
5243,0.35945767164230347
5244,0.7668458223342896
5245,0.46110424399375916
5246,0.6798978447914124
5247,0.5322938561439514
5248,0.5963678956031799
5249,0.6591538786888123
5250,0.43935808539390564
5251,0.7614777088165283
5252,0.4331812858581543
5253,0.4038856029510498
5254,0.7700701951980591
5255,0.7661597728729248
5256,0.3439478278160095
5257,0.7539443373680115
5258,0.23298706114292145
5259,0.441135972738266
5260,0.4224012792110443
5261,0.4484225809574127
5262,0.4579225182533264
5263,0.6235438585281372
5264,0.318729966878891
5265,0.23660272359848022
5266,0.4131701588630676
5267,0.33464351296424866
5268,0.4191141128540039
5269,0.543282687664032
5270,0.3791089653968811
5271,0.5830669403076172
5272,0.6358848810195923
5273,0.4727115035057068
5274,0.29748061299324036
5275,0.3243875503540039
5276,0.30795708298683167
5277,0.46118271350860596
5278,0.4975234866142273
5279,0.5526894927024841
5280,0.5900213122367859
5281,0.7757043838500977
5282,0.689174473285675
5283,0.46196165680885315
5284,0.5128921866416931
5285,0.6774224042892456
5286,0.7705209851264954
5287,0.3025299608707428
5288,0.349653035402298
5289,0.44104135036468506
5290,0.47506430745124817
5291,0.41186830401420593
5292,0.5140479207038879
5293,0.4758020341396332
5294,0.7335485219955444
5295,0.5622673034667969
5296,0.5526710152626038
5297,0.3285968601703644
5298,0.5210936069488525
5299,0.31025591492652893
5300,0.37759387493133545
5301,0.7781866788864136
5302,0.5071613788604736
5303,0.6468624472618103
5304,0.5810238122940063
5305,0.3742576539516449
5306,0.27505558729171753
5307,0.4819871783256531
5308,0.4126846194267273
5309,0.4326726496219635
5310,0.6060677170753479
5311,0.749382495880127
5312,0.3011137545108795
5313,0.5069395899772644
5314,0.48130807280540466
5315,0.6121856570243835
5316,0.4695936441421509
5317,0.3184329867362976
5318,0.764382004737854
5319,0.38944104313850403
5320,0.47396165132522583
5321,0.19786888360977173
5322,0.3009428083896637
5323,0.30544009804725647
5324,0.425144225358963
5325,0.5742841362953186
5326,0.4441874623298645
5327,0.4043438732624054
5328,0.4745502173900604
5329,0.5489121079444885
5330,0.7598477602005005
5331,0.47250252962112427
5332,0.6517165303230286
5333,0.578724205493927
5334,0.7877561450004578
5335,0.5319592952728271
5336,0.3298061490058899
5337,0.7811992168426514
5338,0.47062191367149353
5339,0.5221471786499023
5340,0.7356967329978943
5341,0.4509034752845764
5342,0.4299323856830597
5343,0.41688647866249084
5344,0.7717042565345764
5345,0.5479417443275452
5346,0.6835683584213257
5347,0.4803634583950043
5348,0.6431911587715149
5349,0.6029613018035889
5350,0.47654640674591064
5351,0.3753511309623718
5352,0.5521174073219299
5353,0.4645037055015564
5354,0.3317335844039917
5355,0.7189103960990906
5356,0.6159417033195496
5357,0.47820478677749634
5358,0.253988653421402
5359,0.3379851281642914
5360,0.6017001867294312
5361,0.7183258533477783
5362,0.3213815987110138
5363,0.49487394094467163
5364,0.4507983326911926
5365,0.4632512032985687
5366,0.36452651023864746
5367,0.5959588885307312
5368,0.3534839153289795
5369,0.248063325881958
5370,0.5513594746589661
5371,0.1999649554491043
5372,0.43980297446250916
5373,0.4397985637187958
5374,0.4766779839992523
5375,0.3375568687915802
5376,0.43069300055503845
5377,0.7218179106712341
5378,0.4690357744693756
5379,0.5381808876991272
5380,0.47934168577194214
5381,0.5230719447135925
5382,0.4088115096092224
5383,0.7464579343795776
5384,0.4665347635746002
5385,0.39406999945640564
5386,0.5118359923362732
5387,0.45491671562194824
5388,0.7382577061653137
5389,0.3875002861022949
5390,0.6205148696899414
5391,0.4422101378440857
5392,0.45749661326408386
5393,0.5471729636192322
5394,0.47105661034584045
5395,0.280320942401886
5396,0.7056201100349426
5397,0.7307491302490234
5398,0.5913568139076233
5399,0.6927801370620728
5400,0.37726882100105286
5401,0.44196614623069763
5402,0.4791364371776581
5403,0.2182246893644333
5404,0.6657711267471313
5405,0.4172022044658661
5406,0.6389378905296326
5407,0.4878499507904053
5408,0.7916333675384521
5409,0.6358380913734436
5410,0.3739835321903229
5411,0.677531898021698
5412,0.6194964051246643
5413,0.7801207304000854
5414,0.5175951719284058
5415,0.21041153371334076
5416,0.16795487701892853
5417,0.7489346861839294
5418,0.2792518436908722
5419,0.37665048241615295
5420,0.529967188835144
5421,0.5473439693450928
5422,0.34037530422210693
5423,0.49596118927001953
5424,0.595941424369812
5425,0.33362698554992676
5426,0.5769062638282776
5427,0.5907860994338989
5428,0.41890445351600647
5429,0.35235947370529175
5430,0.42700710892677307
5431,0.5166346430778503
5432,0.5310989618301392
5433,0.2363431751728058
5434,0.7819221615791321
5435,0.5126610994338989
5436,0.5180414915084839
5437,0.4262387454509735
5438,0.420805960893631
5439,0.35886484384536743
5440,0.45472031831741333
5441,0.6158515214920044
5442,0.4362156093120575
5443,0.3487752377986908
5444,0.21787479519844055
5445,0.5863431692123413
5446,0.37099623680114746
5447,0.6746323108673096
5448,0.5090630054473877
5449,0.4763326346874237
5450,0.3057043254375458
5451,0.4525650441646576
5452,0.21726445853710175
5453,0.6817635893821716
5454,0.3378990590572357
5455,0.7646307349205017
5456,0.48856043815612793
5457,0.7653554677963257
5458,0.3543706238269806
5459,0.42277488112449646
5460,0.5495668053627014
5461,0.6759166121482849
5462,0.43168357014656067
5463,0.25432726740837097
5464,0.5465837121009827
5465,0.3929801285266876
5466,0.6753051280975342
5467,0.5374206304550171
5468,0.25083330273628235
5469,0.5556952953338623
5470,0.7482364773750305
5471,0.30542638897895813
5472,0.42658254504203796
5473,0.5502479076385498
5474,0.5858373045921326
5475,0.551723301410675
5476,0.5442754626274109
5477,0.607338547706604
5478,0.34955504536628723
5479,0.7525903582572937
5480,0.4047735929489136
5481,0.5264883637428284
5482,0.6732839941978455
5483,0.6765090227127075
5484,0.49425891041755676
5485,0.5397103428840637
5486,0.5223976969718933
5487,0.741386353969574
5488,0.5742956399917603
5489,0.4428134560585022
5490,0.7688758373260498
5491,0.5617163777351379
5492,0.44907960295677185
5493,0.5626762509346008
5494,0.511217474937439
5495,0.26122355461120605
5496,0.4516967236995697
5497,0.527417778968811
5498,0.532996416091919
5499,0.3925820589065552
5500,0.6373419761657715
5501,0.3350810110569
5502,0.3839573562145233
5503,0.288241982460022
5504,0.6944551467895508
5505,0.4522031843662262
5506,0.46955928206443787
5507,0.6201823949813843
5508,0.40834569931030273
5509,0.6036226749420166
5510,0.7084989547729492
5511,0.751677930355072
5512,0.4515940248966217
5513,0.4435671269893646
5514,0.4315725266933441
5515,0.42997244000434875
5516,0.5436081886291504
5517,0.5046859979629517
5518,0.4034733176231384
5519,0.493558794260025
5520,0.3827630281448364
5521,0.7503345012664795
5522,0.45119592547416687
5523,0.6397045850753784
5524,0.30124762654304504
5525,0.2894185483455658
5526,0.7849488258361816
5527,0.21165913343429565
5528,0.5781895518302917
5529,0.17571845650672913
5530,0.7797956466674805
5531,0.41793277859687805
5532,0.49292096495628357
5533,0.466856449842453
5534,0.6006669402122498
5535,0.7587882280349731
5536,0.39845946431159973
5537,0.33759355545043945
5538,0.3554743528366089
5539,0.6083983778953552
5540,0.5622949004173279
5541,0.4459461271762848
5542,0.5693338513374329
5543,0.46642041206359863
5544,0.41178861260414124
5545,0.5773071646690369
5546,0.34957408905029297
5547,0.6627873778343201
5548,0.48288679122924805
5549,0.35931396484375
5550,0.7538605332374573
5551,0.5076041221618652
5552,0.7090945243835449
5553,0.3311866819858551
5554,0.7018402218818665
5555,0.40521910786628723
5556,0.6525887250900269
5557,0.39269164204597473
5558,0.6963490843772888
5559,0.7722156047821045
5560,0.7716470956802368
5561,0.7035835385322571
5562,0.1927807331085205
5563,0.5469514727592468
5564,0.36059239506721497
5565,0.4548894762992859
5566,0.3472011983394623
5567,0.16764986515045166
5568,0.6847262382507324
5569,0.21067404747009277
5570,0.3202836215496063
5571,0.5881201028823853
5572,0.3895025849342346
5573,0.5751115679740906
5574,0.6664249897003174
5575,0.5598054528236389
5576,0.25770339369773865
5577,0.577370822429657
5578,0.37913522124290466
5579,0.4627446234226227
5580,0.24313285946846008
5581,0.4767035245895386
5582,0.5527010560035706
5583,0.4402196407318115
5584,0.5392652750015259
5585,0.30756279826164246
5586,0.6132084727287292
5587,0.6277968287467957
5588,0.7727037072181702
5589,0.38152381777763367
5590,0.42777952551841736
5591,0.6533536314964294
5592,0.47308826446533203
5593,0.7706403136253357
5594,0.4197936952114105
5595,0.32668623328208923
5596,0.5922784209251404
5597,0.6941342353820801
5598,0.6656959652900696
5599,0.31493231654167175
5600,0.6082074046134949
5601,0.7745833396911621
5602,0.5976107120513916
5603,0.40985897183418274
5604,0.6221916079521179
5605,0.32493022084236145
5606,0.6694377660751343
5607,0.46938133239746094
5608,0.4821113646030426
5609,0.770800769329071
5610,0.7512259483337402
5611,0.6071042418479919
5612,0.5512656569480896
5613,0.5017968416213989
5614,0.5600002408027649
5615,0.5650351643562317
5616,0.4567723870277405
5617,0.5847670435905457
5618,0.4230812191963196
5619,0.38184425234794617
5620,0.6921592354774475
5621,0.32696470618247986
5622,0.46819424629211426
5623,0.6764401197433472
5624,0.6987649202346802
5625,0.45282700657844543
5626,0.5470787286758423
5627,0.4375495910644531
5628,0.48164212703704834
5629,0.3351180851459503
5630,0.3509896695613861
5631,0.5150185227394104
5632,0.4957164525985718
5633,0.6485492587089539
5634,0.5245155692100525
5635,0.3796398937702179
5636,0.3636656701564789
5637,0.4561433792114258
5638,0.31630346179008484
5639,0.5383991599082947
5640,0.6009145975112915
5641,0.452010840177536
5642,0.5060520768165588
5643,0.5707960724830627
5644,0.6943637132644653
5645,0.47819262742996216
5646,0.3737489879131317
5647,0.4806533753871918
5648,0.5188219547271729
5649,0.6173055171966553
5650,0.2950163185596466
5651,0.2270447164773941
5652,0.46714597940444946
5653,0.2624528706073761
5654,0.7821183204650879
5655,0.7594355344772339
5656,0.7184783220291138
5657,0.4532195031642914
5658,0.6462836265563965
5659,0.7506070733070374
5660,0.5061954259872437
5661,0.5929857492446899
5662,0.38275954127311707
5663,0.3207051753997803
5664,0.5024998784065247
5665,0.6601274013519287
5666,0.5034594535827637
5667,0.5110396146774292
5668,0.5984213352203369
5669,0.5289559960365295
5670,0.3072211444377899
5671,0.7823824882507324
5672,0.21300937235355377
5673,0.6929474472999573
5674,0.45300015807151794
5675,0.6120839715003967
5676,0.3301214575767517
5677,0.18286505341529846
5678,0.3419325053691864
5679,0.5386286973953247
5680,0.27169016003608704
5681,0.3480004668235779
5682,0.7283679842948914
5683,0.5807632803916931
5684,0.5574763417243958
5685,0.7053460478782654
5686,0.446562260389328
5687,0.3693150579929352
5688,0.5698595643043518
5689,0.37897351384162903
5690,0.5294389128684998
5691,0.24171102046966553
5692,0.697583019733429
5693,0.5415896773338318
5694,0.39927467703819275
5695,0.42494818568229675
5696,0.5748435854911804
5697,0.7591735124588013
5698,0.33626487851142883
5699,0.3179512619972229
5700,0.43977710604667664
5701,0.5856145620346069
5702,0.3957795202732086
5703,0.6900870203971863
5704,0.6781271696090698
5705,0.44044384360313416
5706,0.4620218575000763
5707,0.5421931147575378
5708,0.5891857147216797
5709,0.4517108201980591
5710,0.617946982383728
5711,0.42551225423812866
5712,0.32158222794532776
5713,0.5699358582496643
5714,0.5044353604316711
5715,0.5047095417976379
5716,0.4649687707424164
5717,0.6813188791275024
5718,0.4775089621543884
5719,0.5242787003517151
5720,0.4716935455799103
5721,0.4053269326686859
5722,0.28088757395744324
5723,0.604196310043335
5724,0.6395729184150696
5725,0.48286861181259155
5726,0.6208710670471191
5727,0.6985867619514465
5728,0.7653535008430481
5729,0.5464282631874084
5730,0.3594493567943573
5731,0.717634379863739
5732,0.34530892968177795
5733,0.5944138169288635
5734,0.48531022667884827
5735,0.4592342972755432
5736,0.3985270857810974
5737,0.32294654846191406
5738,0.5877208113670349
5739,0.45722219347953796
5740,0.23911449313163757
5741,0.4682803750038147
5742,0.5840960144996643
5743,0.6324638724327087
5744,0.6299912333488464
5745,0.7615034580230713
5746,0.5658655762672424
5747,0.331375390291214
5748,0.7469882369041443
5749,0.45621299743652344
5750,0.7417471408843994
5751,0.483873575925827
5752,0.3771487772464752
5753,0.5900705456733704
5754,0.14373311400413513
5755,0.44343653321266174
5756,0.7701048851013184
5757,0.7144679427146912
5758,0.4041546881198883
5759,0.47647419571876526
5760,0.33890268206596375
5761,0.24299685657024384
5762,0.566432774066925
5763,0.6269282698631287
5764,0.5543278455734253
5765,0.45666858553886414
5766,0.5220960974693298
5767,0.6738571524620056
5768,0.45574215054512024
5769,0.431183785200119
5770,0.30734914541244507
5771,0.5065383911132812
5772,0.7719431519508362
5773,0.43964532017707825
5774,0.6314738392829895
5775,0.41641965508461
5776,0.3019777834415436
5777,0.32923153042793274
5778,0.7267855405807495
5779,0.440900981426239
5780,0.7607259154319763
5781,0.651534914970398
5782,0.3332761228084564
5783,0.7742001414299011
5784,0.46552661061286926
5785,0.4415614604949951
5786,0.39824315905570984
5787,0.5629286766052246
5788,0.6702190041542053
5789,0.6831339597702026
5790,0.3816014528274536
5791,0.3041956126689911
5792,0.6821372509002686
5793,0.48213818669319153
5794,0.20450691878795624
5795,0.4639039635658264
5796,0.21022681891918182
5797,0.7485275268554688
5798,0.7642160058021545
5799,0.41690269112586975
5800,0.5054259300231934
5801,0.5224996209144592
5802,0.7898151874542236
5803,0.38668423891067505
5804,0.4795505702495575
5805,0.6093724370002747
5806,0.42391058802604675
5807,0.7787550091743469
5808,0.5086507797241211
5809,0.28666815161705017
5810,0.516611635684967
5811,0.4936152696609497
5812,0.6642792224884033
5813,0.46357932686805725
5814,0.47701770067214966
5815,0.50743567943573
5816,0.6774768829345703
5817,0.3069632351398468
5818,0.4082362949848175
5819,0.46145904064178467
5820,0.7293153405189514
5821,0.4959911108016968
5822,0.628067672252655
5823,0.2626686990261078
5824,0.6400406360626221
5825,0.6378411054611206
5826,0.5087569355964661
5827,0.5489619374275208
5828,0.6141575574874878
5829,0.6021564602851868
5830,0.7143588662147522
5831,0.35167473554611206
5832,0.44546055793762207
5833,0.6066057085990906
5834,0.5388279557228088
5835,0.45011189579963684
5836,0.6639767289161682
5837,0.47054216265678406
5838,0.21595440804958344
5839,0.7418015599250793
5840,0.3352944552898407
5841,0.5102831721305847
5842,0.5166798233985901
5843,0.5712562799453735
5844,0.22076213359832764
5845,0.38960030674934387
5846,0.2607437074184418
5847,0.5214273929595947
5848,0.3647625148296356
5849,0.636978805065155
5850,0.5837773680686951
5851,0.2847689092159271
5852,0.4668360650539398
5853,0.5358238220214844
5854,0.7692305445671082
5855,0.545220136642456
5856,0.602432131767273
5857,0.5734262466430664
5858,0.6252396702766418
5859,0.5279878973960876
5860,0.5076364874839783
5861,0.6582399606704712
5862,0.41338402032852173
5863,0.6983755826950073
5864,0.314391165971756
5865,0.5478633642196655
5866,0.5047480463981628
5867,0.5841445922851562
5868,0.44486886262893677
5869,0.4408704936504364
5870,0.39772525429725647
5871,0.7494783997535706
5872,0.3327232599258423
5873,0.5265142321586609
5874,0.27527791261672974
5875,0.6227272748947144
5876,0.49215394258499146
5877,0.58156418800354
5878,0.7623903155326843
5879,0.31353381276130676
5880,0.60189288854599
5881,0.4508861005306244
5882,0.3745720684528351
5883,0.7161059379577637
5884,0.5617109537124634
5885,0.4742150604724884
5886,0.36833280324935913
5887,0.4660359025001526
5888,0.6036837697029114
5889,0.6161305904388428
5890,0.5064737200737
5891,0.6516146063804626
5892,0.5749825239181519
5893,0.2816784679889679
5894,0.506971001625061
5895,0.5282784700393677
5896,0.788346529006958
5897,0.3726121783256531
5898,0.645510733127594
5899,0.69810950756073
5900,0.419451504945755
5901,0.7701146602630615
5902,0.4291064441204071
5903,0.6288367509841919
5904,0.6519452333450317
5905,0.48956748843193054
5906,0.4479627013206482
5907,0.6422390937805176
5908,0.3396475613117218
5909,0.7661610245704651
5910,0.4751197397708893
5911,0.746855616569519
5912,0.7499812245368958
5913,0.7608250975608826
5914,0.4351404905319214
5915,0.5924674272537231
5916,0.42345157265663147
5917,0.3093406856060028
5918,0.6908820867538452
5919,0.487591415643692
5920,0.27479371428489685
5921,0.3165477514266968
5922,0.752701997756958
5923,0.5008866786956787
5924,0.7601431012153625
5925,0.5423257350921631
5926,0.354207843542099
5927,0.5597863793373108
5928,0.4438714385032654
5929,0.5711057782173157
5930,0.23327228426933289
5931,0.2227296382188797
5932,0.4706343114376068
5933,0.3572927713394165
5934,0.7243137359619141
5935,0.23526431620121002
5936,0.4369436502456665
5937,0.5552735328674316
5938,0.19974012672901154
5939,0.4000113010406494
5940,0.6834968328475952
5941,0.6257696747779846
5942,0.430754154920578
5943,0.3088248670101166
5944,0.6237478852272034
5945,0.48975852131843567
5946,0.3372684717178345
5947,0.35382112860679626
5948,0.3727147579193115
5949,0.3440506160259247
5950,0.46199238300323486
5951,0.7549708485603333
5952,0.6913881301879883
5953,0.35642221570014954
5954,0.6191683411598206
5955,0.5453853607177734
5956,0.4120982587337494
5957,0.7557147145271301
5958,0.6544467806816101
5959,0.34797903895378113
5960,0.20491249859333038
5961,0.31965893507003784
5962,0.3607794940471649
5963,0.3275427520275116
5964,0.535392165184021
5965,0.5247012376785278
5966,0.5980911254882812
5967,0.4726131856441498
5968,0.3860345482826233
5969,0.4506923258304596
5970,0.3138960301876068
5971,0.5307687520980835
5972,0.594416081905365
5973,0.754093587398529
5974,0.5203642845153809
5975,0.6315866112709045
5976,0.4763997495174408
5977,0.34579113125801086
5978,0.25965461134910583
5979,0.3992072641849518
5980,0.4403333365917206
5981,0.4507983922958374
5982,0.7119840383529663
5983,0.7190144062042236
5984,0.4585547149181366
5985,0.7003286480903625
5986,0.5513778328895569
5987,0.43423524498939514
5988,0.3341831564903259
5989,0.7756896018981934
5990,0.40962401032447815
5991,0.2719775438308716
5992,0.22305607795715332
5993,0.3511549234390259
5994,0.6318694353103638
5995,0.6072144508361816
5996,0.29645493626594543
5997,0.7834351062774658
5998,0.47868725657463074
5999,0.33467862010002136
6000,0.4975535273551941
6001,0.537499189376831
6002,0.7601429224014282
6003,0.38113948702812195
6004,0.49526628851890564
6005,0.5880692601203918
6006,0.794610857963562
6007,0.6256936192512512
6008,0.2768770754337311
6009,0.6214291453361511
6010,0.4998193085193634
6011,0.47472718358039856
6012,0.4773237407207489
6013,0.4863584637641907
6014,0.54647296667099
6015,0.3886125981807709
6016,0.47336408495903015
6017,0.46935296058654785
6018,0.5303232669830322
6019,0.3254247009754181
6020,0.6014472842216492
6021,0.7616056203842163
6022,0.46705830097198486
6023,0.789069414138794
6024,0.286093533039093
6025,0.3425612151622772
6026,0.5257111191749573
6027,0.47709470987319946
6028,0.3231576681137085
6029,0.6433851718902588
6030,0.2669219970703125
6031,0.28615042567253113
6032,0.42001858353614807
6033,0.6206731200218201
6034,0.7690596580505371
6035,0.47042009234428406
6036,0.5204783082008362
6037,0.40251800417900085
6038,0.6751214265823364
6039,0.6330101490020752
6040,0.28042927384376526
6041,0.21689799427986145
6042,0.3125189542770386
6043,0.3865765631198883
6044,0.7720342874526978
6045,0.5269736051559448
6046,0.44972163438796997
6047,0.35343143343925476
6048,0.3805602490901947
6049,0.6542870402336121
6050,0.677528977394104
6051,0.5040368437767029
6052,0.6507121920585632
6053,0.2578435242176056
6054,0.7750000953674316
6055,0.4333394169807434
6056,0.5024860501289368
6057,0.3857401907444
6058,0.580499529838562
6059,0.5379294157028198
6060,0.7710667252540588
6061,0.7525221705436707
6062,0.18102389574050903
6063,0.45224571228027344
6064,0.37988927960395813
6065,0.3324126899242401
6066,0.5140447020530701
6067,0.765832245349884
6068,0.7150580883026123
6069,0.7083253264427185
6070,0.254406601190567
6071,0.6161440014839172
6072,0.3178989589214325
6073,0.7898464202880859
6074,0.502260684967041
6075,0.27658748626708984
6076,0.6105181574821472
6077,0.4434528648853302
6078,0.602681040763855
6079,0.5807653665542603
6080,0.6708681583404541
6081,0.5626384019851685
6082,0.43850594758987427
6083,0.3410797119140625
6084,0.6341395974159241
6085,0.4491693377494812
6086,0.6698489189147949
6087,0.4054851830005646
6088,0.6730531454086304
6089,0.457981139421463
6090,0.5029517412185669
6091,0.36313554644584656
6092,0.42495185136795044
6093,0.4737986922264099
6094,0.6572884917259216
6095,0.3646524250507355
6096,0.30619022250175476
6097,0.33587396144866943
6098,0.4595734477043152
6099,0.39816713333129883
6100,0.7027645707130432
6101,0.6185057759284973
6102,0.6463170647621155
6103,0.7504079341888428
6104,0.3693559467792511
6105,0.35656464099884033
6106,0.4099363386631012
6107,0.5540385842323303
6108,0.24436944723129272
6109,0.32804837822914124
6110,0.7634388208389282
6111,0.7897658348083496
6112,0.5805771350860596
6113,0.7604349851608276
6114,0.5981461405754089
6115,0.785624086856842
6116,0.5698948502540588
6117,0.7692208290100098
6118,0.49600645899772644
6119,0.33987709879875183
6120,0.5157522559165955
6121,0.30296847224235535
6122,0.3813115656375885
6123,0.20478346943855286
6124,0.5268043875694275
6125,0.7805665731430054
6126,0.7450451254844666
6127,0.5379657745361328
6128,0.5882274508476257
6129,0.5738919973373413
6130,0.43641918897628784
6131,0.5080358386039734
6132,0.3437672555446625
6133,0.29975202679634094
6134,0.46672266721725464
6135,0.7793516516685486
6136,0.5416303873062134
6137,0.2425648719072342
6138,0.5134801268577576
6139,0.46657779812812805
6140,0.34397587180137634
6141,0.3226138651371002
6142,0.4621717035770416
6143,0.45050421357154846
6144,0.592248260974884
6145,0.2653460204601288
6146,0.5496761202812195
6147,0.5601588487625122
6148,0.42519083619117737
6149,0.3670598268508911
6150,0.31462323665618896
6151,0.2848863899707794
6152,0.6185683608055115
6153,0.3840901255607605
6154,0.27444902062416077
6155,0.3860301375389099
6156,0.4793572425842285
6157,0.7652129530906677
6158,0.2739911377429962
6159,0.48223283886909485
6160,0.409931480884552
6161,0.5856401324272156
6162,0.5290037393569946
6163,0.3627260625362396
6164,0.5591673254966736
6165,0.5498873591423035
6166,0.657747745513916
6167,0.5260660648345947
6168,0.3127301335334778
6169,0.4872974455356598
6170,0.4121096730232239
6171,0.28521600365638733
6172,0.4126609265804291
6173,0.3418140709400177
6174,0.2835983633995056
6175,0.41757023334503174
6176,0.6622766852378845
6177,0.7349261045455933
6178,0.2199687659740448
6179,0.42722079157829285
6180,0.6202425360679626
6181,0.5190722346305847
6182,0.5434308052062988
6183,0.5466166138648987
6184,0.6307491064071655
6185,0.5554413199424744
6186,0.46903207898139954
6187,0.517710268497467
6188,0.4433942437171936
6189,0.4820358157157898
6190,0.7110017538070679
6191,0.773021399974823
6192,0.4996720850467682
6193,0.49193185567855835
6194,0.4601239264011383
6195,0.48283395171165466
6196,0.3126406669616699
6197,0.6260175108909607
6198,0.5764362215995789
6199,0.3635626435279846
6200,0.3535573482513428
6201,0.7527331113815308
6202,0.29061928391456604
6203,0.37268221378326416
6204,0.3253936171531677
6205,0.78731369972229
6206,0.6493006348609924
6207,0.42200008034706116
6208,0.6022070050239563
6209,0.6639910340309143
6210,0.29924386739730835
6211,0.759190559387207
6212,0.7455347180366516
6213,0.2923484444618225
6214,0.3805135488510132
6215,0.5379100441932678
6216,0.3708072006702423
6217,0.3652168810367584
6218,0.614068865776062
6219,0.39672136306762695
6220,0.42062944173812866
6221,0.6205894947052002
6222,0.38129541277885437
6223,0.3754021227359772
6224,0.6211340427398682
6225,0.5701239705085754
6226,0.47452351450920105
6227,0.5376899242401123
6228,0.3488727807998657
6229,0.4733084738254547
6230,0.5542489886283875
6231,0.3083750903606415
6232,0.7572765350341797
6233,0.5916342735290527
6234,0.5697647929191589
6235,0.4292932152748108
6236,0.5959362387657166
6237,0.32445916533470154
6238,0.7413394451141357
6239,0.5753868222236633
6240,0.5900987982749939
6241,0.5220078229904175
6242,0.5898851752281189
6243,0.5058907866477966
6244,0.5898928046226501
6245,0.3797694742679596
6246,0.260799378156662
6247,0.28091856837272644
6248,0.4535197913646698
6249,0.24062579870224
6250,0.3921489417552948
6251,0.40487486124038696
6252,0.39340800046920776
6253,0.26631689071655273
6254,0.48633041977882385
6255,0.3041742742061615
6256,0.32770708203315735
6257,0.4929529130458832
6258,0.5862650871276855
6259,0.420818030834198
6260,0.5716022253036499
6261,0.7736301422119141
6262,0.3454328775405884
6263,0.6041085720062256
6264,0.32478463649749756
6265,0.6402963399887085
6266,0.5123135447502136
6267,0.5566058158874512
6268,0.2520095109939575
6269,0.636077344417572
6270,0.7346262335777283
6271,0.5903288125991821
6272,0.49115538597106934
6273,0.4050847589969635
6274,0.541230320930481
6275,0.4305274486541748
6276,0.6607139110565186
6277,0.3328670561313629
6278,0.20376679301261902
6279,0.24327325820922852
6280,0.53319251537323
6281,0.43334823846817017
6282,0.3415936231613159
6283,0.45848992466926575
6284,0.27832239866256714
6285,0.7642371654510498
6286,0.6429824233055115
6287,0.6025493741035461
6288,0.4835132658481598
6289,0.6006118059158325
6290,0.29817748069763184
6291,0.7299296259880066
6292,0.54024738073349
6293,0.610571563243866
6294,0.5033259391784668
6295,0.4515952467918396
6296,0.6129329800605774
6297,0.36797669529914856
6298,0.4096449017524719
6299,0.6855574250221252
6300,0.4268895387649536
6301,0.34000277519226074
6302,0.655841588973999
6303,0.5921971201896667
6304,0.7597020864486694
6305,0.64496248960495
6306,0.5399578809738159
6307,0.43717947602272034
6308,0.4998140335083008
6309,0.6280441284179688
6310,0.24655519425868988
6311,0.6139554381370544
6312,0.6292011737823486
6313,0.332743376493454
6314,0.4082326591014862
6315,0.439355731010437
6316,0.4674224853515625
6317,0.35169854760169983
6318,0.43866077065467834
6319,0.3526488244533539
6320,0.644720733165741
6321,0.38987550139427185
6322,0.22760845720767975
6323,0.23678259551525116
6324,0.28200602531433105
6325,0.24065130949020386
6326,0.5705825090408325
6327,0.7765159010887146
6328,0.5086432695388794
6329,0.189779594540596
6330,0.7015731930732727
6331,0.7419663071632385
6332,0.709936797618866
6333,0.7139524221420288
6334,0.5476457476615906
6335,0.44544950127601624
6336,0.6177383065223694
6337,0.2609829008579254
6338,0.4679497480392456
6339,0.29328882694244385
6340,0.6370823979377747
6341,0.6213945746421814
6342,0.4321761429309845
6343,0.6564591526985168
6344,0.4193321168422699
6345,0.6727209091186523
6346,0.38879385590553284
6347,0.2640683352947235
6348,0.48509225249290466
6349,0.413340300321579
6350,0.29950058460235596
6351,0.3436424136161804
6352,0.7397639155387878
6353,0.5722864270210266
6354,0.37909337878227234
6355,0.5929600596427917
6356,0.5393167734146118
6357,0.4344325065612793
6358,0.4565337598323822
6359,0.35427358746528625
6360,0.7382680177688599
6361,0.26475003361701965
6362,0.4906281530857086
6363,0.5774296522140503
6364,0.6848668456077576
6365,0.5461817979812622
6366,0.548279345035553
6367,0.4743715822696686
6368,0.47915780544281006
6369,0.27597689628601074
6370,0.6557310819625854
6371,0.7691357731819153
6372,0.443022757768631
6373,0.4647727906703949
6374,0.5878514647483826
6375,0.36471569538116455
6376,0.39611104130744934
6377,0.46919745206832886
6378,0.5151944756507874
6379,0.5349075198173523
6380,0.4066694974899292
6381,0.4129076600074768
6382,0.7447249293327332
6383,0.48139986395835876
6384,0.5475114583969116
6385,0.543823778629303
6386,0.43468207120895386
6387,0.48198142647743225
6388,0.5911328196525574
6389,0.7142400145530701
6390,0.4588821530342102
6391,0.6221552491188049
6392,0.5109475255012512
6393,0.6442614197731018
6394,0.3677706718444824
6395,0.7738510370254517
6396,0.5207483768463135
6397,0.7661993503570557
6398,0.5950459241867065
6399,0.25736305117607117
6400,0.6143345236778259
6401,0.46121713519096375
6402,0.4359661638736725
6403,0.4820815622806549
6404,0.49450525641441345
6405,0.5487080812454224
6406,0.7260566353797913
6407,0.5838984251022339
6408,0.6240331530570984
6409,0.731073260307312
6410,0.7593255639076233
6411,0.5421801805496216
6412,0.5630288124084473
6413,0.44907715916633606
6414,0.18861839175224304
6415,0.5214601159095764
6416,0.36638352274894714
6417,0.7809761166572571
6418,0.2319369912147522
6419,0.43214651942253113
6420,0.5318731069564819
6421,0.7645273804664612
6422,0.5564869046211243
6423,0.45076635479927063
6424,0.4401814341545105
6425,0.6512277722358704
6426,0.34574300050735474
6427,0.7501289248466492
6428,0.3803548812866211
6429,0.5274829268455505
6430,0.5508447885513306
6431,0.4874354898929596
6432,0.47147080302238464
6433,0.5785635113716125
6434,0.6367220282554626
6435,0.46754738688468933
6436,0.4563593566417694
6437,0.6229110360145569
6438,0.5451012253761292
6439,0.2932409644126892
6440,0.34364429116249084
6441,0.6092346906661987
6442,0.6178215146064758
6443,0.5878718495368958
6444,0.411065012216568
6445,0.3516056537628174
6446,0.5106982588768005
6447,0.42856767773628235
6448,0.2586217522621155
6449,0.5522950291633606
6450,0.3367173671722412
6451,0.6757282614707947
6452,0.6207790970802307
6453,0.6392747759819031
6454,0.4055428206920624
6455,0.4416906535625458
6456,0.4582502245903015
6457,0.5439486503601074
6458,0.60190749168396
6459,0.554343581199646
6460,0.7687246799468994
6461,0.44195112586021423
6462,0.38471630215644836
6463,0.5000876188278198
6464,0.42738035321235657
6465,0.5873962044715881
6466,0.6433375477790833
6467,0.7191135287284851
6468,0.3425070643424988
6469,0.639221727848053
6470,0.5325056910514832
6471,0.7655652165412903
6472,0.4605269730091095
6473,0.7020086646080017
6474,0.7192600965499878
6475,0.5525998473167419
6476,0.45611974596977234
6477,0.42888346314430237
6478,0.608036458492279
6479,0.2832179367542267
6480,0.418729692697525
6481,0.39321377873420715
6482,0.3249686062335968
6483,0.5208320617675781
6484,0.3744645416736603
6485,0.4397331774234772
6486,0.4777669310569763
6487,0.7015846967697144
6488,0.3870334327220917
6489,0.5301368832588196
6490,0.6351704001426697
6491,0.45501822233200073
6492,0.6168034076690674
6493,0.44408583641052246
6494,0.4768158793449402
6495,0.7062435150146484
6496,0.6737443804740906
6497,0.3512261211872101
6498,0.47574031352996826
6499,0.5582372546195984
6500,0.5803386569023132
6501,0.5084997415542603
6502,0.3070463538169861
6503,0.35873231291770935
6504,0.3298494219779968
6505,0.27551883459091187
6506,0.33331966400146484
6507,0.4463541805744171
6508,0.38988906145095825
6509,0.36573466658592224
6510,0.33305108547210693
6511,0.5497767925262451
6512,0.6282917857170105
6513,0.6167648434638977
6514,0.47012996673583984
6515,0.49612632393836975
6516,0.4281262159347534
6517,0.5790374875068665
6518,0.2844201326370239
6519,0.6289258599281311
6520,0.2908559739589691
6521,0.7174151539802551
6522,0.6133415102958679
6523,0.2761786878108978
6524,0.5349757671356201
6525,0.554077684879303
6526,0.4563610255718231
6527,0.5766571760177612
6528,0.33617106080055237
6529,0.4945419728755951
6530,0.41858550906181335
6531,0.7609384655952454
6532,0.501232385635376
6533,0.4837118685245514
6534,0.5195896625518799
6535,0.37256309390068054
6536,0.7674169540405273
6537,0.44534212350845337
6538,0.6871857047080994
6539,0.34995460510253906
6540,0.3327825367450714
6541,0.3599540889263153
6542,0.22514799237251282
6543,0.6122481226921082
6544,0.41869810223579407
6545,0.5083820223808289
6546,0.4708211123943329
6547,0.39151760935783386
6548,0.3973231911659241
6549,0.540025532245636
6550,0.5689724087715149
6551,0.5706517696380615
6552,0.7769444584846497
6553,0.3854660093784332
6554,0.40012863278388977
6555,0.35265591740608215
6556,0.60810387134552
6557,0.3654085099697113
6558,0.7821909785270691
6559,0.4210486114025116
6560,0.45995768904685974
6561,0.4320327043533325
6562,0.48660582304000854
6563,0.4642992913722992
6564,0.5216599106788635
6565,0.7077183723449707
6566,0.3694785237312317
6567,0.7841440439224243
6568,0.668586015701294
6569,0.6596890687942505
6570,0.6021115183830261
6571,0.5043925642967224
6572,0.3960198760032654
6573,0.32677704095840454
6574,0.5788294076919556
6575,0.3386310040950775
6576,0.5210345387458801
6577,0.632917046546936
6578,0.7597601413726807
6579,0.3162504732608795
6580,0.4516121745109558
6581,0.5502017140388489
6582,0.21114961802959442
6583,0.37582606077194214
6584,0.19750604033470154
6585,0.40470394492149353
6586,0.5749492645263672
6587,0.38305890560150146
6588,0.5238681435585022
6589,0.35507041215896606
6590,0.6151482462882996
6591,0.39030078053474426
6592,0.4864529073238373
6593,0.19652524590492249
6594,0.7644938826560974
6595,0.7800791263580322
6596,0.5607489347457886
6597,0.6903899908065796
6598,0.5512124300003052
6599,0.5461656451225281
6600,0.4434732496738434
6601,0.379648894071579
6602,0.2826572358608246
6603,0.6132879257202148
6604,0.44066235423088074
6605,0.22537192702293396
6606,0.7563095688819885
6607,0.34827670454978943
6608,0.46129316091537476
6609,0.47282686829566956
6610,0.5095977187156677
6611,0.20489563047885895
6612,0.5421028733253479
6613,0.6978029608726501
6614,0.37663164734840393
6615,0.2432819902896881
6616,0.37709546089172363
6617,0.4051511883735657
6618,0.6152626872062683
6619,0.4478641450405121
6620,0.4215632379055023
6621,0.3646126687526703
6622,0.341268390417099
6623,0.7730689644813538
6624,0.2845271825790405
6625,0.7466270327568054
6626,0.38732606172561646
6627,0.5444599986076355
6628,0.3889724314212799
6629,0.42581599950790405
6630,0.3691752851009369
6631,0.5743995308876038
6632,0.2853461503982544
6633,0.35047462582588196
6634,0.45285022258758545
6635,0.5663009285926819
6636,0.6911588907241821
6637,0.5929376482963562
6638,0.19659118354320526
6639,0.7198851704597473
6640,0.2993144094944
6641,0.22065699100494385
6642,0.42666250467300415
6643,0.6293416023254395
6644,0.5920479893684387
6645,0.625738799571991
6646,0.6775892972946167
6647,0.4281025826931
6648,0.4366154968738556
6649,0.6451751589775085
6650,0.3629842698574066
6651,0.5712233185768127
6652,0.7900577187538147
6653,0.591749370098114
6654,0.6999490261077881
6655,0.4404435157775879
6656,0.3970828950405121
6657,0.6181977391242981
6658,0.4316643476486206
6659,0.608806848526001
6660,0.6011491417884827
6661,0.46188220381736755
6662,0.20972996950149536
6663,0.578074038028717
6664,0.19100069999694824
6665,0.4387078583240509
6666,0.762624204158783
6667,0.5323691368103027
6668,0.6982954144477844
6669,0.42857325077056885
6670,0.436558336019516
6671,0.38960421085357666
6672,0.44983047246932983
6673,0.20447075366973877
6674,0.4135754704475403
6675,0.35092267394065857
6676,0.45578905940055847
6677,0.5377979874610901
6678,0.3983999788761139
6679,0.453722208738327
6680,0.456778347492218
6681,0.7535911798477173
6682,0.27444973587989807
6683,0.6451456546783447
6684,0.44531330466270447
6685,0.5189635157585144
6686,0.30884695053100586
6687,0.6431360244750977
6688,0.34677180647850037
6689,0.4059012830257416
6690,0.5821579694747925
6691,0.5113372802734375
6692,0.7435184717178345
6693,0.3312380015850067
6694,0.7720026969909668
6695,0.3791491985321045
6696,0.5563427805900574
6697,0.658123791217804
6698,0.5057763457298279
6699,0.435393750667572
6700,0.22071796655654907
6701,0.5359464883804321
6702,0.4567089080810547
6703,0.36111387610435486
6704,0.5449939966201782
6705,0.2322237193584442
6706,0.4057031571865082
6707,0.7394254207611084
6708,0.6962686777114868
6709,0.5598521828651428
6710,0.7620262503623962
6711,0.2835162281990051
6712,0.21526458859443665
6713,0.7049071192741394
6714,0.42701277136802673
6715,0.6452170014381409
6716,0.6887915730476379
6717,0.4432341456413269
6718,0.3658120036125183
6719,0.5762987732887268
6720,0.5145015120506287
6721,0.7795231342315674
6722,0.17526106536388397
6723,0.5858442783355713
6724,0.3155501186847687
6725,0.44338729977607727
6726,0.6993916630744934
6727,0.26041117310523987
6728,0.26582860946655273
6729,0.5712292790412903
6730,0.7015861868858337
6731,0.7636386752128601
6732,0.32882723212242126
6733,0.4194175899028778
6734,0.6314433813095093
6735,0.3227996826171875
6736,0.3663536310195923
6737,0.5758165121078491
6738,0.39031630754470825
6739,0.6344814300537109
6740,0.38709697127342224
6741,0.35051512718200684
6742,0.7837892770767212
6743,0.452776700258255
6744,0.7463915944099426
6745,0.39737385511398315
6746,0.5584290027618408
6747,0.46543678641319275
6748,0.34803274273872375
6749,0.2918146848678589
6750,0.45388922095298767
6751,0.5704250335693359
6752,0.7584611177444458
6753,0.5619029402732849
6754,0.49728211760520935
6755,0.2582644522190094
6756,0.48755785822868347
6757,0.6836470365524292
6758,0.22757235169410706
6759,0.3475697338581085
6760,0.43308278918266296
6761,0.5524113178253174
6762,0.5880841612815857
6763,0.613354504108429
6764,0.6790927648544312
6765,0.4127291142940521
6766,0.5744988918304443
6767,0.4219640791416168
6768,0.562787652015686
6769,0.6019003987312317
6770,0.47253671288490295
6771,0.3469982445240021
6772,0.6629666090011597
6773,0.5141950845718384
6774,0.6592302322387695
6775,0.45541051030158997
6776,0.7683114409446716
6777,0.42460939288139343
6778,0.5652694702148438
6779,0.2585097849369049
6780,0.5153669714927673
6781,0.3577657639980316
6782,0.3611209988594055
6783,0.4501229226589203
6784,0.27476078271865845
6785,0.28455641865730286
6786,0.6740384101867676
6787,0.6526605486869812
6788,0.4322566092014313
6789,0.5006216168403625
6790,0.38084641098976135
6791,0.5968820452690125
6792,0.44041645526885986
6793,0.5146505832672119
6794,0.7877834439277649
6795,0.7788441777229309
6796,0.4421362280845642
6797,0.5658730268478394
6798,0.7756779193878174
6799,0.4484781324863434
6800,0.47074344754219055
6801,0.5798613429069519
6802,0.6190162301063538
6803,0.30950671434402466
6804,0.5525291562080383
6805,0.730246365070343
6806,0.7423726320266724
6807,0.6227327585220337
6808,0.5953640341758728
6809,0.6842681765556335
6810,0.6901877522468567
6811,0.4743051528930664
6812,0.5731968879699707
6813,0.6125268936157227
6814,0.6604999899864197
6815,0.42469385266304016
6816,0.3974877893924713
6817,0.4421612322330475
6818,0.34710147976875305
6819,0.20763391256332397
6820,0.43343254923820496
6821,0.1863701045513153
6822,0.647888720035553
6823,0.6614896059036255
6824,0.60531085729599
6825,0.27741190791130066
6826,0.4555072486400604
6827,0.37955161929130554
6828,0.4217945337295532
6829,0.45957517623901367
6830,0.3772381842136383
6831,0.5318757891654968
6832,0.27494779229164124
6833,0.5929011702537537
6834,0.3501967489719391
6835,0.6088219285011292
6836,0.38052311539649963
6837,0.4144676625728607
6838,0.3984510004520416
6839,0.4479782283306122
6840,0.3965235650539398
6841,0.44555118680000305
6842,0.671207070350647
6843,0.4299212098121643
6844,0.6043022274971008
6845,0.6630136966705322
6846,0.6753706932067871
6847,0.5668827891349792
6848,0.47672343254089355
6849,0.4631296694278717
6850,0.5341642498970032
6851,0.40426522493362427
6852,0.7223636507987976
6853,0.35920894145965576
6854,0.7742993235588074
6855,0.3442418873310089
6856,0.6357148885726929
6857,0.603735625743866
6858,0.4196021854877472
6859,0.6337953805923462
6860,0.4602298438549042
6861,0.7563708424568176
6862,0.3526791036128998
6863,0.44297584891319275
6864,0.6617567539215088
6865,0.6200432777404785
6866,0.45809561014175415
6867,0.3743707835674286
6868,0.5272806286811829
6869,0.6050839424133301
6870,0.6541550159454346
6871,0.40790531039237976
6872,0.45733803510665894
6873,0.550264835357666
6874,0.5041519999504089
6875,0.569591224193573
6876,0.2205047756433487
6877,0.3778097927570343
6878,0.7598291039466858
6879,0.1840173602104187
6880,0.5770695209503174
6881,0.48433202505111694
6882,0.4509522616863251
6883,0.5150948762893677
6884,0.4253312349319458
6885,0.5817584991455078
6886,0.2581273913383484
6887,0.4769214987754822
6888,0.2422635853290558
6889,0.4596933424472809
6890,0.3594875633716583
6891,0.7669247984886169
6892,0.38470932841300964
6893,0.3123575747013092
6894,0.20384633541107178
6895,0.6115419268608093
6896,0.7885278463363647
6897,0.3784140646457672
6898,0.3219730257987976
6899,0.21882736682891846
6900,0.6434069871902466
6901,0.7186915874481201
6902,0.2645660936832428
6903,0.41308480501174927
6904,0.5081725716590881
6905,0.5951189398765564
6906,0.48646387457847595
6907,0.5820081233978271
6908,0.5115152597427368
6909,0.6209465861320496
6910,0.6860476732254028
6911,0.7142791748046875
6912,0.6032800674438477
6913,0.5179965496063232
6914,0.25293847918510437
6915,0.41230112314224243
6916,0.4596969485282898
6917,0.4134104549884796
6918,0.4053794741630554
6919,0.46530964970588684
6920,0.48017755150794983
6921,0.48641741275787354
6922,0.2924748361110687
6923,0.35785111784935
6924,0.5727331042289734
6925,0.7804393768310547
6926,0.530072808265686
6927,0.4770650565624237
6928,0.5000551342964172
6929,0.6893818974494934
6930,0.49324482679367065
6931,0.46578294038772583
6932,0.7369006276130676
6933,0.6254939436912537
6934,0.36974820494651794
6935,0.2967323362827301
6936,0.3598562180995941
6937,0.6391083002090454
6938,0.4333868622779846
6939,0.36125215888023376
6940,0.52041095495224
6941,0.4677993059158325
6942,0.7835901379585266
6943,0.7624948620796204
6944,0.5181398391723633
6945,0.2987014949321747
6946,0.42414775490760803
6947,0.4752458333969116
6948,0.6570103764533997
6949,0.22332468628883362
6950,0.4822072982788086
6951,0.40334752202033997
6952,0.26168161630630493
6953,0.6455141305923462
6954,0.629266083240509
6955,0.5427541136741638
6956,0.7718904614448547
6957,0.4124692380428314
6958,0.35745301842689514
6959,0.3673675060272217
6960,0.28343966603279114
6961,0.4744790494441986
6962,0.45062315464019775
6963,0.48106127977371216
6964,0.6184468865394592
6965,0.48666656017303467
6966,0.5726578235626221
6967,0.5104039311408997
6968,0.48402440547943115
6969,0.7640963196754456
6970,0.5504001975059509
6971,0.7843864560127258
6972,0.46111342310905457
6973,0.35389578342437744
6974,0.55544513463974
6975,0.30238252878189087
6976,0.7109034061431885
6977,0.4964275658130646
6978,0.34325045347213745
6979,0.7148988842964172
6980,0.6061692833900452
6981,0.779056191444397
6982,0.5765304565429688
6983,0.32266414165496826
6984,0.47679153084754944
6985,0.761159360408783
6986,0.3812316656112671
6987,0.40632063150405884
6988,0.7589598894119263
6989,0.2433289736509323
6990,0.5773781538009644
6991,0.7639269828796387
6992,0.5921004414558411
6993,0.5602466464042664
6994,0.46902477741241455
6995,0.5247041583061218
6996,0.3669741451740265
6997,0.6964951157569885
6998,0.5891891121864319
6999,0.6690964698791504
7000,0.7722657322883606
7001,0.6970712542533875
7002,0.43393436074256897
7003,0.32872799038887024
7004,0.5468103885650635
7005,0.7714263200759888
7006,0.4772041440010071
7007,0.458095520734787
7008,0.21961456537246704
7009,0.4599338173866272
7010,0.20065006613731384
7011,0.5207445025444031
7012,0.7748209238052368
7013,0.7758790850639343
7014,0.54051673412323
7015,0.2492278814315796
7016,0.3866526484489441
7017,0.5346726775169373
7018,0.45574086904525757
7019,0.5801922678947449
7020,0.5101274251937866
7021,0.3506382703781128
7022,0.705552339553833
7023,0.7236335277557373
7024,0.29202279448509216
7025,0.5722436904907227
7026,0.7754535675048828
7027,0.6586346626281738
7028,0.5224885940551758
7029,0.21376752853393555
7030,0.672675609588623
7031,0.6858546733856201
7032,0.3646491765975952
7033,0.3798859417438507
7034,0.607357382774353
7035,0.2628712058067322
7036,0.578522801399231
7037,0.39812982082366943
7038,0.49289143085479736
7039,0.5250005125999451
7040,0.35133907198905945
7041,0.45459693670272827
7042,0.4020945131778717
7043,0.7580073475837708
7044,0.5116407871246338
7045,0.38968607783317566
7046,0.6104157567024231
7047,0.3326422870159149
7048,0.5029711723327637
7049,0.49502143263816833
7050,0.5947557091712952
7051,0.4218915104866028
7052,0.3117053806781769
7053,0.4927441477775574
7054,0.5057622194290161
7055,0.740893542766571
7056,0.4639362692832947
7057,0.6994365453720093
7058,0.552828311920166
7059,0.5391150712966919
7060,0.6545814871788025
7061,0.2014765739440918
7062,0.7881143689155579
7063,0.2179558277130127
7064,0.7456873059272766
7065,0.3619794547557831
7066,0.4754024147987366
7067,0.5857738256454468
7068,0.4154018461704254
7069,0.7346341609954834
7070,0.6292006373405457
7071,0.48245200514793396
7072,0.5740761160850525
7073,0.5707874894142151
7074,0.3508768081665039
7075,0.5015122294425964
7076,0.3276110291481018
7077,0.7668494582176208
7078,0.7608820199966431
7079,0.5105376839637756
7080,0.3722529113292694
7081,0.6203722953796387
7082,0.7525928020477295
7083,0.5401406288146973
7084,0.34419935941696167
7085,0.6648253202438354
7086,0.4519459009170532
7087,0.4252277910709381
7088,0.4607603847980499
7089,0.5302633047103882
7090,0.48933538794517517
7091,0.400901198387146
7092,0.32798445224761963
7093,0.3788865804672241
7094,0.49381834268569946
7095,0.42808082699775696
7096,0.3611709773540497
7097,0.6136084794998169
7098,0.39850351214408875
7099,0.7585029006004333
7100,0.4797758162021637
7101,0.4894990622997284
7102,0.35842666029930115
7103,0.6185780763626099
7104,0.7775962352752686
7105,0.7567054629325867
7106,0.4986633360385895
7107,0.5970559120178223
7108,0.6195239424705505
7109,0.4826135039329529
7110,0.5652858018875122
7111,0.47049540281295776
7112,0.41760802268981934
7113,0.45732244849205017
7114,0.4241885840892792
7115,0.6214311122894287
7116,0.5420483350753784
7117,0.34640932083129883
7118,0.6194985508918762
7119,0.728130042552948
7120,0.4028206765651703
7121,0.5966175198554993
7122,0.23312120139598846
7123,0.4019569456577301
7124,0.3383246064186096
7125,0.22759512066841125
7126,0.6459395289421082
7127,0.25947433710098267
7128,0.6134425401687622
7129,0.5318623781204224
7130,0.38597598671913147
7131,0.48073315620422363
7132,0.7356476783752441
7133,0.701997697353363
7134,0.2881539762020111
7135,0.4329776167869568
7136,0.31961479783058167
7137,0.3500462770462036
7138,0.5741957426071167
7139,0.4597620964050293
7140,0.3615157902240753
7141,0.5510440468788147
7142,0.44695577025413513
7143,0.4395926594734192
7144,0.34044358134269714
7145,0.6180424690246582
7146,0.5472580194473267
7147,0.44525107741355896
7148,0.5886519551277161
7149,0.5410915613174438
7150,0.6442795991897583
7151,0.44292598962783813
7152,0.7509682774543762
7153,0.493447870016098
7154,0.28562667965888977
7155,0.44399914145469666
7156,0.6595851182937622
7157,0.4504247009754181
7158,0.5021327137947083
7159,0.5974555611610413
7160,0.4449112117290497
7161,0.37879395484924316
7162,0.1762530505657196
7163,0.8091722726821899
7164,0.44197800755500793
7165,0.4690436124801636
7166,0.3700297474861145
7167,0.4706745445728302
7168,0.32043933868408203
7169,0.605685830116272
7170,0.45640191435813904
7171,0.575819194316864
7172,0.32715362310409546
7173,0.33558595180511475
7174,0.6091575622558594
7175,0.33200398087501526
7176,0.5209342837333679
7177,0.48334255814552307
7178,0.29658588767051697
7179,0.4695683717727661
7180,0.4422438442707062
7181,0.6104854345321655
7182,0.650046169757843
7183,0.6372082233428955
7184,0.6684249043464661
7185,0.3226107358932495
7186,0.6864113807678223
7187,0.3279879093170166
7188,0.5236024856567383
7189,0.39148566126823425
7190,0.39241132140159607
7191,0.553076446056366
7192,0.4947328269481659
7193,0.7662085890769958
7194,0.4701881408691406
7195,0.6232706308364868
7196,0.7840732336044312
7197,0.3128667175769806
7198,0.7730402946472168
7199,0.5106284022331238
7200,0.5640696287155151
7201,0.207270547747612
7202,0.4431074559688568
7203,0.5496160387992859
7204,0.3375118374824524
7205,0.31018856167793274
7206,0.4937934875488281
7207,0.5286966562271118
7208,0.3343886435031891
7209,0.3837343156337738
7210,0.26504912972450256
7211,0.7294812202453613
7212,0.38925835490226746
7213,0.5124993920326233
7214,0.33452078700065613
7215,0.4675748646259308
7216,0.41013360023498535
7217,0.47804343700408936
7218,0.47037217020988464
7219,0.6765040159225464
7220,0.4609627425670624
7221,0.46528398990631104
7222,0.5640013813972473
7223,0.3142056167125702
7224,0.6593858599662781
7225,0.6809588074684143
7226,0.7341493368148804
7227,0.5752481818199158
7228,0.29824307560920715
7229,0.5213392376899719
7230,0.456336110830307
7231,0.6247202754020691
7232,0.391426146030426
7233,0.6481034159660339
7234,0.35250136256217957
7235,0.4931468367576599
7236,0.487701416015625
7237,0.3924621641635895
7238,0.4912029206752777
7239,0.7677692770957947
7240,0.4303736388683319
7241,0.570533812046051
7242,0.4541454613208771
7243,0.5091274976730347
7244,0.31560468673706055
7245,0.2686210572719574
7246,0.7832804918289185
7247,0.7849021553993225
7248,0.6000791192054749
7249,0.7687946557998657
7250,0.5823755860328674
7251,0.4081581234931946
7252,0.6777207851409912
7253,0.4763083755970001
7254,0.4016048312187195
7255,0.2872703969478607
7256,0.5354692935943604
7257,0.36451253294944763
7258,0.7594614028930664
7259,0.46807846426963806
7260,0.42460793256759644
7261,0.4436854124069214
7262,0.7791841626167297
7263,0.328265517950058
7264,0.583636462688446
7265,0.34564799070358276
7266,0.7556836009025574
7267,0.5197063088417053
7268,0.5673784613609314
7269,0.5892621874809265
7270,0.4699132740497589
7271,0.6084991097450256
7272,0.24988600611686707
7273,0.3299781382083893
7274,0.39921441674232483
7275,0.5901114344596863
7276,0.6754605174064636
7277,0.34254661202430725
7278,0.6416117548942566
7279,0.3608803451061249
7280,0.24394185841083527
7281,0.5529816150665283
7282,0.6694823503494263
7283,0.607824981212616
7284,0.6500415205955505
7285,0.5105572938919067
7286,0.5549331903457642
7287,0.5371484756469727
7288,0.49115705490112305
7289,0.44586172699928284
7290,0.6117608547210693
7291,0.556842029094696
7292,0.5441945791244507
7293,0.5002169609069824
7294,0.5342870354652405
7295,0.44558462500572205
7296,0.4426399767398834
7297,0.2173084020614624
7298,0.44185513257980347
7299,0.5359303951263428
7300,0.6528671979904175
7301,0.4194067120552063
7302,0.4688498377799988
7303,0.29604145884513855
7304,0.30476853251457214
7305,0.3170734941959381
7306,0.3991925120353699
7307,0.7482636570930481
7308,0.32334765791893005
7309,0.4601424038410187
7310,0.7186501026153564
7311,0.5881244540214539
7312,0.5226414203643799
7313,0.29536375403404236
7314,0.39522749185562134
7315,0.6899479031562805
7316,0.6927689909934998
7317,0.28755590319633484
7318,0.4577218294143677
7319,0.6984315514564514
7320,0.5804758071899414
7321,0.4520799219608307
7322,0.5270512700080872
7323,0.5615472793579102
7324,0.5671727061271667
7325,0.3121304512023926
7326,0.5961278080940247
7327,0.28273388743400574
7328,0.2604562044143677
7329,0.6504148840904236
7330,0.3256801962852478
7331,0.5513168573379517
7332,0.5177914500236511
7333,0.3244638741016388
7334,0.3258308470249176
7335,0.44645392894744873
7336,0.4125676453113556
7337,0.36973336338996887
7338,0.4686606526374817
7339,0.5371264815330505
7340,0.5682281851768494
7341,0.6329556703567505
7342,0.463408887386322
7343,0.4343276023864746
7344,0.7601208686828613
7345,0.5002454519271851
7346,0.3860819339752197
7347,0.5758659243583679
7348,0.3317898213863373
7349,0.616320788860321
7350,0.32556790113449097
7351,0.4557271897792816
7352,0.5435318350791931
7353,0.6635956168174744
7354,0.7712833285331726
7355,0.2788621485233307
7356,0.3039911687374115
7357,0.5302627086639404
7358,0.5739451050758362
7359,0.3888196349143982
7360,0.4191831052303314
7361,0.45879533886909485
7362,0.4931887090206146
7363,0.5444225668907166
7364,0.7684123516082764
7365,0.6716142892837524
7366,0.34209543466567993
7367,0.5194724202156067
7368,0.5998085737228394
7369,0.5898744463920593
7370,0.7725849747657776
7371,0.45031407475471497
7372,0.3243599534034729
7373,0.34667980670928955
7374,0.4554957449436188
7375,0.43332189321517944
7376,0.3644733726978302
7377,0.2741234004497528
7378,0.4939451217651367
7379,0.39003413915634155
7380,0.4558400511741638
7381,0.46690240502357483
7382,0.4520587623119354
7383,0.3129178583621979
7384,0.35228508710861206
7385,0.3847517669200897
7386,0.3799380660057068
7387,0.3375602662563324
7388,0.6667059659957886
7389,0.510397732257843
7390,0.6796799898147583
7391,0.6607136726379395
7392,0.45627066493034363
7393,0.49124404788017273
7394,0.5448113083839417
7395,0.33802276849746704
7396,0.31605520844459534
7397,0.47482332587242126
7398,0.22550621628761292
7399,0.46654123067855835
7400,0.546574056148529
7401,0.47497880458831787
7402,0.5977160930633545
7403,0.6495417356491089
7404,0.5564485788345337
7405,0.7647744417190552
7406,0.6000118255615234
7407,0.27632051706314087
7408,0.40847280621528625
7409,0.6205424070358276
7410,0.771230161190033
7411,0.22491225600242615
7412,0.36890709400177
7413,0.4469054043292999
7414,0.7356945872306824
7415,0.43733224272727966
7416,0.48714056611061096
7417,0.6261486411094666
7418,0.3470936119556427
7419,0.4665357768535614
7420,0.2912267744541168
7421,0.4801652729511261
7422,0.6377215385437012
7423,0.22365009784698486
7424,0.457615464925766
7425,0.22938765585422516
7426,0.43250608444213867
7427,0.3734663426876068
7428,0.2160278707742691
7429,0.7834697961807251
7430,0.5847766995429993
7431,0.5834627151489258
7432,0.46723753213882446
7433,0.5228291749954224
7434,0.3411332368850708
7435,0.54721599817276
7436,0.6224452257156372
7437,0.5179809927940369
7438,0.7368487119674683
7439,0.4817264974117279
7440,0.2205793857574463
7441,0.7575685381889343
7442,0.407527357339859
7443,0.5726539492607117
7444,0.5566649436950684
7445,0.6898255944252014
7446,0.7420194745063782
7447,0.5020003318786621
7448,0.36050382256507874
7449,0.5148735642433167
7450,0.7684656381607056
7451,0.607700765132904
7452,0.766573965549469
7453,0.7667690515518188
7454,0.4615664780139923
7455,0.5272499918937683
7456,0.3098186254501343
7457,0.5187987089157104
7458,0.7903368473052979
7459,0.40331271290779114
7460,0.42932334542274475
7461,0.39988455176353455
7462,0.5778360366821289
7463,0.5184167623519897
7464,0.3148258924484253
7465,0.5298750996589661
7466,0.24242731928825378
7467,0.28632184863090515
7468,0.770218551158905
7469,0.6470527052879333
7470,0.7257281541824341
7471,0.46901869773864746
7472,0.45312610268592834
7473,0.3952089846134186
7474,0.47783225774765015
7475,0.30262529850006104
7476,0.322335809469223
7477,0.4573805630207062
7478,0.4225643277168274
7479,0.24423587322235107
7480,0.5412543416023254
7481,0.23934036493301392
7482,0.21765685081481934
7483,0.5216198563575745
7484,0.44515538215637207
7485,0.6671249866485596
7486,0.6072648763656616
7487,0.37847819924354553
7488,0.4247475564479828
7489,0.6420888304710388
7490,0.29492637515068054
7491,0.6998084187507629
7492,0.6539011597633362
7493,0.5660630464553833
7494,0.7732630968093872
7495,0.2776997983455658
7496,0.3772527873516083
7497,0.39281731843948364
7498,0.48863109946250916
7499,0.1665465235710144
7500,0.6155097484588623
7501,0.7022870182991028
7502,0.5282568335533142
7503,0.3434494733810425
7504,0.42587122321128845
7505,0.363692969083786
7506,0.6268189549446106
7507,0.7445487976074219
7508,0.5505898594856262
7509,0.7659563422203064
7510,0.31172654032707214
7511,0.5750376582145691
7512,0.4776497185230255
7513,0.5195334553718567
7514,0.5241422057151794
7515,0.6644010543823242
7516,0.3519522547721863
7517,0.369595468044281
7518,0.47050145268440247
7519,0.4330028295516968
7520,0.6695013642311096
7521,0.34810706973075867
7522,0.7702887654304504
7523,0.7481140494346619
7524,0.3364846706390381
7525,0.47030124068260193
7526,0.765316903591156
7527,0.518319308757782
7528,0.67913419008255
7529,0.409490168094635
7530,0.6068804264068604
7531,0.20106984674930573
7532,0.4670146107673645
7533,0.2866958677768707
7534,0.6578980684280396
7535,0.36460521817207336
7536,0.46876969933509827
7537,0.7815009951591492
7538,0.43913424015045166
7539,0.4383980333805084
7540,0.27700144052505493
7541,0.3402172029018402
7542,0.34883955121040344
7543,0.6559701561927795
7544,0.4409940838813782
7545,0.364754319190979
7546,0.5251352787017822
7547,0.6531757116317749
7548,0.35061588883399963
7549,0.49104151129722595
7550,0.4275718033313751
7551,0.5067110061645508
7552,0.5668655037879944
7553,0.4468050003051758
7554,0.5173523426055908
7555,0.6266250014305115
7556,0.337039977312088
7557,0.3476329743862152
7558,0.7492244839668274
7559,0.5444983243942261
7560,0.2666475176811218
7561,0.48240843415260315
7562,0.403606116771698
7563,0.4333624839782715
7564,0.5896402597427368
7565,0.6382223963737488
7566,0.5868650674819946
7567,0.515970766544342
7568,0.6587830781936646
7569,0.4657057523727417
7570,0.6191158890724182
7571,0.3908960223197937
7572,0.25423210859298706
7573,0.4872458577156067
7574,0.4146939814090729
7575,0.42977696657180786
7576,0.4901425540447235
7577,0.354299396276474
7578,0.4336622655391693
7579,0.5059900283813477
7580,0.47668513655662537
7581,0.2759176790714264
7582,0.4932282865047455
7583,0.36793723702430725
7584,0.49325451254844666
7585,0.5274227261543274
7586,0.4470497667789459
7587,0.6544598340988159
7588,0.7773138284683228
7589,0.4628429114818573
7590,0.751839816570282
7591,0.5589956045150757
7592,0.42647600173950195
7593,0.2990662455558777
7594,0.6230302453041077
7595,0.4746776521205902
7596,0.5317428708076477
7597,0.4606427550315857
7598,0.5361835956573486
7599,0.5582720637321472
7600,0.5695812106132507
7601,0.4670200049877167
7602,0.2497943788766861
7603,0.6459978222846985
7604,0.47084808349609375
7605,0.3768383860588074
7606,0.6625741124153137
7607,0.4580150544643402
7608,0.5847162008285522
7609,0.20676212012767792
7610,0.6868600249290466
7611,0.42698249220848083
7612,0.4016415774822235
7613,0.4768849313259125
7614,0.5220352411270142
7615,0.30932316184043884
7616,0.43182018399238586
7617,0.5063368082046509
7618,0.21716898679733276
7619,0.6627055406570435
7620,0.30103933811187744
7621,0.6478101015090942
7622,0.29540982842445374
7623,0.4701983630657196
7624,0.25931960344314575
7625,0.4418380558490753
7626,0.4022934138774872
7627,0.3357803523540497
7628,0.2874513268470764
7629,0.5915564894676208
7630,0.4489917457103729
7631,0.7661527395248413
7632,0.5679135918617249
7633,0.4255588948726654
7634,0.25632110238075256
7635,0.6072157621383667
7636,0.7660301923751831
7637,0.33290916681289673
7638,0.7239136695861816
7639,0.3509225845336914
7640,0.596451461315155
7641,0.5331765413284302
7642,0.27330735325813293
7643,0.5790987610816956
7644,0.6421116590499878
7645,0.6674133539199829
7646,0.225311279296875
7647,0.3188149034976959
7648,0.5139062404632568
7649,0.21873357892036438
7650,0.5244060158729553
7651,0.3112456798553467
7652,0.4157536029815674
7653,0.2588915228843689
7654,0.40583130717277527
7655,0.5369027853012085
7656,0.5335725545883179
7657,0.6211993098258972
7658,0.4379331171512604
7659,0.22318029403686523
7660,0.38738906383514404
7661,0.3738219738006592
7662,0.6332545280456543
7663,0.6682268977165222
7664,0.7694187164306641
7665,0.44658029079437256
7666,0.34909161925315857
7667,0.7569056749343872
7668,0.7140129804611206
7669,0.4816969335079193
7670,0.7684719562530518
7671,0.4323465824127197
7672,0.5479955673217773
7673,0.3924439251422882
7674,0.3895256817340851
7675,0.5684404373168945
7676,0.6059093475341797
7677,0.6039353609085083
7678,0.3416157066822052
7679,0.37399640679359436
7680,0.6265249252319336
7681,0.48914846777915955
7682,0.291672021150589
7683,0.4982512593269348
7684,0.5573707818984985
7685,0.22544768452644348
7686,0.6001543402671814
7687,0.38982123136520386
7688,0.36514729261398315
7689,0.456826388835907
7690,0.5444666147232056
7691,0.31859952211380005
7692,0.7359575033187866
7693,0.4405357241630554
7694,0.29203760623931885
7695,0.38034161925315857
7696,0.3824694752693176
7697,0.5474587678909302
7698,0.4655390679836273
7699,0.40802085399627686
7700,0.563844621181488
7701,0.29524150490760803
7702,0.40310049057006836
7703,0.3227516710758209
7704,0.6374320387840271
7705,0.4541708528995514
7706,0.35162779688835144
7707,0.4639050364494324
7708,0.5550819635391235
7709,0.5563874840736389
7710,0.3610367178916931
7711,0.28083112835884094
7712,0.6323969960212708
7713,0.3917313516139984
7714,0.47075507044792175
7715,0.22084905207157135
7716,0.5616627335548401
7717,0.5077236294746399
7718,0.5986427068710327
7719,0.7536559104919434
7720,0.711664617061615
7721,0.6915340423583984
7722,0.598468005657196
7723,0.6234242916107178
7724,0.5198426246643066
7725,0.41389086842536926
7726,0.612361490726471
7727,0.6720201969146729
7728,0.731628954410553
7729,0.7664057612419128
7730,0.2739955484867096
7731,0.5069952011108398
7732,0.38125571608543396
7733,0.5185009837150574
7734,0.5041729807853699
7735,0.4866493046283722
7736,0.4913251996040344
7737,0.3722233772277832
7738,0.2795734703540802
7739,0.7581670880317688
7740,0.47447413206100464
7741,0.3112967312335968
7742,0.5338723063468933
7743,0.5732134580612183
7744,0.4458031952381134
7745,0.4515180289745331
7746,0.3728305995464325
7747,0.5631917119026184
7748,0.544170618057251
7749,0.6526732444763184
7750,0.7299730181694031
7751,0.48023200035095215
7752,0.5467550754547119
7753,0.4976494014263153
7754,0.5040111541748047
7755,0.4705139696598053
7756,0.4590446650981903
7757,0.7879813313484192
7758,0.40832820534706116
7759,0.5131776332855225
7760,0.7858678102493286
7761,0.32421207427978516
7762,0.5582093596458435
7763,0.4602465033531189
7764,0.5221245288848877
7765,0.37240877747535706
7766,0.7007187008857727
7767,0.5044246315956116
7768,0.4570460319519043
7769,0.41009899973869324
7770,0.6018871665000916
7771,0.4097248911857605
7772,0.7631595730781555
7773,0.7709711790084839
7774,0.4494174122810364
7775,0.3848934471607208
7776,0.3019958436489105
7777,0.3039492964744568
7778,0.4295765459537506
7779,0.5610403418540955
7780,0.42415374517440796
7781,0.3744165003299713
7782,0.2962897717952728
7783,0.43498122692108154
7784,0.5351911187171936
7785,0.4628051221370697
7786,0.39849162101745605
7787,0.3216112554073334
7788,0.4346243441104889
7789,0.2859915792942047
7790,0.23733916878700256
7791,0.43634042143821716
7792,0.7019294500350952
7793,0.5078977346420288
7794,0.5889962911605835
7795,0.42021092772483826
7796,0.646710216999054
7797,0.40761229395866394
7798,0.692391037940979
7799,0.7209656834602356
7800,0.5455777645111084
7801,0.46939679980278015
7802,0.47511938214302063
7803,0.6185868978500366
7804,0.4727378189563751
7805,0.7563351988792419
7806,0.4750206470489502
7807,0.34191247820854187
7808,0.7535672187805176
7809,0.41368991136550903
7810,0.7499691843986511
7811,0.7637726068496704
7812,0.14838595688343048
7813,0.7612640857696533
7814,0.661490261554718
7815,0.47234317660331726
7816,0.2955600619316101
7817,0.6584969758987427
7818,0.4002792537212372
7819,0.4588784873485565
7820,0.470232754945755
7821,0.608104407787323
7822,0.21389040350914001
7823,0.8035234212875366
7824,0.7790604829788208
7825,0.6321178078651428
7826,0.22314900159835815
7827,0.21142461895942688
7828,0.300211101770401
7829,0.7621868848800659
7830,0.7615818381309509
7831,0.5434249043464661
7832,0.7581197023391724
7833,0.21959154307842255
7834,0.22299030423164368
7835,0.6827866435050964
7836,0.7403030395507812
7837,0.4331124722957611
7838,0.5946274399757385
7839,0.28923484683036804
7840,0.48827043175697327
7841,0.7406635880470276
7842,0.77574622631073
7843,0.7624623775482178
7844,0.40662458539009094
7845,0.5573541522026062
7846,0.672362744808197
7847,0.30056995153427124
7848,0.6153050661087036
7849,0.23165622353553772
7850,0.5128579139709473
7851,0.5545973777770996
7852,0.4462932050228119
7853,0.5436024069786072
7854,0.6916534304618835
7855,0.4263639748096466
7856,0.3678116798400879
7857,0.3465545177459717
7858,0.29156598448753357
7859,0.4682490825653076
7860,0.7717622518539429
7861,0.6280663013458252
7862,0.4688122868537903
7863,0.5910054445266724
7864,0.7307588458061218
7865,0.4624118506908417
7866,0.46472856402397156
7867,0.5825278162956238
7868,0.40930142998695374
7869,0.3815107047557831
7870,0.7691960334777832
7871,0.4422220289707184
7872,0.8017513751983643
7873,0.4035422205924988
7874,0.5347444415092468
7875,0.6167445182800293
7876,0.7416068911552429
7877,0.5057445764541626
7878,0.3786261975765228
7879,0.5753466486930847
7880,0.5019097924232483
7881,0.7156721353530884
7882,0.5343289971351624
7883,0.3839973509311676
7884,0.3572130799293518
7885,0.4156665503978729
7886,0.5299614071846008
7887,0.6779903173446655
7888,0.35088875889778137
7889,0.19038276374340057
7890,0.5687393546104431
7891,0.391020268201828
7892,0.4763496220111847
7893,0.578353226184845
7894,0.5018854737281799
7895,0.7882109880447388
7896,0.40637561678886414
7897,0.5302624702453613
7898,0.6929872632026672
7899,0.5420424342155457
7900,0.4652024805545807
7901,0.5951086282730103
7902,0.6222600936889648
7903,0.5224364399909973
7904,0.4963512718677521
7905,0.767464280128479
7906,0.6118114590644836
7907,0.5071211457252502
7908,0.3722133934497833
7909,0.4398590326309204
7910,0.7651801705360413
7911,0.5199931263923645
7912,0.6759719252586365
7913,0.6105390787124634
7914,0.46447405219078064
7915,0.5932417511940002
7916,0.45600244402885437
7917,0.6873422861099243
7918,0.534718930721283
7919,0.35794946551322937
7920,0.7016944885253906
7921,0.45870688557624817
7922,0.5153547525405884
7923,0.22512240707874298
7924,0.5207437872886658
7925,0.7047150731086731
7926,0.48674920201301575
7927,0.5261480212211609
7928,0.30148205161094666
7929,0.5487534999847412
7930,0.5712146162986755
7931,0.6733579635620117
7932,0.4736689329147339
7933,0.4642197787761688
7934,0.5220569372177124
7935,0.528290331363678
7936,0.535690426826477
7937,0.7671471238136292
7938,0.7729737758636475
7939,0.7514323592185974
7940,0.7713005542755127
7941,0.30578121542930603
7942,0.4011802673339844
7943,0.5960404276847839
7944,0.764569878578186
7945,0.6599794030189514
7946,0.46618446707725525
7947,0.6933994293212891
7948,0.5743615627288818
7949,0.30931535363197327
7950,0.5412692427635193
7951,0.35995641350746155
7952,0.7657609581947327
7953,0.7569711804389954
7954,0.6304810047149658
7955,0.569519579410553
7956,0.38596412539482117
7957,0.2760622799396515
7958,0.5048785209655762
7959,0.6980334520339966
7960,0.7935405373573303
7961,0.4689752757549286
7962,0.5335848927497864
7963,0.5636610388755798
7964,0.428168922662735
7965,0.4018155038356781
7966,0.5610108375549316
7967,0.5807281136512756
7968,0.568418025970459
7969,0.6880462169647217
7970,0.3524324595928192
7971,0.610170841217041
7972,0.4918985068798065
7973,0.7238456606864929
7974,0.6187651753425598
7975,0.35242775082588196
7976,0.7860475182533264
7977,0.7731032967567444
7978,0.7669824957847595
7979,0.5642086267471313
7980,0.3313136398792267
7981,0.361560583114624
7982,0.47729262709617615
7983,0.7129220366477966
7984,0.7996155619621277
7985,0.26060837507247925
7986,0.35163769125938416
7987,0.5448982119560242
7988,0.4315309524536133
7989,0.566479504108429
7990,0.4102860689163208
7991,0.46443092823028564
7992,0.48619702458381653
7993,0.7563992142677307
7994,0.3924982249736786
7995,0.7850253582000732
7996,0.7515326738357544
7997,0.7970970869064331
7998,0.2815917134284973
7999,0.525046706199646
8000,0.7693434357643127
8001,0.47875499725341797
8002,0.42741912603378296
8003,0.3848797380924225
8004,0.34841132164001465
8005,0.27264654636383057
8006,0.4510517418384552
8007,0.3774035573005676
8008,0.5211541652679443
8009,0.5411022305488586
8010,0.46282824873924255
8011,0.7587255835533142
8012,0.38938695192337036
8013,0.3199477791786194
8014,0.4336415231227875
8015,0.5554823279380798
8016,0.542113721370697
8017,0.5334334373474121
8018,0.3868647813796997
8019,0.7361137270927429
8020,0.3893689215183258
8021,0.6470099687576294
8022,0.45734113454818726
8023,0.6147536039352417
8024,0.5011910200119019
8025,0.6963152885437012
8026,0.4390091001987457
8027,0.6926764845848083
8028,0.5731061697006226
8029,0.40775731205940247
8030,0.5410628914833069
8031,0.6874209046363831
8032,0.39727938175201416
8033,0.5920680165290833
8034,0.4290465712547302
8035,0.18064668774604797
8036,0.393167108297348
8037,0.3200802505016327
8038,0.7186132669448853
8039,0.22867411375045776
8040,0.5992562174797058
8041,0.4469916522502899
8042,0.5443281531333923
8043,0.6900383234024048
8044,0.6016050577163696
8045,0.37034937739372253
8046,0.4553169310092926
8047,0.7784513831138611
8048,0.7023383975028992
8049,0.3931467831134796
8050,0.6788167357444763
8051,0.4581180214881897
8052,0.46479734778404236
8053,0.7172217965126038
8054,0.4923495948314667
8055,0.22894415259361267
8056,0.46866512298583984
8057,0.6507300734519958
8058,0.5801827907562256
8059,0.449617475271225
8060,0.42029663920402527
8061,0.39282718300819397
8062,0.4754815399646759
8063,0.5199090242385864
8064,0.2433386743068695
8065,0.7515977025032043
8066,0.4376625418663025
8067,0.46763575077056885
8068,0.1847885549068451
8069,0.5115830898284912
8070,0.5842592716217041
8071,0.4511580467224121
8072,0.6168616414070129
8073,0.33493050932884216
8074,0.5084782242774963
8075,0.7338574528694153
8076,0.7719243168830872
8077,0.6249381899833679
8078,0.6254001259803772
8079,0.6210102438926697
8080,0.4813980162143707
8081,0.5361356139183044
8082,0.5963687300682068
8083,0.24969398975372314
8084,0.43222880363464355
8085,0.6040407419204712
8086,0.25139904022216797
8087,0.6482899188995361
8088,0.4242558777332306
8089,0.2955007255077362
8090,0.3858499228954315
8091,0.5397279858589172
8092,0.3245895206928253
8093,0.5343466401100159
8094,0.3638056516647339
8095,0.5945188999176025
8096,0.4375954866409302
8097,0.7534414529800415
8098,0.32801389694213867
8099,0.4814929962158203
8100,0.7849422693252563
8101,0.4419630467891693
8102,0.5182206034660339
8103,0.467486709356308
8104,0.4347180128097534
8105,0.40697696805000305
8106,0.5925843715667725
8107,0.3818671405315399
8108,0.38828787207603455
8109,0.6378260254859924
8110,0.4259079098701477
8111,0.4327785074710846
8112,0.42907774448394775
8113,0.7221373319625854
8114,0.7030046582221985
8115,0.48685863614082336
8116,0.23118598759174347
8117,0.43348219990730286
8118,0.375867635011673
8119,0.6733162999153137
8120,0.47048553824424744
8121,0.4532046616077423
8122,0.4757745862007141
8123,0.5115013122558594
8124,0.5811570286750793
8125,0.6989277005195618
8126,0.4226497709751129
8127,0.6481137871742249
8128,0.5186029672622681
8129,0.532007098197937
8130,0.6514657735824585
8131,0.44588807225227356
8132,0.7493917942047119
8133,0.363491028547287
8134,0.38829997181892395
8135,0.6236584186553955
8136,0.42979952692985535
8137,0.39636513590812683
8138,0.4676268398761749
8139,0.6180732846260071
8140,0.6783576011657715
8141,0.4467231333255768
8142,0.5504840612411499
8143,0.5999177098274231
8144,0.5382773280143738
8145,0.4598367214202881
8146,0.554353654384613
8147,0.5177067518234253
8148,0.33272430300712585
8149,0.42276495695114136
8150,0.4767179489135742
8151,0.45578107237815857
8152,0.21785736083984375
8153,0.23264114558696747
8154,0.5265606045722961
8155,0.5470292568206787
8156,0.6263090372085571
8157,0.439083069562912
8158,0.38268014788627625
8159,0.4132499694824219
8160,0.28553956747055054
8161,0.4217510223388672
8162,0.35184982419013977
8163,0.2265004813671112
8164,0.5459383726119995
8165,0.3590061068534851
8166,0.43215176463127136
8167,0.6093370318412781
8168,0.6635813117027283
8169,0.501189112663269
8170,0.40358424186706543
8171,0.48390457034111023
8172,0.3700738847255707
8173,0.364339143037796
8174,0.5937855839729309
8175,0.38520821928977966
8176,0.7344878315925598
8177,0.4093038737773895
8178,0.41308358311653137
8179,0.21890342235565186
8180,0.7757801413536072
8181,0.4708290100097656
8182,0.5283734202384949
8183,0.4258313477039337
8184,0.3669886291027069
8185,0.6324053406715393
8186,0.46183305978775024
8187,0.6198512315750122
8188,0.7079988121986389
8189,0.31802430748939514
8190,0.7492064237594604
8191,0.4105249047279358
8192,0.525324285030365
8193,0.26306799054145813
8194,0.49882200360298157
8195,0.3074207603931427
8196,0.5780556201934814
8197,0.35266196727752686
8198,0.3163217604160309
8199,0.3283430337905884
8200,0.7897047996520996
8201,0.4581456780433655
8202,0.4958936274051666
8203,0.7109992504119873
8204,0.4984064996242523
8205,0.30974647402763367
8206,0.39972180128097534
8207,0.6272070407867432
8208,0.3422655165195465
8209,0.7801361083984375
8210,0.23312178254127502
8211,0.3447471559047699
8212,0.34503471851348877
8213,0.3828764855861664
8214,0.3255440890789032
8215,0.6175726652145386
8216,0.4763692021369934
8217,0.1714913249015808
8218,0.6976092457771301
8219,0.6576281189918518
8220,0.3687044084072113
8221,0.53240966796875
8222,0.19481506943702698
8223,0.8051983118057251
8224,0.4105550944805145
8225,0.38342392444610596
8226,0.6821882128715515
8227,0.4424353539943695
8228,0.3450462520122528
8229,0.7230324745178223
8230,0.4318801462650299
8231,0.25600555539131165
8232,0.6004122495651245
8233,0.7797142267227173
8234,0.4701990783214569
8235,0.44666486978530884
8236,0.5003382563591003
8237,0.637518584728241
8238,0.2032269835472107
8239,0.7217456698417664
8240,0.44927793741226196
8241,0.5320113301277161
8242,0.46149295568466187
8243,0.40206292271614075
8244,0.46825993061065674
8245,0.4146299958229065
8246,0.36856451630592346
8247,0.5801161527633667
8248,0.3381650745868683
8249,0.5953887701034546
8250,0.7067354321479797
8251,0.344035267829895
8252,0.4292800724506378
8253,0.41913044452667236
8254,0.4426790475845337
8255,0.6854075789451599
8256,0.21300625801086426
8257,0.3318038582801819
8258,0.5651084780693054
8259,0.4141795337200165
8260,0.4355223476886749
8261,0.782819926738739
8262,0.46203306317329407
8263,0.6791077852249146
8264,0.5570014715194702
8265,0.34608104825019836
8266,0.2585149109363556
8267,0.4703488051891327
8268,0.4617619812488556
8269,0.353625625371933
8270,0.3941081464290619
8271,0.38414430618286133
8272,0.3667880594730377
8273,0.6080003380775452
8274,0.4009268581867218
8275,0.42056989669799805
8276,0.47840678691864014
8277,0.4060421288013458
8278,0.4679839313030243
8279,0.4921458661556244
8280,0.5222318172454834
8281,0.5492746233940125
8282,0.5614370703697205
8283,0.34289783239364624
8284,0.17875531315803528
8285,0.35237374901771545
8286,0.47352099418640137
8287,0.5461560487747192
8288,0.6181514859199524
8289,0.4935523271560669
8290,0.49320197105407715
8291,0.7452089786529541
8292,0.3495073914527893
8293,0.6485728621482849
8294,0.23029834032058716
8295,0.5560798048973083
8296,0.5555803179740906
8297,0.6473928689956665
8298,0.40456077456474304
8299,0.24282705783843994
8300,0.27233797311782837
8301,0.5913703441619873
8302,0.7740641832351685
8303,0.4307646155357361
8304,0.3881836235523224
8305,0.19262181222438812
8306,0.5928233861923218
8307,0.5095295906066895
8308,0.3408304452896118
8309,0.30898353457450867
8310,0.5042287111282349
8311,0.590240478515625
8312,0.5198491215705872
8313,0.5392635464668274
8314,0.5945274233818054
8315,0.7616645693778992
8316,0.2981499433517456
8317,0.3673238754272461
8318,0.5463011264801025
8319,0.5100687742233276
8320,0.2607967257499695
8321,0.4231616258621216
8322,0.604924738407135
8323,0.47780847549438477
8324,0.610504150390625
8325,0.4405447244644165
8326,0.4842611849308014
8327,0.25134578347206116
8328,0.46654650568962097
8329,0.32912400364875793
8330,0.6739967465400696
8331,0.4645428955554962
8332,0.5671489834785461
8333,0.5658570528030396
8334,0.4533708393573761
8335,0.5455150008201599
8336,0.353220134973526
8337,0.3953634798526764
8338,0.363189160823822
8339,0.3330627977848053
8340,0.41273292899131775
8341,0.5024360418319702
8342,0.3041159212589264
8343,0.6532266139984131
8344,0.37066707015037537
8345,0.6267598271369934
8346,0.7620091438293457
8347,0.4996437430381775
8348,0.44230523705482483
8349,0.6342390775680542
8350,0.3671383857727051
8351,0.5216273665428162
8352,0.40720251202583313
8353,0.5471426844596863
8354,0.6024023294448853
8355,0.24408474564552307
8356,0.7545894384384155
8357,0.5409892797470093
8358,0.4007340669631958
8359,0.4710889756679535
8360,0.5547314286231995
8361,0.47609490156173706
8362,0.46352607011795044
8363,0.5762165784835815
8364,0.5405626893043518
8365,0.42132842540740967
8366,0.44272688031196594
8367,0.5182379484176636
8368,0.4103543162345886
8369,0.6372504830360413
8370,0.4614070951938629
8371,0.31983324885368347
8372,0.6077051758766174
8373,0.4027072489261627
8374,0.3083542287349701
8375,0.3385315537452698
8376,0.5125960111618042
8377,0.4814910590648651
8378,0.713345468044281
8379,0.4514766037464142
8380,0.5152580738067627
8381,0.26717591285705566
8382,0.35224393010139465
8383,0.5232208967208862
8384,0.32067084312438965
8385,0.4199695885181427
8386,0.28483596444129944
8387,0.5052005648612976
8388,0.5516687631607056
8389,0.4458613097667694
8390,0.5329669117927551
8391,0.22639083862304688
8392,0.6321927905082703
8393,0.5082159042358398
8394,0.28629380464553833
8395,0.15966393053531647
8396,0.630339503288269
8397,0.35493379831314087
8398,0.34550413489341736
8399,0.20812006294727325
8400,0.6094529032707214
8401,0.4402298629283905
8402,0.512890636920929
8403,0.7484878897666931
8404,0.3552568256855011
8405,0.36399075388908386
8406,0.28614524006843567
8407,0.2884807288646698
8408,0.42001277208328247
8409,0.4414430558681488
8410,0.20437993109226227
8411,0.6606838703155518
8412,0.5157592296600342
8413,0.40966832637786865
8414,0.6319298148155212
8415,0.4486373960971832
8416,0.5542415976524353
8417,0.3205426037311554
8418,0.5469997525215149
8419,0.20360925793647766
8420,0.4545959234237671
8421,0.44232404232025146
8422,0.504976212978363
8423,0.38900861144065857
8424,0.4644908308982849
8425,0.3649398982524872
8426,0.466668039560318
8427,0.469404399394989
8428,0.7880973219871521
8429,0.5150540471076965
8430,0.556669294834137
8431,0.45694318413734436
8432,0.6761291027069092
8433,0.6096834540367126
8434,0.3171171545982361
8435,0.606703519821167
8436,0.3835752010345459
8437,0.7353584170341492
8438,0.16468089818954468
8439,0.5002882480621338
8440,0.4640474021434784
8441,0.42581161856651306
8442,0.3599183261394501
8443,0.4988296926021576
8444,0.4878462255001068
8445,0.609607458114624
8446,0.41644635796546936
8447,0.4640271067619324
8448,0.5207566022872925
8449,0.6800243258476257
8450,0.7704415321350098
8451,0.7344209551811218
8452,0.42456185817718506
8453,0.6106576323509216
8454,0.6995114088058472
8455,0.4227394163608551
8456,0.6232168078422546
8457,0.41095057129859924
8458,0.5390467643737793
8459,0.40411874651908875
8460,0.43047910928726196
8461,0.5656875967979431
8462,0.775483250617981
8463,0.20229852199554443
8464,0.525184690952301
8465,0.3136378228664398
8466,0.7100780606269836
8467,0.2949323356151581
8468,0.6344043016433716
8469,0.318238228559494
8470,0.4989628195762634
8471,0.3606431186199188
8472,0.38622161746025085
8473,0.4442932903766632
8474,0.34296974539756775
8475,0.7425676584243774
8476,0.38551458716392517
8477,0.4324404299259186
8478,0.4668835699558258
8479,0.5015354156494141
8480,0.3326839208602905
8481,0.41341811418533325
8482,0.7838578224182129
8483,0.6717687249183655
8484,0.7739512324333191
8485,0.6289467811584473
8486,0.43585193157196045
8487,0.3392891585826874
8488,0.6888956427574158
8489,0.3475031554698944
8490,0.38278722763061523
8491,0.3940106928348541
8492,0.4915682375431061
8493,0.4060843288898468
8494,0.6906253695487976
8495,0.2464224398136139
8496,0.5721593499183655
8497,0.21860083937644958
8498,0.5071628093719482
8499,0.4277244806289673
8500,0.2554449439048767
8501,0.5544301271438599
8502,0.3020807206630707
8503,0.463988721370697
8504,0.46621859073638916
8505,0.6144737601280212
8506,0.44387713074684143
8507,0.7724242806434631
8508,0.5295396447181702
8509,0.46566179394721985
8510,0.24092593789100647
8511,0.3071569502353668
8512,0.6937529444694519
8513,0.7558261752128601
8514,0.5176107287406921
8515,0.7512944340705872
8516,0.5049107670783997
8517,0.44740021228790283
8518,0.6083769202232361
8519,0.4228838384151459
8520,0.3313637971878052
8521,0.4665488302707672
8522,0.5866794586181641
8523,0.39752545952796936
8524,0.5861997008323669
8525,0.5031887292861938
8526,0.6518988609313965
8527,0.3461398780345917
8528,0.4814753830432892
8529,0.6898508071899414
8530,0.4075305163860321
8531,0.46468037366867065
8532,0.6674556136131287
8533,0.5567304491996765
8534,0.4938918948173523
8535,0.3190319836139679
8536,0.5761440992355347
8537,0.6466838121414185
8538,0.5337265133857727
8539,0.4518601894378662
8540,0.23513823747634888
8541,0.38437893986701965
8542,0.3323512077331543
8543,0.30072349309921265
8544,0.32539916038513184
8545,0.3656962513923645
8546,0.5510566830635071
8547,0.47562623023986816
8548,0.6356969475746155
8549,0.4763643741607666
8550,0.4003591239452362
8551,0.46195369958877563
8552,0.4074877202510834
8553,0.5458554625511169
8554,0.7553229331970215
8555,0.6612585783004761
8556,0.4421793818473816
8557,0.27705255150794983
8558,0.511124312877655
8559,0.73335862159729
8560,0.3653315603733063
8561,0.3620627820491791
8562,0.7763863205909729
8563,0.44557857513427734
8564,0.5526312589645386
8565,0.4676643908023834
8566,0.5537750720977783
8567,0.7582966089248657
8568,0.46613067388534546
8569,0.4667380452156067
8570,0.43158969283103943
8571,0.4771428108215332
8572,0.7196023464202881
8573,0.5709778666496277
8574,0.7485893368721008
8575,0.617775559425354
8576,0.6245829463005066
8577,0.44018974900245667
8578,0.6226537227630615
8579,0.24614310264587402
8580,0.42781925201416016
8581,0.7145907282829285
8582,0.5261786580085754
8583,0.6870338916778564
8584,0.4568130671977997
8585,0.3246889114379883
8586,0.3756626844406128
8587,0.25324195623397827
8588,0.3599071204662323
8589,0.23837494850158691
8590,0.24997954070568085
8591,0.665719211101532
8592,0.7855473756790161
8593,0.582115113735199
8594,0.7816234230995178
8595,0.3481239080429077
8596,0.6431487202644348
8597,0.4642394185066223
8598,0.42399370670318604
8599,0.381565123796463
8600,0.6610881090164185
8601,0.5645178556442261
8602,0.37138602137565613
8603,0.5964133143424988
8604,0.4430457651615143
8605,0.262253075838089
8606,0.6001617908477783
8607,0.26139920949935913
8608,0.7832135558128357
8609,0.4385746419429779
8610,0.52433842420578
8611,0.6485035419464111
8612,0.6990264654159546
8613,0.27530887722969055
8614,0.5314193367958069
8615,0.5116226673126221
8616,0.75147545337677
8617,0.5295016169548035
8618,0.3666842579841614
8619,0.2925170361995697
8620,0.6589187383651733
8621,0.4166916012763977
8622,0.6197167634963989
8623,0.5331611037254333
8624,0.6053193211555481
8625,0.4081190526485443
8626,0.5899168848991394
8627,0.35926559567451477
8628,0.7625331282615662
8629,0.2329772412776947
8630,0.22006745636463165
8631,0.6003155708312988
8632,0.35200515389442444
8633,0.28598839044570923
8634,0.4731747508049011
8635,0.4351865351200104
8636,0.22872942686080933
8637,0.5567387342453003
8638,0.48085886240005493
8639,0.362779825925827
8640,0.5806009769439697
8641,0.3535609543323517
8642,0.5929962992668152
8643,0.6432569622993469
8644,0.42277252674102783
8645,0.23117126524448395
8646,0.5033203363418579
8647,0.5822325348854065
8648,0.40898415446281433
8649,0.29992109537124634
8650,0.39906927943229675
8651,0.4334636628627777
8652,0.7011337280273438
8653,0.4734286665916443
8654,0.7765432596206665
8655,0.3961479961872101
8656,0.49347326159477234
8657,0.5017393231391907
8658,0.41791701316833496
8659,0.22153085470199585
8660,0.7709178924560547
8661,0.7312682271003723
8662,0.7708571553230286
8663,0.3744962215423584
8664,0.7687382102012634
8665,0.3167547583580017
8666,0.5262267589569092
8667,0.37445953488349915
8668,0.5359163284301758
8669,0.7729844450950623
8670,0.681430995464325
8671,0.4622112214565277
8672,0.5061475038528442
8673,0.7506062984466553
8674,0.6028357148170471
8675,0.4497115910053253
8676,0.4720076322555542
8677,0.37607234716415405
8678,0.5568049550056458
8679,0.41501882672309875
8680,0.6464901566505432
8681,0.2657879590988159
8682,0.5461495518684387
8683,0.22939029335975647
8684,0.5357435345649719
8685,0.4857923090457916
8686,0.5424339175224304
8687,0.3257683217525482
8688,0.4840390384197235
8689,0.7565810084342957
8690,0.5368342399597168
8691,0.2603745758533478
8692,0.46401339769363403
8693,0.5562030076980591
8694,0.35941651463508606
8695,0.43123432993888855
8696,0.1654433012008667
8697,0.30852553248405457
8698,0.5060751438140869
8699,0.2099325954914093
8700,0.43653860688209534
8701,0.45676445960998535
8702,0.475708931684494
8703,0.7534133195877075
8704,0.37675994634628296
8705,0.5556880831718445
8706,0.364875465631485
8707,0.3502069115638733
8708,0.6021214723587036
8709,0.5911513566970825
8710,0.58941251039505
8711,0.7645524144172668
8712,0.360031396150589
8713,0.6364963054656982
8714,0.43563786149024963
8715,0.6210442781448364
8716,0.5041796565055847
8717,0.413844496011734
8718,0.6425739526748657
8719,0.42370423674583435
8720,0.5731722116470337
8721,0.4675324857234955
8722,0.6464979648590088
8723,0.3172655701637268
8724,0.4992869794368744
8725,0.40044552087783813
8726,0.7449146509170532
8727,0.47103172540664673
8728,0.5161150693893433
8729,0.5971878170967102
8730,0.6272031664848328
8731,0.7301943302154541
8732,0.5603564381599426
8733,0.5229687690734863
8734,0.4041804373264313
8735,0.69565749168396
8736,0.26069575548171997
8737,0.37281426787376404
8738,0.29926684498786926
8739,0.3636600375175476
8740,0.5596251487731934
8741,0.5207178592681885
8742,0.4645126163959503
8743,0.387449711561203
8744,0.5309378504753113
8745,0.29070430994033813
8746,0.7665969133377075
8747,0.4873400628566742
8748,0.4525183439254761
8749,0.6102575659751892
8750,0.321306049823761
8751,0.4290303885936737
8752,0.33486929535865784
8753,0.6432616710662842
8754,0.3626195192337036
8755,0.5799588561058044
8756,0.4950348734855652
8757,0.5797125697135925
8758,0.4964834451675415
8759,0.361651748418808
8760,0.5314566493034363
8761,0.6455898284912109
8762,0.5029566287994385
8763,0.6468998193740845
8764,0.3982645869255066
8765,0.47533947229385376
8766,0.7672563195228577
8767,0.5961502194404602
8768,0.6283548474311829
8769,0.635042667388916
8770,0.5628275275230408
8771,0.7057099342346191
8772,0.47526389360427856
8773,0.4298066198825836
8774,0.35110563039779663
8775,0.6174288392066956
8776,0.29787319898605347
8777,0.5558021664619446
8778,0.5288609266281128
8779,0.6244506239891052
8780,0.4265110492706299
8781,0.5163351893424988
8782,0.46151089668273926
8783,0.7268756628036499
8784,0.7401131391525269
8785,0.620854914188385
8786,0.20438630878925323
8787,0.272893488407135
8788,0.6973096132278442
8789,0.3656318485736847
8790,0.42311927676200867
8791,0.5640203356742859
8792,0.3270622789859772
8793,0.5733354091644287
8794,0.5016106963157654
8795,0.4600537121295929
8796,0.5207220315933228
8797,0.7605547904968262
8798,0.35930293798446655
8799,0.49388614296913147
8800,0.4448780119419098
8801,0.48906612396240234
8802,0.6962105631828308
8803,0.399248868227005
8804,0.5589101314544678
8805,0.5781337022781372
8806,0.37152764201164246
8807,0.5381579995155334
8808,0.7644172310829163
8809,0.4115355312824249
8810,0.593742311000824
8811,0.4641605317592621
8812,0.5358263850212097
8813,0.3529036343097687
8814,0.7632688283920288
8815,0.5827623605728149
8816,0.6436173915863037
8817,0.3288184106349945
8818,0.48290956020355225
8819,0.26209649443626404
8820,0.5320233702659607
8821,0.44361522793769836
8822,0.621700644493103
8823,0.6999453902244568
8824,0.7219738364219666
8825,0.4362200200557709
8826,0.26761525869369507
8827,0.36274728178977966
8828,0.4778897762298584
8829,0.5339292883872986
8830,0.772521436214447
8831,0.35142186284065247
8832,0.5506839752197266
8833,0.5832399129867554
8834,0.29123589396476746
8835,0.647761344909668
8836,0.35590603947639465
8837,0.5073529481887817
8838,0.33127108216285706
8839,0.4988354742527008
8840,0.4658408463001251
8841,0.7772852778434753
8842,0.7403591275215149
8843,0.7553244233131409
8844,0.4873557984828949
8845,0.33028945326805115
8846,0.3531407415866852
8847,0.42783135175704956
8848,0.7814043164253235
8849,0.6665014624595642
8850,0.4595701992511749
8851,0.7697390913963318
8852,0.5400429368019104
8853,0.24477389454841614
8854,0.20585566759109497
8855,0.30768659710884094
8856,0.2619829475879669
8857,0.7538232803344727
8858,0.2199021428823471
8859,0.3388368785381317
8860,0.41995057463645935
8861,0.18103548884391785
8862,0.4642293155193329
8863,0.5542722344398499
8864,0.4617379307746887
8865,0.48638027906417847
8866,0.6230679750442505
8867,0.7531858682632446
8868,0.764447033405304
8869,0.2899816632270813
8870,0.6356185078620911
8871,0.5095800757408142
8872,0.39586973190307617
8873,0.4701237380504608
8874,0.6371589303016663
8875,0.6074299216270447
8876,0.25666213035583496
8877,0.5560422539710999
8878,0.5238485932350159
8879,0.5664454698562622
8880,0.4207441210746765
8881,0.3444173336029053
8882,0.32102763652801514
8883,0.5372743010520935
8884,0.4618432819843292
8885,0.4254019260406494
8886,0.6799464821815491
8887,0.154619961977005
8888,0.5625317692756653
8889,0.5316517353057861
8890,0.3312323987483978
8891,0.3322502672672272
8892,0.3101319968700409
8893,0.48346683382987976
8894,0.5693275332450867
8895,0.6109836101531982
8896,0.5044103860855103
8897,0.6079835891723633
8898,0.5031053423881531
8899,0.5194966793060303
8900,0.30041176080703735
8901,0.635647714138031
8902,0.5878384709358215
8903,0.48627665638923645
8904,0.6349889636039734
8905,0.26836109161376953
8906,0.4154096245765686
8907,0.6940478086471558
8908,0.23950126767158508
8909,0.4738619029521942
8910,0.6571952700614929
8911,0.20775997638702393
8912,0.4730537235736847
8913,0.4918576776981354
8914,0.7319006323814392
8915,0.24546301364898682
8916,0.6426263451576233
8917,0.4004475772380829
8918,0.6704335808753967
8919,0.7199147939682007
8920,0.34662771224975586
8921,0.27036184072494507
8922,0.6530479788780212
8923,0.6296077370643616
8924,0.4459172189235687
8925,0.3839956521987915
8926,0.3107195496559143
8927,0.7685556411743164
8928,0.5002108812332153
8929,0.5079334378242493
8930,0.7784140706062317
8931,0.4636658728122711
8932,0.44651058316230774
8933,0.4314514398574829
8934,0.3615007698535919
8935,0.7553545236587524
8936,0.7587830424308777
8937,0.5333341956138611
8938,0.2993656098842621
8939,0.4716901183128357
8940,0.37046289443969727
8941,0.29556283354759216
8942,0.46773862838745117
8943,0.7911638021469116
8944,0.3544319272041321
8945,0.5981501936912537
8946,0.32334259152412415
8947,0.47089850902557373
8948,0.756980836391449
8949,0.38914287090301514
8950,0.6325535774230957
8951,0.44211044907569885
8952,0.5375815629959106
8953,0.4771966338157654
8954,0.4842742681503296
8955,0.5064944624900818
8956,0.6673941016197205
8957,0.581888735294342
8958,0.41607898473739624
8959,0.6315016150474548
8960,0.5802789926528931
8961,0.7669851779937744
8962,0.32821428775787354
8963,0.6188173294067383
8964,0.5467219948768616
8965,0.33800235390663147
8966,0.21684271097183228
8967,0.3070337772369385
8968,0.3977271020412445
8969,0.5743109583854675
8970,0.6287733912467957
8971,0.46510401368141174
8972,0.33856528997421265
8973,0.2833835482597351
8974,0.6767255067825317
8975,0.5157912373542786
8976,0.431960791349411
8977,0.4167346656322479
8978,0.31288689374923706
8979,0.6973370909690857
8980,0.26856085658073425
8981,0.7715149521827698
8982,0.32152077555656433
8983,0.3232528865337372
8984,0.6246358156204224
8985,0.46947887539863586
8986,0.4113997220993042
8987,0.33938056230545044
8988,0.4641832411289215
8989,0.6389451622962952
8990,0.3571702539920807
8991,0.2685369551181793
8992,0.37414392828941345
8993,0.6367844939231873
8994,0.6095473170280457
8995,0.5964151620864868
8996,0.4644007086753845
8997,0.4700537621974945
8998,0.4338928759098053
8999,0.7692350745201111
9000,0.3650476634502411
9001,0.7672497034072876
9002,0.33818894624710083
9003,0.37909093499183655
9004,0.22865784168243408
9005,0.47607284784317017
9006,0.4099322259426117
9007,0.5096853971481323
9008,0.272676020860672
9009,0.5184561610221863
9010,0.538418710231781
9011,0.6687167286872864
9012,0.473197877407074
9013,0.5214623212814331
9014,0.46801653504371643
9015,0.5395607352256775
9016,0.3767763376235962
9017,0.7606905698776245
9018,0.7675556540489197
9019,0.7677919864654541
9020,0.48981067538261414
9021,0.2416120022535324
9022,0.7457810044288635
9023,0.575546383857727
9024,0.5785314440727234
9025,0.6536945700645447
9026,0.4786321222782135
9027,0.4956965446472168
9028,0.7018575072288513
9029,0.49802371859550476
9030,0.5677565932273865
9031,0.4649713933467865
9032,0.5817504525184631
9033,0.4899337589740753
9034,0.4281063675880432
9035,0.203498974442482
9036,0.2651410698890686
9037,0.47074785828590393
9038,0.6289233565330505
9039,0.7224816679954529
9040,0.6241631507873535
9041,0.7575920224189758
9042,0.5027030110359192
9043,0.5005354881286621
9044,0.7590441703796387
9045,0.6466692090034485
9046,0.6057285666465759
9047,0.639491617679596
9048,0.7428949475288391
9049,0.45122358202934265
9050,0.39320260286331177
9051,0.5899341702461243
9052,0.4364831745624542
9053,0.3909262418746948
9054,0.7012626528739929
9055,0.447703093290329
9056,0.4665197730064392
9057,0.6093342900276184
9058,0.5018054246902466
9059,0.5227648019790649
9060,0.459273099899292
9061,0.7769228219985962
9062,0.37673312425613403
9063,0.591349184513092
9064,0.30093973875045776
9065,0.4398786127567291
9066,0.23904159665107727
9067,0.5978559255599976
9068,0.5686352252960205
9069,0.49667415022850037
9070,0.5166356563568115
9071,0.2982543408870697
9072,0.5956112742424011
9073,0.6701002717018127
9074,0.4813626706600189
9075,0.3400251567363739
9076,0.4822659492492676
9077,0.54156494140625
9078,0.5741862058639526
9079,0.4363608658313751
9080,0.5236937403678894
9081,0.7674453258514404
9082,0.6794264316558838
9083,0.6975383758544922
9084,0.49279555678367615
9085,0.25172001123428345
9086,0.7717580199241638
9087,0.2494809627532959
9088,0.6304273009300232
9089,0.3354174792766571
9090,0.28064629435539246
9091,0.4622251093387604
9092,0.5118166208267212
9093,0.7722230553627014
9094,0.3130120038986206
9095,0.5094142556190491
9096,0.36824172735214233
9097,0.26918378472328186
9098,0.44720056653022766
9099,0.5598405003547668
9100,0.5147151350975037
9101,0.7420303225517273
9102,0.47234925627708435
9103,0.41293269395828247
9104,0.5673286318778992
9105,0.4762440621852875
9106,0.4457114338874817
9107,0.5394282937049866
9108,0.39175212383270264
9109,0.41416364908218384
9110,0.4033888578414917
9111,0.49177470803260803
9112,0.50799959897995
9113,0.3806605041027069
9114,0.5454954504966736
9115,0.5659805536270142
9116,0.3721066415309906
9117,0.5127921104431152
9118,0.6855267286300659
9119,0.3731362521648407
9120,0.6505739688873291
9121,0.6412256360054016
9122,0.47286880016326904
9123,0.4149082601070404
9124,0.6333897709846497
9125,0.4710090458393097
9126,0.24805310368537903
9127,0.2831679582595825
9128,0.4469057619571686
9129,0.41128259897232056
9130,0.4907979667186737
9131,0.4113047420978546
9132,0.4635738134384155
9133,0.7845171689987183
9134,0.7570688128471375
9135,0.3770718574523926
9136,0.6060634255409241
9137,0.5076331496238708
9138,0.4579245150089264
9139,0.4196798503398895
9140,0.7846711874008179
9141,0.32971444725990295
9142,0.282341331243515
9143,0.5189456343650818
9144,0.6004721522331238
9145,0.3538927435874939
9146,0.3556429445743561
9147,0.3015962541103363
9148,0.3611849546432495
9149,0.5315173864364624
9150,0.6088975071907043
9151,0.4779300093650818
9152,0.3545999228954315
9153,0.25271984934806824
9154,0.46489813923835754
9155,0.4201109707355499
9156,0.6742240786552429
9157,0.5499908924102783
9158,0.45486292243003845
9159,0.1511162966489792
9160,0.47025325894355774
9161,0.6516181826591492
9162,0.3095659613609314
9163,0.2663155496120453
9164,0.42902761697769165
9165,0.44185343384742737
9166,0.5907295942306519
9167,0.45748618245124817
9168,0.23423394560813904
9169,0.41688838601112366
9170,0.6235468983650208
9171,0.3996039032936096
9172,0.23174111545085907
9173,0.44765856862068176
9174,0.4936797618865967
9175,0.3298141062259674
9176,0.4869583547115326
9177,0.35343965888023376
9178,0.3990437090396881
9179,0.26570838689804077
9180,0.6616040468215942
9181,0.2967356741428375
9182,0.5188044309616089
9183,0.4131496250629425
9184,0.30823445320129395
9185,0.6125687956809998
9186,0.590093195438385
9187,0.42019516229629517
9188,0.5553362369537354
9189,0.4762379825115204
9190,0.40753743052482605
9191,0.21313267946243286
9192,0.7368482351303101
9193,0.6506308913230896
9194,0.36079835891723633
9195,0.5121117234230042
9196,0.5114242434501648
9197,0.779880940914154
9198,0.5105202794075012
9199,0.6963551044464111
9200,0.40213561058044434
9201,0.5930542349815369
9202,0.5893238186836243
9203,0.4737779200077057
9204,0.18732832372188568
9205,0.34441664814949036
9206,0.44903334975242615
9207,0.4811192452907562
9208,0.7590883374214172
9209,0.5054270029067993
9210,0.4826066792011261
9211,0.2884674668312073
9212,0.3673386871814728
9213,0.5232152342796326
9214,0.5295675992965698
9215,0.5660894513130188
9216,0.7202081084251404
9217,0.4531470835208893
9218,0.4326639175415039
9219,0.3323134183883667
9220,0.5762172937393188
9221,0.7590805292129517
9222,0.46182960271835327
9223,0.6604859232902527
9224,0.3969782590866089
9225,0.4733370542526245
9226,0.49942636489868164
9227,0.7230483889579773
9228,0.35073840618133545
9229,0.5828459858894348
9230,0.5026798248291016
9231,0.5786311030387878
9232,0.3407503664493561
9233,0.4568665027618408
9234,0.4286424219608307
9235,0.7545353174209595
9236,0.4679146111011505
9237,0.2981633245944977
9238,0.5024691820144653
9239,0.35924118757247925
9240,0.719075083732605
9241,0.4606277346611023
9242,0.4808865189552307
9243,0.3085574209690094
9244,0.6122625470161438
9245,0.5927460193634033
9246,0.43795499205589294
9247,0.4989585280418396
9248,0.42271190881729126
9249,0.30467459559440613
9250,0.5877147316932678
9251,0.6223160624504089
9252,0.3062294125556946
9253,0.5889715552330017
9254,0.47426578402519226
9255,0.20509853959083557
9256,0.2923212945461273
9257,0.37240666151046753
9258,0.48154565691947937
9259,0.4226454496383667
9260,0.35391029715538025
9261,0.30553293228149414
9262,0.6882383227348328
9263,0.7491291761398315
9264,0.4514378607273102
9265,0.7185150980949402
9266,0.4918057322502136
9267,0.6737608909606934
9268,0.3738361895084381
9269,0.6568230986595154
9270,0.5489527583122253
9271,0.3590181767940521
9272,0.3926064372062683
9273,0.4905063211917877
9274,0.36368581652641296
9275,0.5791762471199036
9276,0.37639638781547546
9277,0.39594539999961853
9278,0.516106367111206
9279,0.6565563082695007
9280,0.55873042345047
9281,0.42134734988212585
9282,0.4683748781681061
9283,0.3842608630657196
9284,0.4634024500846863
9285,0.572243332862854
9286,0.5528483986854553
9287,0.2586638927459717
9288,0.7652475237846375
9289,0.5531231760978699
9290,0.3931991159915924
9291,0.3332657814025879
9292,0.5860768556594849
9293,0.565970242023468
9294,0.47340214252471924
9295,0.4664746820926666
9296,0.49952346086502075
9297,0.4242212474346161
9298,0.3347751200199127
9299,0.3282712996006012
9300,0.2529151737689972
9301,0.6634086966514587
9302,0.39251509308815
9303,0.4637630879878998
9304,0.6096340417861938
9305,0.48067766427993774
9306,0.4166426956653595
9307,0.6300186514854431
9308,0.5470824837684631
9309,0.45150691270828247
9310,0.6752147674560547
9311,0.7597385048866272
9312,0.768365740776062
9313,0.27120816707611084
9314,0.5770621299743652
9315,0.5934920907020569
9316,0.46167150139808655
9317,0.5500788688659668
9318,0.7186347842216492
9319,0.5204402208328247
9320,0.6652417182922363
9321,0.7954127192497253
9322,0.36585503816604614
9323,0.38240912556648254
9324,0.46724632382392883
9325,0.7287710309028625
9326,0.6845596432685852
9327,0.6557289361953735
9328,0.5292460918426514
9329,0.30904749035835266
9330,0.3670167624950409
9331,0.3412979245185852
9332,0.48784908652305603
9333,0.5639592409133911
9334,0.29798007011413574
9335,0.5088475942611694
9336,0.43790870904922485
9337,0.6820177435874939
9338,0.5246155261993408
9339,0.41289302706718445
9340,0.47879788279533386
9341,0.34126779437065125
9342,0.4746285378932953
9343,0.445670485496521
9344,0.6185337901115417
9345,0.36276736855506897
9346,0.5116119980812073
9347,0.35172149538993835
9348,0.7770532965660095
9349,0.6756413578987122
9350,0.5013630390167236
9351,0.36390599608421326
9352,0.3459540903568268
9353,0.568777322769165
9354,0.41124409437179565
9355,0.7703591585159302
9356,0.6435801386833191
9357,0.26820358633995056
9358,0.41225478053092957
9359,0.2257901430130005
9360,0.4949287474155426
9361,0.7892012596130371
9362,0.6490587592124939
9363,0.5805994272232056
9364,0.521812379360199
9365,0.6449934840202332
9366,0.6705613732337952
9367,0.4518454968929291
9368,0.5214155912399292
9369,0.46912917494773865
9370,0.7767870426177979
9371,0.7546921372413635
9372,0.5705673694610596
9373,0.43818268179893494
9374,0.3920968174934387
9375,0.40997159481048584
9376,0.3057604730129242
9377,0.5355238318443298
9378,0.5429593324661255
9379,0.16910752654075623
9380,0.4536626636981964
9381,0.627376139163971
9382,0.48825302720069885
9383,0.34136611223220825
9384,0.4629843533039093
9385,0.7582408785820007
9386,0.49976465106010437
9387,0.2930547893047333
9388,0.3604443073272705
9389,0.6793283820152283
9390,0.7939887046813965
9391,0.6777363419532776
9392,0.45723339915275574
9393,0.42028817534446716
9394,0.431841641664505
9395,0.6325836181640625
9396,0.4683569669723511
9397,0.6178107857704163
9398,0.47302618622779846
9399,0.6379192471504211
9400,0.47814229130744934
9401,0.49480634927749634
9402,0.45674005150794983
9403,0.475987046957016
9404,0.7045809030532837
9405,0.6030504107475281
9406,0.3318926692008972
9407,0.5760091543197632
9408,0.30133485794067383
9409,0.48506855964660645
9410,0.7587787508964539
9411,0.5749800205230713
9412,0.5300422310829163
9413,0.5371699333190918
9414,0.7294458150863647
9415,0.6724722385406494
9416,0.44489380717277527
9417,0.43979009985923767
9418,0.34437981247901917
9419,0.47161006927490234
9420,0.645974338054657
9421,0.5755804777145386
9422,0.7544572949409485
9423,0.6628038287162781
9424,0.4981609284877777
9425,0.4602004885673523
9426,0.2452683001756668
9427,0.7825530171394348
9428,0.7008073925971985
9429,0.7641818523406982
9430,0.20292727649211884
9431,0.3799287676811218
9432,0.6605411767959595
9433,0.3833061158657074
9434,0.32396242022514343
9435,0.549952507019043
9436,0.33953407406806946
9437,0.4657413363456726
9438,0.7573570013046265
9439,0.4966859817504883
9440,0.37532898783683777
9441,0.4398597478866577
9442,0.6232376098632812
9443,0.3903998136520386
9444,0.3208880126476288
9445,0.6621206402778625
9446,0.32218989729881287
9447,0.7243355512619019
9448,0.4490068554878235
9449,0.6430444121360779
9450,0.6982772946357727
9451,0.6145816445350647
9452,0.49349260330200195
9453,0.14933796226978302
9454,0.23985807597637177
9455,0.6540957689285278
9456,0.23311758041381836
9457,0.6765350103378296
9458,0.6435628533363342
9459,0.41247764229774475
9460,0.5341477990150452
9461,0.37823307514190674
9462,0.41072317957878113
9463,0.3832952380180359
9464,0.29289063811302185
9465,0.40942415595054626
9466,0.3190840780735016
9467,0.5801692605018616
9468,0.7709285020828247
9469,0.49077108502388
9470,0.45013752579689026
9471,0.534661054611206
9472,0.3497999906539917
9473,0.5319024920463562
9474,0.5775493383407593
9475,0.5754801630973816
9476,0.6738422513008118
9477,0.43685638904571533
9478,0.3262374699115753
9479,0.40084415674209595
9480,0.6202242970466614
9481,0.6908618807792664
9482,0.7293420433998108
9483,0.4154747426509857
9484,0.46161526441574097
9485,0.42301419377326965
9486,0.4910162687301636
9487,0.4701257050037384
9488,0.4628385901451111
9489,0.46190178394317627
9490,0.7012451887130737
9491,0.6922337412834167
9492,0.4222879707813263
9493,0.4584222137928009
9494,0.4738299548625946
9495,0.25210243463516235
9496,0.48663613200187683
9497,0.37661537528038025
9498,0.43589237332344055
9499,0.6658337116241455
9500,0.5069003701210022
9501,0.7410309910774231
9502,0.29350996017456055
9503,0.3592664897441864
9504,0.49263978004455566
9505,0.20612162351608276
9506,0.6129793524742126
9507,0.44592195749282837
9508,0.4060807526111603
9509,0.7831549048423767
9510,0.3801744878292084
9511,0.3989691734313965
9512,0.4560191035270691
9513,0.4901893436908722
9514,0.5156325101852417
9515,0.47923463582992554
9516,0.6172173023223877
9517,0.43880024552345276
9518,0.6721305251121521
9519,0.48349595069885254
9520,0.4258049428462982
9521,0.733374297618866
9522,0.4371482729911804
9523,0.6043944954872131
9524,0.7173604369163513
9525,0.6681738495826721
9526,0.2782188653945923
9527,0.3142276406288147
9528,0.5452422499656677
9529,0.463896781206131
9530,0.5338332653045654
9531,0.47573918104171753
9532,0.7662948369979858
9533,0.27349749207496643
9534,0.48715847730636597
9535,0.7167965173721313
9536,0.7600854635238647
9537,0.29306039214134216
9538,0.38995161652565
9539,0.6861322522163391
9540,0.3720594346523285
9541,0.4648585021495819
9542,0.34539154171943665
9543,0.71413654088974
9544,0.4077034294605255
9545,0.4697912931442261
9546,0.43765318393707275
9547,0.24759459495544434
9548,0.467403382062912
9549,0.5482954978942871
9550,0.7862986326217651
9551,0.23765483498573303
9552,0.6053560972213745
9553,0.22475650906562805
9554,0.3574059307575226
9555,0.515566349029541
9556,0.772308349609375
9557,0.5241428017616272
9558,0.5830348134040833
9559,0.4340980052947998
9560,0.4361305236816406
9561,0.7465690970420837
9562,0.43520432710647583
9563,0.4827005863189697
9564,0.49094358086586
9565,0.584158718585968
9566,0.7802008390426636
9567,0.5998827815055847
9568,0.42425623536109924
9569,0.3518214225769043
9570,0.6253962516784668
9571,0.41316330432891846
9572,0.49482640624046326
9573,0.6244010329246521
9574,0.22842124104499817
9575,0.27046504616737366
9576,0.2645663321018219
9577,0.41650474071502686
9578,0.36518141627311707
9579,0.4719140827655792
9580,0.6172619462013245
9581,0.4934230148792267
9582,0.7370911836624146
9583,0.3709130585193634
9584,0.5880667567253113
9585,0.7308874726295471
9586,0.45750701427459717
9587,0.2894764244556427
9588,0.590779721736908
9589,0.5438637137413025
9590,0.37548789381980896
9591,0.4603427052497864
9592,0.44652846455574036
9593,0.322739839553833
9594,0.5980672240257263
9595,0.3050379455089569
9596,0.6678614020347595
9597,0.6027476787567139
9598,0.45334863662719727
9599,0.6122208833694458
9600,0.5460227727890015
9601,0.3385697305202484
9602,0.5164053440093994
9603,0.6237706542015076
9604,0.3888413906097412
9605,0.4671511650085449
9606,0.32338324189186096
9607,0.574250340461731
9608,0.45512235164642334
9609,0.4451214373111725
9610,0.3454136848449707
9611,0.4859042465686798
9612,0.717941403388977
9613,0.4581380784511566
9614,0.4551723599433899
9615,0.24202975630760193
9616,0.35649511218070984
9617,0.4559518098831177
9618,0.60618656873703
9619,0.454806387424469
9620,0.5301737189292908
9621,0.4643242359161377
9622,0.3969254195690155
9623,0.37581127882003784
9624,0.361036092042923
9625,0.6365481615066528
9626,0.5064824819564819
9627,0.47246304154396057
9628,0.36722755432128906
9629,0.7588546276092529
9630,0.4534778296947479
9631,0.7133558392524719
9632,0.4847741425037384
9633,0.404107004404068
9634,0.5504197478294373
9635,0.21510258316993713
9636,0.5386314392089844
9637,0.4800548255443573
9638,0.27668529748916626
9639,0.23438015580177307
9640,0.2704385221004486
9641,0.6563022136688232
9642,0.3663875162601471
9643,0.35659119486808777
9644,0.4692639708518982
9645,0.7613484859466553
9646,0.5973846316337585
9647,0.4660009443759918
9648,0.5816166400909424
9649,0.5273457765579224
9650,0.7036006450653076
9651,0.5057295560836792
9652,0.19329456984996796
9653,0.5840248465538025
9654,0.668674111366272
9655,0.3040318191051483
9656,0.40510329604148865
9657,0.38764214515686035
9658,0.4907761514186859
9659,0.6579873561859131
9660,0.5153548717498779
9661,0.5776986479759216
9662,0.695743203163147
9663,0.5323638916015625
9664,0.44216153025627136
9665,0.5753558874130249
9666,0.23470033705234528
9667,0.5329967737197876
9668,0.3975006639957428
9669,0.6561487317085266
9670,0.4158691465854645
9671,0.7401374578475952
9672,0.42632490396499634
9673,0.7547188997268677
9674,0.6536277532577515
9675,0.4420894682407379
9676,0.4352796673774719
9677,0.7873067855834961
9678,0.43107667565345764
9679,0.663877546787262
9680,0.5366919636726379
9681,0.5590574741363525
9682,0.7767748236656189
9683,0.4344973862171173
9684,0.33793601393699646
9685,0.32975614070892334
9686,0.5695281028747559
9687,0.7469798922538757
9688,0.21585321426391602
9689,0.615168571472168
9690,0.36389049887657166
9691,0.4908686578273773
9692,0.3568524718284607
9693,0.38517794013023376
9694,0.36471304297447205
9695,0.39348286390304565
9696,0.3781609535217285
9697,0.4874752461910248
9698,0.22863106429576874
9699,0.4086357653141022
9700,0.675781786441803
9701,0.44494107365608215
9702,0.48301929235458374
9703,0.36436912417411804
9704,0.434067040681839
9705,0.37748149037361145
9706,0.4537181258201599
9707,0.7553061842918396
9708,0.30022016167640686
9709,0.36136895418167114
9710,0.4912834167480469
9711,0.7016379237174988
9712,0.4688696563243866
9713,0.7810001373291016
9714,0.7784743905067444
9715,0.4693981111049652
9716,0.30513837933540344
9717,0.48243650794029236
9718,0.6609103679656982
9719,0.640319287776947
9720,0.3846793472766876
9721,0.47918301820755005
9722,0.23854076862335205
9723,0.4129714071750641
9724,0.40232256054878235
9725,0.5213356018066406
9726,0.2402695268392563
9727,0.5209287405014038
9728,0.3914152681827545
9729,0.5832225680351257
9730,0.4086298644542694
9731,0.5110435485839844
9732,0.488960862159729
9733,0.4776800572872162
9734,0.5158935189247131
9735,0.523560643196106
9736,0.22960351407527924
9737,0.4376240074634552
9738,0.7456198930740356
9739,0.6765652298927307
9740,0.39964476227760315
9741,0.6259675621986389
9742,0.3689879775047302
9743,0.4773062467575073
9744,0.7408658266067505
9745,0.6655436158180237
9746,0.4435437023639679
9747,0.4591369926929474
9748,0.3088782727718353
9749,0.6796128749847412
9750,0.4824792742729187
9751,0.33060503005981445
9752,0.5982465147972107
9753,0.45770859718322754
9754,0.5466113090515137
9755,0.5465404391288757
9756,0.5857711434364319
9757,0.5368766784667969
9758,0.3453100919723511
9759,0.32092949748039246
9760,0.6705159544944763
9761,0.4337494671344757
9762,0.49605464935302734
9763,0.6168098449707031
9764,0.5094605088233948
9765,0.4776748716831207
9766,0.764255940914154
9767,0.7170076966285706
9768,0.7695355415344238
9769,0.45361942052841187
9770,0.41770192980766296
9771,0.3366451859474182
9772,0.6741011142730713
9773,0.551618218421936
9774,0.7599327564239502
9775,0.3322511613368988
9776,0.6629930138587952
9777,0.7116661071777344
9778,0.5983176827430725
9779,0.469147652387619
9780,0.391413152217865
9781,0.4916279911994934
9782,0.3398617208003998
9783,0.45351484417915344
9784,0.6939074397087097
9785,0.7921720147132874
9786,0.4480132758617401
9787,0.5811089277267456
9788,0.29704749584198
9789,0.7707744240760803
9790,0.35392019152641296
9791,0.21626468002796173
9792,0.5688768029212952
9793,0.4637521505355835
9794,0.556653618812561
9795,0.6504386067390442
9796,0.521984338760376
9797,0.3624288737773895
9798,0.5123878121376038
9799,0.41519346833229065
9800,0.7574119567871094
9801,0.6624360084533691
9802,0.518437922000885
9803,0.4049271047115326
9804,0.7806499004364014
9805,0.4573286771774292
9806,0.31808894872665405
9807,0.6059306263923645
9808,0.2973739802837372
9809,0.6777613759040833
9810,0.4168168008327484
9811,0.46319830417633057
9812,0.41071629524230957
9813,0.47788378596305847
9814,0.6427955031394958
9815,0.5615568161010742
9816,0.30949029326438904
9817,0.7630815505981445
9818,0.7549758553504944
9819,0.30133256316185
9820,0.6021104454994202
9821,0.326516330242157
9822,0.6081322431564331
9823,0.39572873711586
9824,0.5260635018348694
9825,0.29830682277679443
9826,0.39944127202033997
9827,0.44450685381889343
9828,0.37443724274635315
9829,0.6212044358253479
9830,0.45819637179374695
9831,0.19245842099189758
9832,0.4575326144695282
9833,0.5834711194038391
9834,0.7809735536575317
9835,0.5029622316360474
9836,0.6064767241477966
9837,0.6203418970108032
9838,0.7834300994873047
9839,0.507027804851532
9840,0.34496966004371643
9841,0.2899848222732544
9842,0.6936953663825989
9843,0.6718608736991882
9844,0.395450621843338
9845,0.47498539090156555
9846,0.5518007874488831
9847,0.40628647804260254
9848,0.46694573760032654
9849,0.43459418416023254
9850,0.27312591671943665
9851,0.6813048720359802
9852,0.544093906879425
9853,0.782745897769928
9854,0.4756288230419159
9855,0.6889799237251282
9856,0.7758082747459412
9857,0.528304934501648
9858,0.5444496273994446
9859,0.3671896755695343
9860,0.3554741144180298
9861,0.5200758576393127
9862,0.351635217666626
9863,0.2393227517604828
9864,0.6886346936225891
9865,0.5315737724304199
9866,0.7498459219932556
9867,0.5176089406013489
9868,0.4173547029495239
9869,0.6911041140556335
9870,0.5053349733352661
9871,0.439622700214386
9872,0.4472833275794983
9873,0.45683053135871887
9874,0.44578465819358826
9875,0.6540640592575073
9876,0.4962611496448517
9877,0.48871713876724243
9878,0.42621761560440063
9879,0.7613964676856995
9880,0.7745186686515808
9881,0.547063946723938
9882,0.5240911245346069
9883,0.5515540242195129
9884,0.4261038601398468
9885,0.40042781829833984
9886,0.35882115364074707
9887,0.6924846172332764
9888,0.5323008894920349
9889,0.41748282313346863
9890,0.4641091525554657
9891,0.6746131181716919
9892,0.43313825130462646
9893,0.48712554574012756
9894,0.4197476804256439
9895,0.5930405855178833
9896,0.38127633929252625
9897,0.23710250854492188
9898,0.4740104079246521
9899,0.39883020520210266
9900,0.6921638250350952
9901,0.4617326855659485
9902,0.23416690528392792
9903,0.5580145120620728
9904,0.7018109560012817
9905,0.5165845155715942
9906,0.7511425018310547
9907,0.5704241394996643
9908,0.773761510848999
9909,0.48389944434165955
9910,0.7614543437957764
9911,0.6562072038650513
9912,0.6174713373184204
9913,0.2815162241458893
9914,0.2750111520290375
9915,0.6804400086402893
9916,0.4615109860897064
9917,0.6350730657577515
9918,0.4539881646633148
9919,0.26568546891212463
9920,0.49698349833488464
9921,0.6541113257408142
9922,0.7208177447319031
9923,0.7636293768882751
9924,0.6068521738052368
9925,0.23537516593933105
9926,0.21865251660346985
9927,0.27906155586242676
9928,0.5801125168800354
9929,0.3756447434425354
9930,0.6415544748306274
9931,0.5575453639030457
9932,0.5794130563735962
9933,0.628646731376648
9934,0.4976091980934143
9935,0.5181487798690796
9936,0.2682971656322479
9937,0.7474703192710876
9938,0.42431023716926575
9939,0.69354248046875
9940,0.36062556505203247
9941,0.5792129635810852
9942,0.3526841700077057
9943,0.491586297750473
9944,0.6486758589744568
9945,0.40929919481277466
9946,0.4019898772239685
9947,0.7747246026992798
9948,0.3503371477127075
9949,0.7617639899253845
9950,0.7620877623558044
9951,0.40695223212242126
9952,0.4392397999763489
9953,0.41652217507362366
9954,0.5380305051803589
9955,0.2639261484146118
9956,0.30238866806030273
9957,0.27053430676460266
9958,0.7676036953926086
9959,0.5436444282531738
9960,0.6912192702293396
9961,0.6001964807510376
9962,0.38317641615867615
9963,0.39805856347084045
9964,0.35143157839775085
9965,0.513543963432312
9966,0.7594295144081116
9967,0.5123267769813538
9968,0.3446838855743408
9969,0.5365111827850342
9970,0.6114451885223389
9971,0.6299561262130737
9972,0.35259705781936646
9973,0.2858027517795563
9974,0.31581804156303406
9975,0.4040568172931671
9976,0.4520559012889862
9977,0.5396918654441833
9978,0.6649921536445618
9979,0.5085996985435486
9980,0.3581763207912445
9981,0.5393015742301941
9982,0.7255806922912598
9983,0.4207211434841156
9984,0.7930876612663269
9985,0.38753315806388855
9986,0.3284069299697876
9987,0.7487068176269531
9988,0.7655040621757507
9989,0.6323691010475159
9990,0.4611847996711731
9991,0.549936830997467
9992,0.4607795476913452
9993,0.36978965997695923
9994,0.2690226137638092
9995,0.2953825891017914
9996,0.5141478180885315
9997,0.24517038464546204
9998,0.36520394682884216
9999,0.37165841460227966
10000,0.4463585615158081
10001,0.28853172063827515
10002,0.7710589170455933
10003,0.49436360597610474
10004,0.44796067476272583
10005,0.43036264181137085
10006,0.5634656548500061
10007,0.5611732006072998
10008,0.5023069381713867
10009,0.6629528403282166
10010,0.3916572630405426
10011,0.37033331394195557
10012,0.2944011688232422
10013,0.7685854434967041
10014,0.462766170501709
10015,0.5419386029243469
10016,0.30459848046302795
10017,0.3774082362651825
10018,0.2998877465724945
10019,0.4630895256996155
10020,0.7658894062042236
10021,0.6389575004577637
10022,0.5226038694381714
10023,0.5814036130905151
10024,0.6733947396278381
10025,0.41708365082740784
10026,0.3781745433807373
10027,0.44592341780662537
10028,0.4452888071537018
10029,0.47691208124160767
10030,0.21546828746795654
10031,0.3775315284729004
10032,0.5649599432945251
10033,0.46956655383110046
10034,0.4235222637653351
10035,0.5913486480712891
10036,0.6733639240264893
10037,0.6630812883377075
10038,0.6345210671424866
10039,0.4332728087902069
10040,0.4341147840023041
10041,0.4821546673774719
10042,0.5270240306854248
10043,0.5287023782730103
10044,0.46538233757019043
10045,0.39779016375541687
10046,0.6558865904808044
10047,0.2933845818042755
10048,0.3172689378261566
10049,0.2439764440059662
10050,0.667008638381958
10051,0.6384477019309998
10052,0.2200695127248764
10053,0.69877690076828
10054,0.6524184942245483
10055,0.5967203974723816
10056,0.4946315586566925
10057,0.475700706243515
10058,0.40851297974586487
10059,0.37631723284721375
10060,0.5357144474983215
10061,0.44103121757507324
10062,0.7342901825904846
10063,0.7555767297744751
10064,0.2790340781211853
10065,0.7654837369918823
10066,0.4632430970668793
10067,0.5877271294593811
10068,0.4948425889015198
10069,0.6979387998580933
10070,0.31466999650001526
10071,0.5002481937408447
10072,0.23243498802185059
10073,0.7899689078330994
10074,0.3759373128414154
10075,0.48777925968170166
10076,0.6016874313354492
10077,0.7745564579963684
10078,0.6205358505249023
10079,0.5062175989151001
10080,0.36013585329055786
10081,0.45992743968963623
10082,0.44939225912094116
10083,0.5477068424224854
10084,0.5898688435554504
10085,0.6974884271621704
10086,0.44504594802856445
10087,0.3188149631023407
10088,0.7245879173278809
10089,0.5248379111289978
10090,0.5428481101989746
10091,0.6044753193855286
10092,0.4812432825565338
10093,0.6804190278053284
10094,0.703372597694397
10095,0.5436484813690186
10096,0.21430400013923645
10097,0.7617336511611938
10098,0.5152269005775452
10099,0.3669101297855377
10100,0.6905307173728943
10101,0.23093369603157043
10102,0.3055741488933563
10103,0.5062838196754456
10104,0.5425429344177246
10105,0.34229129552841187
10106,0.4602504074573517
10107,0.6996058225631714
10108,0.5598158836364746
10109,0.4712192714214325
10110,0.604763925075531
10111,0.39728137850761414
10112,0.45204922556877136
10113,0.3746854364871979
10114,0.24579468369483948
10115,0.3454726040363312
10116,0.6610281467437744
10117,0.4927905201911926
10118,0.37559232115745544
10119,0.4324617385864258
10120,0.494008868932724
10121,0.4521005153656006
10122,0.3570697009563446
10123,0.7525139451026917
10124,0.7665359377861023
10125,0.6865666508674622
10126,0.45448827743530273
10127,0.5341771245002747
10128,0.7181208729743958
10129,0.31360918283462524
10130,0.4298582971096039
10131,0.7789835333824158
10132,0.7721858024597168
10133,0.2359084188938141
10134,0.4344693124294281
10135,0.4402906000614166
10136,0.4872848093509674
10137,0.474325031042099
10138,0.4903106093406677
10139,0.5732077360153198
10140,0.5508862137794495
10141,0.7145475745201111
10142,0.3451635539531708
10143,0.3244914710521698
10144,0.522833526134491
10145,0.46180734038352966
10146,0.5324657559394836
10147,0.5338419675827026
10148,0.6108048558235168
10149,0.640289306640625
10150,0.4285871386528015
10151,0.2106630504131317
10152,0.5762962698936462
10153,0.3577985465526581
10154,0.29550984501838684
10155,0.3761436343193054
10156,0.3398895263671875
10157,0.4671468436717987
10158,0.692035436630249
10159,0.6587933301925659
10160,0.4929414689540863
10161,0.5230547785758972
10162,0.3153727948665619
10163,0.46832603216171265
10164,0.6556867957115173
10165,0.31434181332588196
10166,0.7799186706542969
10167,0.44234755635261536
10168,0.6408606171607971
10169,0.44322890043258667
10170,0.4317443072795868
10171,0.398770809173584
10172,0.7236568927764893
10173,0.44976580142974854
10174,0.6288362741470337
10175,0.3504140079021454
10176,0.38549262285232544
10177,0.4889664053916931
10178,0.5979558229446411
10179,0.37382593750953674
10180,0.42127725481987
10181,0.4700177013874054
10182,0.5588680505752563
10183,0.24588584899902344
10184,0.4661332070827484
10185,0.5515196323394775
10186,0.47128838300704956
10187,0.3618210554122925
10188,0.36845406889915466
10189,0.4170581102371216
10190,0.7688971161842346
10191,0.7629466652870178
10192,0.2995670735836029
10193,0.27397456765174866
10194,0.4734320342540741
10195,0.7932459712028503
10196,0.4974975883960724
10197,0.6231610774993896
10198,0.6795983910560608
10199,0.4164123237133026
10200,0.319569855928421
10201,0.6763155460357666
10202,0.5603676438331604
10203,0.44526922702789307
10204,0.6443766951560974
10205,0.41011711955070496
10206,0.6616744995117188
10207,0.458912193775177
10208,0.4634231626987457
10209,0.5493921041488647
10210,0.4709731936454773
10211,0.43388840556144714
10212,0.6005741357803345
10213,0.40880194306373596
10214,0.4878980815410614
10215,0.26195859909057617
10216,0.41559162735939026
10217,0.7630846500396729
10218,0.5936248302459717
10219,0.44371968507766724
10220,0.22817933559417725
10221,0.47260499000549316
10222,0.5824149250984192
10223,0.6488237380981445
10224,0.5691420435905457
10225,0.36800315976142883
10226,0.409238338470459
10227,0.49450334906578064
10228,0.45708274841308594
10229,0.8065928816795349
10230,0.30247071385383606
10231,0.4443719685077667
10232,0.5242024064064026
10233,0.7014117240905762
10234,0.3803088963031769
10235,0.6486353278160095
10236,0.31160032749176025
10237,0.15842531621456146
10238,0.671110212802887
10239,0.4966271221637726
10240,0.658402144908905
10241,0.46034178137779236
10242,0.17803268134593964
10243,0.20583948493003845
10244,0.6259653568267822
10245,0.21804653108119965
10246,0.38608095049858093
10247,0.7008143663406372
10248,0.4318622052669525
10249,0.5631237030029297
10250,0.4953320622444153
10251,0.3781495988368988
10252,0.40588679909706116
10253,0.7341480851173401
10254,0.7495587468147278
10255,0.5335413813591003
10256,0.5196683406829834
10257,0.4586468040943146
10258,0.4230196177959442
10259,0.4900485873222351
10260,0.4990472197532654
10261,0.45338696241378784
10262,0.7806357741355896
10263,0.2080746591091156
10264,0.3613600730895996
10265,0.43697622418403625
10266,0.5205823183059692
10267,0.7162584066390991
10268,0.6015685200691223
10269,0.2175767570734024
10270,0.40914320945739746
10271,0.7756509184837341
10272,0.648853063583374
10273,0.650916576385498
10274,0.618410587310791
10275,0.36389198899269104
10276,0.5509608387947083
10277,0.4495990574359894
10278,0.7276225090026855
10279,0.74929279088974
10280,0.4478863775730133
10281,0.5409970283508301
10282,0.7220473289489746
10283,0.3704952597618103
10284,0.5109810829162598
10285,0.30159416794776917
10286,0.4069644510746002
10287,0.22204485535621643
10288,0.20556239783763885
10289,0.6678577661514282
10290,0.351388156414032
10291,0.5971308946609497
10292,0.7726336717605591
10293,0.6397273540496826
10294,0.3726669251918793
10295,0.3027094006538391
10296,0.48289766907691956
10297,0.7504415512084961
10298,0.6441558003425598
10299,0.7574936151504517
10300,0.6534808874130249
10301,0.7757896184921265
10302,0.5583047270774841
10303,0.7329787015914917
10304,0.6551573276519775
10305,0.30817633867263794
10306,0.4646871089935303
10307,0.42272627353668213
10308,0.4505230784416199
10309,0.6197033524513245
10310,0.47785383462905884
10311,0.5493902564048767
10312,0.44781938195228577
10313,0.35273459553718567
10314,0.4439409077167511
10315,0.48534098267555237
10316,0.5030564665794373
10317,0.6732255220413208
10318,0.4809581935405731
10319,0.6018637418746948
10320,0.5244417786598206
10321,0.29170408844947815
10322,0.5049651265144348
10323,0.6363396644592285
10324,0.4623624086380005
10325,0.5920871496200562
10326,0.2931511700153351
10327,0.38576453924179077
10328,0.466140478849411
10329,0.46929076313972473
10330,0.6200987696647644
10331,0.2775671184062958
10332,0.5894122123718262
10333,0.661342203617096
10334,0.31411468982696533
10335,0.48508182168006897
10336,0.7461378574371338
10337,0.5188051462173462
10338,0.6855380535125732
10339,0.26323622465133667
10340,0.30294889211654663
10341,0.2950173318386078
10342,0.4522942900657654
10343,0.7043389678001404
10344,0.7164333462715149
10345,0.4931395351886749
10346,0.4637390077114105
10347,0.6645405292510986
10348,0.4766940772533417
10349,0.5676384568214417
10350,0.4714965224266052
10351,0.30218857526779175
10352,0.4561353921890259
10353,0.3663637042045593
10354,0.5383878350257874
10355,0.5194875597953796
10356,0.4663625657558441
10357,0.40928414463996887
10358,0.28703904151916504
10359,0.4258398413658142
10360,0.4431068003177643
10361,0.7777061462402344
10362,0.7752832770347595
10363,0.4541233479976654
10364,0.6886338591575623
10365,0.39419838786125183
10366,0.3138755261898041
10367,0.42769676446914673
10368,0.4407740831375122
10369,0.7442254424095154
10370,0.7348361611366272
10371,0.7542341351509094
10372,0.6585279107093811
10373,0.30033600330352783
10374,0.2500198185443878
10375,0.3245064914226532
10376,0.6966610550880432
10377,0.7702765464782715
10378,0.33402499556541443
10379,0.48564183712005615
10380,0.7880638837814331
10381,0.5329449772834778
10382,0.6378516554832458
10383,0.659540057182312
10384,0.6220639944076538
10385,0.4424738883972168
10386,0.32221391797065735
10387,0.4319339394569397
10388,0.7856340408325195
10389,0.5364585518836975
10390,0.5586299896240234
10391,0.6025980710983276
10392,0.3101491630077362
10393,0.58035808801651
10394,0.6407290697097778
10395,0.5393998026847839
10396,0.22861619293689728
10397,0.6796849966049194
10398,0.3045633137226105
10399,0.335833340883255
10400,0.6481069922447205
10401,0.3649950325489044
10402,0.33249661326408386
10403,0.7071872353553772
10404,0.4723319411277771
10405,0.7998701333999634
10406,0.48396316170692444
10407,0.19201132655143738
10408,0.36992141604423523
10409,0.5625178217887878
10410,0.4197036027908325
10411,0.7596167325973511
10412,0.44046351313591003
10413,0.5541824102401733
10414,0.5001801252365112
10415,0.4747297167778015
10416,0.44937801361083984
10417,0.5075860619544983
10418,0.27241644263267517
10419,0.5733992457389832
10420,0.31371161341667175
10421,0.6443002820014954
10422,0.2633533775806427
10423,0.47491928935050964
10424,0.4708293080329895
10425,0.612383246421814
10426,0.46218326687812805
10427,0.7645784020423889
10428,0.33768561482429504
10429,0.4056106507778168
10430,0.7101382613182068
10431,0.541886568069458
10432,0.6482399702072144
10433,0.5412947535514832
10434,0.4493211805820465
10435,0.34204837679862976
10436,0.7416191101074219
10437,0.24646064639091492
10438,0.777006983757019
10439,0.7283522486686707
10440,0.33863991498947144
10441,0.46380338072776794
10442,0.18651410937309265
10443,0.7906813621520996
10444,0.4515332281589508
10445,0.401560515165329
10446,0.4086604714393616
10447,0.5161848068237305
10448,0.7077710628509521
10449,0.5505111217498779
10450,0.6358069181442261
10451,0.5127095580101013
10452,0.3668387234210968
10453,0.6549688577651978
10454,0.35948339104652405
10455,0.491620272397995
10456,0.3403496742248535
10457,0.6142269372940063
10458,0.5171317458152771
10459,0.4754844605922699
10460,0.3401693105697632
10461,0.6829325556755066
10462,0.5057228207588196
10463,0.30945301055908203
10464,0.6390258073806763
10465,0.32384437322616577
10466,0.41476038098335266
10467,0.6926724910736084
10468,0.4966634511947632
10469,0.568367063999176
10470,0.26933562755584717
10471,0.6743806004524231
10472,0.3749971389770508
10473,0.41368216276168823
10474,0.5894781947135925
10475,0.5188723206520081
10476,0.45996031165122986
10477,0.5177918076515198
10478,0.6206582188606262
10479,0.4146219789981842
10480,0.6402372717857361
10481,0.5594686269760132
10482,0.7426935434341431
10483,0.6906012296676636
10484,0.47044625878334045
10485,0.4051150977611542
10486,0.7820068597793579
10487,0.7603448033332825
10488,0.5982028245925903
10489,0.18504083156585693
10490,0.47089484333992004
10491,0.3913603723049164
10492,0.5302315354347229
10493,0.5550422072410583
10494,0.6407178640365601
10495,0.5954570174217224
10496,0.4342383146286011
10497,0.44087734818458557
10498,0.34895214438438416
10499,0.6119752526283264
10500,0.7672417163848877
10501,0.632004976272583
10502,0.4213675856590271
10503,0.5154339075088501
10504,0.4885338842868805
10505,0.7574751377105713
10506,0.6972383856773376
10507,0.3698597848415375
10508,0.6995378732681274
10509,0.4095152020454407
10510,0.6910029649734497
10511,0.4179491698741913
10512,0.4901021718978882
10513,0.4728010296821594
10514,0.48023858666419983
10515,0.7844768762588501
10516,0.42808279395103455
10517,0.37909358739852905
10518,0.4371267259120941
10519,0.4052288234233856
10520,0.25678539276123047
10521,0.48262593150138855
10522,0.49409130215644836
10523,0.4149099886417389
10524,0.3145873248577118
10525,0.3892150819301605
10526,0.5879818201065063
10527,0.6248615384101868
10528,0.3959433138370514
10529,0.6187129020690918
10530,0.714979887008667
10531,0.4614434838294983
10532,0.5551243424415588
10533,0.377923846244812
10534,0.7834195494651794
10535,0.22341498732566833
10536,0.6835042834281921
10537,0.6227431297302246
10538,0.4728788137435913
10539,0.3050147593021393
10540,0.6393209099769592
10541,0.7829263806343079
10542,0.7517632842063904
10543,0.5034581422805786
10544,0.7712293267250061
10545,0.5571433901786804
10546,0.703992486000061
10547,0.2695646584033966
10548,0.4748712480068207
10549,0.7546559572219849
10550,0.5392882227897644
10551,0.6244485974311829
10552,0.4715820252895355
10553,0.47578299045562744
10554,0.6735692620277405
10555,0.5752511620521545
10556,0.3529451787471771
10557,0.43792372941970825
10558,0.6596760153770447
10559,0.5405252575874329
10560,0.3354416489601135
10561,0.5812614560127258
10562,0.5649433135986328
10563,0.5200549960136414
10564,0.47744885087013245
10565,0.36416810750961304
10566,0.6250008940696716
10567,0.6929083466529846
10568,0.3863135874271393
10569,0.5648930072784424
10570,0.4922555685043335
10571,0.4634787142276764
10572,0.5087205171585083
10573,0.5740944743156433
10574,0.28508856892585754
10575,0.2842447757720947
10576,0.4758364260196686
10577,0.7578492760658264
10578,0.21721850335597992
10579,0.3423324525356293
10580,0.6106420159339905
10581,0.40730831027030945
10582,0.5111281275749207
10583,0.4386492669582367
10584,0.6977559924125671
10585,0.6484958529472351
10586,0.5458572506904602
10587,0.4035056531429291
10588,0.5212666988372803
10589,0.4864383935928345
10590,0.3884979784488678
10591,0.3461444675922394
10592,0.7667930126190186
10593,0.7615916132926941
10594,0.37250423431396484
10595,0.2123434841632843
10596,0.4422318637371063
10597,0.612520158290863
10598,0.47106653451919556
10599,0.23340575397014618
10600,0.5976308584213257
10601,0.3395402431488037
10602,0.4586607813835144
10603,0.5701109766960144
10604,0.3580402433872223
10605,0.497236043214798
10606,0.21247708797454834
10607,0.33180859684944153
10608,0.5979737043380737
10609,0.6140530705451965
10610,0.6160625219345093
10611,0.5665374398231506
10612,0.39939621090888977
10613,0.30361035466194153
10614,0.4619821310043335
10615,0.5939064621925354
10616,0.6900209188461304
10617,0.41132038831710815
10618,0.373336523771286
10619,0.47714895009994507
10620,0.6794124245643616
10621,0.4745728075504303
10622,0.5914581418037415
10623,0.44279226660728455
10624,0.4290631115436554
10625,0.6416667103767395
10626,0.34164777398109436
10627,0.555993914604187
10628,0.3372243344783783
10629,0.49826011061668396
10630,0.7729519009590149
10631,0.4980306625366211
10632,0.4405166208744049
10633,0.6158585548400879
10634,0.67107754945755
10635,0.6902623772621155
10636,0.6947360038757324
10637,0.5666241645812988
10638,0.664793074131012
10639,0.44917216897010803
10640,0.5960424542427063
10641,0.7420948147773743
10642,0.6137129664421082
10643,0.4541877210140228
10644,0.39731350541114807
10645,0.3603249490261078
10646,0.6533461809158325
10647,0.4316134750843048
10648,0.6651525497436523
10649,0.36098286509513855
10650,0.18478995561599731
10651,0.48023468255996704
10652,0.5678400993347168
10653,0.48304152488708496
10654,0.5824593901634216
10655,0.5725694894790649
10656,0.7262644171714783
10657,0.35711541771888733
10658,0.5039814710617065
10659,0.6409890055656433
10660,0.5789214372634888
10661,0.3120397925376892
10662,0.5250511169433594
10663,0.7684395909309387
10664,0.3237828016281128
10665,0.3555131256580353
10666,0.4687138497829437
10667,0.28915098309516907
10668,0.4508376717567444
10669,0.3658739924430847
10670,0.6178890466690063
10671,0.5215224623680115
10672,0.405748575925827
10673,0.518176794052124
10674,0.610458493232727
10675,0.6095408797264099
10676,0.5016236305236816
10677,0.6360540986061096
10678,0.7039209008216858
10679,0.7868589162826538
10680,0.5917122960090637
10681,0.7670212984085083
10682,0.591500997543335
10683,0.5037600994110107
10684,0.33082616329193115
10685,0.4157422184944153
10686,0.3748794496059418
10687,0.32781460881233215
10688,0.5883076786994934
10689,0.3296479284763336
10690,0.5034253597259521
10691,0.3410273492336273
10692,0.5043197274208069
10693,0.4408216178417206
10694,0.39528292417526245
10695,0.7715325951576233
10696,0.5953383445739746
10697,0.7562458515167236
10698,0.6830500364303589
10699,0.21836553514003754
10700,0.5672842860221863
10701,0.6831963658332825
10702,0.2655588984489441
10703,0.22867947816848755
10704,0.5615535378456116
10705,0.3320876657962799
10706,0.4280450642108917
10707,0.5852291584014893
10708,0.40425941348075867
10709,0.6619011759757996
10710,0.5849820971488953
10711,0.5968515872955322
10712,0.5279154181480408
10713,0.6445863842964172
10714,0.4143824875354767
10715,0.4739905595779419
10716,0.5719175338745117
10717,0.2984219193458557
10718,0.4814123809337616
10719,0.3063523471355438
10720,0.44057586789131165
10721,0.3223046362400055
10722,0.6537721157073975
10723,0.4511112868785858
10724,0.454304575920105
10725,0.489789754152298
10726,0.4390093982219696
10727,0.7403674721717834
10728,0.472332626581192
10729,0.4271351099014282
10730,0.5438819527626038
10731,0.42782697081565857
10732,0.5140246748924255
10733,0.33045753836631775
10734,0.6561237573623657
10735,0.502496063709259
10736,0.3450430631637573
10737,0.35033443570137024
10738,0.6531315445899963
10739,0.24695441126823425
10740,0.4845685064792633
10741,0.5120652318000793
10742,0.4467054307460785
10743,0.4298478066921234
10744,0.6488821506500244
10745,0.4911344051361084
10746,0.3323218524456024
10747,0.4937295615673065
10748,0.398809015750885
10749,0.38254016637802124
10750,0.7899224162101746
10751,0.6896474361419678
10752,0.7751418948173523
10753,0.5562180280685425
10754,0.6519802212715149
10755,0.4322303235530853
10756,0.5117483139038086
10757,0.6159042119979858
10758,0.42819294333457947
10759,0.668698251247406
10760,0.35364481806755066
10761,0.3992540240287781
10762,0.5165770053863525
10763,0.7733219861984253
10764,0.4145844876766205
10765,0.4326413869857788
10766,0.4457743763923645
10767,0.4050168991088867
10768,0.3931901752948761
10769,0.6589015126228333
10770,0.41021981835365295
10771,0.2875397503376007
10772,0.3303135633468628
10773,0.7587976455688477
10774,0.33713236451148987
10775,0.5210814476013184
10776,0.7561250925064087
10777,0.41497865319252014
10778,0.31430578231811523
10779,0.6250689625740051
10780,0.35249853134155273
10781,0.7692002654075623
10782,0.4633541405200958
10783,0.49032536149024963
10784,0.5782928466796875
10785,0.3210626542568207
10786,0.4557061791419983
10787,0.47108861804008484
10788,0.6364699006080627
10789,0.6639753580093384
10790,0.4649258553981781
10791,0.6349875926971436
10792,0.3329518139362335
10793,0.2758606970310211
10794,0.23973259329795837
10795,0.7707791924476624
10796,0.5913146138191223
10797,0.25672632455825806
10798,0.34072986245155334
10799,0.4885609447956085
10800,0.6463635563850403
10801,0.39017555117607117
10802,0.4746914505958557
10803,0.6410397291183472
10804,0.40352189540863037
10805,0.6275137662887573
10806,0.485614150762558
10807,0.635865330696106
10808,0.30331796407699585
10809,0.4591461718082428
10810,0.4998762607574463
10811,0.5809431076049805
10812,0.3588392734527588
10813,0.27105513215065
10814,0.5099062919616699
10815,0.7310347557067871
10816,0.32754525542259216
10817,0.7885353565216064
10818,0.3984164595603943
10819,0.5023233890533447
10820,0.31178173422813416
10821,0.406313419342041
10822,0.33907637000083923
10823,0.4442595839500427
10824,0.47711002826690674
10825,0.3296549618244171
10826,0.6129785776138306
10827,0.41752752661705017
10828,0.6335205435752869
10829,0.3325202763080597
10830,0.35844582319259644
10831,0.47692689299583435
10832,0.4506784975528717
10833,0.7581695318222046
10834,0.5166251063346863
10835,0.3015154302120209
10836,0.6201271414756775
10837,0.5586568713188171
10838,0.3993394672870636
10839,0.20519870519638062
10840,0.44774919748306274
10841,0.4562458097934723
10842,0.42780065536499023
10843,0.5634365081787109
10844,0.7423396706581116
10845,0.48449477553367615
10846,0.5963970422744751
10847,0.5609920024871826
10848,0.43752431869506836
10849,0.5877689123153687
10850,0.4313824474811554
10851,0.29714056849479675
10852,0.7132200598716736
10853,0.7144421339035034
10854,0.4626561403274536
10855,0.7659704089164734
10856,0.785706102848053
10857,0.5017492175102234
10858,0.3207639455795288
10859,0.6682548522949219
10860,0.7526991367340088
10861,0.4556983411312103
10862,0.30030351877212524
10863,0.6551631093025208
10864,0.7684605717658997
10865,0.3886764943599701
10866,0.6431334614753723
10867,0.7899172306060791
10868,0.5801666975021362
10869,0.6465539932250977
10870,0.4222581386566162
10871,0.5072658061981201
10872,0.6629529595375061
10873,0.458197683095932
10874,0.3146879971027374
10875,0.7584068179130554
10876,0.3950226604938507
10877,0.5976464748382568
10878,0.42454710602760315
10879,0.5187493562698364
10880,0.507384181022644
10881,0.4028553366661072
10882,0.5701324343681335
10883,0.4489258825778961
10884,0.4094058573246002
10885,0.6473466157913208
10886,0.6793256998062134
10887,0.7680714130401611
10888,0.5834417343139648
10889,0.44551882147789
10890,0.5706803202629089
10891,0.31925052404403687
10892,0.3990447223186493
10893,0.6801919937133789
10894,0.6918372511863708
10895,0.7716565728187561
10896,0.562065601348877
10897,0.3963642120361328
10898,0.44520580768585205
10899,0.7445692420005798
10900,0.39616480469703674
10901,0.5579033493995667
10902,0.3791993260383606
10903,0.7568456530570984
10904,0.5432308912277222
10905,0.3471737802028656
10906,0.5354982018470764
10907,0.46627917885780334
10908,0.24128271639347076
10909,0.2573508322238922
10910,0.7613374590873718
10911,0.7587558627128601
10912,0.6770370006561279
10913,0.5133205652236938
10914,0.26407259702682495
10915,0.4818538725376129
10916,0.4510440528392792
10917,0.5619827508926392
10918,0.6805064082145691
10919,0.7658419013023376
10920,0.7377001047134399
10921,0.6455066204071045
10922,0.5764931440353394
10923,0.7754290103912354
10924,0.6858993172645569
10925,0.42634615302085876
10926,0.6739882826805115
10927,0.6460751295089722
10928,0.686621367931366
10929,0.47032979130744934
10930,0.7647079229354858
10931,0.7460669875144958
10932,0.5273438096046448
10933,0.40146997570991516
10934,0.3199961483478546
10935,0.37266454100608826
10936,0.42927324771881104
10937,0.547267735004425
10938,0.46842435002326965
10939,0.7639796137809753
10940,0.3902793228626251
10941,0.527366578578949
10942,0.5142055153846741
10943,0.4514811336994171
10944,0.5782514810562134
10945,0.4527621567249298
10946,0.45269909501075745
10947,0.39137521386146545
10948,0.6372652053833008
10949,0.4538744390010834
10950,0.3898206651210785
10951,0.4388989508152008
10952,0.7229169011116028
10953,0.5458082556724548
10954,0.6449453234672546
10955,0.6369069814682007
10956,0.5680530071258545
10957,0.5161246061325073
10958,0.30594602227211
10959,0.39552876353263855
10960,0.389104962348938
10961,0.4221818149089813
10962,0.546516478061676
10963,0.4246353805065155
10964,0.5562759637832642
10965,0.7622233629226685
10966,0.776482880115509
10967,0.7278326153755188
10968,0.23990222811698914
10969,0.3732638657093048
10970,0.2785407602787018
10971,0.6560463309288025
10972,0.33554914593696594
10973,0.5174029469490051
10974,0.4589775800704956
10975,0.7736415863037109
10976,0.5378471612930298
10977,0.5462736487388611
10978,0.605627179145813
10979,0.5633373856544495
10980,0.4861006438732147
10981,0.2490195333957672
10982,0.4622894823551178
10983,0.5005807280540466
10984,0.4582306146621704
10985,0.6221734285354614
10986,0.3251272439956665
10987,0.39907023310661316
10988,0.2658531963825226
10989,0.2586463987827301
10990,0.3476010262966156
10991,0.45250648260116577
10992,0.1873842179775238
10993,0.43382713198661804
10994,0.5150167346000671
10995,0.3326321542263031
10996,0.41836684942245483
10997,0.7425793409347534
10998,0.7483637928962708
10999,0.5426195859909058
11000,0.624363899230957
11001,0.5399255156517029
11002,0.38594359159469604
11003,0.5319622159004211
11004,0.30243298411369324
11005,0.5491450428962708
11006,0.6159270405769348
11007,0.6641889810562134
11008,0.6420719027519226
11009,0.61855548620224
11010,0.5458327531814575
11011,0.4479583203792572
11012,0.35682493448257446
11013,0.3383898138999939
11014,0.6254363656044006
11015,0.466683954000473
11016,0.8026861548423767
11017,0.48271870613098145
11018,0.7504242658615112
11019,0.39368075132369995
11020,0.4691495895385742
11021,0.46500909328460693
11022,0.3611685633659363
11023,0.5869706869125366
11024,0.4350273311138153
11025,0.3052067756652832
11026,0.6210341453552246
11027,0.5534996390342712
11028,0.4245533347129822
11029,0.3438813388347626
11030,0.30617961287498474
11031,0.35333994030952454
11032,0.6469551920890808
11033,0.24989226460456848
11034,0.3959057033061981
11035,0.7644603252410889
11036,0.7501569390296936
11037,0.6460765600204468
11038,0.4606093764305115
11039,0.46609222888946533
11040,0.6153063178062439
11041,0.2644977867603302
11042,0.5623102188110352
11043,0.6392973065376282
11044,0.41027477383613586
11045,0.4633433520793915
11046,0.49654456973075867
11047,0.23277989029884338
11048,0.6931996941566467
11049,0.6583489775657654
11050,0.4045487940311432
11051,0.5296698808670044
11052,0.5031099319458008
11053,0.5071967244148254
11054,0.3049832880496979
11055,0.27670997381210327
11056,0.7586988806724548
11057,0.4946255087852478
11058,0.37313222885131836
11059,0.346723347902298
11060,0.7749229669570923
11061,0.6356770396232605
11062,0.3350914418697357
11063,0.35440483689308167
11064,0.2922118008136749
11065,0.5624648928642273
11066,0.45708712935447693
11067,0.5850507616996765
11068,0.6674200892448425
11069,0.7684819102287292
11070,0.5107450485229492
11071,0.8038716912269592
11072,0.6415899991989136
11073,0.40837571024894714
11074,0.7720680832862854
11075,0.44139364361763
11076,0.5540480613708496
11077,0.4496147334575653
11078,0.39542415738105774
11079,0.7520636916160583
11080,0.4366970360279083
11081,0.5332818627357483
11082,0.30314332246780396
11083,0.6137645244598389
11084,0.46503785252571106
11085,0.6380293369293213
11086,0.601792573928833
11087,0.3154091536998749
11088,0.33023279905319214
11089,0.4186938405036926
11090,0.7577010989189148
11091,0.4277137815952301
11092,0.15682095289230347
11093,0.7851131558418274
11094,0.5652552247047424
11095,0.42032361030578613
11096,0.7596361041069031
11097,0.4304906129837036
11098,0.7779061794281006
11099,0.5232263803482056
11100,0.47444969415664673
11101,0.46500611305236816
11102,0.547197699546814
11103,0.5446586608886719
11104,0.37540605664253235
11105,0.4799744188785553
11106,0.18442270159721375
11107,0.27653011679649353
11108,0.60028475522995
11109,0.31258150935173035
11110,0.5445351004600525
11111,0.6109435558319092
11112,0.33682215213775635
11113,0.3873724639415741
11114,0.5110713243484497
11115,0.6246433854103088
11116,0.2937486171722412
11117,0.6511940360069275
11118,0.5169511437416077
11119,0.5845944881439209
11120,0.46987923979759216
11121,0.585098147392273
11122,0.40231576561927795
11123,0.4811643660068512
11124,0.610392153263092
11125,0.6771419644355774
11126,0.4596962034702301
11127,0.4649425148963928
11128,0.5344157218933105
11129,0.5103511214256287
11130,0.4371010959148407
11131,0.4837680160999298
11132,0.3427101969718933
11133,0.2552960216999054
11134,0.30721911787986755
11135,0.4266512393951416
11136,0.7425676584243774
11137,0.5231977105140686
11138,0.34837910532951355
11139,0.3538799285888672
11140,0.415951669216156
11141,0.356652170419693
11142,0.5203352570533752
11143,0.43830356001853943
11144,0.33484509587287903
11145,0.3000151515007019
11146,0.6614842414855957
11147,0.3194258213043213
11148,0.6197692155838013
11149,0.46766671538352966
11150,0.38362592458724976
11151,0.4714401066303253
11152,0.6334067583084106
11153,0.41077324748039246
11154,0.5695878267288208
11155,0.7100208401679993
11156,0.2819788455963135
11157,0.6077607274055481
11158,0.649692952632904
11159,0.5849230885505676
11160,0.4177705943584442
11161,0.39481908082962036
11162,0.40847811102867126
11163,0.7858622074127197
11164,0.5402117371559143
11165,0.2779781222343445
11166,0.40570375323295593
11167,0.5264216661453247
11168,0.7746812701225281
11169,0.411142498254776
11170,0.5503364205360413
11171,0.6532586216926575
11172,0.44920745491981506
11173,0.5702869296073914
11174,0.4635578393936157
11175,0.7574672102928162
11176,0.5332078337669373
11177,0.4009827971458435
11178,0.5528148412704468
11179,0.303093820810318
11180,0.5138907432556152
11181,0.7541921734809875
11182,0.4700646698474884
11183,0.4271446168422699
11184,0.4408620297908783
11185,0.48441094160079956
11186,0.3968987762928009
11187,0.4342998266220093
11188,0.7007258534431458
11189,0.458164244890213
11190,0.5427125096321106
11191,0.4901086390018463
11192,0.6408434510231018
11193,0.46939074993133545
11194,0.45591282844543457
11195,0.5491864085197449
11196,0.6553366780281067
11197,0.7062169313430786
11198,0.3879657983779907
11199,0.4873139560222626
11200,0.5660523772239685
11201,0.28874197602272034
11202,0.5332018733024597
11203,0.5822905898094177
11204,0.6890841722488403
11205,0.606914222240448
11206,0.6223570108413696
11207,0.39075449109077454
11208,0.3146079480648041
11209,0.5975940823554993
11210,0.3975856900215149
11211,0.31508198380470276
11212,0.7640647292137146
11213,0.559561014175415
11214,0.4085325300693512
11215,0.6886152625083923
11216,0.5213454961776733
11217,0.7927560210227966
11218,0.36690792441368103
11219,0.46646061539649963
11220,0.7813862562179565
11221,0.8017425537109375
11222,0.4043516218662262
11223,0.49963778257369995
11224,0.5303359031677246
11225,0.5997287631034851
11226,0.23311537504196167
11227,0.21830543875694275
11228,0.5140746235847473
11229,0.3916657269001007
11230,0.3415129482746124
11231,0.3766058683395386
11232,0.6849539279937744
11233,0.35723620653152466
11234,0.7839367389678955
11235,0.6779869198799133
11236,0.6756640672683716
11237,0.33744528889656067
11238,0.5643044710159302
11239,0.3246730864048004
11240,0.2988198697566986
11241,0.7642523050308228
11242,0.4632897675037384
11243,0.6243440508842468
11244,0.4640842378139496
11245,0.37931713461875916
11246,0.37248706817626953
11247,0.7005969882011414
11248,0.29421964287757874
11249,0.3531688153743744
11250,0.497284859418869
11251,0.45209258794784546
11252,0.47066453099250793
11253,0.4534028470516205
11254,0.5723719596862793
11255,0.3329388201236725
11256,0.41526177525520325
11257,0.7692325711250305
11258,0.2090236097574234
11259,0.6134791970252991
11260,0.6464598178863525
11261,0.4781295359134674
11262,0.4160025715827942
11263,0.44392457604408264
11264,0.4636760354042053
11265,0.3221379518508911
11266,0.53594970703125
11267,0.20528365671634674
11268,0.7080914378166199
11269,0.46841326355934143
11270,0.39687830209732056
11271,0.4731176197528839
11272,0.49263671040534973
11273,0.7726510763168335
11274,0.6361135840415955
11275,0.7663611173629761
11276,0.5586033463478088
11277,0.7534269094467163
11278,0.3597162663936615
11279,0.6457312703132629
11280,0.7808912396430969
11281,0.4180125892162323
11282,0.5714045166969299
11283,0.7742225527763367
11284,0.3491215705871582
11285,0.7598011493682861
11286,0.311358243227005
11287,0.6135677099227905
11288,0.286600261926651
11289,0.46541014313697815
11290,0.6587362289428711
11291,0.7066760659217834
11292,0.21257494390010834
11293,0.3960771858692169
11294,0.626994252204895
11295,0.21684809029102325
11296,0.5623130202293396
11297,0.3104003071784973
11298,0.6868746876716614
11299,0.4659571647644043
11300,0.6406452655792236
11301,0.22807049751281738
11302,0.5768740177154541
11303,0.663783609867096
11304,0.46783557534217834
11305,0.7779241800308228
11306,0.3749611973762512
11307,0.5002552270889282
11308,0.5633734464645386
11309,0.6905838847160339
11310,0.685282826423645
11311,0.2813889980316162
11312,0.3886645436286926
11313,0.19937469065189362
11314,0.43077123165130615
11315,0.4550129473209381
11316,0.3765709102153778
11317,0.479166179895401
11318,0.4274040758609772
11319,0.20512855052947998
11320,0.325230211019516
11321,0.5757701992988586
11322,0.5761528015136719
11323,0.5654907822608948
11324,0.4541814923286438
11325,0.19706501066684723
11326,0.518168032169342
11327,0.6052273511886597
11328,0.5223060250282288
11329,0.3927806615829468
11330,0.4966614246368408
11331,0.6198709011077881
11332,0.25452920794487
11333,0.5361639857292175
11334,0.6163443922996521
11335,0.29495760798454285
11336,0.5328300595283508
11337,0.41559404134750366
11338,0.44211000204086304
11339,0.6889961361885071
11340,0.23926682770252228
11341,0.7689262628555298
11342,0.2539767324924469
11343,0.5493267774581909
11344,0.7839227318763733
11345,0.5767127275466919
11346,0.5819666385650635
11347,0.5657513737678528
11348,0.7631910443305969
11349,0.40996894240379333
11350,0.4694657325744629
11351,0.763407289981842
11352,0.4642181098461151
11353,0.4404246211051941
11354,0.47338515520095825
11355,0.5009477138519287
11356,0.5005041360855103
11357,0.6975954174995422
11358,0.43472912907600403
11359,0.5922161936759949
11360,0.7254501581192017
11361,0.36250483989715576
11362,0.28652098774909973
11363,0.45998549461364746
11364,0.5721465349197388
11365,0.5222969651222229
11366,0.5380464196205139
11367,0.4688785672187805
11368,0.7346813082695007
11369,0.5672956109046936
11370,0.40776950120925903
11371,0.5334993004798889
11372,0.22003664076328278
11373,0.4775645434856415
11374,0.7115334272384644
11375,0.45173898339271545
11376,0.45821377635002136
11377,0.4690486490726471
11378,0.614974856376648
11379,0.4664990305900574
11380,0.3756730854511261
11381,0.39901629090309143
11382,0.5367162823677063
11383,0.4681755304336548
11384,0.41626936197280884
11385,0.36862003803253174
11386,0.48931649327278137
11387,0.5600664615631104
11388,0.4601879119873047
11389,0.42069318890571594
11390,0.5255549550056458
11391,0.32353633642196655
11392,0.5178311467170715
11393,0.5977673530578613
11394,0.4776679277420044
11395,0.2697393596172333
11396,0.7641580700874329
11397,0.45076262950897217
11398,0.4185463488101959
11399,0.5239434242248535
11400,0.6463239789009094
11401,0.5435991883277893
11402,0.7928646802902222
11403,0.7597690224647522
11404,0.413091778755188
11405,0.5410121083259583
11406,0.6720791459083557
11407,0.17265179753303528
11408,0.489404559135437
11409,0.5799174308776855
11410,0.37538978457450867
11411,0.6212950348854065
11412,0.4104200303554535
11413,0.5444108247756958
11414,0.5147569179534912
11415,0.45300349593162537
11416,0.6652001142501831
11417,0.6552143096923828
11418,0.4890095591545105
11419,0.4252184331417084
11420,0.7154967188835144
11421,0.23193477094173431
11422,0.28891992568969727
11423,0.630791962146759
11424,0.5527567267417908
11425,0.550359308719635
11426,0.38628026843070984
11427,0.3259678781032562
11428,0.3601624071598053
11429,0.5285070538520813
11430,0.5982131958007812
11431,0.7894431948661804
11432,0.3411184847354889
11433,0.29045185446739197
11434,0.6690835356712341
11435,0.7760218381881714
11436,0.4583209753036499
11437,0.40485680103302
11438,0.5091476440429688
11439,0.2296929508447647
11440,0.5612419247627258
11441,0.3648827373981476
11442,0.38712194561958313
11443,0.48822736740112305
11444,0.7641026377677917
11445,0.38503530621528625
11446,0.5354412198066711
11447,0.4752301275730133
11448,0.5427576899528503
11449,0.5171870589256287
11450,0.6635817289352417
11451,0.7395618557929993
11452,0.4011704623699188
11453,0.6898201704025269
11454,0.3429695963859558
11455,0.4307638108730316
11456,0.38765302300453186
11457,0.4532777667045593
11458,0.4267365634441376
11459,0.33842161297798157
11460,0.47046610713005066
11461,0.45759984850883484
11462,0.332125186920166
11463,0.33914729952812195
11464,0.4180743396282196
11465,0.5764769911766052
11466,0.256673663854599
11467,0.7615101933479309
11468,0.4686392545700073
11469,0.7002170085906982
11470,0.6836832761764526
11471,0.46476081013679504
11472,0.6037720441818237
11473,0.418807715177536
11474,0.3163171708583832
11475,0.5450502038002014
11476,0.42803195118904114
11477,0.37830325961112976
11478,0.26511648297309875
11479,0.467207133769989
11480,0.4515865445137024
11481,0.2206851691007614
11482,0.48307567834854126
11483,0.41732242703437805
11484,0.2624165713787079
11485,0.5140056014060974
11486,0.3319459557533264
11487,0.5193047523498535
11488,0.7558494806289673
11489,0.5352128744125366
11490,0.5686353445053101
11491,0.3479011058807373
11492,0.5349331498146057
11493,0.3287961781024933
11494,0.4601733684539795
11495,0.5986483693122864
11496,0.5085141658782959
11497,0.5989410877227783
11498,0.6216863393783569
11499,0.5633746981620789
11500,0.4014728367328644
11501,0.24220168590545654
11502,0.3447100520133972
11503,0.6089252829551697
11504,0.379236102104187
11505,0.3337186276912689
11506,0.2527587413787842
11507,0.5374893546104431
11508,0.5317633152008057
11509,0.42318591475486755
11510,0.35225701332092285
11511,0.5819292664527893
11512,0.7341921925544739
11513,0.458266943693161
11514,0.37692925333976746
11515,0.5440287590026855
11516,0.40622788667678833
11517,0.32675421237945557
11518,0.4699098765850067
11519,0.6308313608169556
11520,0.4186846613883972
11521,0.5612800717353821
11522,0.799566388130188
11523,0.42745858430862427
11524,0.37870898842811584
11525,0.22337421774864197
11526,0.536008358001709
11527,0.4846835732460022
11528,0.7263345122337341
11529,0.36839428544044495
11530,0.4930441081523895
11531,0.7595721483230591
11532,0.6050928235054016
11533,0.40827736258506775
11534,0.4373597204685211
11535,0.3476708233356476
11536,0.7689273953437805
11537,0.3717654049396515
11538,0.4809539318084717
11539,0.5856450200080872
11540,0.5321540236473083
11541,0.4352138340473175
11542,0.4729439318180084
11543,0.7800844311714172
11544,0.5294473171234131
11545,0.4176478683948517
11546,0.43742749094963074
11547,0.31407174468040466
11548,0.4765069782733917
11549,0.44326990842819214
11550,0.47228074073791504
11551,0.4818383455276489
11552,0.7673720121383667
11553,0.3373619019985199
11554,0.6713506579399109
11555,0.6823554039001465
11556,0.5389490127563477
11557,0.5567594766616821
11558,0.33459845185279846
11559,0.7784262895584106
11560,0.5197650790214539
11561,0.2905642092227936
11562,0.6001774668693542
11563,0.24911348521709442
11564,0.28576770424842834
11565,0.35333728790283203
11566,0.3191264867782593
11567,0.49866560101509094
11568,0.6029081344604492
11569,0.3299029469490051
11570,0.42178618907928467
11571,0.23040267825126648
11572,0.42952585220336914
11573,0.4205847978591919
11574,0.5059818625450134
11575,0.45673516392707825
11576,0.35459354519844055
11577,0.512170672416687
11578,0.3231028616428375
11579,0.5045674443244934
11580,0.4095912277698517
11581,0.5793512463569641
11582,0.41938677430152893
11583,0.6407032012939453
11584,0.28279533982276917
11585,0.4622761905193329
11586,0.49900245666503906
11587,0.3176160156726837
11588,0.7675744295120239
11589,0.4232270419597626
11590,0.27742645144462585
11591,0.7055595517158508
11592,0.23583272099494934
11593,0.7581990361213684
11594,0.4176243245601654
11595,0.5742170214653015
11596,0.40989550948143005
11597,0.6981366872787476
11598,0.4736488461494446
11599,0.26525434851646423
11600,0.3859841525554657
11601,0.6528759598731995
11602,0.6497286558151245
11603,0.5754780173301697
11604,0.3712155818939209
11605,0.3225087821483612
11606,0.5887043476104736
11607,0.39884787797927856
11608,0.598523736000061
11609,0.325185090303421
11610,0.5662546157836914
11611,0.539565920829773
11612,0.433750718832016
11613,0.41195032000541687
11614,0.3200409710407257
11615,0.46035322546958923
11616,0.7532152533531189
11617,0.4673584997653961
11618,0.495456725358963
11619,0.31427016854286194
11620,0.5071250200271606
11621,0.7296396493911743
11622,0.45641666650772095
11623,0.5689223408699036
11624,0.5046308040618896
11625,0.7293326258659363
11626,0.5034723877906799
11627,0.326779305934906
11628,0.6001695990562439
11629,0.34748539328575134
11630,0.45971959829330444
11631,0.42820924520492554
11632,0.3658304810523987
11633,0.3626134693622589
11634,0.4564747214317322
11635,0.5848684906959534
11636,0.41837581992149353
11637,0.4988551139831543
11638,0.4870566427707672
11639,0.4263300895690918
11640,0.39329755306243896
11641,0.4008294641971588
11642,0.5410003066062927
11643,0.6002320647239685
11644,0.4792556166648865
11645,0.33105385303497314
11646,0.5733157992362976
11647,0.6686326265335083
11648,0.4356636703014374
11649,0.3005031943321228
11650,0.6407197117805481
11651,0.5465227961540222
11652,0.21253293752670288
11653,0.2908865511417389
11654,0.5957139134407043
11655,0.38680705428123474
11656,0.5730263590812683
11657,0.2587210237979889
11658,0.635069727897644
11659,0.6632596254348755
11660,0.6183574199676514
11661,0.5708575248718262
11662,0.7658325433731079
11663,0.3238430321216583
11664,0.46581581234931946
11665,0.441026896238327
11666,0.5188290476799011
11667,0.705504834651947
11668,0.6151459813117981
11669,0.7807008028030396
11670,0.2722882628440857
11671,0.5166595578193665
11672,0.40144965052604675
11673,0.394268661737442
11674,0.45035597681999207
11675,0.32814937829971313
11676,0.332748681306839
11677,0.5390839576721191
11678,0.5188041925430298
11679,0.47549811005592346
11680,0.48699113726615906
11681,0.5529663562774658
11682,0.2760477364063263
11683,0.44637009501457214
11684,0.26468732953071594
11685,0.41104456782341003
11686,0.7586207389831543
11687,0.26516687870025635
11688,0.44319742918014526
11689,0.3603820502758026
11690,0.4817301630973816
11691,0.3522641360759735
11692,0.307841956615448
11693,0.41493186354637146
11694,0.5036057829856873
11695,0.3322250545024872
11696,0.489230751991272
11697,0.5480064153671265
11698,0.6218510866165161
11699,0.33325105905532837
11700,0.6103382706642151
11701,0.6035182476043701
11702,0.30589181184768677
11703,0.3839763104915619
11704,0.7296921610832214
11705,0.4576699733734131
11706,0.7040405869483948
11707,0.3032594621181488
11708,0.5678821802139282
11709,0.7632303833961487
11710,0.5976564288139343
11711,0.3468504250049591
11712,0.47108784317970276
11713,0.6672353744506836
11714,0.48493584990501404
11715,0.48110395669937134
11716,0.6485065817832947
11717,0.2503179907798767
11718,0.4913049042224884
11719,0.6605561971664429
11720,0.4666813611984253
11721,0.3993149697780609
11722,0.6622828841209412
11723,0.4532829821109772
11724,0.525774359703064
11725,0.6151549816131592
11726,0.5946744084358215
11727,0.6315057277679443
11728,0.5193989872932434
11729,0.5356836915016174
11730,0.6861003637313843
11731,0.4951341152191162
11732,0.5154381394386292
11733,0.4873140752315521
11734,0.5188112854957581
11735,0.29697948694229126
11736,0.6324774622917175
11737,0.5286226272583008
11738,0.5701979994773865
11739,0.47395607829093933
11740,0.34697720408439636
11741,0.4809894859790802
11742,0.5940985083580017
11743,0.5844191908836365
11744,0.7598149180412292
11745,0.41532227396965027
11746,0.3070060908794403
11747,0.4663756191730499
11748,0.5238113403320312
11749,0.41017696261405945
11750,0.46789807081222534
11751,0.5879629254341125
11752,0.3830622136592865
11753,0.45934388041496277
11754,0.44279855489730835
11755,0.6524168252944946
11756,0.575933039188385
11757,0.39155808091163635
11758,0.4840475022792816
11759,0.6764569282531738
11760,0.48297402262687683
11761,0.59222012758255
11762,0.4460766315460205
11763,0.5242528319358826
11764,0.7518229484558105
11765,0.4844057261943817
11766,0.5150451064109802
11767,0.35952430963516235
11768,0.7678335309028625
11769,0.6519264578819275
11770,0.4855150878429413
11771,0.3584462106227875
11772,0.4121306240558624
11773,0.7003346681594849
11774,0.37796083092689514
11775,0.5927093029022217
11776,0.7505514621734619
11777,0.4466291666030884
11778,0.6576204895973206
11779,0.7168695330619812
11780,0.4817255735397339
11781,0.555921196937561
11782,0.5128944516181946
11783,0.3969569504261017
11784,0.47346457839012146
11785,0.4406718909740448
11786,0.3518495261669159
11787,0.7544191479682922
11788,0.6662417650222778
11789,0.443269819021225
11790,0.463633269071579
11791,0.2762511670589447
11792,0.4672320783138275
11793,0.347328245639801
11794,0.4189060628414154
11795,0.575439453125
11796,0.29548734426498413
11797,0.5528683066368103
11798,0.3560148775577545
11799,0.665529191493988
11800,0.2821017801761627
11801,0.5244988799095154
11802,0.5915924906730652
11803,0.3892160952091217
11804,0.59388267993927
11805,0.3534044921398163
11806,0.5405985713005066
11807,0.45563429594039917
11808,0.508867621421814
11809,0.721271812915802
11810,0.45083528757095337
11811,0.4130932092666626
11812,0.4271586537361145
11813,0.33319413661956787
11814,0.5226836800575256
11815,0.7634511590003967
11816,0.5347917079925537
11817,0.5778623819351196
11818,0.7480083107948303
11819,0.7470438480377197
11820,0.38991257548332214
11821,0.4094957411289215
11822,0.5906130075454712
11823,0.6806929111480713
11824,0.6352819204330444
11825,0.7675321698188782
11826,0.30804067850112915
11827,0.43287393450737
11828,0.5955075025558472
11829,0.2612885534763336
11830,0.46220239996910095
11831,0.5457333922386169
11832,0.5169827342033386
11833,0.21063831448554993
11834,0.35137662291526794
11835,0.5979745984077454
11836,0.7723634839057922
11837,0.5491178035736084
11838,0.44456562399864197
11839,0.7493785619735718
11840,0.527043879032135
11841,0.5907769799232483
11842,0.23028001189231873
11843,0.43884316086769104
11844,0.4625614285469055
11845,0.47683724761009216
11846,0.30137166380882263
11847,0.4468082785606384
11848,0.2722242474555969
11849,0.5742530226707458
11850,0.28990358114242554
11851,0.4158380925655365
11852,0.2624943256378174
11853,0.7739431262016296
11854,0.5257797837257385
11855,0.5591105818748474
11856,0.31455880403518677
11857,0.6198628544807434
11858,0.4788733422756195
11859,0.3649440407752991
11860,0.38907328248023987
11861,0.4836151897907257
11862,0.3495844006538391
11863,0.7293300628662109
11864,0.6389432549476624
11865,0.350195974111557
11866,0.7758437991142273
11867,0.633174479007721
11868,0.27624690532684326
11869,0.42320188879966736
11870,0.36829623579978943
11871,0.30241838097572327
11872,0.400711327791214
11873,0.3823604881763458
11874,0.30746349692344666
11875,0.7415043711662292
11876,0.6970310211181641
11877,0.4008735716342926
11878,0.26714637875556946
11879,0.6233407855033875
11880,0.32928237318992615
11881,0.4896533787250519
11882,0.41453954577445984
11883,0.4017575681209564
11884,0.5197453498840332
11885,0.7417494654655457
11886,0.6609591245651245
11887,0.634012758731842
11888,0.6659754514694214
11889,0.42573678493499756
11890,0.5551958084106445
11891,0.7631946206092834
11892,0.5065823197364807
11893,0.3887668550014496
11894,0.3832393288612366
11895,0.6403735876083374
11896,0.6231743097305298
11897,0.26909661293029785
11898,0.3886057436466217
11899,0.45513811707496643
11900,0.4252818822860718
11901,0.6394755840301514
11902,0.3639738857746124
11903,0.5671883821487427
11904,0.5591195225715637
11905,0.37908560037612915
11906,0.3132002055644989
11907,0.47608286142349243
11908,0.5116839408874512
11909,0.7602712512016296
11910,0.604136049747467
11911,0.5776656270027161
11912,0.7815722227096558
11913,0.7027634978294373
11914,0.3055233061313629
11915,0.4437481462955475
11916,0.6362592577934265
11917,0.2864246368408203
11918,0.7596476674079895
11919,0.6532983779907227
11920,0.3845541477203369
11921,0.3731132745742798
11922,0.47951579093933105
11923,0.3533368706703186
11924,0.47622713446617126
11925,0.7518200874328613
11926,0.6358270645141602
11927,0.575301468372345
11928,0.4167221486568451
11929,0.3921073079109192
11930,0.7597118616104126
11931,0.5305498838424683
11932,0.6048746109008789
11933,0.43622928857803345
11934,0.5261259078979492
11935,0.6140378713607788
11936,0.3828435242176056
11937,0.5678819417953491
11938,0.5114520788192749
11939,0.43588724732398987
11940,0.35682740807533264
11941,0.3837693929672241
11942,0.39223745465278625
11943,0.3943854868412018
11944,0.5459578633308411
11945,0.47955599427223206
11946,0.41944167017936707
11947,0.1822812855243683
11948,0.3630017638206482
11949,0.42473164200782776
11950,0.6000197529792786
11951,0.6934133768081665
11952,0.488646000623703
11953,0.2883472144603729
11954,0.48164603114128113
11955,0.7564254999160767
11956,0.48799240589141846
11957,0.4354875683784485
11958,0.7478237152099609
11959,0.2973892390727997
11960,0.4882478713989258
11961,0.5385568141937256
11962,0.6760420203208923
11963,0.7672220468521118
11964,0.3988902270793915
11965,0.5043037533760071
11966,0.5653125047683716
11967,0.49591153860092163
11968,0.6970516443252563
11969,0.4790078401565552
11970,0.3551338315010071
11971,0.700863778591156
11972,0.7367713451385498
11973,0.540603756904602
11974,0.2592286169528961
11975,0.7717891335487366
11976,0.5987547039985657
11977,0.5337862372398376
11978,0.18068313598632812
11979,0.5602892637252808
11980,0.5111473202705383
11981,0.38596341013908386
11982,0.21565347909927368
11983,0.3541598618030548
11984,0.7823495268821716
11985,0.16813598573207855
11986,0.46988680958747864
11987,0.4355410039424896
11988,0.4446035921573639
11989,0.28623950481414795
11990,0.45045822858810425
11991,0.3152730166912079
11992,0.2748066186904907
11993,0.7346237897872925
11994,0.7746356129646301
11995,0.5144559144973755
11996,0.470551997423172
11997,0.410513699054718
11998,0.5589583516120911
11999,0.7357344031333923
12000,0.3128761351108551
12001,0.521402895450592
12002,0.650262176990509
12003,0.5347700715065002
12004,0.3349853456020355
12005,0.33318954706192017
12006,0.5110827684402466
12007,0.5219727158546448
12008,0.46759799122810364
12009,0.35408565402030945
12010,0.7552213072776794
12011,0.47583335638046265
12012,0.5343862175941467
12013,0.4525730609893799
12014,0.45656755566596985
12015,0.33504822850227356
12016,0.32327017188072205
12017,0.5403883457183838
12018,0.5160887241363525
12019,0.7497251033782959
12020,0.3791275918483734
12021,0.7477940917015076
12022,0.7618141174316406
12023,0.5468365550041199
12024,0.7889770865440369
12025,0.44581589102745056
12026,0.5392436981201172
12027,0.47808706760406494
12028,0.4278041124343872
12029,0.6455312967300415
12030,0.3175492584705353
12031,0.3750590980052948
12032,0.4657704532146454
12033,0.5979523658752441
12034,0.5392711758613586
12035,0.34356650710105896
12036,0.3841148912906647
12037,0.5771971940994263
12038,0.7715694904327393
12039,0.6864892244338989
12040,0.5239057540893555
12041,0.4057890474796295
12042,0.6760185360908508
12043,0.3907946050167084
12044,0.47756195068359375
12045,0.5278850197792053
12046,0.4416492283344269
12047,0.49452608823776245
12048,0.7056495547294617
12049,0.2141658365726471
12050,0.38648244738578796
12051,0.3141067326068878
12052,0.5508316159248352
12053,0.5232518911361694
12054,0.4705149233341217
12055,0.3188836872577667
12056,0.4379273056983948
12057,0.48028048872947693
12058,0.6324173808097839
12059,0.4159482717514038
12060,0.758166491985321
12061,0.4893626868724823
12062,0.6382918953895569
12063,0.38583216071128845
12064,0.45423978567123413
12065,0.7415351271629333
12066,0.6604605913162231
12067,0.4030595123767853
12068,0.6701752543449402
12069,0.4379611015319824
12070,0.6094744801521301
12071,0.4084671139717102
12072,0.6841645240783691
12073,0.7722635269165039
12074,0.4903145730495453
12075,0.632437527179718
12076,0.34308764338493347
12077,0.6525071859359741
12078,0.7406061887741089
12079,0.7677422165870667
12080,0.5453404188156128
12081,0.30396828055381775
12082,0.616672158241272
12083,0.7050091624259949
12084,0.7659875750541687
12085,0.2883731722831726
12086,0.622269332408905
12087,0.45894908905029297
12088,0.7634854912757874
12089,0.6943839192390442
12090,0.34795352816581726
12091,0.7768964171409607
12092,0.2825535237789154
12093,0.36193719506263733
12094,0.5212377309799194
12095,0.26684582233428955
12096,0.3797588348388672
12097,0.4092676341533661
12098,0.6030819416046143
12099,0.5579608678817749
12100,0.45592156052589417
12101,0.4286242723464966
12102,0.47689205408096313
12103,0.38529276847839355
12104,0.7869862914085388
12105,0.5473151803016663
12106,0.6313925981521606
12107,0.550321638584137
12108,0.5378642082214355
12109,0.1763860285282135
12110,0.3575700521469116
12111,0.271322101354599
12112,0.4102179706096649
12113,0.4746141731739044
12114,0.4136950373649597
12115,0.32331186532974243
12116,0.43955761194229126
12117,0.5224632620811462
12118,0.3331291377544403
12119,0.7002680897712708
12120,0.28539085388183594
12121,0.30049893260002136
12122,0.5172342658042908
12123,0.5258542895317078
12124,0.4484998285770416
12125,0.731554388999939
12126,0.5996024012565613
12127,0.47576507925987244
12128,0.5056571960449219
12129,0.4259452521800995
12130,0.7049652934074402
12131,0.5820397138595581
12132,0.375715047121048
12133,0.3823411166667938
12134,0.3082919716835022
12135,0.6239059567451477
12136,0.559874951839447
12137,0.7613917589187622
12138,0.7813546061515808
12139,0.44900381565093994
12140,0.6417969465255737
12141,0.5016360878944397
12142,0.46537503600120544
12143,0.5720039010047913
12144,0.44310784339904785
12145,0.28540945053100586
12146,0.3512626588344574
12147,0.7821471095085144
12148,0.5522767901420593
12149,0.790500283241272
12150,0.4536769688129425
12151,0.5284011960029602
12152,0.6095303893089294
12153,0.6395843625068665
12154,0.2467169314622879
12155,0.3402819037437439
12156,0.3419392704963684
12157,0.20773524045944214
12158,0.3365114629268646
12159,0.40720364451408386
12160,0.3719218075275421
12161,0.6019057631492615
12162,0.769459068775177
12163,0.7589971423149109
12164,0.7449073195457458
12165,0.5188159346580505
12166,0.4204939901828766
12167,0.68535315990448
12168,0.6071379780769348
12169,0.46496501564979553
12170,0.7104085683822632
12171,0.3905116021633148
12172,0.3221190869808197
12173,0.4923664629459381
12174,0.46989706158638
12175,0.7439451217651367
12176,0.5048797726631165
12177,0.4418211579322815
12178,0.6697848439216614
12179,0.7638242244720459
12180,0.40451329946517944
12181,0.42904382944107056
12182,0.6136056184768677
12183,0.6475632190704346
12184,0.4714769124984741
12185,0.5142543315887451
12186,0.484768271446228
12187,0.5148651003837585
12188,0.5438519716262817
12189,0.31992441415786743
12190,0.3876679241657257
12191,0.5193784236907959
12192,0.31101760268211365
12193,0.3385239541530609
12194,0.5928460955619812
12195,0.6922244429588318
12196,0.30745768547058105
12197,0.17941860854625702
12198,0.7395896315574646
12199,0.28772372007369995
12200,0.6228790283203125
12201,0.5151944756507874
12202,0.750265896320343
12203,0.64223712682724
12204,0.38206174969673157
12205,0.31174635887145996
12206,0.5700401067733765
12207,0.42760613560676575
12208,0.6646571159362793
12209,0.6294592022895813
12210,0.4050896167755127
12211,0.767559826374054
12212,0.6432651281356812
12213,0.45749631524086
12214,0.43407508730888367
12215,0.5974823236465454
12216,0.6213284730911255
12217,0.7570955753326416
12218,0.7734277844429016
12219,0.34426409006118774
12220,0.4584648311138153
12221,0.5721848607063293
12222,0.5110384821891785
12223,0.5780315399169922
12224,0.733858585357666
12225,0.521604597568512
12226,0.4222024381160736
12227,0.7307566404342651
12228,0.2450351119041443
12229,0.6072858572006226
12230,0.6256996989250183
12231,0.22958815097808838
12232,0.2775833308696747
12233,0.7171306610107422
12234,0.4268268644809723
12235,0.3907274305820465
12236,0.6330177187919617
12237,0.38987040519714355
12238,0.7341479063034058
12239,0.24352827668190002
12240,0.2510510981082916
12241,0.6539599895477295
12242,0.5807478427886963
12243,0.5008849501609802
12244,0.6154125332832336
12245,0.4156281650066376
12246,0.41129982471466064
12247,0.7951887249946594
12248,0.7478718757629395
12249,0.5110088586807251
12250,0.29309049248695374
12251,0.4720812439918518
12252,0.7110002636909485
12253,0.5363335609436035
12254,0.6917843222618103
12255,0.38737383484840393
12256,0.5194040536880493
12257,0.5610908269882202
12258,0.33848005533218384
12259,0.34103766083717346
12260,0.7177683711051941
12261,0.4980725944042206
12262,0.45237642526626587
12263,0.21694618463516235
12264,0.7700653076171875
12265,0.43608924746513367
12266,0.34530410170555115
12267,0.7573027014732361
12268,0.4494779407978058
12269,0.7115380764007568
12270,0.559924304485321
12271,0.5679312944412231
12272,0.6399204730987549
12273,0.5539163947105408
12274,0.2726982831954956
12275,0.5944616198539734
12276,0.44943782687187195
12277,0.46460509300231934
12278,0.37745916843414307
12279,0.7604023218154907
12280,0.4360305964946747
12281,0.7218636870384216
12282,0.26760074496269226
12283,0.4250478148460388
12284,0.5909954905509949
12285,0.7870800495147705
12286,0.38444438576698303
12287,0.18636390566825867
12288,0.47127532958984375
12289,0.5705069899559021
12290,0.40686771273612976
12291,0.49450165033340454
12292,0.44390669465065
12293,0.710390031337738
12294,0.43516087532043457
12295,0.41127392649650574
12296,0.6441730260848999
12297,0.4547230303287506
12298,0.5514541268348694
12299,0.4541241228580475
12300,0.30664360523223877
12301,0.6131101846694946
12302,0.5054203867912292
12303,0.6054475903511047
12304,0.2918682098388672
12305,0.5494737029075623
12306,0.49527838826179504
12307,0.35434696078300476
12308,0.7784081697463989
12309,0.48510557413101196
12310,0.5073356628417969
12311,0.38241252303123474
12312,0.5861271023750305
12313,0.5413534641265869
12314,0.7616968154907227
12315,0.4107193052768707
12316,0.4766394793987274
12317,0.40542367100715637
12318,0.6552115082740784
12319,0.5791488885879517
12320,0.4666285216808319
12321,0.48055487871170044
12322,0.5876954793930054
12323,0.4473780691623688
12324,0.46206092834472656
12325,0.42189010977745056
12326,0.6953184008598328
12327,0.5594255328178406
12328,0.4514841139316559
12329,0.761883020401001
12330,0.5363566875457764
12331,0.5083502531051636
12332,0.3734982907772064
12333,0.5131399035453796
12334,0.4080961048603058
12335,0.21968458592891693
12336,0.3636707365512848
12337,0.4510553777217865
12338,0.3423037827014923
12339,0.5368626117706299
12340,0.6748534440994263
12341,0.40713974833488464
12342,0.4578631520271301
12343,0.2950137257575989
12344,0.36968255043029785
12345,0.29098325967788696
12346,0.33213523030281067
12347,0.4507658779621124
12348,0.5856021642684937
12349,0.2941019833087921
12350,0.736871600151062
12351,0.5923986434936523
12352,0.6744514107704163
12353,0.4298054277896881
12354,0.44520455598831177
12355,0.4522095024585724
12356,0.42008888721466064
12357,0.4993820786476135
12358,0.28732380270957947
12359,0.7649349570274353
12360,0.70693039894104
12361,0.4701654016971588
12362,0.7738413214683533
12363,0.6789218783378601
12364,0.5068614482879639
12365,0.7678861021995544
12366,0.46076294779777527
12367,0.38083532452583313
12368,0.47078466415405273
12369,0.44170722365379333
12370,0.7866079807281494
12371,0.4496804177761078
12372,0.5041274428367615
12373,0.5438117980957031
12374,0.35740384459495544
12375,0.47863227128982544
12376,0.7826662659645081
12377,0.3798491656780243
12378,0.2282939851284027
12379,0.7508332133293152
12380,0.6275001168251038
12381,0.5290658473968506
12382,0.6260244846343994
12383,0.48775210976600647
12384,0.35988131165504456
12385,0.7706330418586731
12386,0.5576258301734924
12387,0.425406277179718
12388,0.5134386420249939
12389,0.3518293499946594
12390,0.5937276482582092
12391,0.28715160489082336
12392,0.5948572754859924
12393,0.4536680579185486
12394,0.37734144926071167
12395,0.3522402048110962
12396,0.3714842200279236
12397,0.46649089455604553
12398,0.6081238389015198
12399,0.38066405057907104
12400,0.33279410004615784
12401,0.22671249508857727
12402,0.38463082909584045
12403,0.41679903864860535
12404,0.49047091603279114
12405,0.4070940613746643
12406,0.3448222577571869
12407,0.36590105295181274
12408,0.2472391426563263
12409,0.4482426941394806
12410,0.4506152272224426
12411,0.6009036898612976
12412,0.5756377577781677
12413,0.6844719648361206
12414,0.4264761507511139
12415,0.774375319480896
12416,0.7589796185493469
12417,0.5380781888961792
12418,0.3562791645526886
12419,0.4838853180408478
12420,0.3583834767341614
12421,0.4705754816532135
12422,0.5745416879653931
12423,0.7079271078109741
12424,0.4665814936161041
12425,0.33473920822143555
12426,0.749032199382782
12427,0.5327016115188599
12428,0.22643166780471802
12429,0.6569746136665344
12430,0.2797818183898926
12431,0.3895757794380188
12432,0.5009835958480835
12433,0.6926064491271973
12434,0.23429450392723083
12435,0.5365837216377258
12436,0.40548786520957947
12437,0.46394944190979004
12438,0.739843487739563
12439,0.42666900157928467
12440,0.37263837456703186
12441,0.5324453115463257
12442,0.6054288744926453
12443,0.37775224447250366
12444,0.6881164312362671
12445,0.32136380672454834
12446,0.33582189679145813
12447,0.2718140780925751
12448,0.41605034470558167
12449,0.7766722440719604
12450,0.538110613822937
12451,0.4636390507221222
12452,0.4587407410144806
12453,0.38278040289878845
12454,0.4498429596424103
12455,0.7589545249938965
12456,0.18659961223602295
12457,0.3240564167499542
12458,0.7491695880889893
12459,0.4657733142375946
12460,0.37480103969573975
12461,0.6522849798202515
12462,0.6666032075881958
12463,0.41192731261253357
12464,0.5093727707862854
12465,0.4401625692844391
12466,0.26539963483810425
12467,0.33679714798927307
12468,0.7627860307693481
12469,0.7800519466400146
12470,0.45117348432540894
12471,0.36121317744255066
12472,0.4707375168800354
12473,0.7968297600746155
12474,0.21143215894699097
12475,0.3635699152946472
12476,0.7603781223297119
12477,0.4425143599510193
12478,0.34384968876838684
12479,0.5054601430892944
12480,0.5872187614440918
12481,0.3444437086582184
12482,0.40874600410461426
12483,0.5959482192993164
12484,0.5770361423492432
12485,0.21293561160564423
12486,0.5299040079116821
12487,0.3346889317035675
12488,0.477763295173645
12489,0.4525080621242523
12490,0.40603339672088623
12491,0.38606810569763184
12492,0.7529721856117249
12493,0.607796311378479
12494,0.35314705967903137
12495,0.737274706363678
12496,0.5071902275085449
12497,0.5540706515312195
12498,0.5900895595550537
12499,0.4728955626487732
12500,0.4211184084415436
12501,0.5957216620445251
12502,0.2535180449485779
12503,0.707022488117218
12504,0.23944905400276184
12505,0.4639723598957062
12506,0.5764034390449524
12507,0.45209482312202454
12508,0.2076912522315979
12509,0.24197646975517273
12510,0.3202935755252838
12511,0.6828193068504333
12512,0.5647488832473755
12513,0.24272030591964722
12514,0.6671567559242249
12515,0.659565806388855
12516,0.443749338388443
12517,0.7803646922111511
12518,0.40863266587257385
12519,0.36908355355262756
12520,0.29530781507492065
12521,0.22586563229560852
12522,0.44810643792152405
12523,0.29590174555778503
12524,0.32156896591186523
12525,0.5844752192497253
12526,0.46333253383636475
12527,0.6388452053070068
12528,0.4441469609737396
12529,0.3277197480201721
12530,0.5861400365829468
12531,0.3613761365413666
12532,0.5877237319946289
12533,0.39462703466415405
12534,0.5492449998855591
12535,0.4268742501735687
12536,0.36280831694602966
12537,0.5711286664009094
12538,0.5769664645195007
12539,0.3127988278865814
12540,0.5824189186096191
12541,0.3890921175479889
12542,0.4376974403858185
12543,0.5419701933860779
12544,0.6617070436477661
12545,0.5247237682342529
12546,0.5110059976577759
12547,0.5146649479866028
12548,0.47523951530456543
12549,0.38071489334106445
12550,0.5637507438659668
12551,0.6617162823677063
12552,0.6475322246551514
12553,0.3207343518733978
12554,0.30358266830444336
12555,0.48977425694465637
12556,0.7668516039848328
12557,0.4529905617237091
12558,0.4474151134490967
12559,0.6121851801872253
12560,0.5768851041793823
12561,0.5574429631233215
12562,0.3989858031272888
12563,0.26388946175575256
12564,0.7739757299423218
12565,0.33777281641960144
12566,0.49700573086738586
12567,0.6284981369972229
12568,0.4822554588317871
12569,0.5747768878936768
12570,0.287540078163147
12571,0.7576002478599548
12572,0.678532063961029
12573,0.37398645281791687
12574,0.6742699146270752
12575,0.4250793755054474
12576,0.6349328756332397
12577,0.7413292527198792
12578,0.46156349778175354
12579,0.5876466631889343
12580,0.45543473958969116
12581,0.42189550399780273
12582,0.6077848076820374
12583,0.6751003861427307
12584,0.20855119824409485
12585,0.34529829025268555
12586,0.48638156056404114
12587,0.2789483368396759
12588,0.7763254046440125
12589,0.49185624718666077
12590,0.5167337656021118
12591,0.346941739320755
12592,0.6336281299591064
12593,0.315984308719635
12594,0.3806113302707672
12595,0.5901120901107788
12596,0.528340220451355
12597,0.4623946249485016
12598,0.5365463495254517
12599,0.5414395928382874
12600,0.6767817735671997
12601,0.7614848613739014
12602,0.6582363843917847
12603,0.632110059261322
12604,0.4411905109882355
12605,0.7913551926612854
12606,0.5757697820663452
12607,0.20089805126190186
12608,0.3950656056404114
12609,0.6271220445632935
12610,0.42546650767326355
12611,0.2661111652851105
12612,0.4655288755893707
12613,0.5977503657341003
12614,0.778641939163208
12615,0.5771489143371582
12616,0.7809962034225464
12617,0.37982580065727234
12618,0.4508991539478302
12619,0.2731408178806305
12620,0.536155104637146
12621,0.41250094771385193
12622,0.7630485892295837
12623,0.6851804256439209
12624,0.27916786074638367
12625,0.35462209582328796
12626,0.3276507258415222
12627,0.6211156845092773
12628,0.7658502459526062
12629,0.6124359369277954
12630,0.31919193267822266
12631,0.3206956386566162
12632,0.7479402422904968
12633,0.4430738389492035
12634,0.7368268966674805
12635,0.39139315485954285
12636,0.5717509984970093
12637,0.6276446580886841
12638,0.5021893382072449
12639,0.33656951785087585
12640,0.45881885290145874
12641,0.338875949382782
12642,0.38401034474372864
12643,0.4124284088611603
12644,0.42481252551078796
12645,0.5120230913162231
12646,0.406909316778183
12647,0.5256905555725098
12648,0.35483673214912415
12649,0.5648919343948364
12650,0.5663419961929321
12651,0.6305946707725525
12652,0.5539555549621582
12653,0.44848665595054626
12654,0.7100133299827576
12655,0.512464702129364
12656,0.49676600098609924
12657,0.5536451935768127
12658,0.467603862285614
12659,0.4476986229419708
12660,0.7653250694274902
12661,0.6110573410987854
12662,0.3663416802883148
12663,0.31375399231910706
12664,0.4345369040966034
12665,0.5518271923065186
12666,0.2740510106086731
12667,0.47882944345474243
12668,0.537682831287384
12669,0.7580545544624329
12670,0.3861495554447174
12671,0.3018531799316406
12672,0.43745896220207214
12673,0.6267086267471313
12674,0.7849491238594055
12675,0.3405831456184387
12676,0.4681831896305084
12677,0.647568941116333
12678,0.554196834564209
12679,0.31550291180610657
12680,0.5305879712104797
12681,0.32631829380989075
12682,0.5925836563110352
12683,0.6278516054153442
12684,0.7696518301963806
12685,0.34266728162765503
12686,0.4434998035430908
12687,0.30228784680366516
12688,0.6439113020896912
12689,0.5218703150749207
12690,0.5024133920669556
12691,0.47274166345596313
12692,0.36209556460380554
12693,0.597092866897583
12694,0.46542131900787354
12695,0.3839397728443146
12696,0.7946341633796692
12697,0.3340214192867279
12698,0.4576145112514496
12699,0.37935346364974976
12700,0.32826393842697144
12701,0.785593569278717
12702,0.46472230553627014
12703,0.7653529644012451
12704,0.487585186958313
12705,0.41920819878578186
12706,0.413517564535141
12707,0.3464617431163788
12708,0.6330538988113403
12709,0.2389989197254181
12710,0.4269430339336395
12711,0.45927777886390686
12712,0.5185804963111877
12713,0.6596663594245911
12714,0.47845616936683655
12715,0.6568624973297119
12716,0.4738145172595978
12717,0.4407757520675659
12718,0.40808844566345215
12719,0.7489091753959656
12720,0.44267359375953674
12721,0.5628107786178589
12722,0.5909422636032104
12723,0.4384624660015106
12724,0.375866562128067
12725,0.37783655524253845
12726,0.5646114349365234
12727,0.7815866470336914
12728,0.6404459476470947
12729,0.36747604608535767
12730,0.5124175548553467
12731,0.4467301666736603
12732,0.4448494017124176
12733,0.7686010599136353
12734,0.32995882630348206
12735,0.763824999332428
12736,0.4770294725894928
12737,0.6169312000274658
12738,0.6649031043052673
12739,0.2714335322380066
12740,0.4478464424610138
12741,0.23321190476417542
12742,0.46051231026649475
12743,0.37834733724594116
12744,0.760635256767273
12745,0.7717168927192688
12746,0.6520058512687683
12747,0.5578891634941101
12748,0.7148127555847168
12749,0.4807826280593872
12750,0.49352654814720154
12751,0.6560810208320618
12752,0.609307587146759
12753,0.3583810031414032
12754,0.5499723553657532
12755,0.5548430681228638
12756,0.7816247344017029
12757,0.5100592970848083
12758,0.4309389293193817
12759,0.4964847266674042
12760,0.214336097240448
12761,0.7670835852622986
12762,0.5281993746757507
12763,0.763388991355896
12764,0.5671931505203247
12765,0.38921722769737244
12766,0.46950557827949524
12767,0.7550293803215027
12768,0.44269463419914246
12769,0.4014587104320526
12770,0.615094780921936
12771,0.4022666811943054
12772,0.40092143416404724
12773,0.5950583815574646
12774,0.39698222279548645
12775,0.3358417749404907
12776,0.5095709562301636
12777,0.34111472964286804
12778,0.7644393444061279
12779,0.3382718563079834
12780,0.5990848541259766
12781,0.4479275345802307
12782,0.5439483523368835
12783,0.3900720179080963
12784,0.4168529212474823
12785,0.7775736451148987
12786,0.45006296038627625
12787,0.7763012647628784
12788,0.8049618601799011
12789,0.535772979259491
12790,0.43843066692352295
12791,0.4370616376399994
12792,0.6051304340362549
12793,0.474347859621048
12794,0.22850638628005981
12795,0.32738709449768066
12796,0.46337488293647766
12797,0.6979182362556458
12798,0.5388354659080505
12799,0.6758597493171692
12800,0.42278870940208435
12801,0.3244253993034363
12802,0.26968780159950256
12803,0.5317465662956238
12804,0.4567563533782959
12805,0.4011025130748749
12806,0.4193843901157379
12807,0.4931364953517914
12808,0.28780728578567505
12809,0.6743527054786682
12810,0.5618112087249756
12811,0.7589201331138611
12812,0.7374460697174072
12813,0.7256118655204773
12814,0.5759373903274536
12815,0.4143310487270355
12816,0.638611376285553
12817,0.4520297646522522
12818,0.3827042877674103
12819,0.5875052213668823
12820,0.36724331974983215
12821,0.5687639713287354
12822,0.31752076745033264
12823,0.48905548453330994
12824,0.4024190306663513
12825,0.46070459485054016
12826,0.44232654571533203
12827,0.5356741547584534
12828,0.27185502648353577
12829,0.4841475784778595
12830,0.5195923447608948
12831,0.5898271203041077
12832,0.28021687269210815
12833,0.3982827067375183
12834,0.5596024394035339
12835,0.3266947269439697
12836,0.47402292490005493
12837,0.5121939778327942
12838,0.33920928835868835
12839,0.34805163741111755
12840,0.4646511971950531
12841,0.546561598777771
12842,0.48627087473869324
12843,0.35378357768058777
12844,0.6473724842071533
12845,0.3617776334285736
12846,0.45882806181907654
12847,0.789621114730835
12848,0.6137139797210693
12849,0.6329945921897888
12850,0.5341895818710327
12851,0.2351953387260437
12852,0.4713946282863617
12853,0.5036776661872864
12854,0.4049805700778961
12855,0.46077367663383484
12856,0.6084259748458862
12857,0.6811957359313965
12858,0.5531768798828125
12859,0.4997183084487915
12860,0.4624500572681427
12861,0.474282443523407
12862,0.48550957441329956
12863,0.6766191124916077
12864,0.7500618100166321
12865,0.48285242915153503
12866,0.46740248799324036
12867,0.26244357228279114
12868,0.5192185640335083
12869,0.26863521337509155
12870,0.5497251152992249
12871,0.7933624386787415
12872,0.6136704683303833
12873,0.5325314998626709
12874,0.3642270863056183
12875,0.6996293067932129
12876,0.6315463185310364
12877,0.6486219167709351
12878,0.4759080708026886
12879,0.455180287361145
12880,0.5359060764312744
12881,0.7642555236816406
12882,0.3464149236679077
12883,0.2024839222431183
12884,0.4626294672489166
12885,0.7675825357437134
12886,0.6684803366661072
12887,0.5634850859642029
12888,0.6315932869911194
12889,0.5138552784919739
12890,0.4601278305053711
12891,0.6791334748268127
12892,0.6161491870880127
12893,0.5989269018173218
12894,0.5500141978263855
12895,0.45197147130966187
12896,0.5800080895423889
12897,0.45093169808387756
12898,0.47396722435951233
12899,0.7491959929466248
12900,0.5877750515937805
12901,0.551571249961853
12902,0.6466079354286194
12903,0.6749619245529175
12904,0.7854095101356506
12905,0.5883981585502625
12906,0.6080285310745239
12907,0.4549756348133087
12908,0.6550390124320984
12909,0.4021274745464325
12910,0.24045372009277344
12911,0.5803384780883789
12912,0.583135187625885
12913,0.6648880839347839
12914,0.7786879539489746
12915,0.7682031989097595
12916,0.31140172481536865
12917,0.7774742245674133
12918,0.4927608072757721
12919,0.334271639585495
12920,0.5389862656593323
12921,0.5323666930198669
12922,0.47791364789009094
12923,0.48535817861557007
12924,0.47669515013694763
12925,0.46053263545036316
12926,0.4994191527366638
12927,0.38486936688423157
12928,0.420962393283844
12929,0.4827956259250641
12930,0.5066468119621277
12931,0.6177091002464294
12932,0.6870384812355042
12933,0.3632437586784363
12934,0.525424599647522
12935,0.44862523674964905
12936,0.41851338744163513
12937,0.26874616742134094
12938,0.26728835701942444
12939,0.3685152232646942
12940,0.3813185393810272
12941,0.736107349395752
12942,0.5218276977539062
12943,0.5237948298454285
12944,0.4130795896053314
12945,0.511702299118042
12946,0.33190450072288513
12947,0.7516168355941772
12948,0.7577747106552124
12949,0.7931987643241882
12950,0.4407501816749573
12951,0.30310943722724915
12952,0.2352694720029831
12953,0.48427945375442505
12954,0.5367897748947144
12955,0.6683145761489868
12956,0.27477529644966125
12957,0.5459737181663513
12958,0.45295122265815735
12959,0.3228904902935028
12960,0.7510886788368225
12961,0.2488989531993866
12962,0.5278342366218567
12963,0.41751936078071594
12964,0.2511570453643799
12965,0.5542061924934387
12966,0.543693482875824
12967,0.38557878136634827
12968,0.6378282308578491
12969,0.5189518332481384
12970,0.514478862285614
12971,0.5199373364448547
12972,0.4791754484176636
12973,0.5256426930427551
12974,0.6925819516181946
12975,0.7282491326332092
12976,0.6611521244049072
12977,0.6079068779945374
12978,0.5183728337287903
12979,0.4933766722679138
12980,0.3345109522342682
12981,0.6254831552505493
12982,0.49620845913887024
12983,0.6392403841018677
12984,0.46661657094955444
12985,0.33446595072746277
12986,0.5657005906105042
12987,0.4384896159172058
12988,0.4187147617340088
12989,0.3704662322998047
12990,0.49029043316841125
12991,0.6418160200119019
12992,0.4721881151199341
12993,0.26154252886772156
12994,0.41120481491088867
12995,0.5973871946334839
12996,0.5254605412483215
12997,0.3914206922054291
12998,0.2909761071205139
12999,0.4368879199028015
13000,0.44834479689598083
13001,0.2289573848247528
13002,0.421552836894989
13003,0.4293306767940521
13004,0.48762771487236023
13005,0.4906596541404724
13006,0.5252143740653992
13007,0.4275282323360443
13008,0.3921584188938141
13009,0.5669877529144287
13010,0.6003533601760864
13011,0.6601997017860413
13012,0.28400883078575134
13013,0.7421698570251465
13014,0.37995824217796326
13015,0.3198595345020294
13016,0.36692333221435547
13017,0.47670871019363403
13018,0.5936323404312134
13019,0.2925476133823395
13020,0.5031328797340393
13021,0.5387713313102722
13022,0.4125062823295593
13023,0.31843969225883484
13024,0.49842289090156555
13025,0.655877411365509
13026,0.5702670216560364
13027,0.2760315537452698
13028,0.5237380266189575
13029,0.5305222272872925
13030,0.45104914903640747
13031,0.3731575310230255
13032,0.38963809609413147
13033,0.736936092376709
13034,0.5773152709007263
13035,0.42729926109313965
13036,0.3878004848957062
13037,0.41103115677833557
13038,0.5074451565742493
13039,0.6160434484481812
13040,0.44857311248779297
13041,0.5518055558204651
13042,0.407577782869339
13043,0.7425510883331299
13044,0.7819913625717163
13045,0.5912523865699768
13046,0.753598690032959
13047,0.23715341091156006
13048,0.31615713238716125
13049,0.20387060940265656
13050,0.7476252913475037
13051,0.395525723695755
13052,0.31475475430488586
13053,0.4304545223712921
13054,0.46467310190200806
13055,0.5228275656700134
13056,0.5205670595169067
13057,0.4231211543083191
13058,0.33966001868247986
13059,0.3995482623577118
13060,0.2894410192966461
13061,0.46146124601364136
13062,0.44184085726737976
13063,0.6877279281616211
13064,0.5717729330062866
13065,0.3738204836845398
13066,0.6184793710708618
13067,0.424132764339447
13068,0.3098049461841583
13069,0.39544203877449036
13070,0.7863867282867432
13071,0.5058062672615051
13072,0.6378692984580994
13073,0.5314987301826477
13074,0.6025182008743286
13075,0.3580831289291382
13076,0.3339771032333374
13077,0.28820469975471497
13078,0.47578397393226624
13079,0.44787922501564026
13080,0.29782819747924805
13081,0.6636682152748108
13082,0.5161471366882324
13083,0.5242873430252075
13084,0.4220753610134125
13085,0.6515781283378601
13086,0.7065670490264893
13087,0.5153352618217468
13088,0.4583774209022522
13089,0.33634689450263977
13090,0.46243220567703247
13091,0.5938451290130615
13092,0.19653664529323578
13093,0.5501487851142883
13094,0.623131275177002
13095,0.5509895086288452
13096,0.5210905075073242
13097,0.37053367495536804
13098,0.5391077399253845
13099,0.4022735059261322
13100,0.5359632968902588
13101,0.624384880065918
13102,0.49936965107917786
13103,0.4674544334411621
13104,0.3635999262332916
13105,0.3486687242984772
13106,0.6321448087692261
13107,0.4626539349555969
13108,0.44210556149482727
13109,0.46317148208618164
13110,0.4740849733352661
13111,0.3206850290298462
13112,0.5747252106666565
13113,0.389338880777359
13114,0.3184610903263092
13115,0.30150124430656433
13116,0.565759003162384
13117,0.3728778064250946
13118,0.24420775473117828
13119,0.636241614818573
13120,0.5889037847518921
13121,0.2809855043888092
13122,0.5597374439239502
13123,0.42529693245887756
13124,0.24743209779262543
13125,0.5712845325469971
13126,0.3245941698551178
13127,0.4422508478164673
13128,0.23774172365665436
13129,0.7005369663238525
13130,0.4279814064502716
13131,0.46146371960639954
13132,0.7114185690879822
13133,0.2283918857574463
13134,0.2399173080921173
13135,0.440015584230423
13136,0.43809065222740173
13137,0.3241126835346222
13138,0.3164866268634796
13139,0.3170361816883087
13140,0.36388614773750305
13141,0.5833860635757446
13142,0.6772304177284241
13143,0.3435657024383545
13144,0.5270982980728149
13145,0.5148677825927734
13146,0.33636340498924255
13147,0.422512412071228
13148,0.46646860241889954
13149,0.38102707266807556
13150,0.472788542509079
13151,0.16048148274421692
13152,0.4415404498577118
13153,0.3076598048210144
13154,0.7791434526443481
13155,0.37320026755332947
13156,0.410982221364975
13157,0.7769609093666077
13158,0.42201581597328186
13159,0.4975019097328186
13160,0.5861940979957581
13161,0.3991642892360687
13162,0.30842557549476624
13163,0.36661726236343384
13164,0.773285448551178
13165,0.5424854159355164
13166,0.5103692412376404
13167,0.5177853107452393
13168,0.34534382820129395
13169,0.31191006302833557
13170,0.538374662399292
13171,0.5639925003051758
13172,0.19893820583820343
13173,0.36654552817344666
13174,0.445722371339798
13175,0.7222066521644592
13176,0.5236438512802124
13177,0.3909672498703003
13178,0.3358075022697449
13179,0.4630151093006134
13180,0.36731064319610596
13181,0.4441719651222229
13182,0.3036964237689972
13183,0.756837785243988
13184,0.3700961768627167
13185,0.5243949294090271
13186,0.3535606265068054
13187,0.44733914732933044
13188,0.22452159225940704
13189,0.6292858123779297
13190,0.18816259503364563
13191,0.5214787125587463
13192,0.5441218614578247
13193,0.468902587890625
13194,0.46077287197113037
13195,0.2897840142250061
13196,0.5217282772064209
13197,0.4153427183628082
13198,0.2808344066143036
13199,0.3386889696121216
13200,0.1837712824344635
13201,0.7071629762649536
13202,0.24184532463550568
13203,0.28378626704216003
13204,0.3257864713668823
13205,0.3837757110595703
13206,0.31830206513404846
13207,0.49585670232772827
13208,0.5368155837059021
13209,0.31465092301368713
13210,0.3475063145160675
13211,0.5208657383918762
13212,0.49824002385139465
13213,0.5721274614334106
13214,0.4112550616264343
13215,0.4317982494831085
13216,0.7015185952186584
13217,0.6545894742012024
13218,0.27747398614883423
13219,0.7797091007232666
13220,0.6583115458488464
13221,0.4335246682167053
13222,0.43246743083000183
13223,0.7979435920715332
13224,0.42206326127052307
13225,0.342672199010849
13226,0.4197721779346466
13227,0.45629000663757324
13228,0.4426514506340027
13229,0.5347129702568054
13230,0.565481424331665
13231,0.35006317496299744
13232,0.46741440892219543
13233,0.4522036612033844
13234,0.5027208924293518
13235,0.5608160495758057
13236,0.7434719204902649
13237,0.4701736867427826
13238,0.5380891561508179
13239,0.28814980387687683
13240,0.5148580074310303
13241,0.3730687201023102
13242,0.4662659764289856
13243,0.5138983726501465
13244,0.6194025278091431
13245,0.4388974905014038
13246,0.6007357835769653
13247,0.5370361804962158
13248,0.5530625581741333
13249,0.5078700184822083
13250,0.7832986116409302
13251,0.29718732833862305
13252,0.5134251713752747
13253,0.6397933959960938
13254,0.26756173372268677
13255,0.4766515791416168
13256,0.7713349461555481
13257,0.4826682507991791
13258,0.584855854511261
13259,0.4461064636707306
13260,0.21724267303943634
13261,0.6290911436080933
13262,0.5260891318321228
13263,0.4521174430847168
13264,0.3366900384426117
13265,0.6031112670898438
13266,0.364000529050827
13267,0.49399328231811523
13268,0.41900405287742615
13269,0.5001545548439026
13270,0.5462411642074585
13271,0.6126813292503357
13272,0.5560404062271118
13273,0.4646494686603546
13274,0.3923491835594177
13275,0.6807065606117249
13276,0.5336669683456421
13277,0.4258978068828583
13278,0.6091271042823792
13279,0.45830193161964417
13280,0.3107955753803253
13281,0.519770622253418
13282,0.6418604254722595
13283,0.477624773979187
13284,0.35571298003196716
13285,0.7313414812088013
13286,0.5867814421653748
13287,0.4810231029987335
13288,0.7575925588607788
13289,0.31030815839767456
13290,0.43586188554763794
13291,0.3279234766960144
13292,0.31269997358322144
13293,0.4865429699420929
13294,0.7859589457511902
13295,0.47454866766929626
13296,0.4120383858680725
13297,0.3188500702381134
13298,0.670620322227478
13299,0.5502297878265381
13300,0.5176264047622681
13301,0.6130716800689697
13302,0.2587030827999115
13303,0.45019063353538513
13304,0.6302614212036133
13305,0.552685022354126
13306,0.5283189415931702
13307,0.38621842861175537
13308,0.2562151253223419
13309,0.46177661418914795
13310,0.5309193730354309
13311,0.7512208223342896
13312,0.7708398699760437
13313,0.5550734400749207
13314,0.496687114238739
13315,0.7400406002998352
13316,0.46369555592536926
13317,0.7527058124542236
13318,0.7690541744232178
13319,0.7122201323509216
13320,0.2927619516849518
13321,0.6150586009025574
13322,0.41794899106025696
13323,0.5451964735984802
13324,0.37041983008384705
13325,0.45582547783851624
13326,0.7360712289810181
13327,0.5355769395828247
13328,0.33400776982307434
13329,0.40857720375061035
13330,0.48818039894104004
13331,0.33097198605537415
13332,0.2901372015476227
13333,0.7672892808914185
13334,0.4359194040298462
13335,0.40904858708381653
13336,0.4591433107852936
13337,0.39588403701782227
13338,0.3615665137767792
13339,0.4986390769481659
13340,0.6182256937026978
13341,0.6351696848869324
13342,0.527132511138916
13343,0.5057018399238586
13344,0.6046833992004395
13345,0.3641000986099243
13346,0.34871113300323486
13347,0.6021618247032166
13348,0.6112849712371826
13349,0.3317202031612396
13350,0.5327659249305725
13351,0.20316579937934875
13352,0.7740494012832642
13353,0.6006559133529663
13354,0.30824926495552063
13355,0.40577200055122375
13356,0.6905173063278198
13357,0.6485175490379333
13358,0.5014190077781677
13359,0.3917056918144226
13360,0.45559871196746826
13361,0.4298473596572876
13362,0.45735275745391846
13363,0.521432101726532
13364,0.5219517350196838
13365,0.6309336423873901
13366,0.5718591213226318
13367,0.48473456501960754
13368,0.5819697976112366
13369,0.7638972401618958
13370,0.7538725733757019
13371,0.6195349097251892
13372,0.6093557476997375
13373,0.4831952154636383
13374,0.5472970008850098
13375,0.24428334832191467
13376,0.40068474411964417
13377,0.5686123967170715
13378,0.4010918438434601
13379,0.3840183913707733
13380,0.5975154638290405
13381,0.4103262722492218
13382,0.5559424161911011
13383,0.42855584621429443
13384,0.3682529032230377
13385,0.44750168919563293
13386,0.7467077374458313
13387,0.4427964389324188
13388,0.3441775143146515
13389,0.23241396248340607
13390,0.5094643235206604
13391,0.5287050604820251
13392,0.6071003675460815
13393,0.5216553807258606
13394,0.6957817077636719
13395,0.39433491230010986
13396,0.6562783122062683
13397,0.46138855814933777
13398,0.5937083959579468
13399,0.6927894353866577
13400,0.5426923632621765
13401,0.5484496355056763
13402,0.6149913668632507
13403,0.4594516456127167
13404,0.5859774947166443
13405,0.5109511017799377
13406,0.4318479001522064
13407,0.4680291414260864
13408,0.6177718639373779
13409,0.3497494161128998
13410,0.35617879033088684
13411,0.5834718346595764
13412,0.32452163100242615
13413,0.3134818375110626
13414,0.7590324282646179
13415,0.19570843875408173
13416,0.5746815800666809
13417,0.3045339286327362
13418,0.7541778683662415
13419,0.45455268025398254
13420,0.7543782591819763
13421,0.5309132933616638
13422,0.4716016352176666
13423,0.2936667203903198
13424,0.5565147399902344
13425,0.5449649095535278
13426,0.5145329833030701
13427,0.7440895438194275
13428,0.24312633275985718
13429,0.4040282070636749
13430,0.4335114657878876
13431,0.6481496691703796
13432,0.359178364276886
13433,0.49464529752731323
13434,0.4364946782588959
13435,0.2136228084564209
13436,0.18383750319480896
13437,0.4488663077354431
13438,0.6616672873497009
13439,0.3485187292098999
13440,0.39442333579063416
13441,0.5350877046585083
13442,0.5825589895248413
13443,0.5089796185493469
13444,0.6880545616149902
13445,0.542243242263794
13446,0.5865841507911682
13447,0.45509636402130127
13448,0.33364325761795044
13449,0.785777747631073
13450,0.3615594208240509
13451,0.7555178999900818
13452,0.35184118151664734
13453,0.7460682988166809
13454,0.5248480439186096
13455,0.7566925883293152
13456,0.22240450978279114
13457,0.7761454582214355
13458,0.2072872817516327
13459,0.3228064477443695
13460,0.48843899369239807
13461,0.2252068817615509
13462,0.490937739610672
13463,0.7603949308395386
13464,0.749634325504303
13465,0.37214186787605286
13466,0.3296855092048645
13467,0.7271296977996826
13468,0.5248497128486633
13469,0.6805745959281921
13470,0.5207916498184204
