node,gnn_score
0,0.5672922134399414
1,0.5921988487243652
2,0.5692914724349976
3,0.5436781644821167
4,0.2669677436351776
5,0.31703415513038635
6,0.2661438286304474
7,0.23343375325202942
8,0.43615514039993286
9,0.7383970618247986
10,0.6168730854988098
11,0.6797940135002136
12,0.2735850512981415
13,0.3503575921058655
14,0.8277558088302612
15,0.2319558560848236
16,0.47625795006752014
17,0.493680864572525
18,0.629517138004303
19,0.18336603045463562
20,0.27165669202804565
21,0.3363226056098938
22,0.7573572993278503
23,0.8117572665214539
24,0.4550434350967407
25,0.7583159804344177
26,0.5780846476554871
27,0.41695061326026917
28,0.19840967655181885
29,0.5212926268577576
30,0.5158430933952332
31,0.42140844464302063
32,0.4167174696922302
33,0.5738460421562195
34,0.6071646809577942
35,0.2620922029018402
36,0.2905481457710266
37,0.3328690230846405
38,0.32280462980270386
39,0.363928884267807
40,0.5109916925430298
41,0.34216511249542236
42,0.3541264235973358
43,0.8259779214859009
44,0.7168187499046326
45,0.20267850160598755
46,0.560292661190033
47,0.4006634056568146
48,0.751424252986908
49,0.18621593713760376
50,0.4321680963039398
51,0.3752870261669159
52,0.7437793612480164
53,0.46482446789741516
54,0.4555474519729614
55,0.1965862214565277
56,0.21121791005134583
57,0.8406709432601929
58,0.23695388436317444
59,0.7041497826576233
60,0.21615377068519592
61,0.4995324909687042
62,0.39263537526130676
63,0.6254280805587769
64,0.1910584568977356
65,0.8185943961143494
66,0.3754524886608124
67,0.43491968512535095
68,0.7719331383705139
69,0.32811227440834045
70,0.4323536455631256
71,0.7144938111305237
72,0.8548431396484375
73,0.5112161040306091
74,0.4564512073993683
75,0.4030667841434479
76,0.24084052443504333
77,0.4395482540130615
78,0.332979291677475
79,0.3137578070163727
80,0.7044865489006042
81,0.4784184992313385
82,0.40544041991233826
83,0.7281116843223572
84,0.3199464976787567
85,0.6763294339179993
86,0.48062071204185486
87,0.14797604084014893
88,0.817051112651825
89,0.788006603717804
90,0.49275287985801697
91,0.6225486397743225
92,0.8061102032661438
93,0.3512723743915558
94,0.8217782974243164
95,0.6070168614387512
96,0.3636493384838104
97,0.5907048583030701
98,0.5780969858169556
99,0.31176382303237915
100,0.8118549585342407
101,0.6706969738006592
102,0.4428468644618988
103,0.5623041987419128
104,0.18364322185516357
105,0.5363162755966187
106,0.6930299401283264
107,0.3386596143245697
108,0.6624495387077332
109,0.353958398103714
110,0.23082473874092102
111,0.645159125328064
112,0.31558021903038025
113,0.5483595728874207
114,0.6289651989936829
115,0.3718482553958893
116,0.8365586400032043
117,0.2772127091884613
118,0.2885184586048126
119,0.3929121196269989
120,0.42590615153312683
121,0.45035067200660706
122,0.339638352394104
123,0.5688965320587158
124,0.4250424802303314
125,0.8337900042533875
126,0.812666118144989
127,0.3054840862751007
128,0.47136732935905457
129,0.32294365763664246
130,0.7494006752967834
131,0.41322576999664307
132,0.42158135771751404
133,0.280254989862442
134,0.19500809907913208
135,0.2848823666572571
136,0.6637676954269409
137,0.39547422528266907
138,0.18487125635147095
139,0.3353312313556671
140,0.4685477018356323
141,0.5593360066413879
142,0.7976135611534119
143,0.6178417801856995
144,0.35777905583381653
145,0.4934806227684021
146,0.508251965045929
147,0.5086297392845154
148,0.3538220226764679
149,0.362178236246109
150,0.7069611549377441
151,0.6889380812644958
152,0.5429841876029968
153,0.5273293256759644
154,0.2464391589164734
155,0.2537502646446228
156,0.22531017661094666
157,0.45392099022865295
158,0.5362160205841064
159,0.41527119278907776
160,0.6022188663482666
161,0.8290128111839294
162,0.5367069840431213
163,0.6904401183128357
164,0.21851655840873718
165,0.753407895565033
166,0.23646846413612366
167,0.6558364033699036
168,0.6837891340255737
169,0.5740804076194763
170,0.379690021276474
171,0.19735479354858398
172,0.5351818203926086
173,0.8123787045478821
174,0.429880827665329
175,0.791979968547821
176,0.3813663125038147
177,0.4673655331134796
178,0.4382370412349701
179,0.40744051337242126
180,0.42013198137283325
181,0.349373459815979
182,0.3518107235431671
183,0.24499103426933289
184,0.45340320467948914
185,0.20401397347450256
186,0.548995316028595
187,0.29600462317466736
188,0.5272974371910095
189,0.42054957151412964
190,0.4764605164527893
191,0.41462552547454834
192,0.6576859354972839
193,0.48764628171920776
194,0.75567626953125
195,0.5197849869728088
196,0.4668053090572357
197,0.31530246138572693
198,0.548799455165863
199,0.6283397078514099
200,0.20870548486709595
201,0.253944993019104
202,0.3568907678127289
203,0.32993772625923157
204,0.5366397500038147
205,0.7700062990188599
206,0.33091723918914795
207,0.3943193256855011
208,0.5750136971473694
209,0.2338045835494995
210,0.5009990334510803
211,0.8318870663642883
212,0.3575027287006378
213,0.6951062083244324
214,0.6270264983177185
215,0.5268003344535828
216,0.26043835282325745
217,0.15392401814460754
218,0.6869092583656311
219,0.6016802191734314
220,0.44157353043556213
221,0.20972374081611633
222,0.5428329110145569
223,0.819486677646637
224,0.6308543682098389
225,0.41408032178878784
226,0.607549250125885
227,0.3499598801136017
228,0.2319941222667694
229,0.28377705812454224
230,0.755486786365509
231,0.5293523669242859
232,0.6072633266448975
233,0.6395784020423889
234,0.3988531827926636
235,0.5531384348869324
236,0.475894570350647
237,0.7906652688980103
238,0.4385835528373718
239,0.2450903058052063
240,0.21667903661727905
241,0.5043228268623352
242,0.41445234417915344
243,0.19990792870521545
244,0.22453930974006653
245,0.7094538807868958
246,0.3081932067871094
247,0.6417228579521179
248,0.5705031752586365
249,0.5643078684806824
250,0.3729959726333618
251,0.505733072757721
252,0.4374801218509674
253,0.7220873832702637
254,0.21876806020736694
255,0.5070200562477112
256,0.2532930076122284
257,0.4670853018760681
258,0.7251808047294617
259,0.5023207068443298
260,0.4311440885066986
261,0.2368033230304718
262,0.5523291230201721
263,0.44214171171188354
264,0.4130541980266571
265,0.7932376265525818
266,0.7319260239601135
267,0.2937332093715668
268,0.665216326713562
269,0.14211899042129517
270,0.414522260427475
271,0.4104238748550415
272,0.39933350682258606
273,0.5547199845314026
274,0.6721644997596741
275,0.4364411234855652
276,0.14772316813468933
277,0.43082866072654724
278,0.19794654846191406
279,0.3831833004951477
280,0.26122239232063293
281,0.36804404854774475
282,0.6731187701225281
283,0.5313176512718201
284,0.6586827039718628
285,0.1630445420742035
286,0.3882277309894562
287,0.4816981852054596
288,0.4779386818408966
289,0.49098414182662964
290,0.6557933688163757
291,0.35388484597206116
292,0.30706629157066345
293,0.20556151866912842
294,0.8294385671615601
295,0.5753095746040344
296,0.426262766122818
297,0.5019339323043823
298,0.27954334020614624
299,0.8345697522163391
300,0.43386343121528625
301,0.7460197806358337
302,0.4228062331676483
303,0.6283665299415588
304,0.5437074899673462
305,0.5418543815612793
306,0.7718864679336548
307,0.39118432998657227
308,0.6586131453514099
309,0.6155308485031128
310,0.2535044550895691
311,0.7046976685523987
312,0.32857897877693176
313,0.43524131178855896
314,0.3262692093849182
315,0.3327692151069641
316,0.13221153616905212
317,0.8079801201820374
318,0.8492415547370911
319,0.4331609904766083
320,0.35807734727859497
321,0.44772210717201233
322,0.38331395387649536
323,0.13648006319999695
324,0.19261431694030762
325,0.7853341698646545
326,0.17717987298965454
327,0.36998361349105835
328,0.5127435326576233
329,0.3628690540790558
330,0.6894674897193909
331,0.3300184905529022
332,0.49407631158828735
333,0.3094700574874878
334,0.7118239998817444
335,0.5700384974479675
336,0.2055158019065857
337,0.4419192969799042
338,0.7139152884483337
339,0.21992847323417664
340,0.6289494633674622
341,0.6560594439506531
342,0.5151309370994568
343,0.6146562099456787
344,0.7212147116661072
345,0.4684750735759735
346,0.44726935029029846
347,0.60503089427948
348,0.25526151061058044
349,0.2911021411418915
350,0.25919079780578613
351,0.7217922806739807
352,0.7207040786743164
353,0.3370915949344635
354,0.2627606987953186
355,0.48994672298431396
356,0.2374662458896637
357,0.7987805008888245
358,0.3691440224647522
359,0.5324684381484985
360,0.30307015776634216
361,0.6888430714607239
362,0.388407438993454
363,0.20614776015281677
364,0.45510241389274597
365,0.6519170999526978
366,0.6287080645561218
367,0.432283490896225
368,0.3151033818721771
369,0.43718421459198
370,0.535377025604248
371,0.6208245158195496
372,0.7185404300689697
373,0.514265239238739
374,0.47477272152900696
375,0.5585986375808716
376,0.2489437460899353
377,0.28434035181999207
378,0.5845798850059509
379,0.613595724105835
380,0.543531596660614
381,0.18763169646263123
382,0.4129154682159424
383,0.7567592859268188
384,0.3125544488430023
385,0.3512902557849884
386,0.6289718747138977
387,0.2756039500236511
388,0.5332920551300049
389,0.7506328821182251
390,0.688580334186554
391,0.28821220993995667
392,0.5605019927024841
393,0.5482707023620605
394,0.42116275429725647
395,0.4098721444606781
396,0.4307091236114502
397,0.604860246181488
398,0.8171372413635254
399,0.34880438446998596
400,0.7792682647705078
401,0.1864759922027588
402,0.49459806084632874
403,0.48667559027671814
404,0.2276982069015503
405,0.5353206992149353
406,0.7057659029960632
407,0.48012855648994446
408,0.6032676100730896
409,0.6684638857841492
410,0.7643102407455444
411,0.8449087142944336
412,0.24806693196296692
413,0.5362468361854553
414,0.6001889109611511
415,0.23849040269851685
416,0.7784484028816223
417,0.521045982837677
418,0.3978247046470642
419,0.2409605085849762
420,0.2723989486694336
421,0.7648609280586243
422,0.43376150727272034
423,0.5863282084465027
424,0.29566583037376404
425,0.6314840316772461
426,0.4189452826976776
427,0.18400368094444275
428,0.4352989196777344
429,0.7108212113380432
430,0.45783481001853943
431,0.5314406752586365
432,0.19248294830322266
433,0.5068417191505432
434,0.6667001843452454
435,0.353792279958725
436,0.6377794742584229
437,0.4115495979785919
438,0.17904150485992432
439,0.46968981623649597
440,0.42738643288612366
441,0.20067739486694336
442,0.12490621209144592
443,0.158426433801651
444,0.7153343558311462
445,0.754230797290802
446,0.49045050144195557
447,0.19749590754508972
448,0.22010377049446106
449,0.720302402973175
450,0.7411985993385315
451,0.4630139470100403
452,0.8067264556884766
453,0.6319090723991394
454,0.8191213607788086
455,0.41644999384880066
456,0.55318683385849
457,0.4969923794269562
458,0.31192174553871155
459,0.5299844145774841
460,0.5429918169975281
461,0.36422935128211975
462,0.6838766932487488
463,0.434253066778183
464,0.5621200203895569
465,0.20813342928886414
466,0.37041258811950684
467,0.6847913861274719
468,0.5821395516395569
469,0.588083803653717
470,0.2595662772655487
471,0.26312485337257385
472,0.47519415616989136
473,0.4275847375392914
474,0.7412049770355225
475,0.34697261452674866
476,0.42254146933555603
477,0.45376643538475037
478,0.5064091086387634
479,0.317287415266037
480,0.3055253326892853
481,0.34615862369537354
482,0.37041914463043213
483,0.18459773063659668
484,0.42003920674324036
485,0.6369406580924988
486,0.4180683195590973
487,0.32113805413246155
488,0.6356977224349976
489,0.5884984135627747
490,0.42142176628112793
491,0.5240668654441833
492,0.6411752700805664
493,0.5634396076202393
494,0.20014697313308716
495,0.24544155597686768
496,0.5414503812789917
497,0.6294944882392883
498,0.7645253539085388
499,0.21818965673446655
500,0.7128098607063293
501,0.721854031085968
502,0.4727937877178192
503,0.646018922328949
504,0.5245408415794373
505,0.7183693647384644
506,0.5385249257087708
507,0.6168215274810791
508,0.31796994805336
509,0.20975232124328613
510,0.231932133436203
511,0.7775743007659912
512,0.6127878427505493
513,0.2692531943321228
514,0.5269806385040283
515,0.7049396634101868
516,0.8314864635467529
517,0.3546723425388336
518,0.513192355632782
519,0.7235304117202759
520,0.5896497368812561
521,0.26351335644721985
522,0.723953902721405
523,0.7214676141738892
524,0.5117281675338745
525,0.7207995057106018
526,0.6372076869010925
527,0.35311052203178406
528,0.5348538756370544
529,0.21267670392990112
530,0.23721528053283691
531,0.5787544846534729
532,0.7114673256874084
533,0.3667895197868347
534,0.5250481963157654
535,0.4042619466781616
536,0.5322573781013489
537,0.6245604753494263
538,0.2553894817829132
539,0.5557783246040344
540,0.5887294411659241
541,0.32681915163993835
542,0.6423075795173645
543,0.4985870122909546
544,0.463716059923172
545,0.5092867612838745
546,0.22461554408073425
547,0.7643956542015076
548,0.502284049987793
549,0.46061310172080994
550,0.29499685764312744
551,0.6120844483375549
552,0.8353376984596252
553,0.46841636300086975
554,0.29440078139305115
555,0.48096346855163574
556,0.6735981106758118
557,0.33382028341293335
558,0.3545076847076416
559,0.8007087111473083
560,0.3449280560016632
561,0.21697109937667847
562,0.45524224638938904
563,0.8339107632637024
564,0.36653727293014526
565,0.49546244740486145
566,0.2918550372123718
567,0.8243760466575623
568,0.30558109283447266
569,0.5727933049201965
570,0.6453046202659607
571,0.27008286118507385
572,0.46093669533729553
573,0.241327702999115
574,0.2803821265697479
575,0.5595002770423889
576,0.7537840008735657
577,0.19321170449256897
578,0.6801544427871704
579,0.4984200596809387
580,0.6780514717102051
581,0.5144911408424377
582,0.395148903131485
583,0.30679386854171753
584,0.7792349457740784
585,0.4352774918079376
586,0.2420879304409027
587,0.48989740014076233
588,0.3450058698654175
589,0.20186659693717957
590,0.42607876658439636
591,0.49541059136390686
592,0.6999878287315369
593,0.3376937508583069
594,0.8465237617492676
595,0.2400481104850769
596,0.5562236309051514
597,0.3288056552410126
598,0.7093189358711243
599,0.37910762429237366
600,0.6168340444564819
601,0.272701621055603
602,0.39144155383110046
603,0.6396844983100891
604,0.7881569862365723
605,0.39432719349861145
606,0.531227171421051
607,0.4195857048034668
608,0.5157201290130615
609,0.6569213271141052
610,0.4951765239238739
611,0.4129590690135956
612,0.5988771319389343
613,0.349245548248291
614,0.6128376722335815
615,0.2467145025730133
616,0.47465261816978455
617,0.7340319752693176
618,0.44048431515693665
619,0.25550222396850586
620,0.20013496279716492
621,0.6167994737625122
622,0.5601869225502014
623,0.17517435550689697
624,0.5385600328445435
625,0.6087092757225037
626,0.36311548948287964
627,0.4097616672515869
628,0.6090747714042664
629,0.6090863347053528
630,0.36891329288482666
631,0.40679875016212463
632,0.32290884852409363
633,0.42575374245643616
634,0.5026193261146545
635,0.3185981214046478
636,0.8244168162345886
637,0.6828618049621582
638,0.42064112424850464
639,0.4371298849582672
640,0.8195343613624573
641,0.5347380042076111
642,0.24479785561561584
643,0.41972145438194275
644,0.34934350848197937
645,0.3487948775291443
646,0.4019240140914917
647,0.437838077545166
648,0.31795936822891235
649,0.44401314854621887
650,0.8007609248161316
651,0.39407455921173096
652,0.35575082898139954
653,0.28788691759109497
654,0.3142436444759369
655,0.6075118184089661
656,0.29596659541130066
657,0.6120396256446838
658,0.20543640851974487
659,0.544477105140686
660,0.655997097492218
661,0.326080858707428
662,0.2782706618309021
663,0.496689110994339
664,0.6651137471199036
665,0.5835461020469666
666,0.43134117126464844
667,0.5900577902793884
668,0.6560710072517395
669,0.41005823016166687
670,0.7003812789916992
671,0.37207719683647156
672,0.6552889347076416
673,0.31804099678993225
674,0.19743651151657104
675,0.5761295557022095
676,0.42075321078300476
677,0.6465854644775391
678,0.5348445773124695
679,0.31939855217933655
680,0.3369249999523163
681,0.553469717502594
682,0.43359139561653137
683,0.7093785405158997
684,0.7098817229270935
685,0.5247051119804382
686,0.5177780985832214
687,0.5177079439163208
688,0.5962957739830017
689,0.5156542062759399
690,0.3328099250793457
691,0.2731040120124817
692,0.36044928431510925
693,0.7088927626609802
694,0.5310479402542114
695,0.5519805550575256
696,0.7745864987373352
697,0.31061577796936035
698,0.31655648350715637
699,0.5511758923530579
700,0.45913806557655334
701,0.5173446536064148
702,0.2635856568813324
703,0.8578248023986816
704,0.2399415671825409
705,0.8528732657432556
706,0.8534097075462341
707,0.4128504991531372
708,0.6049879193305969
709,0.4325416386127472
710,0.5328986048698425
711,0.8676989674568176
712,0.38473770022392273
713,0.7853445410728455
714,0.6372630000114441
715,0.7207379937171936
716,0.46857210993766785
717,0.30117693543434143
718,0.45161551237106323
719,0.8271920084953308
720,0.6002310514450073
721,0.368510901927948
722,0.3923788070678711
723,0.40034452080726624
724,0.2582007050514221
725,0.4778174161911011
726,0.7218324542045593
727,0.5714768171310425
728,0.4162134528160095
729,0.32651644945144653
730,0.3318295180797577
731,0.43536117672920227
732,0.31579098105430603
733,0.3072655498981476
734,0.6591407656669617
735,0.5104883313179016
736,0.35381412506103516
737,0.42149776220321655
738,0.2566964626312256
739,0.1797352135181427
740,0.4754129946231842
741,0.41482821106910706
742,0.30033159255981445
743,0.6003265380859375
744,0.40044358372688293
745,0.7508116960525513
746,0.47744157910346985
747,0.5071514248847961
748,0.5660886168479919
749,0.557703971862793
750,0.7900912761688232
751,0.7342849373817444
752,0.6731606125831604
753,0.37426722049713135
754,0.2427997887134552
755,0.413546621799469
756,0.35804376006126404
757,0.6195539832115173
758,0.5217158198356628
759,0.4889781177043915
760,0.5897497534751892
761,0.276421457529068
762,0.6007490158081055
763,0.506313145160675
764,0.5708492398262024
765,0.6647419333457947
766,0.7087213397026062
767,0.41659271717071533
768,0.2827008366584778
769,0.556175947189331
770,0.36033469438552856
771,0.515322744846344
772,0.17914602160453796
773,0.16701927781105042
774,0.2687322497367859
775,0.37987226247787476
776,0.3114522099494934
777,0.5127577185630798
778,0.5761308670043945
779,0.5828856825828552
780,0.4396362602710724
781,0.5057900547981262
782,0.7612102627754211
783,0.6302865743637085
784,0.1890791356563568
785,0.342668741941452
786,0.6197673678398132
787,0.17790764570236206
788,0.3357445299625397
789,0.2987253963947296
790,0.8199778199195862
791,0.6679018139839172
792,0.35157981514930725
793,0.7689238786697388
794,0.5118089318275452
795,0.5261214375495911
796,0.6097608208656311
797,0.25091150403022766
798,0.4892466366291046
799,0.6634388566017151
800,0.584860622882843
801,0.7573722004890442
802,0.6915976405143738
803,0.4733927547931671
804,0.2993447482585907
805,0.4768669903278351
806,0.5526601672172546
807,0.7644243836402893
808,0.49006566405296326
809,0.7678127884864807
810,0.38687315583229065
811,0.6008477807044983
812,0.27372074127197266
813,0.6593180298805237
814,0.7309293150901794
815,0.715861976146698
816,0.693727433681488
817,0.3568466603755951
818,0.830757200717926
819,0.20991277694702148
820,0.2937236726284027
821,0.45401301980018616
822,0.21335747838020325
823,0.34915730357170105
824,0.16743293404579163
825,0.4080006182193756
826,0.4350546896457672
827,0.46557819843292236
828,0.44238921999931335
829,0.36480551958084106
830,0.3674076795578003
831,0.4474419951438904
832,0.47030574083328247
833,0.21202409267425537
834,0.704085111618042
835,0.21933886408805847
836,0.6538024544715881
837,0.49325990676879883
838,0.32948821783065796
839,0.7253968119621277
840,0.7847262024879456
841,0.440803200006485
842,0.21029311418533325
843,0.7530508041381836
844,0.8476503491401672
845,0.3593739867210388
846,0.5774396657943726
847,0.6067874431610107
848,0.27174708247184753
849,0.4818095862865448
850,0.6037766933441162
851,0.29920896887779236
852,0.272055447101593
853,0.4806811511516571
854,0.6253202557563782
855,0.5826160311698914
856,0.367840975522995
857,0.5727384090423584
858,0.35771098732948303
859,0.40751412510871887
860,0.7127806544303894
861,0.30500343441963196
862,0.3732165992259979
863,0.6069073677062988
864,0.5090617537498474
865,0.5023090839385986
866,0.4603917896747589
867,0.6764721274375916
868,0.4542461633682251
869,0.5753586888313293
870,0.29323410987854004
871,0.24159181118011475
872,0.47100895643234253
873,0.8438273668289185
874,0.6760697364807129
875,0.7977737188339233
876,0.19307467341423035
877,0.4208057224750519
878,0.2872158885002136
879,0.35149985551834106
880,0.8328279852867126
881,0.3214477002620697
882,0.6816740036010742
883,0.5513811707496643
884,0.46072351932525635
885,0.3840867578983307
886,0.5417160987854004
887,0.43859317898750305
888,0.18038451671600342
889,0.8340616822242737
890,0.6187486052513123
891,0.7401316165924072
892,0.6731413006782532
893,0.7857498526573181
894,0.5008007287979126
895,0.3888929486274719
896,0.6217619776725769
897,0.5173956155776978
898,0.5270196795463562
899,0.18471664190292358
900,0.6821337342262268
901,0.3706728518009186
902,0.5564496517181396
903,0.5563499331474304
904,0.5734476447105408
905,0.4829193949699402
906,0.5907941460609436
907,0.23700353503227234
908,0.2816416621208191
909,0.7943859696388245
910,0.7191274166107178
911,0.4576810896396637
912,0.5125308036804199
913,0.4801647365093231
914,0.5045679211616516
915,0.5153209567070007
916,0.38339388370513916
917,0.45328471064567566
918,0.5571853518486023
919,0.38874223828315735
920,0.23597586154937744
921,0.7013775706291199
922,0.4049459397792816
923,0.3042231500148773
924,0.582665741443634
925,0.47064781188964844
926,0.3153705894947052
927,0.38770410418510437
928,0.6845555901527405
929,0.6818033456802368
930,0.5353328585624695
931,0.3425125479698181
932,0.5857734084129333
933,0.2339237630367279
934,0.38206401467323303
935,0.831204354763031
936,0.7647422552108765
937,0.6289710402488708
938,0.3159637749195099
939,0.421196848154068
940,0.16204535961151123
941,0.6014196276664734
942,0.35676249861717224
943,0.617419421672821
944,0.5393716096878052
945,0.23454004526138306
946,0.6523110270500183
947,0.20520737767219543
948,0.5252615809440613
949,0.2967841625213623
950,0.7136264443397522
951,0.6945814490318298
952,0.2988969683647156
953,0.336961954832077
954,0.5811827182769775
955,0.7111746668815613
956,0.814620316028595
957,0.6181313395500183
958,0.37726524472236633
959,0.6118854284286499
960,0.22026485204696655
961,0.48743346333503723
962,0.7680040597915649
963,0.5608433485031128
964,0.48853638768196106
965,0.7012131810188293
966,0.2583533525466919
967,0.6354777216911316
968,0.2123124599456787
969,0.8127140402793884
970,0.634807288646698
971,0.3101942241191864
972,0.5676084160804749
973,0.7338833808898926
974,0.44318288564682007
975,0.329087495803833
976,0.230838805437088
977,0.5803694725036621
978,0.5343325138092041
979,0.49141037464141846
980,0.515226423740387
981,0.5459504723548889
982,0.7031863331794739
983,0.28445079922676086
984,0.5739768743515015
985,0.29652830958366394
986,0.2606355845928192
987,0.45974498987197876
988,0.2480812668800354
989,0.8196437954902649
990,0.4513354003429413
991,0.48601001501083374
992,0.7115095853805542
993,0.815667450428009
994,0.19206848740577698
995,0.7918135523796082
996,0.566190779209137
997,0.4875248670578003
998,0.21681416034698486
999,0.305387943983078
1000,0.2308889925479889
1001,0.28207844495773315
1002,0.8120521903038025
1003,0.18374255299568176
1004,0.8148021101951599
1005,0.579666793346405
1006,0.5500925183296204
1007,0.4362433850765228
1008,0.35626739263534546
1009,0.4297002851963043
1010,0.5843708515167236
1011,0.7602900862693787
1012,0.49112746119499207
1013,0.4209352135658264
1014,0.24970456957817078
1015,0.5525617599487305
1016,0.3674982190132141
1017,0.38298794627189636
1018,0.2732997238636017
1019,0.4969893991947174
1020,0.45482414960861206
1021,0.38291454315185547
1022,0.5709059834480286
1023,0.6241348385810852
1024,0.6976211667060852
1025,0.519167423248291
1026,0.607427179813385
1027,0.4803760349750519
1028,0.8236426711082458
1029,0.4209299385547638
1030,0.22081580758094788
1031,0.7824843525886536
1032,0.43788281083106995
1033,0.6587954163551331
1034,0.7432146668434143
1035,0.5181650519371033
1036,0.25325509905815125
1037,0.6315882802009583
1038,0.5775396823883057
1039,0.6022921204566956
1040,0.7570790648460388
1041,0.8477931618690491
1042,0.2132381796836853
1043,0.3471176326274872
1044,0.3907451927661896
1045,0.5811464190483093
1046,0.5273034572601318
1047,0.17217877507209778
1048,0.6899091005325317
1049,0.6719668507575989
1050,0.41961896419525146
1051,0.662818968296051
1052,0.7048614621162415
1053,0.5639398097991943
1054,0.5937027931213379
1055,0.7886179089546204
1056,0.7291648983955383
1057,0.49271833896636963
1058,0.5544155836105347
1059,0.47451838850975037
1060,0.665259838104248
1061,0.37388747930526733
1062,0.8470656275749207
1063,0.6452363133430481
1064,0.6902557015419006
1065,0.49174895882606506
1066,0.32611697912216187
1067,0.6837806105613708
1068,0.5945263504981995
1069,0.21721675992012024
1070,0.5499590039253235
1071,0.7452501058578491
1072,0.46743473410606384
1073,0.2367630898952484
1074,0.7351794838905334
1075,0.4243965744972229
1076,0.6969457268714905
1077,0.4820858836174011
1078,0.46346983313560486
1079,0.5395923256874084
1080,0.6757772564888
1081,0.2795950770378113
1082,0.5260435342788696
1083,0.5939866900444031
1084,0.762626588344574
1085,0.8397045731544495
1086,0.47945636510849
1087,0.5565296411514282
1088,0.3662542402744293
1089,0.6404670476913452
1090,0.23191887140274048
1091,0.34574776887893677
1092,0.5035409331321716
1093,0.5001614093780518
1094,0.5764966607093811
1095,0.7769898176193237
1096,0.5397639274597168
1097,0.4285305142402649
1098,0.27816295623779297
1099,0.5293386578559875
1100,0.7080882787704468
1101,0.6344582438468933
1102,0.7358828186988831
1103,0.4421115219593048
1104,0.6461133360862732
1105,0.5667408108711243
1106,0.5032764077186584
1107,0.4838569164276123
1108,0.7925264239311218
1109,0.6471952199935913
1110,0.2705075442790985
1111,0.5367047786712646
1112,0.21449241042137146
1113,0.3848136365413666
1114,0.7125647068023682
1115,0.2852223813533783
1116,0.7137392163276672
1117,0.31758251786231995
1118,0.6362707018852234
1119,0.4754500091075897
1120,0.5156164169311523
1121,0.19835245609283447
1122,0.6395768523216248
1123,0.26177287101745605
1124,0.8081989884376526
1125,0.4158429205417633
1126,0.8316290974617004
1127,0.2894327640533447
1128,0.4609007239341736
1129,0.37412554025650024
1130,0.8187646269798279
1131,0.5685465931892395
1132,0.7390010356903076
1133,0.7481797337532043
1134,0.46643683314323425
1135,0.5217843651771545
1136,0.720366895198822
1137,0.571723997592926
1138,0.33780211210250854
1139,0.2808835804462433
1140,0.32882794737815857
1141,0.5635977387428284
1142,0.48186105489730835
1143,0.5533530116081238
1144,0.3154076635837555
1145,0.6253355145454407
1146,0.2227003574371338
1147,0.43935731053352356
1148,0.46270987391471863
1149,0.42202162742614746
1150,0.5875311493873596
1151,0.5327319502830505
1152,0.38135838508605957
1153,0.5628510117530823
1154,0.39598560333251953
1155,0.4138983190059662
1156,0.5098989605903625
1157,0.6597090363502502
1158,0.34039515256881714
1159,0.381546288728714
1160,0.63642817735672
1161,0.5493685007095337
1162,0.49196597933769226
1163,0.6336381435394287
1164,0.18163985013961792
1165,0.4485057592391968
1166,0.3037075698375702
1167,0.7818889021873474
1168,0.30167171359062195
1169,0.5794084668159485
1170,0.7277987003326416
1171,0.25106629729270935
1172,0.32584598660469055
1173,0.39518898725509644
1174,0.843342125415802
1175,0.24793890118598938
1176,0.6636996865272522
1177,0.3225870430469513
1178,0.35628214478492737
1179,0.5086963176727295
1180,0.6225981116294861
1181,0.47411105036735535
1182,0.444154292345047
1183,0.42668312788009644
1184,0.302274614572525
1185,0.36751630902290344
1186,0.5304459929466248
1187,0.7143227458000183
1188,0.5525900721549988
1189,0.5889504551887512
1190,0.48689281940460205
1191,0.5491911768913269
1192,0.7905190587043762
1193,0.5587196350097656
1194,0.4081650376319885
1195,0.5872559547424316
1196,0.20966854691505432
1197,0.2896418869495392
1198,0.735744297504425
1199,0.6383945345878601
1200,0.7757383584976196
1201,0.7411800026893616
1202,0.3569263219833374
1203,0.6289487481117249
1204,0.46756863594055176
1205,0.4269496202468872
1206,0.31625795364379883
1207,0.8664063811302185
1208,0.32361990213394165
1209,0.8278706669807434
1210,0.2407234013080597
1211,0.5504076480865479
1212,0.625752866268158
1213,0.7533438801765442
1214,0.47327300906181335
1215,0.6895516514778137
1216,0.7905110120773315
1217,0.6666427254676819
1218,0.586212694644928
1219,0.3343328833580017
1220,0.2598024904727936
1221,0.24733754992485046
1222,0.6876048445701599
1223,0.5225251913070679
1224,0.2794860005378723
1225,0.8052087426185608
1226,0.643058717250824
1227,0.6123505234718323
1228,0.617986261844635
1229,0.3814336955547333
1230,0.6402909159660339
1231,0.6259928941726685
1232,0.32481053471565247
1233,0.7002939581871033
1234,0.1887495219707489
1235,0.6080086827278137
1236,0.7506272196769714
1237,0.5863044857978821
1238,0.43814969062805176
1239,0.6149195432662964
1240,0.3258095383644104
1241,0.23253551125526428
1242,0.4190961420536041
1243,0.8713636994361877
1244,0.19835230708122253
1245,0.5836674571037292
1246,0.330501526594162
1247,0.6901102662086487
1248,0.22383669018745422
1249,0.3626873195171356
1250,0.27785763144493103
1251,0.3198617696762085
1252,0.1992993950843811
1253,0.5728818774223328
1254,0.22160744667053223
1255,0.3996089994907379
1256,0.5439711809158325
1257,0.32021403312683105
1258,0.5174307227134705
1259,0.6771917343139648
1260,0.22383731603622437
1261,0.41581517457962036
1262,0.44239160418510437
1263,0.7872681021690369
1264,0.8263958096504211
1265,0.4482383728027344
1266,0.6424604058265686
1267,0.42975232005119324
1268,0.34641531109809875
1269,0.7605985999107361
1270,0.35230886936187744
1271,0.6593818068504333
1272,0.2778758406639099
1273,0.5912238955497742
1274,0.3956848680973053
1275,0.5088080167770386
1276,0.45768436789512634
1277,0.6393513679504395
1278,0.6790633797645569
1279,0.7630598545074463
1280,0.8254539966583252
1281,0.6555395722389221
1282,0.8313452005386353
1283,0.5024065971374512
1284,0.4007362723350525
1285,0.6561676859855652
1286,0.42991381883621216
1287,0.4197843372821808
1288,0.5495368838310242
1289,0.26039960980415344
1290,0.7045774459838867
1291,0.8427989482879639
1292,0.6930365562438965
1293,0.5534196496009827
1294,0.661278486251831
1295,0.6842454075813293
1296,0.7863667011260986
1297,0.6874223351478577
1298,0.296590119600296
1299,0.5893873572349548
1300,0.27795031666755676
1301,0.5363777279853821
1302,0.18698817491531372
1303,0.27606379985809326
1304,0.5469769239425659
1305,0.6566020846366882
1306,0.8175020813941956
1307,0.3504221439361572
1308,0.6673987507820129
1309,0.43382856249809265
1310,0.4460109770298004
1311,0.43733087182044983
1312,0.3247905671596527
1313,0.4315987527370453
1314,0.6859269738197327
1315,0.7830142378807068
1316,0.3055683672428131
1317,0.44102463126182556
1318,0.3753402829170227
1319,0.48976820707321167
1320,0.7758998274803162
1321,0.5018587708473206
1322,0.4912852346897125
1323,0.2403002679347992
1324,0.42659255862236023
1325,0.2247878611087799
1326,0.7802766561508179
1327,0.6685237288475037
1328,0.3969246447086334
1329,0.6786407232284546
1330,0.563339114189148
1331,0.23654350638389587
1332,0.38976240158081055
1333,0.8473058342933655
1334,0.15426558256149292
1335,0.6357718706130981
1336,0.319346159696579
1337,0.4362238049507141
1338,0.48617857694625854
1339,0.562599241733551
1340,0.4257759749889374
1341,0.5213446021080017
1342,0.5467061400413513
1343,0.36475515365600586
1344,0.6611685752868652
1345,0.5028715133666992
1346,0.8037024736404419
1347,0.7485084533691406
1348,0.2990637719631195
1349,0.47517040371894836
1350,0.8244495987892151
1351,0.6275993585586548
1352,0.18931442499160767
1353,0.3432144820690155
1354,0.27994295954704285
1355,0.3413008749485016
1356,0.8278072476387024
1357,0.6879687905311584
1358,0.36783909797668457
1359,0.40926384925842285
1360,0.3496006727218628
1361,0.5541160702705383
1362,0.5615693926811218
1363,0.4126574397087097
1364,0.29173481464385986
1365,0.3719225525856018
1366,0.6457127928733826
1367,0.22241470217704773
1368,0.49613437056541443
1369,0.2549389898777008
1370,0.48117953538894653
1371,0.4817950427532196
1372,0.19205942749977112
1373,0.23682281374931335
1374,0.42955121397972107
1375,0.5658512711524963
1376,0.601332426071167
1377,0.6240618824958801
1378,0.3001873195171356
1379,0.5727517008781433
1380,0.6337836384773254
1381,0.17940327525138855
1382,0.5749618411064148
1383,0.5163846015930176
1384,0.6040007472038269
1385,0.7021313309669495
1386,0.558668851852417
1387,0.32061824202537537
1388,0.12364450097084045
1389,0.1394263207912445
1390,0.3421507179737091
1391,0.7287877798080444
1392,0.3120499849319458
1393,0.6176797747612
1394,0.6503816246986389
1395,0.4871979057788849
1396,0.8149940371513367
1397,0.47660213708877563
1398,0.46610888838768005
1399,0.5170509219169617
1400,0.22932669520378113
1401,0.36246711015701294
1402,0.6243232488632202
1403,0.686039388179779
1404,0.5360490679740906
1405,0.21162554621696472
1406,0.769443929195404
1407,0.5552371144294739
1408,0.6447935700416565
1409,0.5843073129653931
1410,0.3418624699115753
1411,0.36479872465133667
1412,0.3259718716144562
1413,0.6506834626197815
1414,0.3396455943584442
1415,0.6628163456916809
1416,0.1849115788936615
1417,0.5079821944236755
1418,0.2518259882926941
1419,0.8519120812416077
1420,0.3520444631576538
1421,0.4337279796600342
1422,0.4885953962802887
1423,0.7122008800506592
1424,0.2698507606983185
1425,0.7584735751152039
1426,0.38217782974243164
1427,0.7223170399665833
1428,0.6378630995750427
1429,0.473011314868927
1430,0.6286097764968872
1431,0.7921245694160461
1432,0.693631649017334
1433,0.3997994363307953
1434,0.5842357873916626
1435,0.2328014075756073
1436,0.33129391074180603
1437,0.2601744532585144
1438,0.5819413065910339
1439,0.2934587895870209
1440,0.2560178339481354
1441,0.7358343005180359
1442,0.4571840465068817
1443,0.7266764640808105
1444,0.4544900357723236
1445,0.7302603125572205
1446,0.6598121523857117
1447,0.7012177109718323
1448,0.20437252521514893
1449,0.3491872549057007
1450,0.4047441780567169
1451,0.6608879566192627
1452,0.5099808573722839
1453,0.42189154028892517
1454,0.6404624581336975
1455,0.4699752926826477
1456,0.6315682530403137
1457,0.4664212167263031
1458,0.3783184587955475
1459,0.8039219975471497
1460,0.5180711150169373
1461,0.6153377294540405
1462,0.567293643951416
1463,0.4979861080646515
1464,0.46342769265174866
1465,0.1363649070262909
1466,0.8374639749526978
1467,0.21185600757598877
1468,0.45330268144607544
1469,0.8327412605285645
1470,0.1501147449016571
1471,0.3080838620662689
1472,0.3537488281726837
1473,0.7348878979682922
1474,0.8364385962486267
1475,0.6826117634773254
1476,0.3224990963935852
1477,0.5984082818031311
1478,0.701387345790863
1479,0.49655792117118835
1480,0.48471736907958984
1481,0.6984739899635315
1482,0.23018985986709595
1483,0.6407435536384583
1484,0.4412783980369568
1485,0.31967008113861084
1486,0.22855624556541443
1487,0.40240684151649475
1488,0.1955619752407074
1489,0.8372693657875061
1490,0.7102814316749573
1491,0.31594762206077576
1492,0.47259461879730225
1493,0.5292108654975891
1494,0.7520796656608582
1495,0.5635061860084534
1496,0.46390870213508606
1497,0.231522798538208
1498,0.49715736508369446
1499,0.5581914782524109
1500,0.26861390471458435
1501,0.23457029461860657
1502,0.44939854741096497
1503,0.4192163646221161
1504,0.36289748549461365
1505,0.29396575689315796
1506,0.2473706603050232
1507,0.47547343373298645
1508,0.28957921266555786
1509,0.4879429042339325
1510,0.41440826654434204
1511,0.45652613043785095
1512,0.6978643536567688
1513,0.4410535991191864
1514,0.5943923592567444
1515,0.41409948468208313
1516,0.6283738017082214
1517,0.5955941081047058
1518,0.6543110609054565
1519,0.5033902525901794
1520,0.4320496618747711
1521,0.33443549275398254
1522,0.6543334126472473
1523,0.6740502715110779
1524,0.7910057306289673
1525,0.47516050934791565
1526,0.3670320212841034
1527,0.8014501929283142
1528,0.792616069316864
1529,0.2469213306903839
1530,0.42643848061561584
1531,0.4467015564441681
1532,0.30600354075431824
1533,0.3454596698284149
1534,0.3879490792751312
1535,0.5910429358482361
1536,0.8252854943275452
1537,0.43058910965919495
1538,0.7224677205085754
1539,0.6235201954841614
1540,0.6397086977958679
1541,0.24515298008918762
1542,0.6278541684150696
1543,0.4140374958515167
1544,0.3737785816192627
1545,0.46459686756134033
1546,0.6312568783760071
1547,0.4791134297847748
1548,0.4103407561779022
1549,0.6253952980041504
1550,0.6829132437705994
1551,0.3415858745574951
1552,0.2969783544540405
1553,0.4683327376842499
1554,0.5675534605979919
1555,0.8056212663650513
1556,0.39850977063179016
1557,0.5165913701057434
1558,0.3908587396144867
1559,0.5931170582771301
1560,0.48183152079582214
1561,0.6797177195549011
1562,0.7028095126152039
1563,0.8491262793540955
1564,0.45694562792778015
1565,0.7747930884361267
1566,0.7039311528205872
1567,0.6393162608146667
1568,0.7902539372444153
1569,0.6455027461051941
1570,0.5287460088729858
1571,0.4710550308227539
1572,0.5074613690376282
1573,0.6360802054405212
1574,0.5128318667411804
1575,0.5147996544837952
1576,0.49651843309402466
1577,0.7694934010505676
1578,0.2088225781917572
1579,0.6549133658409119
1580,0.5732024908065796
1581,0.7176509499549866
1582,0.2083861529827118
1583,0.8200538754463196
1584,0.5344532132148743
1585,0.3953324556350708
1586,0.36800727248191833
1587,0.5842404961585999
1588,0.24322757124900818
1589,0.4995673894882202
1590,0.7231277823448181
1591,0.5877304077148438
1592,0.6619179844856262
1593,0.22923773527145386
1594,0.6583697199821472
1595,0.3759184181690216
1596,0.2400583028793335
1597,0.6535016894340515
1598,0.5692630410194397
1599,0.6730075478553772
1600,0.6879059672355652
1601,0.5299243330955505
1602,0.5397406220436096
1603,0.8701508641242981
1604,0.5197651982307434
1605,0.6459400057792664
1606,0.510830819606781
1607,0.39911600947380066
1608,0.7439199090003967
1609,0.7285131216049194
1610,0.4283146560192108
1611,0.6127561926841736
1612,0.7774370312690735
1613,0.5189030766487122
1614,0.8040026426315308
1615,0.4948364794254303
1616,0.4661591947078705
1617,0.6459020972251892
1618,0.6548575162887573
1619,0.6705076694488525
1620,0.6425517201423645
1621,0.8554894328117371
1622,0.4456213414669037
1623,0.30133992433547974
1624,0.2136421799659729
1625,0.6240032315254211
1626,0.2822677791118622
1627,0.5357203483581543
1628,0.25662097334861755
1629,0.5094718337059021
1630,0.5753313899040222
1631,0.3651638925075531
1632,0.5964412093162537
1633,0.4259728789329529
1634,0.4914540946483612
1635,0.6714684367179871
1636,0.5720939040184021
1637,0.26480832695961
1638,0.8179898858070374
1639,0.7932868599891663
1640,0.8228949904441833
1641,0.7138251662254333
1642,0.45523902773857117
1643,0.7339732050895691
1644,0.388022780418396
1645,0.4809507429599762
1646,0.5616729855537415
1647,0.5997896790504456
1648,0.18854978680610657
1649,0.3213989734649658
1650,0.6635006070137024
1651,0.20534473657608032
1652,0.7400437593460083
1653,0.7241170406341553
1654,0.5498769879341125
1655,0.35670337080955505
1656,0.5360820889472961
1657,0.25572365522384644
1658,0.577122151851654
1659,0.7406125664710999
1660,0.47208598256111145
1661,0.38264384865760803
1662,0.6864184737205505
1663,0.36228129267692566
1664,0.7938268780708313
1665,0.5488894581794739
1666,0.7217862010002136
1667,0.4554217457771301
1668,0.5241953730583191
1669,0.40613651275634766
1670,0.5014021992683411
1671,0.3791956603527069
1672,0.6666703820228577
1673,0.5941952466964722
1674,0.5489669442176819
1675,0.8133270144462585
1676,0.7964774966239929
1677,0.664921224117279
1678,0.6325100064277649
1679,0.6260416507720947
1680,0.20009192824363708
1681,0.5660563707351685
1682,0.5849329829216003
1683,0.184432715177536
1684,0.31884562969207764
1685,0.606856107711792
1686,0.5766960978507996
1687,0.5617318749427795
1688,0.6005775332450867
1689,0.5629287362098694
1690,0.4882533848285675
1691,0.7101860642433167
1692,0.5809952616691589
1693,0.7547383904457092
1694,0.615434467792511
1695,0.5166676640510559
1696,0.3668522834777832
1697,0.33115971088409424
1698,0.6766268610954285
1699,0.30880457162857056
1700,0.26326820254325867
1701,0.2863270044326782
1702,0.7001880407333374
1703,0.31670841574668884
1704,0.5590831637382507
1705,0.18383818864822388
1706,0.4394751191139221
1707,0.3901720345020294
1708,0.2691352665424347
1709,0.308242529630661
1710,0.5364108681678772
1711,0.4989137351512909
1712,0.7304735779762268
1713,0.422469824552536
1714,0.5354438424110413
1715,0.42894238233566284
1716,0.8637975454330444
1717,0.49427852034568787
1718,0.1770874559879303
1719,0.44368937611579895
1720,0.36210399866104126
1721,0.3181820213794708
1722,0.6433924436569214
1723,0.31871122121810913
1724,0.6804268956184387
1725,0.5454936623573303
1726,0.26045429706573486
1727,0.638731062412262
1728,0.6997316479682922
1729,0.7261354327201843
1730,0.3069418668746948
1731,0.5471988320350647
1732,0.6189863085746765
1733,0.4878349304199219
1734,0.7283703684806824
1735,0.40569639205932617
1736,0.3953699767589569
1737,0.3244698941707611
1738,0.1947493553161621
1739,0.6381334662437439
1740,0.8340958952903748
1741,0.37845638394355774
1742,0.853215754032135
1743,0.7787486910820007
1744,0.388209730386734
1745,0.38555634021759033
1746,0.34700095653533936
1747,0.8119065165519714
1748,0.456563800573349
1749,0.5807598829269409
1750,0.5279762148857117
1751,0.26347535848617554
1752,0.22140711545944214
1753,0.34260138869285583
1754,0.6556755304336548
1755,0.5544275045394897
1756,0.36188921332359314
1757,0.5204337239265442
1758,0.6449207067489624
1759,0.6300240159034729
1760,0.29422369599342346
1761,0.3692452013492584
1762,0.6442940831184387
1763,0.507736325263977
1764,0.40924662351608276
1765,0.24042335152626038
1766,0.4383212625980377
1767,0.31242409348487854
1768,0.27716946601867676
1769,0.6490413546562195
1770,0.47941553592681885
1771,0.5043520331382751
1772,0.6979860663414001
1773,0.38040322065353394
1774,0.5194793939590454
1775,0.7010056376457214
1776,0.449882835149765
1777,0.8186050057411194
1778,0.5031188130378723
1779,0.6325203776359558
1780,0.8269476890563965
1781,0.5604649186134338
1782,0.4726915657520294
1783,0.4312984049320221
1784,0.7394350171089172
1785,0.473861426115036
1786,0.4745359718799591
1787,0.2188321053981781
1788,0.4181016981601715
1789,0.7761793732643127
1790,0.5812246799468994
1791,0.7398743629455566
1792,0.22980129718780518
1793,0.7661102414131165
1794,0.7498967051506042
1795,0.5507838129997253
1796,0.5448843836784363
1797,0.4821859896183014
1798,0.1646292507648468
1799,0.13095593452453613
1800,0.2358016073703766
1801,0.6306984424591064
1802,0.5061012506484985
1803,0.5551431179046631
1804,0.4044332802295685
1805,0.6427286267280579
1806,0.37364432215690613
1807,0.21319544315338135
1808,0.3929156959056854
1809,0.7895159721374512
1810,0.4914778172969818
1811,0.49478116631507874
1812,0.5276313424110413
1813,0.6292183995246887
1814,0.7701127529144287
1815,0.38887372612953186
1816,0.3552547097206116
1817,0.7748991847038269
1818,0.5163643956184387
1819,0.3998304009437561
1820,0.3975730836391449
1821,0.32180726528167725
1822,0.3615090250968933
1823,0.2906127870082855
1824,0.79559326171875
1825,0.518482506275177
1826,0.6124855279922485
1827,0.486253947019577
1828,0.49217846989631653
1829,0.3590872585773468
1830,0.6481492519378662
1831,0.3859005868434906
1832,0.669982373714447
1833,0.44180139899253845
1834,0.47216665744781494
1835,0.348440945148468
1836,0.20199990272521973
1837,0.6274169087409973
1838,0.7343543171882629
1839,0.28548040986061096
1840,0.6455907225608826
1841,0.1988876461982727
1842,0.7823498845100403
1843,0.6049882173538208
1844,0.21118596196174622
1845,0.21296149492263794
1846,0.8034199476242065
1847,0.24521797895431519
1848,0.25088247656822205
1849,0.4401675760746002
1850,0.42711785435676575
1851,0.35823938250541687
1852,0.31657594442367554
1853,0.6292211413383484
1854,0.5063165426254272
1855,0.1568547487258911
1856,0.5225980877876282
1857,0.22489267587661743
1858,0.5285866856575012
1859,0.19354113936424255
1860,0.6566069722175598
1861,0.7243070602416992
1862,0.3850770592689514
1863,0.5923643708229065
1864,0.6293687224388123
1865,0.6138452887535095
1866,0.32071635127067566
1867,0.3550664782524109
1868,0.7286158204078674
1869,0.7825728058815002
1870,0.6957500576972961
1871,0.5777823328971863
1872,0.3827703595161438
1873,0.3579932153224945
1874,0.8401935696601868
1875,0.4386238157749176
1876,0.526130735874176
1877,0.25516006350517273
1878,0.38783130049705505
1879,0.5943422317504883
1880,0.25666776299476624
1881,0.3924371004104614
1882,0.7413321137428284
1883,0.4560079276561737
1884,0.44754037261009216
1885,0.588492751121521
1886,0.6718302369117737
1887,0.40343424677848816
1888,0.3229871392250061
1889,0.7757351398468018
1890,0.8303477764129639
1891,0.6945753693580627
1892,0.702981173992157
1893,0.659503161907196
1894,0.7126679420471191
1895,0.598210871219635
1896,0.6049248576164246
1897,0.37026846408843994
1898,0.499221533536911
1899,0.22464072704315186
1900,0.20027092099189758
1901,0.5241906046867371
1902,0.7404043078422546
1903,0.6299748420715332
1904,0.5961189866065979
1905,0.7623969912528992
1906,0.43649545311927795
1907,0.5773258805274963
1908,0.5341904759407043
1909,0.5501430630683899
1910,0.7404921054840088
1911,0.23010653257369995
1912,0.8353378176689148
1913,0.5235491394996643
1914,0.7331517934799194
1915,0.7377859950065613
1916,0.25765058398246765
1917,0.39252278208732605
1918,0.813690185546875
1919,0.41773515939712524
1920,0.3440369963645935
1921,0.3406599760055542
1922,0.5814298987388611
1923,0.4176971912384033
1924,0.45559632778167725
1925,0.4637564420700073
1926,0.4290456473827362
1927,0.5444393754005432
1928,0.2669197916984558
1929,0.19550183415412903
1930,0.1864662766456604
1931,0.640015184879303
1932,0.5545296669006348
1933,0.4341183602809906
1934,0.3663678467273712
1935,0.6297282576560974
1936,0.5910128355026245
1937,0.6454318165779114
1938,0.5112912058830261
1939,0.8205717206001282
1940,0.5072243809700012
1941,0.6749938726425171
1942,0.2616763710975647
1943,0.2876787483692169
1944,0.3051779866218567
1945,0.5068456530570984
1946,0.47259047627449036
1947,0.1396506428718567
1948,0.47244277596473694
1949,0.276936411857605
1950,0.7389076352119446
1951,0.552541971206665
1952,0.1760374903678894
1953,0.6040601134300232
1954,0.4166683256626129
1955,0.47438904643058777
1956,0.5358843207359314
1957,0.6246281266212463
1958,0.7208521962165833
1959,0.6391473412513733
1960,0.7652754187583923
1961,0.23668864369392395
1962,0.6074086427688599
1963,0.5591800808906555
1964,0.5750246644020081
1965,0.5853309035301208
1966,0.39821484684944153
1967,0.5085460543632507
1968,0.6761676669120789
1969,0.5143716931343079
1970,0.45485588908195496
1971,0.4090462028980255
1972,0.32977238297462463
1973,0.5250788331031799
1974,0.27323809266090393
1975,0.752962052822113
1976,0.36975598335266113
1977,0.2624777853488922
1978,0.5433706641197205
1979,0.5023276209831238
1980,0.287162184715271
1981,0.5175259709358215
1982,0.27885669469833374
1983,0.31415340304374695
1984,0.48164623975753784
1985,0.5424218773841858
1986,0.7545880675315857
1987,0.5865221619606018
1988,0.8219479918479919
1989,0.6206513047218323
1990,0.4477112889289856
1991,0.6728854179382324
1992,0.4897213876247406
1993,0.5069876313209534
1994,0.44888022541999817
1995,0.36847516894340515
1996,0.23092830181121826
1997,0.3744681179523468
1998,0.5739588141441345
1999,0.3715757727622986
2000,0.39102107286453247
2001,0.5392867922782898
2002,0.7197608351707458
2003,0.6291312575340271
2004,0.3561246693134308
2005,0.5361034274101257
2006,0.42719462513923645
2007,0.4282219111919403
2008,0.3335088789463043
2009,0.7534429430961609
2010,0.4013136923313141
2011,0.7092370986938477
2012,0.759425699710846
2013,0.24699586629867554
2014,0.2060302495956421
2015,0.14850309491157532
2016,0.2677766680717468
2017,0.15046733617782593
2018,0.6141566634178162
2019,0.6758285760879517
2020,0.3539687991142273
2021,0.45463827252388
2022,0.819995641708374
2023,0.6534975171089172
2024,0.6065405011177063
2025,0.41373756527900696
2026,0.2595288157463074
2027,0.27955761551856995
2028,0.5041905641555786
2029,0.6068188548088074
2030,0.27091753482818604
2031,0.6417357325553894
2032,0.22872361540794373
2033,0.3112383484840393
2034,0.43445998430252075
2035,0.29551729559898376
2036,0.5784794688224792
2037,0.8143290877342224
2038,0.8633236885070801
2039,0.23052313923835754
2040,0.7025766968727112
2041,0.23201745748519897
2042,0.43298909068107605
2043,0.6644075512886047
2044,0.4284936487674713
2045,0.6308767199516296
2046,0.36877843737602234
2047,0.6511025428771973
2048,0.6163322925567627
2049,0.7531338334083557
2050,0.6966344714164734
2051,0.15051528811454773
2052,0.5145161747932434
2053,0.4706752896308899
2054,0.4092223048210144
2055,0.39956578612327576
2056,0.3643551766872406
2057,0.34776628017425537
2058,0.7678343653678894
2059,0.3263748586177826
2060,0.7911220192909241
2061,0.5623385906219482
2062,0.45766809582710266
2063,0.41207292675971985
2064,0.17263060808181763
2065,0.31799808144569397
2066,0.5363597273826599
2067,0.5549249053001404
2068,0.26410728693008423
2069,0.6000956296920776
2070,0.5174402594566345
2071,0.3218192160129547
2072,0.37492844462394714
2073,0.46369460225105286
2074,0.6929237246513367
2075,0.5676162838935852
2076,0.6787719130516052
2077,0.546220600605011
2078,0.2639225423336029
2079,0.6458998322486877
2080,0.7182789444923401
2081,0.4808114171028137
2082,0.7595468163490295
2083,0.7558963894844055
2084,0.4051048755645752
2085,0.3377765715122223
2086,0.6255807280540466
2087,0.22627493739128113
2088,0.2655366063117981
2089,0.6917552947998047
2090,0.6677371263504028
2091,0.3027532398700714
2092,0.8036614060401917
2093,0.2266901731491089
2094,0.6592758297920227
2095,0.7198958992958069
2096,0.34155285358428955
2097,0.5200837254524231
2098,0.725741446018219
2099,0.5502260327339172
2100,0.6683270335197449
2101,0.6024872660636902
2102,0.5992677807807922
2103,0.43589749932289124
2104,0.5612062811851501
2105,0.31239214539527893
2106,0.7026010155677795
2107,0.39186424016952515
2108,0.48883694410324097
2109,0.40590912103652954
2110,0.30287793278694153
2111,0.5537489652633667
2112,0.6241256594657898
2113,0.6349140405654907
2114,0.6452124118804932
2115,0.8298636078834534
2116,0.15498575568199158
2117,0.3335292637348175
2118,0.5635285973548889
2119,0.31124481558799744
2120,0.8681164383888245
2121,0.4309624135494232
2122,0.6341832280158997
2123,0.3340661823749542
2124,0.629945695400238
2125,0.2299816906452179
2126,0.6378433704376221
2127,0.47184476256370544
2128,0.4578065276145935
2129,0.3008061647415161
2130,0.6246946454048157
2131,0.25833699107170105
2132,0.25805678963661194
2133,0.4391810894012451
2134,0.24438229203224182
2135,0.48335105180740356
2136,0.5232468247413635
2137,0.4582156836986542
2138,0.16188016533851624
2139,0.5265724062919617
2140,0.3921063542366028
2141,0.41462674736976624
2142,0.3540821671485901
2143,0.63515305519104
2144,0.3855348229408264
2145,0.2115677297115326
2146,0.626232922077179
2147,0.7192357182502747
2148,0.4625339210033417
2149,0.21286705136299133
2150,0.7255073189735413
2151,0.5863242149353027
2152,0.3964632451534271
2153,0.8144213557243347
2154,0.42343491315841675
2155,0.7627836465835571
2156,0.8118467330932617
2157,0.2897275984287262
2158,0.344245046377182
2159,0.49428725242614746
2160,0.48856666684150696
2161,0.8020825386047363
2162,0.54700767993927
2163,0.3652636408805847
2164,0.7870232462882996
2165,0.3063177168369293
2166,0.4631681740283966
2167,0.6319898962974548
2168,0.7765514254570007
2169,0.6784248352050781
2170,0.6147031188011169
2171,0.72267085313797
2172,0.5452924966812134
2173,0.8284846544265747
2174,0.7011435627937317
2175,0.33820849657058716
2176,0.7326174378395081
2177,0.5502440929412842
2178,0.4489557445049286
2179,0.7860710024833679
2180,0.5634584426879883
2181,0.4093964993953705
2182,0.6557965874671936
2183,0.16220593452453613
2184,0.5583531260490417
2185,0.47384393215179443
2186,0.43383124470710754
2187,0.4670993685722351
2188,0.35986965894699097
2189,0.490786612033844
2190,0.3069184720516205
2191,0.6498340368270874
2192,0.36250585317611694
2193,0.5507667064666748
2194,0.2342919409275055
2195,0.8052805066108704
2196,0.4295104146003723
2197,0.5251205563545227
2198,0.6854817867279053
2199,0.43796199560165405
2200,0.4941426217556
2201,0.6725548505783081
2202,0.7116547226905823
2203,0.3502595126628876
2204,0.36486461758613586
2205,0.506105363368988
2206,0.39826083183288574
2207,0.8607985973358154
2208,0.2790825068950653
2209,0.545032799243927
2210,0.261676549911499
2211,0.5376273989677429
2212,0.6146383881568909
2213,0.3978740870952606
2214,0.2674703896045685
2215,0.568398118019104
2216,0.7575444579124451
2217,0.3236989378929138
2218,0.4162384271621704
2219,0.33753588795661926
2220,0.5122553110122681
2221,0.5769147872924805
2222,0.6284939646720886
2223,0.8316506147384644
2224,0.25700706243515015
2225,0.8529896140098572
2226,0.6029598116874695
2227,0.7110528349876404
2228,0.35549280047416687
2229,0.6256376504898071
2230,0.5903998017311096
2231,0.3797437250614166
2232,0.771436333656311
2233,0.5684724450111389
2234,0.7333285212516785
2235,0.3530258238315582
2236,0.6827154755592346
2237,0.516810953617096
2238,0.7397099137306213
2239,0.2837713360786438
2240,0.405538409948349
2241,0.4201938211917877
2242,0.496628999710083
2243,0.542055070400238
2244,0.2524947226047516
2245,0.46872806549072266
2246,0.45086148381233215
2247,0.6827389597892761
2248,0.4822181165218353
2249,0.3510113060474396
2250,0.6851276755332947
2251,0.8575406670570374
2252,0.5217418074607849
2253,0.32441261410713196
2254,0.45420029759407043
2255,0.34973251819610596
2256,0.8512365221977234
2257,0.16939795017242432
2258,0.5594474673271179
2259,0.2580736577510834
2260,0.6373091340065002
2261,0.5602224469184875
2262,0.6294992566108704
2263,0.6059377789497375
2264,0.6684337258338928
2265,0.5360307693481445
2266,0.49095025658607483
2267,0.36428216099739075
2268,0.2667905390262604
2269,0.3706821799278259
2270,0.47796860337257385
2271,0.7389127612113953
2272,0.3288007080554962
2273,0.7430571913719177
2274,0.6401135325431824
2275,0.5079607367515564
2276,0.4178292453289032
2277,0.2630479037761688
2278,0.3238184154033661
2279,0.39829519391059875
2280,0.8155238032341003
2281,0.7600786089897156
2282,0.5533551573753357
2283,0.7209969162940979
2284,0.3552781641483307
2285,0.3148435652256012
2286,0.6604047417640686
2287,0.807927668094635
2288,0.40212103724479675
2289,0.8396376967430115
2290,0.4514755308628082
2291,0.25498709082603455
2292,0.28710007667541504
2293,0.3757563829421997
2294,0.8590460419654846
2295,0.3411400616168976
2296,0.5376931428909302
2297,0.3767685294151306
2298,0.5365836024284363
2299,0.609775960445404
2300,0.5100286602973938
2301,0.36302438378334045
2302,0.8475392460823059
2303,0.35245776176452637
2304,0.5304703712463379
2305,0.7849082350730896
2306,0.5704614520072937
2307,0.3958520293235779
2308,0.6991205215454102
2309,0.8016638159751892
2310,0.1580478847026825
2311,0.14892688393592834
2312,0.8440343737602234
2313,0.2718108296394348
2314,0.48517653346061707
2315,0.31454721093177795
2316,0.6607402563095093
2317,0.34166261553764343
2318,0.5027464032173157
2319,0.4051210284233093
2320,0.6788124442100525
2321,0.7100088000297546
2322,0.6080355048179626
2323,0.6765873432159424
2324,0.4591486155986786
2325,0.5375054478645325
2326,0.7154036164283752
2327,0.4582894444465637
2328,0.21782329678535461
2329,0.46182528138160706
2330,0.5470779538154602
2331,0.5463350415229797
2332,0.4791129231452942
2333,0.6480520367622375
2334,0.4893738329410553
2335,0.4994611144065857
2336,0.3803226351737976
2337,0.7089879512786865
2338,0.5600165128707886
2339,0.4517090320587158
2340,0.4504936635494232
2341,0.521879255771637
2342,0.3526867628097534
2343,0.5729683041572571
2344,0.35984310507774353
2345,0.7588469386100769
2346,0.3856397569179535
2347,0.711757242679596
2348,0.7351921796798706
2349,0.27868977189064026
2350,0.35686877369880676
2351,0.45016375184059143
2352,0.6375100016593933
2353,0.5195947289466858
2354,0.3421829044818878
2355,0.34251028299331665
2356,0.6251636147499084
2357,0.26505592465400696
2358,0.548546552658081
2359,0.7524324655532837
2360,0.21765261888504028
2361,0.3281262516975403
2362,0.7472156882286072
2363,0.681135356426239
2364,0.3205200731754303
2365,0.8274987936019897
2366,0.29477348923683167
2367,0.34821194410324097
2368,0.2908438742160797
2369,0.15240666270256042
2370,0.6300402283668518
2371,0.5581278800964355
2372,0.38523468375205994
2373,0.4591028094291687
2374,0.4756932556629181
2375,0.3750292956829071
2376,0.23115187883377075
2377,0.7711508870124817
2378,0.5968863368034363
2379,0.2366040050983429
2380,0.43817827105522156
2381,0.7583802342414856
2382,0.7775117754936218
2383,0.7861484885215759
2384,0.2738804817199707
2385,0.2959170341491699
2386,0.6513829827308655
2387,0.3815264403820038
2388,0.6788241863250732
2389,0.5302361249923706
2390,0.3053995668888092
2391,0.7428874373435974
2392,0.223354309797287
2393,0.47904935479164124
2394,0.6875285506248474
2395,0.310473769903183
2396,0.33256423473358154
2397,0.3954370319843292
2398,0.7097366452217102
2399,0.4625077545642853
2400,0.6188749670982361
2401,0.22371330857276917
2402,0.6355012059211731
2403,0.49667319655418396
2404,0.5795814394950867
2405,0.33522844314575195
2406,0.1523476541042328
2407,0.1998588740825653
2408,0.5920615196228027
2409,0.6843451857566833
2410,0.46032777428627014
2411,0.3442900478839874
2412,0.535316526889801
2413,0.7836416363716125
2414,0.2582661211490631
2415,0.7497836947441101
2416,0.35240107774734497
2417,0.4450584053993225
2418,0.44765445590019226
2419,0.26549381017684937
2420,0.5383771657943726
2421,0.8165327906608582
2422,0.7144860625267029
2423,0.2127285599708557
2424,0.40954431891441345
2425,0.6240465044975281
2426,0.3102492392063141
2427,0.4145175516605377
2428,0.17473357915878296
2429,0.5694431066513062
2430,0.42642754316329956
2431,0.44284477829933167
2432,0.13527542352676392
2433,0.5022959113121033
2434,0.28857630491256714
2435,0.6907122135162354
2436,0.7079908847808838
2437,0.6111020445823669
2438,0.7536261081695557
2439,0.5033232569694519
2440,0.7109582424163818
2441,0.481568843126297
2442,0.3498462438583374
2443,0.6084606051445007
2444,0.20144996047019958
2445,0.17413899302482605
2446,0.6049269437789917
2447,0.4896448850631714
2448,0.8491484522819519
2449,0.6496872901916504
2450,0.5779751539230347
2451,0.4884367287158966
2452,0.5304745435714722
2453,0.22370564937591553
2454,0.6054840683937073
2455,0.584007203578949
2456,0.37378206849098206
2457,0.7617719769477844
2458,0.5971221327781677
2459,0.19510102272033691
2460,0.4429416358470917
2461,0.6277528405189514
2462,0.3168207108974457
2463,0.8347170948982239
2464,0.23433709144592285
2465,0.5771468281745911
2466,0.6347183585166931
2467,0.5036196708679199
2468,0.663041889667511
2469,0.7511915564537048
2470,0.20323824882507324
2471,0.25430136919021606
2472,0.3187159597873688
2473,0.16236165165901184
2474,0.4929993748664856
2475,0.6148082613945007
2476,0.7245158553123474
2477,0.5056881308555603
2478,0.8131423592567444
2479,0.6051031947135925
2480,0.5159169435501099
2481,0.44923293590545654
2482,0.6881788372993469
2483,0.3721520006656647
2484,0.8463847637176514
2485,0.5678926110267639
2486,0.842180073261261
2487,0.7115306258201599
2488,0.20710378885269165
2489,0.3727078139781952
2490,0.6585294604301453
2491,0.6690272092819214
2492,0.5705761313438416
2493,0.5667005181312561
2494,0.571986973285675
2495,0.2841498553752899
2496,0.6911562085151672
2497,0.7277784943580627
2498,0.21737203001976013
2499,0.7936026453971863
2500,0.6468942165374756
2501,0.7543637156486511
2502,0.3414985239505768
2503,0.438320517539978
2504,0.523562490940094
2505,0.8413984179496765
2506,0.31791090965270996
2507,0.5304492712020874
2508,0.7668527960777283
2509,0.5281650424003601
2510,0.30866074562072754
2511,0.584922730922699
2512,0.4455430805683136
2513,0.21944129467010498
2514,0.4887711703777313
2515,0.4221811592578888
2516,0.485103964805603
2517,0.6511973738670349
2518,0.5416274666786194
2519,0.6045355200767517
2520,0.8021343350410461
2521,0.24451389908790588
2522,0.817572295665741
2523,0.35703685879707336
2524,0.5734876990318298
2525,0.17096129059791565
2526,0.8306273221969604
2527,0.4894298315048218
2528,0.3155974745750427
2529,0.582019031047821
2530,0.6853277087211609
2531,0.6032238602638245
2532,0.3893616795539856
2533,0.3695005476474762
2534,0.7724620699882507
2535,0.5685339570045471
2536,0.37017664313316345
2537,0.1983056664466858
2538,0.4390346109867096
2539,0.6219101548194885
2540,0.7035171985626221
2541,0.37241050601005554
2542,0.5323483943939209
2543,0.2773703932762146
2544,0.5238071084022522
2545,0.6471148133277893
2546,0.24069923162460327
2547,0.5275265574455261
2548,0.22062692046165466
2549,0.5422611236572266
2550,0.8631042838096619
2551,0.42249369621276855
2552,0.404950886964798
2553,0.4987100660800934
2554,0.7408387064933777
2555,0.5191307067871094
2556,0.19079968333244324
2557,0.327333927154541
2558,0.3578496277332306
2559,0.43969789147377014
2560,0.31031110882759094
2561,0.5986891388893127
2562,0.3804885149002075
2563,0.6878169178962708
2564,0.7801517844200134
2565,0.5280738472938538
2566,0.7604015469551086
2567,0.6279144883155823
2568,0.20868244767189026
2569,0.45210161805152893
2570,0.8349552750587463
2571,0.28134670853614807
2572,0.5867106318473816
2573,0.8201467394828796
2574,0.34196755290031433
2575,0.26715999841690063
2576,0.33935052156448364
2577,0.38803502917289734
2578,0.5388708114624023
2579,0.47670653462409973
2580,0.2796131670475006
2581,0.6667105555534363
2582,0.700406551361084
2583,0.24822017550468445
2584,0.3667392134666443
2585,0.2550634741783142
2586,0.7176700830459595
2587,0.6525634527206421
2588,0.4685591161251068
2589,0.5853272080421448
2590,0.45821109414100647
2591,0.42858830094337463
2592,0.5725310444831848
2593,0.350426584482193
2594,0.6135669350624084
2595,0.7614538669586182
2596,0.6236822009086609
2597,0.30211129784584045
2598,0.47276800870895386
2599,0.5909034609794617
2600,0.3636696934700012
2601,0.8347517848014832
2602,0.43003734946250916
2603,0.17937633395195007
2604,0.37172508239746094
2605,0.1554219126701355
2606,0.7258495092391968
2607,0.6049745678901672
2608,0.5085042119026184
2609,0.5861281752586365
2610,0.4378773272037506
2611,0.2939007878303528
2612,0.5979122519493103
2613,0.37403950095176697
2614,0.28479185700416565
2615,0.5792465806007385
2616,0.4060032367706299
2617,0.4644292891025543
2618,0.34841135144233704
2619,0.6494824886322021
2620,0.42113345861434937
2621,0.5974568724632263
2622,0.17728906869888306
2623,0.23951810598373413
2624,0.26131340861320496
2625,0.27641046047210693
2626,0.36403223872184753
2627,0.49279800057411194
2628,0.474832683801651
2629,0.46777504682540894
2630,0.3064664602279663
2631,0.6795347929000854
2632,0.5092994570732117
2633,0.6043715476989746
2634,0.47016048431396484
2635,0.7408801913261414
2636,0.5137402415275574
2637,0.7907973527908325
2638,0.8285707831382751
2639,0.5672831535339355
2640,0.7558571100234985
2641,0.23589682579040527
2642,0.45756858587265015
2643,0.5123471021652222
2644,0.6327239871025085
2645,0.33876845240592957
2646,0.6205483675003052
2647,0.3522719442844391
2648,0.49942469596862793
2649,0.3154606223106384
2650,0.3593859076499939
2651,0.18097645044326782
2652,0.7822869420051575
2653,0.34703072905540466
2654,0.8208078742027283
2655,0.5316579341888428
2656,0.7945275902748108
2657,0.4839383661746979
2658,0.8114235997200012
2659,0.637467622756958
2660,0.4359428584575653
2661,0.33726146817207336
2662,0.7828770279884338
2663,0.44183990359306335
2664,0.8397086262702942
2665,0.3251844346523285
2666,0.16563791036605835
2667,0.45639121532440186
2668,0.633194625377655
2669,0.8104175925254822
2670,0.2869777977466583
2671,0.3842265009880066
2672,0.7588163018226624
2673,0.19951960444450378
2674,0.7673728466033936
2675,0.581845760345459
2676,0.5143510699272156
2677,0.7950202822685242
2678,0.8068471550941467
2679,0.23276934027671814
2680,0.2646033465862274
2681,0.5775502324104309
2682,0.6719538569450378
2683,0.7944054007530212
2684,0.7236289381980896
2685,0.7476626038551331
2686,0.44075271487236023
2687,0.5704751014709473
2688,0.4692782461643219
2689,0.7671787142753601
2690,0.5860336422920227
2691,0.5244535803794861
2692,0.4260067939758301
2693,0.2974929213523865
2694,0.7355629205703735
2695,0.19840586185455322
2696,0.559543251991272
2697,0.3543475270271301
2698,0.5345386862754822
2699,0.5481376051902771
2700,0.3642166554927826
2701,0.7836896777153015
2702,0.6942357420921326
2703,0.6865078806877136
2704,0.3295477330684662
2705,0.39103731513023376
2706,0.4605456292629242
2707,0.593524158000946
2708,0.6881347894668579
2709,0.46761569380760193
2710,0.5896296501159668
2711,0.23945322632789612
2712,0.7175919413566589
2713,0.4884498119354248
2714,0.4268430173397064
2715,0.46193602681159973
2716,0.4110359847545624
2717,0.3339126706123352
2718,0.5498923659324646
2719,0.4566320776939392
2720,0.6639863848686218
2721,0.4047981798648834
2722,0.429997056722641
2723,0.4248819947242737
2724,0.37364912033081055
2725,0.3787137567996979
2726,0.2806084454059601
2727,0.204738050699234
2728,0.5127456784248352
2729,0.7660821080207825
2730,0.7220821976661682
2731,0.6310647130012512
2732,0.593623697757721
2733,0.43129056692123413
2734,0.32320234179496765
2735,0.8066259026527405
2736,0.5106202960014343
2737,0.514500081539154
2738,0.7900468707084656
2739,0.20787635445594788
2740,0.3957499861717224
2741,0.668281614780426
2742,0.2715011537075043
2743,0.39006808400154114
2744,0.16207760572433472
2745,0.39090535044670105
2746,0.23014479875564575
2747,0.4242658019065857
2748,0.3037931025028229
2749,0.2649381458759308
2750,0.5842390656471252
2751,0.24531951546669006
2752,0.37994280457496643
2753,0.5019444823265076
2754,0.48881956934928894
2755,0.1693001687526703
2756,0.41876086592674255
2757,0.280117005109787
2758,0.7175570130348206
2759,0.39829277992248535
2760,0.290118008852005
2761,0.5360656380653381
2762,0.5071696639060974
2763,0.44778215885162354
2764,0.8118826746940613
2765,0.736534059047699
2766,0.7708610892295837
2767,0.5638771653175354
2768,0.6940329074859619
2769,0.5749837160110474
2770,0.5123177170753479
2771,0.4013577401638031
2772,0.32885709404945374
2773,0.5916398167610168
2774,0.251483678817749
2775,0.2610757052898407
2776,0.4232756793498993
2777,0.2983039319515228
2778,0.2715706527233124
2779,0.6216143369674683
2780,0.19547486305236816
2781,0.3862462043762207
2782,0.518202543258667
2783,0.4561726152896881
2784,0.3896028697490692
2785,0.5932615399360657
2786,0.6818176507949829
2787,0.7441163063049316
2788,0.31626462936401367
2789,0.7631929516792297
2790,0.5275893807411194
2791,0.4665916860103607
2792,0.3071480095386505
2793,0.20838162302970886
2794,0.5894715189933777
2795,0.5306127667427063
2796,0.20835834741592407
2797,0.648110032081604
2798,0.6347779631614685
2799,0.5847472548484802
2800,0.1859409213066101
2801,0.7827484011650085
2802,0.45581817626953125
2803,0.45790454745292664
2804,0.17024752497673035
2805,0.6404228806495667
2806,0.6853881478309631
2807,0.37756478786468506
2808,0.5866039395332336
2809,0.8281367421150208
2810,0.37531426548957825
2811,0.26387473940849304
2812,0.3915718197822571
2813,0.5522874593734741
2814,0.6711404919624329
2815,0.40623873472213745
2816,0.3229312002658844
2817,0.3454435169696808
2818,0.22238799929618835
2819,0.6970486044883728
2820,0.34487998485565186
2821,0.4583328664302826
2822,0.7078871130943298
2823,0.5763835906982422
2824,0.19483256340026855
2825,0.2882150709629059
2826,0.49172407388687134
2827,0.7160049080848694
2828,0.6483404040336609
2829,0.1553853154182434
2830,0.6023256778717041
2831,0.5503790974617004
2832,0.761443555355072
2833,0.5849122405052185
2834,0.7689257264137268
2835,0.746006429195404
2836,0.584285318851471
2837,0.4949485957622528
2838,0.360613614320755
2839,0.3087930977344513
2840,0.20486408472061157
2841,0.41230934858322144
2842,0.526609480381012
2843,0.14388218522071838
2844,0.8352678418159485
2845,0.5248972177505493
2846,0.4388832151889801
2847,0.723002552986145
2848,0.6474643349647522
2849,0.4189341068267822
2850,0.43778088688850403
2851,0.7849180102348328
2852,0.7341950535774231
2853,0.23642373085021973
2854,0.3217759430408478
2855,0.7089909911155701
2856,0.5693832635879517
2857,0.6511947512626648
2858,0.6283054947853088
2859,0.46563073992729187
2860,0.7748149037361145
2861,0.2639571726322174
2862,0.6246671676635742
2863,0.17477086186408997
2864,0.2477271854877472
2865,0.8422346115112305
2866,0.35224995017051697
2867,0.34583237767219543
2868,0.46953967213630676
2869,0.38885459303855896
2870,0.4758339822292328
2871,0.17060574889183044
2872,0.3537589907646179
2873,0.6307555437088013
2874,0.6406610608100891
2875,0.8165772557258606
2876,0.5182914137840271
2877,0.4322320520877838
2878,0.8185865879058838
2879,0.7446268200874329
2880,0.6014488935470581
2881,0.5440377593040466
2882,0.45615753531455994
2883,0.4969431459903717
2884,0.3766849935054779
2885,0.4029584527015686
2886,0.6281406283378601
2887,0.5303366780281067
2888,0.5852003693580627
2889,0.6540061831474304
2890,0.573063313961029
2891,0.7383013367652893
2892,0.6502233743667603
2893,0.5575605034828186
2894,0.3957895338535309
2895,0.46159854531288147
2896,0.549074649810791
2897,0.457308828830719
2898,0.26042842864990234
2899,0.31393250823020935
2900,0.700778603553772
2901,0.7281404137611389
2902,0.5546908378601074
2903,0.30606818199157715
2904,0.17576980590820312
2905,0.6838828921318054
2906,0.42146754264831543
2907,0.6528357863426208
2908,0.45205265283584595
2909,0.16797089576721191
2910,0.6299301981925964
2911,0.5029435753822327
2912,0.3399692177772522
2913,0.8252233862876892
2914,0.24828091263771057
2915,0.6465706825256348
2916,0.6975502371788025
2917,0.44838809967041016
2918,0.7866796255111694
2919,0.49213001132011414
2920,0.8322543501853943
2921,0.5439157485961914
2922,0.8153482675552368
2923,0.6215620636940002
2924,0.6178401112556458
2925,0.5617120862007141
2926,0.7867234349250793
2927,0.31551337242126465
2928,0.21710935235023499
2929,0.8090963959693909
2930,0.3006402254104614
2931,0.6885713338851929
2932,0.8017705678939819
2933,0.7692813873291016
2934,0.5529760718345642
2935,0.7387949824333191
2936,0.20966476202011108
2937,0.1684223711490631
2938,0.4072430729866028
2939,0.7362537980079651
2940,0.6490451693534851
2941,0.20009523630142212
2942,0.50383460521698
2943,0.20425117015838623
2944,0.25024351477622986
2945,0.4337572455406189
2946,0.49063974618911743
2947,0.4297098219394684
2948,0.6149334907531738
2949,0.4816173017024994
2950,0.602793276309967
2951,0.23419496417045593
2952,0.624073326587677
2953,0.6816931962966919
2954,0.3950639069080353
2955,0.6351169943809509
2956,0.8206987380981445
2957,0.3229171931743622
2958,0.517410933971405
2959,0.8324311375617981
2960,0.22763749957084656
2961,0.6145671010017395
2962,0.3584589958190918
2963,0.7469499707221985
2964,0.46107155084609985
2965,0.23875269293785095
2966,0.21348297595977783
2967,0.7852299213409424
2968,0.3617687523365021
2969,0.2637944221496582
2970,0.36880794167518616
2971,0.2189488708972931
2972,0.4655938446521759
2973,0.38592806458473206
2974,0.847765326499939
2975,0.7706344723701477
2976,0.3062080442905426
2977,0.31525513529777527
2978,0.5340062379837036
2979,0.7757230401039124
2980,0.13983526825904846
2981,0.21267926692962646
2982,0.6585356593132019
2983,0.6049506068229675
2984,0.7352773547172546
2985,0.6965867877006531
2986,0.48910316824913025
2987,0.6380404829978943
2988,0.31395694613456726
2989,0.30762341618537903
2990,0.46682408452033997
2991,0.5852090716362
2992,0.3180214464664459
2993,0.40521547198295593
2994,0.22413745522499084
2995,0.5581909418106079
2996,0.635764479637146
2997,0.4353489577770233
2998,0.43513545393943787
2999,0.6239866614341736
3000,0.34010547399520874
3001,0.2937713861465454
3002,0.6939821839332581
3003,0.38488975167274475
3004,0.25403207540512085
3005,0.5819460153579712
3006,0.6590732336044312
3007,0.5939952731132507
3008,0.5220139622688293
3009,0.466910719871521
3010,0.663767397403717
3011,0.2753030061721802
3012,0.5356178879737854
3013,0.32377973198890686
3014,0.8313053846359253
3015,0.45115047693252563
3016,0.4602069556713104
3017,0.7089455723762512
3018,0.3563844561576843
3019,0.7759262323379517
3020,0.3366232216358185
3021,0.8545120358467102
3022,0.18703287839889526
3023,0.5426056385040283
3024,0.6197248101234436
3025,0.4256122410297394
3026,0.7957828640937805
3027,0.3929966688156128
3028,0.5851446986198425
3029,0.5946881175041199
3030,0.5435107946395874
3031,0.38616326451301575
3032,0.358481228351593
3033,0.606586754322052
3034,0.18886151909828186
3035,0.44816330075263977
3036,0.4616304337978363
3037,0.2900584638118744
3038,0.4103147089481354
3039,0.3480062186717987
3040,0.14415240287780762
3041,0.5684396028518677
3042,0.829486072063446
3043,0.6219295263290405
3044,0.7957462668418884
3045,0.3298502266407013
3046,0.6849859356880188
3047,0.6339194774627686
3048,0.3948683440685272
3049,0.21498531103134155
3050,0.368839830160141
3051,0.25754401087760925
3052,0.3291911780834198
3053,0.4275282323360443
3054,0.7103168368339539
3055,0.5426458716392517
3056,0.352718710899353
3057,0.4301537573337555
3058,0.36034461855888367
3059,0.19225963950157166
3060,0.2659105360507965
3061,0.382157564163208
3062,0.7596509456634521
3063,0.3069864511489868
3064,0.26186037063598633
3065,0.5835958123207092
3066,0.8404667973518372
3067,0.5156828761100769
3068,0.5477672815322876
3069,0.40531525015830994
3070,0.6241947412490845
3071,0.39177772402763367
3072,0.622355043888092
3073,0.5841034054756165
3074,0.4477596580982208
3075,0.6849525570869446
3076,0.36813896894454956
3077,0.5197158455848694
3078,0.4175858199596405
3079,0.4558495581150055
3080,0.18333974480628967
3081,0.35280659794807434
3082,0.43901583552360535
3083,0.6123237013816833
3084,0.15133240818977356
3085,0.3799118101596832
3086,0.24051275849342346
3087,0.40187111496925354
3088,0.18614736199378967
3089,0.43106788396835327
3090,0.5553181767463684
3091,0.8004189133644104
3092,0.4756007492542267
3093,0.4068531095981598
3094,0.42319998145103455
3095,0.3136955499649048
3096,0.42373713850975037
3097,0.5004723072052002
3098,0.4137323498725891
3099,0.35941848158836365
3100,0.5428458452224731
3101,0.6551963686943054
3102,0.5079230666160583
3103,0.7956479787826538
3104,0.6926435828208923
3105,0.8002745509147644
3106,0.37141168117523193
3107,0.7026288509368896
3108,0.5242360830307007
3109,0.806064784526825
3110,0.22846385836601257
3111,0.34131187200546265
3112,0.697898805141449
3113,0.5616510510444641
3114,0.4888207018375397
3115,0.5198779106140137
3116,0.435561865568161
3117,0.3254256248474121
3118,0.2713538408279419
3119,0.5615587830543518
3120,0.6324759721755981
3121,0.7134776711463928
3122,0.5432088971138
3123,0.41676920652389526
3124,0.4894393980503082
3125,0.5843088030815125
3126,0.3166252672672272
3127,0.8175326585769653
3128,0.3301202356815338
3129,0.34632956981658936
3130,0.7769291996955872
3131,0.5543611645698547
3132,0.38935986161231995
3133,0.30575037002563477
3134,0.2982712388038635
3135,0.37489408254623413
3136,0.4723350703716278
3137,0.23948833346366882
3138,0.34295788407325745
3139,0.5132080912590027
3140,0.745882511138916
3141,0.2810438573360443
3142,0.5612872242927551
3143,0.3027086555957794
3144,0.7316816449165344
3145,0.4076976180076599
3146,0.6073105931282043
3147,0.5097253918647766
3148,0.3710850179195404
3149,0.3313581049442291
3150,0.2764240801334381
3151,0.7783315777778625
3152,0.6117846965789795
3153,0.21756935119628906
3154,0.4235381782054901
3155,0.41032326221466064
3156,0.5285437703132629
3157,0.4072636663913727
3158,0.3480150103569031
3159,0.7400966286659241
3160,0.42755308747291565
3161,0.8120954632759094
3162,0.3983367085456848
3163,0.6180986166000366
3164,0.7114732265472412
3165,0.5581572651863098
3166,0.26618531346321106
3167,0.4800088107585907
3168,0.5439183712005615
3169,0.6676140427589417
3170,0.7474822402000427
3171,0.33527055382728577
3172,0.3805185854434967
3173,0.3048596680164337
3174,0.1739121675491333
3175,0.5800392627716064
3176,0.37798792123794556
3177,0.6455302834510803
3178,0.6159494519233704
3179,0.3884778618812561
3180,0.6876186728477478
3181,0.8050650954246521
3182,0.40423819422721863
3183,0.5072774291038513
3184,0.6711695790290833
3185,0.5563142895698547
3186,0.5690775513648987
3187,0.4816843569278717
3188,0.42843547463417053
3189,0.45338383316993713
3190,0.7466947436332703
3191,0.7297455668449402
3192,0.388295441865921
3193,0.42436477541923523
3194,0.8230238556861877
3195,0.386586457490921
3196,0.7428982853889465
3197,0.8123506903648376
3198,0.7748827338218689
3199,0.7404270172119141
3200,0.7487918138504028
3201,0.6179112792015076
3202,0.38818684220314026
3203,0.8178524374961853
3204,0.3447614908218384
3205,0.5535467267036438
3206,0.3433355987071991
3207,0.3604765236377716
3208,0.46400266885757446
3209,0.4310501217842102
3210,0.36060217022895813
3211,0.37805429100990295
3212,0.46412399411201477
3213,0.4579894244670868
3214,0.7379663586616516
3215,0.45641785860061646
3216,0.5343073606491089
3217,0.3807311952114105
3218,0.27300795912742615
3219,0.6990604996681213
3220,0.5457249879837036
3221,0.564380943775177
3222,0.5918055176734924
3223,0.5667476654052734
3224,0.2657751142978668
3225,0.28413060307502747
3226,0.6408872604370117
3227,0.4910490810871124
3228,0.1872369349002838
3229,0.31224551796913147
3230,0.38774460554122925
3231,0.43886706233024597
3232,0.7267852425575256
3233,0.7303376793861389
3234,0.529229462146759
3235,0.38496848940849304
3236,0.5965904593467712
3237,0.18352675437927246
3238,0.552647590637207
3239,0.45377591252326965
3240,0.666239321231842
3241,0.35449984669685364
3242,0.516980767250061
3243,0.738817036151886
3244,0.6494107842445374
3245,0.30094245076179504
3246,0.543538510799408
3247,0.4497109353542328
3248,0.630423903465271
3249,0.45460960268974304
3250,0.5710877776145935
3251,0.2801850140094757
3252,0.4402163028717041
3253,0.4531325399875641
3254,0.35925668478012085
3255,0.20310771465301514
3256,0.4465961158275604
3257,0.465261310338974
3258,0.6302463412284851
3259,0.543969452381134
3260,0.19743189215660095
3261,0.18835040926933289
3262,0.4790714979171753
3263,0.7050511837005615
3264,0.7909772992134094
3265,0.562717080116272
3266,0.5669029951095581
3267,0.32541733980178833
3268,0.672175943851471
3269,0.7087891101837158
3270,0.7153085470199585
3271,0.3821813464164734
3272,0.5782553553581238
3273,0.5631948113441467
3274,0.4204387962818146
3275,0.30072981119155884
3276,0.48803573846817017
3277,0.4339061379432678
3278,0.25861871242523193
3279,0.43888968229293823
3280,0.4273150563240051
3281,0.4049813747406006
3282,0.7726120948791504
3283,0.3566822111606598
3284,0.3655585050582886
3285,0.5276942849159241
3286,0.5134931206703186
3287,0.22529003024101257
3288,0.634193480014801
3289,0.8231905698776245
3290,0.16506224870681763
3291,0.5633873343467712
3292,0.37414008378982544
3293,0.45574668049812317
3294,0.6256548762321472
3295,0.3329204320907593
3296,0.7586833834648132
3297,0.49803146719932556
3298,0.30035266280174255
3299,0.4898092448711395
3300,0.45870327949523926
3301,0.5880356431007385
3302,0.2868557572364807
3303,0.35317471623420715
3304,0.3376125991344452
3305,0.7355398535728455
3306,0.4675755202770233
3307,0.37213823199272156
3308,0.714850127696991
3309,0.5995396971702576
3310,0.44573482871055603
3311,0.3586030602455139
3312,0.4353552758693695
3313,0.616976797580719
3314,0.33670052886009216
3315,0.2666654884815216
3316,0.37041348218917847
3317,0.4548055827617645
3318,0.5884434580802917
3319,0.3520256280899048
3320,0.6901910305023193
3321,0.6238437294960022
3322,0.5927743315696716
3323,0.5494393706321716
3324,0.4104497730731964
3325,0.5689407587051392
3326,0.42894455790519714
3327,0.7452988624572754
3328,0.16913121938705444
3329,0.32780444622039795
3330,0.5905899405479431
3331,0.2735941410064697
3332,0.15528589487075806
3333,0.6660016179084778
3334,0.24933013319969177
3335,0.7949900031089783
3336,0.6108261942863464
3337,0.5919979214668274
3338,0.23928257822990417
3339,0.353557825088501
3340,0.26343247294425964
3341,0.4362829029560089
3342,0.30734893679618835
3343,0.7225132584571838
3344,0.3377035856246948
3345,0.6297369003295898
3346,0.34352847933769226
3347,0.1614823341369629
3348,0.45466235280036926
3349,0.4594355821609497
3350,0.7337354421615601
3351,0.7740269303321838
3352,0.49534329771995544
3353,0.49692484736442566
3354,0.41367870569229126
3355,0.4407671391963959
3356,0.538791835308075
3357,0.42559754848480225
3358,0.7037232518196106
3359,0.4807315468788147
3360,0.43627601861953735
3361,0.6919033527374268
3362,0.6416445374488831
3363,0.15479353070259094
3364,0.33623993396759033
3365,0.5143153667449951
3366,0.5408130288124084
3367,0.4134175479412079
3368,0.4021037220954895
3369,0.7494850754737854
3370,0.4828365445137024
3371,0.3761870563030243
3372,0.44184717535972595
3373,0.5114906430244446
3374,0.6037909984588623
3375,0.5212845206260681
3376,0.22222477197647095
3377,0.5517165064811707
3378,0.7850170731544495
3379,0.5056436061859131
3380,0.6279172301292419
3381,0.4359745979309082
3382,0.22732007503509521
3383,0.5319065451622009
3384,0.3002687990665436
3385,0.458816796541214
3386,0.18838927149772644
3387,0.5858075618743896
3388,0.44877052307128906
3389,0.7562980055809021
3390,0.22601726651191711
3391,0.4370582401752472
3392,0.6862327456474304
3393,0.5562352538108826
3394,0.2699495851993561
3395,0.7025097608566284
3396,0.3951047360897064
3397,0.3822768032550812
3398,0.19679635763168335
3399,0.7450315356254578
3400,0.6156619191169739
3401,0.49296876788139343
3402,0.16371771693229675
3403,0.2273733913898468
3404,0.5590813755989075
3405,0.7331439852714539
3406,0.2877105176448822
3407,0.6734064221382141
3408,0.2945382595062256
3409,0.5768386125564575
3410,0.6075670719146729
3411,0.5619947910308838
3412,0.8208853602409363
3413,0.3493994176387787
3414,0.19961142539978027
3415,0.4050930440425873
3416,0.4092530310153961
3417,0.6946793794631958
3418,0.3641062080860138
3419,0.4302176833152771
3420,0.6567040085792542
3421,0.7215217351913452
3422,0.2241484820842743
3423,0.47205597162246704
3424,0.18865615129470825
3425,0.3532048463821411
3426,0.5350332260131836
3427,0.41048523783683777
3428,0.6082139611244202
3429,0.5297185778617859
3430,0.2832077145576477
3431,0.47691136598587036
3432,0.45599135756492615
3433,0.6173253655433655
3434,0.5011066794395447
3435,0.5828279852867126
3436,0.32176342606544495
3437,0.707503080368042
3438,0.8172585368156433
3439,0.23120224475860596
3440,0.20341920852661133
3441,0.5759580731391907
3442,0.666024386882782
3443,0.6691468358039856
3444,0.3484864830970764
3445,0.7836344838142395
3446,0.3175242841243744
3447,0.43277519941329956
3448,0.4564778208732605
3449,0.5378052592277527
3450,0.3251570761203766
3451,0.24403664469718933
3452,0.7597635388374329
3453,0.6301408410072327
3454,0.7501421570777893
3455,0.8149495720863342
3456,0.21656134724617004
3457,0.5067105889320374
3458,0.39244750142097473
3459,0.7317591309547424
3460,0.37292996048927307
3461,0.6332035064697266
3462,0.5041695237159729
3463,0.7136936783790588
3464,0.4667286276817322
3465,0.4320667088031769
3466,0.3790278732776642
3467,0.3255501687526703
3468,0.7261924147605896
3469,0.6660159230232239
3470,0.4797929525375366
3471,0.7259553074836731
3472,0.2970726490020752
3473,0.27462515234947205
3474,0.6301340460777283
3475,0.36878320574760437
3476,0.46784284710884094
3477,0.4139735996723175
3478,0.2057313621044159
3479,0.3981613218784332
3480,0.557798445224762
3481,0.4845726788043976
3482,0.22214841842651367
3483,0.6498516798019409
3484,0.7816858887672424
3485,0.6292976140975952
3486,0.3646266460418701
3487,0.4977763593196869
3488,0.46117696166038513
3489,0.6134031414985657
3490,0.6658262014389038
3491,0.17953631281852722
3492,0.5215331315994263
3493,0.6000350713729858
3494,0.4473209083080292
3495,0.17160123586654663
3496,0.2157445251941681
3497,0.4284612834453583
3498,0.5120876431465149
3499,0.335739403963089
3500,0.2590881288051605
3501,0.3459688127040863
3502,0.5497997403144836
3503,0.7572939991950989
3504,0.4458811283111572
3505,0.5299012660980225
3506,0.4467920660972595
3507,0.4572330415248871
3508,0.3887538015842438
3509,0.25103574991226196
3510,0.6387765407562256
3511,0.14701497554779053
3512,0.4701666831970215
3513,0.3976433575153351
3514,0.154658704996109
3515,0.6167458891868591
3516,0.3202451765537262
3517,0.24672314524650574
3518,0.5875152349472046
3519,0.8160321116447449
3520,0.6371449828147888
3521,0.32027241587638855
3522,0.5784962773323059
3523,0.2671299874782562
3524,0.4299345910549164
3525,0.24502015113830566
3526,0.45664578676223755
3527,0.5287171602249146
3528,0.33620160818099976
3529,0.49648404121398926
3530,0.38903456926345825
3531,0.45252957940101624
3532,0.5801239609718323
3533,0.7679304480552673
3534,0.829378604888916
3535,0.41210028529167175
3536,0.5745938420295715
3537,0.480745404958725
3538,0.3980393707752228
3539,0.5207874178886414
3540,0.25777116417884827
3541,0.37543272972106934
3542,0.6214125752449036
3543,0.8673849105834961
3544,0.8003821969032288
3545,0.5831179022789001
3546,0.7589781880378723
3547,0.5099759697914124
3548,0.204316645860672
3549,0.5756145119667053
3550,0.23200371861457825
3551,0.3002893030643463
3552,0.7015399932861328
3553,0.5706205368041992
3554,0.27722376585006714
3555,0.6549891829490662
3556,0.253726065158844
3557,0.3817184567451477
3558,0.26232796907424927
3559,0.3907725512981415
3560,0.8279425501823425
3561,0.5247736573219299
3562,0.3607615530490875
3563,0.8058965802192688
3564,0.4901238977909088
3565,0.37792226672172546
3566,0.7713707089424133
3567,0.5513024926185608
3568,0.30704405903816223
3569,0.4781136214733124
3570,0.6952223181724548
3571,0.7649722695350647
3572,0.6458831429481506
3573,0.24385115504264832
3574,0.4672539532184601
3575,0.22861811518669128
3576,0.24371999502182007
3577,0.5599017143249512
3578,0.39784160256385803
3579,0.32756754755973816
3580,0.2911309003829956
3581,0.6371172070503235
3582,0.669395387172699
3583,0.7924932241439819
3584,0.8363243937492371
3585,0.6900050044059753
3586,0.5113809704780579
3587,0.4037494659423828
3588,0.23809781670570374
3589,0.6565913558006287
3590,0.7337020039558411
3591,0.754709005355835
3592,0.3735601305961609
3593,0.473885715007782
3594,0.5163101553916931
3595,0.14213454723358154
3596,0.32913509011268616
3597,0.2912569046020508
3598,0.2719765305519104
3599,0.34119218587875366
3600,0.5077462196350098
3601,0.41364148259162903
3602,0.32650941610336304
3603,0.4454161524772644
3604,0.17587459087371826
3605,0.32602056860923767
3606,0.5750029683113098
3607,0.5501288771629333
3608,0.6357033848762512
3609,0.5272814631462097
3610,0.4232747554779053
3611,0.3631437122821808
3612,0.3812781274318695
3613,0.4445992410182953
3614,0.4872620701789856
3615,0.25386789441108704
3616,0.6917877197265625
3617,0.6557348966598511
3618,0.8417463898658752
3619,0.7238003611564636
3620,0.544506311416626
3621,0.5356566905975342
3622,0.17383155226707458
3623,0.4417130649089813
3624,0.8297876119613647
3625,0.2855422794818878
3626,0.5174129605293274
3627,0.27217191457748413
3628,0.3232463300228119
3629,0.3767910897731781
3630,0.4142977297306061
3631,0.6971361637115479
3632,0.5749357342720032
3633,0.18965622782707214
3634,0.7847533226013184
3635,0.7518931031227112
3636,0.816413938999176
3637,0.16964000463485718
3638,0.7486782670021057
3639,0.4678598940372467
3640,0.46677130460739136
3641,0.7442337274551392
3642,0.3923773169517517
3643,0.34568995237350464
3644,0.7595899701118469
3645,0.37042415142059326
3646,0.345706582069397
3647,0.6502535939216614
3648,0.3547719120979309
3649,0.17717087268829346
3650,0.24834084510803223
3651,0.6375676989555359
3652,0.37224769592285156
3653,0.19419029355049133
3654,0.43599608540534973
3655,0.5531467795372009
3656,0.3391686677932739
3657,0.3168884217739105
3658,0.6319888234138489
3659,0.5068693161010742
3660,0.7824224829673767
3661,0.49618083238601685
3662,0.6109222173690796
3663,0.5558489561080933
3664,0.24996161460876465
3665,0.5217797756195068
3666,0.44583818316459656
3667,0.7834502458572388
3668,0.47208166122436523
3669,0.6039727330207825
3670,0.380498468875885
3671,0.4531317353248596
3672,0.8193771839141846
3673,0.3282993733882904
3674,0.5811445116996765
3675,0.33429911732673645
3676,0.31589534878730774
3677,0.4849933087825775
3678,0.6702799201011658
3679,0.39934855699539185
3680,0.38323843479156494
3681,0.39407336711883545
3682,0.5492578148841858
3683,0.42127248644828796
3684,0.5491981506347656
3685,0.21074849367141724
3686,0.28024300932884216
3687,0.6413648724555969
3688,0.5541456937789917
3689,0.7218568921089172
3690,0.32354000210762024
3691,0.3642573654651642
3692,0.5102811455726624
3693,0.6323899626731873
3694,0.48132652044296265
3695,0.38517698645591736
3696,0.6590185761451721
3697,0.7018564343452454
3698,0.7721100449562073
3699,0.31455719470977783
3700,0.48721110820770264
3701,0.3906647562980652
3702,0.3597128987312317
3703,0.367407888174057
3704,0.2876458466053009
3705,0.48839348554611206
3706,0.5986887812614441
3707,0.3681677579879761
3708,0.15692207217216492
3709,0.2522553503513336
3710,0.6383877396583557
3711,0.3450814187526703
3712,0.22008654475212097
3713,0.4307955503463745
3714,0.5119969248771667
3715,0.2518739104270935
3716,0.4856361448764801
3717,0.5705714821815491
3718,0.3025473952293396
3719,0.2777377665042877
3720,0.5646706223487854
3721,0.48495784401893616
3722,0.2072545289993286
3723,0.5085586905479431
3724,0.4284879267215729
3725,0.2614581882953644
3726,0.3869130611419678
3727,0.6101129055023193
3728,0.5313387513160706
3729,0.3019458055496216
3730,0.5284153819084167
3731,0.2596210539340973
3732,0.4868861436843872
3733,0.4482162594795227
3734,0.3386642336845398
3735,0.20113953948020935
3736,0.780047595500946
3737,0.7910800576210022
3738,0.8310081362724304
3739,0.8254024386405945
3740,0.8054448962211609
3741,0.19107314944267273
3742,0.6528072357177734
3743,0.39396950602531433
3744,0.7582125067710876
3745,0.8303787112236023
3746,0.5327350497245789
3747,0.2885574400424957
3748,0.26277774572372437
3749,0.25020673871040344
3750,0.6495010256767273
3751,0.1935957968235016
3752,0.2095182240009308
3753,0.35212263464927673
3754,0.6002050042152405
3755,0.4845772087574005
3756,0.5503027439117432
3757,0.3580436408519745
3758,0.5031960010528564
3759,0.5201031565666199
3760,0.16508349776268005
3761,0.622816801071167
3762,0.6749301552772522
3763,0.375230073928833
3764,0.706768274307251
3765,0.7816324830055237
3766,0.5105515718460083
3767,0.5687971115112305
3768,0.41098955273628235
3769,0.39886239171028137
3770,0.551340639591217
3771,0.40654370188713074
3772,0.7939500212669373
3773,0.6458007097244263
3774,0.20601016283035278
3775,0.6530745625495911
3776,0.5523644089698792
3777,0.2451181411743164
3778,0.17274326086044312
3779,0.5909577012062073
3780,0.5983746647834778
3781,0.597749650478363
3782,0.5055479407310486
3783,0.24120041728019714
3784,0.29484763741493225
3785,0.5558658242225647
3786,0.7012825012207031
3787,0.314176470041275
3788,0.5717479586601257
3789,0.5181578993797302
3790,0.5359498262405396
3791,0.3221819996833801
3792,0.4114201068878174
3793,0.3560517728328705
3794,0.6200226545333862
3795,0.4520933926105499
3796,0.34855955839157104
3797,0.5659521222114563
3798,0.4405123293399811
3799,0.5450430512428284
3800,0.6596969962120056
3801,0.2924523949623108
3802,0.4826434254646301
3803,0.7861725687980652
3804,0.5809963345527649
3805,0.4297241270542145
3806,0.41159090399742126
3807,0.5779383778572083
3808,0.24320879578590393
3809,0.5492183566093445
3810,0.2897733747959137
3811,0.5518583655357361
3812,0.7736690640449524
3813,0.49017152190208435
3814,0.6045035123825073
3815,0.33494558930397034
3816,0.856612503528595
3817,0.5100951790809631
3818,0.40910953283309937
3819,0.34332409501075745
3820,0.8346579670906067
3821,0.6877619624137878
3822,0.2626146078109741
3823,0.3803408443927765
3824,0.8369548916816711
3825,0.6515335440635681
3826,0.5976244211196899
3827,0.21874499320983887
3828,0.2469971776008606
3829,0.6764498353004456
3830,0.28789085149765015
3831,0.4042930006980896
3832,0.31239816546440125
3833,0.469655305147171
3834,0.32110595703125
3835,0.34551090002059937
3836,0.8569241762161255
3837,0.5892649292945862
3838,0.5881385803222656
3839,0.47301506996154785
3840,0.2982834279537201
3841,0.6480581164360046
3842,0.3485257625579834
3843,0.6002117395401001
3844,0.4139366149902344
3845,0.6256051063537598
3846,0.8469274640083313
3847,0.3608231842517853
3848,0.7885914444923401
3849,0.32794272899627686
3850,0.8338018655776978
3851,0.2561710476875305
3852,0.3986970782279968
3853,0.38189414143562317
3854,0.6111500859260559
3855,0.6071967482566833
3856,0.5646376013755798
3857,0.35563400387763977
3858,0.28566083312034607
3859,0.3263842463493347
3860,0.7524173259735107
3861,0.5005273222923279
3862,0.4204792082309723
3863,0.3893502354621887
3864,0.5151373744010925
3865,0.2701609134674072
3866,0.30979567766189575
3867,0.31332266330718994
3868,0.3467019200325012
3869,0.6034147143363953
3870,0.3754974901676178
3871,0.6608770489692688
3872,0.3120338022708893
3873,0.40366414189338684
3874,0.5982982516288757
3875,0.6534038782119751
3876,0.5738714337348938
3877,0.43333151936531067
3878,0.24113720655441284
3879,0.49350157380104065
3880,0.3992331326007843
3881,0.8239968419075012
3882,0.37145015597343445
3883,0.6362399458885193
3884,0.45520007610321045
3885,0.32025671005249023
3886,0.548738420009613
3887,0.33011290431022644
3888,0.4923437833786011
3889,0.21675077080726624
3890,0.6824605464935303
3891,0.5358467102050781
3892,0.4878121316432953
3893,0.44705572724342346
3894,0.47184455394744873
3895,0.3560148775577545
3896,0.40501704812049866
3897,0.4038633406162262
3898,0.45939770340919495
3899,0.6056165099143982
3900,0.6075341701507568
3901,0.31079673767089844
3902,0.7190303802490234
3903,0.2266271412372589
3904,0.2766736149787903
3905,0.3176708221435547
3906,0.31916990876197815
3907,0.5246785283088684
3908,0.4016740620136261
3909,0.4391571581363678
3910,0.7012179493904114
3911,0.7446593642234802
3912,0.5987861752510071
3913,0.29168763756752014
3914,0.2854081392288208
3915,0.4412153363227844
3916,0.4966637194156647
3917,0.676554262638092
3918,0.5622653365135193
3919,0.3423177897930145
3920,0.5719572901725769
3921,0.3933704197406769
3922,0.5055570602416992
3923,0.23441079258918762
3924,0.6577668190002441
3925,0.4367590546607971
3926,0.44059816002845764
3927,0.366764634847641
3928,0.7486319541931152
3929,0.3085434138774872
3930,0.5348497033119202
3931,0.5020703077316284
3932,0.7289648652076721
3933,0.6412053108215332
3934,0.4495924413204193
3935,0.4077260494232178
3936,0.3512071371078491
3937,0.38379421830177307
3938,0.34834736585617065
3939,0.6116899251937866
3940,0.5689652562141418
3941,0.4544534981250763
3942,0.45966026186943054
3943,0.4898286461830139
3944,0.31530728936195374
3945,0.6395041942596436
3946,0.6316543221473694
3947,0.5865127444267273
3948,0.42576202750205994
3949,0.7887864708900452
3950,0.2261187732219696
3951,0.36798784136772156
3952,0.7411343455314636
3953,0.6828595399856567
3954,0.4730622470378876
3955,0.46304231882095337
3956,0.7607919573783875
3957,0.3762977421283722
3958,0.3475246727466583
3959,0.44038283824920654
3960,0.533760666847229
3961,0.39376553893089294
3962,0.33816400170326233
3963,0.4707958996295929
3964,0.23365095257759094
3965,0.1523362398147583
3966,0.8208159804344177
3967,0.48621073365211487
3968,0.2964794933795929
3969,0.422859787940979
3970,0.7920292019844055
3971,0.3430429995059967
3972,0.2873202860355377
3973,0.3040492832660675
3974,0.32170525193214417
3975,0.39862892031669617
3976,0.24791547656059265
3977,0.4379523992538452
3978,0.5603000521659851
3979,0.6298616528511047
3980,0.7809851765632629
3981,0.5851487517356873
3982,0.3108435571193695
3983,0.3651646375656128
3984,0.6643183827400208
3985,0.209229975938797
3986,0.8158923983573914
3987,0.6447085738182068
3988,0.8067650198936462
3989,0.5406275391578674
3990,0.7130820751190186
3991,0.7726934552192688
3992,0.7890579104423523
3993,0.6932007670402527
3994,0.4502335488796234
3995,0.8161672949790955
3996,0.5137757658958435
3997,0.5110915899276733
3998,0.32057544589042664
3999,0.780322253704071
4000,0.5691366195678711
4001,0.5151146650314331
4002,0.8000392317771912
4003,0.31999653577804565
4004,0.727639377117157
4005,0.6210556626319885
4006,0.5193838477134705
4007,0.5944097638130188
4008,0.43073245882987976
4009,0.4576725661754608
4010,0.8016771674156189
4011,0.4131871163845062
4012,0.5642367005348206
4013,0.5398181080818176
4014,0.36850452423095703
4015,0.47334563732147217
4016,0.36691009998321533
4017,0.3565088212490082
4018,0.17257601022720337
4019,0.22719287872314453
4020,0.5542358160018921
4021,0.7125092148780823
4022,0.3638153374195099
4023,0.4703432619571686
4024,0.4357273280620575
4025,0.5852282643318176
4026,0.49150922894477844
4027,0.4247737228870392
4028,0.26843997836112976
4029,0.8205525875091553
4030,0.43981727957725525
4031,0.5098132491111755
4032,0.24627143144607544
4033,0.3056095540523529
4034,0.4974556863307953
4035,0.5061599612236023
4036,0.5963239669799805
4037,0.41481614112854004
4038,0.5348175168037415
4039,0.505577564239502
4040,0.4111554026603699
4041,0.4300824701786041
4042,0.4744991362094879
4043,0.26417574286460876
4044,0.6865761280059814
4045,0.4803708791732788
4046,0.5172855257987976
4047,0.2934025824069977
4048,0.669173538684845
4049,0.4445635676383972
4050,0.6741761565208435
4051,0.6842830777168274
4052,0.8427298665046692
4053,0.49485495686531067
4054,0.5916151404380798
4055,0.45528149604797363
4056,0.402499258518219
4057,0.39376404881477356
4058,0.5125343203544617
4059,0.24898451566696167
4060,0.48239266872406006
4061,0.3269381821155548
4062,0.6081647276878357
4063,0.755449116230011
4064,0.27457138895988464
4065,0.651837170124054
4066,0.5568235516548157
4067,0.6728388071060181
4068,0.5073824524879456
4069,0.5847533345222473
4070,0.7704482674598694
4071,0.2827557325363159
4072,0.4323974549770355
4073,0.6969037652015686
4074,0.40010687708854675
4075,0.4558001458644867
4076,0.4735815227031708
4077,0.3349291682243347
4078,0.23612582683563232
4079,0.15969562530517578
4080,0.6856071352958679
4081,0.41539645195007324
4082,0.38467589020729065
4083,0.8039616942405701
4084,0.45195338129997253
4085,0.8320668935775757
4086,0.5617148280143738
4087,0.4407568871974945
4088,0.34743887186050415
4089,0.6534814238548279
4090,0.2474062144756317
4091,0.5568331480026245
4092,0.5102699995040894
4093,0.35689568519592285
4094,0.5493636727333069
4095,0.3376137614250183
4096,0.4861338436603546
4097,0.5401515364646912
4098,0.6020575761795044
4099,0.5123565793037415
4100,0.28698980808258057
4101,0.7205559611320496
4102,0.7778329253196716
4103,0.6265121102333069
4104,0.26833376288414
4105,0.35268136858940125
4106,0.6321396231651306
4107,0.4938109517097473
4108,0.43147632479667664
4109,0.6550313830375671
4110,0.7247712016105652
4111,0.30954983830451965
4112,0.2909049689769745
4113,0.542915403842926
4114,0.2700032889842987
4115,0.633210301399231
4116,0.6700000166893005
4117,0.6275964379310608
4118,0.5956860184669495
4119,0.3840790390968323
4120,0.6560793519020081
4121,0.8284565806388855
4122,0.6325086951255798
4123,0.42009425163269043
4124,0.47822415828704834
4125,0.44774049520492554
4126,0.6503134369850159
4127,0.7567942142486572
4128,0.36331796646118164
4129,0.43817391991615295
4130,0.5727754235267639
4131,0.4608909785747528
4132,0.38661304116249084
4133,0.5653716921806335
4134,0.7137861251831055
4135,0.3600519895553589
4136,0.639331579208374
4137,0.2746037244796753
4138,0.46005871891975403
4139,0.657303512096405
4140,0.65510493516922
4141,0.5725157856941223
4142,0.39625629782676697
4143,0.5134140849113464
4144,0.6258556246757507
4145,0.7117661833763123
4146,0.2128574550151825
4147,0.5737534165382385
4148,0.8464779257774353
4149,0.3973572552204132
4150,0.44784948229789734
4151,0.3504205644130707
4152,0.6485127806663513
4153,0.8514044880867004
4154,0.8235931992530823
4155,0.6149052977561951
4156,0.8639158606529236
4157,0.3743688464164734
4158,0.42326661944389343
4159,0.34893059730529785
4160,0.783053457736969
4161,0.4513474702835083
4162,0.5482023358345032
4163,0.29410114884376526
4164,0.2754516005516052
4165,0.5406882762908936
4166,0.24833819270133972
4167,0.4209332764148712
4168,0.4092755615711212
4169,0.3882289528846741
4170,0.5218325257301331
4171,0.6060536503791809
4172,0.8033720850944519
4173,0.8041897416114807
4174,0.564952552318573
4175,0.44309094548225403
4176,0.44791221618652344
4177,0.3818742334842682
4178,0.3314889967441559
4179,0.6433691382408142
4180,0.44144153594970703
4181,0.8458966612815857
4182,0.5821644067764282
4183,0.6827488541603088
4184,0.3422018885612488
4185,0.49918076395988464
4186,0.500862181186676
4187,0.3827260434627533
4188,0.478231281042099
4189,0.4189075827598572
4190,0.6832435131072998
4191,0.2385368049144745
4192,0.391935795545578
4193,0.8119398951530457
4194,0.6924214363098145
4195,0.4955599904060364
4196,0.262466162443161
4197,0.22764790058135986
4198,0.48245787620544434
4199,0.42609983682632446
4200,0.5867789387702942
4201,0.3132094442844391
4202,0.5073547959327698
4203,0.4032036364078522
4204,0.18539336323738098
4205,0.368893027305603
4206,0.7755298018455505
4207,0.43605539202690125
4208,0.5354957580566406
4209,0.7242125868797302
4210,0.6077187061309814
4211,0.6387986540794373
4212,0.4551904499530792
4213,0.32540270686149597
4214,0.3170332610607147
4215,0.33579298853874207
4216,0.7352248430252075
4217,0.2321828305721283
4218,0.3153817653656006
4219,0.26016294956207275
4220,0.22378668189048767
4221,0.6115595698356628
4222,0.6493996977806091
4223,0.8688523173332214
4224,0.5190383791923523
4225,0.42944666743278503
4226,0.58669513463974
4227,0.7879781723022461
4228,0.18436580896377563
4229,0.4126957356929779
4230,0.5576321482658386
4231,0.6735709309577942
4232,0.6207209229469299
4233,0.5159432291984558
4234,0.6736873984336853
4235,0.44162243604660034
4236,0.1932886838912964
4237,0.51728755235672
4238,0.42337650060653687
4239,0.3763620853424072
4240,0.5816681981086731
4241,0.5059958696365356
4242,0.4942651689052582
4243,0.1488805115222931
4244,0.42608481645584106
4245,0.8365107178688049
4246,0.361917644739151
4247,0.262871652841568
4248,0.3857763707637787
4249,0.30702149868011475
4250,0.18986570835113525
4251,0.43109118938446045
4252,0.8432243466377258
4253,0.4593925178050995
4254,0.2971400320529938
4255,0.36993929743766785
4256,0.33460548520088196
4257,0.3111988604068756
4258,0.43730542063713074
4259,0.2507798969745636
4260,0.47075995802879333
4261,0.6429586410522461
4262,0.704101026058197
4263,0.6950386166572571
4264,0.23839834332466125
4265,0.45573195815086365
4266,0.44924241304397583
4267,0.4999224841594696
4268,0.4794127643108368
4269,0.522507905960083
4270,0.5953362584114075
4271,0.19421488046646118
4272,0.33515694737434387
4273,0.42629602551460266
4274,0.6378104090690613
4275,0.2458917796611786
4276,0.6018036007881165
4277,0.5383708477020264
4278,0.4030369222164154
4279,0.6054996252059937
4280,0.7781921029090881
4281,0.595314621925354
4282,0.22860798239707947
4283,0.8317633867263794
4284,0.3123367130756378
4285,0.5653020739555359
4286,0.2292502522468567
4287,0.3493281900882721
4288,0.48628655076026917
4289,0.6715824007987976
4290,0.406522274017334
4291,0.6292923092842102
4292,0.8043859004974365
4293,0.6076816320419312
4294,0.5361086130142212
4295,0.7660596370697021
4296,0.388118177652359
4297,0.4201602041721344
4298,0.3451673090457916
4299,0.18630829453468323
4300,0.3073369264602661
4301,0.5219749212265015
4302,0.2216852605342865
4303,0.5485963225364685
4304,0.4115443527698517
4305,0.5014941096305847
4306,0.5423471927642822
4307,0.5328927636146545
4308,0.42747631669044495
4309,0.35302290320396423
4310,0.4365846812725067
4311,0.7723395824432373
4312,0.48868528008461
4313,0.2844221591949463
4314,0.5538021326065063
4315,0.5608947277069092
4316,0.5137801766395569
4317,0.3437640964984894
4318,0.3874889612197876
4319,0.29297390580177307
4320,0.5206389427185059
4321,0.4130551218986511
4322,0.574974000453949
4323,0.5385726094245911
4324,0.37154635787010193
4325,0.3456062376499176
4326,0.7527056336402893
4327,0.3944701850414276
4328,0.3156030774116516
4329,0.40996721386909485
4330,0.27943575382232666
4331,0.608749270439148
4332,0.5614674687385559
4333,0.36880406737327576
4334,0.24643880128860474
4335,0.662099301815033
4336,0.7339581847190857
4337,0.6516817212104797
4338,0.53666752576828
4339,0.7481064796447754
4340,0.5129356384277344
4341,0.44764360785484314
4342,0.44683709740638733
4343,0.5398927927017212
4344,0.49370092153549194
4345,0.5796685218811035
4346,0.6695265769958496
4347,0.5125955939292908
4348,0.1842184066772461
4349,0.6364110708236694
4350,0.43175700306892395
4351,0.5922521948814392
4352,0.5455859899520874
4353,0.4285026788711548
4354,0.4681061804294586
4355,0.49371883273124695
4356,0.3740934431552887
4357,0.7511302828788757
4358,0.512583315372467
4359,0.5745571255683899
4360,0.4662967622280121
4361,0.508549690246582
4362,0.3282010853290558
4363,0.6286569237709045
4364,0.8140314221382141
4365,0.31569570302963257
4366,0.3944201171398163
4367,0.7789567112922668
4368,0.5182632803916931
4369,0.35043469071388245
4370,0.665383517742157
4371,0.367044061422348
4372,0.5158897042274475
4373,0.21689525246620178
4374,0.28622832894325256
4375,0.8369309306144714
4376,0.18377959728240967
4377,0.7172369360923767
4378,0.7915269732475281
4379,0.3932403028011322
4380,0.4588269293308258
4381,0.5731106400489807
4382,0.7779455780982971
4383,0.3398703932762146
4384,0.35002410411834717
4385,0.5402176976203918
4386,0.6475332379341125
4387,0.5478201508522034
4388,0.5890527367591858
4389,0.20671284198760986
4390,0.8555522561073303
4391,0.5250961184501648
4392,0.4533065855503082
4393,0.492652028799057
4394,0.6875513195991516
4395,0.5228932499885559
4396,0.42601487040519714
4397,0.23469135165214539
4398,0.5047600865364075
4399,0.3156622052192688
4400,0.1564106047153473
4401,0.5030855536460876
4402,0.3862432837486267
4403,0.1592409312725067
4404,0.3136065900325775
4405,0.5273855328559875
4406,0.5301998853683472
4407,0.40825819969177246
4408,0.5149338245391846
4409,0.45891085267066956
4410,0.7185061573982239
4411,0.49093562364578247
4412,0.41488566994667053
4413,0.6490004062652588
4414,0.84481281042099
4415,0.5130192637443542
4416,0.5019475817680359
4417,0.39257004857063293
4418,0.3494538962841034
4419,0.4887538254261017
4420,0.5999061465263367
4421,0.8047811388969421
4422,0.4942070543766022
4423,0.7980042695999146
4424,0.19541600346565247
4425,0.3310602009296417
4426,0.34736114740371704
4427,0.39399489760398865
4428,0.22996121644973755
4429,0.6951784491539001
4430,0.30286267399787903
4431,0.20768287777900696
4432,0.6292130351066589
4433,0.25871163606643677
4434,0.7139595746994019
4435,0.33503928780555725
4436,0.30738550424575806
4437,0.5922003984451294
4438,0.7333967089653015
4439,0.598138153553009
4440,0.45539310574531555
4441,0.22291791439056396
4442,0.4089638292789459
4443,0.6265839338302612
4444,0.6874578595161438
4445,0.4427453875541687
4446,0.8070686459541321
4447,0.36750486493110657
4448,0.33528056740760803
4449,0.5075090527534485
4450,0.594602644443512
4451,0.5055686831474304
4452,0.7340479493141174
4453,0.7610989212989807
4454,0.28420302271842957
4455,0.3466654419898987
4456,0.4658429026603699
4457,0.6829507946968079
4458,0.5010846257209778
4459,0.5027986168861389
4460,0.4552001655101776
4461,0.20055872201919556
4462,0.2762713134288788
4463,0.7874452471733093
4464,0.23927083611488342
4465,0.555734395980835
4466,0.5546702742576599
4467,0.53072589635849
4468,0.3457876741886139
4469,0.6610044836997986
4470,0.3689568042755127
4471,0.32429972290992737
4472,0.16951128840446472
4473,0.8051720261573792
4474,0.614077627658844
4475,0.7472053170204163
4476,0.20976373553276062
4477,0.40483370423316956
4478,0.24117866158485413
4479,0.6717645525932312
4480,0.5571706891059875
4481,0.47971421480178833
4482,0.3621012568473816
4483,0.31509166955947876
4484,0.31608256697654724
4485,0.5904250741004944
4486,0.4838506579399109
4487,0.7369757294654846
4488,0.7911434769630432
4489,0.24529585242271423
4490,0.46551981568336487
4491,0.7411879301071167
4492,0.25658318400382996
4493,0.6684396862983704
4494,0.3447982966899872
4495,0.7826108336448669
4496,0.4595393240451813
4497,0.7345249056816101
4498,0.5555712580680847
4499,0.24824106693267822
4500,0.46393710374832153
4501,0.7099173069000244
4502,0.731296181678772
4503,0.470398485660553
4504,0.6585138440132141
4505,0.6005014777183533
4506,0.5648322701454163
4507,0.832312285900116
4508,0.622180700302124
4509,0.582574188709259
4510,0.5352247953414917
4511,0.534303605556488
4512,0.6060224175453186
4513,0.5007421970367432
4514,0.30237138271331787
4515,0.6564655900001526
4516,0.23114782571792603
4517,0.44485610723495483
4518,0.6144483685493469
4519,0.7443438172340393
4520,0.4628230333328247
4521,0.3556665778160095
4522,0.6153172254562378
4523,0.7844982743263245
4524,0.2845174968242645
4525,0.6338479518890381
4526,0.4857132136821747
4527,0.3222043514251709
4528,0.4193858504295349
4529,0.3460281193256378
4530,0.5497777462005615
4531,0.5906398296356201
4532,0.706654965877533
4533,0.6215576529502869
4534,0.6051725149154663
4535,0.7213403582572937
4536,0.5892851948738098
4537,0.812557578086853
4538,0.7877221703529358
4539,0.5126523375511169
4540,0.6598239541053772
4541,0.4652877748012543
4542,0.196527361869812
4543,0.19168448448181152
4544,0.23411598801612854
4545,0.2890395224094391
4546,0.32267653942108154
4547,0.2564135789871216
4548,0.7941023707389832
4549,0.4030440151691437
4550,0.495371550321579
4551,0.7156665921211243
4552,0.46592065691947937
4553,0.8491864800453186
4554,0.6893664598464966
4555,0.781382143497467
4556,0.47315290570259094
4557,0.573034942150116
4558,0.27013856172561646
4559,0.6646506190299988
4560,0.6956278085708618
4561,0.33038848638534546
4562,0.6773537993431091
4563,0.6200694441795349
4564,0.6199663281440735
4565,0.25379058718681335
4566,0.6192258596420288
4567,0.7049784660339355
4568,0.6141003966331482
4569,0.8270912766456604
4570,0.3949287533760071
4571,0.2722855806350708
4572,0.4330984055995941
4573,0.378984272480011
4574,0.7332946062088013
4575,0.6079265475273132
4576,0.27504631876945496
4577,0.4785615801811218
4578,0.46137315034866333
4579,0.33749517798423767
4580,0.5431528687477112
4581,0.7258729338645935
4582,0.3524247109889984
4583,0.6699636578559875
4584,0.3128221929073334
4585,0.4653123915195465
4586,0.5146864652633667
4587,0.32724568247795105
4588,0.4087679982185364
4589,0.20523515343666077
4590,0.2309047281742096
4591,0.4696865379810333
4592,0.6380704641342163
4593,0.48209890723228455
4594,0.2938280403614044
4595,0.23808595538139343
4596,0.3897472321987152
4597,0.6366633772850037
4598,0.33645808696746826
4599,0.7269746661186218
4600,0.20436632633209229
4601,0.4307807683944702
4602,0.6298769116401672
4603,0.3769666850566864
4604,0.36235475540161133
4605,0.4009457230567932
4606,0.41711926460266113
4607,0.4226250946521759
4608,0.1985926330089569
4609,0.5944355130195618
4610,0.4753972589969635
4611,0.656779944896698
4612,0.8503925204277039
4613,0.24200236797332764
4614,0.42788049578666687
4615,0.3771510422229767
4616,0.3468061685562134
4617,0.3904585540294647
4618,0.40261152386665344
4619,0.842496395111084
4620,0.5054466724395752
4621,0.3038625121116638
4622,0.42183250188827515
4623,0.29656943678855896
4624,0.7789850234985352
4625,0.46733713150024414
4626,0.5158742666244507
4627,0.460062175989151
4628,0.4001021087169647
4629,0.39326968789100647
4630,0.7359810471534729
4631,0.5832599997520447
4632,0.510246217250824
4633,0.44569286704063416
4634,0.5661272406578064
4635,0.2630945146083832
4636,0.30937913060188293
4637,0.585416853427887
4638,0.2579374611377716
4639,0.19823428988456726
4640,0.5771388411521912
4641,0.5214776396751404
4642,0.31443050503730774
4643,0.758680522441864
4644,0.6400955319404602
4645,0.42405790090560913
4646,0.17248466610908508
4647,0.6104844808578491
4648,0.20300161838531494
4649,0.4427410662174225
4650,0.6310387849807739
4651,0.4139677584171295
4652,0.5955878496170044
4653,0.7872141003608704
4654,0.40684014558792114
4655,0.33170685172080994
4656,0.15463048219680786
4657,0.48794957995414734
4658,0.5586650967597961
4659,0.4499407708644867
4660,0.7278063893318176
4661,0.28040310740470886
4662,0.2286115288734436
4663,0.2700691223144531
4664,0.22517815232276917
4665,0.6803415417671204
4666,0.7682759165763855
4667,0.3387300670146942
4668,0.5830692648887634
4669,0.5863901972770691
4670,0.5601643323898315
4671,0.5010461807250977
4672,0.6360632181167603
4673,0.3594840168952942
4674,0.48405900597572327
4675,0.3420597314834595
4676,0.36327722668647766
4677,0.6913696527481079
4678,0.43796977400779724
4679,0.500637948513031
4680,0.20563989877700806
4681,0.6895718574523926
4682,0.26280295848846436
4683,0.61285400390625
4684,0.18595361709594727
4685,0.4576530456542969
4686,0.8479709625244141
4687,0.586136519908905
4688,0.37235671281814575
4689,0.4661296308040619
4690,0.49895569682121277
4691,0.6593696475028992
4692,0.3250715434551239
4693,0.5720998048782349
4694,0.3714929521083832
4695,0.28039735555648804
4696,0.19475725293159485
4697,0.36917585134506226
4698,0.33275189995765686
4699,0.7652282118797302
4700,0.2811957895755768
4701,0.5539892315864563
4702,0.16527000069618225
4703,0.7115358710289001
4704,0.4248618483543396
4705,0.3652869462966919
4706,0.46329957246780396
4707,0.5438758134841919
4708,0.3161335587501526
4709,0.5156283974647522
4710,0.6242256164550781
4711,0.32082894444465637
4712,0.4490399658679962
4713,0.20080092549324036
4714,0.5110968947410583
4715,0.5006122589111328
4716,0.8099058866500854
4717,0.6123297214508057
4718,0.2996968924999237
4719,0.7458829283714294
4720,0.1770903468132019
4721,0.6447753310203552
4722,0.5379441976547241
4723,0.5880133509635925
4724,0.6869144439697266
4725,0.5540317296981812
4726,0.668637216091156
4727,0.5960758924484253
4728,0.5655081272125244
4729,0.4245264232158661
4730,0.5533661246299744
4731,0.35156896710395813
4732,0.29785415530204773
4733,0.27303868532180786
4734,0.5600579380989075
4735,0.19358646869659424
4736,0.4026561677455902
4737,0.4215531349182129
4738,0.8064104914665222
4739,0.6074686646461487
4740,0.6450859904289246
4741,0.3867628276348114
4742,0.39600589871406555
4743,0.6169840097427368
4744,0.462234765291214
4745,0.37783318758010864
4746,0.3364686071872711
4747,0.5334042906761169
4748,0.20231252908706665
4749,0.4561205208301544
4750,0.22229376435279846
4751,0.4848722815513611
4752,0.6667400002479553
4753,0.58864825963974
4754,0.44958144426345825
4755,0.19700932502746582
4756,0.2954244017601013
4757,0.38041236996650696
4758,0.5306850075721741
4759,0.2755831182003021
4760,0.27625709772109985
4761,0.3578854501247406
4762,0.13784337043762207
4763,0.7595104575157166
4764,0.64886873960495
4765,0.5336130857467651
4766,0.27204543352127075
4767,0.4505746364593506
4768,0.41544339060783386
4769,0.30077192187309265
4770,0.6466019749641418
4771,0.6084356904029846
4772,0.6262667775154114
4773,0.3925454020500183
4774,0.7692210078239441
4775,0.39519765973091125
4776,0.7638165950775146
4777,0.6147690415382385
4778,0.5077319741249084
4779,0.37652766704559326
4780,0.5313460826873779
4781,0.845108151435852
4782,0.5905197262763977
4783,0.6173464059829712
4784,0.3449486196041107
4785,0.3749125003814697
4786,0.7120017409324646
4787,0.6059092879295349
4788,0.4733486771583557
4789,0.21851035952568054
4790,0.4295335114002228
4791,0.42539355158805847
4792,0.2656039595603943
4793,0.17604243755340576
4794,0.6406210064888
4795,0.7446543574333191
4796,0.6610100865364075
4797,0.743073046207428
4798,0.8568747043609619
4799,0.22217026352882385
4800,0.5554710030555725
4801,0.3967059552669525
4802,0.8049785494804382
4803,0.7106360793113708
4804,0.6084040999412537
4805,0.3321453630924225
4806,0.41164544224739075
4807,0.5251548886299133
4808,0.20118167996406555
4809,0.5190608501434326
4810,0.22313407063484192
4811,0.7319843173027039
4812,0.5591164231300354
4813,0.5065210461616516
4814,0.5646061301231384
4815,0.3720019459724426
4816,0.5871950387954712
4817,0.46071889996528625
4818,0.33688077330589294
4819,0.5330723524093628
4820,0.33877089619636536
4821,0.15422776341438293
4822,0.1711784303188324
4823,0.5189388990402222
4824,0.8004708290100098
4825,0.8032823204994202
4826,0.22722145915031433
4827,0.7794215679168701
4828,0.4585159718990326
4829,0.8174071907997131
4830,0.6365190148353577
4831,0.3775273859500885
4832,0.5538246631622314
4833,0.87284916639328
4834,0.2938578426837921
4835,0.3086707890033722
4836,0.8006338477134705
4837,0.6786770224571228
4838,0.7877197861671448
4839,0.5878673791885376
4840,0.3831477165222168
4841,0.2483520209789276
4842,0.6627176403999329
4843,0.21452364325523376
4844,0.5371808409690857
4845,0.4334426522254944
4846,0.46210190653800964
4847,0.3177807331085205
4848,0.20307019352912903
4849,0.5103694200515747
4850,0.5376023054122925
4851,0.7175057530403137
4852,0.7532595992088318
4853,0.637630045413971
4854,0.6582148671150208
4855,0.3697304129600525
4856,0.5775859951972961
4857,0.7976728081703186
4858,0.553652286529541
4859,0.18810105323791504
4860,0.4327211081981659
4861,0.3721676170825958
4862,0.6851108074188232
4863,0.7825106978416443
4864,0.8540895581245422
4865,0.6768710017204285
4866,0.8146947026252747
4867,0.7767572999000549
4868,0.4942614436149597
4869,0.49114280939102173
4870,0.32169681787490845
4871,0.47793054580688477
4872,0.6444063186645508
4873,0.40710511803627014
4874,0.5015472769737244
4875,0.3319562077522278
4876,0.3089868128299713
4877,0.6028915643692017
4878,0.44545143842697144
4879,0.7103906273841858
4880,0.6452260613441467
4881,0.6309936046600342
4882,0.2132350206375122
4883,0.6631314158439636
4884,0.787509024143219
4885,0.7331819534301758
4886,0.5606043338775635
4887,0.3732786774635315
4888,0.40966126322746277
4889,0.6280360221862793
4890,0.39130714535713196
4891,0.8364604711532593
4892,0.5131768584251404
4893,0.7471341490745544
4894,0.643842875957489
4895,0.35630524158477783
4896,0.5736666321754456
4897,0.4631471335887909
4898,0.2878437340259552
4899,0.7808759212493896
4900,0.33418041467666626
4901,0.668569028377533
4902,0.6921877264976501
4903,0.49697035551071167
4904,0.5697391629219055
4905,0.5336050391197205
4906,0.6240205764770508
4907,0.2088768184185028
4908,0.41431924700737
4909,0.5250706076622009
4910,0.773733913898468
4911,0.7829198837280273
4912,0.41210052371025085
4913,0.34594082832336426
4914,0.5242851376533508
4915,0.7132723927497864
4916,0.34717464447021484
4917,0.6667291522026062
4918,0.6888725161552429
4919,0.4007006585597992
4920,0.6360973715782166
4921,0.3963130712509155
4922,0.5033301115036011
4923,0.46397915482521057
4924,0.40696433186531067
4925,0.7450632452964783
4926,0.1988053321838379
4927,0.2002127766609192
4928,0.763631284236908
4929,0.6035546660423279
4930,0.5717414021492004
4931,0.251709908246994
4932,0.30942603945732117
4933,0.2790319621562958
4934,0.34043166041374207
4935,0.4576932489871979
4936,0.3070228397846222
4937,0.36718639731407166
4938,0.49665355682373047
4939,0.4172215759754181
4940,0.3869570791721344
4941,0.20715045928955078
4942,0.4220176041126251
4943,0.44424793124198914
4944,0.7930646538734436
4945,0.45764896273612976
4946,0.4811060130596161
4947,0.27567481994628906
4948,0.37896600365638733
4949,0.38533520698547363
4950,0.5116006731987
4951,0.7571536898612976
4952,0.2790934145450592
4953,0.4526013433933258
4954,0.8015340566635132
4955,0.5436187386512756
4956,0.3933052122592926
4957,0.6114085912704468
4958,0.5726847648620605
4959,0.8463086485862732
4960,0.501314103603363
4961,0.6293821930885315
4962,0.630871593952179
4963,0.513894259929657
4964,0.2734036445617676
4965,0.36663249135017395
4966,0.29691237211227417
4967,0.6671053767204285
4968,0.5894884467124939
4969,0.21186897158622742
4970,0.26546233892440796
4971,0.3450043797492981
4972,0.4936119019985199
4973,0.8158174157142639
4974,0.4630594551563263
4975,0.5306176543235779
4976,0.7550823092460632
4977,0.5052849650382996
4978,0.3851564824581146
4979,0.5012608170509338
4980,0.5417165160179138
4981,0.5464562773704529
4982,0.6121060848236084
4983,0.5082971453666687
4984,0.4009435772895813
4985,0.5864040851593018
4986,0.6428912281990051
4987,0.43484529852867126
4988,0.29531189799308777
4989,0.7146475911140442
4990,0.5964935421943665
4991,0.26462507247924805
4992,0.37005090713500977
4993,0.8031001687049866
4994,0.7563846707344055
4995,0.1781245768070221
4996,0.6500645279884338
4997,0.5911986827850342
4998,0.8285677433013916
4999,0.482079416513443
5000,0.5552806258201599
5001,0.7146190404891968
5002,0.8226709961891174
5003,0.6766284108161926
5004,0.7394161820411682
5005,0.23912781476974487
5006,0.3870271146297455
5007,0.5452560782432556
5008,0.49537989497184753
5009,0.4827061593532562
5010,0.5433239936828613
5011,0.6488419771194458
5012,0.23619991540908813
5013,0.8027740120887756
5014,0.5987052321434021
5015,0.3710855543613434
5016,0.5088891983032227
5017,0.550667941570282
5018,0.17960920929908752
5019,0.2880134582519531
5020,0.7319056987762451
5021,0.2260645627975464
5022,0.6245943903923035
5023,0.27556437253952026
5024,0.3835847079753876
5025,0.3732740879058838
5026,0.8199127316474915
5027,0.5798019766807556
5028,0.5052188038825989
5029,0.6240766644477844
5030,0.1943201720714569
5031,0.8042229413986206
5032,0.41149768233299255
5033,0.41881510615348816
5034,0.3920808732509613
5035,0.7684175968170166
5036,0.8460524678230286
5037,0.6350217461585999
5038,0.2698585093021393
5039,0.3865523040294647
5040,0.7661259770393372
5041,0.779096782207489
5042,0.8119966387748718
5043,0.7726539969444275
5044,0.29173699021339417
5045,0.4040736258029938
5046,0.7674601674079895
5047,0.4611898362636566
5048,0.23096007108688354
5049,0.23602688312530518
5050,0.5571190714836121
5051,0.7511740326881409
5052,0.5126120448112488
5053,0.46108105778694153
5054,0.8549193739891052
5055,0.36270514130592346
5056,0.46939995884895325
5057,0.5644604563713074
5058,0.16254103183746338
5059,0.6237167716026306
5060,0.8129200339317322
5061,0.2015414834022522
5062,0.5941969752311707
5063,0.13472452759742737
5064,0.2916897237300873
5065,0.8049775958061218
5066,0.38981130719184875
5067,0.7380192279815674
5068,0.5919097661972046
5069,0.7410866618156433
5070,0.7397956252098083
5071,0.5890641808509827
5072,0.5091254115104675
5073,0.40801355242729187
5074,0.5926390886306763
5075,0.5700063109397888
5076,0.5972789525985718
5077,0.6780163645744324
5078,0.5248427391052246
5079,0.19118371605873108
5080,0.4278659224510193
5081,0.3656589984893799
5082,0.45086681842803955
5083,0.24386748671531677
5084,0.23821789026260376
5085,0.8625168204307556
5086,0.3093588650226593
5087,0.622651994228363
5088,0.327013224363327
5089,0.6805315017700195
5090,0.8122718334197998
5091,0.7490598559379578
5092,0.2890135645866394
5093,0.5172228217124939
5094,0.1830230951309204
5095,0.4372878670692444
5096,0.4861012101173401
5097,0.4218476116657257
5098,0.2914442718029022
5099,0.38829752802848816
5100,0.4467342495918274
5101,0.43124333024024963
5102,0.2639859914779663
5103,0.20383813977241516
5104,0.33154889941215515
5105,0.5483154058456421
5106,0.4999503195285797
5107,0.8292455077171326
5108,0.6913315653800964
5109,0.16508662700653076
5110,0.323669970035553
5111,0.8673243522644043
5112,0.5030131936073303
5113,0.6830913424491882
5114,0.6475401520729065
5115,0.2817440927028656
5116,0.5441904664039612
5117,0.8516260981559753
5118,0.396221399307251
5119,0.5581048130989075
5120,0.3321496844291687
5121,0.5159506797790527
5122,0.34470468759536743
5123,0.813479483127594
5124,0.45333781838417053
5125,0.42385557293891907
5126,0.6383916735649109
5127,0.8598030209541321
5128,0.3101533055305481
5129,0.3732077479362488
5130,0.429447203874588
5131,0.5291497111320496
5132,0.8204883933067322
5133,0.7537453174591064
5134,0.24227380752563477
5135,0.3987230360507965
5136,0.34998247027397156
5137,0.6189889311790466
5138,0.31764930486679077
5139,0.3808079659938812
5140,0.544357419013977
5141,0.8019846677780151
5142,0.5603689551353455
5143,0.2256491780281067
5144,0.3490293622016907
5145,0.23080936074256897
5146,0.41444429755210876
5147,0.7642131447792053
5148,0.4806806147098541
5149,0.7582406401634216
5150,0.5236976146697998
5151,0.6697458624839783
5152,0.3231127858161926
5153,0.6818345189094543
5154,0.8087114691734314
5155,0.8415842652320862
5156,0.6031555533409119
5157,0.5240136981010437
5158,0.6344008445739746
5159,0.23891839385032654
5160,0.6808024048805237
5161,0.8078722357749939
5162,0.3892571032047272
5163,0.4237841069698334
5164,0.3285770118236542
5165,0.640593945980072
5166,0.6484666466712952
5167,0.355838418006897
5168,0.5167123675346375
5169,0.515956461429596
5170,0.4202105700969696
5171,0.21932655572891235
5172,0.5462397933006287
5173,0.7147973775863647
5174,0.5498220324516296
5175,0.5773491263389587
5176,0.28486141562461853
5177,0.49536117911338806
5178,0.2975769340991974
5179,0.3474884331226349
5180,0.5066472887992859
5181,0.2877260744571686
5182,0.14488443732261658
5183,0.2914988100528717
5184,0.6383858323097229
5185,0.36688709259033203
5186,0.6613137125968933
5187,0.3169470727443695
5188,0.7064816355705261
5189,0.7256303429603577
5190,0.5628450512886047
5191,0.4925598204135895
5192,0.5365760326385498
5193,0.7459713816642761
5194,0.5341615080833435
5195,0.6120437979698181
5196,0.2689182758331299
5197,0.24252119660377502
5198,0.47871676087379456
5199,0.8072152733802795
5200,0.3184437155723572
5201,0.7764844298362732
5202,0.3191245496273041
5203,0.8520838618278503
5204,0.5784268379211426
5205,0.6313257217407227
5206,0.3093318045139313
5207,0.5283644795417786
5208,0.41929879784584045
5209,0.5196220874786377
5210,0.30033668875694275
5211,0.495580792427063
5212,0.6317315697669983
5213,0.6536412835121155
5214,0.26731163263320923
5215,0.6272627115249634
5216,0.43324384093284607
5217,0.5790168642997742
5218,0.334870845079422
5219,0.5565503835678101
5220,0.5999322533607483
5221,0.852314293384552
5222,0.5272691249847412
5223,0.4732234477996826
5224,0.5689063668251038
5225,0.4971195161342621
5226,0.2603888213634491
5227,0.45925554633140564
5228,0.3663637936115265
5229,0.38256531953811646
5230,0.4018279016017914
5231,0.6541646122932434
5232,0.28653764724731445
5233,0.5869452357292175
5234,0.7898884415626526
5235,0.49400997161865234
5236,0.48201143741607666
5237,0.2879217267036438
5238,0.20037749409675598
5239,0.5372540950775146
5240,0.6597194671630859
5241,0.5746234059333801
5242,0.6625000238418579
5243,0.3408675193786621
5244,0.17513546347618103
5245,0.35184603929519653
5246,0.15852966904640198
5247,0.31171664595603943
5248,0.568533718585968
5249,0.6154419779777527
5250,0.734859049320221
5251,0.43447765707969666
5252,0.3622671961784363
5253,0.49459388852119446
5254,0.22956952452659607
5255,0.5890374779701233
5256,0.3941858112812042
5257,0.2875638008117676
5258,0.6531470417976379
5259,0.24447417259216309
5260,0.7292235493659973
5261,0.7448305487632751
5262,0.7570390701293945
5263,0.6462005972862244
5264,0.5882859826087952
5265,0.5862429738044739
5266,0.7249417304992676
5267,0.4746524691581726
5268,0.36539626121520996
5269,0.4368230998516083
5270,0.3949204385280609
5271,0.42934635281562805
5272,0.49420347809791565
5273,0.5587897300720215
5274,0.6689959168434143
5275,0.37402549386024475
5276,0.5511892437934875
5277,0.31373855471611023
5278,0.21272414922714233
5279,0.5418691635131836
5280,0.3458229601383209
5281,0.8022281527519226
5282,0.5001572370529175
5283,0.32331976294517517
5284,0.522344708442688
5285,0.692128598690033
5286,0.8640084266662598
5287,0.27464890480041504
5288,0.5443814396858215
5289,0.7434213757514954
5290,0.8352018594741821
5291,0.726152241230011
5292,0.726338803768158
5293,0.579037070274353
5294,0.5357219576835632
5295,0.5283684134483337
5296,0.4475734233856201
5297,0.5554032325744629
5298,0.4620843827724457
5299,0.6446146368980408
5300,0.3249310851097107
5301,0.4624200165271759
5302,0.6309318542480469
5303,0.3173479735851288
5304,0.5850781798362732
5305,0.17311063408851624
5306,0.7038745284080505
5307,0.5254735350608826
5308,0.2551265060901642
5309,0.22997811436653137
5310,0.1466664969921112
5311,0.7404155731201172
5312,0.5972684025764465
5313,0.5160195231437683
5314,0.42291560769081116
5315,0.6848769783973694
5316,0.6325358748435974
5317,0.5237327218055725
5318,0.5233073234558105
5319,0.39993607997894287
5320,0.5540791153907776
5321,0.41387614607810974
5322,0.5969929099082947
5323,0.48703286051750183
5324,0.7756913900375366
5325,0.7776587605476379
5326,0.5305570960044861
5327,0.3824823200702667
5328,0.4837503135204315
5329,0.32511916756629944
5330,0.32618042826652527
5331,0.571135401725769
5332,0.6494095921516418
5333,0.4494786858558655
5334,0.7510641813278198
5335,0.4835537374019623
5336,0.4227360785007477
5337,0.6103895306587219
5338,0.4237348735332489
5339,0.36463990807533264
5340,0.1834469735622406
5341,0.5246583819389343
5342,0.7262118458747864
5343,0.756644070148468
5344,0.48518621921539307
5345,0.5605460405349731
5346,0.276144415140152
5347,0.7151562571525574
5348,0.36699727177619934
5349,0.46199482679367065
5350,0.37999770045280457
5351,0.4882164001464844
5352,0.4129363000392914
5353,0.5827195048332214
5354,0.31437522172927856
5355,0.5012997984886169
5356,0.5070899128913879
5357,0.64383465051651
5358,0.6339437365531921
5359,0.4696676433086395
5360,0.6137689352035522
5361,0.22466638684272766
5362,0.22392359375953674
5363,0.5120074152946472
5364,0.31372687220573425
5365,0.6010358929634094
5366,0.553777277469635
5367,0.8268844485282898
5368,0.6061084270477295
5369,0.5496723055839539
5370,0.6790174245834351
5371,0.2439645230770111
5372,0.5804653763771057
5373,0.8269577622413635
5374,0.7323787808418274
5375,0.5048176646232605
5376,0.3436312675476074
5377,0.3101465702056885
5378,0.4448625147342682
5379,0.7506422400474548
5380,0.8193032145500183
5381,0.5869881510734558
5382,0.27389276027679443
5383,0.6281104683876038
5384,0.40682661533355713
5385,0.40087559819221497
5386,0.8268744349479675
5387,0.517049252986908
5388,0.4893675446510315
5389,0.5361714959144592
5390,0.6302028894424438
5391,0.36114224791526794
5392,0.7686468958854675
5393,0.4666329026222229
5394,0.6556476354598999
5395,0.40751972794532776
5396,0.20683297514915466
5397,0.5440898537635803
5398,0.8531929850578308
5399,0.28688663244247437
5400,0.43264809250831604
5401,0.42720723152160645
5402,0.12852227687835693
5403,0.7785654664039612
5404,0.3143225610256195
5405,0.21435633301734924
5406,0.4471959173679352
5407,0.1821022927761078
5408,0.43674737215042114
5409,0.414642333984375
5410,0.38448238372802734
5411,0.32012954354286194
5412,0.4091148376464844
5413,0.6711187958717346
5414,0.4202301800251007
5415,0.2398272454738617
5416,0.45802149176597595
5417,0.5874875783920288
5418,0.704791247844696
5419,0.20336619019508362
5420,0.2415485978126526
5421,0.5976641774177551
5422,0.23766377568244934
5423,0.6135415434837341
5424,0.44493114948272705
5425,0.5158190131187439
5426,0.6727736592292786
5427,0.5600107312202454
5428,0.6161374449729919
5429,0.3950040936470032
5430,0.6915687918663025
5431,0.4124090373516083
5432,0.20345300436019897
5433,0.4231014549732208
5434,0.5086807608604431
5435,0.3487580120563507
5436,0.2991543412208557
5437,0.6830748319625854
5438,0.350503534078598
5439,0.7814142107963562
5440,0.20114350318908691
5441,0.4239669740200043
5442,0.6256902813911438
5443,0.517116367816925
5444,0.7214817404747009
5445,0.45975881814956665
5446,0.35718920826911926
5447,0.7623597383499146
5448,0.46719634532928467
5449,0.49600258469581604
5450,0.26111096143722534
5451,0.35973379015922546
5452,0.5807166695594788
5453,0.3737650513648987
5454,0.73796147108078
5455,0.45747214555740356
5456,0.19085833430290222
5457,0.24920448660850525
5458,0.25422587990760803
5459,0.1529448926448822
5460,0.21598869562149048
5461,0.686292827129364
5462,0.783803403377533
5463,0.5876564383506775
5464,0.5559551119804382
5465,0.6656809449195862
5466,0.43675723671913147
5467,0.7677512764930725
5468,0.5464031100273132
5469,0.4371277391910553
5470,0.5874657034873962
5471,0.5844868421554565
5472,0.34071430563926697
5473,0.5659570097923279
5474,0.35255953669548035
5475,0.5151672959327698
5476,0.1760910153388977
5477,0.8017128109931946
5478,0.430129736661911
5479,0.20124828815460205
5480,0.35924723744392395
5481,0.591178834438324
5482,0.6530231833457947
5483,0.28393545746803284
5484,0.35827523469924927
5485,0.6779198050498962
5486,0.2683480679988861
5487,0.6682161092758179
5488,0.4255765974521637
5489,0.584339439868927
5490,0.5486662983894348
5491,0.5602695345878601
5492,0.6876675486564636
5493,0.7237116098403931
5494,0.7979808449745178
5495,0.7899709939956665
5496,0.6936267614364624
5497,0.3537726104259491
5498,0.5731832385063171
5499,0.82269686460495
5500,0.49084535241127014
5501,0.6546614766120911
5502,0.7872068285942078
5503,0.2944006323814392
5504,0.2666577398777008
5505,0.5777745842933655
5506,0.3271729052066803
5507,0.8019410371780396
5508,0.25219589471817017
5509,0.6793118119239807
5510,0.6111351847648621
5511,0.23981735110282898
5512,0.5265612602233887
5513,0.6004344820976257
5514,0.3312915563583374
5515,0.8151485919952393
5516,0.27748894691467285
5517,0.7295512557029724
5518,0.6469565629959106
5519,0.834039568901062
5520,0.5372772216796875
5521,0.7710819840431213
5522,0.1757918894290924
5523,0.31381210684776306
5524,0.723837673664093
5525,0.5908069014549255
5526,0.8532423377037048
5527,0.5351131558418274
5528,0.4740784466266632
5529,0.7502419352531433
5530,0.765159547328949
5531,0.5225766897201538
5532,0.49884340167045593
5533,0.5678589940071106
5534,0.263750284910202
5535,0.5490633845329285
5536,0.3723193109035492
5537,0.3033437728881836
5538,0.5831466913223267
5539,0.580203115940094
5540,0.2502840757369995
5541,0.397945374250412
5542,0.6193132996559143
5543,0.5912578701972961
5544,0.3783290982246399
5545,0.438996821641922
5546,0.4668281674385071
5547,0.3690802752971649
5548,0.2719670236110687
5549,0.38722994923591614
5550,0.4315950274467468
5551,0.19040390849113464
5552,0.5599773526191711
5553,0.5417473316192627
5554,0.3099586069583893
5555,0.24642491340637207
5556,0.2858922779560089
5557,0.571622908115387
5558,0.32235339283943176
5559,0.5437602400779724
5560,0.44872382283210754
5561,0.40862947702407837
5562,0.34587645530700684
5563,0.17582285404205322
5564,0.6947959065437317
5565,0.7443358302116394
5566,0.4717637598514557
5567,0.20214107632637024
5568,0.5006533265113831
5569,0.5132235884666443
5570,0.4857152998447418
5571,0.6993789076805115
5572,0.33239680528640747
5573,0.37458524107933044
5574,0.5565337538719177
5575,0.42254605889320374
5576,0.5896247029304504
5577,0.4701360762119293
5578,0.6466186046600342
5579,0.6386547684669495
5580,0.39313003420829773
5581,0.3207267224788666
5582,0.5306981801986694
5583,0.8006060719490051
5584,0.7040041089057922
5585,0.6112900972366333
5586,0.17553815245628357
5587,0.4283509850502014
5588,0.45848751068115234
5589,0.6939879059791565
5590,0.7108244299888611
5591,0.15405187010765076
5592,0.4485691785812378
5593,0.6223070621490479
5594,0.6338600516319275
5595,0.5003798604011536
5596,0.7575954794883728
5597,0.29947271943092346
5598,0.5242099761962891
5599,0.3017541468143463
5600,0.5757377743721008
5601,0.7301833033561707
5602,0.7757234573364258
5603,0.19529497623443604
5604,0.4374444782733917
5605,0.6087415814399719
5606,0.2426166832447052
5607,0.34695523977279663
5608,0.5985596776008606
5609,0.3635726571083069
5610,0.3516143560409546
5611,0.627606213092804
5612,0.3881940543651581
5613,0.3540157973766327
5614,0.4509005844593048
5615,0.3927915692329407
5616,0.33349981904029846
5617,0.48735469579696655
5618,0.5245179533958435
5619,0.51059889793396
5620,0.44273656606674194
5621,0.24389946460723877
5622,0.24528375267982483
5623,0.37904831767082214
5624,0.3403374254703522
5625,0.7079344391822815
5626,0.649575412273407
5627,0.3077877461910248
5628,0.5041663646697998
5629,0.5109506249427795
5630,0.3023270070552826
5631,0.41994792222976685
5632,0.39475467801094055
5633,0.4239926040172577
5634,0.6838913559913635
5635,0.47513628005981445
5636,0.4467369318008423
5637,0.20312538743019104
5638,0.44403931498527527
5639,0.16904550790786743
5640,0.30463674664497375
5641,0.6639834046363831
5642,0.5118891596794128
5643,0.714145302772522
5644,0.3219093978404999
5645,0.3193644881248474
5646,0.4800530672073364
5647,0.5220691561698914
5648,0.2615755796432495
5649,0.5147165656089783
5650,0.32266631722450256
5651,0.6403132081031799
5652,0.4541776478290558
5653,0.6636822819709778
5654,0.1827215552330017
5655,0.6605682373046875
5656,0.30282652378082275
5657,0.28381773829460144
5658,0.5810738801956177
5659,0.1546550691127777
5660,0.32881960272789
5661,0.6681666374206543
5662,0.7691819071769714
5663,0.771335780620575
5664,0.3876808285713196
5665,0.4932287335395813
5666,0.48031535744667053
5667,0.7428006529808044
5668,0.4223725199699402
5669,0.382612407207489
5670,0.537675678730011
5671,0.31117871403694153
5672,0.39275941252708435
5673,0.24021562933921814
5674,0.37849393486976624
5675,0.4883824288845062
5676,0.4788707196712494
5677,0.3321651518344879
5678,0.4110390841960907
5679,0.5815224647521973
5680,0.7367367744445801
5681,0.2928476631641388
5682,0.5263643860816956
5683,0.7983264327049255
5684,0.4283246099948883
5685,0.20999136567115784
5686,0.37179097533226013
5687,0.8125849366188049
5688,0.5258883833885193
5689,0.4440697729587555
5690,0.8498857617378235
5691,0.5035721659660339
5692,0.3964785635471344
5693,0.40144601464271545
5694,0.3311278522014618
5695,0.4244441092014313
5696,0.38956329226493835
5697,0.8198536038398743
5698,0.5114149451255798
5699,0.19254499673843384
5700,0.7060325741767883
5701,0.22496309876441956
5702,0.20395824313163757
5703,0.5395891666412354
5704,0.4043273627758026
5705,0.31360048055648804
5706,0.2564060688018799
5707,0.2849676012992859
5708,0.30447736382484436
5709,0.46430498361587524
5710,0.4081888794898987
5711,0.49915605783462524
5712,0.24690696597099304
5713,0.4576552212238312
5714,0.6240805387496948
5715,0.5389637351036072
5716,0.22572827339172363
5717,0.4423636794090271
5718,0.2596706449985504
5719,0.4825197160243988
5720,0.7983438968658447
5721,0.4886433184146881
5722,0.6716625094413757
5723,0.37635937333106995
5724,0.25859853625297546
5725,0.46514657139778137
5726,0.6819078922271729
5727,0.6904968023300171
5728,0.31411436200141907
5729,0.3426770567893982
5730,0.2501250207424164
5731,0.1960800588130951
5732,0.5513451099395752
5733,0.4774695038795471
5734,0.5641185641288757
5735,0.6897768378257751
5736,0.18631184101104736
5737,0.6490439772605896
5738,0.8182581067085266
5739,0.725438117980957
5740,0.47970348596572876
5741,0.43885067105293274
5742,0.7720831036567688
5743,0.6585298776626587
5744,0.40844154357910156
5745,0.49522823095321655
5746,0.5307936668395996
5747,0.48387306928634644
5748,0.7121304273605347
5749,0.570983350276947
5750,0.5656898617744446
5751,0.4019286334514618
5752,0.8145272135734558
5753,0.4215254783630371
5754,0.2938377261161804
5755,0.5426519513130188
5756,0.7088014483451843
5757,0.42242011427879333
5758,0.6126754879951477
5759,0.8223231434822083
5760,0.34784284234046936
5761,0.5028817057609558
5762,0.4848269820213318
5763,0.4584942162036896
5764,0.4533812999725342
5765,0.4390476644039154
5766,0.47261762619018555
5767,0.15136918425559998
5768,0.410347044467926
5769,0.5175824761390686
5770,0.7268382906913757
5771,0.5575374960899353
5772,0.5395967364311218
5773,0.27910947799682617
5774,0.6101033091545105
5775,0.3302224576473236
5776,0.38263222575187683
5777,0.3572175204753876
5778,0.7373060584068298
5779,0.44080376625061035
5780,0.4457676112651825
5781,0.5219997763633728
5782,0.4770435392856598
5783,0.3861137330532074
5784,0.6380342245101929
5785,0.42986756563186646
5786,0.8483187556266785
5787,0.47951045632362366
5788,0.8103342056274414
5789,0.7894667387008667
5790,0.680273711681366
5791,0.3975358307361603
5792,0.4458204507827759
5793,0.3812793791294098
5794,0.6601856350898743
5795,0.5870643854141235
5796,0.45943257212638855
5797,0.4028273820877075
5798,0.5279565453529358
5799,0.16375872492790222
5800,0.47703319787979126
5801,0.34856128692626953
5802,0.5325736403465271
5803,0.5338323712348938
5804,0.5602633953094482
5805,0.7936112284660339
5806,0.5459975600242615
5807,0.5469740033149719
5808,0.47628045082092285
5809,0.23778000473976135
5810,0.3612819015979767
5811,0.41614869236946106
5812,0.5504063963890076
5813,0.2422286570072174
5814,0.8148770332336426
5815,0.30102819204330444
5816,0.35837310552597046
5817,0.5246853232383728
5818,0.288749098777771
5819,0.581372857093811
5820,0.5846249461174011
5821,0.36456307768821716
5822,0.29769277572631836
5823,0.4198237359523773
5824,0.16296592354774475
5825,0.34972432255744934
5826,0.30589231848716736
5827,0.4766978919506073
5828,0.4059664011001587
5829,0.39926084876060486
5830,0.4099787175655365
5831,0.3325653672218323
5832,0.174359530210495
5833,0.29785844683647156
5834,0.3465249538421631
5835,0.3848484456539154
5836,0.24143758416175842
5837,0.37313681840896606
5838,0.4131435751914978
5839,0.5262019038200378
5840,0.19194728136062622
5841,0.7335776686668396
5842,0.6764926314353943
5843,0.5230246186256409
5844,0.4263644516468048
5845,0.7263515591621399
5846,0.5230016112327576
5847,0.4590451717376709
5848,0.6594114303588867
5849,0.4814189672470093
5850,0.7842244505882263
5851,0.39686185121536255
5852,0.1951565146446228
5853,0.424927681684494
5854,0.20443403720855713
5855,0.744512140750885
5856,0.6708866953849792
5857,0.18664541840553284
5858,0.4620973765850067
5859,0.5162432789802551
5860,0.22247621417045593
5861,0.4091366231441498
5862,0.47483137249946594
5863,0.4720034897327423
5864,0.6231649518013
5865,0.16652965545654297
5866,0.6460642218589783
5867,0.7973474860191345
5868,0.3930734395980835
5869,0.3676964044570923
5870,0.3840978443622589
5871,0.4115285873413086
5872,0.24810904264450073
5873,0.2911496162414551
5874,0.6132393479347229
5875,0.47886908054351807
5876,0.28031331300735474
5877,0.392903596162796
5878,0.4835311472415924
5879,0.24749842286109924
5880,0.49797523021698
5881,0.681225597858429
5882,0.44971445202827454
5883,0.6984030604362488
5884,0.7447769045829773
5885,0.45355936884880066
5886,0.650929868221283
5887,0.1812630295753479
5888,0.5375674366950989
5889,0.46986833214759827
5890,0.3755045235157013
5891,0.22377893328666687
5892,0.3849295675754547
5893,0.6188918352127075
5894,0.18813645839691162
5895,0.21664756536483765
5896,0.4987001121044159
5897,0.7913689017295837
5898,0.305865615606308
5899,0.373058944940567
5900,0.679035484790802
5901,0.5380186438560486
5902,0.44760385155677795
5903,0.6655715107917786
5904,0.5004925727844238
5905,0.29967713356018066
5906,0.4833945035934448
5907,0.568946897983551
5908,0.7504721283912659
5909,0.4755837917327881
5910,0.7238076329231262
5911,0.6858672499656677
5912,0.7455435395240784
5913,0.3752773106098175
5914,0.44858095049858093
5915,0.2858620882034302
5916,0.1471025049686432
5917,0.35764598846435547
5918,0.6402847170829773
5919,0.2954972982406616
5920,0.5317476391792297
5921,0.4121692180633545
5922,0.32243505120277405
5923,0.841487467288971
5924,0.6121291518211365
5925,0.5173137784004211
5926,0.4531531035900116
5927,0.760266125202179
5928,0.4679008722305298
5929,0.2897273898124695
5930,0.49257081747055054
5931,0.5956757664680481
5932,0.3951500952243805
5933,0.5594034790992737
5934,0.6885431408882141
5935,0.6271553635597229
5936,0.5593716502189636
5937,0.3617597818374634
5938,0.4141267240047455
5939,0.31437963247299194
5940,0.2342570722103119
5941,0.6692022681236267
5942,0.7800119519233704
5943,0.4384901821613312
5944,0.2677205204963684
5945,0.782906711101532
5946,0.37212976813316345
5947,0.20485427975654602
5948,0.486446738243103
5949,0.5884118676185608
5950,0.3946482837200165
5951,0.26402661204338074
5952,0.7075673937797546
5953,0.22580033540725708
5954,0.5107086300849915
5955,0.5295765995979309
5956,0.7605550289154053
5957,0.3833545744419098
5958,0.4098084270954132
5959,0.3922482132911682
5960,0.5515256524085999
5961,0.42914295196533203
5962,0.3309437036514282
5963,0.5442070364952087
5964,0.49843454360961914
5965,0.2163504660129547
5966,0.4177802503108978
5967,0.36285296082496643
5968,0.4191562235355377
5969,0.5142651200294495
5970,0.6656008362770081
5971,0.345490425825119
5972,0.5220473408699036
5973,0.44481196999549866
5974,0.3351888656616211
5975,0.8119547963142395
5976,0.45945534110069275
5977,0.22966891527175903
5978,0.5962352156639099
5979,0.7992398142814636
5980,0.4406481087207794
5981,0.550826370716095
5982,0.7662715315818787
5983,0.19253915548324585
5984,0.4783395528793335
5985,0.3411424458026886
5986,0.23852652311325073
5987,0.2627013325691223
5988,0.3481272757053375
5989,0.5811802744865417
5990,0.730182945728302
5991,0.29308363795280457
5992,0.6816101670265198
5993,0.3477743864059448
5994,0.5896908640861511
5995,0.4204299747943878
5996,0.5330653190612793
5997,0.5649004578590393
5998,0.3863426148891449
5999,0.32929226756095886
6000,0.640339195728302
6001,0.6050987839698792
6002,0.3167784512042999
6003,0.45750585198402405
6004,0.3877496123313904
6005,0.760916531085968
6006,0.5530670285224915
6007,0.549150288105011
6008,0.3761175572872162
6009,0.3983343541622162
6010,0.3709027171134949
6011,0.5402867197990417
6012,0.508020281791687
6013,0.462399959564209
6014,0.42131707072257996
6015,0.3479936122894287
6016,0.3746596574783325
6017,0.2396552860736847
6018,0.35158538818359375
6019,0.45693984627723694
6020,0.41758379340171814
6021,0.47367480397224426
6022,0.30352601408958435
6023,0.47336944937705994
6024,0.2339405119419098
6025,0.8080278635025024
6026,0.6425296068191528
6027,0.648091733455658
6028,0.7510904669761658
6029,0.37617984414100647
6030,0.3116144835948944
6031,0.5226567387580872
6032,0.6087958216667175
6033,0.46288996934890747
6034,0.7089397311210632
6035,0.4176658093929291
6036,0.3673276901245117
6037,0.47993478178977966
6038,0.365968257188797
6039,0.3342730402946472
6040,0.4843551516532898
6041,0.37007659673690796
6042,0.31471166014671326
6043,0.7764036655426025
6044,0.586293637752533
6045,0.335166871547699
6046,0.6847460269927979
6047,0.5331256985664368
6048,0.39151665568351746
6049,0.7843162417411804
6050,0.2646656632423401
6051,0.3679445683956146
6052,0.6636916995048523
6053,0.8134011626243591
6054,0.2668464779853821
6055,0.7577148675918579
6056,0.3987255394458771
6057,0.2531709372997284
6058,0.6326636672019958
6059,0.8094308972358704
6060,0.45425835251808167
6061,0.4650278687477112
6062,0.5586188435554504
6063,0.6391484141349792
6064,0.509404182434082
6065,0.8471605181694031
6066,0.3515934646129608
6067,0.4062897264957428
6068,0.6782616376876831
6069,0.3813702464103699
6070,0.5291950106620789
6071,0.4353378415107727
6072,0.43760713934898376
6073,0.6390802264213562
6074,0.6104063987731934
6075,0.3171006143093109
6076,0.6193318963050842
6077,0.6072878241539001
6078,0.5680215954780579
6079,0.6990469694137573
6080,0.7755369544029236
6081,0.7704423069953918
6082,0.7489045262336731
6083,0.641771674156189
6084,0.28758352994918823
6085,0.7697401642799377
6086,0.5079740881919861
6087,0.8428905606269836
6088,0.5939052104949951
6089,0.5348052382469177
6090,0.5876657366752625
6091,0.5546971559524536
6092,0.21444156765937805
6093,0.5626361966133118
6094,0.3952372372150421
6095,0.15321815013885498
6096,0.5822975039482117
6097,0.7451976537704468
6098,0.4574211835861206
6099,0.2883613109588623
6100,0.27534234523773193
6101,0.43427330255508423
6102,0.3244723379611969
6103,0.4639768600463867
6104,0.18637442588806152
6105,0.5392969250679016
6106,0.7072351574897766
6107,0.450034499168396
6108,0.5885747671127319
6109,0.47884199023246765
6110,0.45510584115982056
6111,0.7854350209236145
6112,0.5152897238731384
6113,0.6590724587440491
6114,0.4260743260383606
6115,0.2504899203777313
6116,0.6290101408958435
6117,0.18522736430168152
6118,0.2698778510093689
6119,0.5304824113845825
6120,0.4318141043186188
6121,0.3995721638202667
6122,0.28241148591041565
6123,0.67429119348526
6124,0.6662504076957703
6125,0.5847964882850647
6126,0.2676297724246979
6127,0.8278431296348572
6128,0.4197441637516022
6129,0.38318970799446106
6130,0.43158087134361267
6131,0.7005656361579895
6132,0.2960033714771271
6133,0.4036807417869568
6134,0.5822719931602478
6135,0.3886161744594574
6136,0.43908631801605225
6137,0.48725661635398865
6138,0.4551103413105011
6139,0.34480518102645874
6140,0.831248939037323
6141,0.1985611617565155
6142,0.7062967419624329
6143,0.4273443818092346
6144,0.252443790435791
6145,0.43169352412223816
6146,0.6159064173698425
6147,0.5365142226219177
6148,0.5383237600326538
6149,0.34384962916374207
6150,0.7906356453895569
6151,0.4524497091770172
6152,0.640925407409668
6153,0.5767973065376282
6154,0.291443794965744
6155,0.5767461657524109
6156,0.728448212146759
6157,0.2949601411819458
6158,0.34049853682518005
6159,0.4918254315853119
6160,0.5827693343162537
6161,0.30367687344551086
6162,0.17720955610275269
6163,0.3898076117038727
6164,0.6016882061958313
6165,0.43301922082901
6166,0.21277251839637756
6167,0.22905156016349792
6168,0.628790557384491
6169,0.754081666469574
6170,0.8344351649284363
6171,0.5535196661949158
6172,0.38002121448516846
6173,0.7751689553260803
6174,0.397054523229599
6175,0.4046263098716736
6176,0.6573444604873657
6177,0.5728974938392639
6178,0.21672633290290833
6179,0.567924976348877
6180,0.39027974009513855
6181,0.4157695770263672
6182,0.4532564580440521
6183,0.653174638748169
6184,0.8330016136169434
6185,0.3960815370082855
6186,0.5772484540939331
6187,0.5405610203742981
6188,0.4605279266834259
6189,0.1539294421672821
6190,0.465505450963974
6191,0.3310444951057434
6192,0.3740393817424774
6193,0.5597506165504456
6194,0.5836173295974731
6195,0.762280285358429
6196,0.3302060067653656
6197,0.3758563697338104
6198,0.5599891543388367
6199,0.5690304636955261
6200,0.5056642889976501
6201,0.23540014028549194
6202,0.3010515570640564
6203,0.5859525799751282
6204,0.743504524230957
6205,0.16921797394752502
6206,0.3116491734981537
6207,0.2693895697593689
6208,0.6555835604667664
6209,0.4612500071525574
6210,0.4186180830001831
6211,0.5606550574302673
6212,0.20413273572921753
6213,0.5093193650245667
6214,0.42319849133491516
6215,0.5116629004478455
6216,0.5229952335357666
6217,0.18088945746421814
6218,0.6751707196235657
6219,0.5297051072120667
6220,0.44675788283348083
6221,0.5210475921630859
6222,0.2674884498119354
6223,0.6564662456512451
6224,0.5489596128463745
6225,0.5355890393257141
6226,0.749330461025238
6227,0.2699176073074341
6228,0.5976176261901855
6229,0.5384079813957214
6230,0.6785375475883484
6231,0.23198771476745605
6232,0.16574370861053467
6233,0.7772049903869629
6234,0.23677533864974976
6235,0.1614176332950592
6236,0.36880409717559814
6237,0.20977121591567993
6238,0.8436514735221863
6239,0.193915456533432
6240,0.7698760628700256
6241,0.8592273592948914
6242,0.6346735954284668
6243,0.7247471213340759
6244,0.47766172885894775
6245,0.7904956936836243
6246,0.49574920535087585
6247,0.6361834406852722
6248,0.365095317363739
6249,0.5586774945259094
6250,0.20101818442344666
6251,0.6809271574020386
6252,0.5813021063804626
6253,0.549258291721344
6254,0.8262001872062683
6255,0.5207793712615967
6256,0.6334425210952759
6257,0.40096932649612427
6258,0.36008140444755554
6259,0.35594040155410767
6260,0.49653109908103943
6261,0.7182645201683044
6262,0.4559793174266815
6263,0.6565095782279968
6264,0.41232311725616455
6265,0.5958029627799988
6266,0.6359239220619202
6267,0.4521341025829315
6268,0.8466759324073792
6269,0.3462188243865967
6270,0.667598307132721
6271,0.3666733205318451
6272,0.7192670702934265
6273,0.4280953109264374
6274,0.38945266604423523
6275,0.3373151421546936
6276,0.390893816947937
6277,0.26110410690307617
6278,0.4891234338283539
6279,0.2953197956085205
6280,0.6522256731987
6281,0.39496180415153503
6282,0.6094411015510559
6283,0.7466924786567688
6284,0.2587110102176666
6285,0.3363964557647705
6286,0.5384095311164856
6287,0.5569314956665039
6288,0.4127598702907562
6289,0.5033954977989197
6290,0.7796806693077087
6291,0.33557450771331787
6292,0.5486474633216858
6293,0.25962939858436584
6294,0.4601764380931854
6295,0.25218337774276733
6296,0.3109862506389618
6297,0.4913783371448517
6298,0.46289947628974915
6299,0.4800131618976593
6300,0.4959081709384918
6301,0.7525803446769714
6302,0.4808761477470398
6303,0.5144796967506409
6304,0.38490933179855347
6305,0.1882939636707306
6306,0.1850375533103943
6307,0.5839439034461975
6308,0.21120721101760864
6309,0.4890516698360443
6310,0.39553898572921753
6311,0.5430892109870911
6312,0.5091511607170105
6313,0.3222258388996124
6314,0.7375732064247131
6315,0.5399171710014343
6316,0.3128603398799896
6317,0.5784164071083069
6318,0.43819764256477356
6319,0.6836228370666504
6320,0.5080940127372742
6321,0.5398401021957397
6322,0.5480042695999146
6323,0.19709476828575134
6324,0.22534191608428955
6325,0.7426021695137024
6326,0.1867990791797638
6327,0.4283437132835388
6328,0.527874767780304
6329,0.5424519777297974
6330,0.3266559839248657
6331,0.48070499300956726
6332,0.7367393374443054
6333,0.3547873795032501
6334,0.42552897334098816
6335,0.7134101986885071
6336,0.2879922389984131
6337,0.7146409749984741
6338,0.8005555868148804
6339,0.3856690227985382
6340,0.2994135618209839
6341,0.6589480042457581
6342,0.6342747807502747
6343,0.15641048550605774
6344,0.3716978430747986
6345,0.31675055623054504
6346,0.3160686492919922
6347,0.34166213870048523
6348,0.44696977734565735
6349,0.6965381503105164
6350,0.5639207363128662
6351,0.19502630829811096
6352,0.6173462867736816
6353,0.25359395146369934
6354,0.40619006752967834
6355,0.5972693562507629
6356,0.8195376992225647
6357,0.6347823739051819
6358,0.6691878437995911
6359,0.46493956446647644
6360,0.691561222076416
6361,0.525232195854187
6362,0.263337105512619
6363,0.5505244135856628
6364,0.6475362181663513
6365,0.7119861245155334
6366,0.5254207253456116
6367,0.5251123309135437
6368,0.26725637912750244
6369,0.47379425168037415
6370,0.40952393412590027
6371,0.3296658992767334
6372,0.24335044622421265
6373,0.4444218873977661
6374,0.35965731739997864
6375,0.8479894995689392
6376,0.48910272121429443
6377,0.3801494538784027
6378,0.4269965589046478
6379,0.4187794625759125
6380,0.6448840498924255
6381,0.31746044754981995
6382,0.5723959803581238
6383,0.3803626596927643
6384,0.6490097641944885
6385,0.446199506521225
6386,0.4719267189502716
6387,0.5008075833320618
6388,0.6572883725166321
6389,0.38182368874549866
6390,0.5315236449241638
6391,0.7577459216117859
6392,0.22767379879951477
6393,0.47830235958099365
6394,0.1531684398651123
6395,0.6765121817588806
6396,0.4643678367137909
6397,0.345046728849411
6398,0.692005455493927
6399,0.16914010047912598
6400,0.6181166172027588
6401,0.6481879353523254
6402,0.3749244809150696
6403,0.658037543296814
6404,0.30069178342819214
6405,0.25913262367248535
6406,0.5322677493095398
6407,0.36318710446357727
6408,0.5703843235969543
6409,0.42980828881263733
6410,0.752486526966095
6411,0.2869112193584442
6412,0.44969442486763
6413,0.2342100739479065
6414,0.3734220564365387
6415,0.8175949454307556
6416,0.28135979175567627
6417,0.44434961676597595
6418,0.607411801815033
6419,0.7834528684616089
6420,0.6921638250350952
6421,0.7067139744758606
6422,0.39242494106292725
6423,0.4992249310016632
6424,0.6135584712028503
6425,0.3440479636192322
6426,0.25550833344459534
6427,0.3612819015979767
6428,0.23601603507995605
6429,0.6118049025535583
6430,0.4690004885196686
6431,0.4361341595649719
6432,0.5302380919456482
6433,0.3844863772392273
6434,0.44911089539527893
6435,0.5053781270980835
6436,0.6813014149665833
6437,0.36710700392723083
6438,0.17599087953567505
6439,0.34214791655540466
6440,0.39691129326820374
6441,0.3264888823032379
6442,0.7285910248756409
6443,0.7637627720832825
6444,0.6063482165336609
6445,0.2675449252128601
6446,0.5215051770210266
6447,0.26827457547187805
6448,0.6143937110900879
6449,0.3022790849208832
6450,0.37384161353111267
6451,0.45190978050231934
6452,0.7799344658851624
6453,0.5615718960762024
6454,0.2461371123790741
6455,0.587938129901886
6456,0.7627474069595337
6457,0.28020286560058594
6458,0.6306610107421875
6459,0.5346737504005432
6460,0.26366564631462097
6461,0.5231398940086365
6462,0.3105437755584717
6463,0.6499688029289246
6464,0.8240644931793213
6465,0.5530810952186584
6466,0.4739944636821747
6467,0.4365300238132477
6468,0.3312852680683136
6469,0.5459288954734802
6470,0.4193996787071228
6471,0.5178688168525696
6472,0.41617757081985474
6473,0.3441992700099945
6474,0.31136396527290344
6475,0.5091003775596619
6476,0.500577449798584
6477,0.32892510294914246
6478,0.32918456196784973
6479,0.42594486474990845
6480,0.34602949023246765
6481,0.2873228192329407
6482,0.737605631351471
6483,0.5552262663841248
6484,0.5188546776771545
6485,0.3499046564102173
6486,0.5907778739929199
6487,0.6878684163093567
6488,0.3676762878894806
6489,0.5384632349014282
6490,0.7267541289329529
6491,0.518267810344696
6492,0.6367766857147217
6493,0.5934658646583557
6494,0.37602126598358154
6495,0.30371537804603577
6496,0.4450513422489166
6497,0.73357093334198
6498,0.7608101963996887
6499,0.42087170481681824
6500,0.6125524640083313
6501,0.8011283278465271
6502,0.23771247267723083
6503,0.40581032633781433
6504,0.6939088106155396
6505,0.4460744857788086
6506,0.7708540558815002
6507,0.6286519169807434
6508,0.342187762260437
6509,0.8355081677436829
6510,0.3295072913169861
6511,0.5954249501228333
6512,0.6420106291770935
6513,0.41856881976127625
6514,0.3174433410167694
6515,0.5579829812049866
6516,0.8153582811355591
6517,0.3947398364543915
6518,0.1791170835494995
6519,0.2777993679046631
6520,0.7246956825256348
6521,0.38140302896499634
6522,0.45200836658477783
6523,0.2808056175708771
6524,0.5070463418960571
6525,0.2602528929710388
6526,0.39824700355529785
6527,0.5145100951194763
6528,0.6938551068305969
6529,0.5562586784362793
6530,0.4002607762813568
6531,0.419335275888443
6532,0.7425132393836975
6533,0.8041111826896667
6534,0.18101292848587036
6535,0.5966266989707947
6536,0.3385101854801178
6537,0.7196983695030212
6538,0.3875691592693329
6539,0.41619983315467834
6540,0.6324527263641357
6541,0.6345148682594299
6542,0.2639656364917755
6543,0.2015131115913391
6544,0.8174744248390198
6545,0.34355446696281433
6546,0.4654068350791931
6547,0.5282014012336731
6548,0.42857223749160767
6549,0.571744978427887
6550,0.4532546103000641
6551,0.6610032916069031
6552,0.7255015969276428
6553,0.851825475692749
6554,0.7029737830162048
6555,0.5429682731628418
6556,0.2549838423728943
6557,0.4521131217479706
6558,0.8085526823997498
6559,0.2576543688774109
6560,0.4828270375728607
6561,0.276956170797348
6562,0.3584868311882019
6563,0.5367438793182373
6564,0.7329027056694031
6565,0.5680173635482788
6566,0.3825410008430481
6567,0.28109872341156006
6568,0.39574989676475525
6569,0.6926448941230774
6570,0.4611685872077942
6571,0.7202079892158508
6572,0.8365632891654968
6573,0.5400523543357849
6574,0.4785454273223877
6575,0.43149927258491516
6576,0.40248459577560425
6577,0.2867776155471802
6578,0.5670878291130066
6579,0.4007125198841095
6580,0.8529224991798401
6581,0.3874598443508148
6582,0.4317421317100525
6583,0.533384382724762
6584,0.5263463854789734
6585,0.1653309464454651
6586,0.4318608343601227
6587,0.8665885329246521
6588,0.601649820804596
6589,0.664212167263031
6590,0.497501015663147
6591,0.730171263217926
6592,0.57786625623703
6593,0.8191003203392029
6594,0.6098867058753967
6595,0.5168302059173584
6596,0.20920589566230774
6597,0.5484865307807922
6598,0.5418720245361328
6599,0.46374496817588806
6600,0.4608613848686218
6601,0.5373368859291077
6602,0.24633947014808655
6603,0.3530873954296112
6604,0.7155457735061646
6605,0.2867656350135803
6606,0.5871149897575378
6607,0.7267811894416809
6608,0.4106219410896301
6609,0.45067375898361206
6610,0.3906477391719818
6611,0.42492446303367615
6612,0.3679930865764618
6613,0.399831622838974
6614,0.17315158247947693
6615,0.5392433404922485
6616,0.4875645935535431
6617,0.2894502282142639
6618,0.4767889678478241
6619,0.3131299912929535
6620,0.4197327196598053
6621,0.4505072832107544
6622,0.4645433723926544
6623,0.5126609206199646
6624,0.7080331444740295
6625,0.5132665038108826
6626,0.13577911257743835
6627,0.3510953187942505
6628,0.4420924484729767
6629,0.22256919741630554
6630,0.5373403429985046
6631,0.2210754156112671
6632,0.7544481754302979
6633,0.5713307857513428
6634,0.5699267387390137
6635,0.5127438306808472
6636,0.6365354657173157
6637,0.39215636253356934
6638,0.4544795751571655
6639,0.27224892377853394
6640,0.6505504250526428
6641,0.5316916108131409
6642,0.6087540984153748
6643,0.630508303642273
6644,0.49880316853523254
6645,0.23681795597076416
6646,0.5374452471733093
6647,0.7449806332588196
6648,0.47866731882095337
6649,0.8005691766738892
6650,0.502597987651825
6651,0.643649697303772
6652,0.22210070490837097
6653,0.22483307123184204
6654,0.7722368240356445
6655,0.241489976644516
6656,0.3426533043384552
6657,0.15939462184906006
6658,0.49096015095710754
6659,0.5230401754379272
6660,0.26204660534858704
6661,0.374024897813797
6662,0.5833749175071716
6663,0.7621867060661316
6664,0.7886428236961365
6665,0.5472083687782288
6666,0.5890190601348877
6667,0.4469248950481415
6668,0.3821917772293091
6669,0.592970073223114
6670,0.36098989844322205
6671,0.3248697519302368
6672,0.7381053566932678
6673,0.26493772864341736
6674,0.5686203837394714
6675,0.5760067105293274
6676,0.6036196351051331
6677,0.7604872584342957
6678,0.6225482225418091
6679,0.6903167366981506
6680,0.28697410225868225
6681,0.2801949083805084
6682,0.21851131319999695
6683,0.36740681529045105
6684,0.6528558135032654
6685,0.6641436815261841
6686,0.5504979491233826
6687,0.5300105214118958
6688,0.3573876619338989
6689,0.3366311192512512
6690,0.3455056846141815
6691,0.6042018532752991
6692,0.707859218120575
6693,0.3784995973110199
6694,0.4746243953704834
6695,0.7820572257041931
6696,0.3131934106349945
6697,0.4042615294456482
6698,0.4924458861351013
6699,0.3485463261604309
6700,0.42923080921173096
6701,0.37648361921310425
6702,0.6223450303077698
6703,0.6863215565681458
6704,0.4479036033153534
6705,0.672361433506012
6706,0.7362006306648254
6707,0.2913037836551666
6708,0.6162376403808594
6709,0.17677202820777893
6710,0.5619158148765564
6711,0.6082436442375183
6712,0.18219467997550964
6713,0.5943059325218201
6714,0.33237287402153015
6715,0.842587411403656
6716,0.4777403473854065
6717,0.4763317108154297
6718,0.3776320517063141
6719,0.34339743852615356
6720,0.18049880862236023
6721,0.7827204465866089
6722,0.37930968403816223
6723,0.43786948919296265
6724,0.2867872714996338
6725,0.5263556838035583
6726,0.7227728962898254
6727,0.20191046595573425
6728,0.6944823861122131
6729,0.5640044808387756
6730,0.6872590184211731
6731,0.7283514142036438
6732,0.20872312784194946
6733,0.6168819069862366
6734,0.2909849286079407
6735,0.39993324875831604
6736,0.39056408405303955
6737,0.7281109690666199
6738,0.826771080493927
6739,0.26634564995765686
6740,0.4832782447338104
6741,0.3901497721672058
6742,0.6575530171394348
6743,0.279456228017807
6744,0.4321524202823639
6745,0.329226016998291
6746,0.6067375540733337
6747,0.42183005809783936
6748,0.5557950735092163
6749,0.22221750020980835
6750,0.17654049396514893
6751,0.7712650895118713
6752,0.5942160487174988
6753,0.3157726526260376
6754,0.3533754348754883
6755,0.5722340941429138
6756,0.7274132370948792
6757,0.369261771440506
6758,0.7467507719993591
6759,0.28802651166915894
6760,0.3781265616416931
6761,0.44330090284347534
6762,0.6854720711708069
6763,0.6563792824745178
6764,0.2186485230922699
6765,0.7829201817512512
6766,0.559750497341156
6767,0.33958545327186584
6768,0.24629876017570496
6769,0.45942071080207825
6770,0.4026821553707123
6771,0.5016691088676453
6772,0.5743902325630188
6773,0.2762393057346344
6774,0.44290784001350403
6775,0.41961583495140076
6776,0.35319656133651733
6777,0.5490046143531799
6778,0.5210810899734497
6779,0.559745728969574
6780,0.6914369463920593
6781,0.5882038474082947
6782,0.5026901960372925
6783,0.20465287566184998
6784,0.41726189851760864
6785,0.4073541462421417
6786,0.3794041872024536
6787,0.7315247654914856
6788,0.24632033705711365
6789,0.5654512047767639
6790,0.5425164103507996
6791,0.2874707579612732
6792,0.7165927290916443
6793,0.4944573640823364
6794,0.27849918603897095
6795,0.7661452889442444
6796,0.6320046186447144
6797,0.5635241270065308
6798,0.5018158555030823
6799,0.4665263593196869
6800,0.3694016635417938
6801,0.6655076146125793
6802,0.2658398151397705
6803,0.4201202094554901
6804,0.3263644874095917
6805,0.3242116868495941
6806,0.5516418218612671
6807,0.3488410711288452
6808,0.5821496248245239
6809,0.8275585174560547
6810,0.6055348515510559
6811,0.6648703217506409
6812,0.42684516310691833
6813,0.6011125445365906
6814,0.6190943717956543
6815,0.28334009647369385
6816,0.46754318475723267
6817,0.5249837636947632
6818,0.43354251980781555
6819,0.6888892650604248
6820,0.6808158755302429
6821,0.3553539514541626
6822,0.43571460247039795
6823,0.5093935132026672
6824,0.5848247408866882
6825,0.29424330592155457
6826,0.2630055546760559
6827,0.2912207841873169
6828,0.7033829689025879
6829,0.6936314702033997
6830,0.6845588088035583
6831,0.26030856370925903
6832,0.5178122520446777
6833,0.3732493221759796
6834,0.33945098519325256
6835,0.23120605945587158
6836,0.7472953200340271
6837,0.39468443393707275
6838,0.6134312748908997
6839,0.4439103901386261
6840,0.3803330659866333
6841,0.6012182235717773
6842,0.5013739466667175
6843,0.5818790793418884
6844,0.5758309960365295
6845,0.47694429755210876
6846,0.779662549495697
6847,0.6077454686164856
6848,0.829865038394928
6849,0.6588721871376038
6850,0.344680517911911
6851,0.4041788876056671
6852,0.6542367339134216
6853,0.35088199377059937
6854,0.408863365650177
6855,0.32970330119132996
6856,0.7908689379692078
6857,0.6104711890220642
6858,0.4792114198207855
6859,0.6965267658233643
6860,0.5277025103569031
6861,0.5225791335105896
6862,0.8715053200721741
6863,0.5882929563522339
6864,0.23359018564224243
6865,0.4799342751502991
6866,0.47707122564315796
6867,0.3128102123737335
6868,0.844363272190094
6869,0.7420290112495422
6870,0.29896432161331177
6871,0.31864431500434875
6872,0.7347362637519836
6873,0.22218576073646545
6874,0.3583270013332367
6875,0.5340002775192261
6876,0.36529096961021423
6877,0.6547589898109436
6878,0.5279040336608887
6879,0.462753027677536
6880,0.49036499857902527
6881,0.4110505282878876
6882,0.3179549276828766
6883,0.38128623366355896
6884,0.41908159852027893
6885,0.7011873126029968
6886,0.8251484036445618
6887,0.5638903975486755
6888,0.6763002276420593
6889,0.6557849049568176
6890,0.40064671635627747
6891,0.32243219017982483
6892,0.7410085797309875
6893,0.44536134600639343
6894,0.42539218068122864
6895,0.28125688433647156
6896,0.6049931645393372
6897,0.23441028594970703
6898,0.431724488735199
6899,0.7385568022727966
6900,0.16042384505271912
6901,0.4358746111392975
6902,0.6314651370048523
6903,0.16748115420341492
6904,0.1807686686515808
6905,0.19351521134376526
6906,0.4573425352573395
6907,0.7501601576805115
6908,0.29055920243263245
6909,0.39734914898872375
6910,0.29973486065864563
6911,0.5601282715797424
6912,0.5126044750213623
6913,0.3060689866542816
6914,0.2339404821395874
6915,0.28967317938804626
6916,0.2674785852432251
6917,0.16266322135925293
6918,0.29747357964515686
6919,0.8053146004676819
6920,0.757196307182312
6921,0.6668311953544617
6922,0.47431501746177673
6923,0.5473436117172241
6924,0.6803219318389893
6925,0.4495338499546051
6926,0.6920948624610901
6927,0.5186669230461121
6928,0.4266737699508667
6929,0.376948744058609
6930,0.5495521426200867
6931,0.5583705902099609
6932,0.709826648235321
6933,0.349096417427063
6934,0.35300102829933167
6935,0.5388092398643494
6936,0.5517627596855164
6937,0.4425962269306183
6938,0.42155537009239197
6939,0.7489045858383179
6940,0.8038623929023743
6941,0.4585348963737488
6942,0.25613030791282654
6943,0.21730294823646545
6944,0.7131468057632446
6945,0.7720151543617249
6946,0.7003266215324402
6947,0.4236198663711548
6948,0.25277480483055115
6949,0.44319871068000793
6950,0.6889210343360901
6951,0.6051525473594666
6952,0.15950047969818115
6953,0.5151211619377136
6954,0.4115969240665436
6955,0.341227263212204
6956,0.24882084131240845
6957,0.27208688855171204
6958,0.6919944286346436
6959,0.810706615447998
6960,0.42691901326179504
6961,0.741549551486969
6962,0.24834531545639038
6963,0.3141786754131317
6964,0.7310947775840759
6965,0.8281888961791992
6966,0.6967814564704895
6967,0.7365160584449768
6968,0.5008116364479065
6969,0.49370792508125305
6970,0.5863361358642578
6971,0.5453994870185852
6972,0.5908108949661255
6973,0.32600921392440796
6974,0.664563000202179
6975,0.38723137974739075
6976,0.5266934037208557
6977,0.500887930393219
6978,0.4638664424419403
6979,0.20756292343139648
6980,0.5020086765289307
6981,0.46685338020324707
6982,0.7084391713142395
6983,0.7199591398239136
6984,0.3988225758075714
6985,0.24159270524978638
6986,0.31333988904953003
6987,0.6287041306495667
6988,0.24940094351768494
6989,0.7421737909317017
6990,0.4744741916656494
6991,0.8052851557731628
6992,0.7224105000495911
6993,0.25536203384399414
6994,0.3074149787425995
6995,0.31954225897789
6996,0.37269699573516846
6997,0.597465455532074
6998,0.2787630259990692
6999,0.34780141711235046
7000,0.6611520051956177
7001,0.3840186297893524
7002,0.44808414578437805
7003,0.23808327317237854
7004,0.6663145422935486
7005,0.3306348919868469
7006,0.5870288014411926
7007,0.44873476028442383
7008,0.7296570539474487
7009,0.639162003993988
7010,0.5616509318351746
7011,0.30928054451942444
7012,0.31480872631073
7013,0.4931752383708954
7014,0.8193397521972656
7015,0.2067912518978119
7016,0.2071988582611084
7017,0.4708058834075928
7018,0.30326351523399353
7019,0.825348436832428
7020,0.27444490790367126
7021,0.5094307065010071
7022,0.49514371156692505
7023,0.4742105007171631
7024,0.6120447516441345
7025,0.7535832524299622
7026,0.40022778511047363
7027,0.48312634229660034
7028,0.7657526731491089
7029,0.2637394964694977
7030,0.36906716227531433
7031,0.3321898579597473
7032,0.5581949353218079
7033,0.6752339005470276
7034,0.686360776424408
7035,0.6315428614616394
7036,0.3121694028377533
7037,0.787295937538147
7038,0.19811955094337463
7039,0.4636710584163666
7040,0.6368020176887512
7041,0.7335878014564514
7042,0.4958091676235199
7043,0.818742573261261
7044,0.28454890847206116
7045,0.48931559920310974
7046,0.7121791839599609
7047,0.27912402153015137
7048,0.7217203974723816
7049,0.2883497178554535
7050,0.5113667845726013
7051,0.718211829662323
7052,0.5931596159934998
7053,0.40122729539871216
7054,0.5671953558921814
7055,0.7503919005393982
7056,0.4534263610839844
7057,0.18046483397483826
7058,0.2756556570529938
7059,0.6417079567909241
7060,0.8222118020057678
7061,0.8009746670722961
7062,0.5380324721336365
7063,0.6952893733978271
7064,0.33956626057624817
7065,0.3775579035282135
7066,0.63470059633255
7067,0.5573157072067261
7068,0.8287933468818665
7069,0.6854302883148193
7070,0.1832219958305359
7071,0.7430406212806702
7072,0.33514168858528137
7073,0.44686463475227356
7074,0.5835866332054138
7075,0.6918209195137024
7076,0.5087398886680603
7077,0.19488531351089478
7078,0.3278709948062897
7079,0.1508558988571167
7080,0.4645862281322479
7081,0.4838350713253021
7082,0.3067426085472107
7083,0.8605626821517944
7084,0.4923839271068573
7085,0.30845189094543457
7086,0.2847982943058014
7087,0.15728342533111572
7088,0.4703671932220459
7089,0.20830091834068298
7090,0.6334300637245178
7091,0.5003291368484497
7092,0.219587504863739
7093,0.5254664421081543
7094,0.44508883357048035
7095,0.762204647064209
7096,0.1433812975883484
7097,0.5240306258201599
7098,0.45113879442214966
7099,0.8327702879905701
7100,0.3518669903278351
7101,0.21707317233085632
7102,0.6690873503684998
7103,0.1579793095588684
7104,0.52960604429245
7105,0.5806718468666077
7106,0.42100614309310913
7107,0.27505093812942505
7108,0.44104433059692383
7109,0.5387361645698547
7110,0.6105834245681763
7111,0.6998594999313354
7112,0.7757288813591003
7113,0.5364379286766052
7114,0.6516605019569397
7115,0.35704001784324646
7116,0.36771541833877563
7117,0.3247824013233185
7118,0.7546485066413879
7119,0.6101056933403015
7120,0.8347827792167664
7121,0.2181500792503357
7122,0.3705175518989563
7123,0.3402908742427826
7124,0.1879565417766571
7125,0.4899725615978241
7126,0.37179356813430786
7127,0.5133512616157532
7128,0.49833500385284424
7129,0.7967151999473572
7130,0.7106769680976868
7131,0.6753198504447937
7132,0.7152106165885925
7133,0.4046626687049866
7134,0.7551293969154358
7135,0.7240655422210693
7136,0.5192622542381287
7137,0.4650436341762543
7138,0.8006569743156433
7139,0.696590006351471
7140,0.3908092677593231
7141,0.5854220986366272
7142,0.6136646866798401
7143,0.5983061194419861
7144,0.36510106921195984
7145,0.508169412612915
7146,0.5741193294525146
7147,0.7109742760658264
7148,0.32839444279670715
7149,0.6681520938873291
7150,0.6150441765785217
7151,0.46970972418785095
7152,0.24988356232643127
7153,0.19098928570747375
7154,0.23283758759498596
7155,0.6400675177574158
7156,0.5648831129074097
7157,0.2987811863422394
7158,0.6155901551246643
7159,0.2722751200199127
7160,0.41500917077064514
7161,0.7732681035995483
7162,0.8328681588172913
7163,0.4776977598667145
7164,0.6305550336837769
7165,0.5507162809371948
7166,0.4927675426006317
7167,0.7647882103919983
7168,0.6315120458602905
7169,0.4007062017917633
7170,0.6809625029563904
7171,0.49973830580711365
7172,0.4050498306751251
7173,0.31953322887420654
7174,0.5706164240837097
7175,0.30282002687454224
7176,0.4057469964027405
7177,0.4802968204021454
7178,0.1620452105998993
7179,0.6719396710395813
7180,0.6989743113517761
7181,0.38235336542129517
7182,0.779240071773529
7183,0.4798835217952728
7184,0.5018501877784729
7185,0.5955750346183777
7186,0.22839310765266418
7187,0.5883752703666687
7188,0.190763920545578
7189,0.5815519690513611
7190,0.7364972233772278
7191,0.751997172832489
7192,0.20732054114341736
7193,0.5538874864578247
7194,0.1777460277080536
7195,0.4963763654232025
7196,0.39684832096099854
7197,0.26667389273643494
7198,0.5819272398948669
7199,0.8135298490524292
7200,0.39231982827186584
7201,0.7335596680641174
7202,0.5416139960289001
7203,0.6304805874824524
7204,0.4270440638065338
7205,0.338401198387146
7206,0.6562319993972778
7207,0.4841974973678589
7208,0.6018224358558655
7209,0.319769024848938
7210,0.7098816633224487
7211,0.7166671752929688
7212,0.62229323387146
7213,0.5395886301994324
7214,0.8239046931266785
7215,0.19066232442855835
7216,0.7925282716751099
7217,0.5641347765922546
7218,0.3929688036441803
7219,0.4983379542827606
7220,0.7871569395065308
7221,0.24735033512115479
7222,0.5381675362586975
7223,0.3887840211391449
7224,0.3242502808570862
7225,0.1989395022392273
7226,0.7291027903556824
7227,0.4290875196456909
7228,0.5693458914756775
7229,0.17273679375648499
7230,0.7020347714424133
7231,0.41036900877952576
7232,0.7081686854362488
7233,0.4493582546710968
7234,0.411287397146225
7235,0.7718537449836731
7236,0.24571174383163452
7237,0.7149140238761902
7238,0.48619651794433594
7239,0.7891572713851929
7240,0.20533648133277893
7241,0.5839542746543884
7242,0.7769444584846497
7243,0.7248336672782898
7244,0.19455906748771667
7245,0.8092882633209229
7246,0.6433692574501038
7247,0.24070212244987488
7248,0.8443444967269897
7249,0.7361272573471069
7250,0.33069542050361633
7251,0.5680816173553467
7252,0.58835369348526
7253,0.6328542232513428
7254,0.14954397082328796
7255,0.6246945858001709
7256,0.7218133807182312
7257,0.49755406379699707
7258,0.6208158731460571
7259,0.25427481532096863
7260,0.7723832726478577
7261,0.7364314198493958
7262,0.38435178995132446
7263,0.42354366183280945
7264,0.13538002967834473
7265,0.7494049072265625
7266,0.5032685399055481
7267,0.5246161818504333
7268,0.27008986473083496
7269,0.409854918718338
7270,0.8119916915893555
7271,0.2473585605621338
7272,0.6328041553497314
7273,0.14354953169822693
7274,0.7601149082183838
7275,0.6983374953269958
7276,0.8175743222236633
7277,0.5214503407478333
7278,0.6263313889503479
7279,0.8187530636787415
7280,0.3497297167778015
7281,0.48210418224334717
7282,0.5985118746757507
7283,0.5916691422462463
7284,0.6581143736839294
7285,0.3285667598247528
7286,0.530897855758667
7287,0.5531553626060486
7288,0.32146185636520386
7289,0.3210974633693695
7290,0.6389852166175842
7291,0.4730353057384491
7292,0.8408802151679993
7293,0.27481400966644287
7294,0.22183868288993835
7295,0.29513072967529297
7296,0.5720173716545105
7297,0.8266287446022034
7298,0.2681691348552704
7299,0.7041671872138977
7300,0.4136662781238556
7301,0.689163863658905
7302,0.6374757289886475
7303,0.3435615003108978
7304,0.2803773283958435
7305,0.32307666540145874
7306,0.44882452487945557
7307,0.269616037607193
7308,0.19314172863960266
7309,0.4302244484424591
7310,0.3342454433441162
7311,0.1817065179347992
7312,0.7471936345100403
7313,0.48041146993637085
7314,0.3817322850227356
7315,0.7949860692024231
7316,0.8470020890235901
7317,0.3772667646408081
7318,0.1941278874874115
7319,0.2460814118385315
7320,0.4923662841320038
7321,0.6539784073829651
7322,0.22543439269065857
7323,0.5515134930610657
7324,0.37258094549179077
7325,0.21751001477241516
7326,0.4028674364089966
7327,0.7223418354988098
7328,0.24165326356887817
7329,0.661832869052887
7330,0.7089226841926575
7331,0.6365016102790833
7332,0.7013341784477234
7333,0.22090619802474976
7334,0.6414506435394287
7335,0.6299082040786743
7336,0.28621914982795715
7337,0.3940379321575165
7338,0.75616854429245
7339,0.2669130265712738
7340,0.39241325855255127
7341,0.6112911105155945
7342,0.8627874255180359
7343,0.46243640780448914
7344,0.6274775266647339
7345,0.7350412011146545
7346,0.5647560954093933
7347,0.19722354412078857
7348,0.5766546726226807
7349,0.4781307578086853
7350,0.5391727685928345
7351,0.21415236592292786
7352,0.22399529814720154
7353,0.4970466196537018
7354,0.5600432753562927
7355,0.4209093749523163
7356,0.7059091329574585
7357,0.14795276522636414
7358,0.863192617893219
7359,0.4549872577190399
7360,0.17776566743850708
7361,0.20893332362174988
7362,0.5520950555801392
7363,0.47052112221717834
7364,0.6311311721801758
7365,0.676546037197113
7366,0.4418497383594513
7367,0.2936854958534241
7368,0.3045782148838043
7369,0.22802236676216125
7370,0.4692566692829132
7371,0.20293661952018738
7372,0.7854992747306824
7373,0.5683197379112244
7374,0.6747453808784485
7375,0.7751203179359436
7376,0.640277087688446
7377,0.7907575964927673
7378,0.2228376567363739
7379,0.33304211497306824
7380,0.7086936235427856
7381,0.4334072470664978
7382,0.23720631003379822
7383,0.6642448306083679
7384,0.38317909836769104
7385,0.49290943145751953
7386,0.44109123945236206
7387,0.5785500407218933
7388,0.19911998510360718
7389,0.8398955464363098
7390,0.4259760081768036
7391,0.4111619293689728
7392,0.3931369483470917
7393,0.4380212128162384
7394,0.47664985060691833
7395,0.7430089712142944
7396,0.2940167784690857
7397,0.6390822529792786
7398,0.3602038025856018
7399,0.3824554979801178
7400,0.3542146384716034
7401,0.721725344657898
7402,0.45563647150993347
7403,0.7397969961166382
7404,0.3019215762615204
7405,0.8177905082702637
7406,0.4688672721385956
7407,0.5788002610206604
7408,0.615816056728363
7409,0.6939589977264404
7410,0.8056767582893372
7411,0.651927649974823
7412,0.5185542106628418
7413,0.4726061522960663
7414,0.19855543971061707
7415,0.7708502411842346
7416,0.5938250422477722
7417,0.3083178699016571
7418,0.4405573904514313
7419,0.6537278294563293
7420,0.5313863158226013
7421,0.3418274521827698
7422,0.7458105087280273
7423,0.6555386185646057
7424,0.6821735501289368
7425,0.4746812880039215
7426,0.7375831007957458
7427,0.8252394795417786
7428,0.5134641528129578
7429,0.3854309618473053
7430,0.5636988878250122
7431,0.3958316743373871
7432,0.364086389541626
7433,0.7682266235351562
7434,0.605311930179596
7435,0.5056715607643127
7436,0.6505218148231506
7437,0.35480090975761414
7438,0.19070744514465332
7439,0.2626706063747406
7440,0.4722084701061249
7441,0.355009526014328
7442,0.7871062159538269
7443,0.45086774230003357
7444,0.4000009000301361
7445,0.3018776476383209
7446,0.6590023636817932
7447,0.48274895548820496
7448,0.40302136540412903
7449,0.27221331000328064
7450,0.5967710614204407
7451,0.40675637125968933
7452,0.5110538601875305
7453,0.2802828252315521
7454,0.25034618377685547
7455,0.7789257168769836
7456,0.7687048316001892
7457,0.42488905787467957
7458,0.23687970638275146
7459,0.8165120482444763
7460,0.8145372867584229
7461,0.4071787893772125
7462,0.779513418674469
7463,0.3598412871360779
7464,0.5647376775741577
7465,0.384971022605896
7466,0.5044542551040649
7467,0.44640377163887024
7468,0.36042019724845886
7469,0.4271223247051239
7470,0.3351534307003021
7471,0.4029493033885956
7472,0.4718475341796875
7473,0.5066867470741272
7474,0.5705405473709106
7475,0.768250048160553
7476,0.5541728734970093
7477,0.2891935408115387
7478,0.19652250409126282
7479,0.18544673919677734
7480,0.531928300857544
7481,0.3361877202987671
7482,0.6921515464782715
7483,0.5412405133247375
7484,0.36505749821662903
7485,0.34202951192855835
7486,0.46656206250190735
7487,0.5010448098182678
7488,0.5954180955886841
7489,0.8154705166816711
7490,0.39272594451904297
7491,0.5767354369163513
7492,0.4047551155090332
7493,0.5208814740180969
7494,0.6335824131965637
7495,0.28498995304107666
7496,0.3845878839492798
7497,0.21891668438911438
7498,0.7988643050193787
7499,0.7166498303413391
7500,0.291167289018631
7501,0.4477420151233673
7502,0.27095168828964233
7503,0.609377920627594
7504,0.5362434983253479
7505,0.4553110897541046
7506,0.6726820468902588
7507,0.2810637652873993
7508,0.45186901092529297
7509,0.337686687707901
7510,0.6604500412940979
7511,0.6319546103477478
7512,0.4571182131767273
7513,0.1603114902973175
7514,0.4276891052722931
7515,0.17652830481529236
7516,0.36795708537101746
7517,0.4607536792755127
7518,0.31366977095603943
7519,0.5412430167198181
7520,0.3786652088165283
7521,0.289632111787796
7522,0.39147040247917175
7523,0.5046238899230957
7524,0.16037604212760925
7525,0.5922743678092957
7526,0.6478775143623352
7527,0.6079856753349304
7528,0.29554831981658936
7529,0.29176297783851624
7530,0.288646936416626
7531,0.77298504114151
7532,0.5223135352134705
7533,0.21363022923469543
7534,0.566848635673523
7535,0.4749709963798523
7536,0.6850399374961853
7537,0.23424109816551208
7538,0.4225733280181885
7539,0.25283947587013245
7540,0.7737987041473389
7541,0.404649555683136
7542,0.16099268198013306
7543,0.8060510754585266
7544,0.6001031398773193
7545,0.321695476770401
7546,0.38157492876052856
7547,0.34073778986930847
7548,0.2834894359111786
7549,0.6488807797431946
7550,0.16882294416427612
7551,0.3189091086387634
7552,0.3973273038864136
7553,0.5835965275764465
7554,0.3794969916343689
7555,0.387932151556015
7556,0.5227879881858826
7557,0.5003978610038757
7558,0.7230507731437683
7559,0.235455721616745
7560,0.3855445086956024
7561,0.8447978496551514
7562,0.8092413544654846
7563,0.28146466612815857
7564,0.5551064610481262
7565,0.5338321328163147
7566,0.19944384694099426
7567,0.5008108019828796
7568,0.8174529671669006
7569,0.23547163605690002
7570,0.8101061582565308
7571,0.5969840288162231
7572,0.48537677526474
7573,0.5828327536582947
7574,0.219661682844162
7575,0.2149791717529297
7576,0.7703596949577332
7577,0.39589160680770874
7578,0.5207304358482361
7579,0.31784969568252563
7580,0.41299495100975037
7581,0.6600775122642517
7582,0.81480473279953
7583,0.39111536741256714
7584,0.3274085521697998
7585,0.36711975932121277
7586,0.6501858830451965
7587,0.27366283535957336
7588,0.32090866565704346
7589,0.7141516804695129
7590,0.7577745318412781
7591,0.4327702522277832
7592,0.5844447016716003
7593,0.26256629824638367
7594,0.803848922252655
7595,0.4963303506374359
7596,0.6246264576911926
7597,0.6419752240180969
7598,0.8079581260681152
7599,0.5114393830299377
7600,0.8418281674385071
7601,0.16143271327018738
7602,0.744361162185669
7603,0.8183534741401672
7604,0.6233487129211426
7605,0.28711310029029846
7606,0.3027929961681366
7607,0.3646394908428192
7608,0.4883284568786621
7609,0.8553867936134338
7610,0.6329690217971802
7611,0.6104206442832947
7612,0.5120378136634827
7613,0.7831456661224365
7614,0.19003549218177795
7615,0.7090473771095276
7616,0.3867342472076416
7617,0.6069207787513733
7618,0.6370505094528198
7619,0.413208931684494
7620,0.5909536480903625
7621,0.1967622935771942
7622,0.1773059070110321
7623,0.6639973521232605
7624,0.65517657995224
7625,0.5503926277160645
7626,0.6924070715904236
7627,0.6676719784736633
7628,0.6177420020103455
7629,0.4448041021823883
7630,0.5858080983161926
7631,0.4008672833442688
7632,0.20565453171730042
7633,0.5084474682807922
7634,0.16949507594108582
7635,0.6042270064353943
7636,0.17010498046875
7637,0.20554915070533752
7638,0.3041110634803772
7639,0.24888458847999573
7640,0.6287234425544739
7641,0.5092628598213196
7642,0.2862146198749542
7643,0.29994186758995056
7644,0.4222138524055481
7645,0.44364067912101746
7646,0.18119081854820251
7647,0.570469319820404
7648,0.18818119168281555
7649,0.45442551374435425
7650,0.5435442328453064
7651,0.5919886231422424
7652,0.8424353003501892
7653,0.8093330264091492
7654,0.5479217171669006
7655,0.7462528944015503
7656,0.4186382591724396
7657,0.37109553813934326
7658,0.5060379505157471
7659,0.3034878969192505
7660,0.3642190396785736
7661,0.4152955114841461
7662,0.5704198479652405
7663,0.23186072707176208
7664,0.8469772934913635
7665,0.4844285249710083
7666,0.5582901239395142
7667,0.48727163672447205
7668,0.6233776211738586
7669,0.3526366651058197
7670,0.6204305291175842
7671,0.3271748721599579
7672,0.2913886606693268
7673,0.7674012780189514
7674,0.43258580565452576
7675,0.5321589708328247
7676,0.3721807599067688
7677,0.30348896980285645
7678,0.358499675989151
7679,0.7776979207992554
7680,0.7370569109916687
7681,0.376091331243515
7682,0.7429807782173157
7683,0.3553059697151184
7684,0.7899476885795593
7685,0.48216328024864197
7686,0.2954230010509491
7687,0.4935559630393982
7688,0.311355859041214
7689,0.3028099834918976
7690,0.38939085602760315
7691,0.855127215385437
7692,0.7566742300987244
7693,0.732399046421051
7694,0.24366450309753418
7695,0.5846782922744751
7696,0.30564042925834656
7697,0.5523571968078613
7698,0.4872478246688843
7699,0.29552844166755676
7700,0.13900265097618103
7701,0.6635574698448181
7702,0.3414067029953003
7703,0.2405557632446289
7704,0.7045858502388
7705,0.8035066723823547
7706,0.6015529036521912
7707,0.36575379967689514
7708,0.24180039763450623
7709,0.2599915564060211
7710,0.605455219745636
7711,0.39057546854019165
7712,0.42863407731056213
7713,0.683868944644928
7714,0.8513476252555847
7715,0.26843878626823425
7716,0.5496346950531006
7717,0.49314314126968384
7718,0.7973896265029907
7719,0.3524625599384308
7720,0.649766743183136
7721,0.3914085328578949
7722,0.19886398315429688
7723,0.804641842842102
7724,0.2862461805343628
7725,0.6180385947227478
7726,0.2845345437526703
7727,0.7124342322349548
7728,0.6348780989646912
7729,0.7589760422706604
7730,0.7137359976768494
7731,0.5460954904556274
7732,0.4847009479999542
7733,0.6302703022956848
7734,0.5829524397850037
7735,0.24373778700828552
7736,0.1543053388595581
7737,0.6736297607421875
7738,0.7111459374427795
7739,0.26453009247779846
7740,0.2884034216403961
7741,0.2282465696334839
7742,0.5287842154502869
7743,0.6763507723808289
7744,0.6501405239105225
7745,0.5130005478858948
7746,0.51683509349823
7747,0.3173929750919342
7748,0.23434853553771973
7749,0.4822155833244324
7750,0.6725799441337585
7751,0.5431490540504456
7752,0.5635612607002258
7753,0.29670560359954834
7754,0.5144073367118835
7755,0.5961346626281738
7756,0.7443673014640808
7757,0.7462325692176819
7758,0.4156140983104706
7759,0.6214134097099304
7760,0.5932285189628601
7761,0.3364846110343933
7762,0.5542887449264526
7763,0.19398722052574158
7764,0.3419524133205414
7765,0.3523785173892975
7766,0.6147430539131165
7767,0.7682514786720276
7768,0.539886474609375
7769,0.8336479067802429
7770,0.6172764897346497
7771,0.2556473910808563
7772,0.8307084441184998
7773,0.6135092377662659
7774,0.5785677433013916
7775,0.4962400794029236
7776,0.27711305022239685
7777,0.8539166450500488
7778,0.1685332953929901
7779,0.17860060930252075
7780,0.17528361082077026
7781,0.39786702394485474
7782,0.5207034349441528
7783,0.34382501244544983
7784,0.2813611924648285
7785,0.8162702918052673
7786,0.39584478735923767
7787,0.3086998164653778
7788,0.23363164067268372
7789,0.240603506565094
7790,0.4273715317249298
7791,0.40506407618522644
7792,0.7656931281089783
7793,0.7675796151161194
7794,0.8433402180671692
7795,0.14518722891807556
7796,0.8213945031166077
7797,0.5295562148094177
7798,0.1401577889919281
7799,0.3346359431743622
7800,0.6999788284301758
7801,0.7370792031288147
7802,0.8176438212394714
7803,0.8007522225379944
7804,0.4791800081729889
7805,0.5141263604164124
7806,0.2277383804321289
7807,0.2744032144546509
7808,0.7739549279212952
7809,0.5331929326057434
7810,0.6920949816703796
7811,0.6916886568069458
7812,0.33503445982933044
7813,0.7396441698074341
7814,0.5571441650390625
7815,0.7595342397689819
7816,0.4622327983379364
7817,0.2872888147830963
7818,0.36055073142051697
7819,0.4633406102657318
7820,0.705033540725708
7821,0.2075316309928894
7822,0.5936123728752136
7823,0.7865144610404968
7824,0.28329962491989136
7825,0.4202158749103546
7826,0.3830139636993408
7827,0.1356518566608429
7828,0.41167178750038147
7829,0.7648378014564514
7830,0.543051540851593
7831,0.5084270238876343
7832,0.473684698343277
7833,0.36422455310821533
7834,0.535671055316925
7835,0.31692150235176086
7836,0.30334946513175964
7837,0.33078351616859436
7838,0.6564731001853943
7839,0.552789568901062
7840,0.33703967928886414
7841,0.46155890822410583
7842,0.775507390499115
7843,0.3891601264476776
7844,0.42372462153434753
7845,0.3811429738998413
7846,0.31006479263305664
7847,0.41038253903388977
7848,0.6280574202537537
7849,0.6498705744743347
7850,0.4578794836997986
7851,0.4600984752178192
7852,0.4374343156814575
7853,0.29820090532302856
7854,0.3269259035587311
7855,0.7959609031677246
7856,0.5793319940567017
7857,0.19254812598228455
7858,0.2549324929714203
7859,0.665141761302948
7860,0.5265533328056335
7861,0.407569020986557
7862,0.25134116411209106
7863,0.6365156769752502
7864,0.2821676433086395
7865,0.3349452316761017
7866,0.4050539433956146
7867,0.5935717225074768
7868,0.22271546721458435
7869,0.58161860704422
7870,0.7028877139091492
7871,0.7796401977539062
7872,0.6834920048713684
7873,0.280648410320282
7874,0.5635226368904114
7875,0.4221011996269226
7876,0.6282498836517334
7877,0.37092119455337524
7878,0.4041118919849396
7879,0.41638922691345215
7880,0.22135624289512634
7881,0.4206141531467438
7882,0.5947253704071045
7883,0.25219520926475525
7884,0.7396158576011658
7885,0.829081118106842
7886,0.803718090057373
7887,0.3533995747566223
7888,0.26000407338142395
7889,0.6208294034004211
7890,0.3194020688533783
7891,0.7252020835876465
7892,0.48634588718414307
7893,0.4726681709289551
7894,0.8140062689781189
7895,0.4779609739780426
7896,0.6100146174430847
7897,0.7383492588996887
7898,0.62526935338974
7899,0.8096500039100647
7900,0.5113281607627869
7901,0.24853450059890747
7902,0.3934054672718048
7903,0.20060643553733826
7904,0.4507635831832886
7905,0.480561226606369
7906,0.3834240734577179
7907,0.6910176873207092
7908,0.6180775761604309
7909,0.5611492991447449
7910,0.5259004235267639
7911,0.833509624004364
7912,0.7572908997535706
7913,0.5658194422721863
7914,0.6621108651161194
7915,0.3913763463497162
7916,0.49816983938217163
7917,0.510636568069458
7918,0.42585450410842896
7919,0.3736388385295868
7920,0.5463441014289856
7921,0.6208204627037048
7922,0.4157535433769226
7923,0.5878984928131104
7924,0.26367196440696716
7925,0.6482328176498413
7926,0.3093257248401642
7927,0.6635282635688782
7928,0.6259749531745911
7929,0.309765100479126
7930,0.7502751350402832
7931,0.6045576930046082
7932,0.7013182044029236
7933,0.4439530670642853
7934,0.23524412512779236
7935,0.6543435454368591
7936,0.5212205052375793
7937,0.7157105803489685
7938,0.32789403200149536
7939,0.7682250738143921
7940,0.835316002368927
7941,0.6031338572502136
7942,0.5450660586357117
7943,0.4213801622390747
7944,0.7018519639968872
7945,0.313677042722702
7946,0.637643039226532
7947,0.3640254735946655
7948,0.704670250415802
7949,0.5423956513404846
7950,0.4892805218696594
7951,0.527212381362915
7952,0.7036473155021667
7953,0.5297927260398865
7954,0.18469160795211792
7955,0.7286672592163086
7956,0.3003372550010681
7957,0.2757691442966461
7958,0.8117124438285828
7959,0.5663091540336609
7960,0.7529047727584839
7961,0.47564998269081116
7962,0.27942898869514465
7963,0.5254469513893127
7964,0.2541233003139496
7965,0.7008563876152039
7966,0.35733935236930847
7967,0.39722055196762085
7968,0.5084983706474304
7969,0.2528717815876007
7970,0.20004364848136902
7971,0.48809993267059326
7972,0.5658096671104431
7973,0.7033689618110657
7974,0.5158805251121521
7975,0.5881713628768921
7976,0.4737541377544403
7977,0.37359270453453064
7978,0.34064099192619324
7979,0.32162371277809143
7980,0.8576810956001282
7981,0.6808678507804871
7982,0.2265288233757019
7983,0.5917229652404785
7984,0.3847561180591583
7985,0.29246827960014343
7986,0.49683335423469543
7987,0.5374858975410461
7988,0.5307924747467041
7989,0.44160544872283936
7990,0.26757925748825073
7991,0.6782786846160889
7992,0.4942770302295685
7993,0.6083430647850037
7994,0.31830814480781555
7995,0.7412317991256714
7996,0.30428746342658997
7997,0.7652460932731628
7998,0.26463964581489563
7999,0.4797488749027252
8000,0.4156840741634369
8001,0.4415186047554016
8002,0.5590711236000061
8003,0.516133725643158
8004,0.5814855098724365
8005,0.38772258162498474
8006,0.43544504046440125
8007,0.6249725222587585
8008,0.4265594482421875
8009,0.7708143591880798
8010,0.7325400114059448
8011,0.8041700720787048
8012,0.6914761662483215
8013,0.7128681540489197
8014,0.4587620794773102
8015,0.32553210854530334
8016,0.558131754398346
8017,0.6546112895011902
8018,0.7477870583534241
8019,0.5439726710319519
8020,0.19497287273406982
8021,0.546750009059906
8022,0.8010457158088684
8023,0.33911630511283875
8024,0.8359214067459106
8025,0.24116447567939758
8026,0.502119243144989
8027,0.682176947593689
8028,0.44799545407295227
8029,0.8197876811027527
8030,0.5755324959754944
8031,0.44480884075164795
8032,0.36718276143074036
8033,0.6067724227905273
8034,0.3519614040851593
8035,0.3131057918071747
8036,0.3568585216999054
8037,0.7145169973373413
8038,0.3958950936794281
8039,0.4820966422557831
8040,0.202296644449234
8041,0.6863002181053162
8042,0.4804406762123108
8043,0.44620776176452637
8044,0.463727205991745
8045,0.4116291105747223
8046,0.7361639142036438
8047,0.5047972202301025
8048,0.7887588739395142
8049,0.44261690974235535
8050,0.6657705307006836
8051,0.33443644642829895
8052,0.40704116225242615
8053,0.6435069441795349
8054,0.2244088351726532
8055,0.42516806721687317
8056,0.29246777296066284
8057,0.4430908262729645
8058,0.37838900089263916
8059,0.19711601734161377
8060,0.42709121108055115
8061,0.7958871722221375
8062,0.7742452621459961
8063,0.7266534566879272
8064,0.7440502643585205
8065,0.2259548306465149
8066,0.1803995966911316
8067,0.2788091003894806
8068,0.343171089887619
8069,0.21474170684814453
8070,0.3960610330104828
8071,0.5952840447425842
8072,0.36035850644111633
8073,0.3141593337059021
8074,0.2897883951663971
8075,0.7396867871284485
8076,0.6976063251495361
8077,0.22850355505943298
8078,0.46833354234695435
8079,0.717758297920227
8080,0.7712468504905701
8081,0.4508677124977112
8082,0.31072381138801575
8083,0.6375077366828918
8084,0.3875177502632141
8085,0.4132862985134125
8086,0.7655301690101624
8087,0.5239970088005066
8088,0.4540259540081024
8089,0.24561062455177307
8090,0.6697220206260681
8091,0.4329407811164856
8092,0.2678302824497223
8093,0.5309063196182251
8094,0.6767758727073669
8095,0.8357847332954407
8096,0.6345903873443604
8097,0.257486492395401
8098,0.6594563126564026
8099,0.4942215383052826
8100,0.5206294655799866
8101,0.7761479020118713
8102,0.39996540546417236
8103,0.5755642652511597
8104,0.3364350199699402
8105,0.6973578333854675
8106,0.8458503484725952
8107,0.7925246357917786
8108,0.7660772204399109
8109,0.4906265139579773
8110,0.41411998867988586
8111,0.1651022732257843
8112,0.3106341063976288
8113,0.41870608925819397
8114,0.5655161738395691
8115,0.6036137938499451
8116,0.25174087285995483
8117,0.7026144862174988
8118,0.46757569909095764
8119,0.4450608193874359
8120,0.6055710315704346
8121,0.3794572353363037
8122,0.5052482485771179
8123,0.5198203921318054
8124,0.4499330520629883
8125,0.4048362076282501
8126,0.22534522414207458
8127,0.2730998694896698
8128,0.3168647289276123
8129,0.6317972540855408
8130,0.5135195851325989
8131,0.6414671540260315
8132,0.35688722133636475
8133,0.766355574131012
8134,0.6990849375724792
8135,0.39992591738700867
8136,0.7199479937553406
8137,0.17208343744277954
8138,0.7566142678260803
8139,0.6492346525192261
8140,0.5951279997825623
8141,0.5430339574813843
8142,0.5441761612892151
8143,0.8143324255943298
8144,0.13326343894004822
8145,0.5183655619621277
8146,0.31745052337646484
8147,0.7068213820457458
8148,0.44721871614456177
8149,0.32481053471565247
8150,0.41200700402259827
8151,0.7442220449447632
8152,0.43294674158096313
8153,0.4429267942905426
8154,0.6114856004714966
8155,0.3317054510116577
8156,0.4467391073703766
8157,0.23545905947685242
8158,0.39355114102363586
8159,0.6563521027565002
8160,0.3656306266784668
8161,0.5354114174842834
8162,0.21057114005088806
8163,0.48439309000968933
8164,0.5477295517921448
8165,0.5315852761268616
8166,0.14678531885147095
8167,0.3447188436985016
8168,0.40882912278175354
8169,0.7856948375701904
8170,0.47155165672302246
8171,0.49416384100914
8172,0.7684323787689209
8173,0.6520810723304749
8174,0.6740022897720337
8175,0.5293623805046082
8176,0.5711641907691956
8177,0.16940352320671082
8178,0.38093939423561096
8179,0.5652359127998352
8180,0.6233068108558655
8181,0.6539694666862488
8182,0.24285665154457092
8183,0.20411425828933716
8184,0.5036700963973999
8185,0.5835076570510864
8186,0.14463841915130615
8187,0.2169272005558014
8188,0.19363650679588318
8189,0.47451528906822205
8190,0.5191017389297485
8191,0.7459617257118225
8192,0.7749098539352417
8193,0.24887901544570923
8194,0.6525959968566895
8195,0.49213117361068726
8196,0.6943210959434509
8197,0.6784278750419617
8198,0.5550834536552429
8199,0.5144962072372437
8200,0.3862645626068115
8201,0.2778564691543579
8202,0.6833626627922058
8203,0.6092320680618286
8204,0.2625763714313507
8205,0.545224130153656
8206,0.7300038933753967
8207,0.5184912085533142
8208,0.7786160707473755
8209,0.6574987769126892
8210,0.5093352198600769
8211,0.5492743849754333
8212,0.470034658908844
8213,0.21961283683776855
8214,0.19981622695922852
8215,0.19687005877494812
8216,0.5208913683891296
8217,0.6528791189193726
8218,0.6431503891944885
8219,0.33578813076019287
8220,0.633135974407196
8221,0.5141928791999817
8222,0.3791751265525818
8223,0.7938675284385681
8224,0.3496662378311157
8225,0.7912632822990417
8226,0.7297307848930359
8227,0.20908668637275696
8228,0.5703089833259583
8229,0.5645545125007629
8230,0.796631395816803
8231,0.699627161026001
8232,0.44130176305770874
8233,0.5362433791160583
8234,0.657828152179718
8235,0.33277085423469543
8236,0.3319365680217743
8237,0.44324299693107605
8238,0.6090030074119568
8239,0.4847053587436676
8240,0.6068440079689026
8241,0.6743318438529968
8242,0.39043134450912476
8243,0.6884893774986267
8244,0.3782746195793152
8245,0.8073500990867615
8246,0.7327324748039246
8247,0.3164260685443878
8248,0.34572046995162964
8249,0.6712443232536316
8250,0.4853946268558502
8251,0.51433926820755
8252,0.23700746893882751
8253,0.1473073959350586
8254,0.2460927665233612
8255,0.3399142920970917
8256,0.6831775903701782
8257,0.7159801125526428
8258,0.2614494264125824
8259,0.5358206033706665
8260,0.18927976489067078
8261,0.6523114442825317
8262,0.19405275583267212
8263,0.6119833588600159
8264,0.5815511345863342
8265,0.5032249093055725
8266,0.37497827410697937
8267,0.5441879630088806
8268,0.2756158709526062
8269,0.514866828918457
8270,0.5214892625808716
8271,0.8132925629615784
8272,0.2436387538909912
8273,0.2079245150089264
8274,0.30737540125846863
8275,0.5750733017921448
8276,0.8296486735343933
8277,0.6348418593406677
8278,0.4343560039997101
8279,0.7728082537651062
8280,0.7393112778663635
8281,0.7829732298851013
8282,0.40810614824295044
8283,0.6414986848831177
8284,0.825536847114563
8285,0.584904134273529
8286,0.6282411813735962
8287,0.21540436148643494
8288,0.46903082728385925
8289,0.7986142039299011
8290,0.5779218673706055
8291,0.7422003149986267
8292,0.41131356358528137
8293,0.48357659578323364
8294,0.30531734228134155
8295,0.46017083525657654
8296,0.3132973611354828
8297,0.7029079794883728
8298,0.16835668683052063
8299,0.7300475835800171
8300,0.6639735102653503
8301,0.5648329854011536
8302,0.28736624121665955
8303,0.6827747225761414
8304,0.17119863629341125
8305,0.7950401902198792
8306,0.4507650136947632
8307,0.528688371181488
8308,0.6571956276893616
8309,0.5695499777793884
8310,0.6378059387207031
8311,0.29397186636924744
8312,0.7709012627601624
8313,0.49275341629981995
8314,0.3624405562877655
8315,0.5621585249900818
8316,0.31574419140815735
8317,0.5982913374900818
8318,0.6433561444282532
8319,0.5886154770851135
8320,0.43522581458091736
8321,0.36873510479927063
8322,0.579550564289093
8323,0.5372970104217529
8324,0.23208895325660706
8325,0.28233155608177185
8326,0.8156686425209045
8327,0.6321283578872681
8328,0.4435161352157593
8329,0.6692678332328796
8330,0.7200410962104797
8331,0.5136556029319763
8332,0.6124373078346252
8333,0.3465631902217865
8334,0.6292741894721985
8335,0.6727738976478577
8336,0.8062160611152649
8337,0.6311726570129395
8338,0.6884704232215881
8339,0.3637773096561432
8340,0.8003347516059875
8341,0.869390070438385
8342,0.5659660696983337
8343,0.680821418762207
8344,0.27081117033958435
8345,0.6032324433326721
8346,0.30055493116378784
8347,0.6704815030097961
8348,0.4935077428817749
8349,0.5614677667617798
8350,0.2866306006908417
8351,0.5013799667358398
8352,0.8275039792060852
8353,0.6461886167526245
8354,0.8090274930000305
8355,0.6064485311508179
8356,0.5800469517707825
8357,0.43139341473579407
8358,0.6657248139381409
8359,0.523409366607666
8360,0.4045799970626831
8361,0.5184251070022583
8362,0.7674625515937805
8363,0.2029113471508026
8364,0.26001498103141785
8365,0.33344316482543945
8366,0.2103443145751953
8367,0.5763339400291443
8368,0.5260823369026184
8369,0.5405275225639343
8370,0.6344631314277649
8371,0.7230866551399231
8372,0.6016212701797485
8373,0.7866607308387756
8374,0.3539109528064728
8375,0.29500114917755127
8376,0.562371015548706
8377,0.6486472487449646
8378,0.4717448651790619
8379,0.5639443397521973
8380,0.5621182322502136
8381,0.7119867205619812
8382,0.7234498262405396
8383,0.28599926829338074
8384,0.49485668540000916
8385,0.802262008190155
8386,0.6967759728431702
8387,0.3544219434261322
8388,0.6814731955528259
8389,0.5996143817901611
8390,0.6450707912445068
8391,0.39664456248283386
8392,0.5655533671379089
8393,0.660359799861908
8394,0.43511250615119934
8395,0.42256277799606323
8396,0.32392340898513794
8397,0.26776742935180664
8398,0.37799638509750366
8399,0.6103777289390564
8400,0.5056160092353821
8401,0.5228777527809143
8402,0.7273845672607422
8403,0.5792812705039978
8404,0.8080688118934631
8405,0.5129653215408325
8406,0.8345701098442078
8407,0.386694073677063
8408,0.8202599287033081
8409,0.47411930561065674
8410,0.6340072154998779
8411,0.1467083990573883
8412,0.25716444849967957
8413,0.10823270678520203
8414,0.8164690136909485
8415,0.12349388003349304
8416,0.6260501742362976
8417,0.7160110473632812
8418,0.3927678167819977
8419,0.6093199849128723
8420,0.22058188915252686
8421,0.20298701524734497
8422,0.33606934547424316
8423,0.1512201428413391
8424,0.5112195611000061
8425,0.5966585278511047
8426,0.5443165898323059
8427,0.41715875267982483
8428,0.6094822287559509
8429,0.7658831477165222
8430,0.38929641246795654
8431,0.47615930438041687
8432,0.5897843241691589
8433,0.6096312999725342
8434,0.3798048794269562
8435,0.32937583327293396
8436,0.6673839688301086
8437,0.5226688981056213
8438,0.23814663290977478
8439,0.8374174237251282
8440,0.2123185098171234
8441,0.465524822473526
8442,0.5864061713218689
8443,0.4180065095424652
8444,0.6298776268959045
8445,0.2702747583389282
8446,0.8425571322441101
8447,0.5797300338745117
8448,0.6821756958961487
8449,0.30427035689353943
8450,0.49626967310905457
8451,0.47854098677635193
8452,0.7701504826545715
8453,0.5388328433036804
8454,0.6665000319480896
8455,0.4733423888683319
8456,0.8563157916069031
8457,0.22047609090805054
8458,0.4889720678329468
8459,0.3667183816432953
8460,0.17117568850517273
8461,0.8044969439506531
8462,0.3765687644481659
8463,0.2703007757663727
8464,0.41992273926734924
8465,0.4735107719898224
8466,0.21866711974143982
8467,0.6746318936347961
8468,0.5146352052688599
8469,0.42930933833122253
8470,0.4350336492061615
8471,0.8036332726478577
8472,0.6647370457649231
8473,0.5884205102920532
8474,0.5517171025276184
8475,0.4232928454875946
8476,0.42101797461509705
8477,0.5405734181404114
8478,0.3664007782936096
8479,0.5606063008308411
8480,0.5916823744773865
8481,0.2119276523590088
8482,0.5427497029304504
8483,0.6272107362747192
8484,0.32728514075279236
8485,0.282125860452652
8486,0.8877394795417786
8487,0.6201141476631165
8488,0.37355753779411316
8489,0.6592130064964294
8490,0.36755624413490295
8491,0.3691047728061676
8492,0.59759920835495
8493,0.2470545470714569
8494,0.5390024781227112
8495,0.7737551331520081
8496,0.8095742464065552
8497,0.1968991458415985
8498,0.27993038296699524
8499,0.2001652717590332
8500,0.3372971713542938
8501,0.3826238214969635
8502,0.47033587098121643
8503,0.54794842004776
8504,0.7420069575309753
8505,0.5526152849197388
8506,0.3909347653388977
8507,0.7698754668235779
8508,0.5852259993553162
8509,0.602537214756012
8510,0.7510733008384705
8511,0.2697325348854065
8512,0.533382773399353
8513,0.4374118149280548
8514,0.6097415089607239
8515,0.7972722053527832
8516,0.7433987259864807
8517,0.49600568413734436
8518,0.7167137265205383
8519,0.21779382228851318
8520,0.5965895056724548
8521,0.6935617327690125
8522,0.5966046452522278
8523,0.6127010583877563
8524,0.4963609278202057
8525,0.6669727563858032
8526,0.3988855481147766
8527,0.32585012912750244
8528,0.41462841629981995
8529,0.2949598729610443
8530,0.7061901688575745
8531,0.7346842288970947
8532,0.6194428205490112
8533,0.37662023305892944
8534,0.2939003109931946
8535,0.7899428606033325
8536,0.34831708669662476
8537,0.4429326355457306
8538,0.5890123844146729
8539,0.728860080242157
8540,0.6252099871635437
8541,0.4575219452381134
8542,0.601543664932251
8543,0.4221051037311554
8544,0.38315871357917786
8545,0.7734077572822571
8546,0.8046514391899109
8547,0.619979977607727
8548,0.37270984053611755
8549,0.6035900712013245
8550,0.413289338350296
8551,0.322581022977829
8552,0.48631778359413147
8553,0.3740755021572113
8554,0.6672196388244629
8555,0.8126497268676758
8556,0.5782168507575989
8557,0.16976407170295715
8558,0.5177494287490845
8559,0.44981297850608826
8560,0.7159630060195923
8561,0.2531999945640564
8562,0.5867968201637268
8563,0.27309107780456543
8564,0.5452983379364014
8565,0.5488184094429016
8566,0.3784254491329193
8567,0.6393137574195862
8568,0.3190503418445587
8569,0.6019462943077087
8570,0.4463009238243103
8571,0.8384869694709778
8572,0.3689020574092865
8573,0.20927026867866516
8574,0.4344816207885742
8575,0.7126473784446716
8576,0.5175716280937195
8577,0.49666011333465576
8578,0.6601447463035583
8579,0.7844852805137634
8580,0.34997621178627014
8581,0.534063994884491
8582,0.496407151222229
8583,0.6744430065155029
8584,0.2983841598033905
8585,0.756439745426178
8586,0.5137203335762024
8587,0.3743791878223419
8588,0.6891016364097595
8589,0.6590520143508911
8590,0.6622740626335144
8591,0.7899636030197144
8592,0.5511146187782288
8593,0.3685239553451538
8594,0.6969519853591919
8595,0.18960383534431458
8596,0.1535050868988037
8597,0.7144601941108704
8598,0.6941555142402649
8599,0.5789877772331238
8600,0.2643525302410126
8601,0.6188927292823792
8602,0.8144318461418152
8603,0.28357380628585815
8604,0.6345779299736023
8605,0.5640226602554321
8606,0.1724012792110443
8607,0.3841192126274109
8608,0.6625038981437683
8609,0.5228867530822754
8610,0.47494494915008545
8611,0.5268848538398743
8612,0.3602321445941925
8613,0.6005207896232605
8614,0.26983943581581116
8615,0.23322340846061707
8616,0.2629031240940094
8617,0.7561015486717224
8618,0.3118593394756317
8619,0.6983579993247986
8620,0.6585752367973328
8621,0.4200327694416046
8622,0.7878490090370178
8623,0.22669509053230286
8624,0.2743726670742035
8625,0.32486316561698914
8626,0.7357702851295471
8627,0.34519103169441223
8628,0.44684138894081116
8629,0.5289644598960876
8630,0.36661094427108765
8631,0.49729225039482117
8632,0.48862424492836
8633,0.522962212562561
8634,0.8057714700698853
8635,0.5557659268379211
8636,0.7946193814277649
8637,0.4890272915363312
8638,0.31683120131492615
8639,0.6982164978981018
8640,0.6550231575965881
8641,0.4674760401248932
8642,0.3673621714115143
8643,0.24927666783332825
8644,0.28497424721717834
8645,0.22076866030693054
8646,0.6718688607215881
8647,0.4874288737773895
8648,0.28889667987823486
8649,0.6973784565925598
8650,0.7021210193634033
8651,0.5840794444084167
8652,0.3537541329860687
8653,0.5564036965370178
8654,0.5959041714668274
8655,0.34833142161369324
8656,0.6217781901359558
8657,0.33823835849761963
8658,0.6778538823127747
8659,0.6952424645423889
8660,0.17059901356697083
8661,0.4927889406681061
8662,0.5254804491996765
8663,0.5564319491386414
8664,0.3801127076148987
8665,0.42131558060646057
8666,0.5383507013320923
8667,0.3598058819770813
8668,0.3596089482307434
8669,0.5203006863594055
8670,0.5873742699623108
8671,0.638831377029419
8672,0.8521077036857605
8673,0.6098440885543823
8674,0.6462618708610535
8675,0.3907179832458496
8676,0.4909575283527374
8677,0.6032552123069763
8678,0.41256198287010193
8679,0.30939218401908875
8680,0.6223546266555786
8681,0.2863768935203552
8682,0.7971175312995911
8683,0.7209762930870056
8684,0.6663221716880798
8685,0.7544880509376526
8686,0.7032472491264343
8687,0.27436307072639465
8688,0.31521040201187134
8689,0.7873565554618835
8690,0.6406702399253845
8691,0.2708067297935486
8692,0.8196300864219666
8693,0.6772746443748474
8694,0.38732200860977173
8695,0.395411878824234
8696,0.7478362917900085
8697,0.5807692408561707
8698,0.2256489396095276
8699,0.7483469843864441
8700,0.6461279988288879
8701,0.4757849872112274
8702,0.6857234239578247
8703,0.5792225003242493
8704,0.730538010597229
8705,0.5995545387268066
8706,0.5929183959960938
8707,0.7119652032852173
8708,0.6000320315361023
8709,0.5827375054359436
8710,0.2499440610408783
8711,0.7273160815238953
8712,0.5199479460716248
8713,0.671124279499054
8714,0.408695250749588
8715,0.3441285490989685
8716,0.5097377300262451
8717,0.8440007567405701
8718,0.6722838282585144
8719,0.5637436509132385
8720,0.32917168736457825
8721,0.7045606970787048
8722,0.4121713936328888
8723,0.6165644526481628
8724,0.567592442035675
8725,0.5621449947357178
8726,0.32930788397789
8727,0.7189667820930481
8728,0.2873633801937103
8729,0.3352152407169342
8730,0.808566153049469
8731,0.6799752712249756
8732,0.4943094551563263
8733,0.4768620729446411
8734,0.7877621054649353
8735,0.3269682228565216
8736,0.4134567379951477
8737,0.44075679779052734
8738,0.4735030233860016
8739,0.41528064012527466
8740,0.2609550356864929
8741,0.6627240180969238
8742,0.584529459476471
8743,0.7875226140022278
8744,0.21678957343101501
8745,0.7156656384468079
8746,0.36785614490509033
8747,0.27830085158348083
8748,0.41188058257102966
8749,0.5784192681312561
8750,0.23207050561904907
8751,0.7227461934089661
8752,0.6418802738189697
8753,0.41413915157318115
8754,0.8048661351203918
8755,0.5808939337730408
8756,0.22139239311218262
8757,0.19387727975845337
8758,0.41982635855674744
8759,0.40340670943260193
8760,0.4939989149570465
8761,0.30364322662353516
8762,0.261506587266922
8763,0.20249071717262268
8764,0.5777794718742371
8765,0.3019595444202423
8766,0.44578537344932556
8767,0.4454154074192047
8768,0.33508631587028503
8769,0.5216315388679504
8770,0.20876383781433105
8771,0.5526266694068909
8772,0.7679423689842224
8773,0.7810220122337341
8774,0.6372070908546448
8775,0.73164963722229
8776,0.4355192184448242
8777,0.43515798449516296
8778,0.5507494211196899
8779,0.5531513094902039
8780,0.5517528653144836
8781,0.44619032740592957
8782,0.3713371753692627
8783,0.7879354357719421
8784,0.6642054915428162
8785,0.22386905550956726
8786,0.6966195702552795
8787,0.7847480177879333
8788,0.8633609414100647
8789,0.5117654204368591
8790,0.3500826954841614
8791,0.2021487057209015
8792,0.6231817603111267
8793,0.5000713467597961
8794,0.5302860140800476
8795,0.6520245671272278
8796,0.8170650601387024
8797,0.3712637722492218
8798,0.5114131569862366
8799,0.6540582180023193
8800,0.5383060574531555
8801,0.42357131838798523
8802,0.5410200953483582
8803,0.5454593300819397
8804,0.6566169857978821
8805,0.7875477075576782
8806,0.23594078421592712
8807,0.3917141556739807
8808,0.5073142647743225
8809,0.764746367931366
8810,0.4182400107383728
8811,0.4654155671596527
8812,0.3691040575504303
8813,0.30293580889701843
8814,0.7965010404586792
8815,0.616904079914093
8816,0.422115296125412
8817,0.516226589679718
8818,0.5142050385475159
8819,0.5050706267356873
8820,0.4897293746471405
8821,0.8543151617050171
8822,0.5096001029014587
8823,0.6451503038406372
8824,0.3368363678455353
8825,0.45429402589797974
8826,0.4121982753276825
8827,0.47952893376350403
8828,0.4297996759414673
8829,0.6986727118492126
8830,0.6280245184898376
8831,0.455812007188797
8832,0.5307578444480896
8833,0.7417858242988586
8834,0.5607858300209045
8835,0.2870618999004364
8836,0.4961327612400055
8837,0.6576160788536072
8838,0.2897557318210602
8839,0.5098003149032593
8840,0.26178088784217834
8841,0.626606285572052
8842,0.7560517191886902
8843,0.7317469716072083
8844,0.6934003233909607
8845,0.6118603348731995
8846,0.7241968512535095
8847,0.5705923438072205
8848,0.6392974257469177
8849,0.5975818037986755
8850,0.4935416877269745
8851,0.342366486787796
8852,0.8203843235969543
8853,0.3733355402946472
8854,0.695817768573761
8855,0.7699658870697021
8856,0.30840882658958435
8857,0.6686866879463196
8858,0.5717030167579651
8859,0.5612971782684326
8860,0.7566452622413635
8861,0.3756355345249176
8862,0.27124565839767456
8863,0.5334871411323547
8864,0.5937445163726807
8865,0.4437677562236786
8866,0.3520868122577667
8867,0.1863400638103485
8868,0.5944714546203613
8869,0.6843993067741394
8870,0.732626736164093
8871,0.638365626335144
8872,0.608159601688385
8873,0.4105159044265747
8874,0.27796560525894165
8875,0.506547212600708
8876,0.24409595131874084
8877,0.5584022998809814
8878,0.4203256368637085
8879,0.39166852831840515
8880,0.46482592821121216
8881,0.5203356146812439
8882,0.5971739888191223
8883,0.5847144722938538
8884,0.4019615352153778
8885,0.48105382919311523
8886,0.3810196816921234
8887,0.6054253578186035
8888,0.5804330706596375
8889,0.38823845982551575
8890,0.5702903866767883
8891,0.7458624243736267
8892,0.8024219274520874
8893,0.5804612040519714
8894,0.22223418951034546
8895,0.2975182831287384
8896,0.5043149590492249
8897,0.44224774837493896
8898,0.798121988773346
8899,0.8224594593048096
8900,0.16926482319831848
8901,0.7914883494377136
8902,0.31773847341537476
8903,0.598809003829956
8904,0.6478779911994934
8905,0.2690243422985077
8906,0.5769572854042053
8907,0.7798689007759094
8908,0.6724955439567566
8909,0.2412649393081665
8910,0.8071450591087341
8911,0.3632363975048065
8912,0.6180729269981384
8913,0.3316878378391266
8914,0.5439253449440002
8915,0.6291090846061707
8916,0.46669524908065796
8917,0.7699481248855591
8918,0.6550463438034058
8919,0.5919232964515686
8920,0.4822748303413391
8921,0.35242339968681335
8922,0.800728976726532
8923,0.4730552136898041
8924,0.4203384220600128
8925,0.5128329396247864
8926,0.6407902836799622
8927,0.5623233914375305
8928,0.6889878511428833
8929,0.6039925217628479
8930,0.6659489870071411
8931,0.6052522659301758
8932,0.4617439806461334
8933,0.47370445728302
8934,0.3513704836368561
8935,0.4262206256389618
8936,0.40248504281044006
8937,0.37346184253692627
8938,0.8072201609611511
8939,0.49664196372032166
8940,0.633118212223053
8941,0.22418636083602905
8942,0.834285318851471
8943,0.30960676074028015
8944,0.7286879420280457
8945,0.4386000633239746
8946,0.5438646674156189
8947,0.25644391775131226
8948,0.8568022847175598
8949,0.434369832277298
8950,0.3655146062374115
8951,0.4195851981639862
8952,0.34593719244003296
8953,0.22539034485816956
8954,0.29544904828071594
8955,0.6275601983070374
8956,0.33007141947746277
8957,0.5602911114692688
8958,0.7002989649772644
8959,0.17545151710510254
8960,0.5787786245346069
8961,0.7322784066200256
8962,0.43230918049812317
8963,0.7462229132652283
8964,0.16324841976165771
8965,0.586780846118927
8966,0.5609115958213806
8967,0.590599000453949
8968,0.6342144012451172
8969,0.33126944303512573
8970,0.24862226843833923
8971,0.2936238646507263
8972,0.2438676357269287
8973,0.5401353240013123
8974,0.7393361926078796
8975,0.46679770946502686
8976,0.19193187355995178
8977,0.8284496665000916
8978,0.5882921814918518
8979,0.5679767727851868
8980,0.7537239193916321
8981,0.28757503628730774
8982,0.2981070280075073
8983,0.6218451857566833
8984,0.2452351450920105
8985,0.7922870516777039
8986,0.4474163353443146
8987,0.6778627038002014
8988,0.8291845917701721
8989,0.7396168112754822
8990,0.48956239223480225
8991,0.7797343134880066
8992,0.5262202620506287
8993,0.6160290837287903
8994,0.5246924757957458
8995,0.39169827103614807
8996,0.5788175463676453
8997,0.538412868976593
8998,0.46459153294563293
8999,0.47405093908309937
9000,0.3364606499671936
9001,0.2527735233306885
9002,0.5924882888793945
9003,0.812176525592804
9004,0.559492290019989
9005,0.5192872285842896
9006,0.5190763473510742
9007,0.5996691584587097
9008,0.3069714605808258
9009,0.8054032921791077
9010,0.21734756231307983
9011,0.6253613829612732
9012,0.3593485653400421
9013,0.29354438185691833
9014,0.6375606656074524
9015,0.7734904885292053
9016,0.3712550699710846
9017,0.5844346284866333
9018,0.35379108786582947
9019,0.6572266221046448
9020,0.781496524810791
9021,0.8155553936958313
9022,0.25866782665252686
9023,0.24306240677833557
9024,0.4840694069862366
9025,0.38468578457832336
9026,0.24984464049339294
9027,0.4153711497783661
9028,0.4480169713497162
9029,0.6024108529090881
9030,0.7602251172065735
9031,0.22049668431282043
9032,0.5026459693908691
9033,0.626791775226593
9034,0.7297514081001282
9035,0.556864321231842
9036,0.6190322041511536
9037,0.8135023713111877
9038,0.7019936442375183
9039,0.2969501316547394
9040,0.34087881445884705
9041,0.6698320508003235
9042,0.5395709872245789
9043,0.8275503516197205
9044,0.7408748865127563
9045,0.6585772633552551
9046,0.2525409460067749
9047,0.5591356158256531
9048,0.8675757050514221
9049,0.3491491377353668
9050,0.36003485321998596
9051,0.8223161697387695
9052,0.5077959895133972
9053,0.4540609121322632
9054,0.4788251519203186
9055,0.5686087012290955
9056,0.2571212649345398
9057,0.4404054582118988
9058,0.6649839282035828
9059,0.4965374767780304
9060,0.4941071569919586
9061,0.30226245522499084
9062,0.2533808946609497
9063,0.3754008114337921
9064,0.4714184105396271
9065,0.19762581586837769
9066,0.44602465629577637
9067,0.30380579829216003
9068,0.8068260550498962
9069,0.37821725010871887
9070,0.478954553604126
9071,0.7652547955513
9072,0.2779339849948883
9073,0.7261030077934265
9074,0.5344242453575134
9075,0.6108699440956116
9076,0.28345632553100586
9077,0.6702352166175842
9078,0.7520390152931213
9079,0.3115265667438507
9080,0.625893771648407
9081,0.6690354347229004
9082,0.6895250678062439
9083,0.17761215567588806
9084,0.2660745680332184
9085,0.7204678654670715
9086,0.5583025813102722
9087,0.7794543504714966
9088,0.2556318938732147
9089,0.5114465355873108
9090,0.2629157602787018
9091,0.39069971442222595
9092,0.6031755805015564
9093,0.4858722686767578
9094,0.5446721911430359
9095,0.5591984987258911
9096,0.43451735377311707
9097,0.478168785572052
9098,0.756334662437439
9099,0.5472274422645569
9100,0.288470059633255
9101,0.4402916729450226
9102,0.5117279887199402
9103,0.3689452111721039
9104,0.20053642988204956
9105,0.45556554198265076
9106,0.6095442771911621
9107,0.8351305723190308
9108,0.47673630714416504
9109,0.6918780207633972
9110,0.4337720572948456
9111,0.5282230973243713
9112,0.7055631279945374
9113,0.2865282893180847
9114,0.7507042288780212
9115,0.5855923295021057
9116,0.5172886848449707
9117,0.5540245175361633
9118,0.17358097434043884
9119,0.42673012614250183
9120,0.4132005572319031
9121,0.6737554669380188
9122,0.43679025769233704
9123,0.4136914312839508
9124,0.22582218050956726
9125,0.7832043766975403
9126,0.7497159838676453
9127,0.4697260856628418
9128,0.8043383359909058
9129,0.3183913230895996
9130,0.2892692983150482
9131,0.6894322633743286
9132,0.614067018032074
9133,0.754543125629425
9134,0.613862931728363
9135,0.5526266694068909
9136,0.5493900775909424
9137,0.4766048491001129
9138,0.511289119720459
9139,0.4869978725910187
9140,0.5267626047134399
9141,0.4718434810638428
9142,0.5124863982200623
9143,0.705268919467926
9144,0.8091863393783569
9145,0.7206777930259705
9146,0.7738237977027893
9147,0.30991652607917786
9148,0.38501882553100586
9149,0.4238356053829193
9150,0.575105607509613
9151,0.7406547665596008
9152,0.20288154482841492
9153,0.7774878740310669
9154,0.4080815613269806
9155,0.5431185364723206
9156,0.8264128565788269
9157,0.3303205072879791
9158,0.43917202949523926
9159,0.394917756319046
9160,0.17723053693771362
9161,0.668202817440033
9162,0.29386574029922485
9163,0.5957764983177185
9164,0.1742526888847351
9165,0.28621140122413635
9166,0.2308262586593628
9167,0.5136675238609314
9168,0.519493043422699
9169,0.5970626473426819
9170,0.3003980815410614
9171,0.7643111348152161
9172,0.4476732909679413
9173,0.45708751678466797
9174,0.5074005722999573
9175,0.6954101920127869
9176,0.5209595561027527
9177,0.2625049948692322
9178,0.6550009846687317
9179,0.7513192296028137
9180,0.20633548498153687
9181,0.2231156826019287
9182,0.7800145149230957
9183,0.41446414589881897
9184,0.42348113656044006
9185,0.44792619347572327
9186,0.5607495903968811
9187,0.6970123648643494
9188,0.6546315550804138
9189,0.3800636827945709
9190,0.3825245797634125
9191,0.7461196780204773
9192,0.28865063190460205
9193,0.7249192595481873
9194,0.6081408262252808
9195,0.6285164952278137
9196,0.40098515152931213
9197,0.41419050097465515
9198,0.393542617559433
9199,0.7513313293457031
9200,0.48907509446144104
9201,0.8430887460708618
9202,0.7098773121833801
9203,0.8249399065971375
9204,0.3483611047267914
9205,0.40626293420791626
9206,0.6418883204460144
9207,0.3820139169692993
9208,0.45765194296836853
9209,0.8471676111221313
9210,0.3349854648113251
9211,0.5360156297683716
9212,0.8174955248832703
9213,0.46870729327201843
9214,0.6701114773750305
9215,0.48248055577278137
9216,0.17886224389076233
9217,0.651306688785553
9218,0.4980009198188782
9219,0.8420379757881165
9220,0.8031476140022278
9221,0.6135182976722717
9222,0.7055031657218933
9223,0.16400232911109924
9224,0.5716279149055481
9225,0.5976707935333252
9226,0.8428338170051575
9227,0.574652373790741
9228,0.3882385492324829
9229,0.39150118827819824
9230,0.318182110786438
9231,0.48291072249412537
9232,0.380297988653183
9233,0.5820412039756775
9234,0.57831209897995
9235,0.6486852765083313
9236,0.6326121687889099
9237,0.3835331201553345
9238,0.17395663261413574
9239,0.3910183608531952
9240,0.18177151679992676
9241,0.8049648404121399
9242,0.6492956280708313
9243,0.6174758672714233
9244,0.45910003781318665
9245,0.6279750466346741
9246,0.23350432515144348
9247,0.2717846632003784
9248,0.6728039383888245
9249,0.6243692636489868
9250,0.7441592812538147
9251,0.7265526652336121
9252,0.6026424169540405
9253,0.5018398761749268
9254,0.624912440776825
9255,0.4254026412963867
9256,0.8210675716400146
9257,0.26136571168899536
9258,0.28261253237724304
9259,0.4066351652145386
9260,0.8494116067886353
9261,0.4728178083896637
9262,0.5327711701393127
9263,0.20893338322639465
9264,0.5233595967292786
9265,0.5128266215324402
9266,0.7356706261634827
9267,0.3578271269798279
9268,0.779141366481781
9269,0.20115706324577332
9270,0.6536886096000671
9271,0.42555221915245056
9272,0.5471835732460022
9273,0.2922373116016388
9274,0.7311184406280518
9275,0.6461471915245056
9276,0.5870570540428162
9277,0.6649271845817566
9278,0.4554407000541687
9279,0.5966071486473083
9280,0.2695853114128113
9281,0.5048683881759644
9282,0.1522817313671112
9283,0.6196895241737366
9284,0.6482964158058167
9285,0.8444060683250427
9286,0.6391038298606873
9287,0.5563085675239563
9288,0.8342399597167969
9289,0.7220235466957092
9290,0.6618896126747131
9291,0.6869331002235413
9292,0.31896069645881653
9293,0.3555988371372223
9294,0.5929901599884033
9295,0.8205108046531677
9296,0.6000792980194092
9297,0.7175342440605164
9298,0.3134128451347351
9299,0.782816469669342
9300,0.7181237936019897
9301,0.5777512192726135
9302,0.5700898766517639
9303,0.721613347530365
9304,0.2705956697463989
9305,0.6071040630340576
9306,0.6711648106575012
9307,0.32956311106681824
9308,0.4995577335357666
9309,0.5769162774085999
9310,0.6685892939567566
9311,0.36334845423698425
9312,0.7742299437522888
9313,0.2120586633682251
9314,0.36908748745918274
9315,0.48748213052749634
9316,0.2897197902202606
9317,0.3377242684364319
9318,0.47065478563308716
9319,0.5568899512290955
9320,0.7253129482269287
9321,0.5748175978660583
9322,0.5961412787437439
9323,0.17999732494354248
9324,0.46663519740104675
9325,0.5744181275367737
9326,0.5188350081443787
9327,0.3756203353404999
9328,0.44946226477622986
9329,0.3751262128353119
9330,0.5448078513145447
9331,0.5879705548286438
9332,0.5357304215431213
9333,0.7141063213348389
9334,0.7922007441520691
9335,0.25009727478027344
9336,0.35734814405441284
9337,0.34495288133621216
9338,0.4202772080898285
9339,0.20615699887275696
9340,0.6823616623878479
9341,0.6574175357818604
9342,0.668865978717804
9343,0.6185175776481628
9344,0.7534183859825134
9345,0.7347497344017029
9346,0.2971349060535431
9347,0.5954263806343079
9348,0.40353143215179443
9349,0.7147403359413147
9350,0.39197903871536255
9351,0.5788077116012573
9352,0.33378639817237854
9353,0.7129209637641907
9354,0.7092881798744202
9355,0.5260627865791321
9356,0.33892637491226196
9357,0.8227524161338806
9358,0.6348313689231873
9359,0.38827550411224365
9360,0.33476412296295166
9361,0.6245434284210205
9362,0.4930877387523651
9363,0.4871152937412262
9364,0.33700671792030334
9365,0.6008377075195312
9366,0.44591185450553894
9367,0.5459515452384949
9368,0.30341675877571106
9369,0.5797528624534607
9370,0.5108798146247864
9371,0.6376485228538513
9372,0.34868118166923523
9373,0.146659255027771
9374,0.6261001229286194
9375,0.4698069393634796
9376,0.27605876326560974
9377,0.4682430028915405
9378,0.5903120636940002
9379,0.353702187538147
9380,0.5829671025276184
9381,0.5967379808425903
9382,0.4576819837093353
9383,0.19159841537475586
9384,0.7759674191474915
9385,0.2238103747367859
9386,0.5207265019416809
9387,0.22726643085479736
9388,0.6265012621879578
9389,0.836209237575531
9390,0.4604596197605133
9391,0.7239231467247009
9392,0.3859003782272339
9393,0.2842457890510559
9394,0.7808309197425842
9395,0.665662407875061
9396,0.7313410043716431
9397,0.39921295642852783
9398,0.4481184184551239
9399,0.5241341590881348
9400,0.3782626688480377
9401,0.4486745297908783
9402,0.15470272302627563
9403,0.8310410380363464
9404,0.46862903237342834
9405,0.1618553102016449
9406,0.49651098251342773
9407,0.4803292453289032
9408,0.8415377736091614
9409,0.5467583537101746
9410,0.5253711938858032
9411,0.21744832396507263
9412,0.4881885349750519
9413,0.5223780274391174
9414,0.5920446515083313
9415,0.74480140209198
9416,0.5423803925514221
9417,0.5157984495162964
9418,0.36699774861335754
9419,0.5612606406211853
9420,0.37985870242118835
9421,0.5723148584365845
9422,0.574524462223053
9423,0.523561954498291
9424,0.5374661087989807
9425,0.4344031512737274
9426,0.5741561055183411
9427,0.7322978377342224
9428,0.6575369238853455
9429,0.310922235250473
9430,0.28751760721206665
9431,0.493186891078949
9432,0.40433135628700256
9433,0.6820947527885437
9434,0.5465089082717896
9435,0.614918053150177
9436,0.5296438336372375
9437,0.22830626368522644
9438,0.5838541984558105
9439,0.2396925985813141
9440,0.47709742188453674
9441,0.5836180448532104
9442,0.5752864480018616
9443,0.44774699211120605
9444,0.7877656817436218
9445,0.3810931444168091
9446,0.8093010783195496
9447,0.30281010270118713
9448,0.6563882827758789
9449,0.20811894536018372
9450,0.8454939723014832
9451,0.473346471786499
9452,0.44798165559768677
9453,0.29275262355804443
9454,0.30936476588249207
9455,0.3896467983722687
9456,0.6943158507347107
9457,0.6438844799995422
9458,0.11319825053215027
9459,0.3685094118118286
9460,0.45668014883995056
9461,0.41289544105529785
9462,0.3075615465641022
9463,0.7364696860313416
9464,0.5767171382904053
9465,0.47808563709259033
9466,0.430293470621109
9467,0.573870837688446
9468,0.44740355014801025
9469,0.8177346587181091
9470,0.8326503038406372
9471,0.6983248591423035
9472,0.3428053855895996
9473,0.5539532899856567
9474,0.7028257250785828
9475,0.6413649320602417
9476,0.4549793004989624
9477,0.20590299367904663
9478,0.3935200273990631
9479,0.7194681763648987
9480,0.5166216492652893
9481,0.7077784538269043
9482,0.7209238409996033
9483,0.3972242772579193
9484,0.2504994571208954
9485,0.2791634798049927
9486,0.4655143916606903
9487,0.7551624178886414
9488,0.7167860865592957
9489,0.4227938652038574
9490,0.4473113715648651
9491,0.30752691626548767
9492,0.6849513053894043
9493,0.702879011631012
9494,0.5061012506484985
9495,0.20164072513580322
9496,0.21448835730552673
9497,0.44077032804489136
9498,0.2783055305480957
9499,0.33056995272636414
9500,0.7819437384605408
9501,0.46823644638061523
9502,0.7171748876571655
9503,0.471152663230896
9504,0.28171125054359436
9505,0.34023335576057434
9506,0.45255619287490845
9507,0.45468804240226746
9508,0.4509575664997101
9509,0.42362573742866516
9510,0.7587594389915466
9511,0.7279480695724487
9512,0.5574949383735657
9513,0.6518495678901672
9514,0.3563995361328125
9515,0.6589146852493286
9516,0.41763541102409363
9517,0.826022744178772
9518,0.3391122817993164
9519,0.8206766247749329
9520,0.3323846161365509
9521,0.415676087141037
9522,0.5137888789176941
9523,0.46782389283180237
9524,0.21753525733947754
9525,0.8328306674957275
9526,0.3304579257965088
9527,0.24055442214012146
9528,0.5291158556938171
9529,0.8192236423492432
9530,0.3160410225391388
9531,0.6320214867591858
9532,0.38661253452301025
9533,0.5545467734336853
9534,0.6165198683738708
9535,0.6748489737510681
9536,0.802245557308197
9537,0.4800815284252167
9538,0.39872458577156067
9539,0.43319541215896606
9540,0.26948463916778564
9541,0.45890897512435913
9542,0.6310483813285828
9543,0.3383735418319702
9544,0.41559740900993347
9545,0.8196095824241638
9546,0.5550747513771057
9547,0.28054484724998474
9548,0.37624090909957886
9549,0.8329271674156189
9550,0.5096461772918701
9551,0.6264774203300476
9552,0.4258224666118622
9553,0.68780118227005
9554,0.5592374205589294
9555,0.6443431377410889
9556,0.6238324642181396
9557,0.5013580322265625
9558,0.5796477198600769
9559,0.33663854002952576
9560,0.46242856979370117
9561,0.4449458420276642
9562,0.6669090986251831
9563,0.4801807403564453
9564,0.6888766884803772
9565,0.5347935557365417
9566,0.7119359970092773
9567,0.536903440952301
9568,0.5582748055458069
9569,0.6249498724937439
9570,0.564664900302887
9571,0.3918677270412445
9572,0.28767475485801697
9573,0.6832602024078369
9574,0.3759012222290039
9575,0.6280192732810974
9576,0.5039724707603455
9577,0.6292454600334167
9578,0.7424449920654297
9579,0.5470373034477234
9580,0.417009174823761
9581,0.4915867745876312
9582,0.6135839819908142
9583,0.29365599155426025
9584,0.22635862231254578
9585,0.5703297853469849
9586,0.41966918110847473
9587,0.29209843277931213
9588,0.7637353539466858
9589,0.5802516341209412
9590,0.5356277227401733
9591,0.7962771654129028
9592,0.5049366354942322
9593,0.21337422728538513
9594,0.3702544867992401
9595,0.7462998628616333
9596,0.6401222944259644
9597,0.5281476974487305
9598,0.30400949716567993
9599,0.3088235557079315
9600,0.33617281913757324
9601,0.3985408842563629
9602,0.23944604396820068
9603,0.3996022045612335
9604,0.7418521046638489
9605,0.49153396487236023
9606,0.5322936177253723
9607,0.7021023035049438
9608,0.55268394947052
9609,0.619903028011322
9610,0.4939057230949402
9611,0.5969876646995544
9612,0.5862227082252502
9613,0.353281706571579
9614,0.6600944995880127
9615,0.39750632643699646
9616,0.5482389330863953
9617,0.6174032092094421
9618,0.4243218004703522
9619,0.5486845374107361
9620,0.43221554160118103
9621,0.5192744135856628
9622,0.5420690774917603
9623,0.4427669644355774
9624,0.14186570048332214
9625,0.7114849090576172
9626,0.6331872344017029
9627,0.1746227741241455
9628,0.5125840306282043
9629,0.5534926056861877
9630,0.8430152535438538
9631,0.7145287394523621
9632,0.5593214631080627
9633,0.15881985425949097
9634,0.5306374430656433
9635,0.824464738368988
9636,0.43669113516807556
9637,0.40517041087150574
9638,0.7494761943817139
9639,0.577636182308197
9640,0.1408793330192566
9641,0.34778353571891785
9642,0.6919000744819641
9643,0.5468894839286804
9644,0.516267716884613
9645,0.8164436221122742
9646,0.68011474609375
9647,0.736818253993988
9648,0.19990792870521545
9649,0.7974478006362915
9650,0.14373943209648132
9651,0.20363229513168335
9652,0.20843517780303955
9653,0.49012699723243713
9654,0.6365129947662354
9655,0.5088897347450256
9656,0.695453405380249
9657,0.373831570148468
9658,0.4961074888706207
9659,0.48089098930358887
9660,0.4610390067100525
9661,0.4149581491947174
9662,0.2968989610671997
9663,0.5668794512748718
9664,0.4498808979988098
9665,0.8255211710929871
9666,0.6394466161727905
9667,0.34439617395401
9668,0.5216260552406311
9669,0.5018434524536133
9670,0.3015989065170288
9671,0.5127020478248596
9672,0.5082796216011047
9673,0.3506944179534912
9674,0.3119456171989441
9675,0.6293081641197205
9676,0.6863425374031067
9677,0.6576723456382751
9678,0.3881521224975586
9679,0.6368486285209656
9680,0.37962278723716736
9681,0.768073558807373
9682,0.616968035697937
9683,0.34866175055503845
9684,0.4686543643474579
9685,0.24275687336921692
9686,0.34991148114204407
9687,0.5079823136329651
9688,0.7331002950668335
9689,0.36878564953804016
9690,0.4152754247188568
9691,0.28587228059768677
9692,0.5545045137405396
9693,0.4330736994743347
9694,0.4759717285633087
9695,0.7782488465309143
9696,0.42884230613708496
9697,0.5938403606414795
9698,0.630237877368927
9699,0.696742594242096
9700,0.7649365067481995
9701,0.47396501898765564
9702,0.8139862418174744
9703,0.3571990430355072
9704,0.23596301674842834
9705,0.7450631260871887
9706,0.5337481498718262
9707,0.4183247983455658
9708,0.6014856696128845
9709,0.29913243651390076
9710,0.6842162013053894
9711,0.619015634059906
9712,0.2962193489074707
9713,0.5827112793922424
9714,0.726021409034729
9715,0.362214595079422
9716,0.5169064402580261
9717,0.22513911128044128
9718,0.24501636624336243
9719,0.1328895390033722
9720,0.5988360643386841
9721,0.605866014957428
9722,0.7197431921958923
9723,0.7708438038825989
9724,0.811121940612793
9725,0.7830178141593933
9726,0.36901262402534485
9727,0.4965691566467285
9728,0.7338265776634216
9729,0.5040701627731323
9730,0.6035458445549011
9731,0.46578672528266907
9732,0.18489843606948853
9733,0.3061257600784302
9734,0.5095455646514893
9735,0.4411247670650482
9736,0.6330776214599609
9737,0.8002864718437195
9738,0.5484968423843384
9739,0.588358461856842
9740,0.5745165944099426
9741,0.37886759638786316
9742,0.4035346806049347
9743,0.3054419457912445
9744,0.5977265238761902
9745,0.2182181477546692
9746,0.3487078845500946
9747,0.26167646050453186
9748,0.8130761384963989
9749,0.5597481727600098
9750,0.6223257184028625
9751,0.4894023835659027
9752,0.5049952268600464
9753,0.23265525698661804
9754,0.6222434043884277
9755,0.31012821197509766
9756,0.532982349395752
9757,0.724087655544281
9758,0.5535740852355957
9759,0.6477537751197815
9760,0.8312280178070068
9761,0.28552964329719543
9762,0.4577537775039673
9763,0.556358277797699
9764,0.1536368727684021
9765,0.4290425777435303
9766,0.414935439825058
9767,0.7407143712043762
9768,0.5641816258430481
9769,0.19599595665931702
9770,0.4147086441516876
9771,0.8024923801422119
9772,0.5998351573944092
9773,0.5270594358444214
9774,0.4004019796848297
9775,0.7099475860595703
9776,0.5947660207748413
9777,0.44383493065834045
9778,0.43357571959495544
9779,0.253758043050766
9780,0.4027670919895172
9781,0.16337087750434875
9782,0.4946076273918152
9783,0.6882975697517395
9784,0.5782080888748169
9785,0.3456231951713562
9786,0.24458259344100952
9787,0.4225323796272278
9788,0.27567461133003235
9789,0.5727288722991943
9790,0.6460691094398499
9791,0.2083231508731842
9792,0.5409846305847168
9793,0.5021510720252991
9794,0.34077325463294983
9795,0.7955338358879089
9796,0.5524206757545471
9797,0.3609631657600403
9798,0.7691734433174133
9799,0.6809022426605225
9800,0.3692566156387329
9801,0.3755285441875458
9802,0.36841294169425964
9803,0.8139591813087463
9804,0.5595642924308777
9805,0.4351603090763092
9806,0.688535213470459
9807,0.3008478581905365
9808,0.4781935513019562
9809,0.47037288546562195
9810,0.45097869634628296
9811,0.42031311988830566
9812,0.7821076512336731
9813,0.6324671506881714
9814,0.8324492573738098
9815,0.4441581666469574
9816,0.3070661127567291
9817,0.22477346658706665
9818,0.50425785779953
9819,0.36394786834716797
9820,0.6348600387573242
9821,0.22510391473770142
9822,0.3176894783973694
9823,0.18725398182868958
9824,0.35494476556777954
9825,0.45906099677085876
9826,0.6541054248809814
9827,0.466276615858078
9828,0.5216280221939087
9829,0.7568127512931824
9830,0.33495062589645386
9831,0.4201154112815857
9832,0.8287954926490784
9833,0.5292010307312012
9834,0.3754369914531708
9835,0.6352258920669556
9836,0.42610910534858704
9837,0.6608597636222839
9838,0.35122671723365784
9839,0.5146924257278442
9840,0.6904413104057312
9841,0.3793613016605377
9842,0.5262598395347595
9843,0.37170103192329407
9844,0.47080594301223755
9845,0.5513895153999329
9846,0.5503121018409729
9847,0.19917207956314087
9848,0.44030842185020447
9849,0.8108018040657043
9850,0.549249529838562
9851,0.3401690423488617
9852,0.44143274426460266
9853,0.3772258460521698
9854,0.6018710732460022
9855,0.26994451880455017
9856,0.5809604525566101
9857,0.21366801857948303
9858,0.6158389449119568
9859,0.21904757618904114
9860,0.7997288107872009
9861,0.5373932719230652
9862,0.5469568371772766
9863,0.18814891576766968
9864,0.4129880368709564
9865,0.39365100860595703
9866,0.7887411713600159
9867,0.5482518076896667
9868,0.3192389905452728
9869,0.26245051622390747
9870,0.5151514410972595
9871,0.6636146306991577
9872,0.3780078887939453
9873,0.7929032444953918
9874,0.7872254252433777
9875,0.355353444814682
9876,0.36802005767822266
9877,0.1992853283882141
9878,0.6223840713500977
9879,0.4235227704048157
9880,0.7101739048957825
9881,0.49917617440223694
9882,0.7156988978385925
9883,0.3523116111755371
9884,0.41419243812561035
9885,0.2852085828781128
9886,0.761115312576294
9887,0.5129538178443909
9888,0.359057754278183
9889,0.5716643333435059
9890,0.6821895837783813
9891,0.3847573399543762
9892,0.68478924036026
9893,0.3972051441669464
9894,0.700077474117279
9895,0.41788187623023987
9896,0.8144155144691467
9897,0.5602550506591797
9898,0.3894135057926178
9899,0.3795667290687561
9900,0.6802783012390137
9901,0.6860447525978088
9902,0.3662435710430145
9903,0.8603958487510681
9904,0.7533820867538452
9905,0.599105179309845
9906,0.3461502492427826
9907,0.7819442749023438
9908,0.396585077047348
9909,0.4433256685733795
9910,0.637188732624054
9911,0.6605421900749207
9912,0.5772575736045837
9913,0.3733801245689392
9914,0.5709291100502014
9915,0.4679490625858307
9916,0.5540705323219299
9917,0.47123008966445923
9918,0.32297444343566895
9919,0.7197114825248718
9920,0.29849931597709656
9921,0.5504878163337708
9922,0.33476951718330383
9923,0.8171232342720032
9924,0.2523137331008911
9925,0.7666128277778625
9926,0.400439977645874
9927,0.758971631526947
9928,0.16763576865196228
9929,0.35434868931770325
9930,0.20730799436569214
9931,0.631130039691925
9932,0.7275503277778625
9933,0.5035808682441711
9934,0.28079092502593994
9935,0.5865816473960876
9936,0.4459758698940277
9937,0.8103988766670227
9938,0.2940911054611206
9939,0.7361201643943787
9940,0.5696232914924622
9941,0.43687915802001953
9942,0.5401143431663513
9943,0.32428985834121704
9944,0.7208475470542908
9945,0.3096640706062317
9946,0.8385538458824158
9947,0.4221396744251251
9948,0.5401600003242493
9949,0.4236781597137451
9950,0.26894304156303406
9951,0.7412939667701721
9952,0.387898325920105
9953,0.7890259623527527
9954,0.4903210401535034
9955,0.3692643940448761
9956,0.4477028548717499
9957,0.4417870342731476
9958,0.2880059778690338
9959,0.46503111720085144
9960,0.4511679708957672
9961,0.8150257468223572
9962,0.5564530491828918
9963,0.31154707074165344
9964,0.7820704579353333
9965,0.7644961476325989
9966,0.5391954779624939
9967,0.6380382180213928
9968,0.34433960914611816
9969,0.5361834168434143
9970,0.43188607692718506
9971,0.5839094519615173
9972,0.6619760990142822
9973,0.27028465270996094
9974,0.7886971831321716
9975,0.6143644452095032
9976,0.45159587264060974
9977,0.8648205399513245
9978,0.6136454939842224
9979,0.4309779405593872
9980,0.617617666721344
9981,0.5859534740447998
9982,0.6521844863891602
9983,0.7537364363670349
9984,0.8101515173912048
9985,0.4977915585041046
9986,0.31888547539711
9987,0.6223563551902771
9988,0.7354736924171448
9989,0.6528982520103455
9990,0.640241265296936
9991,0.8360338807106018
9992,0.8708783984184265
9993,0.17474102973937988
9994,0.7731428742408752
9995,0.3908787667751312
9996,0.3977707624435425
9997,0.5046771764755249
9998,0.596523106098175
9999,0.6019840836524963
10000,0.2683294713497162
10001,0.2289944291114807
10002,0.2634158134460449
10003,0.5218811631202698
10004,0.2197425365447998
10005,0.8176131248474121
10006,0.3268444538116455
10007,0.42636093497276306
10008,0.387202650308609
10009,0.5440971851348877
10010,0.7394747734069824
10011,0.512971043586731
10012,0.6466421484947205
10013,0.4647638499736786
10014,0.183919757604599
10015,0.4936548173427582
10016,0.7465876936912537
10017,0.8050233721733093
10018,0.3299996852874756
10019,0.5682805776596069
10020,0.44760826230049133
10021,0.4737817943096161
10022,0.6803482174873352
10023,0.7588368058204651
10024,0.5375365614891052
10025,0.4274737536907196
10026,0.3640775978565216
10027,0.2624361217021942
10028,0.49450382590293884
10029,0.5374191403388977
10030,0.46385177969932556
10031,0.25179654359817505
10032,0.419477254152298
10033,0.212357759475708
10034,0.6388258337974548
10035,0.5350216031074524
10036,0.5505958199501038
10037,0.3812112510204315
10038,0.3660861849784851
10039,0.5601400136947632
10040,0.2045435905456543
10041,0.49687379598617554
10042,0.7558432817459106
10043,0.8035628199577332
10044,0.44804805517196655
10045,0.7921271920204163
10046,0.4127877354621887
10047,0.44292354583740234
10048,0.6848798394203186
10049,0.8097088932991028
10050,0.757931649684906
10051,0.5157058835029602
10052,0.6384610533714294
10053,0.5508067011833191
10054,0.4128153324127197
10055,0.3094387352466583
10056,0.47943124175071716
10057,0.5415200591087341
10058,0.564670979976654
10059,0.505183756351471
10060,0.8043093681335449
10061,0.39316800236701965
10062,0.43895140290260315
10063,0.3074277937412262
10064,0.3658801019191742
10065,0.47431930899620056
10066,0.4588906168937683
10067,0.704166829586029
10068,0.4451829791069031
10069,0.7247552275657654
10070,0.5958397388458252
10071,0.3453071415424347
10072,0.3478288948535919
10073,0.318580687046051
10074,0.3798675239086151
10075,0.46042123436927795
10076,0.25911828875541687
10077,0.37707266211509705
10078,0.7842769026756287
10079,0.8491812944412231
10080,0.5392836928367615
10081,0.6649720668792725
10082,0.6274453997612
10083,0.48302391171455383
10084,0.4122939705848694
10085,0.28138595819473267
10086,0.3489542305469513
10087,0.34911859035491943
10088,0.5397337079048157
10089,0.546754777431488
10090,0.33803489804267883
10091,0.5622472763061523
10092,0.8163040280342102
10093,0.7957900166511536
10094,0.6482430100440979
10095,0.5366275906562805
10096,0.4530845880508423
10097,0.7299953103065491
10098,0.4465823471546173
10099,0.3629554808139801
10100,0.4740598499774933
10101,0.5075250267982483
10102,0.6897575259208679
10103,0.1375223696231842
10104,0.3317371606826782
10105,0.7905699014663696
10106,0.4171278178691864
10107,0.5280134081840515
10108,0.7940452694892883
10109,0.7852879166603088
10110,0.5818536877632141
10111,0.3401916027069092
10112,0.29014453291893005
10113,0.25424498319625854
10114,0.6689881682395935
10115,0.5854558348655701
10116,0.5860932469367981
10117,0.3908202350139618
10118,0.341884583234787
10119,0.4893870949745178
10120,0.6934367418289185
10121,0.4059092700481415
10122,0.5989201068878174
10123,0.7266154289245605
10124,0.6617441773414612
10125,0.5392778515815735
10126,0.4687036871910095
10127,0.4974457323551178
10128,0.2271512746810913
10129,0.40516358613967896
10130,0.33888062834739685
10131,0.1959621012210846
10132,0.4409692585468292
10133,0.8119205832481384
10134,0.531358003616333
10135,0.6436557173728943
10136,0.44203057885169983
10137,0.42946428060531616
10138,0.3844873309135437
10139,0.8304648399353027
10140,0.8355122804641724
10141,0.43706586956977844
10142,0.5482131838798523
10143,0.28547245264053345
10144,0.5466840863227844
10145,0.6146973967552185
10146,0.7868430614471436
10147,0.8137843012809753
10148,0.5892400145530701
10149,0.5056931376457214
10150,0.6443639397621155
10151,0.2867772877216339
10152,0.782584547996521
10153,0.40851864218711853
10154,0.36770421266555786
10155,0.5635839104652405
10156,0.5433568358421326
10157,0.4958823025226593
10158,0.46683022379875183
10159,0.7924218773841858
10160,0.8218278884887695
10161,0.502503514289856
10162,0.1598532795906067
10163,0.16798469424247742
10164,0.8587788939476013
10165,0.21778354048728943
10166,0.24204951524734497
10167,0.3845527470111847
10168,0.7420433163642883
10169,0.4117266833782196
10170,0.28480085730552673
10171,0.31662634015083313
10172,0.6848995089530945
10173,0.8020502924919128
10174,0.4167878031730652
10175,0.4280191957950592
10176,0.7368035912513733
10177,0.5465949773788452
10178,0.5009447932243347
10179,0.7030131220817566
10180,0.4493761956691742
10181,0.2673216760158539
10182,0.4448651373386383
10183,0.5360538959503174
10184,0.5453245639801025
10185,0.6160218119621277
10186,0.5204551815986633
10187,0.6459588408470154
10188,0.4413214325904846
10189,0.7148579955101013
10190,0.4696779251098633
10191,0.45047998428344727
10192,0.7529030442237854
10193,0.383053719997406
10194,0.3938722014427185
10195,0.267679899930954
10196,0.25580403208732605
10197,0.5737047791481018
10198,0.6517539620399475
10199,0.39463555812835693
10200,0.326437383890152
10201,0.8169323801994324
10202,0.5305690169334412
10203,0.5378566980361938
10204,0.8719631433486938
10205,0.3740285336971283
10206,0.5221775770187378
10207,0.7424606680870056
10208,0.6457473039627075
10209,0.47133031487464905
10210,0.416731059551239
10211,0.5607886910438538
10212,0.39282986521720886
10213,0.731544554233551
10214,0.5614238381385803
10215,0.6808434128761292
10216,0.730423629283905
10217,0.8296895027160645
10218,0.542794406414032
10219,0.7279155254364014
10220,0.5932005047798157
10221,0.7514735460281372
10222,0.3435153067111969
10223,0.7448663115501404
10224,0.23163571953773499
10225,0.7114174962043762
10226,0.2869361639022827
10227,0.6098271012306213
10228,0.2173745334148407
10229,0.7536993622779846
10230,0.588687539100647
10231,0.4685765206813812
10232,0.637732207775116
10233,0.3965563178062439
10234,0.5111368894577026
10235,0.629639208316803
10236,0.5783150792121887
10237,0.570037841796875
10238,0.24747538566589355
10239,0.2394738793373108
10240,0.8272804021835327
10241,0.6699473857879639
10242,0.5449763536453247
10243,0.36490708589553833
10244,0.4072868525981903
10245,0.47645533084869385
10246,0.186055988073349
10247,0.5115576386451721
10248,0.769862949848175
10249,0.2862146198749542
10250,0.453855037689209
10251,0.5253865122795105
10252,0.8492076992988586
10253,0.5378301739692688
10254,0.8148505091667175
10255,0.6893875002861023
10256,0.624588131904602
10257,0.8188599348068237
10258,0.50127774477005
10259,0.38807716965675354
10260,0.5607132911682129
10261,0.7548757195472717
10262,0.7796595692634583
10263,0.3874799311161041
10264,0.35392090678215027
10265,0.626798689365387
10266,0.5707778334617615
10267,0.5689607262611389
10268,0.7919016480445862
10269,0.4230450391769409
10270,0.6274294257164001
10271,0.7560359835624695
10272,0.5627748370170593
10273,0.8060666918754578
10274,0.7522879242897034
10275,0.7525627017021179
10276,0.6706586480140686
10277,0.33514145016670227
10278,0.3932046890258789
10279,0.4215846657752991
10280,0.30968761444091797
10281,0.7792448401451111
10282,0.4314553439617157
10283,0.21199992299079895
10284,0.6448182463645935
10285,0.22123649716377258
10286,0.2614440321922302
10287,0.5951821208000183
10288,0.7415587306022644
10289,0.5362313389778137
10290,0.2009246051311493
10291,0.38243725895881653
10292,0.6259841918945312
10293,0.5068753361701965
10294,0.8503122925758362
10295,0.6668351292610168
10296,0.7528765201568604
10297,0.8438200354576111
10298,0.28485187888145447
10299,0.6329531073570251
10300,0.26044967770576477
10301,0.5939638018608093
10302,0.46493592858314514
10303,0.2511956989765167
10304,0.43075138330459595
10305,0.6333359479904175
10306,0.24646350741386414
10307,0.42868712544441223
10308,0.5551287531852722
10309,0.5640733242034912
10310,0.4341837763786316
10311,0.39620545506477356
10312,0.21631935238838196
10313,0.5172588229179382
10314,0.7778629660606384
10315,0.1717047095298767
10316,0.2913811504840851
10317,0.26762211322784424
10318,0.7190048098564148
10319,0.7488219141960144
10320,0.5661121010780334
10321,0.5091881155967712
10322,0.687666654586792
10323,0.6384474635124207
10324,0.6956862807273865
10325,0.39763450622558594
10326,0.21929994225502014
10327,0.21753764152526855
10328,0.36281582713127136
10329,0.5462024807929993
10330,0.7937228083610535
10331,0.766611635684967
10332,0.2897683084011078
10333,0.7702510952949524
10334,0.6223185658454895
10335,0.47484660148620605
10336,0.5974675416946411
10337,0.3415585458278656
10338,0.4909723699092865
10339,0.4879739582538605
10340,0.8548691868782043
10341,0.6142868399620056
10342,0.3448279798030853
10343,0.20226481556892395
10344,0.42634066939353943
10345,0.5996888279914856
10346,0.5004013180732727
10347,0.6909627914428711
10348,0.41826701164245605
10349,0.7340154051780701
10350,0.3001256287097931
10351,0.522835910320282
10352,0.5051780343055725
10353,0.7135583758354187
10354,0.4976503551006317
10355,0.5836902260780334
10356,0.5526438355445862
10357,0.31028956174850464
10358,0.5743542909622192
10359,0.4161701500415802
10360,0.19834622740745544
10361,0.5089128017425537
10362,0.4440312683582306
10363,0.8233259320259094
10364,0.4210716784000397
10365,0.569500744342804
10366,0.4167756140232086
10367,0.49285009503364563
10368,0.3229290246963501
10369,0.7184898257255554
10370,0.19523364305496216
10371,0.5380252599716187
10372,0.24939316511154175
10373,0.5352466702461243
10374,0.27049264311790466
10375,0.6443001627922058
10376,0.8363487124443054
10377,0.6800136566162109
10378,0.6271457672119141
10379,0.5818547010421753
10380,0.5946778655052185
10381,0.5236704349517822
10382,0.6766887307167053
10383,0.7004235982894897
10384,0.6370454430580139
10385,0.35132867097854614
10386,0.5325226783752441
10387,0.7278977632522583
10388,0.8308535218238831
10389,0.7275276780128479
10390,0.5887565016746521
10391,0.17687931656837463
10392,0.5820737481117249
10393,0.5179077982902527
10394,0.7133693099021912
10395,0.6357505917549133
10396,0.2832993268966675
10397,0.6855387091636658
10398,0.18779301643371582
10399,0.7072239518165588
10400,0.3558204174041748
10401,0.4393881857395172
10402,0.7831613421440125
10403,0.8075402975082397
10404,0.30290159583091736
10405,0.6664734482765198
10406,0.3737320303916931
10407,0.22619500756263733
10408,0.5967673659324646
10409,0.7229379415512085
10410,0.2495039403438568
10411,0.36636266112327576
10412,0.27328285574913025
10413,0.26073652505874634
10414,0.7835984230041504
10415,0.25990918278694153
10416,0.5365167260169983
10417,0.7627842426300049
10418,0.6087751984596252
10419,0.19846108555793762
10420,0.610902726650238
10421,0.6160901188850403
10422,0.621454656124115
10423,0.5392968058586121
10424,0.6435443758964539
10425,0.3620479702949524
10426,0.5622205138206482
10427,0.38829779624938965
10428,0.7245344519615173
10429,0.8172487616539001
10430,0.689500093460083
10431,0.5070647597312927
10432,0.7606801390647888
10433,0.5597572922706604
10434,0.5889291167259216
10435,0.5005777478218079
10436,0.6658386588096619
10437,0.7384507656097412
10438,0.7492243647575378
10439,0.7909298539161682
10440,0.3269540071487427
10441,0.6604301333427429
10442,0.3388706147670746
10443,0.42643412947654724
10444,0.5978474617004395
10445,0.3624122440814972
10446,0.2988877296447754
10447,0.36813387274742126
10448,0.6619794368743896
10449,0.4128228425979614
10450,0.4445156753063202
10451,0.6478014588356018
10452,0.32380935549736023
10453,0.82734614610672
10454,0.766494870185852
10455,0.5906474590301514
10456,0.5584548711776733
10457,0.6967601776123047
10458,0.2810377776622772
10459,0.33876946568489075
10460,0.7510827779769897
10461,0.7597766518592834
10462,0.7668437361717224
10463,0.26215851306915283
10464,0.4644915759563446
10465,0.5664262175559998
10466,0.5706700086593628
10467,0.36051127314567566
10468,0.5445674061775208
10469,0.6796176433563232
10470,0.5538572669029236
10471,0.16351664066314697
10472,0.721302330493927
10473,0.43902072310447693
10474,0.8075312972068787
10475,0.6353909373283386
10476,0.4363350570201874
10477,0.572820782661438
10478,0.2812407612800598
10479,0.6063857078552246
10480,0.1570781171321869
10481,0.2198033630847931
10482,0.7430592179298401
10483,0.5862565040588379
10484,0.6148139834403992
10485,0.43163570761680603
10486,0.5927309393882751
10487,0.6698834896087646
10488,0.5284139513969421
10489,0.6970547437667847
10490,0.5535843372344971
10491,0.8301243185997009
10492,0.5165050029754639
10493,0.4556495249271393
10494,0.1891629695892334
10495,0.7925583124160767
10496,0.77757728099823
10497,0.48620158433914185
10498,0.5319448113441467
10499,0.6910967826843262
10500,0.3405460715293884
10501,0.19031283259391785
10502,0.6594038605690002
10503,0.5053296685218811
10504,0.39981609582901
10505,0.3296412229537964
10506,0.5304390788078308
10507,0.48470553755760193
10508,0.4025968611240387
10509,0.2753083407878876
10510,0.7441083788871765
10511,0.462833970785141
10512,0.6898232102394104
10513,0.45426779985427856
10514,0.6184309124946594
10515,0.5642016530036926
10516,0.5609515905380249
10517,0.3148268759250641
10518,0.5297189354896545
10519,0.23110255599021912
10520,0.561443567276001
10521,0.4344685971736908
10522,0.48498788475990295
10523,0.7852899432182312
10524,0.8165612816810608
10525,0.5566881895065308
10526,0.49737489223480225
10527,0.4597216844558716
10528,0.6960386633872986
10529,0.6717984676361084
10530,0.5811445116996765
10531,0.5957369208335876
10532,0.354452908039093
10533,0.601384162902832
10534,0.3658505082130432
10535,0.2697892487049103
10536,0.47456273436546326
10537,0.507555365562439
10538,0.8024359941482544
10539,0.7072650790214539
10540,0.4621455669403076
10541,0.5900014042854309
10542,0.45150235295295715
10543,0.404206246137619
10544,0.339322954416275
10545,0.7577077746391296
10546,0.2122858762741089
10547,0.5069383382797241
10548,0.8209074139595032
10549,0.5741631984710693
10550,0.842581570148468
10551,0.2854783535003662
10552,0.4203852117061615
10553,0.48375454545021057
10554,0.5318498015403748
10555,0.5238950848579407
10556,0.3477332890033722
10557,0.7228943705558777
10558,0.20828008651733398
10559,0.4428767263889313
10560,0.3482075035572052
10561,0.3855316936969757
10562,0.6209588050842285
10563,0.5302557945251465
10564,0.47797295451164246
10565,0.35957810282707214
10566,0.5374253988265991
10567,0.6106728911399841
10568,0.5882747769355774
10569,0.6251673102378845
10570,0.49569523334503174
10571,0.7208229899406433
10572,0.6260354518890381
10573,0.2402648627758026
10574,0.5550017952919006
10575,0.870479166507721
10576,0.6792683005332947
10577,0.3419755697250366
10578,0.31540626287460327
10579,0.7705733180046082
10580,0.8174798488616943
10581,0.38144245743751526
10582,0.7960278391838074
10583,0.7195398211479187
10584,0.28755584359169006
10585,0.44767287373542786
10586,0.8430400490760803
10587,0.8203356862068176
10588,0.6964297890663147
10589,0.19323775172233582
10590,0.3240411877632141
10591,0.33915483951568604
10592,0.48029211163520813
10593,0.6625201106071472
10594,0.5571271181106567
10595,0.356599897146225
10596,0.36264926195144653
10597,0.5587191581726074
10598,0.6108259558677673
10599,0.22243207693099976
10600,0.6289801597595215
10601,0.2170027792453766
10602,0.27018505334854126
10603,0.7751650810241699
10604,0.7766110301017761
10605,0.6289317607879639
10606,0.6006002426147461
10607,0.6475943922996521
10608,0.573205292224884
10609,0.6800232529640198
10610,0.6742684841156006
10611,0.8533263802528381
10612,0.23333260416984558
10613,0.33956292271614075
10614,0.3894679844379425
10615,0.42815878987312317
10616,0.39598917961120605
10617,0.714846134185791
10618,0.7397736310958862
10619,0.7601748108863831
10620,0.6046690940856934
10621,0.18747678399085999
10622,0.6082730889320374
10623,0.3591807782649994
10624,0.5520269870758057
10625,0.563154399394989
10626,0.8245946764945984
10627,0.29295438528060913
10628,0.6248174905776978
10629,0.663867175579071
10630,0.48095330595970154
10631,0.4187723696231842
10632,0.38443148136138916
10633,0.4642169773578644
10634,0.3108980655670166
10635,0.5434227585792542
10636,0.24753639101982117
10637,0.48250022530555725
10638,0.47378477454185486
10639,0.335215300321579
10640,0.17414763569831848
10641,0.7253276705741882
10642,0.5380317568778992
10643,0.5628562569618225
10644,0.5519236326217651
10645,0.5368885397911072
10646,0.34870532155036926
10647,0.5904988050460815
10648,0.41227850317955017
10649,0.5023280382156372
10650,0.35686108469963074
10651,0.42639169096946716
10652,0.49142298102378845
10653,0.6711592078208923
10654,0.4673070013523102
10655,0.32167550921440125
10656,0.7106514573097229
10657,0.47740638256073
10658,0.6259312033653259
10659,0.4039980173110962
10660,0.5782067179679871
10661,0.7823640704154968
10662,0.5833324790000916
10663,0.36544477939605713
10664,0.30242371559143066
10665,0.6261759400367737
10666,0.8019352555274963
10667,0.5104292631149292
10668,0.6237778663635254
10669,0.24369433522224426
10670,0.6453565955162048
10671,0.7193689346313477
10672,0.16885888576507568
10673,0.30613401532173157
10674,0.2749072313308716
10675,0.250078022480011
10676,0.7700689435005188
10677,0.8399227261543274
10678,0.6202621459960938
10679,0.7281168103218079
10680,0.3003430962562561
10681,0.6285199522972107
10682,0.5230390429496765
10683,0.3460836410522461
10684,0.22431546449661255
10685,0.5500565767288208
10686,0.5690777897834778
10687,0.6181768178939819
10688,0.14581191539764404
10689,0.6379834413528442
10690,0.1943201720714569
10691,0.7261713147163391
10692,0.4639374911785126
10693,0.37699130177497864
10694,0.14943787455558777
10695,0.7986084222793579
10696,0.6821781992912292
10697,0.49187666177749634
10698,0.5445540547370911
10699,0.6166265606880188
10700,0.4211726188659668
10701,0.6499235033988953
10702,0.5665341019630432
10703,0.6927911043167114
10704,0.3630814552307129
10705,0.648411214351654
10706,0.520950973033905
10707,0.6074101328849792
10708,0.613065779209137
10709,0.5383560657501221
10710,0.5510833859443665
10711,0.5556153655052185
10712,0.49728840589523315
10713,0.3952745497226715
10714,0.4548894166946411
10715,0.8065392374992371
10716,0.2523247003555298
10717,0.5450934767723083
10718,0.717351496219635
10719,0.41575682163238525
10720,0.44417139887809753
10721,0.3870869576931
10722,0.7394147515296936
10723,0.7043584585189819
10724,0.7589179277420044
10725,0.6661445498466492
10726,0.5046296715736389
10727,0.3249300420284271
10728,0.36958855390548706
10729,0.7333585619926453
10730,0.4214811623096466
10731,0.7699182629585266
10732,0.5204473733901978
10733,0.44717317819595337
10734,0.3515416979789734
10735,0.8246845602989197
10736,0.49422094225883484
10737,0.5246558785438538
10738,0.5037551522254944
10739,0.310977965593338
10740,0.7098296284675598
10741,0.1786394715309143
10742,0.6398418545722961
10743,0.8245373368263245
10744,0.4390997290611267
10745,0.2640654742717743
10746,0.8246219754219055
10747,0.16243767738342285
10748,0.5096791386604309
10749,0.2519592046737671
10750,0.20519739389419556
10751,0.7239072322845459
10752,0.7265675663948059
10753,0.7936541438102722
10754,0.2584381401538849
10755,0.4325494170188904
10756,0.24792641401290894
10757,0.49732962250709534
10758,0.350347101688385
10759,0.7534365057945251
10760,0.5016299486160278
10761,0.4803638160228729
10762,0.5042068362236023
10763,0.4113844037055969
10764,0.22037753462791443
10765,0.48044365644454956
10766,0.3680300712585449
10767,0.7934908270835876
10768,0.6535657644271851
10769,0.5068373680114746
10770,0.3942343294620514
10771,0.5539999008178711
10772,0.517993152141571
10773,0.7162112593650818
10774,0.8430728316307068
10775,0.667498767375946
10776,0.6045962572097778
10777,0.5563063025474548
10778,0.6082879900932312
10779,0.49548640847206116
10780,0.6598691344261169
10781,0.35953325033187866
10782,0.47323036193847656
10783,0.6318308115005493
10784,0.15588152408599854
10785,0.5754435658454895
10786,0.5832566618919373
10787,0.31302890181541443
10788,0.5309542417526245
10789,0.6625848412513733
10790,0.39376717805862427
10791,0.6814552545547485
10792,0.28013959527015686
10793,0.7333171367645264
10794,0.6121719479560852
10795,0.6273195147514343
10796,0.5733112692832947
10797,0.4955320358276367
10798,0.4481901228427887
10799,0.4798021614551544
10800,0.5978826880455017
10801,0.5977581143379211
10802,0.8217265009880066
10803,0.5670753121376038
10804,0.3269360363483429
10805,0.6868942975997925
10806,0.5821815133094788
10807,0.5131705403327942
10808,0.45520249009132385
10809,0.7226991057395935
10810,0.6015961766242981
10811,0.4472646713256836
10812,0.7945349216461182
10813,0.39289170503616333
10814,0.46846115589141846
10815,0.4616011083126068
10816,0.7677521705627441
10817,0.44086164236068726
10818,0.24351340532302856
10819,0.6203305125236511
10820,0.8347002863883972
10821,0.3713308572769165
10822,0.8263120055198669
10823,0.6182507872581482
10824,0.8328765630722046
10825,0.630376398563385
10826,0.836598813533783
10827,0.32858020067214966
10828,0.39666903018951416
10829,0.18409064412117004
10830,0.4632308781147003
10831,0.49433252215385437
10832,0.4911445081233978
10833,0.4413842260837555
10834,0.7964350581169128
10835,0.41186895966529846
10836,0.5247678756713867
10837,0.6394408345222473
10838,0.568359911441803
10839,0.7145465016365051
10840,0.6093066334724426
10841,0.8524511456489563
10842,0.46511542797088623
10843,0.7454419732093811
10844,0.15433457493782043
10845,0.6274188160896301
10846,0.2667977511882782
10847,0.3548172414302826
10848,0.7374752163887024
10849,0.30621516704559326
10850,0.7291781902313232
10851,0.6562603116035461
10852,0.6048871874809265
10853,0.646359384059906
10854,0.3383399248123169
10855,0.24769386649131775
10856,0.3851059377193451
10857,0.2107517421245575
10858,0.5050584673881531
10859,0.39209380745887756
10860,0.645824670791626
10861,0.5957834124565125
10862,0.7197450399398804
10863,0.7321755290031433
10864,0.6493433713912964
10865,0.4404914677143097
10866,0.5715938806533813
10867,0.6250123977661133
10868,0.8082593083381653
10869,0.785525918006897
10870,0.563220739364624
10871,0.6411879658699036
10872,0.5346305966377258
10873,0.36170703172683716
10874,0.47040092945098877
10875,0.6694285869598389
10876,0.6876371502876282
10877,0.5305238366127014
10878,0.7090098857879639
10879,0.7398378849029541
10880,0.2049667239189148
10881,0.7583168148994446
10882,0.5748031139373779
10883,0.5314989686012268
10884,0.7642551064491272
10885,0.24234065413475037
10886,0.3894331753253937
10887,0.27564573287963867
10888,0.4942377507686615
10889,0.5675960183143616
10890,0.5218386650085449
10891,0.61670982837677
10892,0.5414317846298218
10893,0.7878941297531128
10894,0.3449831008911133
10895,0.33857929706573486
10896,0.40818899869918823
10897,0.696026623249054
10898,0.5456156134605408
10899,0.6477622389793396
10900,0.24268114566802979
10901,0.4547721743583679
10902,0.5503754019737244
10903,0.6120243668556213
10904,0.5066225528717041
10905,0.4719805419445038
10906,0.6415154337882996
10907,0.4888100326061249
10908,0.3353689908981323
10909,0.18710699677467346
10910,0.2532058656215668
10911,0.36535587906837463
10912,0.8396927714347839
10913,0.7772297263145447
10914,0.7143875956535339
10915,0.4121687114238739
10916,0.30781716108322144
10917,0.41202202439308167
10918,0.5168277621269226
10919,0.19751667976379395
10920,0.8282583355903625
10921,0.1544283628463745
10922,0.564147412776947
10923,0.21561861038208008
10924,0.30609434843063354
10925,0.4527406394481659
10926,0.7317079901695251
10927,0.5762388110160828
10928,0.7621147632598877
10929,0.5094501376152039
10930,0.5306196212768555
10931,0.4645047187805176
10932,0.48785340785980225
10933,0.45271822810173035
10934,0.5559778809547424
10935,0.7541475892066956
10936,0.5309535264968872
10937,0.3669455647468567
10938,0.41349557042121887
10939,0.4111121892929077
10940,0.8053016066551208
10941,0.7658671140670776
10942,0.5625211596488953
10943,0.5181999802589417
10944,0.6682427525520325
10945,0.366195946931839
10946,0.22938945889472961
10947,0.7200391888618469
10948,0.2706555128097534
10949,0.4557695686817169
10950,0.4093177020549774
10951,0.19968026876449585
10952,0.474183052778244
10953,0.48033443093299866
10954,0.4528108835220337
10955,0.4461798369884491
10956,0.3484044075012207
10957,0.39304080605506897
10958,0.23614397644996643
10959,0.48544496297836304
10960,0.44747278094291687
10961,0.43082740902900696
10962,0.5603736639022827
10963,0.25273361802101135
10964,0.45404842495918274
10965,0.3100190758705139
10966,0.7899648547172546
10967,0.26766619086265564
10968,0.5596409440040588
10969,0.42876145243644714
10970,0.4634860157966614
10971,0.5114275217056274
10972,0.1890588402748108
10973,0.18055245280265808
10974,0.5654618144035339
10975,0.5894657969474792
10976,0.7660096287727356
10977,0.5979027152061462
10978,0.24729454517364502
10979,0.3500140905380249
10980,0.3623292148113251
10981,0.73015958070755
10982,0.7265408635139465
10983,0.47740480303764343
10984,0.4683373272418976
10985,0.40835312008857727
10986,0.5992522835731506
10987,0.3457897901535034
10988,0.7560835480690002
10989,0.5825372338294983
10990,0.3630572259426117
10991,0.4301910698413849
10992,0.3613525331020355
10993,0.34256717562675476
10994,0.7829484343528748
10995,0.7013259530067444
10996,0.5364068150520325
10997,0.5332473516464233
10998,0.6165342926979065
10999,0.4497391879558563
11000,0.5786004662513733
11001,0.5798388719558716
11002,0.5718372464179993
11003,0.7623894810676575
11004,0.5256152153015137
11005,0.7638682723045349
11006,0.1779671609401703
11007,0.630852222442627
11008,0.5002964735031128
11009,0.5092268586158752
11010,0.6418853402137756
11011,0.5296502709388733
11012,0.7386930584907532
11013,0.5183215141296387
11014,0.5497032999992371
11015,0.22473770380020142
11016,0.5205366611480713
11017,0.49232855439186096
11018,0.218970388174057
11019,0.3919510543346405
11020,0.49593162536621094
11021,0.4769613742828369
11022,0.6118974089622498
11023,0.5291827321052551
11024,0.46256551146507263
11025,0.3230579197406769
11026,0.4160729944705963
11027,0.4827377498149872
11028,0.31924858689308167
11029,0.21973806619644165
11030,0.18586549162864685
11031,0.6739735007286072
11032,0.19278857111930847
11033,0.44887876510620117
11034,0.40397363901138306
11035,0.3769778907299042
11036,0.40534862875938416
11037,0.64886474609375
11038,0.7906827330589294
11039,0.3738066852092743
11040,0.8101980686187744
11041,0.7160288691520691
11042,0.47844424843788147
11043,0.21670380234718323
11044,0.7260007262229919
11045,0.7108450531959534
11046,0.39690619707107544
11047,0.7774817943572998
11048,0.6437936425209045
11049,0.46939724683761597
11050,0.5551159977912903
11051,0.723807156085968
11052,0.2412223517894745
11053,0.33258888125419617
11054,0.1453183889389038
11055,0.37327852845191956
11056,0.7349035143852234
11057,0.6751713156700134
11058,0.5706886649131775
11059,0.5480266213417053
11060,0.605400025844574
11061,0.7780934572219849
11062,0.5426111817359924
11063,0.7846102118492126
11064,0.775020182132721
11065,0.7220351099967957
11066,0.47843024134635925
11067,0.4611908793449402
11068,0.2736545205116272
11069,0.6109241843223572
11070,0.3456544876098633
11071,0.4820919632911682
11072,0.2737886607646942
11073,0.7951859831809998
11074,0.7468748688697815
11075,0.5203439593315125
11076,0.3959391117095947
11077,0.33920997381210327
11078,0.6085936427116394
11079,0.7545332312583923
11080,0.4355706572532654
11081,0.8131993412971497
11082,0.37001463770866394
11083,0.423454225063324
11084,0.527549147605896
11085,0.19358104467391968
11086,0.4678586423397064
11087,0.7386215329170227
11088,0.7172443270683289
11089,0.622355043888092
11090,0.35205769538879395
11091,0.3876791000366211
11092,0.2776773273944855
11093,0.3300550580024719
11094,0.2465539574623108
11095,0.2739640176296234
11096,0.6763685345649719
11097,0.5830636024475098
11098,0.16738289594650269
11099,0.2918919324874878
11100,0.4398670792579651
11101,0.23122075200080872
11102,0.8450458645820618
11103,0.6868170499801636
11104,0.634701132774353
11105,0.3809405267238617
11106,0.6825969815254211
11107,0.4995647668838501
11108,0.7406577467918396
11109,0.4261646866798401
11110,0.6084443926811218
11111,0.30018752813339233
11112,0.5758981704711914
11113,0.25736555457115173
11114,0.31245866417884827
11115,0.6025522947311401
11116,0.5140460133552551
11117,0.505267858505249
11118,0.4900565445423126
11119,0.44205358624458313
11120,0.79515141248703
11121,0.20889908075332642
11122,0.5822768807411194
11123,0.6726083755493164
11124,0.6747856736183167
11125,0.5934804081916809
11126,0.7818577289581299
11127,0.8520300984382629
11128,0.5934261679649353
11129,0.4276052713394165
11130,0.4379981458187103
11131,0.5229741334915161
11132,0.569909393787384
11133,0.7136692404747009
11134,0.22669538855552673
11135,0.41818028688430786
11136,0.4012926518917084
11137,0.6113029718399048
11138,0.714600682258606
11139,0.7195783257484436
11140,0.245873361825943
11141,0.3999999463558197
11142,0.39885827898979187
11143,0.22678938508033752
11144,0.5416473746299744
11145,0.4469500184059143
11146,0.3126600384712219
11147,0.3539309501647949
11148,0.30279165506362915
11149,0.6637814044952393
11150,0.49067312479019165
11151,0.6884426474571228
11152,0.6887710690498352
11153,0.4491223096847534
11154,0.301624059677124
11155,0.5231714844703674
11156,0.8160222768783569
11157,0.6837816834449768
11158,0.6565849184989929
11159,0.7068654298782349
11160,0.42597463726997375
11161,0.5651993155479431
11162,0.44478970766067505
11163,0.7851164937019348
11164,0.3320273756980896
11165,0.360750287771225
11166,0.37450042366981506
11167,0.6208169460296631
11168,0.7607712149620056
11169,0.5920739769935608
11170,0.766730010509491
11171,0.5496038794517517
11172,0.5528713464736938
11173,0.6280259490013123
11174,0.650473952293396
11175,0.628429114818573
11176,0.2995327115058899
11177,0.5254859328269958
11178,0.32915446162223816
11179,0.3304128348827362
11180,0.7556445002555847
11181,0.7024437189102173
11182,0.6712601780891418
11183,0.7527248859405518
11184,0.29982373118400574
11185,0.6731931567192078
11186,0.7937806248664856
11187,0.3839252293109894
11188,0.6424009799957275
11189,0.4644143879413605
11190,0.3602176010608673
11191,0.5159351229667664
11192,0.623432457447052
11193,0.6122198104858398
11194,0.8018149733543396
11195,0.39558181166648865
11196,0.8090177178382874
11197,0.6086735725402832
11198,0.17197862267494202
11199,0.2945488393306732
11200,0.3434886336326599
11201,0.4186665415763855
11202,0.6464836001396179
11203,0.574759304523468
11204,0.3671961724758148
11205,0.3700886070728302
11206,0.14956670999526978
11207,0.4864199757575989
11208,0.5862247943878174
11209,0.6425487399101257
11210,0.40370991826057434
11211,0.30589520931243896
11212,0.44635921716690063
11213,0.16362974047660828
11214,0.2957353889942169
11215,0.3993646204471588
11216,0.2947702705860138
11217,0.7829387784004211
11218,0.2685113251209259
11219,0.5413382053375244
11220,0.4992419183254242
11221,0.5933932065963745
11222,0.3840467631816864
11223,0.4516431987285614
11224,0.26074719429016113
11225,0.5295315980911255
11226,0.5502809882164001
11227,0.6827097535133362
11228,0.4593116343021393
11229,0.849173367023468
11230,0.5419841408729553
11231,0.5086966753005981
11232,0.6719931960105896
11233,0.25726988911628723
11234,0.5582184195518494
11235,0.45067572593688965
11236,0.8444147706031799
11237,0.5127145648002625
11238,0.7566350102424622
11239,0.5062713623046875
11240,0.6780171394348145
11241,0.5368185639381409
11242,0.8199941515922546
11243,0.5343857407569885
11244,0.25769588351249695
11245,0.5616361498832703
11246,0.7021579146385193
11247,0.4232726991176605
11248,0.35700878500938416
11249,0.6301702260971069
11250,0.3631333112716675
11251,0.2563888132572174
11252,0.7867341637611389
11253,0.4566040337085724
11254,0.6476944088935852
11255,0.8286161422729492
11256,0.15075460076332092
11257,0.5249291062355042
11258,0.43285322189331055
11259,0.5897874236106873
11260,0.3681880831718445
11261,0.48950234055519104
11262,0.6721605658531189
11263,0.25982779264450073
11264,0.5909661054611206
11265,0.6170485615730286
11266,0.5376051068305969
11267,0.2556685209274292
11268,0.16778606176376343
11269,0.802956759929657
11270,0.577126681804657
11271,0.33302685618400574
11272,0.7862719893455505
11273,0.2660388648509979
11274,0.7533667683601379
11275,0.7548573613166809
11276,0.3492133915424347
11277,0.4723823666572571
11278,0.7156513333320618
11279,0.4332900941371918
11280,0.40631726384162903
11281,0.45144352316856384
11282,0.5561468005180359
11283,0.5658826231956482
11284,0.7922674417495728
11285,0.5109718441963196
11286,0.4212099611759186
11287,0.5694419741630554
11288,0.6111350655555725
11289,0.8005381226539612
11290,0.3737203776836395
11291,0.43809762597084045
11292,0.7611061930656433
11293,0.26362016797065735
11294,0.26177099347114563
11295,0.348541796207428
11296,0.6847479939460754
11297,0.7500664591789246
11298,0.8083264231681824
11299,0.3345893323421478
11300,0.2553672790527344
11301,0.7503202557563782
11302,0.5278308987617493
11303,0.4138174057006836
11304,0.6023665070533752
11305,0.7047858834266663
11306,0.7884793877601624
11307,0.18959370255470276
11308,0.32609823346138
11309,0.2555437982082367
11310,0.6181867718696594
11311,0.45474234223365784
11312,0.5291297435760498
11313,0.736326277256012
11314,0.5945623517036438
11315,0.4059816002845764
11316,0.7320160269737244
11317,0.39106956124305725
11318,0.4261442720890045
11319,0.5814554691314697
11320,0.5369035005569458
11321,0.7287383079528809
11322,0.804534375667572
11323,0.541389524936676
11324,0.16531077027320862
11325,0.5959953665733337
11326,0.7041502594947815
11327,0.6051821112632751
11328,0.6820478439331055
11329,0.8580961227416992
11330,0.6544430255889893
11331,0.2879244089126587
11332,0.4402720034122467
11333,0.8616340756416321
11334,0.6700928807258606
11335,0.8074861168861389
11336,0.5376496911048889
11337,0.7681024670600891
11338,0.7376458048820496
11339,0.7353423237800598
11340,0.6005938649177551
11341,0.3982144296169281
11342,0.565913736820221
11343,0.3327907919883728
11344,0.4767419397830963
11345,0.7049050331115723
11346,0.6898052096366882
11347,0.35866689682006836
11348,0.638139545917511
11349,0.5954369306564331
11350,0.77667635679245
11351,0.5041898488998413
11352,0.6411334872245789
11353,0.44193607568740845
11354,0.4784272611141205
11355,0.4470793306827545
11356,0.3645513951778412
11357,0.3965413272380829
11358,0.43803417682647705
11359,0.4283398389816284
11360,0.5240575671195984
11361,0.20610448718070984
11362,0.4556594491004944
11363,0.4566147029399872
11364,0.6413021087646484
11365,0.21836817264556885
11366,0.762453019618988
11367,0.4836573898792267
11368,0.49995487928390503
11369,0.8614118099212646
11370,0.3234207332134247
11371,0.8481126427650452
11372,0.41883254051208496
11373,0.7531225681304932
11374,0.6961713433265686
11375,0.7571336030960083
11376,0.3842366635799408
11377,0.6947570443153381
11378,0.36630192399024963
11379,0.7754096388816833
11380,0.286519318819046
11381,0.643252432346344
11382,0.6285883784294128
11383,0.6371418833732605
11384,0.600674033164978
11385,0.6073218584060669
11386,0.61656653881073
11387,0.2841061055660248
11388,0.5925827622413635
11389,0.6387057900428772
11390,0.49687832593917847
11391,0.6187244057655334
11392,0.7252175211906433
11393,0.46693819761276245
11394,0.3286055624485016
11395,0.45249924063682556
11396,0.4780195653438568
11397,0.28250399231910706
11398,0.2867359519004822
11399,0.5440078973770142
11400,0.49404463171958923
11401,0.8560705184936523
11402,0.2367493212223053
11403,0.7882972359657288
11404,0.2926863729953766
11405,0.4815709590911865
11406,0.29030439257621765
11407,0.7537344098091125
11408,0.5540421605110168
11409,0.43527743220329285
11410,0.28317970037460327
11411,0.5393838286399841
11412,0.38294994831085205
11413,0.37240809202194214
11414,0.8067646622657776
11415,0.6245540976524353
11416,0.6856070160865784
11417,0.7135177850723267
11418,0.41191306710243225
11419,0.6983793377876282
11420,0.5479661822319031
11421,0.4439558982849121
11422,0.642916202545166
11423,0.2396654486656189
11424,0.5732882618904114
11425,0.4938112199306488
11426,0.26620498299598694
11427,0.3775869309902191
11428,0.17974206805229187
11429,0.5469765067100525
11430,0.7965930104255676
11431,0.6096945405006409
11432,0.3967345654964447
11433,0.38382893800735474
11434,0.2652071714401245
11435,0.48300474882125854
11436,0.43549811840057373
11437,0.19753354787826538
11438,0.796427845954895
11439,0.1945069432258606
11440,0.4133463203907013
11441,0.663485586643219
11442,0.5774908661842346
11443,0.7403571009635925
11444,0.7252988815307617
11445,0.6486048102378845
11446,0.42494696378707886
11447,0.44753459095954895
11448,0.3415645956993103
11449,0.48907390236854553
11450,0.25767913460731506
11451,0.363939106464386
11452,0.23963263630867004
11453,0.7084508538246155
11454,0.3560120463371277
11455,0.8355099558830261
11456,0.48343798518180847
11457,0.21138805150985718
11458,0.8085477352142334
11459,0.5074456334114075
11460,0.5296065211296082
11461,0.34703484177589417
11462,0.42080649733543396
11463,0.5768113732337952
11464,0.7436622977256775
11465,0.6856746077537537
11466,0.18971392512321472
11467,0.4253857433795929
11468,0.4650264084339142
11469,0.3596215546131134
11470,0.7915781736373901
11471,0.7257660627365112
11472,0.2054959535598755
11473,0.5667007565498352
11474,0.5680961608886719
11475,0.8108752369880676
11476,0.6955953240394592
11477,0.7403965592384338
11478,0.8107113242149353
11479,0.8001527190208435
11480,0.6830403208732605
11481,0.6693403124809265
11482,0.33198103308677673
11483,0.3155325651168823
11484,0.2837951183319092
11485,0.2795795202255249
11486,0.731019914150238
11487,0.7608027458190918
11488,0.789999783039093
11489,0.5816172361373901
11490,0.20986875891685486
11491,0.483059287071228
11492,0.7944142818450928
11493,0.8372939229011536
11494,0.6037085056304932
11495,0.32972949743270874
11496,0.7442839741706848
11497,0.382602721452713
11498,0.7669417262077332
11499,0.43500542640686035
11500,0.5322876572608948
11501,0.3645919859409332
11502,0.41999098658561707
11503,0.8660526275634766
11504,0.5579226613044739
11505,0.35412946343421936
11506,0.32297226786613464
11507,0.6119586825370789
11508,0.3748093545436859
11509,0.41265615820884705
11510,0.6215353608131409
11511,0.3403375744819641
11512,0.6393862962722778
11513,0.6426945328712463
11514,0.6998338103294373
11515,0.6062261462211609
11516,0.5268561244010925
11517,0.5668664574623108
11518,0.5608404278755188
11519,0.8318186402320862
11520,0.5020620226860046
11521,0.7267257571220398
11522,0.4747573137283325
11523,0.5287279486656189
11524,0.5402535796165466
11525,0.2582073509693146
11526,0.6023384928703308
11527,0.6478235125541687
11528,0.3977579176425934
11529,0.6375167965888977
11530,0.6137700080871582
11531,0.2563847601413727
11532,0.36807915568351746
11533,0.6476091742515564
11534,0.6288496851921082
11535,0.4232959449291229
11536,0.6220877170562744
11537,0.24727830290794373
11538,0.4247801601886749
11539,0.8080329895019531
11540,0.590846836566925
11541,0.5966566205024719
11542,0.8626400828361511
11543,0.511012077331543
11544,0.48095399141311646
11545,0.7916460633277893
11546,0.5460299849510193
11547,0.37248238921165466
11548,0.6126074194908142
11549,0.4677717983722687
11550,0.8154501914978027
11551,0.35914555191993713
11552,0.66280597448349
11553,0.4177834391593933
11554,0.5402862429618835
11555,0.54201340675354
11556,0.6515374779701233
11557,0.4686996042728424
11558,0.6920779943466187
11559,0.8593272566795349
11560,0.7755264639854431
11561,0.7226700186729431
11562,0.5932891964912415
11563,0.6190114617347717
11564,0.6346792578697205
11565,0.47816652059555054
11566,0.5907984375953674
11567,0.2501402199268341
11568,0.7046114802360535
11569,0.8121868968009949
11570,0.16618984937667847
11571,0.7396457195281982
11572,0.24252885580062866
11573,0.7780930399894714
11574,0.6995735764503479
11575,0.6105945706367493
11576,0.30958500504493713
11577,0.35290753841400146
11578,0.4213893711566925
11579,0.35500475764274597
11580,0.574112594127655
11581,0.3974241316318512
11582,0.273710161447525
11583,0.529392659664154
11584,0.34761911630630493
11585,0.34513959288597107
11586,0.5565864443778992
11587,0.26956120133399963
11588,0.6764244437217712
11589,0.41083401441574097
11590,0.5642488598823547
11591,0.6784890294075012
11592,0.48685991764068604
11593,0.752101480960846
11594,0.6612328886985779
11595,0.3255828619003296
11596,0.28915250301361084
11597,0.7058775424957275
11598,0.47701504826545715
11599,0.39719438552856445
11600,0.5994736552238464
11601,0.6780772805213928
11602,0.5056635737419128
11603,0.7730448842048645
11604,0.5584233403205872
11605,0.5005072951316833
11606,0.762634813785553
11607,0.3651669919490814
11608,0.4750968813896179
11609,0.34325936436653137
11610,0.5550890564918518
11611,0.6310312151908875
11612,0.43938514590263367
11613,0.5700580477714539
11614,0.6947283148765564
11615,0.1728198230266571
11616,0.3826388418674469
11617,0.39786219596862793
11618,0.6356766819953918
11619,0.5555927157402039
11620,0.5411427617073059
11621,0.8180480599403381
11622,0.2807995080947876
11623,0.2920912504196167
11624,0.6494175791740417
11625,0.5840505957603455
11626,0.41782110929489136
11627,0.7264565825462341
11628,0.7177247405052185
11629,0.8729103207588196
11630,0.5671654939651489
11631,0.6654127836227417
11632,0.8415981531143188
11633,0.24916625022888184
11634,0.6788119673728943
11635,0.4242927134037018
11636,0.4096507728099823
11637,0.2787366509437561
11638,0.6240169405937195
11639,0.6613866686820984
11640,0.7970612645149231
11641,0.35823819041252136
11642,0.7813438773155212
11643,0.570932924747467
11644,0.504428505897522
11645,0.2139308750629425
11646,0.7386147975921631
11647,0.20452281832695007
11648,0.3478735387325287
11649,0.49529412388801575
11650,0.4324508309364319
11651,0.6849456429481506
11652,0.554252028465271
11653,0.39083459973335266
11654,0.36507588624954224
11655,0.430110365152359
11656,0.6481632590293884
11657,0.4590875208377838
11658,0.7623797059059143
11659,0.2475055754184723
11660,0.5120185613632202
11661,0.24597030878067017
11662,0.449150949716568
11663,0.5245317816734314
11664,0.7935845255851746
11665,0.8507097363471985
11666,0.6999830007553101
11667,0.2833382785320282
11668,0.5178548693656921
11669,0.4448060989379883
11670,0.6349537372589111
11671,0.6520574688911438
11672,0.3392375409603119
11673,0.7887132167816162
11674,0.33043384552001953
11675,0.16217994689941406
11676,0.6847729086875916
11677,0.3890567123889923
11678,0.5354510545730591
11679,0.35341930389404297
11680,0.6409757733345032
11681,0.21282735466957092
11682,0.5475355386734009
11683,0.5484642386436462
11684,0.40686821937561035
11685,0.5171286463737488
11686,0.45909005403518677
11687,0.5027841925621033
11688,0.471780389547348
11689,0.4410374164581299
11690,0.45419493317604065
11691,0.34937813878059387
11692,0.4726576507091522
11693,0.21183031797409058
11694,0.2733231782913208
11695,0.6777684688568115
11696,0.315939337015152
11697,0.492095947265625
11698,0.2234015166759491
11699,0.5047396421432495
11700,0.30500173568725586
11701,0.5521696209907532
11702,0.35900768637657166
11703,0.8126766085624695
11704,0.5668808221817017
11705,0.4136721193790436
11706,0.39705216884613037
11707,0.610370934009552
11708,0.4731544554233551
11709,0.7263731360435486
11710,0.28145715594291687
11711,0.7449172139167786
11712,0.29333439469337463
11713,0.35363417863845825
11714,0.7003899812698364
11715,0.6648574471473694
11716,0.332329660654068
11717,0.261287659406662
11718,0.5845910906791687
11719,0.37637725472450256
11720,0.45665401220321655
11721,0.7048197388648987
11722,0.46172264218330383
11723,0.48983845114707947
11724,0.31910035014152527
11725,0.48917827010154724
11726,0.7677872776985168
11727,0.3418844938278198
11728,0.34087836742401123
11729,0.2429736852645874
11730,0.514254629611969
11731,0.5913505554199219
11732,0.668199896812439
11733,0.48445412516593933
11734,0.6337115168571472
11735,0.28439635038375854
11736,0.5569244027137756
11737,0.6397275328636169
11738,0.7706254124641418
11739,0.5246135592460632
11740,0.8129338622093201
11741,0.2613447308540344
11742,0.4750208556652069
11743,0.5636520981788635
11744,0.4880034625530243
11745,0.7711943984031677
11746,0.6751139760017395
11747,0.49774158000946045
11748,0.651054859161377
11749,0.4699479639530182
11750,0.3678448796272278
11751,0.5392522215843201
11752,0.3258974254131317
11753,0.45535311102867126
11754,0.5308778882026672
11755,0.20027408003807068
11756,0.5903655886650085
11757,0.6417878270149231
11758,0.5699394345283508
11759,0.7788565754890442
11760,0.7204604744911194
11761,0.3604404628276825
11762,0.68143230676651
11763,0.4665229916572571
11764,0.47366252541542053
11765,0.2272985577583313
11766,0.44401052594184875
11767,0.7550235390663147
11768,0.286773145198822
11769,0.3945663273334503
11770,0.6843258738517761
11771,0.6471332907676697
11772,0.41417041420936584
11773,0.2616465091705322
11774,0.1595565378665924
11775,0.7523509860038757
11776,0.7958570718765259
11777,0.4664326608181
11778,0.5643407106399536
11779,0.25720056891441345
11780,0.6024106740951538
11781,0.5011142492294312
11782,0.7311081886291504
11783,0.5787044167518616
11784,0.5917414426803589
11785,0.7592374682426453
11786,0.6505910158157349
11787,0.5398059487342834
11788,0.5506261587142944
11789,0.40211090445518494
11790,0.43397828936576843
11791,0.5179028511047363
11792,0.44695886969566345
11793,0.7031040191650391
11794,0.26508277654647827
11795,0.3039162755012512
11796,0.23293402791023254
11797,0.31734079122543335
11798,0.6998093128204346
11799,0.4832248389720917
11800,0.5012918710708618
11801,0.736455500125885
11802,0.25268152356147766
11803,0.4264890253543854
11804,0.8254846930503845
11805,0.3552212417125702
11806,0.646045982837677
11807,0.6311447024345398
11808,0.20259755849838257
11809,0.3993622660636902
11810,0.39257553219795227
11811,0.1713392734527588
11812,0.5895661115646362
11813,0.5611028075218201
11814,0.49407103657722473
11815,0.2550801932811737
11816,0.5755382776260376
11817,0.6642586588859558
11818,0.5022586584091187
11819,0.44971802830696106
11820,0.7587634325027466
11821,0.5303342938423157
11822,0.4672878682613373
11823,0.34457236528396606
11824,0.40076524019241333
11825,0.5487241148948669
11826,0.7462373375892639
11827,0.41863659024238586
11828,0.5262182354927063
11829,0.7421098351478577
11830,0.19654273986816406
11831,0.5812132358551025
11832,0.2963837683200836
11833,0.6769148707389832
11834,0.39740410447120667
11835,0.5761034488677979
11836,0.4075307548046112
11837,0.2012542486190796
11838,0.6929296255111694
11839,0.7929776310920715
11840,0.5586680769920349
11841,0.4654046595096588
11842,0.8183915615081787
11843,0.3987905979156494
11844,0.5360546708106995
11845,0.7625945806503296
11846,0.4148271977901459
11847,0.4869506359100342
11848,0.6284762024879456
11849,0.8051352500915527
11850,0.2697264850139618
11851,0.1576233208179474
11852,0.42518946528434753
11853,0.7213310599327087
11854,0.5088388323783875
11855,0.7212083339691162
11856,0.7955344915390015
11857,0.3890724778175354
11858,0.6184991002082825
11859,0.7376958727836609
11860,0.6023653149604797
11861,0.5470820069313049
11862,0.8102805018424988
11863,0.24307742714881897
11864,0.7646614909172058
11865,0.5058555603027344
11866,0.2925519049167633
11867,0.6842284798622131
11868,0.8089144229888916
11869,0.16348838806152344
11870,0.6138132214546204
11871,0.8073927164077759
11872,0.7325969338417053
11873,0.32904860377311707
11874,0.38337835669517517
11875,0.8253548741340637
11876,0.3410830497741699
11877,0.8104470372200012
11878,0.7375662326812744
11879,0.47273918986320496
11880,0.6865330338478088
11881,0.3651024401187897
11882,0.5410175919532776
11883,0.5672640204429626
11884,0.378451406955719
11885,0.580109179019928
11886,0.4680882394313812
11887,0.41949528455734253
11888,0.3119104504585266
11889,0.20089459419250488
11890,0.8010461926460266
11891,0.8236176371574402
11892,0.5967420339584351
11893,0.333626389503479
11894,0.49476170539855957
11895,0.3855303227901459
11896,0.22119396924972534
11897,0.2539829611778259
11898,0.42221879959106445
11899,0.39328673481941223
11900,0.6345564723014832
11901,0.46884265542030334
11902,0.33976367115974426
11903,0.6297433376312256
11904,0.5705640912055969
11905,0.6847996115684509
11906,0.49275967478752136
11907,0.7055197954177856
11908,0.2294279932975769
11909,0.3874318599700928
11910,0.3365119993686676
11911,0.3250901699066162
11912,0.5687533020973206
11913,0.6734034419059753
11914,0.4806094467639923
11915,0.305412232875824
11916,0.8339976668357849
11917,0.46374496817588806
11918,0.535440981388092
11919,0.7999160885810852
11920,0.43785086274147034
11921,0.376981645822525
11922,0.8424387574195862
11923,0.3146282434463501
11924,0.5835579037666321
11925,0.5420259237289429
11926,0.5977486371994019
11927,0.5478659868240356
11928,0.6897013783454895
11929,0.7266098260879517
11930,0.5466210246086121
11931,0.3956141173839569
11932,0.6307402849197388
11933,0.5157403349876404
11934,0.8336731791496277
11935,0.6426958441734314
11936,0.49678751826286316
11937,0.6268426179885864
11938,0.5160834789276123
11939,0.4578581154346466
11940,0.2089836299419403
11941,0.6823857426643372
11942,0.735679566860199
11943,0.26698964834213257
11944,0.23229512572288513
11945,0.7156769037246704
11946,0.7249137759208679
11947,0.25971710681915283
11948,0.6196528673171997
11949,0.3519008457660675
11950,0.705035388469696
11951,0.40158525109291077
11952,0.5877934694290161
11953,0.2982083261013031
11954,0.6173012852668762
11955,0.4818275272846222
11956,0.8079611659049988
11957,0.18308112025260925
11958,0.3602133095264435
11959,0.22525981068611145
11960,0.42430076003074646
11961,0.5305277109146118
11962,0.2793455719947815
11963,0.2600957751274109
11964,0.800839364528656
11965,0.565301239490509
11966,0.18614238500595093
11967,0.6583636403083801
11968,0.6824082732200623
11969,0.8424308896064758
11970,0.7215177416801453
11971,0.36330369114875793
11972,0.42071831226348877
11973,0.5264422297477722
11974,0.3065758943557739
11975,0.5922955870628357
11976,0.6003813743591309
11977,0.45647868514060974
11978,0.466338187456131
11979,0.7692925333976746
11980,0.7362058758735657
11981,0.6118491291999817
11982,0.6097634434700012
11983,0.602700412273407
11984,0.5655664801597595
11985,0.5714007019996643
11986,0.29756224155426025
11987,0.7889055609703064
11988,0.22418972849845886
11989,0.5536505579948425
11990,0.45264843106269836
11991,0.22231298685073853
11992,0.39822670817375183
11993,0.7846008539199829
11994,0.6555026173591614
11995,0.6858513355255127
11996,0.6481220126152039
11997,0.19471809267997742
11998,0.5550540089607239
11999,0.3851849436759949
12000,0.36938172578811646
12001,0.3478385806083679
12002,0.6005422472953796
12003,0.7896134257316589
12004,0.29322031140327454
12005,0.5573959350585938
12006,0.49607130885124207
12007,0.3997332453727722
12008,0.720706045627594
12009,0.7295228838920593
12010,0.7137271761894226
12011,0.4880511462688446
12012,0.7710152268409729
12013,0.38167569041252136
12014,0.8067427277565002
12015,0.20206519961357117
12016,0.47790390253067017
12017,0.6447444558143616
12018,0.44847580790519714
12019,0.26329272985458374
12020,0.6669138073921204
12021,0.8125017285346985
12022,0.4536896049976349
12023,0.4244407117366791
12024,0.5107942819595337
12025,0.843405544757843
12026,0.8235157132148743
12027,0.8376433253288269
12028,0.49933895468711853
12029,0.7631264328956604
12030,0.4624346196651459
12031,0.5756335258483887
12032,0.8132029175758362
12033,0.8537169098854065
12034,0.6899552941322327
12035,0.5337411165237427
12036,0.7814028859138489
12037,0.629787266254425
12038,0.3237251043319702
12039,0.5354411005973816
12040,0.42120659351348877
12041,0.7289605736732483
12042,0.7551013827323914
12043,0.7866913676261902
12044,0.5462033748626709
12045,0.20390909910202026
12046,0.7707304358482361
12047,0.8000611662864685
12048,0.49955832958221436
12049,0.3500426113605499
12050,0.35083726048469543
12051,0.7089025378227234
12052,0.48126137256622314
12053,0.5357570052146912
12054,0.6433556079864502
12055,0.7911486029624939
12056,0.804841935634613
12057,0.3386540710926056
12058,0.315975546836853
12059,0.2798194885253906
12060,0.6606878638267517
12061,0.7429289221763611
12062,0.41770651936531067
12063,0.5619173645973206
12064,0.6660029292106628
12065,0.461066335439682
12066,0.6200725436210632
12067,0.7124447226524353
12068,0.47621527314186096
12069,0.19567090272903442
12070,0.7735349535942078
12071,0.4231266677379608
12072,0.6087747812271118
12073,0.8408467173576355
12074,0.33252382278442383
12075,0.8070351481437683
12076,0.6135625243186951
12077,0.7972551584243774
12078,0.4807361662387848
12079,0.6146944165229797
12080,0.7617698311805725
12081,0.6175426840782166
12082,0.2700585722923279
12083,0.31122490763664246
12084,0.353033185005188
12085,0.5569038987159729
12086,0.19685211777687073
12087,0.3075541853904724
12088,0.2278326153755188
12089,0.8382037281990051
12090,0.5000429749488831
12091,0.8339024186134338
12092,0.28499144315719604
12093,0.30498483777046204
12094,0.3866991698741913
12095,0.36121198534965515
12096,0.4627651274204254
12097,0.6106473803520203
12098,0.22150728106498718
12099,0.6652159690856934
12100,0.2887422740459442
12101,0.5272366404533386
12102,0.26008155941963196
12103,0.1749037206172943
12104,0.24054190516471863
12105,0.7915055155754089
12106,0.5387513041496277
12107,0.1930592656135559
12108,0.3941900432109833
12109,0.6020687222480774
12110,0.6936461329460144
12111,0.22368687391281128
12112,0.40951377153396606
12113,0.4671742618083954
12114,0.6370550990104675
12115,0.6380375027656555
12116,0.7546827793121338
12117,0.3868490159511566
12118,0.43615052103996277
12119,0.469673752784729
12120,0.4572961926460266
12121,0.775242269039154
12122,0.2973994314670563
12123,0.8247030377388
12124,0.7618351578712463
12125,0.42675909399986267
12126,0.18905556201934814
12127,0.2840147614479065
12128,0.6725749969482422
12129,0.24845126271247864
12130,0.4357048571109772
12131,0.26448893547058105
12132,0.6451840996742249
12133,0.24445846676826477
12134,0.3691040575504303
12135,0.8116162419319153
12136,0.6640658974647522
12137,0.40705636143684387
12138,0.3828740417957306
12139,0.4768707752227783
12140,0.5683062672615051
12141,0.7440844178199768
12142,0.5784804224967957
12143,0.36039233207702637
12144,0.5451083779335022
12145,0.31571558117866516
12146,0.22590678930282593
12147,0.3350999057292938
12148,0.38608989119529724
12149,0.5535516738891602
12150,0.500254213809967
12151,0.41281694173812866
12152,0.34211307764053345
12153,0.4193459153175354
12154,0.4739047586917877
12155,0.7814191579818726
12156,0.6874188184738159
12157,0.5367292761802673
12158,0.4276745021343231
12159,0.7219481468200684
12160,0.6631911396980286
12161,0.8393810987472534
12162,0.4006440043449402
12163,0.6831408143043518
12164,0.618943989276886
12165,0.46361076831817627
12166,0.6410731673240662
12167,0.5013617873191833
12168,0.21877965331077576
12169,0.6510024070739746
12170,0.5258241295814514
12171,0.61921226978302
12172,0.48060110211372375
12173,0.69808030128479
12174,0.7245561480522156
12175,0.23654130101203918
12176,0.2510049641132355
12177,0.2900316119194031
12178,0.7556270956993103
12179,0.5212487578392029
12180,0.45704907178878784
12181,0.7205401659011841
12182,0.5014907717704773
12183,0.7124353647232056
12184,0.8627263307571411
12185,0.36671286821365356
12186,0.24221619963645935
12187,0.3858776390552521
12188,0.43487608432769775
12189,0.7712401747703552
12190,0.5834940075874329
12191,0.5821294188499451
12192,0.48534759879112244
12193,0.610310435295105
12194,0.45556899905204773
12195,0.6730324625968933
12196,0.5131850838661194
12197,0.22826817631721497
12198,0.4274047613143921
12199,0.6185653209686279
12200,0.6019713878631592
12201,0.6543647050857544
12202,0.457353800535202
12203,0.6109496355056763
12204,0.3901647627353668
12205,0.7490087151527405
12206,0.6758418679237366
12207,0.2962419390678406
12208,0.7286039590835571
12209,0.520083487033844
12210,0.49240562319755554
12211,0.5066322088241577
12212,0.7459213137626648
12213,0.664084255695343
12214,0.6629425883293152
12215,0.6339682936668396
12216,0.5160942077636719
12217,0.6667887568473816
12218,0.6394095420837402
12219,0.4714207351207733
12220,0.33238521218299866
12221,0.4688388407230377
12222,0.2290031909942627
12223,0.4200488030910492
12224,0.6451151371002197
12225,0.5710487961769104
12226,0.529323160648346
12227,0.38468194007873535
12228,0.6483350396156311
12229,0.6934572458267212
12230,0.3965078294277191
12231,0.7136650681495667
12232,0.7799981236457825
12233,0.6754521727561951
12234,0.5725621581077576
12235,0.4957415759563446
12236,0.4545220136642456
12237,0.6510197520256042
12238,0.3946807384490967
12239,0.5660820603370667
12240,0.7376463413238525
12241,0.6219349503517151
12242,0.37390589714050293
12243,0.7039000391960144
12244,0.8400112390518188
12245,0.3388098478317261
12246,0.1939016878604889
12247,0.6654388904571533
12248,0.2204439640045166
12249,0.3308452069759369
12250,0.17219388484954834
12251,0.3220750391483307
12252,0.7729424238204956
12253,0.8287490606307983
12254,0.19258210062980652
12255,0.7551698088645935
12256,0.769091784954071
12257,0.3916366398334503
12258,0.3250955045223236
12259,0.5373554825782776
12260,0.4250294268131256
12261,0.4884786605834961
12262,0.8246535658836365
12263,0.6319618225097656
12264,0.16109642386436462
12265,0.4414367973804474
12266,0.6091413497924805
12267,0.6533942818641663
12268,0.4321748912334442
12269,0.7262749671936035
12270,0.6391233801841736
12271,0.4198674261569977
12272,0.33479177951812744
12273,0.4769650399684906
12274,0.5612103343009949
12275,0.36251214146614075
12276,0.614693820476532
12277,0.7794068455696106
12278,0.811495840549469
12279,0.69671231508255
12280,0.30780544877052307
12281,0.7346363067626953
12282,0.38765597343444824
12283,0.6031367182731628
12284,0.6757953763008118
12285,0.56821209192276
12286,0.5122386813163757
12287,0.5262467265129089
12288,0.4538225531578064
12289,0.32239899039268494
12290,0.3773142397403717
12291,0.266135036945343
12292,0.540625274181366
12293,0.28634199500083923
12294,0.42006585001945496
12295,0.7606068253517151
12296,0.6647253632545471
12297,0.3060609996318817
12298,0.5469462871551514
12299,0.38523000478744507
12300,0.8252835869789124
12301,0.6917948126792908
12302,0.24470293521881104
12303,0.2611570656299591
12304,0.6709040403366089
12305,0.47760939598083496
12306,0.7684057354927063
12307,0.37978389859199524
12308,0.28203409910202026
12309,0.28804031014442444
12310,0.4286811947822571
12311,0.7506882548332214
12312,0.40715014934539795
12313,0.3718745708465576
12314,0.40577614307403564
12315,0.5516316890716553
12316,0.276205837726593
12317,0.39418768882751465
12318,0.7014678120613098
12319,0.6740646958351135
12320,0.5843568444252014
12321,0.5580964684486389
12322,0.6280495524406433
12323,0.8363544344902039
12324,0.6400489807128906
12325,0.836938202381134
12326,0.8138889670372009
12327,0.23031052947044373
12328,0.20828020572662354
12329,0.20285403728485107
12330,0.5505412817001343
12331,0.39537084102630615
12332,0.5654143691062927
12333,0.317533940076828
12334,0.44529518485069275
12335,0.7479084134101868
12336,0.554994523525238
12337,0.6472052931785583
12338,0.7637143731117249
12339,0.40977737307548523
12340,0.4288558065891266
12341,0.4429744780063629
12342,0.47040167450904846
12343,0.6532968878746033
12344,0.3375057280063629
12345,0.5320882201194763
12346,0.2973901629447937
12347,0.5206862688064575
12348,0.4842565357685089
12349,0.6948888897895813
12350,0.4377337694168091
12351,0.20551657676696777
12352,0.4744201898574829
12353,0.40180978178977966
12354,0.586861789226532
12355,0.37007594108581543
12356,0.36961671710014343
12357,0.5363823771476746
12358,0.6561408638954163
12359,0.5481128096580505
12360,0.4563504159450531
12361,0.7975004315376282
12362,0.5068444013595581
12363,0.2661062479019165
12364,0.5306931138038635
12365,0.5887007117271423
12366,0.42593878507614136
12367,0.21533355116844177
12368,0.37444978952407837
12369,0.25169679522514343
12370,0.6422404646873474
12371,0.5672338604927063
12372,0.7686159014701843
12373,0.16236820816993713
12374,0.25667932629585266
12375,0.272531121969223
12376,0.726253092288971
12377,0.7618899345397949
12378,0.7840090394020081
12379,0.19045871496200562
12380,0.20999693870544434
12381,0.5290184617042542
12382,0.43668973445892334
12383,0.3686954379081726
12384,0.41427338123321533
12385,0.26553669571876526
12386,0.3055235743522644
12387,0.6887627243995667
12388,0.4863043427467346
12389,0.6544235944747925
12390,0.6123728156089783
12391,0.2993951141834259
12392,0.43018606305122375
12393,0.36307522654533386
12394,0.5259078741073608
12395,0.5046519041061401
12396,0.6230210661888123
12397,0.21547526121139526
12398,0.3233664929866791
12399,0.2630329132080078
12400,0.6875942349433899
12401,0.187444269657135
12402,0.7412915229797363
12403,0.8107832074165344
12404,0.620461642742157
12405,0.22900855541229248
12406,0.6885780692100525
12407,0.7185443043708801
12408,0.6211096048355103
12409,0.27496764063835144
12410,0.6270881295204163
12411,0.5611340403556824
12412,0.4917767643928528
12413,0.5472227931022644
12414,0.7583836913108826
12415,0.41860875487327576
12416,0.7750075459480286
12417,0.360056072473526
12418,0.6629257798194885
12419,0.46142494678497314
12420,0.42389702796936035
12421,0.6476547122001648
12422,0.7308608293533325
12423,0.2890767753124237
12424,0.819864809513092
12425,0.6234259009361267
12426,0.6275264620780945
12427,0.4611474871635437
12428,0.509370744228363
12429,0.33329617977142334
12430,0.6225502490997314
12431,0.7821606397628784
12432,0.4833507537841797
12433,0.8034764528274536
12434,0.645107090473175
12435,0.7332642674446106
12436,0.5246583819389343
12437,0.19889074563980103
12438,0.3126591444015503
12439,0.22306466102600098
12440,0.7124811410903931
12441,0.293552428483963
12442,0.4788261353969574
12443,0.5915343165397644
12444,0.6986307501792908
12445,0.3366546928882599
12446,0.48024818301200867
12447,0.5439774990081787
12448,0.6208080053329468
12449,0.4736458361148834
12450,0.4156084954738617
12451,0.7177870869636536
12452,0.46727001667022705
12453,0.28149929642677307
12454,0.27218425273895264
12455,0.7082613110542297
12456,0.829524576663971
12457,0.8275861144065857
12458,0.7295505404472351
12459,0.3728107810020447
12460,0.18439164757728577
12461,0.46996966004371643
12462,0.7360840439796448
12463,0.3239755630493164
12464,0.343872994184494
12465,0.6963399648666382
12466,0.6805335879325867
12467,0.4614638090133667
12468,0.7963716983795166
12469,0.5971818566322327
12470,0.5748963952064514
12471,0.7364636063575745
12472,0.6589357256889343
12473,0.4901979863643646
12474,0.794006884098053
12475,0.4670961797237396
12476,0.6447055339813232
12477,0.2152349054813385
12478,0.3269709646701813
12479,0.2627841830253601
12480,0.3080553710460663
12481,0.42703741788864136
12482,0.7001592516899109
12483,0.4981593191623688
12484,0.32054439187049866
12485,0.19180423021316528
12486,0.5304189920425415
12487,0.3261387050151825
12488,0.840002715587616
12489,0.46196869015693665
12490,0.5618535876274109
12491,0.466890424489975
12492,0.2139209508895874
12493,0.793749988079071
12494,0.6699762940406799
12495,0.4477730989456177
12496,0.5810704231262207
12497,0.5479376912117004
12498,0.6299915313720703
12499,0.5009336471557617
12500,0.5777157545089722
12501,0.8321602940559387
12502,0.6478132605552673
12503,0.41112247109413147
12504,0.45698317885398865
12505,0.7670981287956238
12506,0.7577505111694336
12507,0.7803918719291687
12508,0.4904460310935974
12509,0.6166754364967346
12510,0.3140203058719635
12511,0.7884842753410339
12512,0.2693578004837036
12513,0.643919050693512
12514,0.2776108682155609
12515,0.571844756603241
12516,0.40130630135536194
12517,0.46716606616973877
12518,0.26462432742118835
12519,0.5699578523635864
12520,0.6888064742088318
12521,0.7321562170982361
12522,0.438488632440567
12523,0.8254862427711487
12524,0.48510509729385376
12525,0.8111512660980225
12526,0.3125074803829193
12527,0.6920597553253174
12528,0.43883588910102844
12529,0.5134568214416504
12530,0.6171910166740417
12531,0.4771979749202728
12532,0.7502982020378113
12533,0.6066773533821106
12534,0.8293249011039734
12535,0.7114543318748474
12536,0.7059901356697083
12537,0.7714540362358093
12538,0.3089345693588257
12539,0.7820442914962769
12540,0.2946745753288269
12541,0.585863471031189
12542,0.3823273777961731
12543,0.3055773675441742
12544,0.8560300469398499
12545,0.7334774136543274
12546,0.48690447211265564
12547,0.467067152261734
12548,0.5143774151802063
12549,0.36247217655181885
12550,0.3452242612838745
12551,0.5404059290885925
12552,0.20240816473960876
12553,0.6213847994804382
12554,0.7009068131446838
12555,0.621067464351654
12556,0.3591337502002716
12557,0.23366409540176392
12558,0.259969562292099
12559,0.6840876340866089
12560,0.6029006242752075
12561,0.799257218837738
12562,0.4932574927806854
12563,0.7212929129600525
12564,0.6885705590248108
12565,0.7358719110488892
12566,0.22948992252349854
12567,0.3605212867259979
12568,0.42661818861961365
12569,0.5962979197502136
12570,0.6241632103919983
12571,0.607280433177948
12572,0.8561754822731018
12573,0.8370166420936584
12574,0.3759618401527405
12575,0.7039765119552612
12576,0.5603675842285156
12577,0.3532033860683441
12578,0.6250518560409546
12579,0.6593080163002014
12580,0.7796735167503357
12581,0.4985611140727997
12582,0.5215581655502319
12583,0.14934438467025757
12584,0.41239264607429504
12585,0.8314988017082214
12586,0.2699676752090454
12587,0.39933404326438904
12588,0.6722001433372498
12589,0.6852832436561584
12590,0.6303939819335938
12591,0.4946182370185852
12592,0.753227174282074
12593,0.6386447548866272
12594,0.5683918595314026
12595,0.33247917890548706
12596,0.6696443557739258
12597,0.518297016620636
12598,0.6378752589225769
12599,0.746160089969635
12600,0.6094192266464233
12601,0.5487581491470337
12602,0.7342154383659363
12603,0.40954747796058655
12604,0.5812237858772278
12605,0.2579682171344757
12606,0.6483760476112366
12607,0.6273754835128784
12608,0.3944093883037567
12609,0.7372689843177795
12610,0.6492820382118225
12611,0.29741615056991577
12612,0.5558746457099915
12613,0.6590897440910339
12614,0.4166116416454315
12615,0.7008801698684692
12616,0.7140949368476868
12617,0.6199318766593933
12618,0.47942546010017395
12619,0.7952463626861572
12620,0.7280119061470032
12621,0.27774590253829956
12622,0.726966917514801
12623,0.4593201279640198
12624,0.43400242924690247
12625,0.2857992351055145
12626,0.4176829159259796
12627,0.6114414930343628
12628,0.610813558101654
12629,0.5061101913452148
12630,0.2677309513092041
12631,0.6599060893058777
12632,0.24976220726966858
12633,0.5322207808494568
12634,0.6128061413764954
12635,0.3649466633796692
12636,0.39124998450279236
12637,0.387620747089386
12638,0.28741103410720825
12639,0.340081125497818
12640,0.6323668956756592
12641,0.8111934661865234
12642,0.37451496720314026
12643,0.5713359713554382
12644,0.4556080996990204
12645,0.34220561385154724
12646,0.7495525479316711
12647,0.7560828328132629
12648,0.5179746150970459
12649,0.585464596748352
12650,0.5492535829544067
12651,0.749848484992981
12652,0.36644256114959717
12653,0.48911717534065247
12654,0.5847280025482178
12655,0.4042506814002991
12656,0.7070335745811462
12657,0.38699018955230713
12658,0.7033998370170593
12659,0.838691771030426
12660,0.35126158595085144
12661,0.33511996269226074
12662,0.2531026303768158
12663,0.3764401972293854
12664,0.4814220368862152
12665,0.7793564200401306
12666,0.7270182371139526
12667,0.2147495448589325
12668,0.7893584370613098
12669,0.1788911521434784
12670,0.529425323009491
12671,0.659030020236969
12672,0.1325528919696808
12673,0.415140837430954
12674,0.17166367173194885
12675,0.4912135899066925
12676,0.6693155169487
12677,0.6156700253486633
12678,0.3990005552768707
12679,0.4369741678237915
12680,0.2850201427936554
12681,0.7906139492988586
12682,0.6926654577255249
12683,0.5168038010597229
12684,0.32143381237983704
12685,0.6394495964050293
12686,0.5023364424705505
12687,0.4423566162586212
12688,0.7273218035697937
12689,0.7873943448066711
12690,0.3165847957134247
12691,0.7344748973846436
12692,0.3669935464859009
12693,0.8525235056877136
12694,0.6458746790885925
12695,0.457020103931427
12696,0.46577146649360657
12697,0.4665851294994354
12698,0.8539074063301086
12699,0.2447216808795929
12700,0.39246866106987
12701,0.7673706412315369
12702,0.5592520236968994
12703,0.5649188160896301
12704,0.603421151638031
12705,0.6254662871360779
12706,0.7448268532752991
12707,0.4980330169200897
12708,0.6012583374977112
12709,0.544890820980072
12710,0.42851191759109497
12711,0.6324319243431091
12712,0.645292341709137
12713,0.5995054841041565
12714,0.6324211955070496
12715,0.767787754535675
12716,0.38017210364341736
12717,0.7784995436668396
12718,0.7713183164596558
12719,0.6207202076911926
12720,0.1623360812664032
12721,0.6673126816749573
12722,0.4325035512447357
12723,0.6316433548927307
12724,0.7583171725273132
12725,0.1578875184059143
12726,0.22883936762809753
12727,0.5561599135398865
12728,0.822218656539917
12729,0.5132412910461426
12730,0.8287485241889954
12731,0.5491086840629578
12732,0.40330013632774353
12733,0.6673855185508728
12734,0.41395631432533264
12735,0.6002033352851868
12736,0.46189776062965393
12737,0.448781818151474
12738,0.45012912154197693
12739,0.8316738605499268
12740,0.34935513138771057
12741,0.6162928342819214
12742,0.7230443358421326
12743,0.48190757632255554
12744,0.4985831081867218
12745,0.6556685566902161
12746,0.449828177690506
12747,0.406657338142395
12748,0.3219469487667084
12749,0.7157836556434631
12750,0.7394095063209534
12751,0.5250297784805298
12752,0.7789877653121948
12753,0.4613473117351532
12754,0.8408994078636169
12755,0.5766494870185852
12756,0.41356101632118225
12757,0.3070918619632721
12758,0.5108218789100647
12759,0.5837190747261047
12760,0.3321521282196045
12761,0.6210951209068298
12762,0.7461320757865906
12763,0.7280559539794922
12764,0.8162351250648499
12765,0.5581203699111938
12766,0.19775664806365967
12767,0.2514594495296478
12768,0.6323640942573547
12769,0.8443638682365417
12770,0.656898558139801
12771,0.33980217576026917
12772,0.5802052021026611
12773,0.7619872689247131
12774,0.531937301158905
12775,0.2705870270729065
12776,0.526860773563385
12777,0.17858847975730896
12778,0.5498784184455872
12779,0.7616351246833801
12780,0.6886650919914246
12781,0.43471720814704895
12782,0.46262326836586
12783,0.6355300545692444
12784,0.6202492117881775
12785,0.5113024711608887
12786,0.397357314825058
12787,0.3866787850856781
12788,0.25359416007995605
12789,0.8340601325035095
12790,0.25676432251930237
12791,0.5525740385055542
12792,0.5670836567878723
12793,0.1992722749710083
12794,0.5911794304847717
12795,0.6052821278572083
12796,0.5651217103004456
12797,0.3790231943130493
12798,0.25084951519966125
12799,0.4988352954387665
12800,0.662966251373291
12801,0.3210906982421875
12802,0.6577591300010681
12803,0.42267486453056335
12804,0.7326228022575378
12805,0.16908931732177734
12806,0.18672451376914978
12807,0.2792551815509796
12808,0.32387879490852356
12809,0.3564685583114624
12810,0.7432813048362732
12811,0.7732524275779724
12812,0.3243378698825836
12813,0.6090293526649475
12814,0.3658522069454193
12815,0.49794742465019226
12816,0.5901793837547302
12817,0.5299534201622009
12818,0.5291363596916199
12819,0.7478012442588806
12820,0.3380526602268219
12821,0.34293055534362793
12822,0.47864067554473877
12823,0.5714016556739807
12824,0.795050323009491
12825,0.4261259436607361
12826,0.7488142848014832
12827,0.3772214353084564
12828,0.3716110587120056
12829,0.22170472145080566
12830,0.38643497228622437
12831,0.444648414850235
12832,0.20480859279632568
12833,0.5081495642662048
12834,0.833408534526825
12835,0.6040000319480896
12836,0.7174751162528992
12837,0.29920414090156555
12838,0.4690624475479126
12839,0.6943534016609192
12840,0.5913048386573792
12841,0.22428742051124573
12842,0.8567318320274353
12843,0.858186662197113
12844,0.6080078482627869
12845,0.8094241619110107
12846,0.7405247092247009
12847,0.20738786458969116
12848,0.558604896068573
12849,0.6684908866882324
12850,0.3642178475856781
12851,0.7086182236671448
12852,0.3725311756134033
12853,0.4693359434604645
12854,0.22736257314682007
12855,0.3800426721572876
12856,0.5281490087509155
12857,0.4543922245502472
12858,0.391597718000412
12859,0.17722058296203613
12860,0.5597213506698608
12861,0.6480275988578796
12862,0.5917650461196899
12863,0.8017751574516296
12864,0.4838416278362274
12865,0.23738732933998108
12866,0.6977638602256775
12867,0.1780516803264618
12868,0.27186834812164307
12869,0.44320082664489746
12870,0.8032130599021912
12871,0.6517507433891296
12872,0.24795454740524292
12873,0.5624299645423889
12874,0.8657504916191101
12875,0.3315543830394745
12876,0.15036609768867493
12877,0.24970349669456482
12878,0.3917449414730072
12879,0.646357536315918
12880,0.3724518418312073
12881,0.4425976574420929
12882,0.7845036387443542
12883,0.5104529857635498
12884,0.7199873328208923
12885,0.6492419838905334
12886,0.8596138954162598
12887,0.4299439787864685
12888,0.19008499383926392
12889,0.19654768705368042
12890,0.3805193603038788
12891,0.3674256503582001
12892,0.35037168860435486
12893,0.6583994030952454
12894,0.2965070903301239
12895,0.7049399614334106
12896,0.314590185880661
12897,0.3547588586807251
12898,0.37947630882263184
12899,0.6534261107444763
12900,0.5459423065185547
12901,0.255869060754776
12902,0.4645303189754486
12903,0.5929037928581238
12904,0.20851334929466248
12905,0.16189488768577576
12906,0.32100868225097656
12907,0.7162331938743591
12908,0.6491994261741638
12909,0.3196893632411957
12910,0.705576479434967
12911,0.37516722083091736
12912,0.40862569212913513
12913,0.23764923214912415
12914,0.3499752879142761
12915,0.5286716818809509
12916,0.6147264242172241
12917,0.5598445534706116
12918,0.25132426619529724
12919,0.6108219623565674
12920,0.61518394947052
12921,0.829140841960907
12922,0.3354129195213318
12923,0.5068570375442505
12924,0.7216322422027588
12925,0.18078771233558655
12926,0.7204359173774719
12927,0.4584204852581024
12928,0.8321431279182434
12929,0.3524957299232483
12930,0.5249216556549072
12931,0.7543737888336182
12932,0.20797303318977356
12933,0.718596875667572
12934,0.21148091554641724
12935,0.3195801079273224
12936,0.6827908158302307
12937,0.5865033268928528
12938,0.824133574962616
12939,0.7819798588752747
12940,0.42989811301231384
12941,0.45851707458496094
12942,0.7934185862541199
12943,0.613049328327179
12944,0.5180882811546326
12945,0.19812354445457458
12946,0.4953470826148987
12947,0.169916033744812
12948,0.8261769413948059
12949,0.5709049701690674
12950,0.753331184387207
12951,0.7810195684432983
12952,0.35822001099586487
12953,0.5299341082572937
12954,0.48897603154182434
12955,0.7164807915687561
12956,0.3925240933895111
12957,0.3556233048439026
12958,0.6478575468063354
12959,0.6936102509498596
12960,0.47298339009284973
12961,0.5647347569465637
12962,0.5265714526176453
12963,0.5858142971992493
12964,0.5281126499176025
12965,0.4724186658859253
12966,0.6616427898406982
12967,0.6681311726570129
12968,0.6606979966163635
12969,0.7573762536048889
12970,0.5388005971908569
12971,0.2593449056148529
12972,0.5708360075950623
12973,0.44509148597717285
12974,0.48559629917144775
12975,0.693867027759552
12976,0.4731649160385132
12977,0.3333567976951599
12978,0.5411854386329651
12979,0.2283594310283661
12980,0.5083863735198975
12981,0.7118988037109375
12982,0.5738936066627502
12983,0.5766533017158508
12984,0.7636361122131348
12985,0.7436984181404114
12986,0.2408740520477295
12987,0.7177603244781494
12988,0.6005644202232361
12989,0.3514883518218994
12990,0.5605993270874023
12991,0.4544476568698883
12992,0.6727432608604431
12993,0.6438085436820984
12994,0.5678905844688416
12995,0.6753292083740234
12996,0.4526672065258026
12997,0.8235195279121399
12998,0.7527219653129578
12999,0.6593979001045227
13000,0.3159521520137787
13001,0.1935739517211914
13002,0.18219879269599915
13003,0.5212589502334595
13004,0.6377342343330383
13005,0.2919546663761139
13006,0.4113887548446655
13007,0.20501747727394104
13008,0.5589420795440674
13009,0.5171238780021667
13010,0.7930901646614075
13011,0.4195525050163269
13012,0.6175679564476013
13013,0.7800824642181396
13014,0.6853398680686951
13015,0.21612310409545898
13016,0.23602041602134705
13017,0.16561627388000488
13018,0.3067231774330139
13019,0.5910499095916748
13020,0.5042392611503601
13021,0.5774111747741699
13022,0.3916964828968048
13023,0.5958425998687744
13024,0.49908754229545593
13025,0.7281510233879089
13026,0.7288002371788025
13027,0.45950913429260254
13028,0.3192655146121979
13029,0.48424097895622253
13030,0.5723536610603333
13031,0.7335584759712219
13032,0.2938041388988495
13033,0.31209176778793335
13034,0.34126436710357666
13035,0.5892300605773926
13036,0.8229448199272156
13037,0.5731922388076782
13038,0.45378637313842773
13039,0.5873575210571289
13040,0.510610818862915
13041,0.22610634565353394
13042,0.502153217792511
13043,0.8452855944633484
13044,0.6297325491905212
13045,0.43094536662101746
13046,0.4903455674648285
13047,0.41382986307144165
13048,0.6246677041053772
13049,0.6352149248123169
13050,0.6079111695289612
13051,0.5717723965644836
13052,0.3081432282924652
13053,0.16451767086982727
13054,0.5310401320457458
13055,0.18493929505348206
13056,0.44294360280036926
13057,0.6851330995559692
13058,0.5685188174247742
13059,0.651283860206604
13060,0.653501570224762
13061,0.7733373045921326
13062,0.30192941427230835
13063,0.3153204321861267
13064,0.6263291835784912
13065,0.42280659079551697
13066,0.3412949740886688
13067,0.7111429572105408
13068,0.5405531525611877
13069,0.4134887158870697
13070,0.7411432266235352
13071,0.48575717210769653
13072,0.5405635237693787
13073,0.3267459571361542
13074,0.7293131351470947
13075,0.5069271922111511
13076,0.7543501257896423
13077,0.7278611660003662
13078,0.7210976481437683
13079,0.6153483986854553
13080,0.5462549328804016
13081,0.8258475065231323
13082,0.2810535728931427
13083,0.38471275568008423
13084,0.6342042088508606
13085,0.17676809430122375
13086,0.6576887965202332
13087,0.8377230763435364
13088,0.5042001605033875
13089,0.53993159532547
13090,0.31557977199554443
13091,0.4336213171482086
13092,0.5634498596191406
13093,0.6218529343605042
13094,0.8271350860595703
13095,0.8053231239318848
13096,0.5954814553260803
13097,0.7200058698654175
13098,0.6297832131385803
13099,0.5827962756156921
13100,0.6822392344474792
13101,0.23648682236671448
13102,0.2746816873550415
13103,0.2792346477508545
13104,0.665523111820221
13105,0.4418357312679291
13106,0.3486713767051697
13107,0.6335300803184509
13108,0.5677358508110046
13109,0.287283331155777
13110,0.2395860254764557
13111,0.6734840273857117
13112,0.6401425004005432
13113,0.3565199077129364
13114,0.3261047899723053
13115,0.27470138669013977
13116,0.5284122824668884
13117,0.39471277594566345
13118,0.6687964200973511
13119,0.5474262237548828
13120,0.37385496497154236
13121,0.8462032675743103
13122,0.758777916431427
13123,0.5084338188171387
13124,0.33862802386283875
13125,0.7020917534828186
13126,0.42827579379081726
13127,0.7823063731193542
13128,0.7641814351081848
13129,0.8161414265632629
13130,0.7487152218818665
13131,0.3094116747379303
13132,0.7591269016265869
13133,0.759774386882782
13134,0.646373450756073
13135,0.5674479603767395
13136,0.634425699710846
13137,0.8186978697776794
13138,0.16339534521102905
13139,0.6294724345207214
13140,0.40652239322662354
13141,0.7355477213859558
13142,0.7270521521568298
13143,0.4019763469696045
13144,0.7263452410697937
13145,0.3900849521160126
13146,0.6397078633308411
13147,0.4451245665550232
13148,0.43027204275131226
13149,0.316719114780426
13150,0.6951886415481567
13151,0.6517859101295471
13152,0.532250165939331
13153,0.49941113591194153
13154,0.34096500277519226
13155,0.4179479479789734
13156,0.33850395679473877
13157,0.42990541458129883
13158,0.39884504675865173
13159,0.699179470539093
13160,0.6467606425285339
13161,0.6459892988204956
13162,0.433356910943985
13163,0.8480625748634338
13164,0.5681918263435364
13165,0.47297921776771545
13166,0.7009058594703674
13167,0.839377224445343
13168,0.606671154499054
13169,0.43534722924232483
13170,0.3052575886249542
13171,0.8099822402000427
13172,0.6782412528991699
13173,0.5034369230270386
13174,0.7735511660575867
13175,0.3582973778247833
13176,0.37474435567855835
13177,0.3608548641204834
13178,0.44816696643829346
13179,0.5256718993186951
13180,0.43832021951675415
13181,0.6160433888435364
13182,0.5784794688224792
13183,0.49362555146217346
13184,0.46143051981925964
13185,0.8245032429695129
13186,0.3184347152709961
13187,0.4185536503791809
13188,0.8063952922821045
13189,0.2851027548313141
13190,0.6202335357666016
13191,0.8308389782905579
13192,0.39756426215171814
13193,0.36081191897392273
13194,0.7765478491783142
13195,0.7438951134681702
13196,0.5830839276313782
13197,0.2798302471637726
13198,0.5341274738311768
13199,0.6065364480018616
13200,0.8365868926048279
13201,0.6830704808235168
13202,0.18450531363487244
13203,0.3251889646053314
13204,0.22716152667999268
13205,0.33558663725852966
13206,0.8185614347457886
13207,0.8132811188697815
13208,0.6062880754470825
13209,0.4244917929172516
13210,0.5249726176261902
13211,0.38935086131095886
13212,0.16159656643867493
13213,0.28374725580215454
13214,0.4181209206581116
13215,0.5746390223503113
13216,0.511634111404419
13217,0.2792341411113739
13218,0.7812126278877258
13219,0.18017542362213135
13220,0.5359322428703308
13221,0.42889243364334106
13222,0.21404725313186646
13223,0.35704898834228516
13224,0.2130586802959442
13225,0.46126946806907654
13226,0.8440183401107788
13227,0.28823867440223694
13228,0.4959371089935303
13229,0.5097783207893372
13230,0.6884627938270569
13231,0.8049179315567017
13232,0.28068825602531433
13233,0.7280194163322449
13234,0.48473966121673584
13235,0.3882155120372772
13236,0.5634806752204895
13237,0.2305629849433899
13238,0.45253825187683105
13239,0.29800716042518616
13240,0.36229535937309265
13241,0.5810514092445374
13242,0.5171599388122559
13243,0.4462733566761017
13244,0.3346135914325714
13245,0.4183834195137024
13246,0.4208467900753021
13247,0.3248489797115326
13248,0.32702285051345825
13249,0.25475195050239563
13250,0.5304635167121887
13251,0.5440840721130371
13252,0.42928117513656616
13253,0.7360889315605164
13254,0.1914902627468109
13255,0.73338383436203
13256,0.7039231657981873
13257,0.8054981231689453
13258,0.4690898656845093
13259,0.32910874485969543
13260,0.8212743997573853
13261,0.4663486182689667
13262,0.6588377356529236
13263,0.35373321175575256
13264,0.7562851309776306
13265,0.5809921026229858
13266,0.35819390416145325
13267,0.5495533347129822
13268,0.2809782326221466
13269,0.5530913472175598
13270,0.33148181438446045
13271,0.5167244076728821
13272,0.747261106967926
13273,0.8563634753227234
13274,0.7180346846580505
13275,0.6538630127906799
13276,0.4542861878871918
13277,0.4323088824748993
13278,0.2978968322277069
13279,0.43143990635871887
13280,0.2571106255054474
13281,0.3898850679397583
13282,0.6984818577766418
13283,0.8346514105796814
13284,0.5937086343765259
13285,0.8490727543830872
13286,0.7397190928459167
13287,0.6040359139442444
13288,0.48189491033554077
13289,0.3358010947704315
13290,0.6128669381141663
13291,0.31547465920448303
13292,0.47568994760513306
13293,0.3556973338127136
13294,0.5599529147148132
13295,0.3370233178138733
13296,0.519775927066803
13297,0.4644675552845001
13298,0.7390909790992737
13299,0.37454676628112793
13300,0.34974831342697144
13301,0.8520637154579163
13302,0.49340641498565674
13303,0.2763384282588959
13304,0.19507810473442078
13305,0.448310524225235
13306,0.18895432353019714
13307,0.2963161766529083
13308,0.4612409770488739
13309,0.5497230291366577
13310,0.7652947306632996
13311,0.8312931656837463
13312,0.25448253750801086
13313,0.8214682340621948
13314,0.5551140904426575
13315,0.5368211269378662
13316,0.5787002444267273
13317,0.26461583375930786
13318,0.2470308244228363
13319,0.36261340975761414
13320,0.23671427369117737
13321,0.5114293694496155
13322,0.41089683771133423
13323,0.6135371327400208
13324,0.33080610632896423
13325,0.8230383992195129
13326,0.6480340957641602
13327,0.49563202261924744
13328,0.7417551875114441
13329,0.7750259041786194
13330,0.40178510546684265
13331,0.3632526993751526
13332,0.33934447169303894
13333,0.6366097927093506
13334,0.1694517433643341
13335,0.23976269364356995
13336,0.2923586666584015
13337,0.6822928786277771
13338,0.6588546633720398
13339,0.32937297224998474
13340,0.4911269545555115
13341,0.4948989450931549
13342,0.5238800048828125
13343,0.6378082633018494
13344,0.4779582619667053
13345,0.5709225535392761
13346,0.4452823996543884
13347,0.571828305721283
13348,0.395080029964447
13349,0.21479138731956482
13350,0.283447265625
13351,0.797050952911377
13352,0.43877193331718445
13353,0.48120802640914917
13354,0.7159251570701599
13355,0.6669915914535522
13356,0.3685625195503235
13357,0.8307704925537109
13358,0.2636028230190277
13359,0.7131733298301697
13360,0.6101474165916443
13361,0.27830976247787476
13362,0.34220632910728455
13363,0.3918010890483856
13364,0.5391552448272705
13365,0.5281739830970764
13366,0.43706631660461426
13367,0.6724839806556702
13368,0.7970848679542542
13369,0.7739118933677673
13370,0.6743384003639221
13371,0.6017223000526428
13372,0.3436717391014099
13373,0.5176703333854675
13374,0.7380151748657227
13375,0.6759245991706848
13376,0.46519729495048523
13377,0.6274011731147766
13378,0.8262638449668884
13379,0.7107892632484436
13380,0.5604144334793091
13381,0.14362388849258423
13382,0.3409534990787506
13383,0.27981626987457275
13384,0.7171172499656677
13385,0.5587721467018127
13386,0.573017418384552
13387,0.30871012806892395
13388,0.7808728814125061
13389,0.46841007471084595
13390,0.6404632925987244
13391,0.681144654750824
13392,0.5466507077217102
13393,0.7673758268356323
13394,0.6472424864768982
13395,0.3079530894756317
13396,0.6684017181396484
13397,0.46706244349479675
13398,0.4460339844226837
13399,0.37618228793144226
13400,0.6458882093429565
13401,0.48470333218574524
13402,0.5654346942901611
13403,0.38193821907043457
13404,0.4365020990371704
13405,0.6711916327476501
13406,0.6561221480369568
13407,0.738505482673645
13408,0.5788398385047913
13409,0.6568552255630493
13410,0.8059065937995911
13411,0.4513426721096039
13412,0.4641786217689514
13413,0.4119873344898224
13414,0.3777962028980255
13415,0.5809751749038696
13416,0.4940452575683594
13417,0.5204598307609558
13418,0.5315336585044861
13419,0.6481075882911682
13420,0.4413911998271942
13421,0.5481554865837097
13422,0.6892380714416504
13423,0.547147274017334
13424,0.6348987817764282
13425,0.749087393283844
13426,0.33371520042419434
13427,0.45025715231895447
13428,0.5802091956138611
13429,0.3876235783100128
13430,0.6600862145423889
13431,0.6546743512153625
13432,0.7125326991081238
13433,0.43845030665397644
13434,0.8349911570549011
13435,0.3964274227619171
13436,0.34084179997444153
13437,0.5348133444786072
13438,0.21742033958435059
13439,0.4854143261909485
13440,0.6734936237335205
13441,0.626592218875885
13442,0.4064745008945465
13443,0.6254008412361145
13444,0.6404780149459839
13445,0.4036756455898285
13446,0.33537036180496216
13447,0.5040122866630554
13448,0.40946030616760254
13449,0.5414707660675049
13450,0.12974998354911804
13451,0.21691164374351501
13452,0.5982257723808289
13453,0.7146452069282532
13454,0.2266513705253601
13455,0.459279865026474
13456,0.7536036372184753
13457,0.19521668553352356
13458,0.3502975404262543
13459,0.3107701241970062
13460,0.551690399646759
13461,0.19243258237838745
13462,0.528303861618042
13463,0.5247954726219177
13464,0.4776243269443512
13465,0.36580517888069153
13466,0.6077703237533569
13467,0.6127904057502747
13468,0.607204258441925
13469,0.5658407211303711
13470,0.8232377171516418
13471,0.5382681488990784
13472,0.6614524126052856
13473,0.4858734905719757
13474,0.6642006635665894
13475,0.38030123710632324
13476,0.7937684655189514
13477,0.36593517661094666
13478,0.5298556089401245
13479,0.7534446120262146
13480,0.4034019410610199
13481,0.21569862961769104
13482,0.34092065691947937
13483,0.624172568321228
13484,0.6840106248855591
13485,0.600932776927948
13486,0.5557103753089905
13487,0.6119901537895203
13488,0.7963649034500122
13489,0.7511582374572754
13490,0.37698623538017273
13491,0.32506999373435974
13492,0.7943288683891296
13493,0.44431960582733154
13494,0.6436520218849182
13495,0.7456434369087219
13496,0.3228159546852112
13497,0.721087634563446
13498,0.15790057182312012
13499,0.5657849907875061
13500,0.22246745228767395
13501,0.5120883584022522
13502,0.7854955792427063
13503,0.6017869114875793
13504,0.39246222376823425
13505,0.39487043023109436
13506,0.7193978428840637
13507,0.5469021797180176
13508,0.6680677533149719
13509,0.5684244632720947
13510,0.6670339703559875
13511,0.34370285272598267
13512,0.8143001198768616
13513,0.40913692116737366
13514,0.2880382239818573
13515,0.5799400210380554
13516,0.5680258274078369
13517,0.6455467939376831
13518,0.48950210213661194
13519,0.4885616600513458
13520,0.472688227891922
13521,0.40372151136398315
13522,0.20999285578727722
13523,0.6638128161430359
13524,0.504364013671875
13525,0.3398512303829193
13526,0.5044127106666565
13527,0.42107152938842773
13528,0.22072508931159973
13529,0.6165499091148376
13530,0.6167082190513611
13531,0.4451747536659241
13532,0.5040724873542786
13533,0.666215717792511
13534,0.8118720054626465
13535,0.48145559430122375
13536,0.5577378869056702
13537,0.5996342301368713
13538,0.8009663224220276
13539,0.25456929206848145
13540,0.19723168015480042
13541,0.6689440608024597
13542,0.4562627077102661
13543,0.6766136288642883
13544,0.3812400698661804
13545,0.6027897000312805
13546,0.2805994153022766
13547,0.21948203444480896
13548,0.5080804228782654
13549,0.35001376271247864
13550,0.49706634879112244
13551,0.6713256239891052
13552,0.8524049520492554
13553,0.33187225461006165
13554,0.40765300393104553
13555,0.24650982022285461
13556,0.4428141415119171
13557,0.5883870124816895
13558,0.6921305060386658
13559,0.3509908616542816
13560,0.4405226409435272
13561,0.16507157683372498
13562,0.3946535885334015
13563,0.530377209186554
13564,0.5193529725074768
13565,0.4962834417819977
13566,0.39690613746643066
13567,0.7646616101264954
13568,0.6577643156051636
13569,0.511798083782196
13570,0.7547343373298645
13571,0.28702017664909363
13572,0.6223469376564026
13573,0.43755629658699036
13574,0.38622862100601196
13575,0.5112076997756958
13576,0.3452739417552948
13577,0.3040119409561157
13578,0.4738571047782898
13579,0.4360496699810028
13580,0.20062324404716492
13581,0.6536824107170105
13582,0.7085134387016296
13583,0.26493439078330994
13584,0.26514732837677
13585,0.6155844926834106
13586,0.6047098636627197
13587,0.34860149025917053
13588,0.28036949038505554
13589,0.4028346836566925
13590,0.7147939205169678
13591,0.6511180996894836
13592,0.7723740935325623
13593,0.7807453274726868
13594,0.1495765745639801
13595,0.5101272463798523
13596,0.5141092538833618
13597,0.25938794016838074
13598,0.14435452222824097
13599,0.7581781148910522
13600,0.8310362100601196
13601,0.54661625623703
13602,0.5744433999061584
13603,0.5910143256187439
13604,0.34755071997642517
13605,0.6738945245742798
13606,0.6806652545928955
13607,0.6649244427680969
13608,0.6704365611076355
13609,0.7603098750114441
13610,0.26524463295936584
13611,0.2165590524673462
13612,0.813717782497406
13613,0.25489869713783264
13614,0.3554500341415405
13615,0.722891092300415
13616,0.49975183606147766
13617,0.5251699686050415
13618,0.23079636693000793
13619,0.4717085361480713
13620,0.43746206164360046
13621,0.15139344334602356
13622,0.542248547077179
13623,0.8239781260490417
13624,0.7429563403129578
13625,0.2790110111236572
13626,0.6869609951972961
13627,0.7521938681602478
13628,0.3266144394874573
13629,0.22450435161590576
13630,0.5481995940208435
13631,0.5037863254547119
13632,0.23606476187705994
13633,0.22133758664131165
13634,0.6511977910995483
13635,0.5767167210578918
13636,0.7618983387947083
13637,0.5035801529884338
13638,0.43560752272605896
13639,0.3140668272972107
13640,0.28395918011665344
13641,0.5176418423652649
13642,0.2696317434310913
13643,0.19084981083869934
13644,0.7480042576789856
13645,0.8329222202301025
13646,0.660979688167572
13647,0.5769644379615784
13648,0.5823066830635071
13649,0.7727289795875549
13650,0.563726544380188
13651,0.7416704297065735
13652,0.3715344965457916
13653,0.5346372723579407
13654,0.6002450585365295
13655,0.804636538028717
13656,0.4052528440952301
13657,0.4657994210720062
13658,0.8070482015609741
13659,0.8415513634681702
13660,0.1555016040802002
13661,0.3179204761981964
13662,0.34249576926231384
13663,0.396536260843277
13664,0.3861696422100067
13665,0.4748355448246002
13666,0.4668405055999756
13667,0.570943295955658
13668,0.28758683800697327
13669,0.12973088026046753
13670,0.7573361396789551
13671,0.6220651268959045
13672,0.5582060217857361
13673,0.27925732731819153
13674,0.4642260670661926
13675,0.5585448145866394
13676,0.4426942467689514
13677,0.6534119248390198
13678,0.6896020770072937
13679,0.4827868342399597
13680,0.6041620373725891
13681,0.5944583415985107
13682,0.21249744296073914
13683,0.4880088269710541
13684,0.6758900880813599
13685,0.5422105193138123
13686,0.40523022413253784
13687,0.344438374042511
13688,0.3948458433151245
13689,0.27951478958129883
13690,0.3024134039878845
13691,0.8294761776924133
13692,0.3899470567703247
13693,0.2532956302165985
13694,0.8361803889274597
13695,0.17498230934143066
13696,0.7756337523460388
13697,0.36478909850120544
13698,0.2232450246810913
13699,0.6553341746330261
13700,0.5971430540084839
13701,0.7709434628486633
13702,0.6549954414367676
13703,0.2816540598869324
13704,0.8020269870758057
13705,0.3083530068397522
13706,0.39840012788772583
13707,0.49561813473701477
13708,0.3965076804161072
13709,0.4241028428077698
13710,0.3368251919746399
13711,0.5057349801063538
13712,0.7349515557289124
13713,0.7337680459022522
13714,0.5011850595474243
13715,0.5564025044441223
13716,0.6811334490776062
13717,0.7396687865257263
13718,0.32948705554008484
13719,0.362886518239975
13720,0.1639837622642517
13721,0.4687415659427643
13722,0.6882479786872864
13723,0.45178672671318054
13724,0.27621421217918396
13725,0.3990013897418976
13726,0.24018675088882446
13727,0.5673337578773499
13728,0.5707436203956604
13729,0.42989617586135864
13730,0.21881961822509766
13731,0.3128296732902527
13732,0.38990387320518494
13733,0.5645349025726318
13734,0.30421364307403564
13735,0.43271735310554504
13736,0.5090715289115906
13737,0.3952740430831909
13738,0.3207251727581024
13739,0.5009642243385315
13740,0.2717566192150116
13741,0.1884942352771759
13742,0.656169593334198
13743,0.5793558359146118
13744,0.5099349617958069
13745,0.6857535243034363
13746,0.5923815369606018
13747,0.7120426297187805
13748,0.30241653323173523
13749,0.6828059554100037
13750,0.6979674696922302
13751,0.47382110357284546
13752,0.5652161240577698
13753,0.8624736070632935
13754,0.3285428583621979
13755,0.6039918065071106
13756,0.8258325457572937
13757,0.7511284947395325
13758,0.38982295989990234
13759,0.7923337817192078
13760,0.37991616129875183
13761,0.3798507750034332
13762,0.3057023286819458
13763,0.18917280435562134
13764,0.3304360806941986
13765,0.22707656025886536
13766,0.7995028495788574
13767,0.5379295945167542
13768,0.48378050327301025
13769,0.590014636516571
13770,0.46644866466522217
13771,0.798008382320404
13772,0.534713089466095
13773,0.39112550020217896
13774,0.4139823317527771
13775,0.7259427905082703
13776,0.5496600866317749
13777,0.2099301815032959
13778,0.3376471996307373
13779,0.6058886647224426
13780,0.6462881565093994
13781,0.8215857148170471
13782,0.5814788937568665
13783,0.3329165279865265
13784,0.8645283579826355
13785,0.5645276308059692
13786,0.45922616124153137
13787,0.3684568405151367
13788,0.7954067587852478
13789,0.34897395968437195
13790,0.32551664113998413
13791,0.2631853520870209
13792,0.33923548460006714
13793,0.6069148778915405
13794,0.2585831880569458
13795,0.40566781163215637
13796,0.448579877614975
13797,0.4771219491958618
13798,0.33497437834739685
13799,0.26409655809402466
13800,0.7054672241210938
13801,0.8224340677261353
13802,0.6852202415466309
13803,0.6450003385543823
13804,0.2622341215610504
13805,0.5197877287864685
13806,0.871616542339325
13807,0.5073926448822021
13808,0.6993798613548279
13809,0.18875744938850403
13810,0.3442782461643219
13811,0.5691283345222473
13812,0.4070828855037689
13813,0.5306736826896667
13814,0.4072472155094147
13815,0.16373303532600403
13816,0.7131218910217285
13817,0.6684439778327942
13818,0.4327033460140228
13819,0.8275622129440308
13820,0.5208428502082825
13821,0.5136146545410156
13822,0.7013382315635681
13823,0.3219512104988098
13824,0.6882006525993347
13825,0.495903342962265
13826,0.6181309819221497
13827,0.19611555337905884
13828,0.7496873736381531
13829,0.6431570649147034
13830,0.665178656578064
13831,0.7791586518287659
13832,0.47981709241867065
13833,0.41208913922309875
13834,0.615679144859314
13835,0.4102942645549774
13836,0.4631161093711853
13837,0.557231605052948
13838,0.5811328291893005
13839,0.7830630540847778
13840,0.7454738020896912
13841,0.7305801510810852
13842,0.5349565744400024
13843,0.5335038304328918
13844,0.540863573551178
13845,0.5013306736946106
13846,0.5743632912635803
13847,0.3713017404079437
13848,0.7056006789207458
13849,0.6078976988792419
13850,0.46156367659568787
13851,0.16684699058532715
13852,0.4187253415584564
13853,0.8103205561637878
13854,0.7246541380882263
13855,0.5138557553291321
13856,0.5554962754249573
13857,0.6648920178413391
13858,0.5213455557823181
13859,0.6025988459587097
13860,0.3492654860019684
13861,0.6390953660011292
13862,0.2845214903354645
13863,0.6040798425674438
13864,0.4670465886592865
13865,0.7085389494895935
13866,0.5533114075660706
13867,0.29984042048454285
13868,0.5680120587348938
13869,0.7038980722427368
13870,0.6196712851524353
13871,0.4272553622722626
13872,0.28924089670181274
13873,0.5091100335121155
13874,0.3788048326969147
13875,0.5975483059883118
13876,0.45918217301368713
13877,0.5180553793907166
13878,0.411590576171875
13879,0.661838948726654
13880,0.5564128160476685
13881,0.3794756829738617
13882,0.39598068594932556
13883,0.515348494052887
13884,0.6814267039299011
13885,0.49249267578125
13886,0.8338944315910339
13887,0.7192308306694031
13888,0.557360827922821
13889,0.523751974105835
13890,0.36277878284454346
13891,0.32460707426071167
13892,0.6109126210212708
13893,0.6071307063102722
13894,0.30292612314224243
13895,0.6930444836616516
13896,0.46263793110847473
13897,0.39914757013320923
13898,0.5426016449928284
13899,0.586478054523468
13900,0.534977376461029
13901,0.5315159559249878
13902,0.23184114694595337
13903,0.572619616985321
13904,0.7843177914619446
13905,0.8017480969429016
13906,0.3271637558937073
13907,0.6270321011543274
13908,0.6682851910591125
13909,0.30958014726638794
13910,0.4988703429698944
13911,0.7313706278800964
13912,0.6124603152275085
13913,0.38229480385780334
13914,0.6452831625938416
13915,0.5889831185340881
13916,0.44414302706718445
13917,0.6926091909408569
13918,0.7051638960838318
13919,0.5309767127037048
13920,0.3715313971042633
13921,0.48409023880958557
13922,0.8033238053321838
13923,0.34676405787467957
13924,0.6095224022865295
13925,0.7671768069267273
13926,0.42481473088264465
13927,0.4472990036010742
13928,0.2373107671737671
13929,0.615118682384491
13930,0.577908992767334
13931,0.6376906037330627
13932,0.31521397829055786
13933,0.864960253238678
13934,0.4350415766239166
13935,0.6975730657577515
13936,0.7536126971244812
13937,0.24417349696159363
13938,0.7462305426597595
13939,0.6998676061630249
13940,0.2833508849143982
13941,0.7601398229598999
13942,0.4064684808254242
13943,0.5046889781951904
13944,0.7944133877754211
13945,0.6038941144943237
13946,0.7917603850364685
13947,0.764123260974884
13948,0.6565550565719604
13949,0.6231020092964172
13950,0.738517701625824
13951,0.17277029156684875
13952,0.5185316205024719
13953,0.6463015675544739
13954,0.3013056218624115
13955,0.7163311839103699
13956,0.20637652277946472
13957,0.374862939119339
13958,0.25825509428977966
13959,0.6653240323066711
13960,0.6656190156936646
13961,0.8504450917243958
13962,0.2608317732810974
13963,0.7028362154960632
13964,0.5752117037773132
13965,0.6159241795539856
13966,0.46245089173316956
13967,0.8442434668540955
13968,0.7809997797012329
13969,0.5090251564979553
13970,0.45207199454307556
13971,0.6051696538925171
13972,0.6098527312278748
13973,0.6936882138252258
13974,0.8406779766082764
13975,0.5762056112289429
13976,0.16322380304336548
13977,0.3366266191005707
13978,0.5610163807868958
13979,0.7561727166175842
13980,0.4916922152042389
13981,0.34200307726860046
13982,0.772744357585907
13983,0.5784630179405212
13984,0.415176123380661
13985,0.6905940175056458
13986,0.610173761844635
13987,0.1606866717338562
13988,0.521917998790741
13989,0.5655277371406555
13990,0.7716820240020752
13991,0.34315094351768494
13992,0.46192291378974915
13993,0.2710834741592407
13994,0.6496334075927734
13995,0.7004355788230896
13996,0.5610201954841614
13997,0.4321751594543457
13998,0.5997448563575745
13999,0.5651906132698059
14000,0.312298446893692
14001,0.4399115741252899
14002,0.82246333360672
14003,0.43388524651527405
14004,0.4046397805213928
14005,0.686942994594574
14006,0.4629322290420532
14007,0.3065072000026703
14008,0.2442738115787506
14009,0.6080942153930664
14010,0.7073462605476379
14011,0.6789080500602722
14012,0.3392423093318939
14013,0.24234971404075623
14014,0.3013116419315338
14015,0.3584320843219757
14016,0.46398910880088806
14017,0.29633933305740356
14018,0.5494089126586914
14019,0.42196783423423767
14020,0.49506875872612
14021,0.39703288674354553
14022,0.6223061680793762
14023,0.5966826677322388
14024,0.4107763469219208
14025,0.7018786072731018
14026,0.7861880660057068
14027,0.3029231131076813
14028,0.814235270023346
14029,0.612130343914032
14030,0.37785062193870544
14031,0.41537240147590637
14032,0.37733060121536255
14033,0.6796622276306152
14034,0.6274375319480896
14035,0.6676357388496399
14036,0.5325528979301453
14037,0.4033850431442261
14038,0.4736327826976776
14039,0.20506170392036438
14040,0.3840213418006897
14041,0.6890717148780823
14042,0.3360196352005005
14043,0.5919456481933594
14044,0.16558438539505005
14045,0.36645635962486267
14046,0.6443206667900085
14047,0.8041819930076599
14048,0.5813566446304321
14049,0.5817925930023193
14050,0.2981031835079193
14051,0.5338342785835266
14052,0.4549883008003235
14053,0.5320159792900085
14054,0.784972071647644
14055,0.5962657928466797
14056,0.5490763187408447
14057,0.5403427481651306
14058,0.49977928400039673
14059,0.4894997477531433
14060,0.7746291756629944
14061,0.5481781959533691
14062,0.49438294768333435
14063,0.36136889457702637
14064,0.5250899195671082
14065,0.5771504044532776
14066,0.23452919721603394
14067,0.6689628958702087
14068,0.4188339114189148
14069,0.5132926106452942
14070,0.6041936278343201
14071,0.7498473525047302
14072,0.2664571702480316
14073,0.500063419342041
14074,0.42541778087615967
14075,0.40556052327156067
14076,0.5724449157714844
14077,0.40720412135124207
14078,0.4699895679950714
14079,0.14709770679473877
14080,0.7132681012153625
14081,0.19228318333625793
14082,0.5059548020362854
14083,0.5294246673583984
14084,0.3136303126811981
14085,0.7429006695747375
14086,0.7150998115539551
14087,0.39682647585868835
14088,0.28722378611564636
14089,0.28262215852737427
14090,0.6972723603248596
14091,0.622734010219574
14092,0.38273510336875916
14093,0.35683348774909973
14094,0.5574873089790344
14095,0.525518000125885
14096,0.4802338182926178
14097,0.5808979868888855
14098,0.6660537123680115
14099,0.2063576579093933
14100,0.7524663805961609
14101,0.36832234263420105
14102,0.304436057806015
14103,0.19736981391906738
14104,0.7416234612464905
14105,0.6385751962661743
14106,0.4053996801376343
14107,0.3071046769618988
14108,0.5477610230445862
14109,0.5525758862495422
14110,0.3827378451824188
14111,0.5610935091972351
14112,0.16198623180389404
14113,0.5701293349266052
14114,0.4392865002155304
14115,0.3113788366317749
14116,0.3191124200820923
14117,0.516775906085968
14118,0.775637686252594
14119,0.5005422830581665
14120,0.3374023139476776
14121,0.44843295216560364
14122,0.45506787300109863
14123,0.2550000250339508
14124,0.2623930871486664
14125,0.49088191986083984
14126,0.15213662385940552
14127,0.6847766041755676
14128,0.5397300124168396
14129,0.7266621589660645
14130,0.5722580552101135
14131,0.2614343464374542
14132,0.5944111943244934
14133,0.5136272311210632
14134,0.5953262448310852
14135,0.47043749690055847
14136,0.7774550318717957
14137,0.49427422881126404
14138,0.38305237889289856
14139,0.35351595282554626
14140,0.8075330853462219
14141,0.7176652550697327
14142,0.5559566617012024
14143,0.6323747038841248
14144,0.6805902123451233
14145,0.22416141629219055
14146,0.21468830108642578
14147,0.516989529132843
14148,0.8283583521842957
14149,0.3727540969848633
14150,0.7173919677734375
14151,0.28658363223075867
14152,0.6639081835746765
14153,0.370354562997818
14154,0.7099669575691223
14155,0.45758214592933655
14156,0.5517753958702087
14157,0.6959819197654724
14158,0.7105947136878967
14159,0.44190263748168945
14160,0.3586442470550537
14161,0.3106042444705963
14162,0.50746089220047
14163,0.5709043145179749
14164,0.5614897608757019
14165,0.601517915725708
14166,0.5343446135520935
14167,0.3710899353027344
14168,0.7941791415214539
14169,0.3516372740268707
14170,0.4806138575077057
14171,0.7710815072059631
14172,0.5053597092628479
14173,0.45992621779441833
14174,0.3420046865940094
14175,0.3902539014816284
14176,0.6518136262893677
14177,0.8706349730491638
14178,0.6259365677833557
14179,0.7069936394691467
14180,0.6850011944770813
14181,0.7782997488975525
14182,0.2201228141784668
14183,0.3184317350387573
14184,0.4072677493095398
14185,0.6021907329559326
14186,0.28231319785118103
14187,0.20628374814987183
14188,0.5100279450416565
14189,0.5163931250572205
14190,0.6568040251731873
14191,0.6279725432395935
14192,0.6055418252944946
14193,0.4103619158267975
14194,0.661289632320404
14195,0.22677993774414062
14196,0.651147186756134
14197,0.8011816740036011
14198,0.6372880339622498
14199,0.3763870894908905
14200,0.8279308676719666
14201,0.503577470779419
14202,0.5946369767189026
14203,0.5819023251533508
14204,0.18148645758628845
14205,0.5866031050682068
14206,0.7598061561584473
14207,0.4089981019496918
14208,0.8180616497993469
14209,0.6828563809394836
14210,0.35379037261009216
14211,0.7702913880348206
14212,0.46175190806388855
14213,0.6067993640899658
14214,0.6302885413169861
14215,0.674578845500946
14216,0.43267959356307983
14217,0.3835691809654236
14218,0.5379241108894348
14219,0.7622204422950745
14220,0.4278858006000519
14221,0.8208046555519104
14222,0.2369406819343567
14223,0.31125327944755554
14224,0.380815327167511
14225,0.7520666122436523
14226,0.3108254373073578
14227,0.34550657868385315
14228,0.35442259907722473
14229,0.3744123876094818
14230,0.1870667040348053
14231,0.7909342646598816
14232,0.3608853220939636
14233,0.44841450452804565
14234,0.7974867224693298
14235,0.468421995639801
14236,0.21849176287651062
14237,0.1639518439769745
14238,0.48687371611595154
14239,0.22847497463226318
14240,0.4516250789165497
14241,0.572031557559967
14242,0.5903931260108948
14243,0.4941789209842682
14244,0.13824540376663208
14245,0.7192116379737854
14246,0.6453080177307129
14247,0.5451844334602356
14248,0.7878567576408386
14249,0.5442448854446411
14250,0.2881183624267578
14251,0.3702913224697113
14252,0.6055591106414795
14253,0.37341728806495667
14254,0.6101065278053284
14255,0.17164036631584167
14256,0.5355141162872314
14257,0.4878477156162262
14258,0.595567524433136
14259,0.8103306889533997
14260,0.7569811344146729
14261,0.3229835033416748
14262,0.5847852230072021
14263,0.3942619562149048
14264,0.8395957350730896
14265,0.43663620948791504
14266,0.3748898208141327
14267,0.6311824321746826
14268,0.32230344414711
14269,0.3596931993961334
14270,0.5390697121620178
14271,0.5687435269355774
14272,0.702177107334137
14273,0.5057820677757263
14274,0.47801733016967773
14275,0.7585522532463074
14276,0.7077043056488037
14277,0.34421980381011963
14278,0.58583664894104
14279,0.4926697313785553
14280,0.4848982095718384
14281,0.30978935956954956
14282,0.4871826767921448
14283,0.30757570266723633
14284,0.26284483075141907
14285,0.8054239153862
14286,0.5740067362785339
14287,0.3431845009326935
14288,0.16405564546585083
14289,0.311419278383255
14290,0.7470017075538635
14291,0.642639696598053
14292,0.6204052567481995
14293,0.808330237865448
14294,0.7398068308830261
14295,0.30559077858924866
14296,0.34484705328941345
14297,0.3447057008743286
14298,0.4838320314884186
14299,0.3516058325767517
14300,0.25780972838401794
14301,0.41439616680145264
14302,0.5534464716911316
14303,0.18064942955970764
14304,0.337536096572876
14305,0.7649888396263123
14306,0.3902854025363922
14307,0.2309509515762329
14308,0.7880190014839172
14309,0.42486321926116943
14310,0.28304582834243774
14311,0.30487683415412903
14312,0.24683979153633118
14313,0.35752806067466736
14314,0.4374506175518036
14315,0.5177065134048462
14316,0.43849602341651917
14317,0.30300983786582947
14318,0.3435078263282776
14319,0.44638946652412415
14320,0.7303186655044556
14321,0.41311490535736084
14322,0.36329448223114014
14323,0.827488362789154
14324,0.7128690481185913
14325,0.5221326947212219
14326,0.38662946224212646
14327,0.4298265278339386
14328,0.8319843411445618
14329,0.4437715709209442
14330,0.8275455832481384
14331,0.5917249321937561
14332,0.6377950310707092
14333,0.4627487361431122
14334,0.8441076874732971
14335,0.6483463644981384
14336,0.5092605352401733
14337,0.6209263205528259
14338,0.23475295305252075
14339,0.7122712135314941
14340,0.47490614652633667
14341,0.5874831676483154
14342,0.7503125667572021
14343,0.5014943480491638
14344,0.3551200330257416
14345,0.6646489500999451
14346,0.31166329979896545
14347,0.6374567151069641
14348,0.4451974332332611
14349,0.656078577041626
14350,0.7140044569969177
14351,0.6166967153549194
14352,0.4465480148792267
14353,0.5354874134063721
14354,0.30230027437210083
14355,0.7549983859062195
14356,0.45683568716049194
14357,0.21462517976760864
14358,0.22330790758132935
14359,0.2449788749217987
14360,0.6760221123695374
14361,0.6939523816108704
14362,0.5312399864196777
14363,0.8627654910087585
14364,0.35513678193092346
14365,0.5732000470161438
14366,0.7472777962684631
14367,0.4896142780780792
14368,0.5256009101867676
14369,0.7472580075263977
14370,0.2620549201965332
14371,0.6554701924324036
14372,0.46233370900154114
14373,0.5540454387664795
14374,0.5162222981452942
14375,0.6724498867988586
14376,0.7506597638130188
14377,0.3976113200187683
14378,0.387106329202652
14379,0.1774919629096985
14380,0.5739678740501404
14381,0.570432722568512
14382,0.7254325151443481
14383,0.8261027932167053
14384,0.6915403008460999
14385,0.4676540493965149
14386,0.3030785918235779
14387,0.19386738538742065
14388,0.3660551905632019
14389,0.6876003742218018
14390,0.5391548275947571
14391,0.28036952018737793
14392,0.2783157527446747
14393,0.31933727860450745
14394,0.5290267467498779
14395,0.4125532805919647
14396,0.7565669417381287
14397,0.5809445977210999
14398,0.33630189299583435
14399,0.793414294719696
14400,0.27638480067253113
14401,0.5237973928451538
14402,0.19720104336738586
14403,0.4197891652584076
14404,0.7591320872306824
14405,0.5025516152381897
14406,0.21303939819335938
14407,0.5101004242897034
14408,0.7053650617599487
14409,0.4276561439037323
14410,0.6007260084152222
14411,0.33520904183387756
14412,0.15218517184257507
14413,0.5217971801757812
14414,0.7705287337303162
14415,0.2957186698913574
14416,0.5568860769271851
14417,0.5248250365257263
14418,0.7327739000320435
14419,0.38431575894355774
14420,0.6092595458030701
14421,0.40676018595695496
14422,0.8007226586341858
14423,0.5688803791999817
14424,0.2874419391155243
14425,0.2944994568824768
14426,0.21395784616470337
14427,0.5576898455619812
14428,0.6959661841392517
14429,0.666763424873352
14430,0.7145122289657593
14431,0.27784836292266846
14432,0.30931857228279114
14433,0.38697415590286255
14434,0.8283436298370361
14435,0.5465907454490662
14436,0.234276682138443
14437,0.5796933770179749
14438,0.8524508476257324
14439,0.4853478670120239
14440,0.5101732611656189
14441,0.6093787550926208
14442,0.5286992192268372
14443,0.4239412546157837
14444,0.27280083298683167
14445,0.6651491522789001
14446,0.30735963582992554
14447,0.7756461501121521
14448,0.7686654925346375
14449,0.6837307810783386
14450,0.7981347441673279
14451,0.6207467913627625
14452,0.4794367551803589
14453,0.6856024265289307
14454,0.26564836502075195
14455,0.49290746450424194
14456,0.6210907101631165
14457,0.5526606440544128
14458,0.4678060710430145
14459,0.4631686210632324
14460,0.16524332761764526
14461,0.5768404006958008
14462,0.691946804523468
14463,0.5788686871528625
14464,0.30109116435050964
14465,0.8401502966880798
14466,0.7533116936683655
14467,0.22983625531196594
14468,0.7226747274398804
14469,0.6154942512512207
14470,0.4326106011867523
14471,0.6145793199539185
14472,0.6012293696403503
14473,0.7565284967422485
14474,0.6167459487915039
14475,0.3431711494922638
14476,0.5403985381126404
14477,0.4791580140590668
14478,0.4334993064403534
14479,0.31998884677886963
14480,0.30290016531944275
14481,0.37447306513786316
14482,0.6895396709442139
14483,0.41293439269065857
14484,0.5663149356842041
14485,0.5460339784622192
14486,0.6423456072807312
14487,0.6624800562858582
14488,0.6616705060005188
14489,0.7540217041969299
14490,0.6434263586997986
14491,0.49279335141181946
14492,0.3020190894603729
14493,0.6698997616767883
14494,0.7284753918647766
14495,0.4216393530368805
14496,0.2776474952697754
14497,0.6806247234344482
14498,0.5137689709663391
14499,0.4596084654331207
14500,0.7516466379165649
14501,0.2820369005203247
14502,0.40083661675453186
14503,0.19292676448822021
14504,0.4160918891429901
14505,0.20186418294906616
14506,0.5480782389640808
14507,0.646190345287323
14508,0.38974571228027344
14509,0.6218180060386658
14510,0.8015500903129578
14511,0.6656026244163513
14512,0.5019958019256592
14513,0.6477171778678894
14514,0.28329944610595703
14515,0.38154205679893494
14516,0.7870485782623291
14517,0.36774003505706787
14518,0.4248053729534149
14519,0.3951888382434845
14520,0.5549049973487854
14521,0.2904111444950104
14522,0.7199038863182068
14523,0.35039201378822327
14524,0.7978297472000122
14525,0.32127395272254944
14526,0.6546961069107056
14527,0.588699996471405
14528,0.2692132890224457
14529,0.8120428919792175
14530,0.14676383137702942
14531,0.3841679096221924
14532,0.5306242108345032
14533,0.6529143452644348
14534,0.5998678803443909
14535,0.3889375925064087
14536,0.3876429498195648
14537,0.4418196976184845
14538,0.7565528154373169
14539,0.5666817426681519
14540,0.31279292702674866
14541,0.794826328754425
14542,0.2720911502838135
14543,0.5189932584762573
14544,0.5968484878540039
14545,0.4096151292324066
14546,0.45159590244293213
14547,0.25453615188598633
14548,0.31610336899757385
14549,0.6079343557357788
14550,0.5926552414894104
14551,0.5734218955039978
14552,0.41403719782829285
14553,0.4398450255393982
14554,0.7027176022529602
14555,0.5801056027412415
14556,0.4686644971370697
14557,0.2746906578540802
14558,0.8168315887451172
14559,0.841841995716095
14560,0.17162349820137024
14561,0.7056137323379517
14562,0.6269699931144714
14563,0.3246268332004547
14564,0.3895786702632904
14565,0.7749409675598145
14566,0.6041473746299744
14567,0.703112006187439
14568,0.6216722130775452
14569,0.37292394042015076
14570,0.7021183371543884
14571,0.3573814928531647
14572,0.4964800179004669
14573,0.5820150375366211
14574,0.20598915219306946
14575,0.37579622864723206
14576,0.523718535900116
14577,0.3965064585208893
14578,0.39730557799339294
14579,0.5880575776100159
14580,0.22922798991203308
14581,0.5538412928581238
14582,0.8495854735374451
14583,0.8313148021697998
14584,0.21034249663352966
14585,0.7056260108947754
14586,0.47343704104423523
14587,0.4056784212589264
14588,0.19383949041366577
14589,0.3813589811325073
14590,0.4214184582233429
14591,0.840782642364502
14592,0.6412929892539978
14593,0.40845388174057007
14594,0.5864032506942749
14595,0.8231187462806702
14596,0.255600243806839
14597,0.7635201811790466
14598,0.5649513602256775
14599,0.8330886960029602
14600,0.5398175120353699
14601,0.757510244846344
14602,0.5075888633728027
14603,0.2722833454608917
14604,0.42005738615989685
14605,0.44718554615974426
14606,0.5518031716346741
14607,0.26828956604003906
14608,0.34986141324043274
14609,0.7513559460639954
14610,0.6142683029174805
14611,0.526548445224762
14612,0.46542978286743164
14613,0.7664710879325867
14614,0.5308001637458801
14615,0.5028234124183655
14616,0.5981719493865967
14617,0.45189937949180603
14618,0.5605003237724304
14619,0.4955728352069855
14620,0.731113851070404
14621,0.40542861819267273
14622,0.33446231484413147
14623,0.663296639919281
14624,0.3424905240535736
14625,0.7498222589492798
14626,0.381305068731308
14627,0.5900267958641052
14628,0.5348322987556458
14629,0.6333228945732117
14630,0.2670489251613617
14631,0.5367432236671448
14632,0.45894917845726013
14633,0.818877637386322
14634,0.6239490509033203
14635,0.4131678342819214
14636,0.29316025972366333
14637,0.5796031355857849
14638,0.5148885250091553
14639,0.4906279146671295
14640,0.5664529204368591
14641,0.715757429599762
14642,0.5280852913856506
14643,0.6990746259689331
14644,0.18341585993766785
14645,0.440490186214447
14646,0.7941003441810608
14647,0.6362465620040894
14648,0.7559224963188171
14649,0.369494765996933
14650,0.658309280872345
14651,0.5678039789199829
14652,0.7541350722312927
14653,0.19979488849639893
14654,0.40394309163093567
14655,0.5513611435890198
14656,0.7940459847450256
14657,0.24767553806304932
14658,0.48845213651657104
14659,0.42594268918037415
14660,0.7461422085762024
14661,0.36050945520401
14662,0.4785602390766144
14663,0.6252857446670532
14664,0.7154662013053894
14665,0.28878945112228394
14666,0.45742282271385193
14667,0.4576013386249542
14668,0.3510332405567169
14669,0.42012152075767517
14670,0.37065738439559937
14671,0.7805954217910767
14672,0.2943408489227295
14673,0.5433658361434937
14674,0.14970383048057556
14675,0.5113726854324341
14676,0.25901004672050476
14677,0.7634652256965637
14678,0.6292963624000549
14679,0.16579151153564453
14680,0.21673625707626343
14681,0.7839717268943787
14682,0.3505374491214752
14683,0.34850576519966125
14684,0.4521898031234741
14685,0.3765919506549835
14686,0.5289607644081116
14687,0.45812761783599854
14688,0.5700132250785828
14689,0.26520439982414246
14690,0.815016508102417
14691,0.8154551386833191
14692,0.2825050354003906
14693,0.5275511145591736
14694,0.6792433857917786
14695,0.7246273159980774
14696,0.4927520155906677
14697,0.615123450756073
14698,0.6203801035881042
14699,0.709835946559906
14700,0.7968387007713318
14701,0.7424153685569763
14702,0.7354361414909363
14703,0.5610643029212952
14704,0.640285074710846
14705,0.44212278723716736
14706,0.8432809710502625
14707,0.6939874291419983
14708,0.6490413546562195
14709,0.8315179944038391
14710,0.678178608417511
14711,0.798736572265625
14712,0.6768801808357239
14713,0.5568408370018005
14714,0.6655859351158142
14715,0.7276958227157593
14716,0.16100597381591797
14717,0.5020665526390076
14718,0.7640660405158997
14719,0.7122494578361511
14720,0.693306028842926
14721,0.2858424782752991
14722,0.2714983820915222
14723,0.43435361981391907
14724,0.26813724637031555
14725,0.5096963047981262
14726,0.6749241948127747
14727,0.6841800212860107
14728,0.7946762442588806
14729,0.5827911496162415
14730,0.7453665137290955
14731,0.7062457203865051
14732,0.42892447113990784
14733,0.5937896370887756
14734,0.41706085205078125
14735,0.564760148525238
14736,0.3958805203437805
14737,0.7717862725257874
14738,0.5813243389129639
14739,0.6689597964286804
14740,0.4624173939228058
14741,0.6729031205177307
14742,0.5688632726669312
14743,0.6612319946289062
14744,0.4764602780342102
14745,0.15594083070755005
14746,0.6910616755485535
14747,0.47436946630477905
14748,0.3555290997028351
14749,0.6204798817634583
14750,0.7237378358840942
14751,0.8288984894752502
14752,0.7576767802238464
14753,0.6153523921966553
14754,0.662137508392334
14755,0.795013964176178
14756,0.5483212471008301
14757,0.2792757451534271
14758,0.5638954043388367
14759,0.5049616098403931
14760,0.38099023699760437
14761,0.582665741443634
14762,0.78840172290802
14763,0.4488046169281006
14764,0.6781923174858093
14765,0.4193650484085083
14766,0.616646945476532
14767,0.7849274277687073
14768,0.20368963479995728
14769,0.536578357219696
14770,0.40859249234199524
14771,0.20172759890556335
14772,0.3870942294597626
14773,0.6981772184371948
14774,0.774802565574646
14775,0.6006894707679749
14776,0.2572418749332428
14777,0.6768105030059814
14778,0.3538978397846222
14779,0.3528793752193451
14780,0.6492602825164795
14781,0.43958809971809387
14782,0.4026463031768799
14783,0.4265598952770233
14784,0.506313145160675
14785,0.6935448050498962
14786,0.3483634889125824
14787,0.4611544907093048
14788,0.638516366481781
14789,0.20592907071113586
14790,0.3297111690044403
14791,0.37554240226745605
14792,0.2504265010356903
14793,0.488648384809494
14794,0.36762553453445435
14795,0.8248419165611267
14796,0.2999201714992523
14797,0.40466180443763733
14798,0.2362591028213501
14799,0.32372528314590454
14800,0.41915518045425415
14801,0.386790007352829
14802,0.3152974545955658
14803,0.21804431080818176
14804,0.7935872673988342
14805,0.6808621287345886
14806,0.42352360486984253
14807,0.43315863609313965
14808,0.42027005553245544
14809,0.6484271287918091
14810,0.23488280177116394
14811,0.5812893509864807
14812,0.5350430607795715
14813,0.4652586877346039
14814,0.17987754940986633
14815,0.7041738629341125
14816,0.6827268004417419
14817,0.5298228859901428
14818,0.3568601906299591
14819,0.3264441192150116
14820,0.5196129083633423
14821,0.45718082785606384
14822,0.2027098536491394
14823,0.48151829838752747
14824,0.561849057674408
14825,0.3389926552772522
14826,0.6788386702537537
14827,0.6885656118392944
14828,0.5682095289230347
14829,0.43417271971702576
14830,0.5958145260810852
14831,0.5820606350898743
14832,0.41884925961494446
14833,0.3439231514930725
14834,0.556056022644043
14835,0.5521358847618103
14836,0.6351367235183716
14837,0.23268991708755493
14838,0.44937780499458313
14839,0.532539427280426
14840,0.6362021565437317
14841,0.6701748967170715
14842,0.42692646384239197
14843,0.5372130870819092
14844,0.27242565155029297
14845,0.36667129397392273
14846,0.2888970971107483
14847,0.6176018118858337
14848,0.8114579319953918
14849,0.8341470956802368
14850,0.41644471883773804
14851,0.5081157088279724
14852,0.4746393859386444
14853,0.6183189749717712
14854,0.6982319355010986
14855,0.8184487223625183
14856,0.5030016303062439
14857,0.7026465535163879
14858,0.44164708256721497
14859,0.6015593409538269
14860,0.7514703869819641
14861,0.3798200488090515
14862,0.5561829209327698
14863,0.35862624645233154
14864,0.30364301800727844
14865,0.6806104183197021
14866,0.828135073184967
14867,0.6839664578437805
14868,0.4135444462299347
14869,0.7601484060287476
14870,0.677327573299408
14871,0.24117234349250793
14872,0.3912130892276764
14873,0.701028048992157
14874,0.39685648679733276
14875,0.48524394631385803
14876,0.41403916478157043
14877,0.3411717712879181
14878,0.3357749581336975
14879,0.4414030611515045
14880,0.5696894526481628
14881,0.3683587610721588
14882,0.38600286841392517
14883,0.5035259127616882
14884,0.3763844668865204
14885,0.6491329073905945
14886,0.3276377320289612
14887,0.6409909129142761
14888,0.14537537097930908
14889,0.5028306841850281
14890,0.30668869614601135
14891,0.6502552032470703
14892,0.6055282354354858
14893,0.7217562198638916
14894,0.33214083313941956
14895,0.6804405450820923
14896,0.7532802820205688
14897,0.5096388459205627
14898,0.8365615010261536
14899,0.4869893491268158
14900,0.6112792491912842
14901,0.4181433618068695
14902,0.4948117136955261
14903,0.4638669192790985
14904,0.5799996256828308
14905,0.5510684251785278
14906,0.7667344212532043
14907,0.8645550608634949
14908,0.48953673243522644
14909,0.1740741729736328
14910,0.4852202236652374
14911,0.7301135659217834
14912,0.3540225625038147
14913,0.5409834980964661
14914,0.6753845810890198
14915,0.14943629503250122
14916,0.25358232855796814
14917,0.5714399218559265
14918,0.3729550242424011
14919,0.6279310584068298
14920,0.3449278473854065
14921,0.7196329236030579
14922,0.2675460875034332
14923,0.43114137649536133
14924,0.17688614130020142
14925,0.6533705592155457
14926,0.5775557160377502
14927,0.402780681848526
14928,0.8022783994674683
14929,0.3851702809333801
14930,0.5271020531654358
14931,0.7067539691925049
14932,0.6301924586296082
14933,0.2299092411994934
14934,0.536594808101654
14935,0.3525914251804352
14936,0.2672378420829773
14937,0.4555847644805908
14938,0.4236474633216858
14939,0.6372668147087097
14940,0.2997541129589081
14941,0.31424054503440857
14942,0.5587709546089172
14943,0.8340546488761902
14944,0.42146551609039307
14945,0.6612529158592224
14946,0.26031312346458435
14947,0.5646203756332397
14948,0.8249067664146423
14949,0.5125831365585327
14950,0.4392251968383789
14951,0.8130216002464294
14952,0.39134010672569275
14953,0.7531368732452393
14954,0.25782573223114014
14955,0.6049110293388367
14956,0.6400777101516724
14957,0.8476741909980774
14958,0.6836310029029846
14959,0.8489624857902527
14960,0.6595445871353149
14961,0.47043806314468384
14962,0.5897412300109863
14963,0.354983389377594
14964,0.2953071594238281
14965,0.2270040214061737
14966,0.5475507974624634
14967,0.5232211351394653
14968,0.6806063055992126
14969,0.2619706094264984
14970,0.7383458018302917
14971,0.4038403332233429
14972,0.8032343983650208
14973,0.621332049369812
14974,0.606452226638794
14975,0.7092836499214172
14976,0.7649648785591125
14977,0.7894131541252136
14978,0.5130701661109924
14979,0.38335829973220825
14980,0.42778679728507996
14981,0.20399686694145203
14982,0.33956870436668396
14983,0.6216235160827637
14984,0.5838937759399414
14985,0.13032695651054382
14986,0.5333777666091919
14987,0.39695221185684204
14988,0.6846266984939575
14989,0.42468804121017456
14990,0.29196786880493164
14991,0.534268319606781
14992,0.7360768914222717
14993,0.5207151770591736
14994,0.30012601613998413
14995,0.5677785277366638
14996,0.48670199513435364
14997,0.781032919883728
14998,0.6918057799339294
14999,0.8105459809303284
15000,0.43745261430740356
15001,0.28535956144332886
15002,0.4079619348049164
15003,0.6566662788391113
15004,0.42581918835639954
15005,0.5729568600654602
15006,0.520448625087738
15007,0.5305206179618835
15008,0.8233650326728821
15009,0.5054082274436951
15010,0.8368353247642517
15011,0.41247105598449707
15012,0.48630425333976746
15013,0.46186864376068115
15014,0.536931574344635
15015,0.6374366879463196
15016,0.7588451504707336
15017,0.7868947386741638
15018,0.48915237188339233
15019,0.4593680202960968
15020,0.3853151500225067
15021,0.5377119779586792
15022,0.7004202008247375
15023,0.2074504792690277
15024,0.6255674362182617
15025,0.1754245162010193
15026,0.41026508808135986
15027,0.19093018770217896
15028,0.3131203055381775
15029,0.4651884138584137
15030,0.3610546290874481
15031,0.15845650434494019
15032,0.44029369950294495
15033,0.5403450131416321
15034,0.6351800560951233
15035,0.37562277913093567
15036,0.613745391368866
15037,0.17625606060028076
15038,0.5467984676361084
15039,0.589622974395752
15040,0.23316451907157898
15041,0.5484471321105957
15042,0.35727205872535706
15043,0.5159870982170105
15044,0.33320528268814087
15045,0.18014556169509888
15046,0.5056840181350708
15047,0.6847668290138245
15048,0.6157018542289734
15049,0.5952468514442444
15050,0.6515361666679382
15051,0.8339954018592834
15052,0.40607738494873047
15053,0.6043566465377808
15054,0.27727916836738586
15055,0.4121273458003998
15056,0.25308412313461304
15057,0.8158438801765442
15058,0.5293715596199036
15059,0.7935665249824524
15060,0.6829626560211182
15061,0.7850046753883362
15062,0.7293893098831177
15063,0.17550712823867798
15064,0.33704206347465515
15065,0.7084059119224548
15066,0.7081950306892395
15067,0.27492862939834595
15068,0.4166496992111206
15069,0.4071824252605438
15070,0.4600399434566498
15071,0.3686254620552063
15072,0.5196390748023987
15073,0.4711543023586273
15074,0.8568399548530579
15075,0.6359395384788513
15076,0.2774628698825836
15077,0.32133954763412476
15078,0.327503502368927
15079,0.5211662650108337
15080,0.47946420311927795
15081,0.4585634768009186
15082,0.77203768491745
15083,0.7903876900672913
15084,0.1815129518508911
15085,0.3085976839065552
15086,0.424445778131485
15087,0.46581271290779114
15088,0.4024360775947571
15089,0.30474796891212463
15090,0.6544221043586731
15091,0.2049100399017334
15092,0.6026206016540527
15093,0.4628739655017853
15094,0.3632822632789612
15095,0.48917460441589355
15096,0.4493055045604706
15097,0.24305328726768494
15098,0.8120965361595154
15099,0.30026206374168396
15100,0.661647379398346
15101,0.5663652420043945
15102,0.549914538860321
15103,0.5517350435256958
15104,0.38447514176368713
15105,0.5044924020767212
15106,0.6682797074317932
15107,0.6671878099441528
15108,0.30167609453201294
15109,0.19144514203071594
15110,0.6195245385169983
15111,0.48313406109809875
15112,0.6639170050621033
15113,0.5159396529197693
15114,0.5354353189468384
15115,0.5818855166435242
15116,0.7116711735725403
15117,0.30839014053344727
15118,0.8063809871673584
15119,0.5270977020263672
15120,0.7539241909980774
15121,0.5582151412963867
15122,0.4901665151119232
15123,0.8267440795898438
15124,0.3404971957206726
15125,0.6997981667518616
15126,0.505341649055481
15127,0.2894013226032257
15128,0.44698333740234375
15129,0.5065580010414124
15130,0.5978839993476868
15131,0.2612159848213196
15132,0.3204135000705719
15133,0.3206523358821869
15134,0.8094109892845154
15135,0.6367510557174683
15136,0.5867918133735657
15137,0.8130811452865601
15138,0.4885655641555786
15139,0.5377551913261414
15140,0.42383894324302673
15141,0.7687655687332153
15142,0.8281155228614807
15143,0.3720080554485321
15144,0.48394012451171875
15145,0.39170071482658386
15146,0.4477604925632477
15147,0.478794664144516
15148,0.33960846066474915
15149,0.7192651629447937
15150,0.5115770697593689
15151,0.7604617476463318
15152,0.3584228754043579
15153,0.3684656322002411
15154,0.3900836408138275
15155,0.3023970127105713
15156,0.8443536162376404
15157,0.3483315110206604
15158,0.7529930472373962
15159,0.28656110167503357
15160,0.6383302807807922
15161,0.48901769518852234
15162,0.7546238303184509
15163,0.3835202753543854
15164,0.4084891378879547
15165,0.5627716779708862
15166,0.5148755311965942
15167,0.4753077030181885
15168,0.4323691427707672
15169,0.379788339138031
15170,0.656054675579071
15171,0.7239833474159241
15172,0.2258906066417694
15173,0.7443739771842957
15174,0.5341669917106628
15175,0.27874648571014404
15176,0.5167343616485596
15177,0.5935177206993103
15178,0.8090632557868958
15179,0.8673943877220154
15180,0.4451875388622284
15181,0.5106794834136963
15182,0.42169180512428284
15183,0.42851120233535767
15184,0.5111789703369141
15185,0.4491000771522522
15186,0.4369939863681793
15187,0.3089681565761566
15188,0.8231564164161682
15189,0.3583217263221741
15190,0.2690628170967102
15191,0.4799804985523224
15192,0.5921812653541565
15193,0.8004071116447449
15194,0.4214407503604889
15195,0.7270997762680054
15196,0.5149454474449158
15197,0.6988927721977234
15198,0.6131529211997986
15199,0.24079447984695435
15200,0.487090528011322
15201,0.6681672930717468
15202,0.4648008942604065
15203,0.31744304299354553
15204,0.17547562718391418
15205,0.23727494478225708
15206,0.4212700426578522
15207,0.5080530643463135
15208,0.6353798508644104
15209,0.25260061025619507
15210,0.7404469847679138
15211,0.37972694635391235
15212,0.7700332999229431
15213,0.6290175914764404
15214,0.2971108555793762
15215,0.4478994309902191
15216,0.6673097610473633
15217,0.6186813712120056
15218,0.6696021556854248
15219,0.3090510964393616
15220,0.5708659887313843
15221,0.7588145732879639
15222,0.3628663122653961
15223,0.7834725975990295
15224,0.48824939131736755
15225,0.3942805230617523
15226,0.6190170645713806
15227,0.4437499940395355
15228,0.6363348960876465
15229,0.4168572425842285
15230,0.7123845219612122
15231,0.4805726110935211
15232,0.6612204313278198
15233,0.6580954194068909
15234,0.5660957098007202
15235,0.45263490080833435
15236,0.35966163873672485
15237,0.6545681357383728
15238,0.5125227570533752
15239,0.6623401045799255
15240,0.44357696175575256
15241,0.7171916961669922
15242,0.4522978365421295
15243,0.4269638955593109
15244,0.6898413300514221
15245,0.4019639790058136
15246,0.32822975516319275
15247,0.572884738445282
15248,0.4169774353504181
15249,0.393995463848114
15250,0.6936858296394348
15251,0.5314379334449768
15252,0.7353135943412781
15253,0.549532949924469
15254,0.24457529187202454
15255,0.5021641850471497
15256,0.49470335245132446
15257,0.40354666113853455
15258,0.734580397605896
15259,0.7279484272003174
15260,0.828404426574707
15261,0.5497623085975647
15262,0.5297783613204956
15263,0.4233507513999939
15264,0.4368326961994171
15265,0.5674200057983398
15266,0.5440845489501953
15267,0.5711665153503418
15268,0.652346670627594
15269,0.6800647377967834
15270,0.4102311432361603
15271,0.569346010684967
15272,0.7103906273841858
15273,0.45389699935913086
15274,0.7114488482475281
15275,0.5487176179885864
15276,0.3635546863079071
15277,0.5013980269432068
15278,0.5524096488952637
15279,0.8011259436607361
15280,0.7748151421546936
15281,0.40532782673835754
15282,0.6837232708930969
15283,0.4733848571777344
15284,0.2067025899887085
15285,0.25791776180267334
15286,0.35467204451560974
15287,0.7308018803596497
15288,0.5929538607597351
15289,0.5523082613945007
15290,0.6513957381248474
15291,0.8148781657218933
15292,0.21654298901557922
15293,0.7225620746612549
15294,0.25229063630104065
15295,0.6226367354393005
15296,0.5964868068695068
15297,0.5995319485664368
15298,0.45164090394973755
15299,0.5841843485832214
15300,0.6568946242332458
15301,0.499881774187088
15302,0.5637761950492859
15303,0.31913676857948303
15304,0.6982107162475586
15305,0.5176569223403931
15306,0.4081651568412781
15307,0.37696895003318787
15308,0.687765896320343
15309,0.24576565623283386
15310,0.29078981280326843
15311,0.49741479754447937
15312,0.6917304396629333
15313,0.4834587872028351
15314,0.48753541707992554
15315,0.39274635910987854
15316,0.6074653267860413
15317,0.39855262637138367
15318,0.33680346608161926
15319,0.8446261286735535
15320,0.6956905722618103
15321,0.4208656847476959
15322,0.5516754984855652
15323,0.44013431668281555
15324,0.22451934218406677
15325,0.1689184308052063
15326,0.40807604789733887
15327,0.7417872548103333
15328,0.831272304058075
15329,0.5000623464584351
15330,0.3084016740322113
15331,0.6996340751647949
15332,0.3374490439891815
15333,0.7218226790428162
15334,0.4175556004047394
15335,0.6250052452087402
15336,0.638205349445343
15337,0.4790137708187103
15338,0.21699005365371704
15339,0.8397588729858398
15340,0.446225643157959
15341,0.7482615113258362
15342,0.24533116817474365
15343,0.5448387861251831
15344,0.46462658047676086
15345,0.17386513948440552
15346,0.2525160014629364
15347,0.29314562678337097
15348,0.1504915952682495
15349,0.6121050715446472
15350,0.7251041531562805
15351,0.4128745496273041
15352,0.31191888451576233
15353,0.8112452626228333
15354,0.8328291773796082
15355,0.7398397326469421
15356,0.25382813811302185
15357,0.69693523645401
15358,0.5575991868972778
15359,0.29172247648239136
15360,0.5531426072120667
15361,0.5822827219963074
15362,0.8234336972236633
15363,0.6194958090782166
15364,0.3354164659976959
15365,0.4392170310020447
15366,0.3743349015712738
15367,0.8031074404716492
15368,0.7259775996208191
15369,0.4188958704471588
15370,0.20754879713058472
15371,0.6726827025413513
15372,0.8599405884742737
15373,0.31278562545776367
15374,0.28801053762435913
15375,0.6133645176887512
15376,0.39806631207466125
15377,0.3169906437397003
15378,0.6748794913291931
15379,0.6625801920890808
15380,0.6167866587638855
15381,0.7131723165512085
15382,0.39423438906669617
15383,0.7032237648963928
15384,0.13227593898773193
15385,0.5370892882347107
15386,0.7107662558555603
15387,0.4419785439968109
15388,0.2349264919757843
15389,0.570722222328186
15390,0.6558632254600525
15391,0.7066987156867981
15392,0.15264180302619934
15393,0.6264730095863342
15394,0.5111955404281616
15395,0.3620043694972992
15396,0.5578647255897522
15397,0.5953694581985474
15398,0.47018787264823914
15399,0.20430192351341248
15400,0.4684349596500397
15401,0.7147194743156433
15402,0.8078102469444275
15403,0.3501704931259155
15404,0.3194548785686493
15405,0.8091322779655457
15406,0.27523258328437805
15407,0.34722813963890076
15408,0.5611531138420105
15409,0.48605939745903015
15410,0.3500281870365143
15411,0.7429796457290649
15412,0.7180811762809753
15413,0.8495225310325623
15414,0.6608169674873352
15415,0.4013994336128235
15416,0.6278740167617798
15417,0.485180139541626
15418,0.6968173980712891
15419,0.7995588183403015
15420,0.21439966559410095
15421,0.570349931716919
15422,0.755039393901825
15423,0.4799710214138031
15424,0.5119399428367615
15425,0.4720092713832855
15426,0.45284250378608704
15427,0.5427889227867126
15428,0.41142481565475464
15429,0.49001091718673706
15430,0.4903032183647156
15431,0.5758542418479919
15432,0.3714272081851959
15433,0.5956430435180664
15434,0.2918228805065155
15435,0.8189874887466431
15436,0.3912687301635742
15437,0.8091304898262024
15438,0.5259410738945007
15439,0.5566890835762024
15440,0.2926377058029175
15441,0.5244888663291931
15442,0.7458599209785461
15443,0.6028359532356262
15444,0.44066277146339417
15445,0.6857616305351257
15446,0.2921968698501587
15447,0.8054587244987488
15448,0.8125759363174438
15449,0.3150348365306854
15450,0.4461672008037567
15451,0.40812012553215027
15452,0.6503432989120483
15453,0.6483234763145447
15454,0.24113428592681885
15455,0.4421621561050415
15456,0.5734030604362488
15457,0.7898530960083008
15458,0.8221479058265686
15459,0.6091108918190002
15460,0.5401895642280579
15461,0.6562204957008362
15462,0.4226085841655731
15463,0.5280668139457703
15464,0.666861355304718
15465,0.4518846571445465
15466,0.5170267224311829
15467,0.7015064358711243
15468,0.5433842539787292
15469,0.5876391530036926
15470,0.3609127402305603
15471,0.7538439631462097
15472,0.4303680658340454
15473,0.3185378611087799
15474,0.5464040040969849
15475,0.6007979512214661
15476,0.3231295049190521
15477,0.6355161070823669
15478,0.6396469473838806
15479,0.5010221600532532
15480,0.4713781774044037
15481,0.8635740876197815
15482,0.7517251372337341
15483,0.3460442125797272
15484,0.5949527621269226
15485,0.3216767907142639
15486,0.5132902264595032
15487,0.43665799498558044
15488,0.59398353099823
15489,0.19894230365753174
15490,0.6591771841049194
15491,0.216358482837677
15492,0.23305752873420715
15493,0.443775475025177
15494,0.5271440148353577
15495,0.17246195673942566
15496,0.36677971482276917
15497,0.41792839765548706
15498,0.6237846612930298
15499,0.5550125241279602
15500,0.6172327399253845
15501,0.6226018667221069
15502,0.44789353013038635
15503,0.7479586005210876
15504,0.6977083086967468
15505,0.46805378794670105
15506,0.7992957234382629
15507,0.2078375220298767
15508,0.6807370781898499
15509,0.3682539761066437
15510,0.19441190361976624
15511,0.21031764149665833
15512,0.7207738161087036
15513,0.44241654872894287
15514,0.4627760052680969
15515,0.6125375628471375
15516,0.48197415471076965
15517,0.34932082891464233
15518,0.21281030774116516
15519,0.7055374383926392
15520,0.2717343866825104
15521,0.7075603604316711
15522,0.6397206783294678
15523,0.29880407452583313
15524,0.7715497016906738
15525,0.29183676838874817
15526,0.5636345744132996
15527,0.5262616276741028
15528,0.3042586147785187
15529,0.694591760635376
15530,0.18423351645469666
15531,0.49968376755714417
15532,0.7175149321556091
15533,0.6527794003486633
15534,0.5092072486877441
15535,0.18534010648727417
15536,0.7327272295951843
15537,0.36698976159095764
15538,0.770509660243988
15539,0.5895516872406006
15540,0.7075969576835632
15541,0.6978909373283386
15542,0.22317370772361755
15543,0.21231809258460999
15544,0.6345610022544861
15545,0.499618798494339
15546,0.6086482405662537
15547,0.5654348731040955
15548,0.562067449092865
15549,0.5424249768257141
15550,0.1592732071876526
15551,0.5050414204597473
15552,0.5518823862075806
15553,0.8292842507362366
15554,0.7445114850997925
15555,0.5122060179710388
15556,0.8004708886146545
15557,0.7594311833381653
15558,0.5346540212631226
15559,0.2972620129585266
15560,0.382851243019104
15561,0.5756818652153015
15562,0.2983385920524597
15563,0.6849920749664307
15564,0.6605085134506226
15565,0.4920875132083893
15566,0.4754619300365448
15567,0.299393892288208
15568,0.6514120101928711
15569,0.642214834690094
15570,0.6572035551071167
15571,0.7192854881286621
15572,0.6821718811988831
15573,0.3157779276371002
15574,0.6530746817588806
15575,0.6704965829849243
15576,0.6914581656455994
15577,0.6975334286689758
15578,0.6071531772613525
15579,0.2953484058380127
15580,0.7444882988929749
15581,0.7284032702445984
15582,0.5468543171882629
15583,0.7768949866294861
15584,0.4429316818714142
15585,0.6527901291847229
15586,0.3160446882247925
15587,0.5051460862159729
15588,0.36844733357429504
15589,0.8320745825767517
15590,0.6872935891151428
15591,0.415474534034729
15592,0.5916005373001099
15593,0.2411300539970398
15594,0.390779584646225
15595,0.3360194265842438
15596,0.24642828106880188
15597,0.4633091390132904
15598,0.5310065746307373
15599,0.5113476514816284
15600,0.7075353264808655
15601,0.3276629149913788
15602,0.46010369062423706
15603,0.20957395434379578
15604,0.6051743030548096
15605,0.40926894545555115
15606,0.5119884610176086
15607,0.30105480551719666
15608,0.34030720591545105
15609,0.7219644784927368
15610,0.3901485502719879
15611,0.515442430973053
15612,0.7516855597496033
15613,0.5879718661308289
15614,0.3024056851863861
15615,0.2556639015674591
15616,0.37041279673576355
15617,0.48800545930862427
15618,0.5732775926589966
15619,0.4920015037059784
15620,0.7588308453559875
15621,0.4371192157268524
15622,0.538699209690094
15623,0.4800795018672943
15624,0.47084036469459534
15625,0.849166214466095
15626,0.5729075074195862
15627,0.4666960835456848
15628,0.8297877907752991
15629,0.7467254996299744
15630,0.41235634684562683
15631,0.7536316514015198
15632,0.1286691129207611
15633,0.6238495707511902
15634,0.5178383588790894
15635,0.7149457335472107
15636,0.5227349996566772
15637,0.40271270275115967
15638,0.7513236403465271
15639,0.4215313494205475
15640,0.4653220772743225
15641,0.4914689362049103
15642,0.5681421160697937
15643,0.7854874730110168
15644,0.3618188500404358
15645,0.24302580952644348
15646,0.1962980031967163
15647,0.5832887291908264
15648,0.7110896706581116
15649,0.4299200177192688
15650,0.6649979948997498
15651,0.7044677138328552
15652,0.5234501957893372
15653,0.42590922117233276
15654,0.38511335849761963
15655,0.8355349898338318
15656,0.47570616006851196
15657,0.8014238476753235
15658,0.6854128241539001
15659,0.7882136106491089
15660,0.22247448563575745
15661,0.36028236150741577
15662,0.3795519769191742
15663,0.35018715262413025
15664,0.35041627287864685
15665,0.7287445664405823
15666,0.16673308610916138
15667,0.7946515083312988
15668,0.6495233178138733
15669,0.76953125
15670,0.44864422082901
15671,0.6714615225791931
15672,0.7020696997642517
15673,0.5605401396751404
15674,0.7605951428413391
15675,0.6514609456062317
15676,0.5049505829811096
15677,0.5295495986938477
15678,0.8169639706611633
15679,0.5342171788215637
15680,0.8489056825637817
15681,0.6942710280418396
15682,0.6196925044059753
15683,0.393218457698822
15684,0.5501695275306702
15685,0.1943373680114746
15686,0.5082998871803284
15687,0.3018679618835449
15688,0.7574546933174133
15689,0.4245127737522125
15690,0.44335389137268066
15691,0.46331140398979187
15692,0.6569915413856506
15693,0.29208454489707947
15694,0.5596374869346619
15695,0.3550669550895691
15696,0.39630183577537537
15697,0.6608681082725525
15698,0.8645856976509094
15699,0.7246566414833069
15700,0.36564329266548157
15701,0.40552714467048645
15702,0.6874178647994995
15703,0.6695680618286133
15704,0.3901791572570801
15705,0.27623650431632996
15706,0.43656790256500244
15707,0.6972790360450745
15708,0.7039812207221985
15709,0.25825026631355286
15710,0.6168470978736877
15711,0.7407841086387634
15712,0.29704248905181885
15713,0.34509119391441345
15714,0.8578266501426697
15715,0.5224400162696838
15716,0.7578270435333252
15717,0.7772913575172424
15718,0.5350650548934937
15719,0.27154749631881714
15720,0.27787283062934875
15721,0.6417739987373352
15722,0.7775636315345764
15723,0.5506661534309387
15724,0.37215858697891235
15725,0.6029893755912781
15726,0.7688062787055969
15727,0.8552923798561096
15728,0.5863416194915771
15729,0.41302022337913513
15730,0.7128855586051941
15731,0.24663519859313965
15732,0.5998275876045227
15733,0.6668837666511536
15734,0.8379526138305664
15735,0.2697714567184448
15736,0.6105563044548035
15737,0.5891040563583374
15738,0.48755279183387756
15739,0.7564803957939148
15740,0.41228213906288147
15741,0.45252788066864014
15742,0.23000437021255493
15743,0.4070224165916443
15744,0.42419880628585815
15745,0.4255293607711792
15746,0.724704384803772
15747,0.38151684403419495
15748,0.4170776307582855
15749,0.3264775574207306
15750,0.6199636459350586
15751,0.2576097249984741
15752,0.5823797583580017
15753,0.48505899310112
15754,0.5511372685432434
15755,0.45095139741897583
15756,0.2805262506008148
15757,0.18673190474510193
15758,0.4417996406555176
15759,0.2993203401565552
15760,0.40305107831954956
15761,0.22512152791023254
15762,0.5881118178367615
15763,0.5929513573646545
15764,0.4421582818031311
15765,0.7393993735313416
15766,0.3462883532047272
15767,0.7011833190917969
15768,0.7248098850250244
15769,0.6818004250526428
15770,0.7855204939842224
15771,0.402333527803421
15772,0.79465252161026
15773,0.6179942488670349
15774,0.2818441092967987
15775,0.3646138608455658
15776,0.5718725323677063
15777,0.5343535542488098
15778,0.4846304655075073
15779,0.6078247427940369
15780,0.45201918482780457
15781,0.6280538439750671
15782,0.19820117950439453
15783,0.8390217423439026
15784,0.5485954880714417
15785,0.5343378782272339
15786,0.45013412833213806
15787,0.6695142388343811
15788,0.5066171288490295
15789,0.7021976113319397
15790,0.6082423329353333
15791,0.29304739832878113
15792,0.8129087090492249
15793,0.6577854156494141
15794,0.14796289801597595
15795,0.4969262182712555
15796,0.6284356713294983
15797,0.7615936994552612
15798,0.5087811350822449
15799,0.5125138163566589
15800,0.5627006888389587
15801,0.5292526483535767
15802,0.7913543581962585
15803,0.3058846890926361
15804,0.3843880593776703
15805,0.6323500275611877
15806,0.8395537734031677
15807,0.7764309644699097
15808,0.5527812838554382
15809,0.40150129795074463
15810,0.37975817918777466
15811,0.6775456666946411
15812,0.30691230297088623
15813,0.617276132106781
15814,0.6063653230667114
15815,0.4408145546913147
15816,0.21435821056365967
15817,0.2811010479927063
15818,0.7545204758644104
15819,0.7660542726516724
15820,0.2575182616710663
15821,0.411376029253006
15822,0.5955509543418884
15823,0.8289670348167419
15824,0.4018673598766327
15825,0.353890061378479
15826,0.3909096419811249
15827,0.8459819555282593
15828,0.6972659230232239
15829,0.8219335675239563
15830,0.8348302245140076
15831,0.5014989972114563
15832,0.5093722939491272
15833,0.6326125264167786
15834,0.5517086386680603
15835,0.47739309072494507
15836,0.5222348570823669
15837,0.7705379724502563
15838,0.39236557483673096
15839,0.27833986282348633
15840,0.3127140402793884
15841,0.6373159289360046
15842,0.6738852858543396
15843,0.35724973678588867
15844,0.3045777976512909
15845,0.8398910760879517
15846,0.6755744814872742
15847,0.47048601508140564
15848,0.600470244884491
15849,0.27363306283950806
15850,0.1872154176235199
15851,0.5581502318382263
15852,0.7004778981208801
15853,0.3039292097091675
15854,0.5360780358314514
15855,0.5315306186676025
15856,0.4495607018470764
15857,0.5232844948768616
15858,0.7073184251785278
15859,0.5198289155960083
15860,0.515232503414154
15861,0.19892936944961548
15862,0.5035715699195862
15863,0.8198207020759583
15864,0.6685072779655457
15865,0.35017696022987366
15866,0.42045867443084717
15867,0.42223840951919556
15868,0.7852762341499329
15869,0.47376635670661926
15870,0.6398846507072449
15871,0.6111828088760376
15872,0.49155181646347046
15873,0.5852119326591492
15874,0.4148522913455963
15875,0.3762548267841339
15876,0.6537280678749084
15877,0.24751928448677063
15878,0.5895301699638367
15879,0.5599244236946106
15880,0.6087971329689026
15881,0.7394780516624451
15882,0.6405404210090637
15883,0.6010507345199585
15884,0.5976022481918335
15885,0.1829226315021515
15886,0.5567512512207031
15887,0.7378892302513123
15888,0.3639940321445465
15889,0.745162308216095
15890,0.6464725732803345
15891,0.5238504409790039
15892,0.3913125693798065
15893,0.5380998253822327
15894,0.8163041472434998
15895,0.5098574757575989
15896,0.5388669371604919
15897,0.5520859360694885
15898,0.22590157389640808
15899,0.5980669856071472
15900,0.7862116098403931
15901,0.24054983258247375
15902,0.609584391117096
15903,0.47194409370422363
15904,0.6256863474845886
15905,0.7479349970817566
15906,0.2828826308250427
15907,0.7935526967048645
15908,0.4686417877674103
15909,0.5008412003517151
15910,0.22024887800216675
15911,0.5773704648017883
15912,0.8500102162361145
15913,0.5954890847206116
15914,0.35753151774406433
15915,0.479343980550766
15916,0.5870237946510315
15917,0.8434739112854004
15918,0.37881940603256226
15919,0.37919747829437256
15920,0.5871745944023132
15921,0.35903289914131165
15922,0.443624883890152
15923,0.7755358219146729
15924,0.30007225275039673
15925,0.5589172840118408
15926,0.21799036860466003
15927,0.7510873675346375
15928,0.708143413066864
15929,0.5981246829032898
15930,0.8465965986251831
15931,0.3297802209854126
15932,0.2995026409626007
15933,0.6188822984695435
15934,0.6942110061645508
15935,0.7534033060073853
15936,0.40481311082839966
15937,0.4982961118221283
15938,0.5267677903175354
15939,0.4741416871547699
15940,0.8183031678199768
15941,0.5388704538345337
15942,0.8359405398368835
15943,0.604287326335907
15944,0.6001045107841492
15945,0.44565075635910034
15946,0.42382729053497314
15947,0.6847708821296692
15948,0.7977949380874634
15949,0.2756161391735077
15950,0.6903928518295288
15951,0.33737120032310486
15952,0.7633460164070129
15953,0.587256908416748
15954,0.37371253967285156
15955,0.5076935887336731
15956,0.4919338524341583
15957,0.25621986389160156
15958,0.26052144169807434
15959,0.3244814872741699
15960,0.5791361927986145
15961,0.6597899198532104
15962,0.78057861328125
15963,0.42695966362953186
15964,0.24553534388542175
15965,0.8165287375450134
15966,0.595852792263031
15967,0.18062308430671692
15968,0.48265451192855835
15969,0.2856806218624115
15970,0.45000413060188293
15971,0.6550218462944031
15972,0.4412902295589447
15973,0.4388893246650696
15974,0.5237850546836853
15975,0.7005034685134888
15976,0.5488742589950562
15977,0.5409755110740662
15978,0.3836202323436737
15979,0.4152897298336029
15980,0.6269674897193909
15981,0.45368391275405884
15982,0.3959064483642578
15983,0.4301658570766449
15984,0.5921792387962341
15985,0.6047776937484741
15986,0.7307494878768921
15987,0.5515665411949158
15988,0.40614789724349976
15989,0.3179194927215576
15990,0.4478924572467804
15991,0.4755081236362457
15992,0.5280151963233948
15993,0.4082058370113373
15994,0.7707552313804626
15995,0.5958546996116638
15996,0.5147847533226013
15997,0.434977263212204
15998,0.323311448097229
15999,0.37902727723121643
16000,0.4382351040840149
16001,0.3991505801677704
16002,0.8388968110084534
16003,0.5397140383720398
16004,0.6573103666305542
16005,0.6069155335426331
16006,0.2799062132835388
16007,0.2909581959247589
16008,0.23442214727401733
16009,0.6090118288993835
16010,0.7142332196235657
16011,0.4040756821632385
16012,0.2632068991661072
16013,0.8159608244895935
16014,0.5253068804740906
16015,0.36106494069099426
16016,0.3765575587749481
16017,0.4733031392097473
16018,0.7859771847724915
16019,0.204365074634552
16020,0.2710976302623749
16021,0.2722513973712921
16022,0.8387144207954407
16023,0.6835548877716064
16024,0.7748003005981445
16025,0.4793943464756012
16026,0.634461522102356
16027,0.3351922631263733
16028,0.4377051889896393
16029,0.2463899552822113
16030,0.18570548295974731
16031,0.4570126235485077
16032,0.3962796628475189
16033,0.30506443977355957
16034,0.32857567071914673
16035,0.7962203621864319
16036,0.7850260734558105
16037,0.6207987666130066
16038,0.6362791657447815
16039,0.7230522036552429
16040,0.264791339635849
16041,0.4310411214828491
16042,0.5189140439033508
16043,0.41900914907455444
16044,0.5441730618476868
16045,0.503171443939209
16046,0.5647457242012024
16047,0.1834995448589325
16048,0.5516552329063416
16049,0.25427791476249695
16050,0.6859123110771179
16051,0.48339444398880005
16052,0.5953789949417114
16053,0.5574450492858887
16054,0.6667783856391907
16055,0.4719860851764679
16056,0.4733596444129944
16057,0.5619041323661804
16058,0.5998138785362244
16059,0.6750299334526062
16060,0.491638720035553
16061,0.8351510167121887
16062,0.37485823035240173
16063,0.2952902913093567
16064,0.6767519116401672
16065,0.7721632122993469
16066,0.6969878077507019
16067,0.4781741201877594
16068,0.5085648894309998
16069,0.2777269780635834
16070,0.21767669916152954
16071,0.3455752432346344
16072,0.22183558344841003
16073,0.42567476630210876
16074,0.512683093547821
16075,0.5682666897773743
16076,0.7055016160011292
16077,0.7895540595054626
16078,0.6239922642707825
16079,0.34816792607307434
16080,0.8005967736244202
16081,0.7371822595596313
16082,0.6993243098258972
16083,0.266885906457901
16084,0.3619706332683563
16085,0.41252490878105164
16086,0.3588510751724243
16087,0.3911345899105072
16088,0.38144996762275696
16089,0.17323288321495056
16090,0.34317106008529663
16091,0.5187279582023621
16092,0.3184215724468231
16093,0.8171831369400024
16094,0.5789259076118469
16095,0.31846892833709717
16096,0.3560815155506134
16097,0.6599212288856506
16098,0.3600960671901703
16099,0.485553503036499
16100,0.6788230538368225
16101,0.7466544508934021
16102,0.4223049581050873
16103,0.21653851866722107
16104,0.5966344475746155
16105,0.4481915533542633
16106,0.49362102150917053
16107,0.6237572431564331
16108,0.7169607281684875
16109,0.2980649173259735
16110,0.7951238751411438
16111,0.8104735016822815
16112,0.4783957600593567
16113,0.7257568836212158
16114,0.5580385327339172
16115,0.16029351949691772
16116,0.1885453760623932
16117,0.4257960617542267
16118,0.8316985964775085
16119,0.5506738424301147
16120,0.7920858263969421
16121,0.6125192046165466
16122,0.7375317811965942
16123,0.7432970404624939
16124,0.43266579508781433
16125,0.2661852240562439
16126,0.45889538526535034
16127,0.4401434361934662
16128,0.6061714291572571
16129,0.502864420413971
16130,0.5818177461624146
16131,0.2996177673339844
16132,0.7306275367736816
16133,0.7705548405647278
16134,0.4892410933971405
16135,0.5569479465484619
16136,0.38357359170913696
16137,0.29766762256622314
16138,0.315192312002182
16139,0.8094903826713562
16140,0.31833845376968384
16141,0.43053197860717773
16142,0.4630875289440155
16143,0.48870471119880676
16144,0.48846569657325745
16145,0.5128317475318909
16146,0.6124668717384338
16147,0.47148987650871277
16148,0.7712497115135193
16149,0.7414397597312927
16150,0.738995373249054
16151,0.28351274132728577
16152,0.3583132326602936
16153,0.6970697045326233
16154,0.5989311337471008
16155,0.4938836693763733
16156,0.7984333634376526
16157,0.2326599657535553
16158,0.15852954983711243
16159,0.6131736040115356
16160,0.3542865812778473
16161,0.4073096513748169
16162,0.46211060881614685
16163,0.7640032172203064
16164,0.837908923625946
16165,0.4459180235862732
16166,0.8015270829200745
16167,0.25299689173698425
16168,0.4415660500526428
16169,0.3579651415348053
16170,0.48655107617378235
16171,0.598860502243042
16172,0.44195786118507385
16173,0.5587863326072693
16174,0.5114715099334717
16175,0.4711725413799286
16176,0.3278000056743622
16177,0.4172479212284088
16178,0.6621037125587463
16179,0.6513356566429138
16180,0.3114434778690338
16181,0.7388808131217957
16182,0.6443983316421509
16183,0.7350561022758484
16184,0.633768618106842
16185,0.6621111035346985
16186,0.6621770262718201
16187,0.3960188925266266
16188,0.33315709233283997
16189,0.838498055934906
16190,0.6104684472084045
16191,0.32798194885253906
16192,0.6355949640274048
16193,0.8045093417167664
16194,0.6614412665367126
16195,0.5498548150062561
16196,0.33454224467277527
16197,0.7799742817878723
16198,0.7933173179626465
16199,0.4660651981830597
16200,0.7244575619697571
16201,0.5406275391578674
16202,0.5444510579109192
16203,0.6010813117027283
16204,0.6926785707473755
16205,0.6330183744430542
16206,0.1810654103755951
16207,0.33404189348220825
16208,0.6040481925010681
16209,0.32405540347099304
16210,0.5990187525749207
16211,0.16554439067840576
16212,0.6596798300743103
16213,0.7258186340332031
16214,0.6930633187294006
16215,0.7517837285995483
16216,0.511191189289093
16217,0.49051433801651
16218,0.545776903629303
16219,0.519575834274292
16220,0.23459631204605103
16221,0.6465469002723694
16222,0.1748979091644287
16223,0.47873106598854065
16224,0.279421329498291
16225,0.44416818022727966
16226,0.45366010069847107
16227,0.3274402320384979
16228,0.4748651385307312
16229,0.36587777733802795
16230,0.29210013151168823
16231,0.4547300338745117
16232,0.460892915725708
16233,0.6887109875679016
16234,0.5728829503059387
16235,0.7943716049194336
16236,0.5960157513618469
16237,0.20201468467712402
16238,0.603011429309845
16239,0.4662000238895416
16240,0.6280174851417542
16241,0.5580602288246155
16242,0.7556033730506897
16243,0.7719428539276123
16244,0.3209396004676819
16245,0.5370916724205017
16246,0.5825874209403992
16247,0.6843906044960022
16248,0.5351446270942688
16249,0.29063042998313904
16250,0.42433881759643555
16251,0.6205942034721375
16252,0.5477691292762756
16253,0.35823532938957214
16254,0.5260422229766846
16255,0.25094786286354065
16256,0.19624489545822144
16257,0.7240837216377258
16258,0.7584778666496277
16259,0.808562695980072
16260,0.37361690402030945
16261,0.28330376744270325
16262,0.16939213871955872
16263,0.4232335686683655
16264,0.5632737278938293
16265,0.47022444009780884
16266,0.3824435770511627
16267,0.3763711154460907
16268,0.272957444190979
16269,0.7329801917076111
16270,0.42332032322883606
16271,0.7534384727478027
16272,0.40208250284194946
16273,0.5721485018730164
16274,0.624094545841217
16275,0.36338144540786743
16276,0.7105569243431091
16277,0.39068692922592163
16278,0.7522971034049988
16279,0.677047073841095
16280,0.7574502825737
16281,0.6150118708610535
16282,0.27972447872161865
16283,0.5479133725166321
16284,0.6079655885696411
16285,0.49449390172958374
16286,0.423878937959671
16287,0.35272225737571716
16288,0.18865200877189636
16289,0.38088446855545044
16290,0.19956675171852112
16291,0.8130701184272766
16292,0.6207432150840759
16293,0.15917351841926575
16294,0.6631800532341003
16295,0.1616152822971344
16296,0.5005868077278137
16297,0.470612108707428
16298,0.41344577074050903
16299,0.8684945702552795
16300,0.4486731290817261
16301,0.46875283122062683
16302,0.575603187084198
16303,0.21505185961723328
16304,0.35654717683792114
16305,0.8597854971885681
16306,0.23791643977165222
16307,0.14451131224632263
16308,0.4680716097354889
16309,0.2679445147514343
16310,0.8284857869148254
16311,0.5105699300765991
16312,0.2133743166923523
16313,0.4934857487678528
16314,0.4345303475856781
16315,0.5697367787361145
16316,0.4890267252922058
16317,0.4515839219093323
16318,0.18470260500907898
16319,0.3342346251010895
16320,0.8676409125328064
16321,0.7337062358856201
16322,0.2557186484336853
16323,0.32910242676734924
16324,0.4985767900943756
16325,0.5313974618911743
16326,0.8494035601615906
16327,0.5015799403190613
16328,0.5715155005455017
16329,0.8249881863594055
16330,0.39395955204963684
16331,0.24151504039764404
16332,0.3388102352619171
16333,0.3134783208370209
16334,0.6353656649589539
16335,0.8299257159233093
16336,0.8325074911117554
16337,0.5136404037475586
16338,0.7758185267448425
16339,0.3111095130443573
16340,0.8393674492835999
16341,0.3523235023021698
16342,0.38276562094688416
16343,0.5341684222221375
16344,0.6214749217033386
16345,0.360683411359787
16346,0.7619313597679138
16347,0.5776704549789429
16348,0.4504471719264984
16349,0.222662091255188
16350,0.38936445116996765
16351,0.7042739987373352
16352,0.8369101881980896
16353,0.8400875329971313
16354,0.735722005367279
16355,0.39259520173072815
16356,0.5682112574577332
16357,0.32857322692871094
16358,0.18337881565093994
16359,0.5990628004074097
16360,0.4546643793582916
16361,0.7324091792106628
16362,0.27188342809677124
16363,0.3425741493701935
16364,0.4228084683418274
16365,0.6214621663093567
16366,0.6730878353118896
16367,0.6750084161758423
16368,0.580156147480011
16369,0.3732589781284332
16370,0.47277024388313293
16371,0.44431939721107483
16372,0.34095439314842224
16373,0.4107544422149658
16374,0.5424299836158752
16375,0.43228062987327576
16376,0.6255990862846375
16377,0.1567119061946869
16378,0.6387737393379211
16379,0.43119779229164124
16380,0.5985910892486572
16381,0.5696243643760681
16382,0.695820152759552
16383,0.440262109041214
16384,0.23978587985038757
16385,0.6840434074401855
16386,0.4831393361091614
16387,0.49251851439476013
16388,0.6728834509849548
16389,0.4039955735206604
16390,0.2985678017139435
16391,0.6465455889701843
16392,0.32922419905662537
16393,0.3925863802433014
16394,0.5619178414344788
16395,0.47192683815956116
16396,0.5404269099235535
16397,0.3604806065559387
16398,0.5773058533668518
16399,0.6930786967277527
16400,0.4773634374141693
16401,0.2550843358039856
16402,0.5839535593986511
16403,0.39515072107315063
16404,0.4857463538646698
16405,0.3562372326850891
16406,0.3838556706905365
16407,0.6502547860145569
16408,0.6589400768280029
16409,0.8373621106147766
16410,0.1416035294532776
16411,0.5177526473999023
16412,0.3496924638748169
16413,0.5200948715209961
16414,0.489114910364151
16415,0.6618370413780212
16416,0.6086173057556152
16417,0.5294072031974792
16418,0.28123411536216736
16419,0.5092149376869202
16420,0.6631197333335876
16421,0.6504632830619812
16422,0.3024064302444458
16423,0.7110074162483215
16424,0.3884238600730896
16425,0.5239019989967346
16426,0.675896406173706
16427,0.713716447353363
16428,0.7401990294456482
16429,0.6577539443969727
16430,0.6596817970275879
16431,0.7083409428596497
16432,0.33019381761550903
16433,0.5309073328971863
16434,0.5008112788200378
16435,0.7196795344352722
16436,0.5159780383110046
16437,0.24405166506767273
16438,0.8115845322608948
16439,0.7266577482223511
16440,0.45076486468315125
16441,0.5527510643005371
16442,0.6052795052528381
16443,0.4116727113723755
16444,0.49524199962615967
16445,0.5199801325798035
16446,0.5603904128074646
16447,0.6299190521240234
16448,0.5523917078971863
16449,0.5536890625953674
16450,0.2464171051979065
16451,0.6399851441383362
16452,0.6686249375343323
16453,0.277658075094223
16454,0.2962397038936615
16455,0.2955986559391022
16456,0.20219606161117554
16457,0.8351815938949585
16458,0.5749590992927551
16459,0.6210476756095886
16460,0.4086467921733856
16461,0.591589629650116
16462,0.26981452107429504
16463,0.2670625150203705
16464,0.30018213391304016
16465,0.4645920693874359
16466,0.4549817740917206
16467,0.6754379868507385
16468,0.4008248746395111
16469,0.7028902173042297
16470,0.7229494452476501
16471,0.33612844347953796
16472,0.5404313206672668
16473,0.28599080443382263
16474,0.8124098181724548
16475,0.73979252576828
16476,0.6615776419639587
16477,0.375101774930954
16478,0.3198923170566559
16479,0.3132406771183014
16480,0.3303888142108917
16481,0.20382171869277954
16482,0.6576133370399475
16483,0.7939508557319641
16484,0.33988747000694275
16485,0.4207465946674347
16486,0.7003980278968811
16487,0.47209447622299194
16488,0.6707450747489929
16489,0.6100694537162781
16490,0.4837771952152252
16491,0.417408287525177
16492,0.6966752409934998
16493,0.7476020455360413
16494,0.6023505330085754
16495,0.21152335405349731
16496,0.8344057202339172
16497,0.6834631562232971
16498,0.657961905002594
16499,0.4648149907588959
16500,0.778951108455658
16501,0.658864438533783
16502,0.6608321070671082
16503,0.4055706560611725
16504,0.46968114376068115
16505,0.2274128496646881
16506,0.664946973323822
16507,0.37419965863227844
16508,0.3790823221206665
16509,0.8199378848075867
16510,0.2691445052623749
16511,0.29411542415618896
16512,0.38031503558158875
16513,0.43836110830307007
16514,0.5229025483131409
16515,0.5428032279014587
16516,0.47152429819107056
16517,0.47961297631263733
16518,0.3972393274307251
16519,0.20801034569740295
16520,0.5781887769699097
16521,0.3583029508590698
16522,0.7399972081184387
16523,0.26496097445487976
16524,0.6513232588768005
16525,0.4302191436290741
16526,0.6405701637268066
16527,0.38563087582588196
16528,0.21642130613327026
16529,0.38669413328170776
16530,0.34378308057785034
16531,0.5355357527732849
16532,0.7542478442192078
16533,0.46429356932640076
16534,0.8092551827430725
16535,0.5402790904045105
16536,0.19863814115524292
16537,0.3592526614665985
16538,0.8082941174507141
16539,0.5364758968353271
16540,0.6382865309715271
16541,0.671286404132843
16542,0.4757767915725708
16543,0.3251921236515045
16544,0.2722319960594177
16545,0.5976770520210266
16546,0.2833537757396698
16547,0.2879093289375305
16548,0.4492756128311157
16549,0.6049469113349915
16550,0.3511989116668701
16551,0.5387275218963623
16552,0.737428605556488
16553,0.8280940055847168
16554,0.2953832745552063
16555,0.36731866002082825
16556,0.5686532258987427
16557,0.6232907772064209
16558,0.3718152642250061
16559,0.6609945297241211
16560,0.44150352478027344
16561,0.2794456481933594
16562,0.2280513346195221
16563,0.29041898250579834
16564,0.3708125054836273
16565,0.42553240060806274
16566,0.37220996618270874
16567,0.6347678303718567
16568,0.4186888635158539
16569,0.175584077835083
16570,0.2782103419303894
16571,0.44594016671180725
16572,0.521881103515625
16573,0.4276468753814697
16574,0.30612966418266296
16575,0.4648613929748535
16576,0.5495544075965881
16577,0.7646269202232361
16578,0.6837191581726074
16579,0.417444109916687
16580,0.4794500470161438
16581,0.293095201253891
16582,0.2513501048088074
16583,0.3512090742588043
16584,0.5392194986343384
16585,0.45225146412849426
16586,0.7766444087028503
16587,0.5727339386940002
16588,0.23585090041160583
16589,0.20350489020347595
16590,0.5950067043304443
16591,0.8526605367660522
16592,0.3014650046825409
16593,0.25055137276649475
16594,0.30232009291648865
16595,0.5780485272407532
16596,0.5871273875236511
16597,0.2909700870513916
16598,0.44674840569496155
16599,0.22960248589515686
16600,0.37491485476493835
16601,0.58720463514328
16602,0.37587428092956543
16603,0.47718101739883423
16604,0.4922703206539154
16605,0.34225818514823914
16606,0.41496649384498596
16607,0.41037747263908386
16608,0.3532298803329468
16609,0.5113517045974731
16610,0.22055110335350037
16611,0.26801860332489014
16612,0.5106887221336365
16613,0.482657253742218
16614,0.5323944091796875
16615,0.8487244248390198
16616,0.7218117117881775
16617,0.844176709651947
16618,0.6185452938079834
16619,0.5586153864860535
16620,0.7230832576751709
16621,0.4923020005226135
16622,0.32467395067214966
16623,0.5570465326309204
16624,0.1546778380870819
16625,0.3541509211063385
16626,0.5091095566749573
16627,0.5903850793838501
16628,0.6739089488983154
16629,0.2513985335826874
16630,0.17107126116752625
16631,0.5286161303520203
16632,0.6367464065551758
16633,0.4867996275424957
16634,0.28934645652770996
16635,0.621787965297699
16636,0.19249588251113892
16637,0.7765617370605469
16638,0.7027203440666199
16639,0.8258878588676453
16640,0.6849308609962463
16641,0.5447296500205994
16642,0.6841225624084473
16643,0.8157098293304443
16644,0.37422800064086914
16645,0.5018271803855896
16646,0.16145002841949463
16647,0.2252056896686554
16648,0.478227823972702
16649,0.23872807621955872
16650,0.6915438175201416
16651,0.49876874685287476
16652,0.3731077015399933
16653,0.2532787024974823
16654,0.1575114130973816
16655,0.845693051815033
16656,0.4548838436603546
16657,0.19956240057945251
16658,0.6252155900001526
16659,0.533467710018158
16660,0.5722436308860779
16661,0.3956335783004761
16662,0.4607054889202118
16663,0.2299853265285492
16664,0.5810934901237488
16665,0.5435265302658081
16666,0.5744474530220032
16667,0.27052780985832214
16668,0.2072644829750061
16669,0.5226912498474121
16670,0.6458538770675659
16671,0.7736473679542542
16672,0.2639559805393219
16673,0.5563111305236816
16674,0.7217455506324768
16675,0.5326611995697021
16676,0.6450278162956238
16677,0.34661445021629333
16678,0.7409442663192749
16679,0.7441903948783875
16680,0.497405081987381
16681,0.4262719452381134
16682,0.5049766898155212
16683,0.4891199469566345
16684,0.5936040282249451
16685,0.3248649537563324
16686,0.28091177344322205
16687,0.4667240381240845
16688,0.20156490802764893
16689,0.4389544129371643
16690,0.25916486978530884
16691,0.6162047386169434
16692,0.2645387649536133
16693,0.408943772315979
16694,0.3207315504550934
16695,0.8434568047523499
16696,0.202853262424469
16697,0.5268855690956116
16698,0.6881347298622131
16699,0.7234683632850647
16700,0.5229896903038025
16701,0.4598485827445984
16702,0.3186917006969452
16703,0.4420405924320221
16704,0.4540216326713562
16705,0.3724975883960724
16706,0.48786503076553345
16707,0.6651567816734314
16708,0.42018988728523254
16709,0.5473514199256897
16710,0.4678818881511688
16711,0.3117614984512329
16712,0.3937763571739197
16713,0.4325825572013855
16714,0.539438784122467
16715,0.635504424571991
16716,0.3885723948478699
16717,0.5117893815040588
16718,0.4444986879825592
16719,0.2640770971775055
16720,0.546963632106781
16721,0.4200945794582367
16722,0.16045531630516052
16723,0.5760267972946167
16724,0.5691720843315125
16725,0.269651859998703
16726,0.17675909399986267
16727,0.7244933247566223
16728,0.4583800137042999
16729,0.42766818404197693
16730,0.5989408493041992
16731,0.35475704073905945
16732,0.8084281086921692
16733,0.29611173272132874
16734,0.2278202474117279
16735,0.4467490017414093
16736,0.4571346342563629
16737,0.6808596253395081
16738,0.6726649403572083
16739,0.802318274974823
16740,0.7995423078536987
16741,0.4392577111721039
16742,0.3372420072555542
16743,0.5703325867652893
16744,0.5949668884277344
16745,0.64937824010849
16746,0.6672877073287964
16747,0.7212955355644226
16748,0.4245143234729767
16749,0.4986589550971985
16750,0.39699575304985046
16751,0.72357577085495
16752,0.7409308552742004
16753,0.5792666673660278
16754,0.3045491576194763
16755,0.4844735264778137
16756,0.6629535555839539
16757,0.2907121181488037
16758,0.4704984128475189
16759,0.5680229663848877
16760,0.7030649781227112
16761,0.5978007912635803
16762,0.34075939655303955
16763,0.4763510525226593
16764,0.45564785599708557
16765,0.8264710307121277
16766,0.4037110507488251
16767,0.6944462656974792
16768,0.4331841766834259
16769,0.4460426867008209
16770,0.36593863368034363
16771,0.4309066832065582
16772,0.42525729537010193
16773,0.7171536684036255
16774,0.4928252398967743
16775,0.19080597162246704
16776,0.7514023780822754
16777,0.4955628216266632
16778,0.6466662287712097
16779,0.4418005049228668
16780,0.5284036993980408
16781,0.6712073683738708
16782,0.7907149195671082
16783,0.4146024286746979
16784,0.333437442779541
16785,0.491962194442749
16786,0.5617674589157104
16787,0.4836381673812866
16788,0.41230127215385437
16789,0.49999016523361206
16790,0.5523828864097595
16791,0.6782964468002319
16792,0.16278737783432007
16793,0.8376380801200867
16794,0.185243159532547
16795,0.3102532923221588
16796,0.32474181056022644
16797,0.6445067524909973
16798,0.7118843197822571
16799,0.4552241563796997
16800,0.2015267312526703
16801,0.17692860960960388
16802,0.5042669177055359
16803,0.6213052868843079
16804,0.3756178617477417
16805,0.579740583896637
16806,0.4377952516078949
16807,0.5792831778526306
16808,0.6522330641746521
16809,0.6804303526878357
16810,0.6477178931236267
16811,0.2068764567375183
16812,0.7447784543037415
16813,0.4358380138874054
16814,0.4172683656215668
16815,0.5500721335411072
16816,0.2178918421268463
16817,0.4852529466152191
16818,0.7319446802139282
16819,0.6496118903160095
16820,0.5389304757118225
16821,0.8031896948814392
16822,0.3228558599948883
16823,0.3320761024951935
16824,0.24176299571990967
16825,0.21988096833229065
16826,0.5594860911369324
16827,0.2258320152759552
16828,0.6859968304634094
16829,0.3990395665168762
16830,0.29635486006736755
16831,0.7654721140861511
16832,0.5416318774223328
16833,0.675923764705658
16834,0.5229041576385498
16835,0.5092464089393616
16836,0.40295252203941345
16837,0.7707152962684631
16838,0.5883366465568542
16839,0.662899374961853
16840,0.7665776014328003
16841,0.682979941368103
16842,0.5117562413215637
16843,0.28969672322273254
16844,0.6652647852897644
16845,0.6721740961074829
16846,0.34671351313591003
16847,0.4918193519115448
16848,0.7045055031776428
16849,0.5374778509140015
16850,0.4651874303817749
16851,0.6648951172828674
16852,0.8207747340202332
16853,0.8576107025146484
16854,0.7228408455848694
16855,0.41694244742393494
16856,0.5396899580955505
16857,0.6090592741966248
16858,0.5525407791137695
16859,0.18482151627540588
16860,0.4342047870159149
16861,0.6632317304611206
16862,0.6547706723213196
16863,0.46783193945884705
16864,0.15864044427871704
16865,0.39787787199020386
16866,0.27495068311691284
16867,0.4944100081920624
16868,0.45767834782600403
16869,0.16756924986839294
16870,0.6572749614715576
16871,0.5461729168891907
16872,0.8007513880729675
16873,0.3809717297554016
16874,0.37516090273857117
16875,0.7378524541854858
16876,0.49071887135505676
16877,0.41734883189201355
16878,0.14059287309646606
16879,0.5348096489906311
16880,0.6955744028091431
16881,0.7766709923744202
16882,0.6435858011245728
16883,0.8203384876251221
16884,0.5903770327568054
16885,0.3939198851585388
16886,0.7051864266395569
16887,0.5825871825218201
16888,0.556528627872467
16889,0.47804513573646545
16890,0.7458266019821167
16891,0.48507916927337646
16892,0.7405385971069336
16893,0.33653005957603455
16894,0.14355126023292542
16895,0.2838241755962372
16896,0.18983417749404907
16897,0.7837352156639099
16898,0.6698230504989624
16899,0.6241045594215393
16900,0.6508821845054626
16901,0.37832337617874146
16902,0.5770401954650879
16903,0.8183125853538513
16904,0.4730897843837738
16905,0.3516041934490204
16906,0.5257157683372498
16907,0.7341364026069641
16908,0.5882664322853088
16909,0.7424213290214539
16910,0.4351522922515869
16911,0.8318257927894592
16912,0.6045330762863159
16913,0.4400239586830139
16914,0.23291334509849548
16915,0.18409967422485352
16916,0.17098289728164673
16917,0.309006929397583
16918,0.4591273367404938
16919,0.31761664152145386
16920,0.49041253328323364
16921,0.5620438456535339
16922,0.6815041899681091
16923,0.7930693626403809
16924,0.11662635207176208
16925,0.37337520718574524
16926,0.40631213784217834
16927,0.2885196805000305
16928,0.5612481236457825
16929,0.6033430099487305
16930,0.30319130420684814
16931,0.7046050429344177
16932,0.3780182898044586
16933,0.5645714998245239
16934,0.43139010667800903
16935,0.2584012448787689
16936,0.3993561863899231
16937,0.12619125843048096
16938,0.355696439743042
16939,0.5006621479988098
16940,0.6098957061767578
16941,0.3242260813713074
16942,0.4282735288143158
16943,0.6954068541526794
16944,0.5476073622703552
16945,0.45601287484169006
16946,0.2241186797618866
16947,0.40183693170547485
16948,0.7329761981964111
16949,0.6606215834617615
16950,0.17193007469177246
16951,0.6223022937774658
16952,0.4558938443660736
16953,0.8472164869308472
16954,0.7084746956825256
16955,0.5028755068778992
16956,0.7051321864128113
16957,0.5996788144111633
16958,0.784622848033905
16959,0.6198763251304626
16960,0.5223875641822815
16961,0.20427924394607544
16962,0.43929529190063477
16963,0.4155113399028778
16964,0.7740232944488525
16965,0.6507052779197693
16966,0.7426216006278992
16967,0.4048013687133789
16968,0.4994404911994934
16969,0.6267662644386292
16970,0.40749773383140564
16971,0.6946612000465393
16972,0.37832361459732056
16973,0.42694881558418274
16974,0.560954749584198
16975,0.4344923496246338
16976,0.6977871060371399
16977,0.8307247757911682
16978,0.5706818103790283
16979,0.28261804580688477
16980,0.4716864228248596
16981,0.5664310455322266
16982,0.5828951001167297
16983,0.5679723024368286
16984,0.21973440051078796
16985,0.6474118828773499
16986,0.34004679322242737
16987,0.34868061542510986
16988,0.3411427140235901
16989,0.8174408078193665
16990,0.15098857879638672
16991,0.6094871163368225
16992,0.21181464195251465
16993,0.3609229028224945
16994,0.11860385537147522
16995,0.29247522354125977
16996,0.7680357098579407
16997,0.6844090223312378
16998,0.4561208486557007
16999,0.3848859369754791
17000,0.6531885266304016
17001,0.7587918043136597
17002,0.7079389691352844
17003,0.8303902745246887
17004,0.3911843001842499
17005,0.5105970501899719
17006,0.6157063841819763
17007,0.6066796183586121
17008,0.762600839138031
17009,0.31576624512672424
17010,0.40418413281440735
17011,0.41238853335380554
17012,0.20753681659698486
17013,0.4483824074268341
17014,0.4838261902332306
17015,0.3498368561267853
17016,0.25728464126586914
17017,0.24259161949157715
17018,0.5923448204994202
17019,0.32533538341522217
17020,0.40958717465400696
17021,0.7177973985671997
17022,0.66771000623703
17023,0.7170364856719971
17024,0.3437921404838562
17025,0.48926934599876404
17026,0.4954112470149994
17027,0.6443180441856384
17028,0.5542685389518738
17029,0.19800207018852234
17030,0.35601457953453064
17031,0.39399290084838867
17032,0.8005378246307373
17033,0.48796436190605164
17034,0.6335151791572571
17035,0.6925509572029114
17036,0.8338308930397034
17037,0.5700204372406006
17038,0.451875776052475
17039,0.647140383720398
17040,0.2828654646873474
17041,0.41893500089645386
17042,0.6310103535652161
17043,0.1463417410850525
17044,0.22974300384521484
17045,0.1650456190109253
17046,0.4938051998615265
17047,0.2820945680141449
17048,0.5517767667770386
17049,0.46443548798561096
17050,0.6290162205696106
17051,0.17782777547836304
17052,0.5804643034934998
17053,0.4951482117176056
17054,0.32305267453193665
17055,0.42976194620132446
17056,0.45280513167381287
17057,0.3941214382648468
17058,0.3787863254547119
17059,0.21065253019332886
17060,0.7806724309921265
17061,0.38934868574142456
17062,0.4770723879337311
17063,0.4614255130290985
17064,0.28246843814849854
17065,0.3638753890991211
17066,0.6427596807479858
17067,0.8467912673950195
17068,0.6288822293281555
17069,0.7605604529380798
17070,0.627636730670929
17071,0.29092854261398315
17072,0.27046340703964233
17073,0.6462039351463318
17074,0.7917435765266418
17075,0.6226616501808167
17076,0.7591184973716736
17077,0.20032107830047607
17078,0.6422012448310852
17079,0.8193476796150208
17080,0.7256733775138855
17081,0.6310855746269226
17082,0.4308343231678009
17083,0.6557703614234924
17084,0.826551079750061
17085,0.7171134352684021
17086,0.5713433027267456
17087,0.5612276792526245
17088,0.8112382292747498
17089,0.6579746603965759
17090,0.2945539653301239
17091,0.4547123610973358
17092,0.2023034691810608
17093,0.47352832555770874
17094,0.7830231189727783
17095,0.37691566348075867
17096,0.5182943344116211
17097,0.6841000914573669
17098,0.2128094732761383
17099,0.7349051237106323
17100,0.21124815940856934
17101,0.35258275270462036
17102,0.5409690737724304
17103,0.5452977418899536
17104,0.7551468014717102
17105,0.8533601760864258
17106,0.4082415997982025
17107,0.7415071129798889
17108,0.327657014131546
17109,0.3677695095539093
17110,0.6939641833305359
17111,0.6077178120613098
17112,0.3373223841190338
17113,0.7444410920143127
17114,0.5664408206939697
17115,0.34022167325019836
17116,0.7682049870491028
17117,0.7740667462348938
17118,0.2586250603199005
17119,0.6084792017936707
17120,0.3059331178665161
17121,0.683506429195404
17122,0.3519406318664551
17123,0.6803621649742126
17124,0.812092125415802
17125,0.8443569540977478
17126,0.4614136219024658
17127,0.5354423522949219
17128,0.7821471095085144
17129,0.2192101776599884
17130,0.6577747464179993
17131,0.7159184217453003
17132,0.7968264222145081
17133,0.1512809693813324
17134,0.20890900492668152
17135,0.4157847464084625
17136,0.7245463728904724
17137,0.47509342432022095
17138,0.49826082587242126
17139,0.6774335503578186
17140,0.7225545048713684
17141,0.7980507016181946
17142,0.8143329620361328
17143,0.5777376890182495
17144,0.5605309009552002
17145,0.6201214790344238
17146,0.6110210418701172
17147,0.5036470293998718
17148,0.47786495089530945
17149,0.6188580393791199
17150,0.6289054751396179
17151,0.6209367513656616
17152,0.47401145100593567
17153,0.5878300070762634
17154,0.6047903895378113
17155,0.2796288728713989
17156,0.5338470935821533
17157,0.2088501751422882
17158,0.4161610007286072
17159,0.5768643021583557
17160,0.5686238408088684
17161,0.5571805834770203
17162,0.45483604073524475
17163,0.654408872127533
17164,0.7193611264228821
17165,0.5185536742210388
17166,0.17149847745895386
17167,0.5110240578651428
17168,0.6305525302886963
17169,0.16795748472213745
17170,0.4982476532459259
17171,0.3782583177089691
17172,0.32339194416999817
17173,0.48121291399002075
17174,0.475083589553833
17175,0.6944285035133362
17176,0.2468494176864624
17177,0.29517677426338196
17178,0.4949984848499298
17179,0.6119733452796936
17180,0.5569579005241394
17181,0.25617510080337524
17182,0.4665704369544983
17183,0.7108619213104248
17184,0.5674306750297546
17185,0.5703378915786743
17186,0.6532562375068665
17187,0.7182222008705139
17188,0.5406103730201721
17189,0.7451972365379333
17190,0.6296883225440979
17191,0.5818480849266052
17192,0.39585021138191223
17193,0.8122226595878601
17194,0.5664768218994141
17195,0.4118368327617645
17196,0.5006681084632874
17197,0.35983791947364807
17198,0.5033009648323059
17199,0.3884877860546112
17200,0.44264325499534607
17201,0.4398248493671417
17202,0.4175848960876465
17203,0.3864007890224457
17204,0.6976640224456787
17205,0.6258585453033447
17206,0.4744989573955536
17207,0.8079046607017517
17208,0.4513171315193176
17209,0.737269937992096
17210,0.830613911151886
17211,0.6845110654830933
17212,0.44893011450767517
17213,0.7933619022369385
17214,0.6682093739509583
17215,0.7291999459266663
17216,0.6340504288673401
17217,0.4288490116596222
17218,0.7728508114814758
17219,0.6755560636520386
17220,0.2681709825992584
17221,0.5550329089164734
17222,0.5339354872703552
17223,0.5043583512306213
17224,0.229976087808609
17225,0.23753568530082703
17226,0.6471105217933655
17227,0.4635857045650482
17228,0.7828641533851624
17229,0.47711238265037537
17230,0.7403586506843567
17231,0.6971630454063416
17232,0.15257903933525085
17233,0.7342643141746521
17234,0.5468041300773621
17235,0.48881080746650696
17236,0.30133894085884094
17237,0.5665392279624939
17238,0.692741870880127
17239,0.20271646976470947
17240,0.33356016874313354
17241,0.42710551619529724
17242,0.602547824382782
17243,0.3531627058982849
17244,0.622849702835083
17245,0.4927123486995697
17246,0.30978211760520935
17247,0.6783204078674316
17248,0.23502418398857117
17249,0.3826993405818939
17250,0.348905473947525
17251,0.4567725956439972
17252,0.6090659499168396
17253,0.8127366900444031
17254,0.23443594574928284
17255,0.2638077437877655
17256,0.5536543130874634
17257,0.6009956002235413
17258,0.6347381472587585
17259,0.39731258153915405
17260,0.5264168381690979
17261,0.3227771520614624
17262,0.1594298779964447
17263,0.7740047574043274
17264,0.46013492345809937
17265,0.7842620015144348
17266,0.5492382645606995
17267,0.3403722643852234
17268,0.3849458396434784
17269,0.31865745782852173
17270,0.7033883929252625
17271,0.40582534670829773
17272,0.5692618489265442
17273,0.3059650957584381
17274,0.4998597502708435
17275,0.2978878319263458
17276,0.29432737827301025
17277,0.5516489148139954
17278,0.6453099846839905
17279,0.354417622089386
17280,0.7424256801605225
17281,0.5726544260978699
17282,0.39984020590782166
17283,0.4872482717037201
17284,0.2354429066181183
17285,0.5229555368423462
17286,0.6353221535682678
17287,0.5567529797554016
17288,0.41529983282089233
17289,0.5033849477767944
17290,0.5475252270698547
17291,0.7611210942268372
17292,0.5851917862892151
17293,0.6250877380371094
17294,0.22689557075500488
17295,0.3241977393627167
17296,0.2605125904083252
17297,0.6431753039360046
17298,0.7006999850273132
17299,0.3392985463142395
17300,0.6290797591209412
17301,0.8003141283988953
17302,0.17630523443222046
17303,0.4515729546546936
17304,0.5952436327934265
17305,0.20853155851364136
17306,0.408151239156723
17307,0.773488461971283
17308,0.34361565113067627
17309,0.8186649680137634
17310,0.408681184053421
17311,0.6104678511619568
17312,0.2854277789592743
17313,0.5390123724937439
17314,0.7156028151512146
17315,0.4779725670814514
17316,0.48854249715805054
17317,0.5951142311096191
17318,0.723235547542572
17319,0.32816609740257263
17320,0.2660464942455292
17321,0.8063175082206726
17322,0.333600789308548
17323,0.4971948564052582
17324,0.20679256319999695
17325,0.5242550373077393
17326,0.4962858259677887
17327,0.4897747039794922
17328,0.6858314871788025
17329,0.7056543231010437
17330,0.6428081393241882
17331,0.36033397912979126
17332,0.7992910742759705
17333,0.40786126255989075
17334,0.543178379535675
17335,0.19639092683792114
17336,0.8111318945884705
17337,0.28516343235969543
17338,0.6929871439933777
17339,0.4836525619029999
17340,0.4574058949947357
17341,0.6465674042701721
17342,0.28051748871803284
17343,0.407283753156662
17344,0.30959126353263855
17345,0.397574782371521
17346,0.3122803568840027
17347,0.5234560370445251
17348,0.24172380566596985
17349,0.3280733525753021
17350,0.4238886833190918
17351,0.6141311526298523
17352,0.3624698519706726
17353,0.6740791201591492
17354,0.34574094414711
17355,0.7037932872772217
17356,0.808975338935852
17357,0.2020881175994873
17358,0.31297698616981506
17359,0.48135313391685486
17360,0.36585620045661926
17361,0.5288877487182617
17362,0.6774426698684692
17363,0.5425560474395752
17364,0.7074751853942871
17365,0.7147162556648254
17366,0.5361351370811462
17367,0.4019668400287628
17368,0.38586312532424927
17369,0.4591706693172455
17370,0.47046151757240295
17371,0.5096707344055176
17372,0.4885871112346649
17373,0.7612047791481018
17374,0.48547396063804626
17375,0.4486599862575531
17376,0.4808502793312073
17377,0.4342752993106842
17378,0.601823627948761
17379,0.7276679873466492
17380,0.24274450540542603
17381,0.3122600018978119
17382,0.20472216606140137
17383,0.4551922678947449
17384,0.479247123003006
17385,0.31906062364578247
17386,0.33890196681022644
17387,0.6715444922447205
17388,0.3744872212409973
17389,0.5297458171844482
17390,0.8288152813911438
17391,0.25409558415412903
17392,0.3385765254497528
17393,0.683519184589386
17394,0.4361324608325958
17395,0.45248228311538696
17396,0.1585521101951599
17397,0.5517554879188538
17398,0.2539411187171936
17399,0.6188242435455322
17400,0.26490089297294617
17401,0.3957230746746063
17402,0.5529710650444031
17403,0.20823729038238525
17404,0.4700111448764801
17405,0.7456198334693909
17406,0.6197602152824402
17407,0.5768390893936157
17408,0.7326464056968689
17409,0.15838691592216492
17410,0.8112742304801941
17411,0.4320063292980194
17412,0.25701287388801575
17413,0.4286753833293915
17414,0.325250506401062
17415,0.6449087262153625
17416,0.6133751273155212
17417,0.4887266755104065
17418,0.45211419463157654
17419,0.26636314392089844
17420,0.4536934792995453
17421,0.25314047932624817
17422,0.3698183298110962
17423,0.36020100116729736
17424,0.8310711979866028
17425,0.38551995158195496
17426,0.45996105670928955
17427,0.750137984752655
17428,0.443507581949234
17429,0.34720170497894287
17430,0.6358833909034729
17431,0.5250365734100342
17432,0.7192500233650208
17433,0.8725022077560425
17434,0.5586201548576355
17435,0.3811313807964325
17436,0.27817824482917786
17437,0.6759856343269348
17438,0.7077174782752991
17439,0.5555200576782227
17440,0.6687920093536377
17441,0.1667635440826416
17442,0.44232377409935
17443,0.5618566870689392
17444,0.5565232634544373
17445,0.5674304962158203
17446,0.6214694976806641
17447,0.6217290759086609
17448,0.44608041644096375
17449,0.3660793602466583
17450,0.3931795656681061
17451,0.22991901636123657
17452,0.49917396903038025
17453,0.49278876185417175
17454,0.6664566993713379
17455,0.44072115421295166
17456,0.40943625569343567
17457,0.6767571568489075
17458,0.5800069570541382
17459,0.7492021918296814
17460,0.40395471453666687
17461,0.6483930945396423
17462,0.34307652711868286
17463,0.726155161857605
17464,0.37713539600372314
17465,0.5398330092430115
17466,0.6610149145126343
17467,0.2056065797805786
17468,0.3335505723953247
17469,0.15068510174751282
17470,0.7482367157936096
17471,0.4233112335205078
17472,0.6959155797958374
17473,0.7393168807029724
17474,0.7506744265556335
17475,0.7807695865631104
17476,0.48854267597198486
17477,0.3774279057979584
17478,0.6075960397720337
17479,0.6487775444984436
17480,0.3657251298427582
17481,0.6849076151847839
17482,0.3932577967643738
17483,0.7312040328979492
17484,0.46562206745147705
17485,0.5067352056503296
17486,0.6363411545753479
17487,0.21780234575271606
17488,0.5903565883636475
17489,0.3786022663116455
17490,0.5672488212585449
17491,0.24990177154541016
17492,0.4928889572620392
17493,0.49658018350601196
17494,0.45185843110084534
17495,0.8305738568305969
17496,0.6064676642417908
17497,0.6257750391960144
17498,0.5683563351631165
17499,0.6021071076393127
17500,0.24476510286331177
17501,0.7280707955360413
17502,0.22243523597717285
17503,0.22713249921798706
17504,0.6062381863594055
17505,0.5841660499572754
17506,0.5452630519866943
17507,0.6635310649871826
17508,0.38772961497306824
17509,0.4246542751789093
17510,0.7092362642288208
17511,0.5877097249031067
17512,0.3026573359966278
17513,0.41890913248062134
17514,0.7484517693519592
17515,0.7213709950447083
17516,0.6503040790557861
17517,0.5979626774787903
17518,0.746188223361969
17519,0.692297101020813
17520,0.8209654092788696
17521,0.51584392786026
17522,0.34779736399650574
17523,0.3584432303905487
17524,0.19246813654899597
17525,0.5273484587669373
17526,0.7368097901344299
17527,0.5925125479698181
17528,0.6636709570884705
17529,0.578371524810791
17530,0.5938679575920105
17531,0.4066413342952728
17532,0.145544171333313
17533,0.6799275279045105
17534,0.809567391872406
17535,0.5051268935203552
17536,0.5488272309303284
17537,0.6139065623283386
17538,0.5069587826728821
17539,0.6312274932861328
17540,0.5809230208396912
17541,0.39447152614593506
17542,0.6584131121635437
17543,0.6605585217475891
17544,0.5229023098945618
17545,0.7361694574356079
17546,0.21680235862731934
17547,0.2533385455608368
17548,0.2829183340072632
17549,0.551657497882843
17550,0.3523419201374054
17551,0.4761880338191986
17552,0.3692031800746918
17553,0.5976070165634155
17554,0.483541876077652
17555,0.7512055039405823
17556,0.5412461161613464
17557,0.6332505345344543
17558,0.5560572147369385
17559,0.47660571336746216
17560,0.6605867743492126
17561,0.4348534941673279
17562,0.8235248923301697
17563,0.8256420493125916
17564,0.5558862090110779
17565,0.38688284158706665
17566,0.3207487165927887
17567,0.6948056817054749
17568,0.349074125289917
17569,0.16803041100502014
17570,0.36877915263175964
17571,0.8188003301620483
17572,0.82143235206604
17573,0.4489487111568451
17574,0.39392852783203125
17575,0.3020234704017639
17576,0.48178645968437195
17577,0.3012394905090332
17578,0.5261459350585938
17579,0.6677680015563965
17580,0.4969255030155182
17581,0.2716626226902008
17582,0.5604644417762756
17583,0.7656852602958679
17584,0.4343714118003845
17585,0.7195593118667603
17586,0.4288276731967926
17587,0.7975121736526489
17588,0.7037750482559204
17589,0.431797593832016
17590,0.3460090458393097
17591,0.5004358887672424
17592,0.24815836548805237
17593,0.6301143765449524
17594,0.6921135783195496
17595,0.44892120361328125
17596,0.4465067684650421
17597,0.655242383480072
17598,0.7977586388587952
17599,0.6464570760726929
17600,0.5194800496101379
17601,0.35280758142471313
17602,0.7499504089355469
17603,0.5174481272697449
17604,0.3294215798377991
17605,0.3344670832157135
17606,0.31788522005081177
17607,0.8039329648017883
17608,0.4811943769454956
17609,0.34500446915626526
17610,0.5207471251487732
17611,0.6586495637893677
17612,0.5180588364601135
17613,0.17333528399467468
17614,0.7290802597999573
17615,0.34763118624687195
17616,0.250479131937027
17617,0.3581685721874237
17618,0.4887508451938629
17619,0.3074864149093628
17620,0.5929462909698486
17621,0.6338585615158081
17622,0.33044955134391785
17623,0.5573917031288147
17624,0.6301777362823486
17625,0.7980664372444153
17626,0.3368547856807709
17627,0.7046602368354797
17628,0.34027740359306335
17629,0.7241644263267517
17630,0.5335881114006042
17631,0.6525354385375977
17632,0.4472630023956299
17633,0.40145713090896606
17634,0.5167366862297058
17635,0.4431578814983368
17636,0.5736110806465149
17637,0.5922389030456543
17638,0.4299100935459137
17639,0.3564119338989258
17640,0.2131825089454651
17641,0.8143693804740906
17642,0.26581525802612305
17643,0.4181784391403198
17644,0.5901396870613098
17645,0.22470030188560486
17646,0.3107844889163971
17647,0.4542483389377594
17648,0.6466485261917114
17649,0.310687392950058
17650,0.6965349316596985
17651,0.306905597448349
17652,0.17770224809646606
17653,0.5953947305679321
17654,0.47963961958885193
17655,0.8243574500083923
17656,0.7622485756874084
17657,0.4861222803592682
17658,0.6417108178138733
17659,0.7612131834030151
17660,0.5740540623664856
17661,0.34211233258247375
17662,0.5726333260536194
17663,0.3934115469455719
17664,0.28113701939582825
17665,0.23260170221328735
17666,0.29917412996292114
17667,0.8287801146507263
17668,0.6996508240699768
17669,0.5800826549530029
17670,0.6310657262802124
17671,0.30318012833595276
17672,0.804938018321991
17673,0.809073805809021
17674,0.2171076238155365
17675,0.4561246931552887
17676,0.2489786446094513
17677,0.19636616110801697
17678,0.8146150708198547
17679,0.5037884712219238
17680,0.24898532032966614
17681,0.4645709693431854
17682,0.4551151692867279
17683,0.7473790049552917
17684,0.20629072189331055
17685,0.403171569108963
17686,0.4346337616443634
17687,0.20734989643096924
17688,0.5398730039596558
17689,0.5628512501716614
17690,0.5497737526893616
17691,0.5136830806732178
17692,0.30008718371391296
17693,0.6004472374916077
17694,0.8099467754364014
17695,0.8619710803031921
17696,0.25626441836357117
17697,0.486312597990036
17698,0.6157730221748352
17699,0.7690664529800415
17700,0.7712425589561462
17701,0.19201290607452393
17702,0.21474069356918335
17703,0.5352389812469482
17704,0.5719786286354065
17705,0.4746294319629669
17706,0.49290260672569275
17707,0.39567330479621887
17708,0.4547137916088104
17709,0.16990622878074646
17710,0.6944769620895386
17711,0.6994134783744812
17712,0.4531596302986145
17713,0.4426175057888031
17714,0.397381454706192
17715,0.4148043990135193
17716,0.4233325123786926
17717,0.8121097683906555
17718,0.6570711731910706
17719,0.7562583088874817
17720,0.16184431314468384
17721,0.4507143795490265
17722,0.44045397639274597
17723,0.596306562423706
17724,0.530482292175293
17725,0.20852187275886536
17726,0.5733660459518433
17727,0.6576902270317078
17728,0.2095242440700531
17729,0.6490018367767334
17730,0.5857884287834167
17731,0.3648521900177002
17732,0.6764867901802063
17733,0.840973436832428
17734,0.2038452923297882
17735,0.39672157168388367
17736,0.41088223457336426
17737,0.6037991642951965
17738,0.6745465397834778
17739,0.5405436158180237
17740,0.4787948429584503
17741,0.2176191210746765
17742,0.33604758977890015
17743,0.5223148465156555
17744,0.5107932686805725
17745,0.8159802556037903
17746,0.5425243377685547
17747,0.7306223511695862
17748,0.6472167372703552
17749,0.41190269589424133
17750,0.4799319803714752
17751,0.31343719363212585
17752,0.5424885749816895
17753,0.548275351524353
17754,0.8285338282585144
17755,0.5348379611968994
17756,0.5023685097694397
17757,0.6773451566696167
17758,0.585130512714386
17759,0.32284867763519287
17760,0.5191376805305481
17761,0.3627544343471527
17762,0.226665198802948
17763,0.8272234201431274
17764,0.28013429045677185
17765,0.35873037576675415
17766,0.8009931445121765
17767,0.5500827431678772
17768,0.5786771774291992
17769,0.49278518557548523
17770,0.7872257828712463
17771,0.7839707732200623
17772,0.5745174288749695
17773,0.3131309151649475
17774,0.46111878752708435
17775,0.2077760100364685
17776,0.590552031993866
17777,0.4636671245098114
17778,0.37334778904914856
17779,0.44272544980049133
17780,0.49057379364967346
17781,0.22935572266578674
17782,0.26174724102020264
17783,0.6492218375205994
17784,0.37191644310951233
17785,0.22249361872673035
17786,0.5760015249252319
17787,0.6089610457420349
17788,0.7141216397285461
17789,0.6189560294151306
17790,0.7831181287765503
17791,0.19132360816001892
17792,0.6021565794944763
17793,0.4668501913547516
17794,0.6522783637046814
17795,0.4623126983642578
17796,0.4574558436870575
17797,0.5846291184425354
17798,0.4688984155654907
17799,0.8104725480079651
17800,0.629838764667511
17801,0.39762988686561584
17802,0.7397365570068359
17803,0.4667327105998993
17804,0.3273927867412567
17805,0.6935383677482605
17806,0.3346202075481415
17807,0.5626505017280579
17808,0.2922055125236511
17809,0.3947336673736572
17810,0.4911986291408539
17811,0.4103259742259979
17812,0.4366919994354248
17813,0.5632985234260559
17814,0.7853392958641052
17815,0.3877946734428406
17816,0.3029482662677765
17817,0.22754588723182678
17818,0.5125659704208374
17819,0.6451148986816406
17820,0.39472219347953796
17821,0.23232802748680115
17822,0.7855607271194458
17823,0.3333320617675781
17824,0.24519219994544983
17825,0.7747581601142883
17826,0.21352899074554443
17827,0.6064929366111755
17828,0.4871484339237213
17829,0.6161547899246216
17830,0.3471503257751465
17831,0.24464425444602966
17832,0.460163414478302
17833,0.22147536277770996
17834,0.256955623626709
17835,0.31271129846572876
17836,0.6436467170715332
17837,0.33300212025642395
17838,0.3831820785999298
17839,0.4166400730609894
17840,0.8519039750099182
17841,0.3995542526245117
17842,0.2305951714515686
17843,0.4797482490539551
17844,0.21138319373130798
17845,0.5287249684333801
17846,0.3475339412689209
17847,0.46226537227630615
17848,0.4082239866256714
17849,0.7245442271232605
17850,0.653973400592804
17851,0.7862880825996399
17852,0.6287299990653992
17853,0.4323215186595917
17854,0.5744752287864685
17855,0.5903894305229187
17856,0.5521191954612732
17857,0.6301657557487488
17858,0.796227216720581
17859,0.45215439796447754
17860,0.3887057602405548
17861,0.7110786437988281
17862,0.7030109167098999
17863,0.48953863978385925
17864,0.4306858479976654
17865,0.8099438548088074
17866,0.6994996666908264
17867,0.5095580220222473
17868,0.6275578141212463
17869,0.39448603987693787
17870,0.5583277940750122
17871,0.45499399304389954
17872,0.3788483440876007
17873,0.38690483570098877
17874,0.7056417465209961
17875,0.43508651852607727
17876,0.56830233335495
17877,0.4000571072101593
17878,0.36495208740234375
17879,0.8468818068504333
17880,0.5934826731681824
17881,0.3974014222621918
17882,0.2086549699306488
17883,0.7005508542060852
17884,0.4001978039741516
17885,0.5226861834526062
17886,0.3617009222507477
17887,0.2010515332221985
17888,0.6669110059738159
17889,0.729808509349823
17890,0.5114880204200745
17891,0.7238221764564514
17892,0.37678954005241394
17893,0.39050546288490295
17894,0.3721053898334503
17895,0.23414567112922668
17896,0.5637246966362
17897,0.24458828568458557
17898,0.6863902807235718
17899,0.2818116545677185
17900,0.65498286485672
17901,0.42216289043426514
17902,0.632856011390686
17903,0.7941994071006775
17904,0.5212016701698303
17905,0.7956125736236572
17906,0.8264170289039612
17907,0.5112714171409607
17908,0.45007458329200745
17909,0.8393594622612
17910,0.3257535994052887
17911,0.5245195627212524
17912,0.7088136076927185
17913,0.4960933029651642
17914,0.5728064775466919
17915,0.35155609250068665
17916,0.29950156807899475
17917,0.5170167684555054
17918,0.34064242243766785
17919,0.5586442351341248
17920,0.6047825217247009
17921,0.6852642893791199
17922,0.6365907192230225
17923,0.6376941800117493
17924,0.5822822451591492
17925,0.5822675824165344
17926,0.5251076817512512
17927,0.5387484431266785
17928,0.1990998089313507
17929,0.344605028629303
17930,0.1491316854953766
17931,0.2878340184688568
17932,0.2890322506427765
17933,0.6307132840156555
17934,0.5526758432388306
17935,0.6161404252052307
17936,0.24709481000900269
17937,0.8108441233634949
17938,0.4454774558544159
17939,0.4532780945301056
17940,0.2627948224544525
17941,0.5378541350364685
17942,0.30520468950271606
17943,0.5641717314720154
17944,0.8014419674873352
17945,0.40866777300834656
17946,0.47700247168540955
17947,0.19421949982643127
17948,0.4741798937320709
17949,0.450276643037796
17950,0.5443762540817261
17951,0.43817847967147827
17952,0.3604876697063446
17953,0.6865658164024353
17954,0.5201180577278137
17955,0.581009566783905
17956,0.4296233355998993
17957,0.2190266251564026
17958,0.5681597590446472
17959,0.35226210951805115
17960,0.6856812834739685
17961,0.7770500779151917
17962,0.14609885215759277
17963,0.8608425259590149
17964,0.6141802668571472
17965,0.22393295168876648
17966,0.7310931086540222
17967,0.6124671697616577
17968,0.390016108751297
17969,0.43349066376686096
17970,0.5063236355781555
17971,0.8069390654563904
17972,0.4741072654724121
17973,0.7038906216621399
17974,0.5476148724555969
17975,0.34255659580230713
17976,0.41536518931388855
17977,0.7592365145683289
17978,0.48534297943115234
17979,0.4258001744747162
17980,0.6212272047996521
17981,0.7654431462287903
17982,0.5169969201087952
17983,0.16408845782279968
17984,0.6707806587219238
17985,0.5914877653121948
17986,0.407336562871933
17987,0.8102386593818665
17988,0.46302929520606995
17989,0.21963965892791748
17990,0.18756911158561707
17991,0.22263869643211365
17992,0.5494890213012695
17993,0.5354698300361633
17994,0.48727789521217346
17995,0.23871377110481262
17996,0.6847842335700989
17997,0.2763092517852783
17998,0.3233344554901123
17999,0.4570486545562744
18000,0.5678381323814392
18001,0.3417240381240845
18002,0.6485465168952942
18003,0.604392945766449
18004,0.3615599572658539
18005,0.37955203652381897
18006,0.6537317633628845
18007,0.2011580467224121
18008,0.7114209532737732
18009,0.8015826940536499
18010,0.3198077976703644
18011,0.5514763593673706
18012,0.6337930560112
18013,0.515237033367157
18014,0.533565104007721
18015,0.28418898582458496
18016,0.625443160533905
18017,0.5466964840888977
18018,0.42188024520874023
18019,0.7143603563308716
18020,0.15011373162269592
18021,0.5204733610153198
18022,0.6475242972373962
18023,0.8479538559913635
18024,0.5466199517250061
18025,0.7556303143501282
18026,0.554825484752655
18027,0.7710312008857727
18028,0.4990500509738922
18029,0.39043545722961426
18030,0.5514174699783325
18031,0.6834008097648621
18032,0.33753809332847595
18033,0.2515752613544464
18034,0.6027955412864685
18035,0.3666882812976837
18036,0.5992849469184875
18037,0.7187108397483826
18038,0.5281926989555359
18039,0.5080733895301819
18040,0.2759879231452942
18041,0.4391392767429352
18042,0.849409282207489
18043,0.5790998339653015
18044,0.5288692116737366
18045,0.42933303117752075
18046,0.7356954216957092
18047,0.5424575209617615
18048,0.3840080797672272
18049,0.5158171057701111
18050,0.5122774243354797
18051,0.6253902316093445
18052,0.43883541226387024
18053,0.8156185746192932
18054,0.8345603346824646
18055,0.6925267577171326
18056,0.5821826457977295
18057,0.37188249826431274
18058,0.8030915260314941
18059,0.7447177171707153
18060,0.401973694562912
18061,0.25692054629325867
18062,0.3819465935230255
18063,0.7215454578399658
18064,0.3070344030857086
18065,0.6705260872840881
18066,0.581460177898407
18067,0.7455351948738098
18068,0.6230745911598206
18069,0.3103793263435364
18070,0.8224155306816101
18071,0.4025871157646179
18072,0.574199378490448
18073,0.24113714694976807
18074,0.7840282320976257
18075,0.8146377205848694
18076,0.3355039656162262
18077,0.3942461311817169
18078,0.5693187117576599
18079,0.8322922587394714
18080,0.5545202493667603
18081,0.7980558276176453
18082,0.4927052855491638
18083,0.5635157823562622
18084,0.5589445233345032
18085,0.48283278942108154
18086,0.25253185629844666
18087,0.6651937961578369
18088,0.47902920842170715
18089,0.5848823189735413
18090,0.42454564571380615
18091,0.7031249403953552
18092,0.43813884258270264
18093,0.4746071398258209
18094,0.279123455286026
18095,0.5114379525184631
18096,0.5650314688682556
18097,0.7560591101646423
18098,0.7302963137626648
18099,0.5826321244239807
18100,0.3387259542942047
18101,0.23133006691932678
18102,0.6325485110282898
18103,0.4499898850917816
18104,0.38649502396583557
18105,0.454629510641098
18106,0.7801299691200256
18107,0.4228462874889374
18108,0.5936004519462585
18109,0.5464044809341431
18110,0.7111921906471252
18111,0.4052506685256958
18112,0.3091730773448944
18113,0.5219611525535583
18114,0.6307125091552734
18115,0.20013907551765442
18116,0.6284710764884949
18117,0.7838160395622253
18118,0.5911439657211304
18119,0.6939238905906677
18120,0.2047668993473053
18121,0.37553492188453674
18122,0.4561092257499695
18123,0.6785440444946289
18124,0.7354881167411804
18125,0.6048924326896667
18126,0.7532004714012146
18127,0.7042599320411682
18128,0.5408439040184021
18129,0.29579517245292664
18130,0.5087355971336365
18131,0.8660210967063904
18132,0.3255511224269867
18133,0.5660290122032166
18134,0.6371648907661438
18135,0.3335692584514618
18136,0.5853298306465149
18137,0.7485916018486023
18138,0.45482078194618225
18139,0.30272147059440613
18140,0.3861332833766937
18141,0.6765726208686829
18142,0.4897601008415222
18143,0.328840970993042
18144,0.41129449009895325
18145,0.568316638469696
18146,0.6776975393295288
18147,0.5444612503051758
18148,0.548086941242218
18149,0.1628020703792572
18150,0.35720595717430115
18151,0.4285316467285156
18152,0.3553728759288788
18153,0.5431699156761169
18154,0.4100264608860016
18155,0.5966479778289795
18156,0.838762104511261
18157,0.3788377642631531
18158,0.6732259392738342
18159,0.5422669053077698
18160,0.5558848977088928
18161,0.8116616606712341
18162,0.4499811828136444
18163,0.6563833355903625
18164,0.6217746734619141
18165,0.41082969307899475
18166,0.49723297357559204
18167,0.3172626495361328
18168,0.6860730051994324
18169,0.35458964109420776
18170,0.6562528610229492
18171,0.6417695879936218
18172,0.5059414505958557
18173,0.3587675988674164
18174,0.23683035373687744
18175,0.5663896203041077
18176,0.8116510510444641
18177,0.470571905374527
18178,0.5109588503837585
18179,0.4160445034503937
18180,0.39819857478141785
18181,0.3944688141345978
18182,0.4110011160373688
18183,0.18304261565208435
18184,0.5779404044151306
18185,0.4918636679649353
18186,0.8319968581199646
18187,0.5709950923919678
18188,0.5185856819152832
18189,0.35021182894706726
18190,0.3962397873401642
18191,0.5997971892356873
18192,0.7489393353462219
18193,0.8373673558235168
18194,0.7970792651176453
18195,0.5242350697517395
18196,0.3912043273448944
18197,0.5015149712562561
18198,0.22204598784446716
18199,0.4308829605579376
18200,0.8184080719947815
18201,0.3793642818927765
18202,0.7396751046180725
18203,0.2957572638988495
18204,0.4832842946052551
18205,0.6535414457321167
18206,0.7816581130027771
18207,0.5702166557312012
18208,0.3448058068752289
18209,0.7130178809165955
18210,0.31269392371177673
18211,0.8584290742874146
18212,0.5582001209259033
18213,0.6301106214523315
18214,0.8147854804992676
18215,0.38956770300865173
18216,0.25423917174339294
18217,0.6843758821487427
18218,0.5622093081474304
18219,0.33020713925361633
18220,0.6513091921806335
18221,0.2828792929649353
18222,0.6306372284889221
18223,0.7869183421134949
18224,0.285251647233963
18225,0.39948850870132446
18226,0.6537055373191833
18227,0.3047439157962799
18228,0.5855631232261658
18229,0.43115901947021484
18230,0.44603320956230164
18231,0.24124765396118164
18232,0.795043408870697
18233,0.7010490894317627
18234,0.2923419177532196
18235,0.5034577250480652
18236,0.6583313941955566
18237,0.7434950470924377
18238,0.5441915392875671
18239,0.3639266788959503
18240,0.5444275736808777
18241,0.4978680908679962
18242,0.4507877230644226
18243,0.3701789677143097
18244,0.22284886240959167
18245,0.5931294560432434
18246,0.8338459134101868
18247,0.4192509949207306
18248,0.29200324416160583
18249,0.5132973790168762
18250,0.6904177069664001
18251,0.6217097043991089
18252,0.7286316752433777
18253,0.7627673745155334
18254,0.6198590397834778
18255,0.5418493151664734
18256,0.5376871824264526
18257,0.3515034317970276
18258,0.6139840483665466
18259,0.6775659918785095
18260,0.549651563167572
18261,0.2883733808994293
18262,0.37472718954086304
18263,0.4245019555091858
18264,0.309072881937027
18265,0.4416463077068329
18266,0.48359107971191406
18267,0.5547131896018982
18268,0.6907894015312195
18269,0.5637142062187195
18270,0.7445757389068604
18271,0.551642656326294
18272,0.49162063002586365
18273,0.5864843726158142
18274,0.32160869240760803
18275,0.4310723543167114
18276,0.42113110423088074
18277,0.7547144293785095
18278,0.5876078605651855
18279,0.35894015431404114
18280,0.5306597352027893
18281,0.29292526841163635
18282,0.35757723450660706
18283,0.6134611964225769
18284,0.816229522228241
18285,0.3889155685901642
18286,0.7165115475654602
18287,0.31335556507110596
18288,0.5538533926010132
18289,0.6305142045021057
18290,0.5259411334991455
18291,0.5667454600334167
18292,0.6458033919334412
18293,0.632488489151001
18294,0.2860715985298157
18295,0.5163045525550842
18296,0.7521542906761169
18297,0.48537638783454895
18298,0.6691298484802246
18299,0.5334884524345398
18300,0.280369371175766
18301,0.7940190434455872
18302,0.6245176792144775
18303,0.8421643376350403
18304,0.5489414930343628
18305,0.6172976493835449
18306,0.739814043045044
18307,0.7273171544075012
18308,0.5595812797546387
18309,0.7569459080696106
18310,0.7645994424819946
18311,0.5258365273475647
18312,0.4690385162830353
18313,0.3908473551273346
18314,0.7095713019371033
18315,0.3161352276802063
18316,0.686897873878479
18317,0.5464613437652588
18318,0.750831663608551
18319,0.3900487720966339
18320,0.179866760969162
18321,0.7127822637557983
18322,0.6610224843025208
18323,0.8109680414199829
18324,0.35198208689689636
18325,0.3812004625797272
18326,0.7359633445739746
18327,0.47764942049980164
18328,0.632147490978241
18329,0.6612268090248108
18330,0.1867518424987793
18331,0.7332317233085632
18332,0.3597733676433563
