node,gnn_score
0,0.579820454120636
1,0.5541289448738098
2,0.6019962430000305
3,0.5282570719718933
4,0.2653651237487793
5,0.33540594577789307
6,0.29140856862068176
7,0.2408587634563446
8,0.4465257525444031
9,0.7310487627983093
10,0.6110455393791199
11,0.7472345232963562
12,0.3149145543575287
13,0.3967633843421936
14,0.8225716948509216
15,0.2679072320461273
16,0.5669056177139282
17,0.5068598389625549
18,0.6378775238990784
19,0.2084910124540329
20,0.2847415804862976
21,0.36885303258895874
22,0.7591108679771423
23,0.8070321679115295
24,0.49888598918914795
25,0.7637604475021362
26,0.5745238065719604
27,0.41969841718673706
28,0.24461928009986877
29,0.5622953772544861
30,0.5051150918006897
31,0.47755661606788635
32,0.42359083890914917
33,0.5845344066619873
34,0.6176589727401733
35,0.29950347542762756
36,0.2972721755504608
37,0.3535773754119873
38,0.3355673551559448
39,0.403051495552063
40,0.5173974633216858
41,0.3624812066555023
42,0.4221813976764679
43,0.7931084632873535
44,0.6686442494392395
45,0.2833290100097656
46,0.5165306925773621
47,0.41270458698272705
48,0.702618420124054
49,0.2321334034204483
50,0.41066375374794006
51,0.3517877459526062
52,0.7362644076347351
53,0.4404986500740051
54,0.4586511254310608
55,0.2475963532924652
56,0.24386891722679138
57,0.8548731207847595
58,0.29675230383872986
59,0.7450194358825684
60,0.28627410531044006
61,0.4918047785758972
62,0.4053584337234497
63,0.5911124348640442
64,0.2321988046169281
65,0.8254181742668152
66,0.3818051815032959
67,0.49096211791038513
68,0.7675163149833679
69,0.3322570025920868
70,0.43694785237312317
71,0.7297806143760681
72,0.848715603351593
73,0.5183614492416382
74,0.4934369623661041
75,0.45551797747612
76,0.30490291118621826
77,0.4451204836368561
78,0.3485073149204254
79,0.40134963393211365
80,0.6554315090179443
81,0.45419472455978394
82,0.40024423599243164
83,0.7404567003250122
84,0.34072405099868774
85,0.6573413610458374
86,0.5406497120857239
87,0.21434596180915833
88,0.8238810896873474
89,0.7305613160133362
90,0.4532162845134735
91,0.5732039213180542
92,0.8031606674194336
93,0.3936391770839691
94,0.8120852112770081
95,0.6391562223434448
96,0.39198994636535645
97,0.5343154072761536
98,0.5666042566299438
99,0.3589440584182739
100,0.8217981457710266
101,0.6869432330131531
102,0.4699346721172333
103,0.5472214818000793
104,0.23619404435157776
105,0.4953179657459259
106,0.6560139060020447
107,0.3280515670776367
108,0.6947013139724731
109,0.4001753628253937
110,0.26732543110847473
111,0.6640860438346863
112,0.35944291949272156
113,0.5406914353370667
114,0.5978220701217651
115,0.4119645953178406
116,0.812174916267395
117,0.35331282019615173
118,0.34312835335731506
119,0.3975204527378082
120,0.3963302671909332
121,0.42824098467826843
122,0.3776737153530121
123,0.5775925517082214
124,0.4300971031188965
125,0.8170955777168274
126,0.7971974611282349
127,0.32315322756767273
128,0.5098563432693481
129,0.3342984914779663
130,0.744343638420105
131,0.4302874803543091
132,0.4418601393699646
133,0.31882739067077637
134,0.19136162102222443
135,0.31349778175354004
136,0.6643642783164978
137,0.44582778215408325
138,0.2114020735025406
139,0.36199814081192017
140,0.4717658758163452
141,0.47561115026474
142,0.785507082939148
143,0.6718974113464355
144,0.40237483382225037
145,0.5275713801383972
146,0.48586687445640564
147,0.4790140688419342
148,0.3930186927318573
149,0.37553876638412476
150,0.6869038343429565
151,0.6652320027351379
152,0.5801445245742798
153,0.5682299733161926
154,0.29700037837028503
155,0.2747645974159241
156,0.24406516551971436
157,0.40518590807914734
158,0.5732136368751526
159,0.4566929042339325
160,0.6536551117897034
161,0.8183180093765259
162,0.5507497787475586
163,0.6603553295135498
164,0.2788645923137665
165,0.7588260173797607
166,0.24988824129104614
167,0.6671815514564514
168,0.6567700505256653
169,0.615260899066925
170,0.3901579976081848
171,0.21584369242191315
172,0.5353303551673889
173,0.8092241287231445
174,0.4522148370742798
175,0.7694380879402161
176,0.3987756073474884
177,0.45634663105010986
178,0.4222886264324188
179,0.42759793996810913
180,0.4205811023712158
181,0.3861106336116791
182,0.3975708782672882
183,0.2544417679309845
184,0.45165881514549255
185,0.21573282778263092
186,0.5357791185379028
187,0.30398866534233093
188,0.46841245889663696
189,0.44157853722572327
190,0.4977032542228699
191,0.425767183303833
192,0.6786515116691589
193,0.45694851875305176
194,0.7394400238990784
195,0.5009990930557251
196,0.5054057836532593
197,0.34227168560028076
198,0.5201768279075623
199,0.5933990478515625
200,0.25322386622428894
201,0.2872004508972168
202,0.3946871757507324
203,0.31004032492637634
204,0.5752827525138855
205,0.7886360287666321
206,0.34571924805641174
207,0.3996845781803131
208,0.5558007955551147
209,0.21703296899795532
210,0.5195205807685852
211,0.8182206153869629
212,0.37949299812316895
213,0.6851180791854858
214,0.6641035676002502
215,0.48270314931869507
216,0.29952898621559143
217,0.2207697331905365
218,0.7011440396308899
219,0.6036654710769653
220,0.44256317615509033
221,0.25002533197402954
222,0.49128592014312744
223,0.8195569515228271
224,0.6239112019538879
225,0.48012498021125793
226,0.6093116402626038
227,0.33881932497024536
228,0.19381141662597656
229,0.31249138712882996
230,0.7346065044403076
231,0.5052178502082825
232,0.5607474446296692
233,0.6312026381492615
234,0.400317519903183
235,0.5631486773490906
236,0.5140764713287354
237,0.7795807719230652
238,0.4292677044868469
239,0.3070216178894043
240,0.26586252450942993
241,0.5303955674171448
242,0.4354479908943176
243,0.2538793981075287
244,0.23876050114631653
245,0.698632538318634
246,0.35547539591789246
247,0.6407687067985535
248,0.5699393153190613
249,0.5130907297134399
250,0.4073357880115509
251,0.5244756937026978
252,0.42518025636672974
253,0.7183713912963867
254,0.2137056291103363
255,0.5538989901542664
256,0.2646087408065796
257,0.48375019431114197
258,0.7331262230873108
259,0.4861657917499542
260,0.44376829266548157
261,0.2664051651954651
262,0.5413501858711243
263,0.42000144720077515
264,0.38970574736595154
265,0.800260066986084
266,0.6783105731010437
267,0.3617313802242279
268,0.6500352025032043
269,0.17391130328178406
270,0.4369712471961975
271,0.39866018295288086
272,0.4236930310726166
273,0.5772478580474854
274,0.7209113240242004
275,0.42527905106544495
276,0.15765371918678284
277,0.42342567443847656
278,0.22409813106060028
279,0.38238558173179626
280,0.2953372299671173
281,0.3685549199581146
282,0.6658852696418762
283,0.5600718855857849
284,0.6662601232528687
285,0.2178288698196411
286,0.38075244426727295
287,0.5149585604667664
288,0.4752531349658966
289,0.5157907009124756
290,0.6932454109191895
291,0.3871733248233795
292,0.3729526102542877
293,0.1926003247499466
294,0.8046430349349976
295,0.5330445766448975
296,0.43436378240585327
297,0.5095058679580688
298,0.3059372305870056
299,0.8004501461982727
300,0.4498482048511505
301,0.718809962272644
302,0.4087486267089844
303,0.6190670728683472
304,0.5407295227050781
305,0.5290998816490173
306,0.7839953899383545
307,0.4118676781654358
308,0.6733049154281616
309,0.5851491093635559
310,0.32249829173088074
311,0.7329615950584412
312,0.39161351323127747
313,0.4309805929660797
314,0.34059610962867737
315,0.3170291781425476
316,0.21070075035095215
317,0.7913653254508972
318,0.8296425938606262
319,0.4417220950126648
320,0.31899794936180115
321,0.4554635286331177
322,0.4037797451019287
323,0.20464351773262024
324,0.21587689220905304
325,0.7298608422279358
326,0.20689956843852997
327,0.38182833790779114
328,0.5039559006690979
329,0.38957664370536804
330,0.6695224046707153
331,0.3499218225479126
332,0.4757108688354492
333,0.3250543475151062
334,0.7363490462303162
335,0.5521857738494873
336,0.2464885115623474
337,0.4790450632572174
338,0.6905912756919861
339,0.2384629249572754
340,0.6386910676956177
341,0.663151204586029
342,0.576010525226593
343,0.6451530456542969
344,0.7345359921455383
345,0.46118706464767456
346,0.4691709578037262
347,0.5926451086997986
348,0.28911253809928894
349,0.32148677110671997
350,0.3191419541835785
351,0.730913519859314
352,0.7410923838615417
353,0.36141830682754517
354,0.27981626987457275
355,0.5418869256973267
356,0.25644391775131226
357,0.7930102348327637
358,0.42333003878593445
359,0.5118877291679382
360,0.2841186821460724
361,0.7086554169654846
362,0.4245799481868744
363,0.22297684848308563
364,0.441110223531723
365,0.6707279086112976
366,0.6316101551055908
367,0.4875200688838959
368,0.34865617752075195
369,0.4312918484210968
370,0.5318781733512878
371,0.6052043437957764
372,0.7083116769790649
373,0.5457512736320496
374,0.43416231870651245
375,0.5685133934020996
376,0.3183794319629669
377,0.2836008071899414
378,0.5939770936965942
379,0.5752204656600952
380,0.525299072265625
381,0.22542357444763184
382,0.3869389295578003
383,0.7763363122940063
384,0.34549468755722046
385,0.39244112372398376
386,0.6234604716300964
387,0.3315648138523102
388,0.5126352310180664
389,0.7118664383888245
390,0.6634164452552795
391,0.32112088799476624
392,0.5425934195518494
393,0.5411479473114014
394,0.4554310739040375
395,0.44468098878860474
396,0.44151800870895386
397,0.5891292691230774
398,0.8251591920852661
399,0.3654971420764923
400,0.7752851247787476
401,0.22875703871250153
402,0.5449954867362976
403,0.43910783529281616
404,0.2516443431377411
405,0.5067072510719299
406,0.7154173851013184
407,0.4644584357738495
408,0.5371766686439514
409,0.731400191783905
410,0.7841035723686218
411,0.8306681513786316
412,0.29569879174232483
413,0.5274836421012878
414,0.5860047936439514
415,0.26433247327804565
416,0.75517737865448
417,0.5196380019187927
418,0.41246092319488525
419,0.25019681453704834
420,0.3265179395675659
421,0.7466404438018799
422,0.45603662729263306
423,0.5323235392570496
424,0.35227152705192566
425,0.6175099015235901
426,0.419888973236084
427,0.2285601943731308
428,0.4607865810394287
429,0.7251966595649719
430,0.4366673231124878
431,0.542288064956665
432,0.2371162474155426
433,0.5282014608383179
434,0.7089834809303284
435,0.3481285274028778
436,0.6261999607086182
437,0.4461861848831177
438,0.24291400611400604
439,0.49967801570892334
440,0.4373876750469208
441,0.25557830929756165
442,0.19885417819023132
443,0.18202203512191772
444,0.6810188293457031
445,0.7628410458564758
446,0.4668757915496826
447,0.2174488604068756
448,0.27940481901168823
449,0.7077483534812927
450,0.7526600360870361
451,0.4962676167488098
452,0.8157972693443298
453,0.6906861662864685
454,0.8295952677726746
455,0.3876471519470215
456,0.5990961790084839
457,0.49987244606018066
458,0.3574053943157196
459,0.5071170330047607
460,0.5339703559875488
461,0.3600950837135315
462,0.6723443865776062
463,0.4524705111980438
464,0.5212022066116333
465,0.2687211036682129
466,0.39414703845977783
467,0.6928591132164001
468,0.5977689027786255
469,0.5634370446205139
470,0.29649049043655396
471,0.29626646637916565
472,0.5165727138519287
473,0.43755990266799927
474,0.782005250453949
475,0.3745267391204834
476,0.45846545696258545
477,0.4527643918991089
478,0.48428404331207275
479,0.3360508978366852
480,0.3023567497730255
481,0.3572671711444855
482,0.35334062576293945
483,0.214223712682724
484,0.44614508748054504
485,0.6689234375953674
486,0.42125436663627625
487,0.3336903154850006
488,0.6159514784812927
489,0.6372106075286865
490,0.4309203028678894
491,0.5379514694213867
492,0.6144291162490845
493,0.5474337339401245
494,0.23204168677330017
495,0.25314027070999146
496,0.5205588340759277
497,0.6400084495544434
498,0.7494105100631714
499,0.2474050223827362
500,0.6907907128334045
501,0.7177737355232239
502,0.5110923647880554
503,0.6733118891716003
504,0.5443331599235535
505,0.7374626398086548
506,0.543590247631073
507,0.6022250652313232
508,0.34409815073013306
509,0.2186252772808075
510,0.19755174219608307
511,0.7887718081474304
512,0.6438585519790649
513,0.2581709623336792
514,0.5914931893348694
515,0.7120499610900879
516,0.8112495541572571
517,0.3467479348182678
518,0.562423825263977
519,0.688225269317627
520,0.6055532693862915
521,0.2894991934299469
522,0.6934084892272949
523,0.732016921043396
524,0.5417830944061279
525,0.7065508961677551
526,0.6806458830833435
527,0.30850011110305786
528,0.5729934573173523
529,0.27553337812423706
530,0.2585463523864746
531,0.6507753729820251
532,0.7249062061309814
533,0.39131152629852295
534,0.5273398756980896
535,0.39398089051246643
536,0.48937591910362244
537,0.6263349652290344
538,0.2829628884792328
539,0.5432782173156738
540,0.602055013179779
541,0.34950488805770874
542,0.6109194159507751
543,0.4976438581943512
544,0.4722900390625
545,0.5374970436096191
546,0.23765893280506134
547,0.7596359252929688
548,0.504837155342102
549,0.4703919589519501
550,0.2995096445083618
551,0.6227021217346191
552,0.8316881060600281
553,0.49925756454467773
554,0.3178924322128296
555,0.4778294861316681
556,0.6107832789421082
557,0.33913469314575195
558,0.40086084604263306
559,0.7565978765487671
560,0.3395382761955261
561,0.25861290097236633
562,0.4745645225048065
563,0.8019380569458008
564,0.35952794551849365
565,0.5007327198982239
566,0.30929169058799744
567,0.8009899854660034
568,0.34955906867980957
569,0.5609140992164612
570,0.5919980406761169
571,0.26652342081069946
572,0.4423765242099762
573,0.29517054557800293
574,0.28356534242630005
575,0.5857207179069519
576,0.7625249624252319
577,0.19946718215942383
578,0.7026792764663696
579,0.504357099533081
580,0.6765797138214111
581,0.5222414135932922
582,0.40815362334251404
583,0.3007151186466217
584,0.7520899176597595
585,0.4414653182029724
586,0.25263503193855286
587,0.41436898708343506
588,0.36256924271583557
589,0.20983318984508514
590,0.4283532500267029
591,0.5045998096466064
592,0.7084723114967346
593,0.41935116052627563
594,0.8197811245918274
595,0.2465808093547821
596,0.5463442802429199
597,0.3346158266067505
598,0.7225795388221741
599,0.41097623109817505
600,0.6203271746635437
601,0.2982810437679291
602,0.40614280104637146
603,0.6806207895278931
604,0.775846004486084
605,0.4112972319126129
606,0.5460163950920105
607,0.45217499136924744
608,0.5423503518104553
609,0.7011528015136719
610,0.4922032654285431
611,0.4587388038635254
612,0.613608181476593
613,0.3648010492324829
614,0.6434334516525269
615,0.2979642152786255
616,0.463509202003479
617,0.7262374758720398
618,0.4510907232761383
619,0.2788206934928894
620,0.2578134834766388
621,0.6210365891456604
622,0.6201297044754028
623,0.22184830904006958
624,0.5039576292037964
625,0.6221701502799988
626,0.3766670525074005
627,0.4605787694454193
628,0.5904807448387146
629,0.6057182550430298
630,0.38339295983314514
631,0.42440927028656006
632,0.333797425031662
633,0.47042369842529297
634,0.5786697864532471
635,0.3326222002506256
636,0.8167588710784912
637,0.6888684630393982
638,0.4129427969455719
639,0.431007981300354
640,0.7645189166069031
641,0.5371881127357483
642,0.252956360578537
643,0.41565775871276855
644,0.4021287262439728
645,0.3406483829021454
646,0.4297329783439636
647,0.4358104467391968
648,0.38659170269966125
649,0.47142577171325684
650,0.8064327836036682
651,0.38438495993614197
652,0.40521904826164246
653,0.29833224415779114
654,0.31251442432403564
655,0.6094865202903748
656,0.27156609296798706
657,0.6036801934242249
658,0.2429465651512146
659,0.5746827721595764
660,0.6480084657669067
661,0.3610348701477051
662,0.3332133889198303
663,0.4834829568862915
664,0.6739841103553772
665,0.5345028042793274
666,0.4522115886211395
667,0.5675409436225891
668,0.6190199255943298
669,0.37578240036964417
670,0.6953901052474976
671,0.335477739572525
672,0.6649514436721802
673,0.35443201661109924
674,0.22343985736370087
675,0.5635418891906738
676,0.4452086389064789
677,0.6324609518051147
678,0.5408680438995361
679,0.3368271291255951
680,0.3685278594493866
681,0.5545116662979126
682,0.45847761631011963
683,0.7386592030525208
684,0.6986557245254517
685,0.4944356083869934
686,0.5637961626052856
687,0.5110397934913635
688,0.6073309779167175
689,0.4964446425437927
690,0.3454095125198364
691,0.29736125469207764
692,0.33377811312675476
693,0.7369113564491272
694,0.5714271664619446
695,0.5782161951065063
696,0.7592552900314331
697,0.3125877380371094
698,0.2893611490726471
699,0.5553746819496155
700,0.4184251129627228
701,0.4941568970680237
702,0.29712873697280884
703,0.855918824672699
704,0.275324285030365
705,0.8265255689620972
706,0.8590183258056641
707,0.43359535932540894
708,0.61168372631073
709,0.4632766842842102
710,0.5466776490211487
711,0.8486852645874023
712,0.43405815958976746
713,0.7530574798583984
714,0.6331052780151367
715,0.7116585969924927
716,0.48457062244415283
717,0.34277620911598206
718,0.46743038296699524
719,0.85232013463974
720,0.618468701839447
721,0.37858596444129944
722,0.4391511082649231
723,0.4179438352584839
724,0.3072967827320099
725,0.4920506775379181
726,0.7400822639465332
727,0.5969433784484863
728,0.4402889013290405
729,0.3817768096923828
730,0.35677510499954224
731,0.44619736075401306
732,0.3433293104171753
733,0.3004556894302368
734,0.6478462219238281
735,0.4904828369617462
736,0.3666568696498871
737,0.44679033756256104
738,0.2635914087295532
739,0.24706414341926575
740,0.5440912246704102
741,0.40377867221832275
742,0.36139240860939026
743,0.5761258602142334
744,0.4309064745903015
745,0.7509374022483826
746,0.4777281582355499
747,0.49170640110969543
748,0.6086521148681641
749,0.5241005420684814
750,0.7525144815444946
751,0.7394733428955078
752,0.6876213550567627
753,0.3690415918827057
754,0.26583331823349
755,0.347618967294693
756,0.3937678039073944
757,0.5363283753395081
758,0.5004479289054871
759,0.4701631963253021
760,0.52841717004776
761,0.2807527184486389
762,0.5665250420570374
763,0.5106905698776245
764,0.5487244725227356
765,0.6783991456031799
766,0.7166445255279541
767,0.4357064664363861
768,0.33877113461494446
769,0.5547060370445251
770,0.3816239535808563
771,0.5302947163581848
772,0.22954562306404114
773,0.21969163417816162
774,0.3232892155647278
775,0.4052826762199402
776,0.3248986303806305
777,0.5437689423561096
778,0.5454491376876831
779,0.5665039420127869
780,0.44116902351379395
781,0.47787174582481384
782,0.7306994795799255
783,0.5980014801025391
784,0.21942809224128723
785,0.3549087941646576
786,0.5789185166358948
787,0.23403118550777435
788,0.3650529980659485
789,0.32619819045066833
790,0.8362048268318176
791,0.6906888484954834
792,0.36134618520736694
793,0.8012741208076477
794,0.5048617720603943
795,0.5405763983726501
796,0.5918615460395813
797,0.23261022567749023
798,0.5086730718612671
799,0.6548469662666321
800,0.536792516708374
801,0.7244973182678223
802,0.6876594424247742
803,0.5101269483566284
804,0.344801664352417
805,0.4838578999042511
806,0.5497328042984009
807,0.7744972109794617
808,0.5042808651924133
809,0.7420549392700195
810,0.43295592069625854
811,0.6090236306190491
812,0.3336053192615509
813,0.6463099718093872
814,0.6975274682044983
815,0.71607905626297
816,0.7149179577827454
817,0.37240779399871826
818,0.8427637815475464
819,0.2490038275718689
820,0.3100663721561432
821,0.4820575714111328
822,0.26175928115844727
823,0.4115055203437805
824,0.20165324211120605
825,0.48153334856033325
826,0.4393486976623535
827,0.46164369583129883
828,0.4507518410682678
829,0.41115081310272217
830,0.3729836344718933
831,0.49207669496536255
832,0.5231866240501404
833,0.23529526591300964
834,0.7494924664497375
835,0.2655946612358093
836,0.6541067361831665
837,0.46858906745910645
838,0.3517739176750183
839,0.7103942036628723
840,0.7989528179168701
841,0.46017974615097046
842,0.22538316249847412
843,0.7465115785598755
844,0.8886655569076538
845,0.40830764174461365
846,0.5978731513023376
847,0.6094356775283813
848,0.2725955843925476
849,0.46798670291900635
850,0.6008784174919128
851,0.3047771155834198
852,0.337063729763031
853,0.44800353050231934
854,0.6735970973968506
855,0.6303879618644714
856,0.3654252886772156
857,0.6096435189247131
858,0.38489481806755066
859,0.383430153131485
860,0.7247784733772278
861,0.3225441575050354
862,0.4106357991695404
863,0.5895451307296753
864,0.49578753113746643
865,0.5550265908241272
866,0.4356135129928589
867,0.6923159956932068
868,0.46976616978645325
869,0.5534001588821411
870,0.2977575957775116
871,0.2687057852745056
872,0.45079413056373596
873,0.8672685623168945
874,0.6604304909706116
875,0.8284890055656433
876,0.2568182051181793
877,0.46680381894111633
878,0.2940889000892639
879,0.35304832458496094
880,0.8020361065864563
881,0.3303890824317932
882,0.7177315354347229
883,0.574036180973053
884,0.4946904182434082
885,0.4003636837005615
886,0.5175755620002747
887,0.4631598889827728
888,0.22990915179252625
889,0.9049259424209595
890,0.5950862169265747
891,0.7396676540374756
892,0.6980774998664856
893,0.7936207056045532
894,0.5110095143318176
895,0.4513167142868042
896,0.6040871143341064
897,0.5223298668861389
898,0.565859317779541
899,0.2455568015575409
900,0.680204451084137
901,0.38954445719718933
902,0.5827014446258545
903,0.5502643585205078
904,0.5357022881507874
905,0.48994186520576477
906,0.5834593176841736
907,0.2539859712123871
908,0.26359859108924866
909,0.7816247344017029
910,0.716256320476532
911,0.44275325536727905
912,0.5271205902099609
913,0.4876099228858948
914,0.4871165156364441
915,0.5622633099555969
916,0.4101954400539398
917,0.48686736822128296
918,0.5796860456466675
919,0.37940719723701477
920,0.2618563175201416
921,0.689466655254364
922,0.4146963059902191
923,0.38577768206596375
924,0.5818822979927063
925,0.48608720302581787
926,0.33653494715690613
927,0.4354901611804962
928,0.7020646929740906
929,0.6525775194168091
930,0.5318361520767212
931,0.3812316656112671
932,0.5711745023727417
933,0.25473615527153015
934,0.4146694540977478
935,0.8269420266151428
936,0.7822450995445251
937,0.602892279624939
938,0.3338746130466461
939,0.4527960419654846
940,0.2400425374507904
941,0.5992224812507629
942,0.36906909942626953
943,0.608006477355957
944,0.5666013360023499
945,0.25600650906562805
946,0.6408592462539673
947,0.2519184947013855
948,0.5220880508422852
949,0.33665308356285095
950,0.6949005126953125
951,0.7165852189064026
952,0.3551868796348572
953,0.386633962392807
954,0.5519130825996399
955,0.7145891785621643
956,0.813764750957489
957,0.6290091872215271
958,0.42527422308921814
959,0.6205218434333801
960,0.23226633667945862
961,0.4766867458820343
962,0.7600488662719727
963,0.5596261024475098
964,0.5373849272727966
965,0.718754231929779
966,0.284084677696228
967,0.6637915968894958
968,0.22882190346717834
969,0.8043686151504517
970,0.6047660112380981
971,0.3130309581756592
972,0.5765236020088196
973,0.7332494258880615
974,0.43803566694259644
975,0.3839706778526306
976,0.2666541337966919
977,0.6348326206207275
978,0.50844407081604
979,0.5054113268852234
980,0.5392221808433533
981,0.584803581237793
982,0.715471625328064
983,0.26056206226348877
984,0.573314368724823
985,0.3137962520122528
986,0.29980921745300293
987,0.4215207099914551
988,0.2879038453102112
989,0.8119214773178101
990,0.446650892496109
991,0.5068650245666504
992,0.6969950795173645
993,0.8010129928588867
994,0.2419947385787964
995,0.8165144920349121
996,0.504001796245575
997,0.4684721529483795
998,0.2665266990661621
999,0.3071632981300354
1000,0.27310869097709656
1001,0.30108821392059326
1002,0.812231719493866
1003,0.2419261336326599
1004,0.7907252311706543
1005,0.5613550543785095
1006,0.5590314865112305
1007,0.4613032937049866
1008,0.3674473762512207
1009,0.4401477873325348
1010,0.5880261659622192
1011,0.7507830858230591
1012,0.5306337475776672
1013,0.4589376747608185
1014,0.3241627812385559
1015,0.5440536737442017
1016,0.3987618386745453
1017,0.39115390181541443
1018,0.31875964999198914
1019,0.5141230821609497
1020,0.4705219268798828
1021,0.3736698031425476
1022,0.5955430865287781
1023,0.6442593932151794
1024,0.7358813285827637
1025,0.5069355368614197
1026,0.5905110836029053
1027,0.4504453241825104
1028,0.7992998361587524
1029,0.4712798595428467
1030,0.2586809992790222
1031,0.7502700686454773
1032,0.47161683440208435
1033,0.6160909533500671
1034,0.7486944794654846
1035,0.5319086909294128
1036,0.26570045948028564
1037,0.6393764615058899
1038,0.6116617918014526
1039,0.5713971257209778
1040,0.7453165650367737
1041,0.8476698398590088
1042,0.2853759527206421
1043,0.3580816686153412
1044,0.42840367555618286
1045,0.5953123569488525
1046,0.5250194072723389
1047,0.19337457418441772
1048,0.7093217372894287
1049,0.6726795434951782
1050,0.4734842777252197
1051,0.6956366300582886
1052,0.7164915204048157
1053,0.5596258640289307
1054,0.61832195520401
1055,0.7409937977790833
1056,0.7494837045669556
1057,0.48960885405540466
1058,0.5360134243965149
1059,0.48919397592544556
1060,0.6571465730667114
1061,0.3757596015930176
1062,0.8776821494102478
1063,0.6619258522987366
1064,0.7243753671646118
1065,0.5371020436286926
1066,0.37894466519355774
1067,0.6731066107749939
1068,0.5838432312011719
1069,0.25290653109550476
1070,0.5377717018127441
1071,0.7140055894851685
1072,0.4826805889606476
1073,0.22986796498298645
1074,0.765150249004364
1075,0.3968128561973572
1076,0.7480873465538025
1077,0.5100975036621094
1078,0.5322970747947693
1079,0.5008266568183899
1080,0.7149037718772888
1081,0.3073716163635254
1082,0.48973527550697327
1083,0.6036246418952942
1084,0.7555260062217712
1085,0.8099634051322937
1086,0.47405335307121277
1087,0.5986412763595581
1088,0.3641478419303894
1089,0.6879474520683289
1090,0.2645229697227478
1091,0.35599327087402344
1092,0.5135288238525391
1093,0.46273115277290344
1094,0.5709013342857361
1095,0.7521483898162842
1096,0.5293615460395813
1097,0.44317615032196045
1098,0.2837522625923157
1099,0.5513702630996704
1100,0.7082745432853699
1101,0.6465746760368347
1102,0.7369920015335083
1103,0.43682825565338135
1104,0.6209651827812195
1105,0.5150458812713623
1106,0.49527233839035034
1107,0.46737056970596313
1108,0.770869255065918
1109,0.6353912353515625
1110,0.2872113585472107
1111,0.49843648076057434
1112,0.27116912603378296
1113,0.3982956111431122
1114,0.6703862547874451
1115,0.3120766878128052
1116,0.7182506918907166
1117,0.3070663809776306
1118,0.6056399941444397
1119,0.4663252830505371
1120,0.4640175700187683
1121,0.23667103052139282
1122,0.6111868619918823
1123,0.26211848855018616
1124,0.7899087071418762
1125,0.38503825664520264
1126,0.8019108176231384
1127,0.327107697725296
1128,0.437724232673645
1129,0.41413307189941406
1130,0.7962490916252136
1131,0.5323301553726196
1132,0.737747311592102
1133,0.7225137948989868
1134,0.46943116188049316
1135,0.5334915518760681
1136,0.7114732265472412
1137,0.6140680909156799
1138,0.35497137904167175
1139,0.30694150924682617
1140,0.34812796115875244
1141,0.5471614599227905
1142,0.5090925097465515
1143,0.5602642297744751
1144,0.34423455595970154
1145,0.613874077796936
1146,0.1915520280599594
1147,0.5005316138267517
1148,0.5048224329948425
1149,0.4434222877025604
1150,0.6301056146621704
1151,0.5387635827064514
1152,0.37442833185195923
1153,0.5450230836868286
1154,0.4337928891181946
1155,0.4344650208950043
1156,0.5082631707191467
1157,0.6860809326171875
1158,0.375664085149765
1159,0.3634234666824341
1160,0.6367406249046326
1161,0.5159855484962463
1162,0.4773680865764618
1163,0.6440768837928772
1164,0.2334458827972412
1165,0.44668295979499817
1166,0.3279251456260681
1167,0.7618567943572998
1168,0.3630262613296509
1169,0.5913524627685547
1170,0.7501559853553772
1171,0.28319212794303894
1172,0.3363250195980072
1173,0.4089290201663971
1174,0.836052417755127
1175,0.2506153881549835
1176,0.6811480522155762
1177,0.3382880389690399
1178,0.399110347032547
1179,0.4929521381855011
1180,0.6141106486320496
1181,0.5301843881607056
1182,0.4471258223056793
1183,0.45066672563552856
1184,0.329828679561615
1185,0.3840571641921997
1186,0.580649733543396
1187,0.7341467142105103
1188,0.5507557988166809
1189,0.5782946944236755
1190,0.4923108220100403
1191,0.6119165420532227
1192,0.7897723317146301
1193,0.6382855772972107
1194,0.4425489902496338
1195,0.5992058515548706
1196,0.2598518133163452
1197,0.3403576910495758
1198,0.6886453032493591
1199,0.6153421401977539
1200,0.7780015468597412
1201,0.7649534940719604
1202,0.32617294788360596
1203,0.5810787677764893
1204,0.4624407887458801
1205,0.4969669580459595
1206,0.3537154793739319
1207,0.8563736081123352
1208,0.39655622839927673
1209,0.8234318494796753
1210,0.27872613072395325
1211,0.5152095556259155
1212,0.6247873902320862
1213,0.7482021450996399
1214,0.5084304213523865
1215,0.6996735334396362
1216,0.7852529287338257
1217,0.6833958029747009
1218,0.5993795990943909
1219,0.3566843271255493
1220,0.28551915287971497
1221,0.25444507598876953
1222,0.6880320906639099
1223,0.5417993068695068
1224,0.2922469675540924
1225,0.7921373248100281
1226,0.6320565342903137
1227,0.616421639919281
1228,0.6360771656036377
1229,0.41267257928848267
1230,0.7075563669204712
1231,0.6280061602592468
1232,0.3329339325428009
1233,0.7039344906806946
1234,0.21184134483337402
1235,0.5936466455459595
1236,0.7657278180122375
1237,0.5920057892799377
1238,0.453916072845459
1239,0.612657368183136
1240,0.33643755316734314
1241,0.29445451498031616
1242,0.43261411786079407
1243,0.8482435941696167
1244,0.2366710901260376
1245,0.5414762496948242
1246,0.32798680663108826
1247,0.7273385524749756
1248,0.2780457139015198
1249,0.37556979060173035
1250,0.3521057963371277
1251,0.35016313195228577
1252,0.19846902787685394
1253,0.5384421944618225
1254,0.22208596765995026
1255,0.3881451487541199
1256,0.5219192504882812
1257,0.3373952805995941
1258,0.5194805264472961
1259,0.7159357070922852
1260,0.25176769495010376
1261,0.4187893271446228
1262,0.45911705493927
1263,0.7568137049674988
1264,0.8283002376556396
1265,0.447695255279541
1266,0.6019431948661804
1267,0.4599311351776123
1268,0.37241441011428833
1269,0.7346153259277344
1270,0.3935874402523041
1271,0.6833220720291138
1272,0.32758796215057373
1273,0.6196264028549194
1274,0.4113638401031494
1275,0.48619499802589417
1276,0.4396612048149109
1277,0.632481575012207
1278,0.6640862226486206
1279,0.7467548847198486
1280,0.8089628219604492
1281,0.6793549060821533
1282,0.8405842185020447
1283,0.4971531629562378
1284,0.40918874740600586
1285,0.5967366099357605
1286,0.47326359152793884
1287,0.4612889885902405
1288,0.6070783734321594
1289,0.2941664159297943
1290,0.7019173502922058
1291,0.8010604977607727
1292,0.6901325583457947
1293,0.5762544870376587
1294,0.6518803834915161
1295,0.6762979030609131
1296,0.79570472240448
1297,0.6798046231269836
1298,0.2873365879058838
1299,0.5954272747039795
1300,0.3284650146961212
1301,0.5879126191139221
1302,0.23682427406311035
1303,0.3399542570114136
1304,0.5301246643066406
1305,0.6366130113601685
1306,0.7813956141471863
1307,0.40538373589515686
1308,0.6523631811141968
1309,0.42467743158340454
1310,0.5061796307563782
1311,0.46626418828964233
1312,0.33712998032569885
1313,0.4589894711971283
1314,0.6882730722427368
1315,0.8092595338821411
1316,0.3755069971084595
1317,0.4525745213031769
1318,0.402194619178772
1319,0.5466552376747131
1320,0.7839140295982361
1321,0.5258855223655701
1322,0.47943446040153503
1323,0.2740841507911682
1324,0.45845431089401245
1325,0.2380126714706421
1326,0.7646934390068054
1327,0.6448516249656677
1328,0.41288191080093384
1329,0.7009303569793701
1330,0.5580588579177856
1331,0.3035888075828552
1332,0.4136337637901306
1333,0.8320284485816956
1334,0.19606691598892212
1335,0.6036990880966187
1336,0.3504563868045807
1337,0.45084622502326965
1338,0.45053014159202576
1339,0.5453819632530212
1340,0.3946090042591095
1341,0.5226047039031982
1342,0.5384292006492615
1343,0.3739337623119354
1344,0.635830819606781
1345,0.5096911191940308
1346,0.8005190491676331
1347,0.7629485726356506
1348,0.3500894606113434
1349,0.47484126687049866
1350,0.8175712823867798
1351,0.6027118563652039
1352,0.22863391041755676
1353,0.3925570249557495
1354,0.31719377636909485
1355,0.35882842540740967
1356,0.8135654330253601
1357,0.697005569934845
1358,0.38475948572158813
1359,0.4226071238517761
1360,0.39459729194641113
1361,0.5857802629470825
1362,0.6178984045982361
1363,0.4258362650871277
1364,0.28789281845092773
1365,0.4143311679363251
1366,0.6920264363288879
1367,0.2366282343864441
1368,0.48403245210647583
1369,0.3078707456588745
1370,0.4628598690032959
1371,0.47558510303497314
1372,0.20059826970100403
1373,0.2767450213432312
1374,0.44768306612968445
1375,0.5856713056564331
1376,0.5642144680023193
1377,0.6646547317504883
1378,0.32428571581840515
1379,0.5864897966384888
1380,0.7072546482086182
1381,0.20814672112464905
1382,0.574698269367218
1383,0.5098758935928345
1384,0.6064237952232361
1385,0.7235463857650757
1386,0.6042544841766357
1387,0.3515735864639282
1388,0.186155304312706
1389,0.1748187094926834
1390,0.358988881111145
1391,0.745246946811676
1392,0.3605278730392456
1393,0.6295027732849121
1394,0.6227742433547974
1395,0.4800472855567932
1396,0.80963134765625
1397,0.49031051993370056
1398,0.4795292317867279
1399,0.45360612869262695
1400,0.2782924771308899
1401,0.3322080075740814
1402,0.6290672421455383
1403,0.6315433979034424
1404,0.5541023015975952
1405,0.2511213719844818
1406,0.7734938859939575
1407,0.5472940802574158
1408,0.6442146897315979
1409,0.6079769730567932
1410,0.39906612038612366
1411,0.3881818950176239
1412,0.34553518891334534
1413,0.6278777718544006
1414,0.34642934799194336
1415,0.7251824140548706
1416,0.24363380670547485
1417,0.5246525406837463
1418,0.30530333518981934
1419,0.912639856338501
1420,0.3780208230018616
1421,0.45244622230529785
1422,0.5373916029930115
1423,0.7108473181724548
1424,0.3388606309890747
1425,0.7834245562553406
1426,0.4041265845298767
1427,0.750913143157959
1428,0.6728873252868652
1429,0.4940454661846161
1430,0.6304280757904053
1431,0.7950472831726074
1432,0.7040382027626038
1433,0.4386358857154846
1434,0.5602222084999084
1435,0.30056825280189514
1436,0.3101952373981476
1437,0.3187315762042999
1438,0.5854155421257019
1439,0.3226252496242523
1440,0.31696563959121704
1441,0.7550394535064697
1442,0.46919235587120056
1443,0.6921382546424866
1444,0.4654463827610016
1445,0.6903932094573975
1446,0.6915328502655029
1447,0.7350464463233948
1448,0.23402197659015656
1449,0.3844134211540222
1450,0.4331076145172119
1451,0.7061167359352112
1452,0.5045292973518372
1453,0.4200972020626068
1454,0.668969988822937
1455,0.5207745432853699
1456,0.6031510829925537
1457,0.48493966460227966
1458,0.3967195749282837
1459,0.7999903559684753
1460,0.5629814863204956
1461,0.5923223495483398
1462,0.5423681735992432
1463,0.4429561495780945
1464,0.43736669421195984
1465,0.19046081602573395
1466,0.8032894730567932
1467,0.2505362629890442
1468,0.4783838987350464
1469,0.8409764766693115
1470,0.2147141546010971
1471,0.31819313764572144
1472,0.38288459181785583
1473,0.7226484417915344
1474,0.8319663405418396
1475,0.7073132395744324
1476,0.3699529469013214
1477,0.5741908550262451
1478,0.7431961297988892
1479,0.4736764132976532
1480,0.42310526967048645
1481,0.6901901960372925
1482,0.27375826239585876
1483,0.6903612017631531
1484,0.45053234696388245
1485,0.3613429665565491
1486,0.25090456008911133
1487,0.3865711987018585
1488,0.25495514273643494
1489,0.8372994065284729
1490,0.7148877382278442
1491,0.30779048800468445
1492,0.4946417808532715
1493,0.5432921648025513
1494,0.7533895969390869
1495,0.525551974773407
1496,0.46713587641716003
1497,0.2563817501068115
1498,0.523077130317688
1499,0.5677987337112427
1500,0.3577185869216919
1501,0.24491560459136963
1502,0.4570360481739044
1503,0.46091148257255554
1504,0.3988335430622101
1505,0.31247687339782715
1506,0.30499449372291565
1507,0.4608164429664612
1508,0.29401421546936035
1509,0.49176836013793945
1510,0.420533686876297
1511,0.47394484281539917
1512,0.7295974493026733
1513,0.477494478225708
1514,0.5622584223747253
1515,0.4505319595336914
1516,0.6191120147705078
1517,0.6424971222877502
1518,0.6669842600822449
1519,0.5225580930709839
1520,0.41860851645469666
1521,0.35201868414878845
1522,0.6515927910804749
1523,0.7069163918495178
1524,0.794783353805542
1525,0.4840119779109955
1526,0.43467891216278076
1527,0.8070365190505981
1528,0.8509279489517212
1529,0.2729565501213074
1530,0.4436323940753937
1531,0.4636310338973999
1532,0.35120558738708496
1533,0.38524872064590454
1534,0.39323189854621887
1535,0.5741708278656006
1536,0.7974035143852234
1537,0.4933687448501587
1538,0.7705172896385193
1539,0.612036406993866
1540,0.6412166953086853
1541,0.2816096246242523
1542,0.5853447318077087
1543,0.4228135049343109
1544,0.3624994158744812
1545,0.4716416895389557
1546,0.6423611640930176
1547,0.47681185603141785
1548,0.4084917902946472
1549,0.6562554836273193
1550,0.6090973019599915
1551,0.3863188326358795
1552,0.2978787422180176
1553,0.4523996114730835
1554,0.5633593201637268
1555,0.8118974566459656
1556,0.3912707567214966
1557,0.576426088809967
1558,0.3948999047279358
1559,0.5949012041091919
1560,0.6061711311340332
1561,0.7078341841697693
1562,0.7041642069816589
1563,0.8425735235214233
1564,0.3995889127254486
1565,0.7679453492164612
1566,0.6779184341430664
1567,0.6556658148765564
1568,0.8036513328552246
1569,0.6860936880111694
1570,0.5097463130950928
1571,0.49824854731559753
1572,0.5177648067474365
1573,0.6152136325836182
1574,0.5096837878227234
1575,0.5252007842063904
1576,0.47372135519981384
1577,0.7397748231887817
1578,0.2297358214855194
1579,0.6429345607757568
1580,0.5627335906028748
1581,0.7234175205230713
1582,0.23400317132472992
1583,0.8189882636070251
1584,0.5442088842391968
1585,0.4021943211555481
1586,0.3775813579559326
1587,0.5596544146537781
1588,0.2698776423931122
1589,0.4856301248073578
1590,0.7499129176139832
1591,0.5724456906318665
1592,0.671309232711792
1593,0.2528117597103119
1594,0.7121404409408569
1595,0.41662636399269104
1596,0.23831230401992798
1597,0.6856926679611206
1598,0.566837728023529
1599,0.680935800075531
1600,0.7006723284721375
1601,0.5325945019721985
1602,0.5494508147239685
1603,0.8420514464378357
1604,0.48035871982574463
1605,0.7013751268386841
1606,0.46678733825683594
1607,0.39610594511032104
1608,0.7832449078559875
1609,0.7177569270133972
1610,0.42568138241767883
1611,0.6072683334350586
1612,0.7899230122566223
1613,0.47864872217178345
1614,0.739202618598938
1615,0.4688357710838318
1616,0.5088675618171692
1617,0.6324611306190491
1618,0.6509730219841003
1619,0.6516547203063965
1620,0.6159480214118958
1621,0.8453725576400757
1622,0.421627938747406
1623,0.3117346167564392
1624,0.242893785238266
1625,0.6037582755088806
1626,0.28152599930763245
1627,0.5484713912010193
1628,0.2783086895942688
1629,0.48590806126594543
1630,0.5663642287254333
1631,0.3562120199203491
1632,0.6554526090621948
1633,0.45165225863456726
1634,0.48892858624458313
1635,0.683600902557373
1636,0.5862174034118652
1637,0.2947773337364197
1638,0.8035945296287537
1639,0.7702372670173645
1640,0.8047372698783875
1641,0.7343923449516296
1642,0.4552302956581116
1643,0.6971569061279297
1644,0.38500919938087463
1645,0.48168525099754333
1646,0.5852305293083191
1647,0.610499382019043
1648,0.1981601119041443
1649,0.3654937148094177
1650,0.6345469355583191
1651,0.20480529963970184
1652,0.7471504211425781
1653,0.7333518266677856
1654,0.4870354235172272
1655,0.3455318510532379
1656,0.5117427706718445
1657,0.2767688035964966
1658,0.5401944518089294
1659,0.7304112911224365
1660,0.5153646469116211
1661,0.3991229832172394
1662,0.6573479771614075
1663,0.38012632727622986
1664,0.756732702255249
1665,0.5854793787002563
1666,0.715505063533783
1667,0.4616663455963135
1668,0.5453196167945862
1669,0.4085454046726227
1670,0.5071973204612732
1671,0.40467098355293274
1672,0.6131214499473572
1673,0.5931117534637451
1674,0.5674927234649658
1675,0.8071239590644836
1676,0.7714741826057434
1677,0.663657546043396
1678,0.6069909930229187
1679,0.5538567304611206
1680,0.2417599856853485
1681,0.5650296807289124
1682,0.5597098469734192
1683,0.22752085328102112
1684,0.3538788855075836
1685,0.6251991391181946
1686,0.5527321100234985
1687,0.5674435496330261
1688,0.5666099190711975
1689,0.5745095014572144
1690,0.4990358352661133
1691,0.7264882326126099
1692,0.554783284664154
1693,0.7606756687164307
1694,0.6169608235359192
1695,0.5220792889595032
1696,0.3710854649543762
1697,0.3506231904029846
1698,0.7024375200271606
1699,0.35787683725357056
1700,0.29489073157310486
1701,0.37587472796440125
1702,0.7341349720954895
1703,0.35570481419563293
1704,0.5420379638671875
1705,0.18642881512641907
1706,0.419391930103302
1707,0.36297667026519775
1708,0.3204432725906372
1709,0.31878191232681274
1710,0.6189746260643005
1711,0.550055205821991
1712,0.7223126292228699
1713,0.4443781077861786
1714,0.4834006130695343
1715,0.4518624544143677
1716,0.8426483869552612
1717,0.49186038970947266
1718,0.21393275260925293
1719,0.4661903977394104
1720,0.35576242208480835
1721,0.34770944714546204
1722,0.61674565076828
1723,0.36022791266441345
1724,0.7185330986976624
1725,0.5983647704124451
1726,0.27032867074012756
1727,0.6009237766265869
1728,0.7169778943061829
1729,0.741477906703949
1730,0.37436896562576294
1731,0.5706190466880798
1732,0.6712065935134888
1733,0.5176342129707336
1734,0.681182324886322
1735,0.434022456407547
1736,0.4131335914134979
1737,0.3726923167705536
1738,0.2602948546409607
1739,0.619695246219635
1740,0.8322771787643433
1741,0.3876080811023712
1742,0.8378579616546631
1743,0.7841619849205017
1744,0.4032723009586334
1745,0.4417552947998047
1746,0.3556651473045349
1747,0.7836493849754333
1748,0.4784388840198517
1749,0.555974006652832
1750,0.5736091136932373
1751,0.2693077325820923
1752,0.24481961131095886
1753,0.3650437593460083
1754,0.6470218896865845
1755,0.5587325096130371
1756,0.3708841800689697
1757,0.51149582862854
1758,0.6388949751853943
1759,0.6240209341049194
1760,0.34618648886680603
1761,0.39374247193336487
1762,0.6634474396705627
1763,0.5100865960121155
1764,0.476192444562912
1765,0.24575366079807281
1766,0.4603305459022522
1767,0.3338492512702942
1768,0.32022783160209656
1769,0.6308956742286682
1770,0.5095025300979614
1771,0.4803069829940796
1772,0.6517214775085449
1773,0.3784315288066864
1774,0.5146719217300415
1775,0.6798787117004395
1776,0.45711463689804077
1777,0.765890896320343
1778,0.5336863994598389
1779,0.6685734987258911
1780,0.7934150695800781
1781,0.5925297141075134
1782,0.47984322905540466
1783,0.44706764817237854
1784,0.683927059173584
1785,0.48739203810691833
1786,0.48206251859664917
1787,0.27155184745788574
1788,0.421169638633728
1789,0.7741435766220093
1790,0.5748409628868103
1791,0.7077534794807434
1792,0.2412000596523285
1793,0.7668361067771912
1794,0.7390137314796448
1795,0.5618367195129395
1796,0.549348771572113
1797,0.51960289478302
1798,0.1967155933380127
1799,0.18472817540168762
1800,0.23172077536582947
1801,0.6110458970069885
1802,0.5308356881141663
1803,0.5417568683624268
1804,0.41347020864486694
1805,0.676084578037262
1806,0.38883233070373535
1807,0.25380685925483704
1808,0.40110254287719727
1809,0.7879503965377808
1810,0.45991337299346924
1811,0.48525387048721313
1812,0.5154750943183899
1813,0.593911349773407
1814,0.7763866186141968
1815,0.3756101429462433
1816,0.36546948552131653
1817,0.7176772356033325
1818,0.5576236844062805
1819,0.416210800409317
1820,0.3880544602870941
1821,0.3126051425933838
1822,0.36320003867149353
1823,0.3335719704627991
1824,0.7815114259719849
1825,0.5100396275520325
1826,0.6300481557846069
1827,0.439416766166687
1828,0.528520405292511
1829,0.3735937178134918
1830,0.6111170649528503
1831,0.4412979483604431
1832,0.6995627880096436
1833,0.457918643951416
1834,0.46257099509239197
1835,0.37735602259635925
1836,0.22578009963035583
1837,0.6112416386604309
1838,0.6864179968833923
1839,0.3122861385345459
1840,0.6522244811058044
1841,0.24115857481956482
1842,0.8042193055152893
1843,0.5940589308738708
1844,0.23552046716213226
1845,0.27454301714897156
1846,0.7832613587379456
1847,0.32069042325019836
1848,0.27543744444847107
1849,0.39716577529907227
1850,0.4135896861553192
1851,0.3844871520996094
1852,0.2907809913158417
1853,0.6101869344711304
1854,0.5031030774116516
1855,0.18777069449424744
1856,0.5792068243026733
1857,0.26846957206726074
1858,0.5142349600791931
1859,0.2444707453250885
1860,0.7123302817344666
1861,0.7312151193618774
1862,0.4119550883769989
1863,0.5763647556304932
1864,0.6149812340736389
1865,0.6216528415679932
1866,0.3795876204967499
1867,0.3439705967903137
1868,0.7228166460990906
1869,0.7695193886756897
1870,0.7177730798721313
1871,0.63376384973526
1872,0.4007765054702759
1873,0.4129904806613922
1874,0.8158482313156128
1875,0.49220189452171326
1876,0.535228431224823
1877,0.20904545485973358
1878,0.34988802671432495
1879,0.6500792503356934
1880,0.2898024022579193
1881,0.3817169666290283
1882,0.7087363600730896
1883,0.48097094893455505
1884,0.5102434754371643
1885,0.5524224638938904
1886,0.6232163906097412
1887,0.3948008418083191
1888,0.3193620443344116
1889,0.7780870199203491
1890,0.8113071322441101
1891,0.722539484500885
1892,0.6938276290893555
1893,0.6543812155723572
1894,0.7031130790710449
1895,0.5712122917175293
1896,0.6210725903511047
1897,0.38239291310310364
1898,0.5053529739379883
1899,0.25045329332351685
1900,0.22087740898132324
1901,0.47739890217781067
1902,0.7359898090362549
1903,0.6438865065574646
1904,0.5975980162620544
1905,0.7493141889572144
1906,0.47427600622177124
1907,0.5457015037536621
1908,0.5613304376602173
1909,0.5145828127861023
1910,0.7694587111473083
1911,0.2891552150249481
1912,0.8196920156478882
1913,0.5208191275596619
1914,0.7403584122657776
1915,0.7366500496864319
1916,0.30781370401382446
1917,0.42165929079055786
1918,0.808042049407959
1919,0.46400153636932373
1920,0.3639712333679199
1921,0.3587307631969452
1922,0.6163029670715332
1923,0.4425828456878662
1924,0.45402491092681885
1925,0.43636518716812134
1926,0.47364988923072815
1927,0.5558260083198547
1928,0.2700117826461792
1929,0.25647658109664917
1930,0.2325335443019867
1931,0.6686919331550598
1932,0.5420868992805481
1933,0.4461462199687958
1934,0.40204671025276184
1935,0.6322356462478638
1936,0.6551164984703064
1937,0.6423425078392029
1938,0.5261991620063782
1939,0.8239149451255798
1940,0.5564700365066528
1941,0.6170575618743896
1942,0.27162623405456543
1943,0.3233761191368103
1944,0.3675900101661682
1945,0.5421016216278076
1946,0.4787582457065582
1947,0.20049524307250977
1948,0.49664321541786194
1949,0.31338661909103394
1950,0.761375367641449
1951,0.5290060639381409
1952,0.23984673619270325
1953,0.6605894565582275
1954,0.4554192125797272
1955,0.4891144335269928
1956,0.5754517912864685
1957,0.6020280718803406
1958,0.7443353533744812
1959,0.6567189693450928
1960,0.7975078225135803
1961,0.2647358477115631
1962,0.6461027264595032
1963,0.5740829706192017
1964,0.5716595649719238
1965,0.5341436266899109
1966,0.42103278636932373
1967,0.49822115898132324
1968,0.6181508302688599
1969,0.5132700204849243
1970,0.47857537865638733
1971,0.4456327557563782
1972,0.3150186538696289
1973,0.5431668162345886
1974,0.305114209651947
1975,0.7738892436027527
1976,0.3699898421764374
1977,0.25430309772491455
1978,0.5206746459007263
1979,0.4849383533000946
1980,0.300038605928421
1981,0.5506618618965149
1982,0.29347893595695496
1983,0.32155367732048035
1984,0.46537554264068604
1985,0.5614195466041565
1986,0.7553060054779053
1987,0.564409077167511
1988,0.8129538893699646
1989,0.6100763082504272
1990,0.4625146687030792
1991,0.7074286341667175
1992,0.5173775553703308
1993,0.5112956166267395
1994,0.44971391558647156
1995,0.4327370524406433
1996,0.23630526661872864
1997,0.39796340465545654
1998,0.6418654322624207
1999,0.41157740354537964
2000,0.41635486483573914
2001,0.5180677771568298
2002,0.7190538048744202
2003,0.6232267618179321
2004,0.38889288902282715
2005,0.4939066171646118
2006,0.4275030493736267
2007,0.4124976694583893
2008,0.35199081897735596
2009,0.7842105031013489
2010,0.3797523081302643
2011,0.7544037699699402
2012,0.7166712880134583
2013,0.2792062759399414
2014,0.25448474287986755
2015,0.20673581957817078
2016,0.27821680903434753
2017,0.20659875869750977
2018,0.5948320031166077
2019,0.698941171169281
2020,0.3793860971927643
2021,0.4680624008178711
2022,0.8114209771156311
2023,0.6575658917427063
2024,0.5428591370582581
2025,0.4074290990829468
2026,0.2482776641845703
2027,0.3304615020751953
2028,0.5274343490600586
2029,0.6421543955802917
2030,0.30439671874046326
2031,0.6456546783447266
2032,0.2691982090473175
2033,0.2846550941467285
2034,0.4246603548526764
2035,0.3237786293029785
2036,0.6040449738502502
2037,0.822229266166687
2038,0.8560670614242554
2039,0.2812701463699341
2040,0.6896665096282959
2041,0.25794246792793274
2042,0.4237605035305023
2043,0.653056800365448
2044,0.4320736527442932
2045,0.6422866582870483
2046,0.3894123435020447
2047,0.660439670085907
2048,0.5786303281784058
2049,0.7341427803039551
2050,0.6760407090187073
2051,0.23161061108112335
2052,0.5567211508750916
2053,0.5132266879081726
2054,0.4208337366580963
2055,0.4490281641483307
2056,0.3480405807495117
2057,0.37022748589515686
2058,0.7601813673973083
2059,0.3379098176956177
2060,0.7880274057388306
2061,0.5885015726089478
2062,0.4463232457637787
2063,0.39540308713912964
2064,0.23053023219108582
2065,0.3610716164112091
2066,0.5441029071807861
2067,0.5724489688873291
2068,0.2786713242530823
2069,0.6103227734565735
2070,0.5184275507926941
2071,0.3281692862510681
2072,0.36949893832206726
2073,0.4649060070514679
2074,0.7058271765708923
2075,0.5554023385047913
2076,0.6940586566925049
2077,0.5292245745658875
2078,0.23315468430519104
2079,0.6580436825752258
2080,0.7647344470024109
2081,0.4639091193675995
2082,0.7689726948738098
2083,0.7712025046348572
2084,0.41930902004241943
2085,0.3387903571128845
2086,0.6012256741523743
2087,0.25446343421936035
2088,0.29238617420196533
2089,0.7266059517860413
2090,0.6430544853210449
2091,0.3383176326751709
2092,0.7931796312332153
2093,0.2444036304950714
2094,0.6867128014564514
2095,0.6946529746055603
2096,0.33141666650772095
2097,0.5324748754501343
2098,0.7054855227470398
2099,0.5812857747077942
2100,0.6445075273513794
2101,0.613785445690155
2102,0.554983913898468
2103,0.4378983974456787
2104,0.5781009197235107
2105,0.30163562297821045
2106,0.6950955986976624
2107,0.43252238631248474
2108,0.49929744005203247
2109,0.41518884897232056
2110,0.36246925592422485
2111,0.5334912538528442
2112,0.6534568667411804
2113,0.602843165397644
2114,0.6044236421585083
2115,0.8350964188575745
2116,0.19669362902641296
2117,0.31217044591903687
2118,0.5994675755500793
2119,0.35818108916282654
2120,0.8228721022605896
2121,0.4330797791481018
2122,0.6377776265144348
2123,0.36909687519073486
2124,0.6366074681282043
2125,0.26268458366394043
2126,0.6028921008110046
2127,0.4743731915950775
2128,0.44234099984169006
2129,0.3443017601966858
2130,0.5784186124801636
2131,0.2973951995372772
2132,0.2670823633670807
2133,0.4223926365375519
2134,0.26787427067756653
2135,0.49276161193847656
2136,0.5635665655136108
2137,0.4330628216266632
2138,0.2207857221364975
2139,0.609218180179596
2140,0.3763009309768677
2141,0.4389028549194336
2142,0.3633885085582733
2143,0.5790260434150696
2144,0.4114164710044861
2145,0.27455198764801025
2146,0.6094165444374084
2147,0.7142972350120544
2148,0.46078234910964966
2149,0.2427019476890564
2150,0.7261773347854614
2151,0.5766978859901428
2152,0.47125136852264404
2153,0.7939003109931946
2154,0.4115789234638214
2155,0.7748954892158508
2156,0.8297335505485535
2157,0.2899780571460724
2158,0.3695935904979706
2159,0.5209301114082336
2160,0.46985191106796265
2161,0.824512243270874
2162,0.5328020453453064
2163,0.3893839716911316
2164,0.7595407962799072
2165,0.3166242241859436
2166,0.4661884009838104
2167,0.6710041165351868
2168,0.7872076630592346
2169,0.6394957304000854
2170,0.6163931488990784
2171,0.7221154570579529
2172,0.5504396557807922
2173,0.8235271573066711
2174,0.7454555034637451
2175,0.34508591890335083
2176,0.7326205968856812
2177,0.5567873120307922
2178,0.43050089478492737
2179,0.7712500691413879
2180,0.5744008421897888
2181,0.3946287930011749
2182,0.6192533373832703
2183,0.16965679824352264
2184,0.5581881999969482
2185,0.4833560883998871
2186,0.4916647672653198
2187,0.485982745885849
2188,0.38117456436157227
2189,0.4978569746017456
2190,0.332356721162796
2191,0.6490040421485901
2192,0.3584887981414795
2193,0.5466234683990479
2194,0.25295886397361755
2195,0.7970192432403564
2196,0.42325547337532043
2197,0.517974853515625
2198,0.723004937171936
2199,0.48782631754875183
2200,0.512810468673706
2201,0.6888791918754578
2202,0.6707822680473328
2203,0.36410391330718994
2204,0.3932882249355316
2205,0.5087113976478577
2206,0.4176672101020813
2207,0.8436636924743652
2208,0.3151888847351074
2209,0.5842484831809998
2210,0.27162623405456543
2211,0.49986693263053894
2212,0.64960777759552
2213,0.4391336143016815
2214,0.2733144164085388
2215,0.5554524064064026
2216,0.7471874952316284
2217,0.3366987705230713
2218,0.47072964906692505
2219,0.3064720332622528
2220,0.459552526473999
2221,0.622793972492218
2222,0.6463472843170166
2223,0.8125129342079163
2224,0.2628882825374603
2225,0.8292118906974792
2226,0.6156107187271118
2227,0.720492959022522
2228,0.36509448289871216
2229,0.6040141582489014
2230,0.5912212133407593
2231,0.4008457064628601
2232,0.7348301410675049
2233,0.5565034747123718
2234,0.7186143398284912
2235,0.38486695289611816
2236,0.6614583730697632
2237,0.552094578742981
2238,0.770989179611206
2239,0.3181462585926056
2240,0.4451153874397278
2241,0.4306606948375702
2242,0.47693687677383423
2243,0.5031355619430542
2244,0.2817137539386749
2245,0.505588173866272
2246,0.4837040901184082
2247,0.6766733527183533
2248,0.45550107955932617
2249,0.4017668664455414
2250,0.6132714152336121
2251,0.8395900726318359
2252,0.5255930423736572
2253,0.3855939209461212
2254,0.4270024299621582
2255,0.366309255361557
2256,0.8324863910675049
2257,0.22000199556350708
2258,0.5739681720733643
2259,0.26600176095962524
2260,0.6761628985404968
2261,0.5596908330917358
2262,0.6566030383110046
2263,0.6246073246002197
2264,0.6565328240394592
2265,0.5531171560287476
2266,0.497477650642395
2267,0.41422078013420105
2268,0.2884400188922882
2269,0.400579035282135
2270,0.5274052023887634
2271,0.7237075567245483
2272,0.3006720244884491
2273,0.7544817924499512
2274,0.6640008687973022
2275,0.5056080222129822
2276,0.4363589584827423
2277,0.30094268918037415
2278,0.367146372795105
2279,0.4541395604610443
2280,0.8140053749084473
2281,0.7961126565933228
2282,0.5673888325691223
2283,0.6883840560913086
2284,0.3572448790073395
2285,0.29511553049087524
2286,0.6880567073822021
2287,0.8145551085472107
2288,0.4046097993850708
2289,0.8462344408035278
2290,0.4476943612098694
2291,0.2773703932762146
2292,0.2996671795845032
2293,0.37699979543685913
2294,0.8464328646659851
2295,0.37684375047683716
2296,0.5308853983879089
2297,0.3833061754703522
2298,0.518639862537384
2299,0.6098243594169617
2300,0.5319554209709167
2301,0.36155813932418823
2302,0.8458125591278076
2303,0.42229577898979187
2304,0.5703872442245483
2305,0.7913106679916382
2306,0.5474917888641357
2307,0.4302266240119934
2308,0.7054422497749329
2309,0.7882722020149231
2310,0.19668546319007874
2311,0.2002197653055191
2312,0.8230665922164917
2313,0.2972565293312073
2314,0.49454575777053833
2315,0.36335843801498413
2316,0.6288532614707947
2317,0.3281370997428894
2318,0.5045543313026428
2319,0.40872111916542053
2320,0.6889408826828003
2321,0.7287368178367615
2322,0.566390335559845
2323,0.6704429984092712
2324,0.49114862084388733
2325,0.5213456749916077
2326,0.7538197636604309
2327,0.45192432403564453
2328,0.2618198096752167
2329,0.4955531358718872
2330,0.5826860666275024
2331,0.5530200004577637
2332,0.5383390784263611
2333,0.676297128200531
2334,0.47338271141052246
2335,0.5085737109184265
2336,0.3750818371772766
2337,0.7097222805023193
2338,0.5683780908584595
2339,0.5250425934791565
2340,0.44847849011421204
2341,0.4917547106742859
2342,0.3690323829650879
2343,0.5564935803413391
2344,0.37489035725593567
2345,0.7840254306793213
2346,0.4105228781700134
2347,0.7258852124214172
2348,0.7254012823104858
2349,0.3177976906299591
2350,0.3994496762752533
2351,0.48174434900283813
2352,0.5955926775932312
2353,0.4710719883441925
2354,0.3252999782562256
2355,0.39096227288246155
2356,0.607820987701416
2357,0.3175451457500458
2358,0.5422062873840332
2359,0.7812141180038452
2360,0.2046843320131302
2361,0.3569916784763336
2362,0.7743370532989502
2363,0.7082931399345398
2364,0.2834733724594116
2365,0.8231515288352966
2366,0.3128887414932251
2367,0.38142722845077515
2368,0.3510245382785797
2369,0.21887698769569397
2370,0.6029361486434937
2371,0.5603886842727661
2372,0.3946765959262848
2373,0.43986931443214417
2374,0.509659469127655
2375,0.38971391320228577
2376,0.21965225040912628
2377,0.7963976860046387
2378,0.6368879079818726
2379,0.2668502926826477
2380,0.4306374490261078
2381,0.7210671901702881
2382,0.7827188968658447
2383,0.785351574420929
2384,0.2932456135749817
2385,0.28966253995895386
2386,0.6517559289932251
2387,0.41802096366882324
2388,0.6929593682289124
2389,0.5753242373466492
2390,0.30454859137535095
2391,0.7366753220558167
2392,0.2248484045267105
2393,0.4736476540565491
2394,0.6812373995780945
2395,0.34569117426872253
2396,0.350372314453125
2397,0.41512537002563477
2398,0.7306652069091797
2399,0.4921681582927704
2400,0.6396074891090393
2401,0.26293039321899414
2402,0.6449553370475769
2403,0.5087515115737915
2404,0.541826069355011
2405,0.377949595451355
2406,0.17996130883693695
2407,0.2763579189777374
2408,0.5764004588127136
2409,0.6102017760276794
2410,0.4589617848396301
2411,0.3305050730705261
2412,0.5126817226409912
2413,0.7432754635810852
2414,0.28681516647338867
2415,0.7092168927192688
2416,0.3680061101913452
2417,0.4406038224697113
2418,0.47917333245277405
2419,0.3198107182979584
2420,0.6264283061027527
2421,0.8252803087234497
2422,0.6752974390983582
2423,0.22164049744606018
2424,0.42776036262512207
2425,0.6454595327377319
2426,0.35978636145591736
2427,0.4864261746406555
2428,0.23396776616573334
2429,0.5515085458755493
2430,0.4436700642108917
2431,0.4575842618942261
2432,0.21837443113327026
2433,0.5149188041687012
2434,0.3284587264060974
2435,0.6703518033027649
2436,0.7651667594909668
2437,0.6198602318763733
2438,0.7505068778991699
2439,0.46841078996658325
2440,0.6361905336380005
2441,0.49228158593177795
2442,0.39407432079315186
2443,0.5332334637641907
2444,0.2349284589290619
2445,0.22466103732585907
2446,0.5912725329399109
2447,0.5398023724555969
2448,0.8921809196472168
2449,0.6367399096488953
2450,0.5688266158103943
2451,0.5332872271537781
2452,0.5787271857261658
2453,0.2543261647224426
2454,0.6451398134231567
2455,0.5903908610343933
2456,0.40144723653793335
2457,0.7361779808998108
2458,0.567597508430481
2459,0.21958044171333313
2460,0.4731236398220062
2461,0.6252250075340271
2462,0.35375943779945374
2463,0.8246113657951355
2464,0.26088443398475647
2465,0.5773319602012634
2466,0.7109034657478333
2467,0.5292673707008362
2468,0.6903784871101379
2469,0.7519842386245728
2470,0.24317046999931335
2471,0.28778231143951416
2472,0.33997058868408203
2473,0.21284054219722748
2474,0.5105371475219727
2475,0.6424010992050171
2476,0.736604630947113
2477,0.5236021280288696
2478,0.8106997609138489
2479,0.6549169421195984
2480,0.5592463612556458
2481,0.4507063925266266
2482,0.6595905423164368
2483,0.4154456555843353
2484,0.8360825181007385
2485,0.6003775000572205
2486,0.9119540452957153
2487,0.7329427003860474
2488,0.2404841184616089
2489,0.4281499981880188
2490,0.6547160744667053
2491,0.651892900466919
2492,0.5856931805610657
2493,0.5874295830726624
2494,0.5715520977973938
2495,0.2965239882469177
2496,0.6582608819007874
2497,0.7471850514411926
2498,0.23718801140785217
2499,0.7934902310371399
2500,0.6673123240470886
2501,0.7765293717384338
2502,0.35407936573028564
2503,0.46184292435646057
2504,0.5715331435203552
2505,0.7907259464263916
2506,0.34915170073509216
2507,0.47650229930877686
2508,0.7710070013999939
2509,0.5420221090316772
2510,0.32451149821281433
2511,0.5905408263206482
2512,0.48321089148521423
2513,0.25111719965934753
2514,0.5010641813278198
2515,0.40495800971984863
2516,0.4907529354095459
2517,0.6464012265205383
2518,0.5581721663475037
2519,0.6148303151130676
2520,0.7731988430023193
2521,0.277904748916626
2522,0.8007499575614929
2523,0.37283211946487427
2524,0.6051473021507263
2525,0.20402157306671143
2526,0.8274770975112915
2527,0.4731365740299225
2528,0.32496023178100586
2529,0.5457919836044312
2530,0.7184120416641235
2531,0.6056851148605347
2532,0.41382718086242676
2533,0.36420387029647827
2534,0.7869076132774353
2535,0.62455153465271
2536,0.42782679200172424
2537,0.2853734791278839
2538,0.4396318197250366
2539,0.6280648112297058
2540,0.7271603941917419
2541,0.378905326128006
2542,0.575305163860321
2543,0.2550354301929474
2544,0.5068602561950684
2545,0.6489992737770081
2546,0.22622370719909668
2547,0.5544118285179138
2548,0.23795507848262787
2549,0.5189284086227417
2550,0.8421112895011902
2551,0.41289466619491577
2552,0.39470168948173523
2553,0.5178752541542053
2554,0.7446221113204956
2555,0.5304036140441895
2556,0.2435043454170227
2557,0.34955087304115295
2558,0.38542741537094116
2559,0.46463102102279663
2560,0.281829833984375
2561,0.6421292424201965
2562,0.38345858454704285
2563,0.6923438906669617
2564,0.7780164480209351
2565,0.6066710948944092
2566,0.7537845969200134
2567,0.6500321626663208
2568,0.2547150254249573
2569,0.4923213720321655
2570,0.8266597390174866
2571,0.3302417993545532
2572,0.5964418053627014
2573,0.8367497324943542
2574,0.3091961741447449
2575,0.3335665464401245
2576,0.35841798782348633
2577,0.4083981215953827
2578,0.5412455797195435
2579,0.46224793791770935
2580,0.282217800617218
2581,0.7121009826660156
2582,0.7033098936080933
2583,0.27282774448394775
2584,0.41137781739234924
2585,0.29960310459136963
2586,0.6985813975334167
2587,0.6525953412055969
2588,0.5393252372741699
2589,0.5175269246101379
2590,0.4590732157230377
2591,0.46893301606178284
2592,0.5915901064872742
2593,0.41229453682899475
2594,0.6090701222419739
2595,0.7326991558074951
2596,0.6618331670761108
2597,0.3934119939804077
2598,0.4853063225746155
2599,0.6056140661239624
2600,0.3980036973953247
2601,0.8301387429237366
2602,0.4596272110939026
2603,0.23273080587387085
2604,0.39680373668670654
2605,0.21410605311393738
2606,0.7014965415000916
2607,0.6227551102638245
2608,0.5558777451515198
2609,0.621878981590271
2610,0.4574410021305084
2611,0.32631707191467285
2612,0.5795780420303345
2613,0.40105801820755005
2614,0.31631505489349365
2615,0.5339024066925049
2616,0.45539912581443787
2617,0.45107191801071167
2618,0.38190600275993347
2619,0.6525681018829346
2620,0.3978128433227539
2621,0.5962324142456055
2622,0.23104149103164673
2623,0.2847209572792053
2624,0.2913578152656555
2625,0.3378779888153076
2626,0.39434850215911865
2627,0.45323026180267334
2628,0.5118484497070312
2629,0.49706998467445374
2630,0.34415239095687866
2631,0.7133834362030029
2632,0.519006609916687
2633,0.5367811322212219
2634,0.4549395442008972
2635,0.7705123424530029
2636,0.49188870191574097
2637,0.7636415958404541
2638,0.7779040932655334
2639,0.5420512557029724
2640,0.7630535364151001
2641,0.2796187996864319
2642,0.46437975764274597
2643,0.4374259412288666
2644,0.6431154608726501
2645,0.34940415620803833
2646,0.6448866724967957
2647,0.35611602663993835
2648,0.47205379605293274
2649,0.38746070861816406
2650,0.44221556186676025
2651,0.20602786540985107
2652,0.7509965300559998
2653,0.3349294662475586
2654,0.8112795948982239
2655,0.49671873450279236
2656,0.7654911875724792
2657,0.48517245054244995
2658,0.8045374155044556
2659,0.6932283639907837
2660,0.45773541927337646
2661,0.35654571652412415
2662,0.8087289929389954
2663,0.44289910793304443
2664,0.804530143737793
2665,0.4131903052330017
2666,0.23036086559295654
2667,0.48095449805259705
2668,0.5987875461578369
2669,0.8258610367774963
2670,0.33090442419052124
2671,0.39728549122810364
2672,0.7936388254165649
2673,0.25000473856925964
2674,0.778552234172821
2675,0.560672402381897
2676,0.5121120810508728
2677,0.7991646528244019
2678,0.824190080165863
2679,0.2645304203033447
2680,0.3045487105846405
2681,0.5757311582565308
2682,0.6438143253326416
2683,0.7928465604782104
2684,0.7329918742179871
2685,0.6555371880531311
2686,0.4626508057117462
2687,0.5578373074531555
2688,0.48222047090530396
2689,0.7900364995002747
2690,0.5710457563400269
2691,0.5044968724250793
2692,0.47279924154281616
2693,0.3204229176044464
2694,0.7477856278419495
2695,0.21608880162239075
2696,0.5521196722984314
2697,0.3938666880130768
2698,0.5065867304801941
2699,0.5613288283348083
2700,0.40568357706069946
2701,0.7798842191696167
2702,0.7094401717185974
2703,0.6593315601348877
2704,0.40187352895736694
2705,0.4533919095993042
2706,0.44735097885131836
2707,0.5587645769119263
2708,0.6509089469909668
2709,0.5149933695793152
2710,0.5657446980476379
2711,0.19620555639266968
2712,0.7467142939567566
2713,0.5127846598625183
2714,0.4591900706291199
2715,0.4975143074989319
2716,0.44442418217658997
2717,0.3595614731311798
2718,0.5623337030410767
2719,0.4748303294181824
2720,0.7102343440055847
2721,0.4094553291797638
2722,0.43854016065597534
2723,0.4554395079612732
2724,0.3583698868751526
2725,0.41581130027770996
2726,0.31119561195373535
2727,0.23480206727981567
2728,0.519226610660553
2729,0.7433973550796509
2730,0.7250744700431824
2731,0.632764995098114
2732,0.5902431607246399
2733,0.4179389476776123
2734,0.39304399490356445
2735,0.7821818590164185
2736,0.5415582060813904
2737,0.4843307137489319
2738,0.780775249004364
2739,0.2266213297843933
2740,0.3849719762802124
2741,0.6488862037658691
2742,0.27305543422698975
2743,0.40869128704071045
2744,0.21617843210697174
2745,0.384207546710968
2746,0.24262717366218567
2747,0.4524816870689392
2748,0.31802117824554443
2749,0.2918643057346344
2750,0.5930526256561279
2751,0.26888367533683777
2752,0.36069348454475403
2753,0.484455406665802
2754,0.47285938262939453
2755,0.2431887984275818
2756,0.4108462631702423
2757,0.30293071269989014
2758,0.7082758545875549
2759,0.38608816266059875
2760,0.3481798768043518
2761,0.5288535356521606
2762,0.5283750891685486
2763,0.467592716217041
2764,0.7948948740959167
2765,0.778702974319458
2766,0.759704053401947
2767,0.5959151983261108
2768,0.6946695446968079
2769,0.619581937789917
2770,0.5243370532989502
2771,0.4435892105102539
2772,0.29640284180641174
2773,0.5805846452713013
2774,0.28259551525115967
2775,0.2606910169124603
2776,0.4621846675872803
2777,0.353889524936676
2778,0.2826676368713379
2779,0.6563612222671509
2780,0.24182240664958954
2781,0.39859238266944885
2782,0.5123222470283508
2783,0.4599120616912842
2784,0.44287824630737305
2785,0.5427702069282532
2786,0.6942441463470459
2787,0.7277945280075073
2788,0.35671332478523254
2789,0.7534038424491882
2790,0.5452218055725098
2791,0.5170794725418091
2792,0.3404693305492401
2793,0.239284485578537
2794,0.567363440990448
2795,0.5303905010223389
2796,0.23487870395183563
2797,0.6801369190216064
2798,0.6618392467498779
2799,0.6107097864151001
2800,0.2549941837787628
2801,0.7556731700897217
2802,0.4385053217411041
2803,0.4337798058986664
2804,0.2301599532365799
2805,0.6242088079452515
2806,0.6962922811508179
2807,0.43284016847610474
2808,0.6337332129478455
2809,0.8128787875175476
2810,0.3696728050708771
2811,0.2797074019908905
2812,0.40403372049331665
2813,0.580769956111908
2814,0.6482279300689697
2815,0.45472997426986694
2816,0.33649736642837524
2817,0.42891088128089905
2818,0.21717357635498047
2819,0.7152965664863586
2820,0.36017072200775146
2821,0.45555198192596436
2822,0.6468039751052856
2823,0.5778979659080505
2824,0.21943941712379456
2825,0.32762613892555237
2826,0.4647570848464966
2827,0.6616448760032654
2828,0.643219530582428
2829,0.1882009208202362
2830,0.607893705368042
2831,0.5331900119781494
2832,0.7441719174385071
2833,0.618601381778717
2834,0.7723309397697449
2835,0.7887112498283386
2836,0.5817378163337708
2837,0.4994959831237793
2838,0.4010612368583679
2839,0.34447312355041504
2840,0.2514379620552063
2841,0.40436822175979614
2842,0.5298076868057251
2843,0.17457689344882965
2844,0.8245176076889038
2845,0.48637858033180237
2846,0.43118393421173096
2847,0.8061055541038513
2848,0.6339151859283447
2849,0.4839072525501251
2850,0.4548778831958771
2851,0.7833004593849182
2852,0.7329712510108948
2853,0.24571457505226135
2854,0.32212379574775696
2855,0.7203996777534485
2856,0.6079474687576294
2857,0.7004757523536682
2858,0.6245968341827393
2859,0.502701461315155
2860,0.7528350949287415
2861,0.23702630400657654
2862,0.6906217932701111
2863,0.2046605497598648
2864,0.27413761615753174
2865,0.8535096645355225
2866,0.37416785955429077
2867,0.3997647762298584
2868,0.5151128768920898
2869,0.3883833885192871
2870,0.5205199718475342
2871,0.21488478779792786
2872,0.3530670702457428
2873,0.6347542405128479
2874,0.6248160004615784
2875,0.8133358955383301
2876,0.4999995827674866
2877,0.4595180153846741
2878,0.7963756918907166
2879,0.7100721001625061
2880,0.5847586989402771
2881,0.5583745241165161
2882,0.4739207327365875
2883,0.5058944821357727
2884,0.3967038094997406
2885,0.40860021114349365
2886,0.6090250015258789
2887,0.532863438129425
2888,0.5849534869194031
2889,0.6411755681037903
2890,0.5684003829956055
2891,0.7024577260017395
2892,0.6922457814216614
2893,0.6195472478866577
2894,0.42410168051719666
2895,0.4303112328052521
2896,0.5506839156150818
2897,0.4776364266872406
2898,0.2763032913208008
2899,0.3202221393585205
2900,0.7223560214042664
2901,0.7461058497428894
2902,0.5796088576316833
2903,0.3328218460083008
2904,0.2263900637626648
2905,0.6419063806533813
2906,0.4457472264766693
2907,0.6591845750808716
2908,0.45453691482543945
2909,0.2213323712348938
2910,0.6430529952049255
2911,0.511997401714325
2912,0.3122171461582184
2913,0.8114393949508667
2914,0.3199411928653717
2915,0.6840130090713501
2916,0.7306836247444153
2917,0.4309968054294586
2918,0.7681620717048645
2919,0.5093414187431335
2920,0.7969977259635925
2921,0.553209662437439
2922,0.8252967000007629
2923,0.64545738697052
2924,0.6045716404914856
2925,0.5494388937950134
2926,0.7570831775665283
2927,0.33265477418899536
2928,0.2445656657218933
2929,0.7925259470939636
2930,0.36239132285118103
2931,0.6784971356391907
2932,0.8010962605476379
2933,0.7600842118263245
2934,0.5615954995155334
2935,0.7745502591133118
2936,0.24566228687763214
2937,0.2195114642381668
2938,0.42603498697280884
2939,0.761277437210083
2940,0.6588971018791199
2941,0.245930477976799
2942,0.4823665916919708
2943,0.24039028584957123
2944,0.23716360330581665
2945,0.44391873478889465
2946,0.49387508630752563
2947,0.40135908126831055
2948,0.6201509833335876
2949,0.48454922437667847
2950,0.598351776599884
2951,0.26805198192596436
2952,0.6085042953491211
2953,0.6565253734588623
2954,0.35040271282196045
2955,0.6649477481842041
2956,0.8160279989242554
2957,0.3290862739086151
2958,0.48136332631111145
2959,0.8524928689002991
2960,0.2725362181663513
2961,0.6087355017662048
2962,0.34057337045669556
2963,0.7073718309402466
2964,0.4540753960609436
2965,0.2874324321746826
2966,0.23901967704296112
2967,0.7942661046981812
2968,0.3918721675872803
2969,0.3037067651748657
2970,0.38242122530937195
2971,0.2269401103258133
2972,0.46004313230514526
2973,0.38454461097717285
2974,0.8469099402427673
2975,0.7815908193588257
2976,0.302574098110199
2977,0.35377830266952515
2978,0.48197078704833984
2979,0.7231451272964478
2980,0.18379491567611694
2981,0.25579026341438293
2982,0.6329764127731323
2983,0.5580256581306458
2984,0.7118322253227234
2985,0.7039744257926941
2986,0.5429238677024841
2987,0.6490300893783569
2988,0.32169869542121887
2989,0.3375481367111206
2990,0.4541914165019989
2991,0.6172938942909241
2992,0.35103723406791687
2993,0.3850492835044861
2994,0.255554735660553
2995,0.5591383576393127
2996,0.6388881802558899
2997,0.41064998507499695
2998,0.4891614317893982
2999,0.655009925365448
3000,0.36984536051750183
3001,0.2796550989151001
3002,0.7171691060066223
3003,0.40375304222106934
3004,0.2810814082622528
3005,0.5675177574157715
3006,0.6660321354866028
3007,0.5444625020027161
3008,0.5254616141319275
3009,0.45576807856559753
3010,0.7203609347343445
3011,0.29716357588768005
3012,0.5462968945503235
3013,0.39063942432403564
3014,0.798579216003418
3015,0.4492061138153076
3016,0.4652470648288727
3017,0.6791812777519226
3018,0.39752501249313354
3019,0.775403618812561
3020,0.39567798376083374
3021,0.811708927154541
3022,0.2499968707561493
3023,0.5780984163284302
3024,0.5910030007362366
3025,0.45183882117271423
3026,0.793599545955658
3027,0.4175296723842621
3028,0.5742390155792236
3029,0.624216616153717
3030,0.5305009484291077
3031,0.4041362702846527
3032,0.3821103572845459
3033,0.6234380006790161
3034,0.22320090234279633
3035,0.46867966651916504
3036,0.47776418924331665
3037,0.2856205105781555
3038,0.4643574655056
3039,0.41461479663848877
3040,0.20749309659004211
3041,0.5624457001686096
3042,0.8218662738800049
3043,0.606886088848114
3044,0.7970713973045349
3045,0.3447349965572357
3046,0.6863349080085754
3047,0.5773261785507202
3048,0.41401952505111694
3049,0.2706845998764038
3050,0.38916200399398804
3051,0.2834431529045105
3052,0.3492679297924042
3053,0.44858676195144653
3054,0.75422602891922
3055,0.47948744893074036
3056,0.3767763078212738
3057,0.492879718542099
3058,0.38409632444381714
3059,0.238608717918396
3060,0.29609397053718567
3061,0.4029485881328583
3062,0.7455710768699646
3063,0.2887781262397766
3064,0.27422016859054565
3065,0.5882503986358643
3066,0.8251320123672485
3067,0.5571849346160889
3068,0.5398953557014465
3069,0.4242052435874939
3070,0.6373260021209717
3071,0.3684386610984802
3072,0.6621682047843933
3073,0.5959088802337646
3074,0.46980786323547363
3075,0.6935761570930481
3076,0.3679763972759247
3077,0.5754222273826599
3078,0.46672362089157104
3079,0.46317896246910095
3080,0.22150017321109772
3081,0.38424983620643616
3082,0.45641374588012695
3083,0.6348828673362732
3084,0.22165608406066895
3085,0.4305766522884369
3086,0.27539631724357605
3087,0.42044878005981445
3088,0.24552008509635925
3089,0.4739636778831482
3090,0.5146442651748657
3091,0.7575624585151672
3092,0.44978582859039307
3093,0.3819681704044342
3094,0.43932950496673584
3095,0.33486050367355347
3096,0.46609485149383545
3097,0.4789307117462158
3098,0.4256856441497803
3099,0.3863973617553711
3100,0.5634335875511169
3101,0.6654835939407349
3102,0.5153820514678955
3103,0.7814101576805115
3104,0.6996037364006042
3105,0.7647355794906616
3106,0.3819906413555145
3107,0.6976738572120667
3108,0.5153323411941528
3109,0.7849162220954895
3110,0.2383372038602829
3111,0.3454226553440094
3112,0.6802607178688049
3113,0.5695539116859436
3114,0.5386160612106323
3115,0.5100755095481873
3116,0.4357580542564392
3117,0.3540530502796173
3118,0.2743072211742401
3119,0.5718178153038025
3120,0.6717081665992737
3121,0.7539597749710083
3122,0.5200945138931274
3123,0.4455455243587494
3124,0.4798295497894287
3125,0.5714175701141357
3126,0.29701676964759827
3127,0.7962314486503601
3128,0.37894803285598755
3129,0.41612938046455383
3130,0.7626076340675354
3131,0.560883104801178
3132,0.41208988428115845
3133,0.313639372587204
3134,0.29317301511764526
3135,0.3779742121696472
3136,0.4514593482017517
3137,0.2856443226337433
3138,0.37503790855407715
3139,0.476942777633667
3140,0.6821624636650085
3141,0.33794456720352173
3142,0.5751206278800964
3143,0.3021099269390106
3144,0.736258864402771
3145,0.4613499641418457
3146,0.6237892508506775
3147,0.5431512594223022
3148,0.3943154513835907
3149,0.3870837390422821
3150,0.29327282309532166
3151,0.7325342297554016
3152,0.5998868346214294
3153,0.22750383615493774
3154,0.4616921544075012
3155,0.41920915246009827
3156,0.509689211845398
3157,0.4063125550746918
3158,0.3857896625995636
3159,0.742451012134552
3160,0.4403083324432373
3161,0.8096624612808228
3162,0.3456608057022095
3163,0.657121479511261
3164,0.6698605418205261
3165,0.542328953742981
3166,0.30220136046409607
3167,0.5115510821342468
3168,0.5321801900863647
3169,0.7030950784683228
3170,0.7614132165908813
3171,0.36378729343414307
3172,0.40922078490257263
3173,0.3354233205318451
3174,0.2483503222465515
3175,0.59302818775177
3176,0.4128293991088867
3177,0.6492021083831787
3178,0.6310504078865051
3179,0.4069792926311493
3180,0.7091844081878662
3181,0.8001119494438171
3182,0.4674431085586548
3183,0.4859282374382019
3184,0.6815342903137207
3185,0.561849057674408
3186,0.5752642750740051
3187,0.4762522280216217
3188,0.4606991112232208
3189,0.48461031913757324
3190,0.7764124870300293
3191,0.7218566536903381
3192,0.39593449234962463
3193,0.4135455787181854
3194,0.8763791918754578
3195,0.4011424779891968
3196,0.7527751922607422
3197,0.8106894493103027
3198,0.7790605425834656
3199,0.7404865026473999
3200,0.714474618434906
3201,0.6376350522041321
3202,0.41316500306129456
3203,0.8054950833320618
3204,0.35320615768432617
3205,0.5480943918228149
3206,0.361721932888031
3207,0.37174317240715027
3208,0.4953092038631439
3209,0.4187398850917816
3210,0.37679561972618103
3211,0.41074827313423157
3212,0.4843500852584839
3213,0.48143473267555237
3214,0.7536051273345947
3215,0.4859851598739624
3216,0.546229898929596
3217,0.3645924925804138
3218,0.29111555218696594
3219,0.6923882365226746
3220,0.5642509460449219
3221,0.514744758605957
3222,0.5412324666976929
3223,0.566405177116394
3224,0.2897549867630005
3225,0.3653828799724579
3226,0.6174308061599731
3227,0.4724208116531372
3228,0.22357338666915894
3229,0.34701260924339294
3230,0.4060896337032318
3231,0.42632779479026794
3232,0.7460164427757263
3233,0.7433737516403198
3234,0.5371890664100647
3235,0.43552669882774353
3236,0.5763536095619202
3237,0.21913930773735046
3238,0.5524449348449707
3239,0.4908238649368286
3240,0.7308576107025146
3241,0.37826409935951233
3242,0.5271245837211609
3243,0.6972101926803589
3244,0.6367726922035217
3245,0.33205121755599976
3246,0.5647536516189575
3247,0.46763700246810913
3248,0.7055575251579285
3249,0.4234106242656708
3250,0.5419667363166809
3251,0.24930739402770996
3252,0.4248189926147461
3253,0.4679521322250366
3254,0.36231812834739685
3255,0.2300848811864853
3256,0.5018777847290039
3257,0.4763947129249573
3258,0.6412554383277893
3259,0.5342326164245605
3260,0.21184787154197693
3261,0.21657802164554596
3262,0.4952393174171448
3263,0.7324291467666626
3264,0.7728022933006287
3265,0.5482610464096069
3266,0.5937718152999878
3267,0.36471623182296753
3268,0.6970778107643127
3269,0.6986667513847351
3270,0.7685894966125488
3271,0.41745486855506897
3272,0.5673227310180664
3273,0.5436869859695435
3274,0.436233252286911
3275,0.3613598942756653
3276,0.5226938128471375
3277,0.4812651574611664
3278,0.28759607672691345
3279,0.41397857666015625
3280,0.4466892182826996
3281,0.3713713586330414
3282,0.7747238874435425
3283,0.37971237301826477
3284,0.39709675312042236
3285,0.4907851219177246
3286,0.567558765411377
3287,0.279453843832016
3288,0.6501753330230713
3289,0.8101392388343811
3290,0.22277383506298065
3291,0.6042695045471191
3292,0.40178918838500977
3293,0.5121638178825378
3294,0.6680119633674622
3295,0.3142818510532379
3296,0.7649472951889038
3297,0.46990251541137695
3298,0.29817962646484375
3299,0.4892197847366333
3300,0.44537103176116943
3301,0.5876867175102234
3302,0.3262450695037842
3303,0.405519962310791
3304,0.3711217939853668
3305,0.7623708844184875
3306,0.5344989895820618
3307,0.4098198115825653
3308,0.7387128472328186
3309,0.5711494088172913
3310,0.4222966134548187
3311,0.40062251687049866
3312,0.43850407004356384
3313,0.5583626627922058
3314,0.40314507484436035
3315,0.31298038363456726
3316,0.4089052677154541
3317,0.5071017742156982
3318,0.5760520696640015
3319,0.3974459767341614
3320,0.6587958931922913
3321,0.6647130846977234
3322,0.6006246209144592
3323,0.5945680141448975
3324,0.4101303219795227
3325,0.6177998185157776
3326,0.4216746687889099
3327,0.7568913698196411
3328,0.21667522192001343
3329,0.3647044897079468
3330,0.6167833209037781
3331,0.3021712303161621
3332,0.21213077008724213
3333,0.6791675686836243
3334,0.2884215712547302
3335,0.8001171946525574
3336,0.6380918025970459
3337,0.5672134160995483
3338,0.26353517174720764
3339,0.3561011552810669
3340,0.30039477348327637
3341,0.4156315326690674
3342,0.33036255836486816
3343,0.7293245196342468
3344,0.39183640480041504
3345,0.6012051105499268
3346,0.3553354740142822
3347,0.20604543387889862
3348,0.473481684923172
3349,0.4535912871360779
3350,0.7380261421203613
3351,0.7837269902229309
3352,0.49378910660743713
3353,0.5023557543754578
3354,0.4389364421367645
3355,0.444413959980011
3356,0.5723040103912354
3357,0.4548787474632263
3358,0.7372235059738159
3359,0.5200634598731995
3360,0.47413697838783264
3361,0.7199904918670654
3362,0.6848074197769165
3363,0.1976071000099182
3364,0.367967426776886
3365,0.49523231387138367
3366,0.575361967086792
3367,0.42914944887161255
3368,0.3855621814727783
3369,0.7905250787734985
3370,0.4853619933128357
3371,0.3823094666004181
3372,0.46424487233161926
3373,0.5051418542861938
3374,0.601006805896759
3375,0.5455278754234314
3376,0.25757184624671936
3377,0.5990819931030273
3378,0.7705377340316772
3379,0.5119083523750305
3380,0.6400730013847351
3381,0.44844263792037964
3382,0.2686837315559387
3383,0.5410073399543762
3384,0.33499547839164734
3385,0.49297693371772766
3386,0.22035177052021027
3387,0.6376640200614929
3388,0.4276764392852783
3389,0.783535897731781
3390,0.2583913505077362
3391,0.4643663763999939
3392,0.7282562255859375
3393,0.5559130907058716
3394,0.3028789162635803
3395,0.7395086288452148
3396,0.43909358978271484
3397,0.36942416429519653
3398,0.2641260027885437
3399,0.7374182939529419
3400,0.609636127948761
3401,0.5033478140830994
3402,0.2105111926794052
3403,0.23636069893836975
3404,0.5465694665908813
3405,0.755818784236908
3406,0.41390010714530945
3407,0.6555026769638062
3408,0.33660271763801575
3409,0.5949822068214417
3410,0.6033813953399658
3411,0.5819403529167175
3412,0.8033883571624756
3413,0.39278632402420044
3414,0.2126341462135315
3415,0.44342562556266785
3416,0.4537627100944519
3417,0.6950276494026184
3418,0.3992447853088379
3419,0.4600091278553009
3420,0.6651999950408936
3421,0.6899617910385132
3422,0.2749859690666199
3423,0.4602471590042114
3424,0.26142680644989014
3425,0.3408906161785126
3426,0.5608403086662292
3427,0.430666446685791
3428,0.6266704797744751
3429,0.5479305982589722
3430,0.30275335907936096
3431,0.49198105931282043
3432,0.4689624607563019
3433,0.6013551354408264
3434,0.5302925705909729
3435,0.5504539608955383
3436,0.2860414385795593
3437,0.6984328031539917
3438,0.8086134791374207
3439,0.2782750129699707
3440,0.21095053851604462
3441,0.583573043346405
3442,0.6791605949401855
3443,0.6721833348274231
3444,0.3535517156124115
3445,0.7607400417327881
3446,0.3766314685344696
3447,0.42944639921188354
3448,0.4402356445789337
3449,0.5756877660751343
3450,0.3661789298057556
3451,0.27535080909729004
3452,0.7730029225349426
3453,0.6839465498924255
3454,0.7501067519187927
3455,0.795386791229248
3456,0.21193352341651917
3457,0.5021539330482483
3458,0.4088536500930786
3459,0.7349555492401123
3460,0.36639076471328735
3461,0.6373863220214844
3462,0.5177635550498962
3463,0.7050406336784363
3464,0.4557201564311981
3465,0.4303832948207855
3466,0.3973483741283417
3467,0.3332972824573517
3468,0.7431955933570862
3469,0.6541059017181396
3470,0.4662409722805023
3471,0.73747318983078
3472,0.3099118769168854
3473,0.29036861658096313
3474,0.6495410203933716
3475,0.36168089509010315
3476,0.42249321937561035
3477,0.42271456122398376
3478,0.22721990942955017
3479,0.41817498207092285
3480,0.5811289548873901
3481,0.4598528742790222
3482,0.24523258209228516
3483,0.6865774393081665
3484,0.7637094259262085
3485,0.5937321186065674
3486,0.356729120016098
3487,0.5216903686523438
3488,0.4823857247829437
3489,0.6260139346122742
3490,0.6540328860282898
3491,0.22368454933166504
3492,0.5428990125656128
3493,0.6051925420761108
3494,0.4550313949584961
3495,0.21490243077278137
3496,0.2435252070426941
3497,0.4184753894805908
3498,0.5424309372901917
3499,0.36864835023880005
3500,0.31474947929382324
3501,0.3703327476978302
3502,0.5451288819313049
3503,0.7498584389686584
3504,0.463060200214386
3505,0.5473242402076721
3506,0.4412948191165924
3507,0.48748913407325745
3508,0.39923927187919617
3509,0.2840605676174164
3510,0.6906996965408325
3511,0.21358650922775269
3512,0.4508584141731262
3513,0.42188605666160583
3514,0.20648309588432312
3515,0.6129277944564819
3516,0.3358205258846283
3517,0.30816951394081116
3518,0.5967855453491211
3519,0.8118330240249634
3520,0.6717792749404907
3521,0.3570775091648102
3522,0.5886228680610657
3523,0.2834939658641815
3524,0.45806771516799927
3525,0.27153894305229187
3526,0.4507943391799927
3527,0.5169973373413086
3528,0.34117257595062256
3529,0.5226790308952332
3530,0.3731095790863037
3531,0.4671103060245514
3532,0.6103051900863647
3533,0.7696563601493835
3534,0.8184263706207275
3535,0.39384227991104126
3536,0.554231584072113
3537,0.4900277853012085
3538,0.41533493995666504
3539,0.5426799058914185
3540,0.27830249071121216
3541,0.3725983202457428
3542,0.6234073638916016
3543,0.8517367839813232
3544,0.7899801731109619
3545,0.581312358379364
3546,0.7741793394088745
3547,0.5067378878593445
3548,0.22406497597694397
3549,0.5889607071876526
3550,0.29311612248420715
3551,0.36940550804138184
3552,0.686267077922821
3553,0.5573931336402893
3554,0.2921575605869293
3555,0.6653754711151123
3556,0.24845024943351746
3557,0.3760676980018616
3558,0.31999140977859497
3559,0.43643856048583984
3560,0.8239786028862
3561,0.5412988662719727
3562,0.39418697357177734
3563,0.7903319597244263
3564,0.48840656876564026
3565,0.4079902768135071
3566,0.7862185835838318
3567,0.5418553352355957
3568,0.3413284718990326
3569,0.4402998089790344
3570,0.6986074447631836
3571,0.7891266345977783
3572,0.6474306583404541
3573,0.2680363953113556
3574,0.44480717182159424
3575,0.2615223526954651
3576,0.273802787065506
3577,0.5717834830284119
3578,0.4434839189052582
3579,0.3752188980579376
3580,0.30337053537368774
3581,0.6962685585021973
3582,0.620167076587677
3583,0.8116403818130493
3584,0.8112595081329346
3585,0.6873980164527893
3586,0.48205894231796265
3587,0.4218244254589081
3588,0.2825475037097931
3589,0.6954602599143982
3590,0.7251111268997192
3591,0.7943543791770935
3592,0.3671882748603821
3593,0.49924105405807495
3594,0.557939887046814
3595,0.20896577835083008
3596,0.3300168812274933
3597,0.3268997371196747
3598,0.30671772360801697
3599,0.36481615900993347
3600,0.4980878531932831
3601,0.4931040406227112
3602,0.3584013283252716
3603,0.4500828981399536
3604,0.2045491337776184
3605,0.330559104681015
3606,0.5553808212280273
3607,0.5077521204948425
3608,0.5975510478019714
3609,0.5758165121078491
3610,0.40942493081092834
3611,0.37623921036720276
3612,0.3938228487968445
3613,0.4591250419616699
3614,0.4711438715457916
3615,0.2781018018722534
3616,0.6879686117172241
3617,0.5950193405151367
3618,0.8194496035575867
3619,0.6800929307937622
3620,0.5724465250968933
3621,0.5312711000442505
3622,0.22975634038448334
3623,0.440082848072052
3624,0.845195472240448
3625,0.29217448830604553
3626,0.5363687872886658
3627,0.2937755286693573
3628,0.3527161180973053
3629,0.3542599081993103
3630,0.42661669850349426
3631,0.7055917978286743
3632,0.5580857992172241
3633,0.18237251043319702
3634,0.7493038177490234
3635,0.726641058921814
3636,0.826280415058136
3637,0.19767889380455017
3638,0.76583331823349
3639,0.4870051145553589
3640,0.46313318610191345
3641,0.7647127509117126
3642,0.47207537293434143
3643,0.38015031814575195
3644,0.7679494619369507
3645,0.3844326138496399
3646,0.3759101629257202
3647,0.6790822148323059
3648,0.39152613282203674
3649,0.21280881762504578
3650,0.2663480043411255
3651,0.664078950881958
3652,0.3347489535808563
3653,0.20075178146362305
3654,0.42987507581710815
3655,0.5581083297729492
3656,0.36777395009994507
3657,0.36146143078804016
3658,0.5935025215148926
3659,0.4868007302284241
3660,0.7821977734565735
3661,0.5127051472663879
3662,0.617416501045227
3663,0.5466194748878479
3664,0.2895643711090088
3665,0.5417030453681946
3666,0.49010294675827026
3667,0.7663113474845886
3668,0.4606986343860626
3669,0.6114450693130493
3670,0.37149330973625183
3671,0.47605007886886597
3672,0.7996717691421509
3673,0.3817615509033203
3674,0.5467250943183899
3675,0.36606013774871826
3676,0.3448009490966797
3677,0.5061885118484497
3678,0.7101110816001892
3679,0.43890494108200073
3680,0.3665217161178589
3681,0.4258790910243988
3682,0.5667760372161865
3683,0.4385110139846802
3684,0.5733311772346497
3685,0.2790325880050659
3686,0.30159062147140503
3687,0.6090300679206848
3688,0.5688902139663696
3689,0.7260379195213318
3690,0.3138439655303955
3691,0.39131176471710205
3692,0.5017250776290894
3693,0.6132984757423401
3694,0.46673479676246643
3695,0.41664862632751465
3696,0.6576125621795654
3697,0.6532663702964783
3698,0.8005576133728027
3699,0.30330947041511536
3700,0.51189786195755
3701,0.3844448924064636
3702,0.3663325905799866
3703,0.3573528826236725
3704,0.30032801628112793
3705,0.452741414308548
3706,0.5990131497383118
3707,0.4421037435531616
3708,0.20680251717567444
3709,0.2687191963195801
3710,0.6729585528373718
3711,0.32876941561698914
3712,0.243262380361557
3713,0.3701680898666382
3714,0.5766057968139648
3715,0.2693488597869873
3716,0.5000681281089783
3717,0.5538865327835083
3718,0.29409128427505493
3719,0.27334508299827576
3720,0.5504712462425232
3721,0.4508567452430725
3722,0.23282364010810852
3723,0.5253639817237854
3724,0.4419610798358917
3725,0.2753136456012726
3726,0.40112894773483276
3727,0.6227520108222961
3728,0.565101683139801
3729,0.32180529832839966
3730,0.5386208295822144
3731,0.2787989675998688
3732,0.5051422119140625
3733,0.467255562543869
3734,0.3614211082458496
3735,0.2270650863647461
3736,0.7493624091148376
3737,0.7936307191848755
3738,0.8261327147483826
3739,0.84996497631073
3740,0.7866460084915161
3741,0.24426871538162231
3742,0.6360881328582764
3743,0.4314332902431488
3744,0.7736189961433411
3745,0.8493946194648743
3746,0.5005960464477539
3747,0.36532869935035706
3748,0.28845253586769104
3749,0.2933952212333679
3750,0.6450281143188477
3751,0.18423965573310852
3752,0.27359554171562195
3753,0.38008803129196167
3754,0.63209468126297
3755,0.5027443170547485
3756,0.5436782240867615
3757,0.35172730684280396
3758,0.5140119194984436
3759,0.49847063422203064
3760,0.22643740475177765
3761,0.5521036386489868
3762,0.643587589263916
3763,0.41914820671081543
3764,0.6773130297660828
3765,0.7790998220443726
3766,0.544511079788208
3767,0.5886459350585938
3768,0.3978573977947235
3769,0.4218323230743408
3770,0.5678653120994568
3771,0.41171425580978394
3772,0.7787809371948242
3773,0.6018677353858948
3774,0.22491031885147095
3775,0.6588118672370911
3776,0.5875123143196106
3777,0.24848535656929016
3778,0.23146256804466248
3779,0.5910068154335022
3780,0.6439657807350159
3781,0.5825583338737488
3782,0.4456239938735962
3783,0.2417961061000824
3784,0.3389395773410797
3785,0.6223955154418945
3786,0.6649355292320251
3787,0.3183501958847046
3788,0.5720131397247314
3789,0.47125041484832764
3790,0.5265467762947083
3791,0.377695232629776
3792,0.41191187500953674
3793,0.36791059374809265
3794,0.6123145818710327
3795,0.5211095809936523
3796,0.34508490562438965
3797,0.5723485350608826
3798,0.45708170533180237
3799,0.5305454730987549
3800,0.666836142539978
3801,0.30891960859298706
3802,0.4939166307449341
3803,0.7882617712020874
3804,0.5937937498092651
3805,0.4485563039779663
3806,0.4117923378944397
3807,0.5871687531471252
3808,0.2593141198158264
3809,0.526492178440094
3810,0.2939222753047943
3811,0.5564355850219727
3812,0.7790795564651489
3813,0.498239129781723
3814,0.6250484585762024
3815,0.325278639793396
3816,0.8654428124427795
3817,0.4938002824783325
3818,0.44322627782821655
3819,0.3643553853034973
3820,0.822330117225647
3821,0.7152995467185974
3822,0.31114643812179565
3823,0.4369550943374634
3824,0.8502771854400635
3825,0.6452047824859619
3826,0.5956070423126221
3827,0.27631640434265137
3828,0.2805144488811493
3829,0.656968891620636
3830,0.29325181245803833
3831,0.4466620683670044
3832,0.29721054434776306
3833,0.4688464105129242
3834,0.3731820583343506
3835,0.3811483085155487
3836,0.8465971350669861
3837,0.5992093086242676
3838,0.6354283690452576
3839,0.49043509364128113
3840,0.3316575586795807
3841,0.6748976111412048
3842,0.34217867255210876
3843,0.6039196848869324
3844,0.3896779716014862
3845,0.622642457485199
3846,0.8303363919258118
3847,0.36517515778541565
3848,0.7850763201713562
3849,0.3978452682495117
3850,0.8091100454330444
3851,0.2669972777366638
3852,0.4120500087738037
3853,0.3954053223133087
3854,0.60875403881073
3855,0.6234207153320312
3856,0.5300050377845764
3857,0.3643910586833954
3858,0.3071182072162628
3859,0.36306843161582947
3860,0.791175127029419
3861,0.5161017179489136
3862,0.4578830897808075
3863,0.4570681154727936
3864,0.5609524250030518
3865,0.3107590675354004
3866,0.3532005846500397
3867,0.3225325047969818
3868,0.39151135087013245
3869,0.6425582766532898
3870,0.41030892729759216
3871,0.6300380229949951
3872,0.3825654089450836
3873,0.4453660845756531
3874,0.5836340188980103
3875,0.7216193675994873
3876,0.6005396842956543
3877,0.41479524970054626
3878,0.31323596835136414
3879,0.4864950180053711
3880,0.3822837471961975
3881,0.8155569434165955
3882,0.40914323925971985
3883,0.6583660244941711
3884,0.4396992623806
3885,0.3507637679576874
3886,0.5081857442855835
3887,0.3669191598892212
3888,0.4642278850078583
3889,0.23747612535953522
3890,0.6617076992988586
3891,0.5482640266418457
3892,0.49002572894096375
3893,0.44766902923583984
3894,0.5149199962615967
3895,0.3479982614517212
3896,0.37849077582359314
3897,0.4461672902107239
3898,0.4617924392223358
3899,0.5682787299156189
3900,0.6152257919311523
3901,0.37737923860549927
3902,0.7034759521484375
3903,0.2673320174217224
3904,0.2674696445465088
3905,0.28932487964630127
3906,0.36334824562072754
3907,0.5573082566261292
3908,0.4082320034503937
3909,0.4931241571903229
3910,0.7343875169754028
3911,0.7492483258247375
3912,0.5946048498153687
3913,0.30532538890838623
3914,0.2984895408153534
3915,0.43007713556289673
3916,0.5255463719367981
3917,0.6645482182502747
3918,0.5972464084625244
3919,0.3782656490802765
3920,0.5297278761863708
3921,0.39652562141418457
3922,0.5419947504997253
3923,0.24624943733215332
3924,0.6887631416320801
3925,0.44619372487068176
3926,0.48587921261787415
3927,0.38281628489494324
3928,0.7493785619735718
3929,0.33777156472206116
3930,0.5178138613700867
3931,0.4870871901512146
3932,0.7066534161567688
3933,0.6404881477355957
3934,0.46294403076171875
3935,0.44945254921913147
3936,0.38289952278137207
3937,0.3744575083255768
3938,0.3774557113647461
3939,0.6159617900848389
3940,0.54167640209198
3941,0.4414653480052948
3942,0.47035279870033264
3943,0.5130400657653809
3944,0.3629649877548218
3945,0.667138397693634
3946,0.6480759978294373
3947,0.5832887887954712
3948,0.41005685925483704
3949,0.7892065048217773
3950,0.26046767830848694
3951,0.40255939960479736
3952,0.7387413382530212
3953,0.6676271557807922
3954,0.48363059759140015
3955,0.4846334755420685
3956,0.7607229351997375
3957,0.37238067388534546
3958,0.3912075161933899
3959,0.5143457055091858
3960,0.5850989818572998
3961,0.4421984553337097
3962,0.40251269936561584
3963,0.46215713024139404
3964,0.26566940546035767
3965,0.19076833128929138
3966,0.7761125564575195
3967,0.5118291974067688
3968,0.33342552185058594
3969,0.43751853704452515
3970,0.8062444925308228
3971,0.38650453090667725
3972,0.3335576057434082
3973,0.3425773084163666
3974,0.29438209533691406
3975,0.40908917784690857
3976,0.29318520426750183
3977,0.47619393467903137
3978,0.5431370139122009
3979,0.5983660221099854
3980,0.7710772752761841
3981,0.5604386329650879
3982,0.34507906436920166
3983,0.4068118631839752
3984,0.7048634886741638
3985,0.24326461553573608
3986,0.8012108206748962
3987,0.6628868579864502
3988,0.7983459234237671
3989,0.5405259132385254
3990,0.6663035750389099
3991,0.7854917049407959
3992,0.7834482789039612
3993,0.6815662384033203
3994,0.5068724751472473
3995,0.8103243708610535
3996,0.5077435970306396
3997,0.5501506924629211
3998,0.37024709582328796
3999,0.7790444493293762
4000,0.5015276074409485
4001,0.5299928784370422
4002,0.8029851317405701
4003,0.3133838474750519
4004,0.7192777991294861
4005,0.6465314626693726
4006,0.5170134902000427
4007,0.6167963743209839
4008,0.4330613613128662
4009,0.49221721291542053
4010,0.7419499158859253
4011,0.4188779592514038
4012,0.5678688287734985
4013,0.5621445178985596
4014,0.3946424722671509
4015,0.48189228773117065
4016,0.3935757875442505
4017,0.34306928515434265
4018,0.17226463556289673
4019,0.24599018692970276
4020,0.5029550790786743
4021,0.7016406655311584
4022,0.39395490288734436
4023,0.4436555504798889
4024,0.4335007965564728
4025,0.5934391021728516
4026,0.4948790371417999
4027,0.42879366874694824
4028,0.32853153347969055
4029,0.8260742425918579
4030,0.4579237401485443
4031,0.4953339397907257
4032,0.26929041743278503
4033,0.3156844973564148
4034,0.5440641641616821
4035,0.5586004257202148
4036,0.5754214525222778
4037,0.3991343677043915
4038,0.5745985507965088
4039,0.4716127812862396
4040,0.3957056701183319
4041,0.469098299741745
4042,0.4630582630634308
4043,0.23601007461547852
4044,0.6944748759269714
4045,0.4592668414115906
4046,0.4932916462421417
4047,0.2771279811859131
4048,0.6314048767089844
4049,0.41600507497787476
4050,0.6918347477912903
4051,0.6656408905982971
4052,0.8054784536361694
4053,0.464816689491272
4054,0.6617927551269531
4055,0.47274425625801086
4056,0.4135536551475525
4057,0.4189665615558624
4058,0.5086814165115356
4059,0.28819048404693604
4060,0.4582253098487854
4061,0.3360404670238495
4062,0.5740225911140442
4063,0.7807602286338806
4064,0.35133251547813416
4065,0.6602028012275696
4066,0.5302633047103882
4067,0.6986531019210815
4068,0.5376443862915039
4069,0.5844155550003052
4070,0.8009093999862671
4071,0.29780513048171997
4072,0.4224926829338074
4073,0.7086354494094849
4074,0.44691479206085205
4075,0.4537930488586426
4076,0.4663843512535095
4077,0.32355058193206787
4078,0.23845621943473816
4079,0.21403157711029053
4080,0.714980959892273
4081,0.3922637701034546
4082,0.42783671617507935
4083,0.774101197719574
4084,0.43333113193511963
4085,0.8155969381332397
4086,0.6035614609718323
4087,0.4444437623023987
4088,0.3866349458694458
4089,0.6673998236656189
4090,0.2671246826648712
4091,0.582977294921875
4092,0.4895361661911011
4093,0.4065852761268616
4094,0.5232545733451843
4095,0.38603663444519043
4096,0.4695354402065277
4097,0.5160793662071228
4098,0.6503438949584961
4099,0.5225073099136353
4100,0.3133523166179657
4101,0.7344875931739807
4102,0.7603262662887573
4103,0.6084955930709839
4104,0.31904271245002747
4105,0.35801994800567627
4106,0.6166025996208191
4107,0.5449846982955933
4108,0.4487665295600891
4109,0.6320134401321411
4110,0.7487824559211731
4111,0.3294629156589508
4112,0.30589741468429565
4113,0.5220200419425964
4114,0.3000860810279846
4115,0.6922603845596313
4116,0.671786367893219
4117,0.6125815510749817
4118,0.595465362071991
4119,0.38725680112838745
4120,0.6466236114501953
4121,0.8090619444847107
4122,0.6589298248291016
4123,0.4436163008213043
4124,0.4397866129875183
4125,0.4483179748058319
4126,0.6439263224601746
4127,0.7501145601272583
4128,0.4239778220653534
4129,0.4260091483592987
4130,0.5537731051445007
4131,0.4498909115791321
4132,0.395062118768692
4133,0.5299233794212341
4134,0.7118093371391296
4135,0.3836216926574707
4136,0.5992439389228821
4137,0.284542977809906
4138,0.4754621982574463
4139,0.6537907123565674
4140,0.5967077016830444
4141,0.5587255954742432
4142,0.44387996196746826
4143,0.519852340221405
4144,0.6225214600563049
4145,0.7161183953285217
4146,0.1988302618265152
4147,0.5897996425628662
4148,0.8397300839424133
4149,0.40470823645591736
4150,0.4580312669277191
4151,0.3530627489089966
4152,0.6257819533348083
4153,0.8380985260009766
4154,0.8133829832077026
4155,0.6264037489891052
4156,0.8643481135368347
4157,0.39069899916648865
4158,0.4346970319747925
4159,0.304973840713501
4160,0.7707237601280212
4161,0.4581504166126251
4162,0.5754423141479492
4163,0.309306800365448
4164,0.29607680439949036
4165,0.5498337745666504
4166,0.28734713792800903
4167,0.4866807460784912
4168,0.40079954266548157
4169,0.44314074516296387
4170,0.5340312719345093
4171,0.538127601146698
4172,0.7880936861038208
4173,0.7992348670959473
4174,0.5511656403541565
4175,0.4314955770969391
4176,0.4915711581707001
4177,0.40610161423683167
4178,0.35088446736335754
4179,0.6456312537193298
4180,0.47924622893333435
4181,0.826425313949585
4182,0.6140499114990234
4183,0.7016945481300354
4184,0.36928296089172363
4185,0.5016759634017944
4186,0.5027201175689697
4187,0.3477773070335388
4188,0.549333393573761
4189,0.4206838309764862
4190,0.6479558944702148
4191,0.24473553895950317
4192,0.4267108142375946
4193,0.795766294002533
4194,0.7011811137199402
4195,0.5602663159370422
4196,0.2833031713962555
4197,0.2708437442779541
4198,0.48976102471351624
4199,0.39790382981300354
4200,0.5356357097625732
4201,0.36107897758483887
4202,0.5544804334640503
4203,0.38344863057136536
4204,0.22865617275238037
4205,0.3947735130786896
4206,0.7716885209083557
4207,0.43073785305023193
4208,0.5245559811592102
4209,0.7818141579627991
4210,0.5977972149848938
4211,0.6159705519676208
4212,0.46551427245140076
4213,0.3050643801689148
4214,0.29430148005485535
4215,0.4009305238723755
4216,0.7353202700614929
4217,0.2358374446630478
4218,0.347854346036911
4219,0.2952938973903656
4220,0.2530030906200409
4221,0.5855051279067993
4222,0.6193357706069946
4223,0.8631631731987
4224,0.5117179155349731
4225,0.46157681941986084
4226,0.6016690135002136
4227,0.7657749652862549
4228,0.23610176146030426
4229,0.40740489959716797
4230,0.548455536365509
4231,0.7085357308387756
4232,0.5987787246704102
4233,0.5219468474388123
4234,0.7077318429946899
4235,0.4521300792694092
4236,0.22858434915542603
4237,0.5305845737457275
4238,0.4617500901222229
4239,0.3869461119174957
4240,0.5922093391418457
4241,0.47744542360305786
4242,0.5221402645111084
4243,0.20239998400211334
4244,0.463787704706192
4245,0.8443939685821533
4246,0.3334757387638092
4247,0.34800201654434204
4248,0.33006030321121216
4249,0.37403392791748047
4250,0.2272089272737503
4251,0.4373295307159424
4252,0.8333423137664795
4253,0.4864284098148346
4254,0.30116716027259827
4255,0.36063456535339355
4256,0.35694411396980286
4257,0.32387775182724
4258,0.43182799220085144
4259,0.34158316254615784
4260,0.519932210445404
4261,0.6679518818855286
4262,0.712814211845398
4263,0.6826283931732178
4264,0.25797972083091736
4265,0.4765241742134094
4266,0.4699934124946594
4267,0.4981536269187927
4268,0.5198797583580017
4269,0.5670309662818909
4270,0.5463672876358032
4271,0.24663661420345306
4272,0.3360593914985657
4273,0.39675360918045044
4274,0.6494181156158447
4275,0.2573988735675812
4276,0.5961883068084717
4277,0.5248344540596008
4278,0.3550181984901428
4279,0.6059351563453674
4280,0.804783046245575
4281,0.5809468030929565
4282,0.25080418586730957
4283,0.8253526091575623
4284,0.3306134343147278
4285,0.569153904914856
4286,0.22221684455871582
4287,0.35511529445648193
4288,0.43594497442245483
4289,0.6461530327796936
4290,0.40102410316467285
4291,0.5498269200325012
4292,0.7800055742263794
4293,0.5971940159797668
4294,0.5579805374145508
4295,0.7776489853858948
4296,0.40655824542045593
4297,0.43525761365890503
4298,0.3492485284805298
4299,0.22294335067272186
4300,0.3272653818130493
4301,0.5566339492797852
4302,0.24379362165927887
4303,0.541257917881012
4304,0.4356549084186554
4305,0.5169607400894165
4306,0.5936697721481323
4307,0.5547527074813843
4308,0.4115374982357025
4309,0.38528674840927124
4310,0.3989405035972595
4311,0.7728652954101562
4312,0.4507799446582794
4313,0.3084309995174408
4314,0.5608746409416199
4315,0.5498009920120239
4316,0.5003519654273987
4317,0.40887483954429626
4318,0.4591653347015381
4319,0.35028478503227234
4320,0.5506173968315125
4321,0.41944223642349243
4322,0.6143956780433655
4323,0.5082578063011169
4324,0.30546054244041443
4325,0.33308637142181396
4326,0.7307043075561523
4327,0.4112772047519684
4328,0.34255313873291016
4329,0.4167960286140442
4330,0.300383985042572
4331,0.5984530448913574
4332,0.5386219620704651
4333,0.39008650183677673
4334,0.2840949594974518
4335,0.6078136563301086
4336,0.7517481446266174
4337,0.6660402417182922
4338,0.55911785364151
4339,0.7619042992591858
4340,0.5226308107376099
4341,0.537533164024353
4342,0.4546264111995697
4343,0.5378860831260681
4344,0.5028793215751648
4345,0.553678572177887
4346,0.6749939322471619
4347,0.5307343602180481
4348,0.21880431473255157
4349,0.6496880650520325
4350,0.45593416690826416
4351,0.6215491890907288
4352,0.534425675868988
4353,0.4304989278316498
4354,0.4574240446090698
4355,0.5190110206604004
4356,0.4059903919696808
4357,0.7529454231262207
4358,0.535190224647522
4359,0.5743868947029114
4360,0.5378884673118591
4361,0.5029259324073792
4362,0.37738335132598877
4363,0.6485671997070312
4364,0.8075101971626282
4365,0.29967430233955383
4366,0.4221344292163849
4367,0.761364758014679
4368,0.50194251537323
4369,0.36407187581062317
4370,0.6098915934562683
4371,0.3708583116531372
4372,0.4702785313129425
4373,0.23653221130371094
4374,0.2697332501411438
4375,0.8508027195930481
4376,0.21571072936058044
4377,0.7173327803611755
4378,0.7679636478424072
4379,0.44482508301734924
4380,0.4765811562538147
4381,0.5335082411766052
4382,0.7614594101905823
4383,0.3409436047077179
4384,0.3481859564781189
4385,0.5268376469612122
4386,0.6630252003669739
4387,0.5689029097557068
4388,0.6328780055046082
4389,0.23814772069454193
4390,0.835940957069397
4391,0.5019826292991638
4392,0.4587258994579315
4393,0.4797839820384979
4394,0.7393977046012878
4395,0.535818874835968
4396,0.44431379437446594
4397,0.2723182737827301
4398,0.4967084527015686
4399,0.39240458607673645
4400,0.24043798446655273
4401,0.5104309320449829
4402,0.3983065187931061
4403,0.19680723547935486
4404,0.324148952960968
4405,0.5575847625732422
4406,0.5268777012825012
4407,0.4106253981590271
4408,0.5108796954154968
4409,0.44377851486206055
4410,0.7733539342880249
4411,0.5145121216773987
4412,0.43363019824028015
4413,0.6805537939071655
4414,0.8396260142326355
4415,0.5218696594238281
4416,0.4993802011013031
4417,0.43651869893074036
4418,0.3817319869995117
4419,0.5074729919433594
4420,0.6573699116706848
4421,0.8101025819778442
4422,0.47143980860710144
4423,0.7752406597137451
4424,0.22285489737987518
4425,0.37140440940856934
4426,0.3345429003238678
4427,0.3971787989139557
4428,0.26650309562683105
4429,0.6826581358909607
4430,0.34026283025741577
4431,0.24010010063648224
4432,0.5993791818618774
4433,0.3445526659488678
4434,0.7210527062416077
4435,0.37047237157821655
4436,0.35347262024879456
4437,0.6121225953102112
4438,0.7528830170631409
4439,0.6269444823265076
4440,0.41678041219711304
4441,0.2732579708099365
4442,0.3508084714412689
4443,0.6273025274276733
4444,0.7491342425346375
4445,0.468093603849411
4446,0.7727065086364746
4447,0.35931649804115295
4448,0.3729696273803711
4449,0.47405779361724854
4450,0.6622568964958191
4451,0.4996490478515625
4452,0.7482521533966064
4453,0.773492157459259
4454,0.3320201337337494
4455,0.36709439754486084
4456,0.468879371881485
4457,0.6917273998260498
4458,0.5274848341941833
4459,0.4546077251434326
4460,0.46523499488830566
4461,0.21552151441574097
4462,0.3293018043041229
4463,0.7525985240936279
4464,0.2819215953350067
4465,0.5629675984382629
4466,0.591545045375824
4467,0.5217546820640564
4468,0.34945985674858093
4469,0.6080827713012695
4470,0.3654235899448395
4471,0.34236499667167664
4472,0.16616690158843994
4473,0.7800849676132202
4474,0.6504260301589966
4475,0.7199199795722961
4476,0.2673221230506897
4477,0.4256969690322876
4478,0.24803662300109863
4479,0.6652225852012634
4480,0.5348908305168152
4481,0.4772733151912689
4482,0.42903590202331543
4483,0.2956523597240448
4484,0.3192247450351715
4485,0.638009786605835
4486,0.4782800078392029
4487,0.7702462673187256
4488,0.7924425005912781
4489,0.2423068881034851
4490,0.4529716968536377
4491,0.7357556223869324
4492,0.31399041414260864
4493,0.5913684368133545
4494,0.3679055869579315
4495,0.785656213760376
4496,0.4681001901626587
4497,0.7216644883155823
4498,0.5596201419830322
4499,0.26491719484329224
4500,0.4834057688713074
4501,0.7138083577156067
4502,0.7293508648872375
4503,0.4659394919872284
4504,0.6423579454421997
4505,0.6106009483337402
4506,0.5606783032417297
4507,0.8096102476119995
4508,0.6104947924613953
4509,0.5594016313552856
4510,0.5759920477867126
4511,0.5051036477088928
4512,0.5995169281959534
4513,0.5020343661308289
4514,0.33613717555999756
4515,0.7312951683998108
4516,0.2753620147705078
4517,0.463247686624527
4518,0.599869966506958
4519,0.7325683832168579
4520,0.43145689368247986
4521,0.3823469281196594
4522,0.6131927371025085
4523,0.7981699705123901
4524,0.32076749205589294
4525,0.6313660740852356
4526,0.4769655168056488
4527,0.351164847612381
4528,0.4539160430431366
4529,0.3832082450389862
4530,0.5432106256484985
4531,0.6122155785560608
4532,0.7233017086982727
4533,0.6148571968078613
4534,0.608245313167572
4535,0.697094738483429
4536,0.6487078070640564
4537,0.8176094889640808
4538,0.7501610517501831
4539,0.5365881323814392
4540,0.6423279643058777
4541,0.45942550897598267
4542,0.23542574048042297
4543,0.2253158688545227
4544,0.2735424339771271
4545,0.29424458742141724
4546,0.3230949342250824
4547,0.2704048454761505
4548,0.8128318190574646
4549,0.3962550163269043
4550,0.5290956497192383
4551,0.7188349962234497
4552,0.4828168749809265
4553,0.8427966237068176
4554,0.6981331706047058
4555,0.7763614058494568
4556,0.494709849357605
4557,0.57241290807724
4558,0.33144471049308777
4559,0.6562894582748413
4560,0.6863783001899719
4561,0.35505014657974243
4562,0.6221126317977905
4563,0.6100584864616394
4564,0.6752079725265503
4565,0.2865580916404724
4566,0.5607211589813232
4567,0.6750978231430054
4568,0.6859915256500244
4569,0.7934585213661194
4570,0.4216476082801819
4571,0.2970973551273346
4572,0.46531936526298523
4573,0.36744141578674316
4574,0.6956738829612732
4575,0.6018725633621216
4576,0.3171911835670471
4577,0.4783480763435364
4578,0.44952404499053955
4579,0.3586554229259491
4580,0.5025577545166016
4581,0.7113773822784424
4582,0.35371726751327515
4583,0.6548324823379517
4584,0.3623085618019104
4585,0.46163633465766907
4586,0.4772823452949524
4587,0.3366505205631256
4588,0.4397814869880676
4589,0.246573805809021
4590,0.28564274311065674
4591,0.4276497960090637
4592,0.6348463892936707
4593,0.48185986280441284
4594,0.3373521864414215
4595,0.393016517162323
4596,0.3937898576259613
4597,0.6399977803230286
4598,0.34529441595077515
4599,0.6731986403465271
4600,0.21586494147777557
4601,0.4469953775405884
4602,0.6186026930809021
4603,0.39448416233062744
4604,0.38950634002685547
4605,0.43881046772003174
4606,0.43564289808273315
4607,0.39213791489601135
4608,0.23365463316440582
4609,0.5670381188392639
4610,0.4884413778781891
4611,0.6414889097213745
4612,0.8175733685493469
4613,0.2977615296840668
4614,0.5039785504341125
4615,0.3998239040374756
4616,0.3584712743759155
4617,0.3647049069404602
4618,0.3616124987602234
4619,0.8495133519172668
4620,0.5348812341690063
4621,0.30256301164627075
4622,0.44422808289527893
4623,0.3204907774925232
4624,0.7655823826789856
4625,0.5283177495002747
4626,0.5730535984039307
4627,0.4435443878173828
4628,0.4506954550743103
4629,0.38913804292678833
4630,0.7424064874649048
4631,0.6120676398277283
4632,0.5570082068443298
4633,0.4690277874469757
4634,0.5330856442451477
4635,0.28592219948768616
4636,0.33688023686408997
4637,0.587069034576416
4638,0.26764360070228577
4639,0.2058202624320984
4640,0.5462453961372375
4641,0.5127972960472107
4642,0.33724862337112427
4643,0.7375676035881042
4644,0.6132223010063171
4645,0.48263028264045715
4646,0.1945408582687378
4647,0.6428646445274353
4648,0.28174692392349243
4649,0.455623060464859
4650,0.6238440275192261
4651,0.4451761245727539
4652,0.5787097215652466
4653,0.8012425899505615
4654,0.4170071482658386
4655,0.34319132566452026
4656,0.2105002999305725
4657,0.49988412857055664
4658,0.5899357199668884
4659,0.4420934319496155
4660,0.7621439099311829
4661,0.3414310812950134
4662,0.2537980079650879
4663,0.29052865505218506
4664,0.3096543848514557
4665,0.6669358015060425
4666,0.768336296081543
4667,0.33200985193252563
4668,0.6458275318145752
4669,0.5665425658226013
4670,0.5742875337600708
4671,0.5062881112098694
4672,0.6339265704154968
4673,0.3641517758369446
4674,0.44653013348579407
4675,0.36516764760017395
4676,0.42144736647605896
4677,0.6952391266822815
4678,0.47247451543807983
4679,0.5074965357780457
4680,0.2698809504508972
4681,0.6641736626625061
4682,0.3112276494503021
4683,0.6324499845504761
4684,0.21757425367832184
4685,0.4521052837371826
4686,0.8558201193809509
4687,0.5924205780029297
4688,0.40994206070899963
4689,0.49143779277801514
4690,0.5278783440589905
4691,0.6813532710075378
4692,0.3537920117378235
4693,0.5747493505477905
4694,0.3896092176437378
4695,0.27616092562675476
4696,0.21571137011051178
4697,0.3709467053413391
4698,0.3711782693862915
4699,0.7652575373649597
4700,0.30092546343803406
4701,0.5676413178443909
4702,0.2290615737438202
4703,0.7046321630477905
4704,0.473682165145874
4705,0.3765043318271637
4706,0.4874078929424286
4707,0.5013092160224915
4708,0.3324846029281616
4709,0.5170866847038269
4710,0.5745729207992554
4711,0.3511963486671448
4712,0.46631497144699097
4713,0.19918300211429596
4714,0.5237380266189575
4715,0.4759368896484375
4716,0.8996536135673523
4717,0.5919144749641418
4718,0.3847411572933197
4719,0.7284051179885864
4720,0.19399891793727875
4721,0.6368670463562012
4722,0.5694133639335632
4723,0.6472519636154175
4724,0.6826817989349365
4725,0.5187907814979553
4726,0.6603502631187439
4727,0.5915147662162781
4728,0.568550705909729
4729,0.4457530975341797
4730,0.5741441249847412
4731,0.3331591486930847
4732,0.3386809229850769
4733,0.2875812351703644
4734,0.5993070602416992
4735,0.2437092661857605
4736,0.4277385175228119
4737,0.44456884264945984
4738,0.7755739092826843
4739,0.6191136240959167
4740,0.6356142163276672
4741,0.3930777609348297
4742,0.39540645480155945
4743,0.6677141785621643
4744,0.4534355401992798
4745,0.3856993615627289
4746,0.36143574118614197
4747,0.5045617818832397
4748,0.26103469729423523
4749,0.42172685265541077
4750,0.2583392560482025
4751,0.5144935250282288
4752,0.7071443200111389
4753,0.5976853370666504
4754,0.4875258803367615
4755,0.26497164368629456
4756,0.3540879786014557
4757,0.3989938795566559
4758,0.5779909491539001
4759,0.3304664194583893
4760,0.2920108437538147
4761,0.35162824392318726
4762,0.17887210845947266
4763,0.7843571901321411
4764,0.6290050745010376
4765,0.5567917823791504
4766,0.2995181083679199
4767,0.5130290985107422
4768,0.41750067472457886
4769,0.3552956283092499
4770,0.6402760148048401
4771,0.5816236734390259
4772,0.6526801586151123
4773,0.42867785692214966
4774,0.7808958292007446
4775,0.40080857276916504
4776,0.7866334319114685
4777,0.6133569478988647
4778,0.5225420594215393
4779,0.35053732991218567
4780,0.5443083047866821
4781,0.8214344382286072
4782,0.593879759311676
4783,0.5754666924476624
4784,0.3932877779006958
4785,0.3735414743423462
4786,0.7285327315330505
4787,0.6275232434272766
4788,0.5025674700737
4789,0.2735544741153717
4790,0.41024792194366455
4791,0.48967796564102173
4792,0.2753159999847412
4793,0.18365806341171265
4794,0.652010440826416
4795,0.7107560634613037
4796,0.6253760457038879
4797,0.7705594897270203
4798,0.8405136466026306
4799,0.22988657653331757
4800,0.5984613299369812
4801,0.42050039768218994
4802,0.7424341440200806
4803,0.703515350818634
4804,0.6121997833251953
4805,0.34747299551963806
4806,0.44861429929733276
4807,0.4562744200229645
4808,0.22314347326755524
4809,0.5467254519462585
4810,0.28520482778549194
4811,0.7434251308441162
4812,0.5391308665275574
4813,0.5805578827857971
4814,0.5746581554412842
4815,0.3859848380088806
4816,0.6040849089622498
4817,0.4643143117427826
4818,0.31772494316101074
4819,0.5139314532279968
4820,0.35968565940856934
4821,0.2318473756313324
4822,0.19093576073646545
4823,0.5040486454963684
4824,0.8082387447357178
4825,0.7662114500999451
4826,0.26631611585617065
4827,0.7726298570632935
4828,0.5091471672058105
4829,0.8213052153587341
4830,0.6092395186424255
4831,0.4172869324684143
4832,0.543828547000885
4833,0.8513213992118835
4834,0.2939886748790741
4835,0.35897818207740784
4836,0.7931931018829346
4837,0.7247061729431152
4838,0.7734724283218384
4839,0.5665695071220398
4840,0.38890230655670166
4841,0.26247715950012207
4842,0.5734323859214783
4843,0.2503196597099304
4844,0.5396773815155029
4845,0.4624127149581909
4846,0.4646354913711548
4847,0.352201372385025
4848,0.23085008561611176
4849,0.5088258385658264
4850,0.5623921751976013
4851,0.7138092517852783
4852,0.7512767314910889
4853,0.6424242854118347
4854,0.6562791466712952
4855,0.37150079011917114
4856,0.6163960099220276
4857,0.7725902199745178
4858,0.5623939633369446
4859,0.21506871283054352
4860,0.4702675938606262
4861,0.3756273686885834
4862,0.6865976452827454
4863,0.7589595913887024
4864,0.8430203199386597
4865,0.6240605711936951
4866,0.8065643906593323
4867,0.780597448348999
4868,0.46824911236763
4869,0.4804670512676239
4870,0.38296380639076233
4871,0.5437516570091248
4872,0.6366474628448486
4873,0.4042987525463104
4874,0.522226095199585
4875,0.39365527033805847
4876,0.3470008969306946
4877,0.6490699648857117
4878,0.49518105387687683
4879,0.7039146423339844
4880,0.6416953206062317
4881,0.6278002858161926
4882,0.25594013929367065
4883,0.6915476322174072
4884,0.803551971912384
4885,0.734633207321167
4886,0.49740418791770935
4887,0.41794857382774353
4888,0.3941219449043274
4889,0.5078315138816833
4890,0.3846991956233978
4891,0.8492931723594666
4892,0.5410946011543274
4893,0.7294760942459106
4894,0.6307405829429626
4895,0.3858022093772888
4896,0.5876289010047913
4897,0.5092381238937378
4898,0.3750618100166321
4899,0.7742522358894348
4900,0.3607030510902405
4901,0.6617927551269531
4902,0.6772987246513367
4903,0.47646382451057434
4904,0.5060704350471497
4905,0.548466682434082
4906,0.6435501575469971
4907,0.25656431913375854
4908,0.4122581481933594
4909,0.5466159582138062
4910,0.7811426520347595
4911,0.7978788018226624
4912,0.4366997480392456
4913,0.3749679923057556
4914,0.5150165557861328
4915,0.7197304368019104
4916,0.35731297731399536
4917,0.6336287260055542
4918,0.6908124089241028
4919,0.39747416973114014
4920,0.6360021233558655
4921,0.4097040593624115
4922,0.4868943989276886
4923,0.4558575749397278
4924,0.4427469074726105
4925,0.7424336671829224
4926,0.2372012436389923
4927,0.23465994000434875
4928,0.7360186576843262
4929,0.6007874011993408
4930,0.5907266139984131
4931,0.2994931936264038
4932,0.3030540347099304
4933,0.2886494994163513
4934,0.3668842911720276
4935,0.45939797163009644
4936,0.3591088354587555
4937,0.4185643792152405
4938,0.4670717716217041
4939,0.4543226361274719
4940,0.42865923047065735
4941,0.22676068544387817
4942,0.4243544936180115
4943,0.4393759071826935
4944,0.7843392491340637
4945,0.4432111978530884
4946,0.5438836216926575
4947,0.29676559567451477
4948,0.45877692103385925
4949,0.41779014468193054
4950,0.4376763701438904
4951,0.7469752430915833
4952,0.31179264187812805
4953,0.40375807881355286
4954,0.7910418510437012
4955,0.5119615197181702
4956,0.37615418434143066
4957,0.6043164134025574
4958,0.5993342399597168
4959,0.80739825963974
4960,0.5086899399757385
4961,0.6715252995491028
4962,0.6315721273422241
4963,0.5018227696418762
4964,0.32804232835769653
4965,0.3790642023086548
4966,0.32511380314826965
4967,0.7042761445045471
4968,0.6432888507843018
4969,0.2281450778245926
4970,0.3021586537361145
4971,0.3213338553905487
4972,0.47082558274269104
4973,0.787817656993866
4974,0.4595707654953003
4975,0.5530774593353271
4976,0.7449590563774109
4977,0.5282981991767883
4978,0.389095276594162
4979,0.5182948708534241
4980,0.5723543763160706
4981,0.5215834975242615
4982,0.6390053629875183
4983,0.5211220383644104
4984,0.44859790802001953
4985,0.5937058329582214
4986,0.6301571130752563
4987,0.4161646068096161
4988,0.3359885811805725
4989,0.7216302752494812
4990,0.5735984444618225
4991,0.32602590322494507
4992,0.3783755600452423
4993,0.7970563769340515
4994,0.7446520328521729
4995,0.18300066888332367
4996,0.6656028032302856
4997,0.6071575284004211
4998,0.8178222179412842
4999,0.4701877534389496
5000,0.5089983344078064
5001,0.6619793176651001
5002,0.8243541121482849
5003,0.6829875707626343
5004,0.784918487071991
5005,0.271648645401001
5006,0.3772276043891907
5007,0.619115948677063
5008,0.5008364915847778
5009,0.5033430457115173
5010,0.5844099521636963
5011,0.6514837145805359
5012,0.28900253772735596
5013,0.812317967414856
5014,0.5999916791915894
5015,0.3744840621948242
5016,0.529380738735199
5017,0.5331093072891235
5018,0.24153074622154236
5019,0.32773756980895996
5020,0.6881294846534729
5021,0.25188472867012024
5022,0.5958790183067322
5023,0.31353452801704407
5024,0.39903849363327026
5025,0.3738452196121216
5026,0.7805309295654297
5027,0.5245307087898254
5028,0.5116977095603943
5029,0.6407588720321655
5030,0.2183232307434082
5031,0.8209705352783203
5032,0.4657019376754761
5033,0.4299722909927368
5034,0.443307489156723
5035,0.7718876600265503
5036,0.850973904132843
5037,0.651790201663971
5038,0.32077524065971375
5039,0.40681523084640503
5040,0.7589511275291443
5041,0.804635226726532
5042,0.8123981952667236
5043,0.756445586681366
5044,0.31208187341690063
5045,0.42306646704673767
5046,0.7769917845726013
5047,0.4194655418395996
5048,0.2579687833786011
5049,0.22583475708961487
5050,0.5805568099021912
5051,0.7427459359169006
5052,0.5274460911750793
5053,0.4569079279899597
5054,0.8266459107398987
5055,0.4000130295753479
5056,0.45732152462005615
5057,0.5499895811080933
5058,0.20736634731292725
5059,0.595623254776001
5060,0.8218057155609131
5061,0.25530388951301575
5062,0.6117406487464905
5063,0.20620191097259521
5064,0.3161524832248688
5065,0.8075973391532898
5066,0.4310965836048126
5067,0.7478728890419006
5068,0.6280518770217896
5069,0.719404399394989
5070,0.7643280625343323
5071,0.6070536375045776
5072,0.5458325743675232
5073,0.4401057958602905
5074,0.5825042724609375
5075,0.5367631316184998
5076,0.5950166583061218
5077,0.6392489671707153
5078,0.5007113218307495
5079,0.2396545559167862
5080,0.417306512594223
5081,0.40424275398254395
5082,0.5149068832397461
5083,0.29413551092147827
5084,0.2663135528564453
5085,0.8497505784034729
5086,0.3404144048690796
5087,0.6429622173309326
5088,0.3498353064060211
5089,0.693967878818512
5090,0.8229374885559082
5091,0.7833404541015625
5092,0.29782456159591675
5093,0.5233556628227234
5094,0.24801185727119446
5095,0.43827250599861145
5096,0.5235366821289062
5097,0.44269537925720215
5098,0.33751192688941956
5099,0.421979159116745
5100,0.4493361711502075
5101,0.48249855637550354
5102,0.2608497440814972
5103,0.23053652048110962
5104,0.33369940519332886
5105,0.5998820662498474
5106,0.4918571710586548
5107,0.8151078820228577
5108,0.691515326499939
5109,0.22731700539588928
5110,0.29908010363578796
5111,0.8910906910896301
5112,0.536992609500885
5113,0.7244581580162048
5114,0.6222754120826721
5115,0.32426217198371887
5116,0.514135479927063
5117,0.8218007683753967
5118,0.41102492809295654
5119,0.5312669277191162
5120,0.38509994745254517
5121,0.533541202545166
5122,0.37160825729370117
5123,0.8190627694129944
5124,0.44140148162841797
5125,0.45025449991226196
5126,0.6915856003761292
5127,0.8468783497810364
5128,0.3165374994277954
5129,0.4140055179595947
5130,0.46918144822120667
5131,0.5346940159797668
5132,0.8199410438537598
5133,0.7594717741012573
5134,0.2561904191970825
5135,0.42948082089424133
5136,0.3564910590648651
5137,0.5681788325309753
5138,0.34167709946632385
5139,0.3738222122192383
5140,0.5684571862220764
5141,0.7985710501670837
5142,0.5426003336906433
5143,0.262961745262146
5144,0.3569643199443817
5145,0.23768571019172668
5146,0.4627767503261566
5147,0.7632124423980713
5148,0.4828866422176361
5149,0.7626404166221619
5150,0.5151970386505127
5151,0.6550696492195129
5152,0.35699570178985596
5153,0.6728624701499939
5154,0.7962235808372498
5155,0.8395059108734131
5156,0.670525312423706
5157,0.5146788358688354
5158,0.60645592212677
5159,0.3009224236011505
5160,0.6654052138328552
5161,0.7940475344657898
5162,0.38451331853866577
5163,0.44884830713272095
5164,0.355584055185318
5165,0.6914439797401428
5166,0.6224818229675293
5167,0.3997029662132263
5168,0.48661649227142334
5169,0.5252467393875122
5170,0.43828511238098145
5171,0.2929888069629669
5172,0.5413220524787903
5173,0.6907724738121033
5174,0.5158835649490356
5175,0.5467708110809326
5176,0.33043384552001953
5177,0.4684789180755615
5178,0.30350106954574585
5179,0.39889904856681824
5180,0.4866102337837219
5181,0.3383235037326813
5182,0.1979338377714157
5183,0.33606114983558655
5184,0.6227666139602661
5185,0.3233172297477722
5186,0.7170120477676392
5187,0.36085864901542664
5188,0.7627730965614319
5189,0.7252883315086365
5190,0.5206999182701111
5191,0.5066884160041809
5192,0.5446341633796692
5193,0.7405597567558289
5194,0.5583536624908447
5195,0.6199958324432373
5196,0.27815675735473633
5197,0.2829281687736511
5198,0.4338192641735077
5199,0.8036958575248718
5200,0.34512150287628174
5201,0.7529473304748535
5202,0.33775562047958374
5203,0.8310371041297913
5204,0.582077145576477
5205,0.5972118377685547
5206,0.328263521194458
5207,0.5428224205970764
5208,0.4103561341762543
5209,0.5260440707206726
5210,0.30260854959487915
5211,0.5161097049713135
5212,0.6468111276626587
5213,0.6566346883773804
5214,0.251623272895813
5215,0.5573669075965881
5216,0.4110107421875
5217,0.6025865077972412
5218,0.39775750041007996
5219,0.5247835516929626
5220,0.6071910262107849
5221,0.8226305246353149
5222,0.5530596375465393
5223,0.5179885029792786
5224,0.5510677695274353
5225,0.4552544355392456
5226,0.2964524030685425
5227,0.504715085029602
5228,0.3889005780220032
5229,0.4155553877353668
5230,0.4027019739151001
5231,0.678594708442688
5232,0.3335101008415222
5233,0.5726717114448547
5234,0.7599907517433167
5235,0.49554646015167236
5236,0.4855285584926605
5237,0.29747018218040466
5238,0.2164900302886963
5239,0.6099730134010315
5240,0.6533656120300293
5241,0.6145980954170227
5242,0.7150778770446777
5243,0.3563459813594818
5244,0.20302054286003113
5245,0.39788851141929626
5246,0.2065451294183731
5247,0.3256247341632843
5248,0.5395409464836121
5249,0.5812776684761047
5250,0.7094222903251648
5251,0.40687501430511475
5252,0.36621278524398804
5253,0.5095900893211365
5254,0.27677494287490845
5255,0.6078033447265625
5256,0.39827439188957214
5257,0.35501375794410706
5258,0.6830487847328186
5259,0.23288768529891968
5260,0.721587598323822
5261,0.7064133882522583
5262,0.7221742272377014
5263,0.6442148089408875
5264,0.536957323551178
5265,0.5556867718696594
5266,0.7713102698326111
5267,0.48415523767471313
5268,0.37439435720443726
5269,0.43896153569221497
5270,0.42798346281051636
5271,0.4912881553173065
5272,0.5021820068359375
5273,0.529258131980896
5274,0.61569744348526
5275,0.4023891091346741
5276,0.5756736993789673
5277,0.3609551191329956
5278,0.255944162607193
5279,0.5658742189407349
5280,0.38081997632980347
5281,0.815554678440094
5282,0.5221389532089233
5283,0.3269227147102356
5284,0.4945584535598755
5285,0.6453720331192017
5286,0.8375465273857117
5287,0.25909313559532166
5288,0.5301932692527771
5289,0.712828516960144
5290,0.8102692365646362
5291,0.7434216737747192
5292,0.750817596912384
5293,0.6050189733505249
5294,0.5640940070152283
5295,0.5514728426933289
5296,0.4640619456768036
5297,0.5994657278060913
5298,0.4583521783351898
5299,0.6353111863136292
5300,0.354593425989151
5301,0.4681193232536316
5302,0.6632521152496338
5303,0.3821394145488739
5304,0.596100926399231
5305,0.21565678715705872
5306,0.7013831734657288
5307,0.5085700154304504
5308,0.2871231138706207
5309,0.28503546118736267
5310,0.201778382062912
5311,0.6738829016685486
5312,0.5790894627571106
5313,0.4746524691581726
5314,0.4152572751045227
5315,0.7134620547294617
5316,0.6359285712242126
5317,0.5105918645858765
5318,0.539271891117096
5319,0.4296087324619293
5320,0.5562872290611267
5321,0.4557111859321594
5322,0.5216065049171448
5323,0.49739494919776917
5324,0.7262651324272156
5325,0.7528505921363831
5326,0.5314638614654541
5327,0.334071546792984
5328,0.47059470415115356
5329,0.34587883949279785
5330,0.3150901198387146
5331,0.555327832698822
5332,0.6611173748970032
5333,0.4539000988006592
5334,0.6997530460357666
5335,0.49337315559387207
5336,0.36737385392189026
5337,0.6259626150131226
5338,0.4594004154205322
5339,0.41369831562042236
5340,0.221407949924469
5341,0.5313641428947449
5342,0.7337256073951721
5343,0.7544043660163879
5344,0.5040556192398071
5345,0.5964210033416748
5346,0.33128488063812256
5347,0.6763697862625122
5348,0.37104952335357666
5349,0.5044144988059998
5350,0.4062616229057312
5351,0.4706208109855652
5352,0.43250134587287903
5353,0.5949942469596863
5354,0.3198907673358917
5355,0.5178045034408569
5356,0.5733634829521179
5357,0.7055866122245789
5358,0.5910091996192932
5359,0.4656136631965637
5360,0.6622188091278076
5361,0.2746978998184204
5362,0.26715779304504395
5363,0.46440383791923523
5364,0.3802240490913391
5365,0.6532795429229736
5366,0.49077796936035156
5367,0.8101105093955994
5368,0.5397191643714905
5369,0.5444280505180359
5370,0.6667020320892334
5371,0.27015364170074463
5372,0.5681993365287781
5373,0.8060712814331055
5374,0.6903829574584961
5375,0.4798174798488617
5376,0.36340436339378357
5377,0.3322560787200928
5378,0.4637567400932312
5379,0.7607372403144836
5380,0.8075762987136841
5381,0.6416370868682861
5382,0.29966792464256287
5383,0.6589600443840027
5384,0.4401013255119324
5385,0.39142677187919617
5386,0.83127361536026
5387,0.465984582901001
5388,0.47454410791397095
5389,0.5273049473762512
5390,0.5732176899909973
5391,0.3829849660396576
5392,0.7514426112174988
5393,0.5109241008758545
5394,0.6693583130836487
5395,0.4313196837902069
5396,0.2243192046880722
5397,0.5627648830413818
5398,0.9068325161933899
5399,0.3315619230270386
5400,0.450232595205307
5401,0.4258309602737427
5402,0.1878356635570526
5403,0.7328245043754578
5404,0.3342396020889282
5405,0.25334247946739197
5406,0.434122771024704
5407,0.24187888205051422
5408,0.3870847225189209
5409,0.414095014333725
5410,0.41546034812927246
5411,0.34038761258125305
5412,0.41674941778182983
5413,0.6447272300720215
5414,0.419720858335495
5415,0.2736324369907379
5416,0.4673457145690918
5417,0.5905503630638123
5418,0.6892834305763245
5419,0.2763151526451111
5420,0.27725666761398315
5421,0.6117966175079346
5422,0.23249632120132446
5423,0.6026583909988403
5424,0.47114890813827515
5425,0.5767188668251038
5426,0.6333962082862854
5427,0.5864197015762329
5428,0.602565586566925
5429,0.4190352261066437
5430,0.697626531124115
5431,0.4210737347602844
5432,0.24217328429222107
5433,0.39325565099716187
5434,0.5060052871704102
5435,0.40343618392944336
5436,0.35355010628700256
5437,0.6883267760276794
5438,0.33940231800079346
5439,0.7455376982688904
5440,0.2765090763568878
5441,0.41479504108428955
5442,0.6287670731544495
5443,0.5337199568748474
5444,0.7000085711479187
5445,0.501220703125
5446,0.3917158246040344
5447,0.7714972496032715
5448,0.45467203855514526
5449,0.5407763123512268
5450,0.29006415605545044
5451,0.39526671171188354
5452,0.5731713771820068
5453,0.40557432174682617
5454,0.7368574738502502
5455,0.5304161906242371
5456,0.26005592942237854
5457,0.23503752052783966
5458,0.2559550702571869
5459,0.20267318189144135
5460,0.25155478715896606
5461,0.671397864818573
5462,0.7591637969017029
5463,0.611617922782898
5464,0.49146750569343567
5465,0.672605037689209
5466,0.41771334409713745
5467,0.770428478717804
5468,0.5428891777992249
5469,0.44738665223121643
5470,0.6184869408607483
5471,0.5616751313209534
5472,0.39142295718193054
5473,0.5654110908508301
5474,0.3223946988582611
5475,0.5148812532424927
5476,0.21017812192440033
5477,0.782407820224762
5478,0.43500691652297974
5479,0.22431445121765137
5480,0.38428619503974915
5481,0.6325368881225586
5482,0.6047335267066956
5483,0.33945176005363464
5484,0.3545859456062317
5485,0.6961016654968262
5486,0.3170814514160156
5487,0.6878109574317932
5488,0.44782984256744385
5489,0.5750880241394043
5490,0.5382596850395203
5491,0.5937574505805969
5492,0.6932731866836548
5493,0.7146958112716675
5494,0.788185715675354
5495,0.8011481165885925
5496,0.7370172142982483
5497,0.44750088453292847
5498,0.5915985703468323
5499,0.8083932399749756
5500,0.4963913559913635
5501,0.6385480761528015
5502,0.7740263342857361
5503,0.35939085483551025
5504,0.2698131799697876
5505,0.6077290177345276
5506,0.3867880403995514
5507,0.8051830530166626
5508,0.2943972647190094
5509,0.679851233959198
5510,0.6240078806877136
5511,0.28010299801826477
5512,0.5990873575210571
5513,0.5942960381507874
5514,0.3329705595970154
5515,0.8133417963981628
5516,0.3075663447380066
5517,0.7115220427513123
5518,0.6337611079216003
5519,0.8184827566146851
5520,0.5523290634155273
5521,0.7636955380439758
5522,0.22188527882099152
5523,0.3282380700111389
5524,0.7082141637802124
5525,0.5636928081512451
5526,0.834818959236145
5527,0.5507203340530396
5528,0.5099681615829468
5529,0.7282888889312744
5530,0.7697654366493225
5531,0.4886306822299957
5532,0.5040488243103027
5533,0.5935207605361938
5534,0.31246182322502136
5535,0.5488911867141724
5536,0.396894246339798
5537,0.3234151005744934
5538,0.6049917936325073
5539,0.5865187048912048
5540,0.2919814884662628
5541,0.40521174669265747
5542,0.6290926337242126
5543,0.6064578890800476
5544,0.35297128558158875
5545,0.4583990275859833
5546,0.5155759453773499
5547,0.4083263874053955
5548,0.2890709340572357
5549,0.40903419256210327
5550,0.44923490285873413
5551,0.23713257908821106
5552,0.5049523115158081
5553,0.497310072183609
5554,0.3671844005584717
5555,0.2620902955532074
5556,0.3311903774738312
5557,0.5744180083274841
5558,0.35387754440307617
5559,0.5705096125602722
5560,0.44672825932502747
5561,0.4146389365196228
5562,0.33439892530441284
5563,0.24258536100387573
5564,0.6713784337043762
5565,0.7885727286338806
5566,0.4628431797027588
5567,0.26418155431747437
5568,0.5245662331581116
5569,0.5431804060935974
5570,0.4889010190963745
5571,0.703218400478363
5572,0.359793484210968
5573,0.3783334493637085
5574,0.5843515396118164
5575,0.4529363811016083
5576,0.5518720746040344
5577,0.46800628304481506
5578,0.6382220387458801
5579,0.6379924416542053
5580,0.43750113248825073
5581,0.3452829420566559
5582,0.4958244562149048
5583,0.8065051436424255
5584,0.6926493644714355
5585,0.6289496421813965
5586,0.2251645028591156
5587,0.4115346074104309
5588,0.4804626405239105
5589,0.711781919002533
5590,0.704025387763977
5591,0.19700992107391357
5592,0.43962550163269043
5593,0.6562197804450989
5594,0.6627602577209473
5595,0.4928165078163147
5596,0.7393676042556763
5597,0.36564695835113525
5598,0.5086736083030701
5599,0.35138019919395447
5600,0.5591808557510376
5601,0.7267508506774902
5602,0.8007985353469849
5603,0.2341523915529251
5604,0.5100787878036499
5605,0.6051463484764099
5606,0.27943184971809387
5607,0.3828360438346863
5608,0.6626969575881958
5609,0.3940156400203705
5610,0.3692858815193176
5611,0.6418250799179077
5612,0.41029518842697144
5613,0.3606683909893036
5614,0.4650413691997528
5615,0.4269524812698364
5616,0.3939863443374634
5617,0.45695027709007263
5618,0.4919726252555847
5619,0.5382258892059326
5620,0.4905572235584259
5621,0.2515358626842499
5622,0.27212774753570557
5623,0.3904300630092621
5624,0.34178781509399414
5625,0.7132328748703003
5626,0.677802562713623
5627,0.3137359917163849
5628,0.4846101999282837
5629,0.5550219416618347
5630,0.28547513484954834
5631,0.423278272151947
5632,0.41792285442352295
5633,0.3748213052749634
5634,0.6645797491073608
5635,0.508521318435669
5636,0.44571512937545776
5637,0.22304442524909973
5638,0.3959640860557556
5639,0.2199132889509201
5640,0.3155776858329773
5641,0.6548059582710266
5642,0.5255950093269348
5643,0.7255169749259949
5644,0.3313519060611725
5645,0.33549004793167114
5646,0.4567769467830658
5647,0.5119724273681641
5648,0.24801474809646606
5649,0.5765663385391235
5650,0.32209211587905884
5651,0.6276282668113708
5652,0.4084510803222656
5653,0.6432284116744995
5654,0.20784048736095428
5655,0.6692485213279724
5656,0.33231979608535767
5657,0.3346210718154907
5658,0.6466598510742188
5659,0.21440906822681427
5660,0.3635203540325165
5661,0.6592460870742798
5662,0.7756596207618713
5663,0.7980465888977051
5664,0.4010678827762604
5665,0.5315983295440674
5666,0.48138076066970825
5667,0.7150850296020508
5668,0.43554216623306274
5669,0.40328535437583923
5670,0.5377092957496643
5671,0.3539460599422455
5672,0.4060210883617401
5673,0.2947130799293518
5674,0.33708474040031433
5675,0.5271534323692322
5676,0.472472220659256
5677,0.3815895915031433
5678,0.45077499747276306
5679,0.5331015586853027
5680,0.7487455010414124
5681,0.28768301010131836
5682,0.44665244221687317
5683,0.8154408931732178
5684,0.4629250168800354
5685,0.2378084361553192
5686,0.4852294921875
5687,0.8231393694877625
5688,0.5017854571342468
5689,0.4882006347179413
5690,0.8005409240722656
5691,0.46682536602020264
5692,0.43377959728240967
5693,0.4215035140514374
5694,0.33777791261672974
5695,0.441795289516449
5696,0.4292474091053009
5697,0.8030102849006653
5698,0.5178673267364502
5699,0.22712180018424988
5700,0.7257655262947083
5701,0.2536504864692688
5702,0.2409323900938034
5703,0.5649453401565552
5704,0.38754355907440186
5705,0.313565731048584
5706,0.2824954688549042
5707,0.2994424104690552
5708,0.2921823263168335
5709,0.5045843720436096
5710,0.41764745116233826
5711,0.48162156343460083
5712,0.2828495502471924
5713,0.449010968208313
5714,0.6274272799491882
5715,0.5394212603569031
5716,0.23505252599716187
5717,0.48091042041778564
5718,0.27056577801704407
5719,0.47263339161872864
5720,0.8263972997665405
5721,0.5211433172225952
5722,0.6217430233955383
5723,0.3647412061691284
5724,0.31279638409614563
5725,0.46288004517555237
5726,0.7602381110191345
5727,0.6900644302368164
5728,0.2730725407600403
5729,0.36160826683044434
5730,0.26949581503868103
5731,0.2479831725358963
5732,0.5465501546859741
5733,0.562336802482605
5734,0.5655349493026733
5735,0.7206777930259705
5736,0.19114373624324799
5737,0.6421136260032654
5738,0.8348017930984497
5739,0.7154512405395508
5740,0.4510195255279541
5741,0.44302958250045776
5742,0.7959041595458984
5743,0.655274510383606
5744,0.4709694981575012
5745,0.48192697763442993
5746,0.518756628036499
5747,0.5206204056739807
5748,0.6764336228370667
5749,0.5686377286911011
5750,0.5697984099388123
5751,0.4828588366508484
5752,0.8138788342475891
5753,0.4297249913215637
5754,0.28009888529777527
5755,0.5119146704673767
5756,0.6587226986885071
5757,0.42424118518829346
5758,0.5771103501319885
5759,0.7994345426559448
5760,0.3741320073604584
5761,0.5148399472236633
5762,0.5148274898529053
5763,0.45701515674591064
5764,0.43015843629837036
5765,0.4001293182373047
5766,0.46797439455986023
5767,0.1913486123085022
5768,0.43143564462661743
5769,0.5393906235694885
5770,0.7188417315483093
5771,0.5710300207138062
5772,0.5142150521278381
5773,0.3168785870075226
5774,0.5586203932762146
5775,0.3464812934398651
5776,0.4169803559780121
5777,0.3818056881427765
5778,0.7589918971061707
5779,0.47000423073768616
5780,0.42362433671951294
5781,0.5430346727371216
5782,0.536084771156311
5783,0.40529972314834595
5784,0.5523960590362549
5785,0.4599091112613678
5786,0.8502187728881836
5787,0.45200833678245544
5788,0.7990713119506836
5789,0.7958265542984009
5790,0.7221997380256653
5791,0.4255225956439972
5792,0.4479765295982361
5793,0.38934317231178284
5794,0.6770099997520447
5795,0.5733793377876282
5796,0.486392617225647
5797,0.44965896010398865
5798,0.5002429485321045
5799,0.19460271298885345
5800,0.45884788036346436
5801,0.3409120440483093
5802,0.5301213264465332
5803,0.5290119051933289
5804,0.5904363989830017
5805,0.7788519859313965
5806,0.5322459936141968
5807,0.5446511507034302
5808,0.4791682958602905
5809,0.30310821533203125
5810,0.391796350479126
5811,0.44697609543800354
5812,0.5617482662200928
5813,0.2784997522830963
5814,0.7985487580299377
5815,0.31621378660202026
5816,0.3686099648475647
5817,0.5627588033676147
5818,0.3418949246406555
5819,0.5909597873687744
5820,0.6489229202270508
5821,0.37649041414260864
5822,0.31209325790405273
5823,0.4118293523788452
5824,0.23659595847129822
5825,0.37307870388031006
5826,0.3457624316215515
5827,0.5231785178184509
5828,0.36016038060188293
5829,0.38849276304244995
5830,0.4264962077140808
5831,0.34656012058258057
5832,0.18749666213989258
5833,0.31138187646865845
5834,0.4026595950126648
5835,0.3811394274234772
5836,0.2967176139354706
5837,0.3846208453178406
5838,0.4174821972846985
5839,0.484241247177124
5840,0.220039963722229
5841,0.7400795817375183
5842,0.6897369027137756
5843,0.508575439453125
5844,0.4008994400501251
5845,0.7267531752586365
5846,0.5250018835067749
5847,0.44414201378822327
5848,0.6880203485488892
5849,0.4866889417171478
5850,0.7505537271499634
5851,0.37187981605529785
5852,0.2401413768529892
5853,0.43239548802375793
5854,0.2088528871536255
5855,0.7404353022575378
5856,0.6874693632125854
5857,0.23824875056743622
5858,0.4579217731952667
5859,0.5200395584106445
5860,0.2699849009513855
5861,0.43887192010879517
5862,0.49670061469078064
5863,0.503810703754425
5864,0.6408544182777405
5865,0.21959272027015686
5866,0.6531091928482056
5867,0.7986685633659363
5868,0.40680786967277527
5869,0.3737339973449707
5870,0.4130200743675232
5871,0.4684741497039795
5872,0.2716796100139618
5873,0.35801199078559875
5874,0.6364321708679199
5875,0.5119719505310059
5876,0.3398369252681732
5877,0.43714290857315063
5878,0.5228833556175232
5879,0.2887084186077118
5880,0.5087292790412903
5881,0.6761052012443542
5882,0.4702908396720886
5883,0.7104576826095581
5884,0.7078570127487183
5885,0.4333640933036804
5886,0.6818863153457642
5887,0.20380190014839172
5888,0.5097882747650146
5889,0.4467698931694031
5890,0.38523924350738525
5891,0.2490776628255844
5892,0.3786486089229584
5893,0.6148113012313843
5894,0.229508176445961
5895,0.26996344327926636
5896,0.4681459069252014
5897,0.8087611198425293
5898,0.32165032625198364
5899,0.42881450057029724
5900,0.6907510757446289
5901,0.5098453760147095
5902,0.47703617811203003
5903,0.6463724970817566
5904,0.4873376488685608
5905,0.32629555463790894
5906,0.48528122901916504
5907,0.5670533776283264
5908,0.6919794678688049
5909,0.4958013892173767
5910,0.6947004795074463
5911,0.6952338218688965
5912,0.7838656306266785
5913,0.3459726572036743
5914,0.44180136919021606
5915,0.3028637170791626
5916,0.2282838374376297
5917,0.38238847255706787
5918,0.656479001045227
5919,0.3493487536907196
5920,0.46283894777297974
5921,0.4387616515159607
5922,0.3187631666660309
5923,0.8845214247703552
5924,0.6701663136482239
5925,0.5184280872344971
5926,0.47382205724716187
5927,0.7518438696861267
5928,0.5345007181167603
5929,0.3287942409515381
5930,0.46517854928970337
5931,0.5833545327186584
5932,0.41293594241142273
5933,0.5664030313491821
5934,0.6491137146949768
5935,0.6034995913505554
5936,0.5878345966339111
5937,0.3910006582736969
5938,0.4484890103340149
5939,0.3238411545753479
5940,0.24416810274124146
5941,0.6672276854515076
5942,0.7491269111633301
5943,0.4670856297016144
5944,0.3291633725166321
5945,0.7965554594993591
5946,0.35747846961021423
5947,0.2587730884552002
5948,0.5033068060874939
5949,0.5489964485168457
5950,0.4112507998943329
5951,0.28766781091690063
5952,0.7359489798545837
5953,0.28193479776382446
5954,0.49521344900131226
5955,0.5210511684417725
5956,0.7584978342056274
5957,0.424121230840683
5958,0.3981797993183136
5959,0.42091619968414307
5960,0.5970741510391235
5961,0.40306058526039124
5962,0.4065620005130768
5963,0.523969829082489
5964,0.4926471710205078
5965,0.2628727853298187
5966,0.4092515707015991
5967,0.3603731095790863
5968,0.37401843070983887
5969,0.5220053195953369
5970,0.6524937748908997
5971,0.34658482670783997
5972,0.5539135932922363
5973,0.44077691435813904
5974,0.3702651858329773
5975,0.8033081293106079
5976,0.47321781516075134
5977,0.2550126314163208
5978,0.5783871412277222
5979,0.8137871026992798
5980,0.445696085691452
5981,0.5299058556556702
5982,0.744580090045929
5983,0.2378338873386383
5984,0.5224351286888123
5985,0.2992607653141022
5986,0.2986442744731903
5987,0.30453070998191833
5988,0.393932968378067
5989,0.597427248954773
5990,0.7093395590782166
5991,0.2986629903316498
5992,0.6739497780799866
5993,0.39501360058784485
5994,0.5745951533317566
5995,0.4067188501358032
5996,0.5346126556396484
5997,0.5702421069145203
5998,0.3919622600078583
5999,0.35224947333335876
6000,0.6266414523124695
6001,0.6208257675170898
6002,0.3326561450958252
6003,0.4524908661842346
6004,0.41626930236816406
6005,0.7475402355194092
6006,0.5622730255126953
6007,0.561795711517334
6008,0.4074033796787262
6009,0.4065816402435303
6010,0.3776455521583557
6011,0.5524254441261292
6012,0.4770657420158386
6013,0.48204174637794495
6014,0.4422716498374939
6015,0.32726138830184937
6016,0.3913949131965637
6017,0.304338663816452
6018,0.35573136806488037
6019,0.42609676718711853
6020,0.4215967059135437
6021,0.45231831073760986
6022,0.3887474834918976
6023,0.4317551255226135
6024,0.23280532658100128
6025,0.7892248034477234
6026,0.6222677826881409
6027,0.6615541577339172
6028,0.7488465309143066
6029,0.4123157262802124
6030,0.2900739908218384
6031,0.5410091280937195
6032,0.6559948921203613
6033,0.43675556778907776
6034,0.7026565670967102
6035,0.39839398860931396
6036,0.3525007963180542
6037,0.4567183256149292
6038,0.3933287262916565
6039,0.34759950637817383
6040,0.5104845762252808
6041,0.3765597343444824
6042,0.36561983823776245
6043,0.7792090773582458
6044,0.5598042607307434
6045,0.3536432981491089
6046,0.6313465237617493
6047,0.5540111660957336
6048,0.42348137497901917
6049,0.8024272918701172
6050,0.2826767563819885
6051,0.39301973581314087
6052,0.6076647639274597
6053,0.8012522459030151
6054,0.27070844173431396
6055,0.7317590117454529
6056,0.41657912731170654
6057,0.3055729568004608
6058,0.5800538063049316
6059,0.8060182332992554
6060,0.4739483892917633
6061,0.468902587890625
6062,0.5821558237075806
6063,0.671881914138794
6064,0.5098266005516052
6065,0.8225243091583252
6066,0.36164775490760803
6067,0.41226890683174133
6068,0.6548905968666077
6069,0.3270455598831177
6070,0.5203310251235962
6071,0.44503214955329895
6072,0.4572204649448395
6073,0.6235633492469788
6074,0.6315535306930542
6075,0.3607969880104065
6076,0.6386178135871887
6077,0.5648639798164368
6078,0.577906608581543
6079,0.7105116248130798
6080,0.7600402235984802
6081,0.7790150046348572
6082,0.7652111649513245
6083,0.5969836711883545
6084,0.32427704334259033
6085,0.7548344135284424
6086,0.5213298797607422
6087,0.8550133109092712
6088,0.570833146572113
6089,0.5270408391952515
6090,0.560106635093689
6091,0.5780982375144958
6092,0.2500216066837311
6093,0.5670886635780334
6094,0.3895750343799591
6095,0.23522385954856873
6096,0.5326443314552307
6097,0.7582954168319702
6098,0.47883859276771545
6099,0.3310180604457855
6100,0.30986467003822327
6101,0.4282088279724121
6102,0.35588765144348145
6103,0.49136075377464294
6104,0.21781526505947113
6105,0.5902666449546814
6106,0.6939168572425842
6107,0.46734338998794556
6108,0.6012179255485535
6109,0.5088639855384827
6110,0.512596845626831
6111,0.7856631875038147
6112,0.5144829750061035
6113,0.6440882682800293
6114,0.382939875125885
6115,0.2673596441745758
6116,0.6139428019523621
6117,0.22051124274730682
6118,0.26086291670799255
6119,0.5341035723686218
6120,0.4592033326625824
6121,0.3562268912792206
6122,0.2999036908149719
6123,0.6722261309623718
6124,0.6749365925788879
6125,0.6270032525062561
6126,0.3162086606025696
6127,0.8316311836242676
6128,0.44042378664016724
6129,0.3680659532546997
6130,0.4273316264152527
6131,0.7333909273147583
6132,0.3086419999599457
6133,0.40365898609161377
6134,0.5827419757843018
6135,0.41819557547569275
6136,0.5069360136985779
6137,0.4792118966579437
6138,0.4373674988746643
6139,0.407105028629303
6140,0.8203251957893372
6141,0.22575166821479797
6142,0.7490059733390808
6143,0.4707214832305908
6144,0.2845257520675659
6145,0.4490278959274292
6146,0.6482062339782715
6147,0.5518237352371216
6148,0.5174118876457214
6149,0.3439792990684509
6150,0.7954771518707275
6151,0.46606725454330444
6152,0.6211287379264832
6153,0.6235042810440063
6154,0.2944217026233673
6155,0.5639236569404602
6156,0.7306638956069946
6157,0.3242117762565613
6158,0.3735383152961731
6159,0.4769589602947235
6160,0.5970134139060974
6161,0.349232941865921
6162,0.24429261684417725
6163,0.43027856945991516
6164,0.5895447134971619
6165,0.4473036229610443
6166,0.23610500991344452
6167,0.2927497625350952
6168,0.6344355344772339
6169,0.7292761206626892
6170,0.899774968624115
6171,0.5388132333755493
6172,0.39041924476623535
6173,0.7428940534591675
6174,0.421176552772522
6175,0.4150546193122864
6176,0.684678316116333
6177,0.5510216355323792
6178,0.25543874502182007
6179,0.5887246131896973
6180,0.4236365258693695
6181,0.4560520648956299
6182,0.48559147119522095
6183,0.6554054021835327
6184,0.7874588370323181
6185,0.399728924036026
6186,0.5838748812675476
6187,0.5503805875778198
6188,0.5049130320549011
6189,0.19735772907733917
6190,0.45547017455101013
6191,0.3095669746398926
6192,0.42758816480636597
6193,0.588659405708313
6194,0.5839847326278687
6195,0.7477369904518127
6196,0.35867783427238464
6197,0.4208454191684723
6198,0.5538973212242126
6199,0.6050003170967102
6200,0.505914568901062
6201,0.28121015429496765
6202,0.3387860059738159
6203,0.555658221244812
6204,0.7467064261436462
6205,0.1887231320142746
6206,0.3341226577758789
6207,0.29445376992225647
6208,0.6400430202484131
6209,0.4778457283973694
6210,0.49068909883499146
6211,0.5662873387336731
6212,0.2547248601913452
6213,0.48990046977996826
6214,0.43085378408432007
6215,0.5114580988883972
6216,0.5566244721412659
6217,0.20085284113883972
6218,0.671462893486023
6219,0.5314633250236511
6220,0.4507167637348175
6221,0.532283365726471
6222,0.2757118344306946
6223,0.6278320550918579
6224,0.5535027384757996
6225,0.5221971273422241
6226,0.714340090751648
6227,0.3038787245750427
6228,0.593390941619873
6229,0.5149260759353638
6230,0.7127264738082886
6231,0.24700769782066345
6232,0.21402513980865479
6233,0.7753267884254456
6234,0.27456608414649963
6235,0.17311911284923553
6236,0.4005745053291321
6237,0.2633401155471802
6238,0.8320949077606201
6239,0.2309514284133911
6240,0.7678417563438416
6241,0.8475267291069031
6242,0.6161376237869263
6243,0.7268037796020508
6244,0.4449983239173889
6245,0.766994059085846
6246,0.4871769845485687
6247,0.6764804720878601
6248,0.3628169298171997
6249,0.5693958401679993
6250,0.24664901196956635
6251,0.6982786059379578
6252,0.5920107960700989
6253,0.5175252556800842
6254,0.8284478187561035
6255,0.502680242061615
6256,0.6222066283226013
6257,0.42221322655677795
6258,0.33598291873931885
6259,0.3473035991191864
6260,0.53502357006073
6261,0.7345791459083557
6262,0.48992061614990234
6263,0.6942500472068787
6264,0.3983728587627411
6265,0.6013713479042053
6266,0.6140202879905701
6267,0.4469411075115204
6268,0.8948200345039368
6269,0.36468505859375
6270,0.681279718875885
6271,0.38773560523986816
6272,0.7167420983314514
6273,0.3923543095588684
6274,0.40171682834625244
6275,0.35903340578079224
6276,0.4134219288825989
6277,0.24705013632774353
6278,0.4510355293750763
6279,0.3278842866420746
6280,0.607676088809967
6281,0.43542519211769104
6282,0.6107832193374634
6283,0.7526463866233826
6284,0.2783550024032593
6285,0.33178314566612244
6286,0.5300819277763367
6287,0.5346917510032654
6288,0.48062241077423096
6289,0.4816421568393707
6290,0.801345944404602
6291,0.3615202307701111
6292,0.5684651136398315
6293,0.2555438280105591
6294,0.43091171979904175
6295,0.2994568645954132
6296,0.33771780133247375
6297,0.48064473271369934
6298,0.4977732300758362
6299,0.47857826948165894
6300,0.519911527633667
6301,0.7250229716300964
6302,0.4947991967201233
6303,0.4874565899372101
6304,0.4422174096107483
6305,0.22000256180763245
6306,0.20811647176742554
6307,0.5909514427185059
6308,0.23009152710437775
6309,0.5106037855148315
6310,0.4287000298500061
6311,0.5960007309913635
6312,0.5000240206718445
6313,0.3844866156578064
6314,0.748194694519043
6315,0.5197208523750305
6316,0.33180147409439087
6317,0.5619440078735352
6318,0.47615671157836914
6319,0.6934331655502319
6320,0.5224112272262573
6321,0.5462910532951355
6322,0.5406834483146667
6323,0.2401880919933319
6324,0.27774298191070557
6325,0.7313371300697327
6326,0.20073841512203217
6327,0.44927293062210083
6328,0.5145195722579956
6329,0.5551947951316833
6330,0.3498046398162842
6331,0.4649035632610321
6332,0.6973109245300293
6333,0.3627610206604004
6334,0.4208798110485077
6335,0.7093375325202942
6336,0.30995988845825195
6337,0.6790640950202942
6338,0.791926383972168
6339,0.3731077313423157
6340,0.32156306505203247
6341,0.6633261442184448
6342,0.6862257122993469
6343,0.24043799936771393
6344,0.42035484313964844
6345,0.3590486943721771
6346,0.3216055929660797
6347,0.39444485306739807
6348,0.3877221941947937
6349,0.6981225609779358
6350,0.4768955111503601
6351,0.2250584214925766
6352,0.5718939900398254
6353,0.2708989977836609
6354,0.39065229892730713
6355,0.6255086660385132
6356,0.8053997159004211
6357,0.6172959208488464
6358,0.6867403984069824
6359,0.45824408531188965
6360,0.6955866813659668
6361,0.5511661171913147
6362,0.3017156422138214
6363,0.5332456827163696
6364,0.7125186324119568
6365,0.7288604378700256
6366,0.5196103453636169
6367,0.49911317229270935
6368,0.30850541591644287
6369,0.4534549117088318
6370,0.42786669731140137
6371,0.3448924422264099
6372,0.2672632336616516
6373,0.4121779203414917
6374,0.34903088212013245
6375,0.8274232745170593
6376,0.5065081119537354
6377,0.3777291178703308
6378,0.44834375381469727
6379,0.45937928557395935
6380,0.6408517956733704
6381,0.3682819604873657
6382,0.5962225794792175
6383,0.3731410503387451
6384,0.6726661920547485
6385,0.4664842486381531
6386,0.5320854783058167
6387,0.5389336943626404
6388,0.6678920984268188
6389,0.4013459086418152
6390,0.5048225522041321
6391,0.7388799786567688
6392,0.27773308753967285
6393,0.4890035390853882
6394,0.18687765300273895
6395,0.6720852255821228
6396,0.49563103914260864
6397,0.35259491205215454
6398,0.6828009486198425
6399,0.20998594164848328
6400,0.6448525786399841
6401,0.6312013268470764
6402,0.38239172101020813
6403,0.6067234873771667
6404,0.31078583002090454
6405,0.29042163491249084
6406,0.5530999898910522
6407,0.3564390242099762
6408,0.6144659519195557
6409,0.40925249457359314
6410,0.7541584968566895
6411,0.3513445258140564
6412,0.44026410579681396
6413,0.2659420371055603
6414,0.36124345660209656
6415,0.8233031034469604
6416,0.2888485789299011
6417,0.45966288447380066
6418,0.5958280563354492
6419,0.7624390721321106
6420,0.6813885569572449
6421,0.7358976602554321
6422,0.40802180767059326
6423,0.5154715180397034
6424,0.6149058938026428
6425,0.3567543923854828
6426,0.2928791642189026
6427,0.39938899874687195
6428,0.2745051085948944
6429,0.6012218594551086
6430,0.4562355875968933
6431,0.4606621563434601
6432,0.5572972297668457
6433,0.41047385334968567
6434,0.4753955900669098
6435,0.48697224259376526
6436,0.6940804123878479
6437,0.3600618243217468
6438,0.18806245923042297
6439,0.4074835181236267
6440,0.3845216631889343
6441,0.3848632276058197
6442,0.7202087044715881
6443,0.7712212800979614
6444,0.5513046383857727
6445,0.33329036831855774
6446,0.48668649792671204
6447,0.28957098722457886
6448,0.6104372143745422
6449,0.3081170916557312
6450,0.3947141766548157
6451,0.4543240964412689
6452,0.8092827200889587
6453,0.5690951347351074
6454,0.28890755772590637
6455,0.5975611805915833
6456,0.7496221661567688
6457,0.2902661859989166
6458,0.6283090114593506
6459,0.5544700622558594
6460,0.3051096498966217
6461,0.5211331844329834
6462,0.33873412013053894
6463,0.5660871267318726
6464,0.8032546639442444
6465,0.5702793002128601
6466,0.5034809112548828
6467,0.40823894739151
6468,0.33440518379211426
6469,0.5243416428565979
6470,0.4243159890174866
6471,0.5095617175102234
6472,0.455772340297699
6473,0.36891043186187744
6474,0.3156486451625824
6475,0.5399531722068787
6476,0.5399852991104126
6477,0.3002188205718994
6478,0.32637354731559753
6479,0.45451605319976807
6480,0.3624556362628937
6481,0.2658129334449768
6482,0.760170042514801
6483,0.5145378708839417
6484,0.5566166639328003
6485,0.3865877687931061
6486,0.6046597957611084
6487,0.6636571288108826
6488,0.3576606810092926
6489,0.5662985444068909
6490,0.6802842020988464
6491,0.5047449469566345
6492,0.618689239025116
6493,0.5837671756744385
6494,0.41219568252563477
6495,0.3017708957195282
6496,0.46930521726608276
6497,0.7286536693572998
6498,0.7813148498535156
6499,0.41506093740463257
6500,0.6192057132720947
6501,0.7648285627365112
6502,0.2822224497795105
6503,0.3796002268791199
6504,0.7251362204551697
6505,0.4520944356918335
6506,0.7584124207496643
6507,0.6814368367195129
6508,0.3541838228702545
6509,0.8220933675765991
6510,0.3995642364025116
6511,0.574689507484436
6512,0.6283708810806274
6513,0.42375701665878296
6514,0.32282325625419617
6515,0.5090614557266235
6516,0.8147563338279724
6517,0.42632001638412476
6518,0.20607370138168335
6519,0.3249760866165161
6520,0.7262676358222961
6521,0.3872280716896057
6522,0.4735357165336609
6523,0.3092643916606903
6524,0.5519979596138
6525,0.2588207423686981
6526,0.404609352350235
6527,0.4825677275657654
6528,0.7131500840187073
6529,0.623076856136322
6530,0.41679146885871887
6531,0.433589369058609
6532,0.7756178379058838
6533,0.7975162267684937
6534,0.22668057680130005
6535,0.6516829133033752
6536,0.3686765730381012
6537,0.7358163595199585
6538,0.4251672625541687
6539,0.41998499631881714
6540,0.6138491034507751
6541,0.5715306997299194
6542,0.3078528642654419
6543,0.2275570034980774
6544,0.8643289804458618
6545,0.3797699511051178
6546,0.533461332321167
6547,0.5469730496406555
6548,0.4041007459163666
6549,0.5658054351806641
6550,0.4708997309207916
6551,0.6630570292472839
6552,0.7115558981895447
6553,0.8563203811645508
6554,0.7159572839736938
6555,0.5104983448982239
6556,0.32503336668014526
6557,0.4645777642726898
6558,0.8360579609870911
6559,0.296683669090271
6560,0.4765141010284424
6561,0.30818361043930054
6562,0.39563462138175964
6563,0.549155592918396
6564,0.6591653227806091
6565,0.5775904655456543
6566,0.3904797434806824
6567,0.2895392179489136
6568,0.4159766435623169
6569,0.6835300326347351
6570,0.463615357875824
6571,0.7302007675170898
6572,0.8174200057983398
6573,0.5335357189178467
6574,0.49589335918426514
6575,0.4568268656730652
6576,0.4579398036003113
6577,0.30860307812690735
6578,0.5579341053962708
6579,0.4087076187133789
6580,0.8274635672569275
6581,0.45298364758491516
6582,0.45308518409729004
6583,0.4942399859428406
6584,0.5540562868118286
6585,0.2193233072757721
6586,0.4523276686668396
6587,0.9273137450218201
6588,0.6072139143943787
6589,0.6420804262161255
6590,0.5383040308952332
6591,0.7422670125961304
6592,0.5831303596496582
6593,0.8221432566642761
6594,0.6493719816207886
6595,0.5181611776351929
6596,0.2610350251197815
6597,0.5818930268287659
6598,0.5858681201934814
6599,0.4736180901527405
6600,0.5023359656333923
6601,0.5165585875511169
6602,0.2800902724266052
6603,0.33912110328674316
6604,0.7331380248069763
6605,0.357547789812088
6606,0.5774769186973572
6607,0.71719890832901
6608,0.40332460403442383
6609,0.4996607005596161
6610,0.3954694867134094
6611,0.45238548517227173
6612,0.35675644874572754
6613,0.4119742214679718
6614,0.2107023298740387
6615,0.5025857090950012
6616,0.47939783334732056
6617,0.32494956254959106
6618,0.5172467231750488
6619,0.3530912399291992
6620,0.44413965940475464
6621,0.45538952946662903
6622,0.4926145672798157
6623,0.512886106967926
6624,0.7400510311126709
6625,0.5148252844810486
6626,0.18574433028697968
6627,0.41566964983940125
6628,0.48154520988464355
6629,0.22450745105743408
6630,0.5234355330467224
6631,0.2415136694908142
6632,0.7619179487228394
6633,0.620189905166626
6634,0.5559369921684265
6635,0.5015649199485779
6636,0.6545729637145996
6637,0.418850839138031
6638,0.426948606967926
6639,0.2846818268299103
6640,0.7004299759864807
6641,0.557939887046814
6642,0.6194702386856079
6643,0.7029449343681335
6644,0.43595215678215027
6645,0.27892568707466125
6646,0.571774959564209
6647,0.7564268112182617
6648,0.5006458163261414
6649,0.8112496733665466
6650,0.5067288279533386
6651,0.6175774931907654
6652,0.23351117968559265
6653,0.22922977805137634
6654,0.76292884349823
6655,0.29210782051086426
6656,0.3628444969654083
6657,0.2063375562429428
6658,0.4907030463218689
6659,0.5388587117195129
6660,0.34249529242515564
6661,0.3732200860977173
6662,0.6137493252754211
6663,0.7351292967796326
6664,0.8278803825378418
6665,0.5246779918670654
6666,0.5996012091636658
6667,0.41842031478881836
6668,0.362519770860672
6669,0.6832667589187622
6670,0.3919599652290344
6671,0.3488517999649048
6672,0.7281365394592285
6673,0.3172139525413513
6674,0.5913875102996826
6675,0.5587514042854309
6676,0.6113110780715942
6677,0.7683572769165039
6678,0.5914090871810913
6679,0.6835350394248962
6680,0.26171213388442993
6681,0.32506436109542847
6682,0.2527860105037689
6683,0.36887291073799133
6684,0.6106919050216675
6685,0.6897872686386108
6686,0.5589599609375
6687,0.5547195076942444
6688,0.37448862195014954
6689,0.3688124120235443
6690,0.3665560483932495
6691,0.6342105269432068
6692,0.6553395390510559
6693,0.3417935371398926
6694,0.5447602868080139
6695,0.7339032888412476
6696,0.3617709279060364
6697,0.4067920744419098
6698,0.49696236848831177
6699,0.39448392391204834
6700,0.460029661655426
6701,0.40142810344696045
6702,0.6334579586982727
6703,0.662004828453064
6704,0.43046340346336365
6705,0.6905021071434021
6706,0.7434327006340027
6707,0.3087424039840698
6708,0.6230810284614563
6709,0.2195795774459839
6710,0.571182370185852
6711,0.5621294975280762
6712,0.2048427015542984
6713,0.6060698628425598
6714,0.4000302851200104
6715,0.8151834607124329
6716,0.4733283519744873
6717,0.4779951870441437
6718,0.43531858921051025
6719,0.3659006953239441
6720,0.21160553395748138
6721,0.7660492658615112
6722,0.38762709498405457
6723,0.4671038091182709
6724,0.3237079977989197
6725,0.5312626361846924
6726,0.7369545102119446
6727,0.28289085626602173
6728,0.6903465390205383
6729,0.5876153707504272
6730,0.6426472067832947
6731,0.7235035300254822
6732,0.2620810866355896
6733,0.584324061870575
6734,0.292033314704895
6735,0.4509061872959137
6736,0.4147658348083496
6737,0.7458152174949646
6738,0.8080281019210815
6739,0.32474285364151
6740,0.481223464012146
6741,0.42384034395217896
6742,0.6467897891998291
6743,0.32677987217903137
6744,0.46822765469551086
6745,0.34824272990226746
6746,0.6233972907066345
6747,0.43998023867607117
6748,0.5649012327194214
6749,0.2917734682559967
6750,0.2213982492685318
6751,0.7285680770874023
6752,0.5918086767196655
6753,0.3112512528896332
6754,0.3881779909133911
6755,0.6009836196899414
6756,0.7261157631874084
6757,0.37939077615737915
6758,0.7417173981666565
6759,0.31826841831207275
6760,0.4081679582595825
6761,0.4187922477722168
6762,0.6516562700271606
6763,0.6752886176109314
6764,0.2663150429725647
6765,0.7454083561897278
6766,0.5899705290794373
6767,0.35096389055252075
6768,0.238294318318367
6769,0.5050799250602722
6770,0.4213252365589142
6771,0.49385005235671997
6772,0.5676486492156982
6773,0.2504366338253021
6774,0.4666386544704437
6775,0.4226474165916443
6776,0.37555670738220215
6777,0.5493186712265015
6778,0.5426622629165649
6779,0.5609033703804016
6780,0.7047663927078247
6781,0.6025989651679993
6782,0.5245934128761292
6783,0.2707175612449646
6784,0.4287133514881134
6785,0.43415015935897827
6786,0.4452023208141327
6787,0.7353654503822327
6788,0.2600634694099426
6789,0.5555964708328247
6790,0.527129590511322
6791,0.2340272217988968
6792,0.72652667760849
6793,0.5088083148002625
6794,0.2619421184062958
6795,0.8093721270561218
6796,0.6048313975334167
6797,0.5834277272224426
6798,0.4907975196838379
6799,0.4698774814605713
6800,0.43146929144859314
6801,0.6756979823112488
6802,0.2730749547481537
6803,0.43755948543548584
6804,0.33551323413848877
6805,0.3325181007385254
6806,0.5270155072212219
6807,0.35761600732803345
6808,0.6657605767250061
6809,0.8206382989883423
6810,0.5954429507255554
6811,0.6587018370628357
6812,0.4606650173664093
6813,0.5604112148284912
6814,0.6026079654693604
6815,0.3193942606449127
6816,0.5055212378501892
6817,0.5556080937385559
6818,0.4161219596862793
6819,0.6214366555213928
6820,0.6612209677696228
6821,0.3597375154495239
6822,0.4593883454799652
6823,0.4999235272407532
6824,0.5258557200431824
6825,0.3110077977180481
6826,0.25722062587738037
6827,0.33571749925613403
6828,0.7059838175773621
6829,0.6932417750358582
6830,0.6704187989234924
6831,0.27973634004592896
6832,0.507236123085022
6833,0.3778242766857147
6834,0.34797629714012146
6835,0.26352089643478394
6836,0.7290447354316711
6837,0.43520352244377136
6838,0.566484272480011
6839,0.45955151319503784
6840,0.40830016136169434
6841,0.5772043466567993
6842,0.5018631815910339
6843,0.5842939019203186
6844,0.5814749002456665
6845,0.4168536067008972
6846,0.7941555976867676
6847,0.5745718479156494
6848,0.8198519945144653
6849,0.6442916989326477
6850,0.3726513981819153
6851,0.38950270414352417
6852,0.5850256681442261
6853,0.3919844925403595
6854,0.4063708782196045
6855,0.3322667181491852
6856,0.7824376821517944
6857,0.6082756519317627
6858,0.5039023756980896
6859,0.6999842524528503
6860,0.5445482730865479
6861,0.5301982760429382
6862,0.8335837721824646
6863,0.6116388440132141
6864,0.2641527056694031
6865,0.4766579866409302
6866,0.469551146030426
6867,0.3327189087867737
6868,0.8820684552192688
6869,0.7429822087287903
6870,0.318023145198822
6871,0.34124401211738586
6872,0.7533808350563049
6873,0.2244214117527008
6874,0.4008001387119293
6875,0.5635797381401062
6876,0.39907607436180115
6877,0.6513487100601196
6878,0.5279582738876343
6879,0.4515349864959717
6880,0.5249761939048767
6881,0.4108249545097351
6882,0.3415032625198364
6883,0.4061661958694458
6884,0.4443761706352234
6885,0.6579498648643494
6886,0.8207710385322571
6887,0.5595380663871765
6888,0.7099180817604065
6889,0.6610262989997864
6890,0.43921536207199097
6891,0.3363516926765442
6892,0.7441015243530273
6893,0.4422253370285034
6894,0.42769378423690796
6895,0.2980508804321289
6896,0.6041862368583679
6897,0.2596471607685089
6898,0.4463365972042084
6899,0.7732543349266052
6900,0.20528686046600342
6901,0.4181278944015503
6902,0.6464283466339111
6903,0.24034251272678375
6904,0.22109432518482208
6905,0.22680781781673431
6906,0.5031905174255371
6907,0.7201029658317566
6908,0.31742772459983826
6909,0.4022587239742279
6910,0.3248019814491272
6911,0.5508202314376831
6912,0.4844396412372589
6913,0.2970983386039734
6914,0.23280532658100128
6915,0.3447323143482208
6916,0.33167508244514465
6917,0.2088732272386551
6918,0.3392080068588257
6919,0.7888521552085876
6920,0.7559576034545898
6921,0.7181093096733093
6922,0.4338955581188202
6923,0.5088624954223633
6924,0.5937179327011108
6925,0.4520907402038574
6926,0.7714175581932068
6927,0.5561102628707886
6928,0.4293696880340576
6929,0.3464100658893585
6930,0.4843216836452484
6931,0.5710663199424744
6932,0.7102510333061218
6933,0.35961079597473145
6934,0.3377370834350586
6935,0.5171725153923035
6936,0.5818843841552734
6937,0.45492103695869446
6938,0.3826654255390167
6939,0.765211284160614
6940,0.7627907991409302
6941,0.4628031849861145
6942,0.2752837538719177
6943,0.2680441439151764
6944,0.7240509986877441
6945,0.7755412459373474
6946,0.6722896695137024
6947,0.4573401212692261
6948,0.2784919738769531
6949,0.40813392400741577
6950,0.6634517312049866
6951,0.5978047847747803
6952,0.1929849088191986
6953,0.4988832473754883
6954,0.4246055781841278
6955,0.37673619389533997
6956,0.26339441537857056
6957,0.2703548073768616
6958,0.6577658653259277
6959,0.7946427464485168
6960,0.45705655217170715
6961,0.7423080801963806
6962,0.2992175221443176
6963,0.3748433291912079
6964,0.7287997603416443
6965,0.8234714269638062
6966,0.7316766977310181
6967,0.7579426169395447
6968,0.4957802891731262
6969,0.46710890531539917
6970,0.5759720206260681
6971,0.5008265376091003
6972,0.600007176399231
6973,0.35211628675460815
6974,0.7028435468673706
6975,0.40991345047950745
6976,0.5244911313056946
6977,0.5295310616493225
6978,0.49926039576530457
6979,0.2333461493253708
6980,0.4304475784301758
6981,0.4660290777683258
6982,0.7506605982780457
6983,0.7272567749023438
6984,0.44110211730003357
6985,0.2589879035949707
6986,0.31576576828956604
6987,0.6199529767036438
6988,0.29211270809173584
6989,0.7250290513038635
6990,0.4901244640350342
6991,0.8189545273780823
6992,0.7508187294006348
6993,0.31961145997047424
6994,0.3399662673473358
6995,0.3681909739971161
6996,0.3825494050979614
6997,0.6051590442657471
6998,0.3225596845149994
6999,0.39704179763793945
7000,0.7166690230369568
7001,0.4113573133945465
7002,0.5202606916427612
7003,0.2753579914569855
7004,0.6612532138824463
7005,0.33707791566848755
7006,0.596951961517334
7007,0.4702080190181732
7008,0.6893415451049805
7009,0.6490796208381653
7010,0.569553554058075
7011,0.33464154601097107
7012,0.3582010567188263
7013,0.5068585872650146
7014,0.8113622665405273
7015,0.2400081902742386
7016,0.2471703141927719
7017,0.47314155101776123
7018,0.3272445499897003
7019,0.7764024138450623
7020,0.327345609664917
7021,0.5210384130477905
7022,0.47609591484069824
7023,0.48540130257606506
7024,0.6316865086555481
7025,0.7573418021202087
7026,0.4281013011932373
7027,0.4768373370170593
7028,0.7703502178192139
7029,0.31665486097335815
7030,0.3517489731311798
7031,0.39242619276046753
7032,0.5674115419387817
7033,0.6778903603553772
7034,0.7139289379119873
7035,0.6536386609077454
7036,0.3415602445602417
7037,0.7910879254341125
7038,0.232234388589859
7039,0.46415209770202637
7040,0.6236263513565063
7041,0.6779297590255737
7042,0.4720775783061981
7043,0.835409939289093
7044,0.337737113237381
7045,0.5216856598854065
7046,0.7899972796440125
7047,0.3153107464313507
7048,0.7281095385551453
7049,0.320932537317276
7050,0.5109248757362366
7051,0.7172344923019409
7052,0.6230548024177551
7053,0.41600239276885986
7054,0.5778154730796814
7055,0.7515946626663208
7056,0.4991046190261841
7057,0.26773837208747864
7058,0.304057240486145
7059,0.6528811454772949
7060,0.8188894987106323
7061,0.7912054061889648
7062,0.5334675312042236
7063,0.6689499020576477
7064,0.3571746349334717
7065,0.3726387023925781
7066,0.6389866471290588
7067,0.5477307438850403
7068,0.7772801518440247
7069,0.673168957233429
7070,0.25537005066871643
7071,0.7262601256370544
7072,0.3843168020248413
7073,0.4677732288837433
7074,0.5907033681869507
7075,0.6867881417274475
7076,0.4305073916912079
7077,0.20258116722106934
7078,0.3205655515193939
7079,0.20610962808132172
7080,0.3970188796520233
7081,0.48700621724128723
7082,0.32373443245887756
7083,0.859211266040802
7084,0.493635356426239
7085,0.316741943359375
7086,0.34265175461769104
7087,0.22073763608932495
7088,0.5165156722068787
7089,0.2327236831188202
7090,0.6236371397972107
7091,0.5158247351646423
7092,0.25120168924331665
7093,0.5076613426208496
7094,0.44250357151031494
7095,0.7566232085227966
7096,0.20862987637519836
7097,0.49798139929771423
7098,0.45102620124816895
7099,0.8373189568519592
7100,0.3546707034111023
7101,0.2511223256587982
7102,0.698905885219574
7103,0.20285753905773163
7104,0.49878472089767456
7105,0.5589615106582642
7106,0.4227360188961029
7107,0.2822858393192291
7108,0.43120452761650085
7109,0.544796347618103
7110,0.6522893309593201
7111,0.6774298548698425
7112,0.8072102665901184
7113,0.5344846248626709
7114,0.6640399098396301
7115,0.41874444484710693
7116,0.4352739155292511
7117,0.3808395266532898
7118,0.7628898620605469
7119,0.5890430808067322
7120,0.823972225189209
7121,0.26967620849609375
7122,0.39761048555374146
7123,0.36193540692329407
7124,0.24782486259937286
7125,0.5151801109313965
7126,0.38364747166633606
7127,0.549044668674469
7128,0.4670651853084564
7129,0.8044539093971252
7130,0.6528789401054382
7131,0.6824783086776733
7132,0.7115226984024048
7133,0.47162237763404846
7134,0.7424342036247253
7135,0.7511681914329529
7136,0.5232816338539124
7137,0.47580212354660034
7138,0.79557865858078
7139,0.6653920412063599
7140,0.4077591300010681
7141,0.6281216144561768
7142,0.6157198548316956
7143,0.6235162615776062
7144,0.35656729340553284
7145,0.5076876282691956
7146,0.5795261263847351
7147,0.7183263897895813
7148,0.4143907427787781
7149,0.6649208068847656
7150,0.5945269465446472
7151,0.48253321647644043
7152,0.27929556369781494
7153,0.21403150260448456
7154,0.21644961833953857
7155,0.6614207029342651
7156,0.5606951713562012
7157,0.32361987233161926
7158,0.6167919635772705
7159,0.27192217111587524
7160,0.39984408020973206
7161,0.7955784797668457
7162,0.7976670265197754
7163,0.4839978516101837
7164,0.6792131662368774
7165,0.5436311364173889
7166,0.5258113741874695
7167,0.7483476400375366
7168,0.7228851318359375
7169,0.4803043305873871
7170,0.7089014649391174
7171,0.4938325881958008
7172,0.4252658784389496
7173,0.3787544369697571
7174,0.6023830771446228
7175,0.31294378638267517
7176,0.38595208525657654
7177,0.557493269443512
7178,0.2400425374507904
7179,0.6645898222923279
7180,0.7039632201194763
7181,0.43377137184143066
7182,0.7710486054420471
7183,0.47408273816108704
7184,0.507476806640625
7185,0.583163321018219
7186,0.2829466462135315
7187,0.5641362071037292
7188,0.21464121341705322
7189,0.585594117641449
7190,0.7592810392379761
7191,0.7429399490356445
7192,0.2679768204689026
7193,0.5855937600135803
7194,0.20402751863002777
7195,0.49783992767333984
7196,0.4223092496395111
7197,0.32409822940826416
7198,0.5738513469696045
7199,0.7763219475746155
7200,0.4288111925125122
7201,0.7198601961135864
7202,0.5378133654594421
7203,0.6400333642959595
7204,0.4483562707901001
7205,0.3835686445236206
7206,0.6834321618080139
7207,0.5088090896606445
7208,0.5722439289093018
7209,0.3565025329589844
7210,0.6725141406059265
7211,0.6536108255386353
7212,0.6129701733589172
7213,0.538115918636322
7214,0.8347823619842529
7215,0.22107568383216858
7216,0.7962425351142883
7217,0.5840458273887634
7218,0.40200212597846985
7219,0.4936445951461792
7220,0.826265811920166
7221,0.31441739201545715
7222,0.5425534844398499
7223,0.41706690192222595
7224,0.36313483119010925
7225,0.21939338743686676
7226,0.7196107506752014
7227,0.4335567355155945
7228,0.5953240990638733
7229,0.2097776234149933
7230,0.6639713048934937
7231,0.4260621666908264
7232,0.7072204351425171
7233,0.45935091376304626
7234,0.4555303454399109
7235,0.7831258177757263
7236,0.32631194591522217
7237,0.7062138319015503
7238,0.49023640155792236
7239,0.7834334373474121
7240,0.23734574019908905
7241,0.586936891078949
7242,0.7915632128715515
7243,0.7344548106193542
7244,0.23548901081085205
7245,0.7916038632392883
7246,0.6542362570762634
7247,0.2619885504245758
7248,0.8243040442466736
7249,0.7241997718811035
7250,0.36524996161460876
7251,0.5705118775367737
7252,0.5578412413597107
7253,0.6405460238456726
7254,0.20505812764167786
7255,0.5784187912940979
7256,0.71507728099823
7257,0.4932900369167328
7258,0.6281583905220032
7259,0.2763463854789734
7260,0.7775401473045349
7261,0.7128582000732422
7262,0.3909781277179718
7263,0.48831602931022644
7264,0.2059343159198761
7265,0.7440782189369202
7266,0.5498417615890503
7267,0.49768075346946716
7268,0.31710660457611084
7269,0.3933112621307373
7270,0.8024196624755859
7271,0.27828556299209595
7272,0.6316968202590942
7273,0.193763867020607
7274,0.7262551188468933
7275,0.6464261412620544
7276,0.8149933815002441
7277,0.5327270030975342
7278,0.6168715357780457
7279,0.795333206653595
7280,0.3629426658153534
7281,0.5415172576904297
7282,0.6513839364051819
7283,0.5973684787750244
7284,0.631922721862793
7285,0.36280113458633423
7286,0.5181321501731873
7287,0.5731968283653259
7288,0.3103160262107849
7289,0.34596067667007446
7290,0.6219783425331116
7291,0.5067972540855408
7292,0.8501604199409485
7293,0.293681263923645
7294,0.27400848269462585
7295,0.34970879554748535
7296,0.5717251300811768
7297,0.8213566541671753
7298,0.2995099425315857
7299,0.694531261920929
7300,0.4354853630065918
7301,0.7107888460159302
7302,0.6710408329963684
7303,0.3617962598800659
7304,0.31474587321281433
7305,0.36786389350891113
7306,0.39612051844596863
7307,0.2915387451648712
7308,0.2505057752132416
7309,0.44496041536331177
7310,0.36212775111198425
7311,0.20796480774879456
7312,0.7283288240432739
7313,0.5462681651115417
7314,0.39897671341896057
7315,0.7986541390419006
7316,0.8366737961769104
7317,0.38268083333969116
7318,0.24450960755348206
7319,0.26627445220947266
7320,0.4998518228530884
7321,0.6492708325386047
7322,0.2598935067653656
7323,0.5742828249931335
7324,0.39670079946517944
7325,0.2577546536922455
7326,0.40380555391311646
7327,0.6580933928489685
7328,0.28949517011642456
7329,0.658218502998352
7330,0.7447987198829651
7331,0.6287556886672974
7332,0.7024033069610596
7333,0.2686305642127991
7334,0.6783915758132935
7335,0.6058666110038757
7336,0.27971553802490234
7337,0.4350031018257141
7338,0.7687442302703857
7339,0.3071936070919037
7340,0.4170200228691101
7341,0.6430796384811401
7342,0.8224964737892151
7343,0.45575499534606934
7344,0.6326051354408264
7345,0.7325587272644043
7346,0.548779308795929
7347,0.2273198962211609
7348,0.5293734073638916
7349,0.46627306938171387
7350,0.6024054884910583
7351,0.2529379725456238
7352,0.2590901851654053
7353,0.5320806503295898
7354,0.5656653642654419
7355,0.42082083225250244
7356,0.6819966435432434
7357,0.19107070565223694
7358,0.9145026803016663
7359,0.47871917486190796
7360,0.22683702409267426
7361,0.2652481496334076
7362,0.5503590703010559
7363,0.45660215616226196
7364,0.655209481716156
7365,0.6351354122161865
7366,0.4393065273761749
7367,0.30208855867385864
7368,0.30075716972351074
7369,0.26980525255203247
7370,0.4674123525619507
7371,0.27481165528297424
7372,0.7668377757072449
7373,0.5428868532180786
7374,0.7066944241523743
7375,0.7744604349136353
7376,0.654835045337677
7377,0.8146684169769287
7378,0.24897858500480652
7379,0.3454855978488922
7380,0.7162374258041382
7381,0.4190915524959564
7382,0.2919287085533142
7383,0.6253857612609863
7384,0.387273371219635
7385,0.46434515714645386
7386,0.4832378625869751
7387,0.5693312287330627
7388,0.24819603562355042
7389,0.828606128692627
7390,0.41868627071380615
7391,0.4475744664669037
7392,0.3997490406036377
7393,0.48373711109161377
7394,0.5147717595100403
7395,0.7599328756332397
7396,0.3534431457519531
7397,0.6314601898193359
7398,0.35484710335731506
7399,0.40704864263534546
7400,0.4278012812137604
7401,0.6826146245002747
7402,0.4300931394100189
7403,0.7808360457420349
7404,0.3139568865299225
7405,0.8054093718528748
7406,0.528825044631958
7407,0.6010560989379883
7408,0.6230740547180176
7409,0.6979991793632507
7410,0.7990871071815491
7411,0.624699592590332
7412,0.5210971236228943
7413,0.5034728646278381
7414,0.24105516076087952
7415,0.790715754032135
7416,0.5837855935096741
7417,0.34330251812934875
7418,0.4351577162742615
7419,0.6230854988098145
7420,0.5334881544113159
7421,0.41368600726127625
7422,0.7615787982940674
7423,0.6464026570320129
7424,0.643278956413269
7425,0.5462803244590759
7426,0.7747922539710999
7427,0.8248122930526733
7428,0.5414074659347534
7429,0.38555818796157837
7430,0.5828317403793335
7431,0.44974517822265625
7432,0.3973262906074524
7433,0.7358478307723999
7434,0.6389173865318298
7435,0.4969419240951538
7436,0.6706635355949402
7437,0.3567380905151367
7438,0.2356749325990677
7439,0.28037914633750916
7440,0.5079215168952942
7441,0.3681512773036957
7442,0.7794036269187927
7443,0.4711664617061615
7444,0.431421160697937
7445,0.3275206685066223
7446,0.6612804532051086
7447,0.4940447211265564
7448,0.4106132984161377
7449,0.3216498792171478
7450,0.5671432614326477
7451,0.45843663811683655
7452,0.5121509432792664
7453,0.36149466037750244
7454,0.28313982486724854
7455,0.747987687587738
7456,0.7656206488609314
7457,0.43308743834495544
7458,0.2609749436378479
7459,0.7967891097068787
7460,0.8089903593063354
7461,0.43144798278808594
7462,0.7377477288246155
7463,0.3820006847381592
7464,0.5768046379089355
7465,0.39344918727874756
7466,0.5363315939903259
7467,0.4338347315788269
7468,0.4119417667388916
7469,0.4226348102092743
7470,0.32726138830184937
7471,0.44600188732147217
7472,0.4534958600997925
7473,0.43000906705856323
7474,0.6358716487884521
7475,0.7244377136230469
7476,0.5680821537971497
7477,0.31879863142967224
7478,0.24227118492126465
7479,0.20979931950569153
7480,0.5172911286354065
7481,0.35139548778533936
7482,0.70588219165802
7483,0.5351839065551758
7484,0.3705827593803406
7485,0.36794817447662354
7486,0.452717125415802
7487,0.491091251373291
7488,0.5669072270393372
7489,0.806695818901062
7490,0.43316635489463806
7491,0.6142537593841553
7492,0.39814600348472595
7493,0.5179901719093323
7494,0.6188621520996094
7495,0.3249856233596802
7496,0.4063892364501953
7497,0.27392736077308655
7498,0.8200958371162415
7499,0.7357762455940247
7500,0.28750360012054443
7501,0.47068047523498535
7502,0.28526562452316284
7503,0.5948184132575989
7504,0.5030587315559387
7505,0.4745005965232849
7506,0.6808900833129883
7507,0.2930210828781128
7508,0.4960249066352844
7509,0.34306296706199646
7510,0.6207449436187744
7511,0.6907945275306702
7512,0.4533652663230896
7513,0.22428816556930542
7514,0.42008548974990845
7515,0.22095681726932526
7516,0.4013572931289673
7517,0.4770248830318451
7518,0.36910244822502136
7519,0.5391725897789001
7520,0.38147789239883423
7521,0.34119924902915955
7522,0.3318744897842407
7523,0.5470448136329651
7524,0.22448799014091492
7525,0.6183390021324158
7526,0.6393502950668335
7527,0.6074426174163818
7528,0.30229514837265015
7529,0.29413163661956787
7530,0.3184654414653778
7531,0.7437530159950256
7532,0.5290136337280273
7533,0.20248621702194214
7534,0.5941017866134644
7535,0.5128867626190186
7536,0.6965429782867432
7537,0.27949652075767517
7538,0.4539819061756134
7539,0.34082281589508057
7540,0.7506356239318848
7541,0.4305732250213623
7542,0.21261799335479736
7543,0.8123092651367188
7544,0.6489505767822266
7545,0.3601735830307007
7546,0.4320487082004547
7547,0.373638778924942
7548,0.31713077425956726
7549,0.6474577784538269
7550,0.20519901812076569
7551,0.31343981623649597
7552,0.41517114639282227
7553,0.5803033709526062
7554,0.38929468393325806
7555,0.37848156690597534
7556,0.5730578303337097
7557,0.5202842354774475
7558,0.7410457730293274
7559,0.28532612323760986
7560,0.460327684879303
7561,0.8887253999710083
7562,0.7999767065048218
7563,0.2735077142715454
7564,0.5529717803001404
7565,0.575054943561554
7566,0.23979222774505615
7567,0.47876623272895813
7568,0.8146871328353882
7569,0.2765316665172577
7570,0.7841953039169312
7571,0.6363717317581177
7572,0.4939199686050415
7573,0.5693209171295166
7574,0.23212768137454987
7575,0.26130247116088867
7576,0.7507636547088623
7577,0.4530543386936188
7578,0.5543593764305115
7579,0.3595655858516693
7580,0.41776537895202637
7581,0.6570419073104858
7582,0.8311921954154968
7583,0.38797205686569214
7584,0.35152706503868103
7585,0.40950286388397217
7586,0.6910110116004944
7587,0.3427301049232483
7588,0.3543059229850769
7589,0.7243887782096863
7590,0.7855642437934875
7591,0.441319078207016
7592,0.5982153415679932
7593,0.29511964321136475
7594,0.7966259717941284
7595,0.4642348289489746
7596,0.6197196841239929
7597,0.5965492725372314
7598,0.8090444207191467
7599,0.5483791828155518
7600,0.8447191119194031
7601,0.2135881632566452
7602,0.7360948920249939
7603,0.7860822081565857
7604,0.61674565076828
7605,0.3131987452507019
7606,0.3093405067920685
7607,0.37186717987060547
7608,0.4992014169692993
7609,0.8522335290908813
7610,0.6394178867340088
7611,0.5982914566993713
7612,0.47785457968711853
7613,0.7755840420722961
7614,0.17806732654571533
7615,0.7091745734214783
7616,0.40502938628196716
7617,0.6140382289886475
7618,0.6240741014480591
7619,0.41295376420021057
7620,0.5627560019493103
7621,0.22127290070056915
7622,0.21403539180755615
7623,0.6500219702720642
7624,0.665012776851654
7625,0.5232062339782715
7626,0.7194702625274658
7627,0.6720969676971436
7628,0.645890474319458
7629,0.5319741368293762
7630,0.5625084042549133
7631,0.43480750918388367
7632,0.2763543725013733
7633,0.5073806643486023
7634,0.20075571537017822
7635,0.5691437125205994
7636,0.2092648297548294
7637,0.2706927955150604
7638,0.34791532158851624
7639,0.2856844663619995
7640,0.6625857949256897
7641,0.540384829044342
7642,0.3367891311645508
7643,0.347202867269516
7644,0.37346306443214417
7645,0.40457046031951904
7646,0.22292673587799072
7647,0.5605212450027466
7648,0.2686595022678375
7649,0.5202690362930298
7650,0.5405414700508118
7651,0.5985009074211121
7652,0.8400140404701233
7653,0.7894874215126038
7654,0.5393636226654053
7655,0.7383509278297424
7656,0.41462790966033936
7657,0.40031638741493225
7658,0.5547233819961548
7659,0.3800381124019623
7660,0.38052937388420105
7661,0.4175046384334564
7662,0.5885717868804932
7663,0.27228355407714844
7664,0.8327038884162903
7665,0.4623780846595764
7666,0.5585851073265076
7667,0.5138528943061829
7668,0.6070910692214966
7669,0.3593858778476715
7670,0.6514442563056946
7671,0.3958905339241028
7672,0.2945778965950012
7673,0.8179106712341309
7674,0.43849438428878784
7675,0.5357934832572937
7676,0.3794335722923279
7677,0.30184727907180786
7678,0.3909464478492737
7679,0.7755970358848572
7680,0.749459445476532
7681,0.3893059492111206
7682,0.7329111099243164
7683,0.34979143738746643
7684,0.7798805236816406
7685,0.4684678614139557
7686,0.37461602687835693
7687,0.5103651881217957
7688,0.3281933665275574
7689,0.32731708884239197
7690,0.3968372344970703
7691,0.8492981791496277
7692,0.7924657464027405
7693,0.7131205797195435
7694,0.2854488790035248
7695,0.5935561656951904
7696,0.28491610288619995
7697,0.5176485180854797
7698,0.5203399062156677
7699,0.32187122106552124
7700,0.19866642355918884
7701,0.6806830167770386
7702,0.40268799662590027
7703,0.2862520217895508
7704,0.6951652765274048
7705,0.8028867244720459
7706,0.6016246676445007
7707,0.37500903010368347
7708,0.2889886796474457
7709,0.26293033361434937
7710,0.6215698719024658
7711,0.37660178542137146
7712,0.4276234209537506
7713,0.69542396068573
7714,0.8463670015335083
7715,0.24350786209106445
7716,0.5787522196769714
7717,0.5388574004173279
7718,0.7614078521728516
7719,0.3551626205444336
7720,0.6519208550453186
7721,0.4009198546409607
7722,0.23251695930957794
7723,0.7540332078933716
7724,0.3451251685619354
7725,0.6362624764442444
7726,0.30861538648605347
7727,0.6938477158546448
7728,0.6048280596733093
7729,0.7163180708885193
7730,0.6775414347648621
7731,0.5548893809318542
7732,0.5299367904663086
7733,0.6308318972587585
7734,0.5988957285881042
7735,0.2729690968990326
7736,0.20666885375976562
7737,0.6259578466415405
7738,0.7283396124839783
7739,0.29260897636413574
7740,0.31083086133003235
7741,0.2696332335472107
7742,0.5548526644706726
7743,0.7110071778297424
7744,0.6659030318260193
7745,0.5278065800666809
7746,0.5426751375198364
7747,0.31713801622390747
7748,0.2808496952056885
7749,0.5115668177604675
7750,0.7424191832542419
7751,0.5357692241668701
7752,0.6186286211013794
7753,0.3043379485607147
7754,0.5335379242897034
7755,0.6037132143974304
7756,0.7414695620536804
7757,0.7721742987632751
7758,0.43766558170318604
7759,0.6320467591285706
7760,0.5809417963027954
7761,0.3574332296848297
7762,0.5409257411956787
7763,0.24436494708061218
7764,0.36491328477859497
7765,0.35021474957466125
7766,0.605257511138916
7767,0.7087016701698303
7768,0.5733340382575989
7769,0.8474566340446472
7770,0.6257584691047668
7771,0.284330815076828
7772,0.8084002733230591
7773,0.6312953233718872
7774,0.5089455246925354
7775,0.48184943199157715
7776,0.3004437983036041
7777,0.8186014294624329
7778,0.20465967059135437
7779,0.20178747177124023
7780,0.23078125715255737
7781,0.41538751125335693
7782,0.5392410755157471
7783,0.3447763919830322
7784,0.298044890165329
7785,0.7904919981956482
7786,0.4218040108680725
7787,0.3187578320503235
7788,0.24658972024917603
7789,0.29442304372787476
7790,0.4677209258079529
7791,0.4420509338378906
7792,0.7729723453521729
7793,0.7786458134651184
7794,0.8202334642410278
7795,0.21111872792243958
7796,0.8006740212440491
7797,0.5287904143333435
7798,0.20285986363887787
7799,0.3803696632385254
7800,0.7362674474716187
7801,0.7346285581588745
7802,0.8344449996948242
7803,0.7959557175636292
7804,0.4710296392440796
7805,0.48891592025756836
7806,0.27046719193458557
7807,0.338461697101593
7808,0.7766978144645691
7809,0.49115821719169617
7810,0.6709359288215637
7811,0.7282140254974365
7812,0.38139623403549194
7813,0.7153508067131042
7814,0.5215676426887512
7815,0.7711339592933655
7816,0.5253836512565613
7817,0.2961827218532562
7818,0.34702280163764954
7819,0.4451234042644501
7820,0.6481578946113586
7821,0.23608069121837616
7822,0.5829934477806091
7823,0.7736722826957703
7824,0.2926776111125946
7825,0.4367219805717468
7826,0.3818565607070923
7827,0.2254450023174286
7828,0.41539692878723145
7829,0.7452889084815979
7830,0.5024939775466919
7831,0.5091860890388489
7832,0.4804273545742035
7833,0.40075990557670593
7834,0.5952485203742981
7835,0.3251286745071411
7836,0.29945579171180725
7837,0.3671855628490448
7838,0.6577817797660828
7839,0.4996385872364044
7840,0.35134974122047424
7841,0.4575182795524597
7842,0.78048175573349
7843,0.4027724266052246
7844,0.456453800201416
7845,0.3930477201938629
7846,0.3506573736667633
7847,0.43973508477211
7848,0.6155434846878052
7849,0.6316630840301514
7850,0.45053553581237793
7851,0.5133209824562073
7852,0.447223037481308
7853,0.323390930891037
7854,0.3671948313713074
7855,0.7961025238037109
7856,0.6116758584976196
7857,0.2211037129163742
7858,0.32796841859817505
7859,0.6417451500892639
7860,0.543377161026001
7861,0.4314398169517517
7862,0.296115517616272
7863,0.5169338583946228
7864,0.30160772800445557
7865,0.37112319469451904
7866,0.4294804036617279
7867,0.5936560034751892
7868,0.24369853734970093
7869,0.5456914305686951
7870,0.7271137833595276
7871,0.751142144203186
7872,0.7252922058105469
7873,0.3322138786315918
7874,0.5715087652206421
7875,0.42338812351226807
7876,0.6159519553184509
7877,0.36339282989501953
7878,0.4367987811565399
7879,0.42259544134140015
7880,0.27234524488449097
7881,0.5169941782951355
7882,0.6129226684570312
7883,0.27839866280555725
7884,0.7038689851760864
7885,0.8114852905273438
7886,0.8066800236701965
7887,0.3758421540260315
7888,0.29537320137023926
7889,0.6708576083183289
7890,0.3449021875858307
7891,0.7244033813476562
7892,0.49482280015945435
7893,0.47663381695747375
7894,0.8189567923545837
7895,0.448380708694458
7896,0.6070253252983093
7897,0.7201781868934631
7898,0.6421111822128296
7899,0.797776997089386
7900,0.4919842779636383
7901,0.2714557647705078
7902,0.41287529468536377
7903,0.2587379515171051
7904,0.44847777485847473
7905,0.4609060287475586
7906,0.3865125775337219
7907,0.6565064787864685
7908,0.6161465048789978
7909,0.5074139833450317
7910,0.5176578760147095
7911,0.8440194129943848
7912,0.7896914482116699
7913,0.591511607170105
7914,0.6411763429641724
7915,0.42028719186782837
7916,0.4939064681529999
7917,0.5335716605186462
7918,0.43307653069496155
7919,0.37914562225341797
7920,0.531095027923584
7921,0.5543730854988098
7922,0.40444308519363403
7923,0.5854023098945618
7924,0.2993609309196472
7925,0.7026904225349426
7926,0.30034202337265015
7927,0.7046441435813904
7928,0.5900774598121643
7929,0.33068475127220154
7930,0.7238491773605347
7931,0.6524085998535156
7932,0.7143572568893433
7933,0.44877108931541443
7934,0.3115871846675873
7935,0.6966955661773682
7936,0.5356117486953735
7937,0.7207430601119995
7938,0.40869152545928955
7939,0.7814074158668518
7940,0.8225111961364746
7941,0.6186820864677429
7942,0.5169300436973572
7943,0.4605754613876343
7944,0.7102192640304565
7945,0.3578852117061615
7946,0.6417930126190186
7947,0.42422786355018616
7948,0.7081846594810486
7949,0.5682651996612549
7950,0.4823065400123596
7951,0.5115166902542114
7952,0.7206649780273438
7953,0.5267022252082825
7954,0.22313116490840912
7955,0.7424581050872803
7956,0.3151516318321228
7957,0.2907140254974365
7958,0.7870959639549255
7959,0.5407866835594177
7960,0.7698701620101929
7961,0.45999160408973694
7962,0.3185669481754303
7963,0.5770607590675354
7964,0.2625631093978882
7965,0.6734218001365662
7966,0.4058355987071991
7967,0.39894556999206543
7968,0.5140910148620605
7969,0.2885621190071106
7970,0.23573890328407288
7971,0.49188232421875
7972,0.5843793749809265
7973,0.7636870741844177
7974,0.5289204716682434
7975,0.604407787322998
7976,0.4570099711418152
7977,0.3883005678653717
7978,0.36286312341690063
7979,0.35266855359077454
7980,0.8350871801376343
7981,0.7356457114219666
7982,0.25938063859939575
7983,0.5831512212753296
7984,0.38777950406074524
7985,0.3232751488685608
7986,0.5229933857917786
7987,0.5356411337852478
7988,0.5303114652633667
7989,0.4660055339336395
7990,0.28616705536842346
7991,0.6799496412277222
7992,0.5417426824569702
7993,0.6569694876670837
7994,0.3704892098903656
7995,0.7792325019836426
7996,0.31261423230171204
7997,0.7495906352996826
7998,0.3086145222187042
7999,0.4863560199737549
8000,0.4119415283203125
8001,0.41390082240104675
8002,0.522108256816864
8003,0.5518231391906738
8004,0.5987030863761902
8005,0.4126822054386139
8006,0.4506779611110687
8007,0.6019721627235413
8008,0.3939899504184723
8009,0.7592152953147888
8010,0.6896650195121765
8011,0.781779944896698
8012,0.6756792664527893
8013,0.7428723573684692
8014,0.475406289100647
8015,0.35743170976638794
8016,0.5995311141014099
8017,0.6487308144569397
8018,0.7501866221427917
8019,0.5682851076126099
8020,0.23330971598625183
8021,0.5678518414497375
8022,0.8251555562019348
8023,0.38715022802352905
8024,0.827759325504303
8025,0.2610345482826233
8026,0.5378959774971008
8027,0.6931503415107727
8028,0.4685869812965393
8029,0.8458276987075806
8030,0.5935133695602417
8031,0.42827627062797546
8032,0.41509830951690674
8033,0.6213344931602478
8034,0.38612791895866394
8035,0.33516794443130493
8036,0.40758708119392395
8037,0.7079618573188782
8038,0.40483400225639343
8039,0.46857136487960815
8040,0.18627403676509857
8041,0.69829261302948
8042,0.47381165623664856
8043,0.4903443455696106
8044,0.45903339982032776
8045,0.4197629988193512
8046,0.7488222718238831
8047,0.48600518703460693
8048,0.7622867822647095
8049,0.4699125289916992
8050,0.636915922164917
8051,0.3505207300186157
8052,0.39208540320396423
8053,0.6723907589912415
8054,0.2775692641735077
8055,0.4174552261829376
8056,0.3465348482131958
8057,0.4547760784626007
8058,0.4181407690048218
8059,0.24893483519554138
8060,0.4763646721839905
8061,0.8237623572349548
8062,0.750508725643158
8063,0.7431669235229492
8064,0.7517111301422119
8065,0.24031823873519897
8066,0.19016045331954956
8067,0.316459596157074
8068,0.41976913809776306
8069,0.20686210691928864
8070,0.3978431224822998
8071,0.6409842371940613
8072,0.37215450406074524
8073,0.34174320101737976
8074,0.29952237010002136
8075,0.7454496622085571
8076,0.6931149959564209
8077,0.25442004203796387
8078,0.4345608949661255
8079,0.7114973664283752
8080,0.7791783809661865
8081,0.5039303302764893
8082,0.3295679986476898
8083,0.6532367467880249
8084,0.403120219707489
8085,0.4269513487815857
8086,0.7782328128814697
8087,0.5004026889801025
8088,0.5020028948783875
8089,0.28578269481658936
8090,0.728564977645874
8091,0.46502089500427246
8092,0.29234644770622253
8093,0.4925900101661682
8094,0.6548151969909668
8095,0.8344906568527222
8096,0.5930063724517822
8097,0.3077514171600342
8098,0.6565165519714355
8099,0.503487229347229
8100,0.4917486310005188
8101,0.76152104139328
8102,0.4286763668060303
8103,0.6255152225494385
8104,0.32480892539024353
8105,0.6698449850082397
8106,0.8633542656898499
8107,0.8033732175827026
8108,0.740168571472168
8109,0.494446337223053
8110,0.4256860911846161
8111,0.2105960249900818
8112,0.3547065556049347
8113,0.4320543110370636
8114,0.6185957193374634
8115,0.6039562225341797
8116,0.24864935874938965
8117,0.7250903844833374
8118,0.5156726241111755
8119,0.453006774187088
8120,0.6524580717086792
8121,0.34075072407722473
8122,0.48575812578201294
8123,0.557680606842041
8124,0.49634480476379395
8125,0.4399789571762085
8126,0.3048470616340637
8127,0.3068747818470001
8128,0.364874929189682
8129,0.6538059711456299
8130,0.5330678820610046
8131,0.6197968125343323
8132,0.3451401889324188
8133,0.7728138566017151
8134,0.7371599078178406
8135,0.38555723428726196
8136,0.7199676632881165
8137,0.21539078652858734
8138,0.7326716184616089
8139,0.5648967623710632
8140,0.5962550044059753
8141,0.5558009743690491
8142,0.5153451561927795
8143,0.8344747424125671
8144,0.1888769119977951
8145,0.5806185603141785
8146,0.3199918568134308
8147,0.6474400162696838
8148,0.4527890086174011
8149,0.33293387293815613
8150,0.40847712755203247
8151,0.7748633623123169
8152,0.4398176670074463
8153,0.4462147653102875
8154,0.6101601719856262
8155,0.3558264672756195
8156,0.4580479562282562
8157,0.29517459869384766
8158,0.3876689076423645
8159,0.6844366192817688
8160,0.3739696145057678
8161,0.4996684193611145
8162,0.27837318181991577
8163,0.4754081964492798
8164,0.5954646468162537
8165,0.48942244052886963
8166,0.19527947902679443
8167,0.3899897336959839
8168,0.4374639093875885
8169,0.7926334142684937
8170,0.5166155099868774
8171,0.5040438771247864
8172,0.7563140392303467
8173,0.6688570380210876
8174,0.663398802280426
8175,0.5141963958740234
8176,0.6294766664505005
8177,0.21618950366973877
8178,0.42115315794944763
8179,0.6011698246002197
8180,0.6017405390739441
8181,0.6424432396888733
8182,0.27377697825431824
8183,0.27615243196487427
8184,0.4763394296169281
8185,0.6377987861633301
8186,0.2354327142238617
8187,0.238290473818779
8188,0.22929975390434265
8189,0.47035062313079834
8190,0.4967905282974243
8191,0.7636988759040833
8192,0.7797223925590515
8193,0.25395292043685913
8194,0.6269310712814331
8195,0.5170228481292725
8196,0.6634541749954224
8197,0.697384774684906
8198,0.5510936379432678
8199,0.47478964924812317
8200,0.4310230016708374
8201,0.3089069724082947
8202,0.7183248996734619
8203,0.5980705618858337
8204,0.25789132714271545
8205,0.5521466732025146
8206,0.747936487197876
8207,0.524288535118103
8208,0.7783804535865784
8209,0.6449286937713623
8210,0.5108994245529175
8211,0.5252025127410889
8212,0.4341263473033905
8213,0.22793780267238617
8214,0.23856042325496674
8215,0.23247572779655457
8216,0.5269135236740112
8217,0.6461309790611267
8218,0.6260929703712463
8219,0.28635096549987793
8220,0.5732273459434509
8221,0.5140566229820251
8222,0.39488837122917175
8223,0.8154175877571106
8224,0.39237600564956665
8225,0.80677330493927
8226,0.7413886785507202
8227,0.2713812291622162
8228,0.5471106171607971
8229,0.5357763767242432
8230,0.8093893527984619
8231,0.7118552923202515
8232,0.45680373907089233
8233,0.5411444306373596
8234,0.6512122750282288
8235,0.32098647952079773
8236,0.3892357051372528
8237,0.4676905870437622
8238,0.5996257066726685
8239,0.479291170835495
8240,0.6226203441619873
8241,0.6831430196762085
8242,0.4037107229232788
8243,0.6520597338676453
8244,0.3870692849159241
8245,0.7975088953971863
8246,0.7364386916160583
8247,0.36071836948394775
8248,0.3762045204639435
8249,0.6455205082893372
8250,0.4710135757923126
8251,0.528182327747345
8252,0.26458197832107544
8253,0.21243949234485626
8254,0.2838938236236572
8255,0.370588481426239
8256,0.6915265321731567
8257,0.7043541669845581
8258,0.3222612738609314
8259,0.5191789865493774
8260,0.2128966748714447
8261,0.6280671954154968
8262,0.2333550751209259
8263,0.5976881980895996
8264,0.6172284483909607
8265,0.5389103293418884
8266,0.40986740589141846
8267,0.5309506058692932
8268,0.295957088470459
8269,0.5159180164337158
8270,0.5242227911949158
8271,0.743118405342102
8272,0.25621306896209717
8273,0.24871495366096497
8274,0.34167319536209106
8275,0.5766240954399109
8276,0.8193262219429016
8277,0.6614751815795898
8278,0.44350335001945496
8279,0.7596278786659241
8280,0.7511844038963318
8281,0.7868264317512512
8282,0.44906046986579895
8283,0.6271693706512451
8284,0.8066504001617432
8285,0.5577807426452637
8286,0.647982120513916
8287,0.2488691508769989
8288,0.49445703625679016
8289,0.7979907989501953
8290,0.5623119473457336
8291,0.7436701655387878
8292,0.436683714389801
8293,0.46445098519325256
8294,0.35422104597091675
8295,0.4795025587081909
8296,0.34003230929374695
8297,0.7137081623077393
8298,0.22439290583133698
8299,0.7414745688438416
8300,0.6940708756446838
8301,0.5410520434379578
8302,0.3115338683128357
8303,0.7198218107223511
8304,0.22770105302333832
8305,0.7971364855766296
8306,0.46102720499038696
8307,0.5655084848403931
8308,0.6197675466537476
8309,0.6687775254249573
8310,0.6230726838111877
8311,0.30938827991485596
8312,0.7839006781578064
8313,0.4724960923194885
8314,0.3941790759563446
8315,0.5510329008102417
8316,0.35976576805114746
8317,0.6145171523094177
8318,0.6521217823028564
8319,0.6077507138252258
8320,0.439029335975647
8321,0.39679914712905884
8322,0.5898932218551636
8323,0.5908490419387817
8324,0.2940361797809601
8325,0.2958609461784363
8326,0.8000412583351135
8327,0.6509410738945007
8328,0.41080576181411743
8329,0.633651852607727
8330,0.7667122483253479
8331,0.5253536105155945
8332,0.6574026942253113
8333,0.3667467534542084
8334,0.6757313013076782
8335,0.6666284203529358
8336,0.7720881700515747
8337,0.6272416710853577
8338,0.6618376970291138
8339,0.35910552740097046
8340,0.8023058176040649
8341,0.8483065962791443
8342,0.5673574209213257
8343,0.6794211864471436
8344,0.3528687059879303
8345,0.606374979019165
8346,0.2820548117160797
8347,0.6686192154884338
8348,0.5067886114120483
8349,0.5108535289764404
8350,0.30068323016166687
8351,0.48530828952789307
8352,0.8167219758033752
8353,0.621098518371582
8354,0.8139593005180359
8355,0.6461645364761353
8356,0.5510636568069458
8357,0.4657396972179413
8358,0.6960435509681702
8359,0.549074649810791
8360,0.41628000140190125
8361,0.48963403701782227
8362,0.7741469740867615
8363,0.25404882431030273
8364,0.26284661889076233
8365,0.3451496958732605
8366,0.2504029870033264
8367,0.5191292762756348
8368,0.5388557314872742
8369,0.4930843412876129
8370,0.5657105445861816
8371,0.6673211455345154
8372,0.5877370238304138
8373,0.7790895700454712
8374,0.38088563084602356
8375,0.3309903144836426
8376,0.6150001883506775
8377,0.665662407875061
8378,0.5028982162475586
8379,0.5281123518943787
8380,0.5436618328094482
8381,0.7246267795562744
8382,0.7612881064414978
8383,0.3285752534866333
8384,0.5106093883514404
8385,0.7678564786911011
8386,0.7336124777793884
8387,0.3818523585796356
8388,0.7266320586204529
8389,0.5424705147743225
8390,0.6207985877990723
8391,0.4351317882537842
8392,0.5770382285118103
8393,0.7152937650680542
8394,0.42851507663726807
8395,0.40975242853164673
8396,0.36356955766677856
8397,0.2796003818511963
8398,0.3855701982975006
8399,0.629959762096405
8400,0.5515897274017334
8401,0.5051825642585754
8402,0.7105063796043396
8403,0.572487473487854
8404,0.7998608350753784
8405,0.5346415638923645
8406,0.8004499673843384
8407,0.4251271188259125
8408,0.7994220852851868
8409,0.5060592889785767
8410,0.5998409986495972
8411,0.2192145586013794
8412,0.28641051054000854
8413,0.18626739084720612
8414,0.8065176606178284
8415,0.18978336453437805
8416,0.6751314997673035
8417,0.7011967301368713
8418,0.42213112115859985
8419,0.5960604548454285
8420,0.2602565586566925
8421,0.2556730806827545
8422,0.37781044840812683
8423,0.24376600980758667
8424,0.5310357213020325
8425,0.6253675222396851
8426,0.5422844290733337
8427,0.4337811768054962
8428,0.6446855664253235
8429,0.8043648600578308
8430,0.4122207462787628
8431,0.49008840322494507
8432,0.5430090427398682
8433,0.6171724200248718
8434,0.3837854862213135
8435,0.3828476071357727
8436,0.6475839018821716
8437,0.5053058862686157
8438,0.24429766833782196
8439,0.835435688495636
8440,0.2566334307193756
8441,0.48187360167503357
8442,0.5002536177635193
8443,0.42912185192108154
8444,0.6146508455276489
8445,0.29127025604248047
8446,0.8337578773498535
8447,0.5885111689567566
8448,0.6783550381660461
8449,0.35019952058792114
8450,0.5330930948257446
8451,0.46866047382354736
8452,0.8033806085586548
8453,0.5183118581771851
8454,0.6910203695297241
8455,0.4661581516265869
8456,0.8020163178443909
8457,0.24841973185539246
8458,0.47672295570373535
8459,0.3996231257915497
8460,0.22719806432724
8461,0.7738805413246155
8462,0.4100738763809204
8463,0.31451377272605896
8464,0.42703622579574585
8465,0.48326653242111206
8466,0.24923086166381836
8467,0.6794834733009338
8468,0.4804147183895111
8469,0.4233749806880951
8470,0.4098978042602539
8471,0.765582263469696
8472,0.6713787317276001
8473,0.6222696304321289
8474,0.5412036776542664
8475,0.41950899362564087
8476,0.4188086986541748
8477,0.5299649238586426
8478,0.3931971788406372
8479,0.502131462097168
8480,0.6268307566642761
8481,0.19998854398727417
8482,0.5163925290107727
8483,0.6346899271011353
8484,0.2937983274459839
8485,0.28462448716163635
8486,0.8341515064239502
8487,0.5462381839752197
8488,0.3783276677131653
8489,0.6598996520042419
8490,0.3582395315170288
8491,0.3838973939418793
8492,0.5714608430862427
8493,0.28001946210861206
8494,0.5280622839927673
8495,0.7367821931838989
8496,0.7847116589546204
8497,0.23683638870716095
8498,0.2775645852088928
8499,0.23324152827262878
8500,0.34065699577331543
8501,0.39841926097869873
8502,0.46141868829727173
8503,0.5522946119308472
8504,0.7280765175819397
8505,0.5585110783576965
8506,0.4045655429363251
8507,0.7540850043296814
8508,0.5944132804870605
8509,0.6169165372848511
8510,0.6741504073143005
8511,0.2771577537059784
8512,0.5506624579429626
8513,0.4730830192565918
8514,0.6049090623855591
8515,0.8065096735954285
8516,0.7721199989318848
8517,0.45494210720062256
8518,0.7233638167381287
8519,0.27400341629981995
8520,0.5978347063064575
8521,0.6805882453918457
8522,0.6328027248382568
8523,0.5587336421012878
8524,0.5023502111434937
8525,0.6679879426956177
8526,0.4103410840034485
8527,0.36260831356048584
8528,0.48162227869033813
8529,0.3253815174102783
8530,0.7158070206642151
8531,0.7858666777610779
8532,0.5893252491950989
8533,0.3678343594074249
8534,0.3209496736526489
8535,0.7970390319824219
8536,0.35819369554519653
8537,0.4698820114135742
8538,0.5686280131340027
8539,0.6905810236930847
8540,0.6508922576904297
8541,0.5175871849060059
8542,0.6308445334434509
8543,0.45994898676872253
8544,0.38926979899406433
8545,0.7657445669174194
8546,0.8042293190956116
8547,0.6429513692855835
8548,0.3642934262752533
8549,0.6300775408744812
8550,0.39880216121673584
8551,0.3009227216243744
8552,0.4962472915649414
8553,0.4009687900543213
8554,0.6583592295646667
8555,0.800874650478363
8556,0.5476144552230835
8557,0.2178407907485962
8558,0.5825867056846619
8559,0.4323326349258423
8560,0.7008780837059021
8561,0.29367637634277344
8562,0.5506885051727295
8563,0.3227297067642212
8564,0.5197442770004272
8565,0.5141965746879578
8566,0.3780592083930969
8567,0.566863477230072
8568,0.31355711817741394
8569,0.5562440156936646
8570,0.45962223410606384
8571,0.817115843296051
8572,0.40154117345809937
8573,0.23593224585056305
8574,0.44478175044059753
8575,0.7145403623580933
8576,0.4992035925388336
8577,0.48375821113586426
8578,0.6512129306793213
8579,0.7525264620780945
8580,0.3536338210105896
8581,0.5224321484565735
8582,0.5150262713432312
8583,0.6712237000465393
8584,0.30376073718070984
8585,0.7439979910850525
8586,0.563701331615448
8587,0.3740885555744171
8588,0.718914270401001
8589,0.6601369380950928
8590,0.6345767378807068
8591,0.767529308795929
8592,0.5645043253898621
8593,0.37138986587524414
8594,0.6840673089027405
8595,0.23750025033950806
8596,0.19812317192554474
8597,0.7165549993515015
8598,0.7118270993232727
8599,0.6143162846565247
8600,0.27896520495414734
8601,0.6600929498672485
8602,0.8347118496894836
8603,0.30962586402893066
8604,0.681827962398529
8605,0.5543738603591919
8606,0.20422956347465515
8607,0.40871450304985046
8608,0.6405242681503296
8609,0.5241180062294006
8610,0.48997506499290466
8611,0.5488275289535522
8612,0.4206452965736389
8613,0.6157895922660828
8614,0.32021811604499817
8615,0.24784603714942932
8616,0.28348493576049805
8617,0.7658278346061707
8618,0.35976094007492065
8619,0.7028030753135681
8620,0.6624640226364136
8621,0.4207647442817688
8622,0.7992674112319946
8623,0.2239001840353012
8624,0.31241562962532043
8625,0.3519660532474518
8626,0.709416389465332
8627,0.3767240643501282
8628,0.42569243907928467
8629,0.5343997478485107
8630,0.37964412569999695
8631,0.484432578086853
8632,0.48955804109573364
8633,0.46963536739349365
8634,0.7777953743934631
8635,0.5951235294342041
8636,0.7887216806411743
8637,0.4878983497619629
8638,0.36049914360046387
8639,0.6810861229896545
8640,0.6526584029197693
8641,0.4989427924156189
8642,0.42420467734336853
8643,0.2850605249404907
8644,0.3507623076438904
8645,0.2723279297351837
8646,0.6680912375450134
8647,0.4698479473590851
8648,0.2980605959892273
8649,0.6893299221992493
8650,0.7559664845466614
8651,0.608579158782959
8652,0.3916623294353485
8653,0.5677984952926636
8654,0.6021878123283386
8655,0.39717066287994385
8656,0.625877320766449
8657,0.35738635063171387
8658,0.6984053254127502
8659,0.7193645238876343
8660,0.18746526539325714
8661,0.5161835551261902
8662,0.49948224425315857
8663,0.5653261542320251
8664,0.41140928864479065
8665,0.3980099856853485
8666,0.5019095540046692
8667,0.4340990483760834
8668,0.3582885265350342
8669,0.4738406538963318
8670,0.559959352016449
8671,0.700999915599823
8672,0.8436681032180786
8673,0.6850564479827881
8674,0.6538213491439819
8675,0.3991542458534241
8676,0.4491807520389557
8677,0.5735334157943726
8678,0.4282284080982208
8679,0.3007151484489441
8680,0.6141356825828552
8681,0.2955184578895569
8682,0.7885943055152893
8683,0.7394676208496094
8684,0.6627058982849121
8685,0.7707658410072327
8686,0.6936473846435547
8687,0.2699950337409973
8688,0.35810065269470215
8689,0.8018565773963928
8690,0.6251596212387085
8691,0.30476894974708557
8692,0.790881335735321
8693,0.6894581913948059
8694,0.3998638093471527
8695,0.38565465807914734
8696,0.7287273406982422
8697,0.615302562713623
8698,0.25170859694480896
8699,0.7531180381774902
8700,0.6395130157470703
8701,0.4293924570083618
8702,0.7243017554283142
8703,0.5921818614006042
8704,0.7226417660713196
8705,0.6181284785270691
8706,0.6294865608215332
8707,0.722369909286499
8708,0.5961447954177856
8709,0.6103660464286804
8710,0.2724669277667999
8711,0.7094240784645081
8712,0.5393635630607605
8713,0.6788861155509949
8714,0.3982595205307007
8715,0.40454867482185364
8716,0.5036453604698181
8717,0.841671884059906
8718,0.674881100654602
8719,0.5379366874694824
8720,0.33419880270957947
8721,0.7402296662330627
8722,0.4060405194759369
8723,0.6003868579864502
8724,0.5768269896507263
8725,0.573090136051178
8726,0.353606253862381
8727,0.6886948347091675
8728,0.257621169090271
8729,0.35452353954315186
8730,0.7922664284706116
8731,0.6507161259651184
8732,0.49694591760635376
8733,0.46232202649116516
8734,0.7685543894767761
8735,0.35086581110954285
8736,0.4433109164237976
8737,0.4423900544643402
8738,0.4932563304901123
8739,0.4377577304840088
8740,0.2882477045059204
8741,0.6535528898239136
8742,0.5255298018455505
8743,0.7811213135719299
8744,0.27531853318214417
8745,0.7234299778938293
8746,0.3932734727859497
8747,0.353346049785614
8748,0.4505389928817749
8749,0.5315230488777161
8750,0.3085341453552246
8751,0.7170941233634949
8752,0.6282899379730225
8753,0.40819409489631653
8754,0.7863271236419678
8755,0.5632305145263672
8756,0.2651808261871338
8757,0.24029366672039032
8758,0.3904600143432617
8759,0.469555139541626
8760,0.5219432711601257
8761,0.3399572968482971
8762,0.356217622756958
8763,0.26221680641174316
8764,0.6110605001449585
8765,0.34765273332595825
8766,0.4592513144016266
8767,0.46082159876823425
8768,0.35154783725738525
8769,0.5886232256889343
8770,0.3016476631164551
8771,0.5521084666252136
8772,0.7492424845695496
8773,0.7951152324676514
8774,0.6225866675376892
8775,0.7385552525520325
8776,0.48311764001846313
8777,0.4398781657218933
8778,0.5398836731910706
8779,0.5904484987258911
8780,0.49697181582450867
8781,0.4458071291446686
8782,0.3866272568702698
8783,0.802639365196228
8784,0.6288008689880371
8785,0.2613355219364166
8786,0.6914013028144836
8787,0.798559844493866
8788,0.8466932773590088
8789,0.5148490071296692
8790,0.3642793893814087
8791,0.24705906212329865
8792,0.6040430665016174
8793,0.5254789590835571
8794,0.5798026323318481
8795,0.6816946268081665
8796,0.7792038917541504
8797,0.4107452630996704
8798,0.527156412601471
8799,0.6819620132446289
8800,0.5337802767753601
8801,0.46333423256874084
8802,0.5832754969596863
8803,0.5219408869743347
8804,0.7077237367630005
8805,0.7810254693031311
8806,0.27027302980422974
8807,0.4134254455566406
8808,0.5276228785514832
8809,0.7726677656173706
8810,0.4441242516040802
8811,0.45247575640678406
8812,0.3576114773750305
8813,0.35855698585510254
8814,0.7675814032554626
8815,0.6084098815917969
8816,0.42929747700691223
8817,0.5450281500816345
8818,0.5567603707313538
8819,0.5592585206031799
8820,0.49964046478271484
8821,0.9089609980583191
8822,0.45493999123573303
8823,0.650449812412262
8824,0.3234689235687256
8825,0.43098971247673035
8826,0.43433019518852234
8827,0.46939730644226074
8828,0.4309341311454773
8829,0.7193989157676697
8830,0.6273790597915649
8831,0.42160147428512573
8832,0.5754836201667786
8833,0.712982714176178
8834,0.597912073135376
8835,0.32579943537712097
8836,0.4623854160308838
8837,0.7173013091087341
8838,0.33204925060272217
8839,0.47933512926101685
8840,0.2724323868751526
8841,0.6111773252487183
8842,0.6962804198265076
8843,0.7040476202964783
8844,0.6787470579147339
8845,0.5680767297744751
8846,0.7555533051490784
8847,0.5551037788391113
8848,0.7144525051116943
8849,0.6221413016319275
8850,0.4893977642059326
8851,0.38493549823760986
8852,0.8127837777137756
8853,0.40577396750450134
8854,0.7132987380027771
8855,0.7504253387451172
8856,0.34775134921073914
8857,0.6835246086120605
8858,0.6145066618919373
8859,0.5804008841514587
8860,0.753653347492218
8861,0.37536296248435974
8862,0.3500424921512604
8863,0.5330647826194763
8864,0.6115344166755676
8865,0.4154045581817627
8866,0.41920387744903564
8867,0.2225886583328247
8868,0.5974472761154175
8869,0.6720033288002014
8870,0.7573016881942749
8871,0.6470445990562439
8872,0.5755520462989807
8873,0.3835339844226837
8874,0.2986995279788971
8875,0.5333580374717712
8876,0.2790779173374176
8877,0.5192098021507263
8878,0.41217729449272156
8879,0.3819871246814728
8880,0.49584347009658813
8881,0.536065936088562
8882,0.5762151479721069
8883,0.5998433232307434
8884,0.4321674406528473
8885,0.4915079176425934
8886,0.4100899398326874
8887,0.5807741284370422
8888,0.6020599603652954
8889,0.38039931654930115
8890,0.5493723154067993
8891,0.7010895013809204
8892,0.7855799794197083
8893,0.5770503878593445
8894,0.23681338131427765
8895,0.34416669607162476
8896,0.47236835956573486
8897,0.46817710995674133
8898,0.7642103433609009
8899,0.7950884699821472
8900,0.19676443934440613
8901,0.7865486145019531
8902,0.3168565630912781
8903,0.5709791779518127
8904,0.6166290640830994
8905,0.3440314829349518
8906,0.5857017040252686
8907,0.7866682410240173
8908,0.7212294340133667
8909,0.23453563451766968
8910,0.7886176705360413
8911,0.34127336740493774
8912,0.606949508190155
8913,0.36988696455955505
8914,0.4789131283760071
8915,0.5714001655578613
8916,0.41471898555755615
8917,0.7398188710212708
8918,0.7240985035896301
8919,0.5894280672073364
8920,0.4926968216896057
8921,0.3907054662704468
8922,0.8077861070632935
8923,0.46325358748435974
8924,0.4944361448287964
8925,0.49320852756500244
8926,0.7012394070625305
8927,0.5936150550842285
8928,0.6617788076400757
8929,0.6248772740364075
8930,0.6477718353271484
8931,0.6447488069534302
8932,0.4578886926174164
8933,0.447760671377182
8934,0.4037861227989197
8935,0.4163527190685272
8936,0.47701117396354675
8937,0.3854924738407135
8938,0.8044078350067139
8939,0.4887623190879822
8940,0.6611253619194031
8941,0.26810985803604126
8942,0.8404039740562439
8943,0.3489854633808136
8944,0.7445337772369385
8945,0.45341455936431885
8946,0.5545488595962524
8947,0.290821373462677
8948,0.8408238291740417
8949,0.42195019125938416
8950,0.42284899950027466
8951,0.4699699878692627
8952,0.3833591341972351
8953,0.29992297291755676
8954,0.34577837586402893
8955,0.6137512922286987
8956,0.3411773145198822
8957,0.45299476385116577
8958,0.7518382668495178
8959,0.23055046796798706
8960,0.5492151975631714
8961,0.7672080993652344
8962,0.44328367710113525
8963,0.7527201771736145
8964,0.20976568758487701
8965,0.608867883682251
8966,0.556911826133728
8967,0.5763734579086304
8968,0.6180636882781982
8969,0.3969170153141022
8970,0.2722783088684082
8971,0.32710057497024536
8972,0.29413551092147827
8973,0.5440494418144226
8974,0.6733416318893433
8975,0.4730494022369385
8976,0.21746820211410522
8977,0.7816306948661804
8978,0.588753342628479
8979,0.6013575196266174
8980,0.7518216371536255
8981,0.3514268398284912
8982,0.29078254103660583
8983,0.6462357640266418
8984,0.2664152681827545
8985,0.7903120517730713
8986,0.42152440547943115
8987,0.7056702375411987
8988,0.8477916121482849
8989,0.695383608341217
8990,0.48626476526260376
8991,0.8017046451568604
8992,0.5100292563438416
8993,0.5973315238952637
8994,0.5234736800193787
8995,0.4308422803878784
8996,0.5940041542053223
8997,0.5471889972686768
8998,0.4581623375415802
8999,0.4732518494129181
9000,0.3073537349700928
9001,0.3043398857116699
9002,0.5427544713020325
9003,0.7993156909942627
9004,0.5036576390266418
9005,0.5798031091690063
9006,0.4897365868091583
9007,0.5655039548873901
9008,0.33847737312316895
9009,0.8201896548271179
9010,0.2722553014755249
9011,0.6448469758033752
9012,0.34656086564064026
9013,0.30604618787765503
9014,0.632404625415802
9015,0.7672960162162781
9016,0.3738062381744385
9017,0.5749413371086121
9018,0.4144204556941986
9019,0.610354483127594
9020,0.8111346364021301
9021,0.8282797932624817
9022,0.2749387323856354
9023,0.2830091416835785
9024,0.4253665804862976
9025,0.37316733598709106
9026,0.26856911182403564
9027,0.44095277786254883
9028,0.43498918414115906
9029,0.6003610491752625
9030,0.7510799169540405
9031,0.27565401792526245
9032,0.46232473850250244
9033,0.5783823132514954
9034,0.7381741404533386
9035,0.5915513038635254
9036,0.5838893055915833
9037,0.8218569159507751
9038,0.682036817073822
9039,0.2706681489944458
9040,0.32416558265686035
9041,0.6547303199768066
9042,0.5293785929679871
9043,0.836593747138977
9044,0.7534245848655701
9045,0.6720597147941589
9046,0.32958537340164185
9047,0.6172541379928589
9048,0.8700934648513794
9049,0.4150118827819824
9050,0.3709084391593933
9051,0.8092918992042542
9052,0.4825540781021118
9053,0.48855435848236084
9054,0.4888617992401123
9055,0.559143602848053
9056,0.2809872627258301
9057,0.4347963035106659
9058,0.6195381879806519
9059,0.48250746726989746
9060,0.4869065284729004
9061,0.3690541088581085
9062,0.2775493860244751
9063,0.3777645230293274
9064,0.4546803832054138
9065,0.21914410591125488
9066,0.4382680654525757
9067,0.3195698857307434
9068,0.7859523296356201
9069,0.38593700528144836
9070,0.4876073896884918
9071,0.7296953797340393
9072,0.2818429470062256
9073,0.7190982699394226
9074,0.4985242187976837
9075,0.6622713208198547
9076,0.3063757121562958
9077,0.6747757792472839
9078,0.7171604633331299
9079,0.3334341049194336
9080,0.6146899461746216
9081,0.7179789543151855
9082,0.7028219103813171
9083,0.23449869453907013
9084,0.3075355887413025
9085,0.7178818583488464
9086,0.5894888639450073
9087,0.7561763525009155
9088,0.303641676902771
9089,0.5327296257019043
9090,0.2933690547943115
9091,0.40638649463653564
9092,0.5640271306037903
9093,0.48886212706565857
9094,0.5309154391288757
9095,0.585103452205658
9096,0.46181994676589966
9097,0.4611649215221405
9098,0.7711400389671326
9099,0.5574438571929932
9100,0.3301428556442261
9101,0.419742226600647
9102,0.5114861130714417
9103,0.38343051075935364
9104,0.25289595127105713
9105,0.49601683020591736
9106,0.6092163324356079
9107,0.8346968293190002
9108,0.48290809988975525
9109,0.6850727200508118
9110,0.44799530506134033
9111,0.5105721950531006
9112,0.7006357908248901
9113,0.30949947237968445
9114,0.7557134628295898
9115,0.5345801115036011
9116,0.4882727861404419
9117,0.5634977221488953
9118,0.2420026957988739
9119,0.45013248920440674
9120,0.42638224363327026
9121,0.6553997993469238
9122,0.43502312898635864
9123,0.4253003001213074
9124,0.2649628818035126
9125,0.8107392191886902
9126,0.7669605016708374
9127,0.4783684313297272
9128,0.8097900152206421
9129,0.34650444984436035
9130,0.30676883459091187
9131,0.6906841993331909
9132,0.6971433162689209
9133,0.7669854164123535
9134,0.6164295077323914
9135,0.5502026081085205
9136,0.5586426854133606
9137,0.5035949945449829
9138,0.5025689601898193
9139,0.5061621069908142
9140,0.5133059620857239
9141,0.4735034704208374
9142,0.5407809019088745
9143,0.6773834228515625
9144,0.7895327210426331
9145,0.715330958366394
9146,0.8006595373153687
9147,0.3317030668258667
9148,0.4653450846672058
9149,0.4417472779750824
9150,0.5494687557220459
9151,0.767282247543335
9152,0.2348780781030655
9153,0.7654457092285156
9154,0.4338019788265228
9155,0.519061267375946
9156,0.8202971816062927
9157,0.3416653275489807
9158,0.40316635370254517
9159,0.4143591523170471
9160,0.16947981715202332
9161,0.6788206696510315
9162,0.3528638184070587
9163,0.6105347871780396
9164,0.2230907678604126
9165,0.36170098185539246
9166,0.26751649379730225
9167,0.5740397572517395
9168,0.5595003962516785
9169,0.6676599383354187
9170,0.26019272208213806
9171,0.76081383228302
9172,0.4225882589817047
9173,0.42579448223114014
9174,0.5415154099464417
9175,0.6719264984130859
9176,0.4966108798980713
9177,0.30103689432144165
9178,0.6159294843673706
9179,0.7198177576065063
9180,0.25315067172050476
9181,0.2687634527683258
9182,0.7671387791633606
9183,0.4979200065135956
9184,0.41800636053085327
9185,0.4819551706314087
9186,0.5541508197784424
9187,0.7204746603965759
9188,0.6349515318870544
9189,0.3479185700416565
9190,0.42549145221710205
9191,0.7404730916023254
9192,0.3201899528503418
9193,0.6834507584571838
9194,0.564980149269104
9195,0.6387333273887634
9196,0.43441042304039
9197,0.4206963777542114
9198,0.37164345383644104
9199,0.7578093409538269
9200,0.4586573541164398
9201,0.8235189914703369
9202,0.6819102764129639
9203,0.7750273942947388
9204,0.36669954657554626
9205,0.4135393500328064
9206,0.6151953935623169
9207,0.43386706709861755
9208,0.4805324077606201
9209,0.8237708210945129
9210,0.331741601228714
9211,0.5192143321037292
9212,0.8100590109825134
9213,0.4615548253059387
9214,0.6366925239562988
9215,0.47877541184425354
9216,0.2647067606449127
9217,0.65302973985672
9218,0.5528129935264587
9219,0.818947970867157
9220,0.774084746837616
9221,0.5910288691520691
9222,0.7221567034721375
9223,0.23476676642894745
9224,0.5340426564216614
9225,0.6019411683082581
9226,0.8235289454460144
9227,0.5454721450805664
9228,0.3802584111690521
9229,0.4026890993118286
9230,0.3373107314109802
9231,0.4555245637893677
9232,0.39165905117988586
9233,0.605346143245697
9234,0.5944274067878723
9235,0.5874488353729248
9236,0.652571976184845
9237,0.3942187428474426
9238,0.2223067283630371
9239,0.409898579120636
9240,0.22916114330291748
9241,0.8035908341407776
9242,0.6657434701919556
9243,0.6171097755432129
9244,0.5300111174583435
9245,0.6066417694091797
9246,0.28135713934898376
9247,0.3003302812576294
9248,0.6781744956970215
9249,0.6184943318367004
9250,0.7645896673202515
9251,0.7279922366142273
9252,0.6275376677513123
9253,0.4923178255558014
9254,0.6575134992599487
9255,0.414345920085907
9256,0.8014320135116577
9257,0.31903329491615295
9258,0.30030325055122375
9259,0.4324093759059906
9260,0.8598883748054504
9261,0.43233823776245117
9262,0.5391825437545776
9263,0.2652481496334076
9264,0.5164721608161926
9265,0.4954655170440674
9266,0.7153531908988953
9267,0.3572922348976135
9268,0.7806877493858337
9269,0.26338067650794983
9270,0.6349887847900391
9271,0.45331519842147827
9272,0.5801063776016235
9273,0.30597975850105286
9274,0.7737869620323181
9275,0.6522156596183777
9276,0.6235175728797913
9277,0.6539736390113831
9278,0.49430155754089355
9279,0.5834267139434814
9280,0.32042455673217773
9281,0.5520086884498596
9282,0.2034968137741089
9283,0.6358442902565002
9284,0.6790854334831238
9285,0.8202362656593323
9286,0.683897852897644
9287,0.5930396318435669
9288,0.8125136494636536
9289,0.6853002309799194
9290,0.6605226397514343
9291,0.6679401397705078
9292,0.3369782865047455
9293,0.3827750086784363
9294,0.5821625590324402
9295,0.823679506778717
9296,0.5493649840354919
9297,0.7245823740959167
9298,0.3708847165107727
9299,0.7936115860939026
9300,0.7007416486740112
9301,0.5384479761123657
9302,0.5902404189109802
9303,0.6901277303695679
9304,0.32585251331329346
9305,0.604630172252655
9306,0.680899441242218
9307,0.3351476192474365
9308,0.5059404373168945
9309,0.5706691741943359
9310,0.6418138742446899
9311,0.35141533613204956
9312,0.7771638035774231
9313,0.26216185092926025
9314,0.3858584463596344
9315,0.48734065890312195
9316,0.27094006538391113
9317,0.41839924454689026
9318,0.48322153091430664
9319,0.5408700704574585
9320,0.7364794611930847
9321,0.55194491147995
9322,0.6270745992660522
9323,0.21021492779254913
9324,0.44776013493537903
9325,0.6196467876434326
9326,0.49605458974838257
9327,0.43001696467399597
9328,0.4472552537918091
9329,0.3792705535888672
9330,0.5439761877059937
9331,0.5983819365501404
9332,0.5483929514884949
9333,0.7185521721839905
9334,0.7949236631393433
9335,0.24472962319850922
9336,0.35570043325424194
9337,0.3741872012615204
9338,0.4342460036277771
9339,0.22877274453639984
9340,0.7253384590148926
9341,0.6583060622215271
9342,0.6779369115829468
9343,0.6061536073684692
9344,0.7608970999717712
9345,0.7096639275550842
9346,0.3486676514148712
9347,0.5687271952629089
9348,0.4501176178455353
9349,0.7110114693641663
9350,0.44345539808273315
9351,0.5720033049583435
9352,0.3776378631591797
9353,0.7321922183036804
9354,0.6944433450698853
9355,0.5434890985488892
9356,0.36330321431159973
9357,0.788219153881073
9358,0.6260626912117004
9359,0.4235323369503021
9360,0.3182169198989868
9361,0.6588889956474304
9362,0.49148547649383545
9363,0.46556422114372253
9364,0.3353181779384613
9365,0.5977244973182678
9366,0.44893816113471985
9367,0.5943418145179749
9368,0.3260035812854767
9369,0.6090065836906433
9370,0.5437572002410889
9371,0.6813085079193115
9372,0.38260072469711304
9373,0.15918898582458496
9374,0.593938946723938
9375,0.4782966375350952
9376,0.29348811507225037
9377,0.4884790778160095
9378,0.5931969285011292
9379,0.3575865924358368
9380,0.5391694903373718
9381,0.587706983089447
9382,0.4519641101360321
9383,0.23380473256111145
9384,0.7589635848999023
9385,0.2323566973209381
9386,0.5284292697906494
9387,0.2582017481327057
9388,0.6849543452262878
9389,0.8395885229110718
9390,0.46825307607650757
9391,0.6721736192703247
9392,0.38767603039741516
9393,0.32748711109161377
9394,0.8076214790344238
9395,0.6767296195030212
9396,0.6861575841903687
9397,0.40133440494537354
9398,0.4753533601760864
9399,0.5693171620368958
9400,0.4264378845691681
9401,0.44398996233940125
9402,0.1977826952934265
9403,0.8027929067611694
9404,0.42886099219322205
9405,0.21940094232559204
9406,0.5263510346412659
9407,0.503787636756897
9408,0.8199509382247925
9409,0.561402440071106
9410,0.5085676908493042
9411,0.24023830890655518
9412,0.49516963958740234
9413,0.5663051605224609
9414,0.5733136534690857
9415,0.7175358533859253
9416,0.5763469934463501
9417,0.5112634301185608
9418,0.3724415898323059
9419,0.5650064945220947
9420,0.3743666708469391
9421,0.5346217751502991
9422,0.586321234703064
9423,0.48454830050468445
9424,0.5548861622810364
9425,0.42682337760925293
9426,0.6090477108955383
9427,0.7497947812080383
9428,0.6629289984703064
9429,0.34471866488456726
9430,0.3230227530002594
9431,0.5324287414550781
9432,0.40417584776878357
9433,0.6747748851776123
9434,0.5998969674110413
9435,0.6378914713859558
9436,0.5336406230926514
9437,0.2754989564418793
9438,0.6317976713180542
9439,0.26374736428260803
9440,0.5059111714363098
9441,0.567025363445282
9442,0.5372670888900757
9443,0.4435569643974304
9444,0.7649769186973572
9445,0.42465224862098694
9446,0.810926616191864
9447,0.3032554090023041
9448,0.6303480863571167
9449,0.23779793083667755
9450,0.8453568816184998
9451,0.46455225348472595
9452,0.41734105348587036
9453,0.3269575834274292
9454,0.3592958450317383
9455,0.4211389422416687
9456,0.6413815021514893
9457,0.6747760772705078
9458,0.20851033926010132
9459,0.3824739456176758
9460,0.49872031807899475
9461,0.4565538465976715
9462,0.3469522297382355
9463,0.7399488687515259
9464,0.5582220554351807
9465,0.5175418853759766
9466,0.4432043433189392
9467,0.6149271130561829
9468,0.4242183268070221
9469,0.8090296983718872
9470,0.8160002827644348
9471,0.7073971033096313
9472,0.4247331917285919
9473,0.5516901016235352
9474,0.7048821449279785
9475,0.6337853074073792
9476,0.45233777165412903
9477,0.2335595339536667
9478,0.39264148473739624
9479,0.714928388595581
9480,0.5040367841720581
9481,0.7272915244102478
9482,0.6570224761962891
9483,0.40984517335891724
9484,0.3012729287147522
9485,0.32540300488471985
9486,0.4704298675060272
9487,0.7103621363639832
9488,0.7216525673866272
9489,0.4370967745780945
9490,0.4133423864841461
9491,0.30376192927360535
9492,0.6738997101783752
9493,0.6688838005065918
9494,0.5308358073234558
9495,0.21708737313747406
9496,0.24805937707424164
9497,0.4559997320175171
9498,0.33288368582725525
9499,0.35682693123817444
9500,0.7852439880371094
9501,0.4631340801715851
9502,0.7333229780197144
9503,0.48719239234924316
9504,0.32390207052230835
9505,0.3842134475708008
9506,0.4518710970878601
9507,0.48711109161376953
9508,0.44355201721191406
9509,0.4266056716442108
9510,0.7648712992668152
9511,0.7371402382850647
9512,0.4942462146282196
9513,0.6655868887901306
9514,0.39124923944473267
9515,0.6180229187011719
9516,0.434685081243515
9517,0.8009384274482727
9518,0.36392614245414734
9519,0.8326544761657715
9520,0.3791755437850952
9521,0.4245905876159668
9522,0.5226621031761169
9523,0.5146133303642273
9524,0.22274461388587952
9525,0.8397026062011719
9526,0.3012469410896301
9527,0.2929864525794983
9528,0.5308166146278381
9529,0.812882661819458
9530,0.36860033869743347
9531,0.6420531868934631
9532,0.3989848494529724
9533,0.5213227272033691
9534,0.578345775604248
9535,0.7311747670173645
9536,0.8067288398742676
9537,0.4815160930156708
9538,0.3966481685638428
9539,0.451285183429718
9540,0.31276366114616394
9541,0.4338921904563904
9542,0.6700476408004761
9543,0.3526032269001007
9544,0.3928484618663788
9545,0.8323833346366882
9546,0.5688172578811646
9547,0.27385154366493225
9548,0.41518184542655945
9549,0.8121777772903442
9550,0.44056951999664307
9551,0.6563270688056946
9552,0.4362516403198242
9553,0.6480675339698792
9554,0.49326884746551514
9555,0.6265287399291992
9556,0.6700429320335388
9557,0.49118366837501526
9558,0.555850625038147
9559,0.35801780223846436
9560,0.44023993611335754
9561,0.44035252928733826
9562,0.6761571168899536
9563,0.4987104833126068
9564,0.6946679949760437
9565,0.5271379947662354
9566,0.7171887159347534
9567,0.4988221526145935
9568,0.5654624700546265
9569,0.6127756834030151
9570,0.5678009986877441
9571,0.4102816879749298
9572,0.3240375816822052
9573,0.7430930733680725
9574,0.3743414580821991
9575,0.6100978255271912
9576,0.5139340758323669
9577,0.621124804019928
9578,0.7455505132675171
9579,0.5779869556427002
9580,0.4119107127189636
9581,0.5016121864318848
9582,0.5992245078086853
9583,0.28651851415634155
9584,0.23701530694961548
9585,0.5271575450897217
9586,0.44588136672973633
9587,0.3014766573905945
9588,0.7690961956977844
9589,0.6140099763870239
9590,0.5364593863487244
9591,0.783557116985321
9592,0.5000715851783752
9593,0.218641459941864
9594,0.4051383137702942
9595,0.7414394021034241
9596,0.6105316281318665
9597,0.5509201884269714
9598,0.3684011399745941
9599,0.2853017747402191
9600,0.315003901720047
9601,0.4454183280467987
9602,0.27545520663261414
9603,0.43696993589401245
9604,0.7300751209259033
9605,0.4830411374568939
9606,0.5039620399475098
9607,0.7051774859428406
9608,0.550075888633728
9609,0.6160858869552612
9610,0.47813209891319275
9611,0.5529326796531677
9612,0.5955325961112976
9613,0.36458998918533325
9614,0.6393000483512878
9615,0.4124820828437805
9616,0.49036476016044617
9617,0.5892728567123413
9618,0.4011484384536743
9619,0.5380569696426392
9620,0.4322280287742615
9621,0.5620670318603516
9622,0.5266172289848328
9623,0.5166391134262085
9624,0.17077618837356567
9625,0.8019106984138489
9626,0.6303110122680664
9627,0.1921999454498291
9628,0.4778481721878052
9629,0.6250395774841309
9630,0.8188958764076233
9631,0.7422452569007874
9632,0.5396806597709656
9633,0.23169106245040894
9634,0.5582881569862366
9635,0.8257115483283997
9636,0.4686456322669983
9637,0.47239118814468384
9638,0.7524880170822144
9639,0.5739441514015198
9640,0.2010507881641388
9641,0.33717283606529236
9642,0.7021355032920837
9643,0.5100888013839722
9644,0.5216280221939087
9645,0.7834484577178955
9646,0.6901299357414246
9647,0.7286217212677002
9648,0.25387945771217346
9649,0.8236943483352661
9650,0.1825031042098999
9651,0.21469926834106445
9652,0.24611642956733704
9653,0.4623676836490631
9654,0.6103072762489319
9655,0.5304558277130127
9656,0.7182522416114807
9657,0.3678376078605652
9658,0.45555877685546875
9659,0.4857948422431946
9660,0.48447829484939575
9661,0.41287150979042053
9662,0.353343665599823
9663,0.6023697853088379
9664,0.4454819858074188
9665,0.8082283735275269
9666,0.5959239602088928
9667,0.352975994348526
9668,0.49650317430496216
9669,0.4972769320011139
9670,0.3181704878807068
9671,0.5159173607826233
9672,0.4977526068687439
9673,0.366097629070282
9674,0.3424413800239563
9675,0.5861637592315674
9676,0.6934946179389954
9677,0.6250621676445007
9678,0.41214719414711
9679,0.710669994354248
9680,0.3933608829975128
9681,0.7714020609855652
9682,0.6260721683502197
9683,0.37808507680892944
9684,0.47741129994392395
9685,0.22386443614959717
9686,0.33331194519996643
9687,0.4784468710422516
9688,0.7323232293128967
9689,0.39325767755508423
9690,0.41015198826789856
9691,0.3572256565093994
9692,0.5374161005020142
9693,0.4294690787792206
9694,0.5675914883613586
9695,0.7705554366111755
9696,0.4450443983078003
9697,0.5566043257713318
9698,0.6902094483375549
9699,0.6823435425758362
9700,0.7498469352722168
9701,0.4361784756183624
9702,0.8247048854827881
9703,0.3653106689453125
9704,0.3025529384613037
9705,0.7616276741027832
9706,0.47727200388908386
9707,0.42199474573135376
9708,0.5430073142051697
9709,0.2685244083404541
9710,0.6441685557365417
9711,0.5910505652427673
9712,0.279824435710907
9713,0.5831279158592224
9714,0.6657810211181641
9715,0.4027445912361145
9716,0.5013947486877441
9717,0.2631143629550934
9718,0.3062988817691803
9719,0.14878922700881958
9720,0.6115506291389465
9721,0.5653480887413025
9722,0.7427079081535339
9723,0.7602879405021667
9724,0.8019198775291443
9725,0.7544346451759338
9726,0.3851570785045624
9727,0.5191856026649475
9728,0.7177972197532654
9729,0.48384493589401245
9730,0.6003900766372681
9731,0.4466649293899536
9732,0.2070218026638031
9733,0.3929300606250763
9734,0.4834166467189789
9735,0.46470388770103455
9736,0.6522380709648132
9737,0.780535876750946
9738,0.5263336300849915
9739,0.5962057113647461
9740,0.5865235924720764
9741,0.392445832490921
9742,0.3887617290019989
9743,0.3555905818939209
9744,0.6201541423797607
9745,0.23741957545280457
9746,0.3502505421638489
9747,0.27162620425224304
9748,0.8107162117958069
9749,0.5680100917816162
9750,0.6242222785949707
9751,0.5199489593505859
9752,0.5238462090492249
9753,0.2769930362701416
9754,0.6230182647705078
9755,0.3203970491886139
9756,0.5425428152084351
9757,0.7609755396842957
9758,0.5535409450531006
9759,0.6123805642127991
9760,0.8368364572525024
9761,0.31544628739356995
9762,0.4652119576931
9763,0.5761843919754028
9764,0.1964567005634308
9765,0.4264509081840515
9766,0.45895400643348694
9767,0.7292072772979736
9768,0.5636197924613953
9769,0.2698136568069458
9770,0.4242335557937622
9771,0.7977031469345093
9772,0.6208195090293884
9773,0.5554186105728149
9774,0.4153848886489868
9775,0.7347647547721863
9776,0.6055242419242859
9777,0.4827750027179718
9778,0.46680933237075806
9779,0.28100767731666565
9780,0.4249458611011505
9781,0.2514815926551819
9782,0.45446768403053284
9783,0.7299817800521851
9784,0.5967978239059448
9785,0.37821632623672485
9786,0.27960190176963806
9787,0.47764450311660767
9788,0.31502532958984375
9789,0.5753065347671509
9790,0.6069157123565674
9791,0.2536289691925049
9792,0.5437183976173401
9793,0.50010085105896
9794,0.42871859669685364
9795,0.8013316988945007
9796,0.5809635519981384
9797,0.37179142236709595
9798,0.8055224418640137
9799,0.6691614389419556
9800,0.3673340380191803
9801,0.4047161638736725
9802,0.39769089221954346
9803,0.8303212523460388
9804,0.5607908964157104
9805,0.4495297968387604
9806,0.6810130476951599
9807,0.34715893864631653
9808,0.49348878860473633
9809,0.4743156433105469
9810,0.45554324984550476
9811,0.46838438510894775
9812,0.7988407611846924
9813,0.6217122673988342
9814,0.8465830683708191
9815,0.4561614394187927
9816,0.3471398949623108
9817,0.2566901743412018
9818,0.4804057478904724
9819,0.40867599844932556
9820,0.6163584589958191
9821,0.2544240653514862
9822,0.34332454204559326
9823,0.22385618090629578
9824,0.36701521277427673
9825,0.4675147533416748
9826,0.6188170909881592
9827,0.45127683877944946
9828,0.553302526473999
9829,0.7921854853630066
9830,0.41476529836654663
9831,0.45343080163002014
9832,0.806003749370575
9833,0.5699492692947388
9834,0.3638172149658203
9835,0.6270137429237366
9836,0.4890024662017822
9837,0.602340817451477
9838,0.35795503854751587
9839,0.5129351019859314
9840,0.7100914120674133
9841,0.38936781883239746
9842,0.5121675729751587
9843,0.3754693567752838
9844,0.4731413722038269
9845,0.4732915759086609
9846,0.5670337080955505
9847,0.23367595672607422
9848,0.4796495735645294
9849,0.7661651968955994
9850,0.5606219172477722
9851,0.36994755268096924
9852,0.5123363733291626
9853,0.39646726846694946
9854,0.5770155787467957
9855,0.31220579147338867
9856,0.6118502020835876
9857,0.228982076048851
9858,0.6317881941795349
9859,0.24963942170143127
9860,0.7450869083404541
9861,0.5339096784591675
9862,0.534789502620697
9863,0.24517717957496643
9864,0.4391539692878723
9865,0.4251962900161743
9866,0.8141390085220337
9867,0.49617084860801697
9868,0.34858280420303345
9869,0.3173730671405792
9870,0.46924683451652527
9871,0.6817885041236877
9872,0.3905640244483948
9873,0.7860633730888367
9874,0.7683364748954773
9875,0.38322511315345764
9876,0.4109859764575958
9877,0.2528745234012604
9878,0.6417943239212036
9879,0.4216015040874481
9880,0.7171299457550049
9881,0.4963911771774292
9882,0.6838876605033875
9883,0.35153090953826904
9884,0.43712154030799866
9885,0.34031787514686584
9886,0.7417086958885193
9887,0.47508686780929565
9888,0.3619568943977356
9889,0.5988486409187317
9890,0.6935537457466125
9891,0.4156816303730011
9892,0.682877242565155
9893,0.4117901921272278
9894,0.68742436170578
9895,0.4301394820213318
9896,0.8142454624176025
9897,0.5413402915000916
9898,0.3785223662853241
9899,0.3803119957447052
9900,0.6993847489356995
9901,0.7038772106170654
9902,0.39893338084220886
9903,0.8233547806739807
9904,0.7430450916290283
9905,0.5673639178276062
9906,0.38826292753219604
9907,0.8118205666542053
9908,0.400253564119339
9909,0.40171128511428833
9910,0.6384260058403015
9911,0.6799399852752686
9912,0.5581672191619873
9913,0.32959532737731934
9914,0.5717071890830994
9915,0.4737411439418793
9916,0.5658776164054871
9917,0.5277528166770935
9918,0.3686842918395996
9919,0.6898816823959351
9920,0.3217889666557312
9921,0.5106279253959656
9922,0.34823721647262573
9923,0.82244873046875
9924,0.2996484935283661
9925,0.754791796207428
9926,0.4136143922805786
9927,0.762680172920227
9928,0.2399333268404007
9929,0.3941173553466797
9930,0.2027166783809662
9931,0.6159234046936035
9932,0.7254878282546997
9933,0.5185251235961914
9934,0.31215155124664307
9935,0.5790368318557739
9936,0.44484952092170715
9937,0.8234853148460388
9938,0.3545486330986023
9939,0.6990748643875122
9940,0.6065266728401184
9941,0.48447662591934204
9942,0.5265352725982666
9943,0.36369869112968445
9944,0.7165759801864624
9945,0.324970006942749
9946,0.8354419469833374
9947,0.4160311818122864
9948,0.5279074311256409
9949,0.4272869825363159
9950,0.2717915177345276
9951,0.7264641523361206
9952,0.371099591255188
9953,0.781491219997406
9954,0.5021049380302429
9955,0.4050244092941284
9956,0.514396071434021
9957,0.44451114535331726
9958,0.3240625560283661
9959,0.46976137161254883
9960,0.4961545765399933
9961,0.8144177198410034
9962,0.5523800849914551
9963,0.3195191025733948
9964,0.7954128384590149
9965,0.742743968963623
9966,0.5357173085212708
9967,0.6545229554176331
9968,0.35527169704437256
9969,0.5030310153961182
9970,0.4113069474697113
9971,0.5656662583351135
9972,0.6718161106109619
9973,0.2522134780883789
9974,0.7972738146781921
9975,0.5689334273338318
9976,0.49972963333129883
9977,0.8574270606040955
9978,0.6452197432518005
9979,0.4298998713493347
9980,0.6420295834541321
9981,0.5568550825119019
9982,0.6335790753364563
9983,0.7573977708816528
9984,0.8356955647468567
9985,0.5094944834709167
9986,0.3365366458892822
9987,0.6126777529716492
9988,0.7593401074409485
9989,0.6660518050193787
9990,0.7155293226242065
9991,0.8453908562660217
9992,0.840745210647583
9993,0.22380000352859497
9994,0.793870747089386
9995,0.37592366337776184
9996,0.4110567271709442
9997,0.5209180116653442
9998,0.6226985454559326
9999,0.6103494763374329
10000,0.28889286518096924
10001,0.28601041436195374
10002,0.3107052445411682
10003,0.5160756707191467
10004,0.26004260778427124
10005,0.8115445375442505
10006,0.3448788523674011
10007,0.44709476828575134
10008,0.4168640971183777
10009,0.5239447951316833
10010,0.732462465763092
10011,0.554277777671814
10012,0.6599404215812683
10013,0.4524187743663788
10014,0.21163024008274078
10015,0.47309041023254395
10016,0.7768217921257019
10017,0.7961887717247009
10018,0.3479984700679779
10019,0.5417423248291016
10020,0.47699958086013794
10021,0.4842303693294525
10022,0.6508875489234924
10023,0.7310516834259033
10024,0.5430012345314026
10025,0.46127209067344666
10026,0.40356001257896423
10027,0.2819586396217346
10028,0.5111283659934998
10029,0.5161387324333191
10030,0.4382393956184387
10031,0.2576061189174652
10032,0.45839595794677734
10033,0.22997348010540009
10034,0.6698882579803467
10035,0.5151580572128296
10036,0.5484188199043274
10037,0.43787872791290283
10038,0.389968603849411
10039,0.5513348579406738
10040,0.28189966082572937
10041,0.4834378957748413
10042,0.7122500538825989
10043,0.7857722640037537
10044,0.4471784234046936
10045,0.8246977925300598
10046,0.4136396050453186
10047,0.49605536460876465
10048,0.6778954863548279
10049,0.7750186324119568
10050,0.7467938661575317
10051,0.5080469846725464
10052,0.634122908115387
10053,0.5371518731117249
10054,0.45777037739753723
10055,0.35791826248168945
10056,0.4855816960334778
10057,0.49722588062286377
10058,0.606028139591217
10059,0.4457888603210449
10060,0.789236843585968
10061,0.42595744132995605
10062,0.4270293712615967
10063,0.35677123069763184
10064,0.3653832674026489
10065,0.46293482184410095
10066,0.4778667986392975
10067,0.6725311279296875
10068,0.4674471318721771
10069,0.7300402522087097
10070,0.6053662300109863
10071,0.37457209825515747
10072,0.3935488760471344
10073,0.29384273290634155
10074,0.3709431290626526
10075,0.4570251405239105
10076,0.2564624547958374
10077,0.4020308256149292
10078,0.793243944644928
10079,0.8219083547592163
10080,0.5758825540542603
10081,0.636583685874939
10082,0.5538037419319153
10083,0.5033905506134033
10084,0.4126288890838623
10085,0.2811703383922577
10086,0.3676253855228424
10087,0.39036858081817627
10088,0.5156923532485962
10089,0.5288780331611633
10090,0.35641300678253174
10091,0.5450043082237244
10092,0.7960357666015625
10093,0.8036496639251709
10094,0.6573117971420288
10095,0.5081571936607361
10096,0.46581900119781494
10097,0.7563599348068237
10098,0.4715598523616791
10099,0.3952937722206116
10100,0.46536770462989807
10101,0.4939168691635132
10102,0.7394583225250244
10103,0.19881568849086761
10104,0.35628798604011536
10105,0.7767295241355896
10106,0.3963931202888489
10107,0.5292999744415283
10108,0.7587499022483826
10109,0.7990335822105408
10110,0.5792391896247864
10111,0.3776804208755493
10112,0.30875521898269653
10113,0.3257732391357422
10114,0.7141060829162598
10115,0.5666549205780029
10116,0.6115061640739441
10117,0.424423485994339
10118,0.36531519889831543
10119,0.5470240116119385
10120,0.676699697971344
10121,0.4280453324317932
10122,0.6003154516220093
10123,0.7314507365226746
10124,0.6449995636940002
10125,0.5337047576904297
10126,0.44739049673080444
10127,0.4835243225097656
10128,0.2570112347602844
10129,0.4222941994667053
10130,0.41692689061164856
10131,0.25256964564323425
10132,0.454150527715683
10133,0.7764852046966553
10134,0.5518958568572998
10135,0.6772730350494385
10136,0.41474127769470215
10137,0.437656044960022
10138,0.3985232710838318
10139,0.8202443718910217
10140,0.8136756420135498
10141,0.40955162048339844
10142,0.5746352076530457
10143,0.30741459131240845
10144,0.536616861820221
10145,0.6202823519706726
10146,0.7990856170654297
10147,0.8314594626426697
10148,0.5805785059928894
10149,0.5316089391708374
10150,0.7204581499099731
10151,0.34727174043655396
10152,0.7970731854438782
10153,0.41189321875572205
10154,0.362003356218338
10155,0.5406523942947388
10156,0.5965989828109741
10157,0.5161166191101074
10158,0.471525102853775
10159,0.784256100654602
10160,0.8248547911643982
10161,0.5275422930717468
10162,0.22207008302211761
10163,0.20288237929344177
10164,0.8521240949630737
10165,0.2371787279844284
10166,0.27378761768341064
10167,0.4328904449939728
10168,0.755801796913147
10169,0.40473034977912903
10170,0.3000906705856323
10171,0.33076971769332886
10172,0.6928877830505371
10173,0.8023194074630737
10174,0.4225338101387024
10175,0.45420071482658386
10176,0.7625433802604675
10177,0.5596103072166443
10178,0.5423022508621216
10179,0.7093711495399475
10180,0.4937288165092468
10181,0.3337494134902954
10182,0.43596702814102173
10183,0.488059401512146
10184,0.5441743731498718
10185,0.6052930951118469
10186,0.5465099811553955
10187,0.6538459062576294
10188,0.4595138430595398
10189,0.7236957550048828
10190,0.4426666498184204
10191,0.4401357173919678
10192,0.7677016854286194
10193,0.43545860052108765
10194,0.46599534153938293
10195,0.31298625469207764
10196,0.25270795822143555
10197,0.544768750667572
10198,0.6364823579788208
10199,0.4013572335243225
10200,0.33882829546928406
10201,0.81485515832901
10202,0.5205644965171814
10203,0.5401000380516052
10204,0.8298400640487671
10205,0.3766281008720398
10206,0.539477527141571
10207,0.7520049810409546
10208,0.6694652438163757
10209,0.46472135186195374
10210,0.4359319806098938
10211,0.5205240249633789
10212,0.3992781937122345
10213,0.6776699423789978
10214,0.5436319708824158
10215,0.6518492698669434
10216,0.7124865651130676
10217,0.8109893202781677
10218,0.5133330821990967
10219,0.7560175657272339
10220,0.6477384567260742
10221,0.7683159112930298
10222,0.3898426294326782
10223,0.7806264758110046
10224,0.2722044885158539
10225,0.6883480548858643
10226,0.32231488823890686
10227,0.5695230960845947
10228,0.2729775905609131
10229,0.7708411812782288
10230,0.6001046299934387
10231,0.502774178981781
10232,0.6151707768440247
10233,0.40962567925453186
10234,0.5336467623710632
10235,0.590106725692749
10236,0.5450876355171204
10237,0.5834018588066101
10238,0.2601645886898041
10239,0.259810209274292
10240,0.7995502352714539
10241,0.6284616589546204
10242,0.5348676443099976
10243,0.4158167541027069
10244,0.43548983335494995
10245,0.45217612385749817
10246,0.22143617272377014
10247,0.49022454023361206
10248,0.7896345257759094
10249,0.3367890417575836
10250,0.44245555996894836
10251,0.5819382071495056
10252,0.8061528205871582
10253,0.5517230033874512
10254,0.798294723033905
10255,0.6719733476638794
10256,0.6290122866630554
10257,0.7945476174354553
10258,0.5257715582847595
10259,0.38487452268600464
10260,0.5892779231071472
10261,0.7436744570732117
10262,0.7738454341888428
10263,0.4113062024116516
10264,0.3869505524635315
10265,0.6681635975837708
10266,0.6122250556945801
10267,0.5422971248626709
10268,0.7951741218566895
10269,0.4628710448741913
10270,0.6602256894111633
10271,0.7477207779884338
10272,0.56111079454422
10273,0.755508303642273
10274,0.7332285046577454
10275,0.7646512389183044
10276,0.6371213793754578
10277,0.37538039684295654
10278,0.43722015619277954
10279,0.41774219274520874
10280,0.3030506372451782
10281,0.7385287880897522
10282,0.45184582471847534
10283,0.24957473576068878
10284,0.6441982984542847
10285,0.2648242115974426
10286,0.25932297110557556
10287,0.5806311368942261
10288,0.7822344899177551
10289,0.5335209369659424
10290,0.24026833474636078
10291,0.374088317155838
10292,0.634972333908081
10293,0.5313862562179565
10294,0.8394559621810913
10295,0.6459190249443054
10296,0.7210726141929626
10297,0.8242711424827576
10298,0.3770686388015747
10299,0.6492798924446106
10300,0.2723093032836914
10301,0.5641509294509888
10302,0.5375106930732727
10303,0.23484888672828674
10304,0.43764910101890564
10305,0.6397448778152466
10306,0.26962387561798096
10307,0.4461185932159424
10308,0.5435931086540222
10309,0.5809984803199768
10310,0.4077584445476532
10311,0.43587517738342285
10312,0.26112183928489685
10313,0.5118781924247742
10314,0.8032630681991577
10315,0.23413069546222687
10316,0.29222571849823
10317,0.28054866194725037
10318,0.6855707764625549
10319,0.7682020664215088
10320,0.5827073454856873
10321,0.47899532318115234
10322,0.6998986601829529
10323,0.6703663468360901
10324,0.6929545402526855
10325,0.44171342253685
10326,0.21367394924163818
10327,0.23177872598171234
10328,0.3749420940876007
10329,0.582766056060791
10330,0.7868784070014954
10331,0.7728623747825623
10332,0.2796954810619354
10333,0.732721745967865
10334,0.5573384761810303
10335,0.4968424439430237
10336,0.6092529892921448
10337,0.3446393311023712
10338,0.5213063359260559
10339,0.5142877101898193
10340,0.8376554846763611
10341,0.6710023283958435
10342,0.37398818135261536
10343,0.24444884061813354
10344,0.49484506249427795
10345,0.6313279271125793
10346,0.5013649463653564
10347,0.7489811182022095
10348,0.4385460317134857
10349,0.7141461968421936
10350,0.3190079927444458
10351,0.5406471490859985
10352,0.4755711555480957
10353,0.6969924569129944
10354,0.49585381150245667
10355,0.6436474323272705
10356,0.571177065372467
10357,0.3619094491004944
10358,0.5397050976753235
10359,0.46560513973236084
10360,0.20399828255176544
10361,0.5230982303619385
10362,0.4636583924293518
10363,0.8108932375907898
10364,0.49636903405189514
10365,0.5822069048881531
10366,0.4324510395526886
10367,0.49413442611694336
10368,0.34090790152549744
10369,0.7282381653785706
10370,0.24512238800525665
10371,0.5117784738540649
10372,0.2816702425479889
10373,0.5988547801971436
10374,0.3155395984649658
10375,0.6890291571617126
10376,0.8442768454551697
10377,0.6923689246177673
10378,0.617193341255188
10379,0.5722131729125977
10380,0.5561570525169373
10381,0.5344132781028748
10382,0.7131721377372742
10383,0.7153825163841248
10384,0.5869619250297546
10385,0.3760123550891876
10386,0.5734448432922363
10387,0.7528977990150452
10388,0.8277835249900818
10389,0.7227369546890259
10390,0.5837008357048035
10391,0.22220785915851593
10392,0.5239372253417969
10393,0.5341905951499939
10394,0.7079924941062927
10395,0.678729772567749
10396,0.29267752170562744
10397,0.6462187767028809
10398,0.23443275690078735
10399,0.7220549583435059
10400,0.3400111198425293
10401,0.4454996585845947
10402,0.7766592502593994
10403,0.7770165801048279
10404,0.32349228858947754
10405,0.6641266942024231
10406,0.3710365295410156
10407,0.22288022935390472
10408,0.5841568112373352
10409,0.753312885761261
10410,0.26553505659103394
10411,0.34750446677207947
10412,0.284543514251709
10413,0.27868279814720154
10414,0.8066176176071167
10415,0.31349706649780273
10416,0.5705800652503967
10417,0.7553703188896179
10418,0.6343713998794556
10419,0.2321542203426361
10420,0.5892686247825623
10421,0.5845930576324463
10422,0.5553357005119324
10423,0.5259794592857361
10424,0.6557087898254395
10425,0.3358500897884369
10426,0.5610004663467407
10427,0.422573983669281
10428,0.7084068059921265
10429,0.786261260509491
10430,0.7017605304718018
10431,0.5461243391036987
10432,0.7484262585639954
10433,0.5741708874702454
10434,0.5964639186859131
10435,0.45430004596710205
10436,0.6527836322784424
10437,0.7133036255836487
10438,0.7602265477180481
10439,0.7860342860221863
10440,0.3794538080692291
10441,0.6516633629798889
10442,0.3579319417476654
10443,0.4166548252105713
10444,0.599795937538147
10445,0.3301027715206146
10446,0.3026607632637024
10447,0.3908609449863434
10448,0.6944354772567749
10449,0.44356605410575867
10450,0.4938129484653473
10451,0.75110924243927
10452,0.33166438341140747
10453,0.8153724670410156
10454,0.7461893558502197
10455,0.5918841361999512
10456,0.5810089111328125
10457,0.693854033946991
10458,0.28994911909103394
10459,0.3400585651397705
10460,0.7778561115264893
10461,0.7722063064575195
10462,0.7746157050132751
10463,0.31859976053237915
10464,0.47385039925575256
10465,0.557579517364502
10466,0.5348179340362549
10467,0.3863948583602905
10468,0.5052832365036011
10469,0.690801203250885
10470,0.49545079469680786
10471,0.2128746658563614
10472,0.7658979892730713
10473,0.48534172773361206
10474,0.7928595542907715
10475,0.6179156303405762
10476,0.46030211448669434
10477,0.5489261746406555
10478,0.3582415282726288
10479,0.6115484833717346
10480,0.21749135851860046
10481,0.280132532119751
10482,0.7243072986602783
10483,0.6312543153762817
10484,0.5848910212516785
10485,0.4086422324180603
10486,0.5292819142341614
10487,0.6931620836257935
10488,0.5110846161842346
10489,0.7455857396125793
10490,0.5611363053321838
10491,0.8061651587486267
10492,0.5800552368164062
10493,0.47103744745254517
10494,0.2526698112487793
10495,0.7754382491111755
10496,0.742347776889801
10497,0.49281397461891174
10498,0.5683466792106628
10499,0.7089619040489197
10500,0.31232163310050964
10501,0.213576078414917
10502,0.6412186026573181
10503,0.4760368764400482
10504,0.4420303702354431
10505,0.36071696877479553
10506,0.571302592754364
10507,0.4741307199001312
10508,0.45532628893852234
10509,0.26548075675964355
10510,0.7443320751190186
10511,0.4668121337890625
10512,0.6399288773536682
10513,0.48242220282554626
10514,0.6255761384963989
10515,0.5566474199295044
10516,0.5549818277359009
10517,0.31802868843078613
10518,0.5178136229515076
10519,0.22897730767726898
10520,0.5749626159667969
10521,0.46063196659088135
10522,0.5082541704177856
10523,0.7918000817298889
10524,0.7978785634040833
10525,0.5308077931404114
10526,0.5059517025947571
10527,0.4514964818954468
10528,0.6997278928756714
10529,0.699959397315979
10530,0.5467252135276794
10531,0.5731000900268555
10532,0.3852318525314331
10533,0.6081283092498779
10534,0.37692221999168396
10535,0.29894787073135376
10536,0.48550403118133545
10537,0.5645599961280823
10538,0.7636063098907471
10539,0.714928150177002
10540,0.4320225119590759
10541,0.600690484046936
10542,0.4562161862850189
10543,0.4029863178730011
10544,0.3343193531036377
10545,0.7601701617240906
10546,0.2100396752357483
10547,0.5052427649497986
10548,0.7865544557571411
10549,0.5373143553733826
10550,0.82480388879776
10551,0.3313829302787781
10552,0.4463079571723938
10553,0.47318142652511597
10554,0.575308084487915
10555,0.49971503019332886
10556,0.3315379023551941
10557,0.7100028395652771
10558,0.2601010799407959
10559,0.40159836411476135
10560,0.37216106057167053
10561,0.4149591028690338
10562,0.6262502670288086
10563,0.4830843210220337
10564,0.4738115072250366
10565,0.40235665440559387
10566,0.5083174109458923
10567,0.5904273390769958
10568,0.603853166103363
10569,0.5870015621185303
10570,0.4499453604221344
10571,0.7078261971473694
10572,0.6624104976654053
10573,0.3082717955112457
10574,0.5394973754882812
10575,0.866486668586731
10576,0.628257691860199
10577,0.39881452918052673
10578,0.3555179238319397
10579,0.7580928206443787
10580,0.7804761528968811
10581,0.42963576316833496
10582,0.7869799733161926
10583,0.7307771444320679
10584,0.29790741205215454
10585,0.4359239637851715
10586,0.8357129693031311
10587,0.8104979395866394
10588,0.7146785855293274
10589,0.2721424698829651
10590,0.28688567876815796
10591,0.335344135761261
10592,0.48132267594337463
10593,0.650357723236084
10594,0.5850701332092285
10595,0.38479962944984436
10596,0.3655402958393097
10597,0.5779879689216614
10598,0.5881185531616211
10599,0.252460241317749
10600,0.6304594874382019
10601,0.32738903164863586
10602,0.31193795800209045
10603,0.747154951095581
10604,0.7842093110084534
10605,0.6687690615653992
10606,0.6064782738685608
10607,0.6415501832962036
10608,0.5906945466995239
10609,0.7194650769233704
10610,0.6916021704673767
10611,0.8721016049385071
10612,0.22167493402957916
10613,0.3683626055717468
10614,0.44416555762290955
10615,0.44505584239959717
10616,0.40393486618995667
10617,0.7105085253715515
10618,0.7650511860847473
10619,0.7722136974334717
10620,0.5928636789321899
10621,0.22617223858833313
10622,0.6591967344284058
10623,0.3880106210708618
10624,0.5757715702056885
10625,0.5748555064201355
10626,0.7997159361839294
10627,0.3060652017593384
10628,0.6430540084838867
10629,0.6826010942459106
10630,0.4846380352973938
10631,0.4456194043159485
10632,0.4116032123565674
10633,0.4726078510284424
10634,0.33286646008491516
10635,0.5457841753959656
10636,0.29278889298439026
10637,0.5130174160003662
10638,0.4744367003440857
10639,0.35332491993904114
10640,0.20682506263256073
10641,0.6967936158180237
10642,0.5175121426582336
10643,0.5852705240249634
10644,0.5246029496192932
10645,0.5482568144798279
10646,0.3770069181919098
10647,0.6204573512077332
10648,0.41120341420173645
10649,0.4379693269729614
10650,0.3734373450279236
10651,0.4493134617805481
10652,0.4780725836753845
10653,0.6532039046287537
10654,0.5063254237174988
10655,0.3182739019393921
10656,0.6822208762168884
10657,0.48168593645095825
10658,0.6333302855491638
10659,0.4164159595966339
10660,0.5969961881637573
10661,0.7799023985862732
10662,0.5707458257675171
10663,0.392744243144989
10664,0.34277576208114624
10665,0.659363865852356
10666,0.7987377047538757
10667,0.5310510396957397
10668,0.6411519050598145
10669,0.2584852874279022
10670,0.5725056529045105
10671,0.7492489218711853
10672,0.20236071944236755
10673,0.3292123079299927
10674,0.31609660387039185
10675,0.2586132287979126
10676,0.7815666794776917
10677,0.8199242949485779
10678,0.6016283631324768
10679,0.7171521782875061
10680,0.32050594687461853
10681,0.5754715204238892
10682,0.5128865242004395
10683,0.3839492201805115
10684,0.24542734026908875
10685,0.523317277431488
10686,0.5902033448219299
10687,0.6198486089706421
10688,0.21125899255275726
10689,0.6415671706199646
10690,0.2183232307434082
10691,0.7517455816268921
10692,0.45777812600135803
10693,0.4053940773010254
10694,0.22418303787708282
10695,0.7578040361404419
10696,0.7252559661865234
10697,0.53609699010849
10698,0.5941519141197205
10699,0.6088201999664307
10700,0.4153796434402466
10701,0.6650248765945435
10702,0.6069018840789795
10703,0.6650156378746033
10704,0.40116214752197266
10705,0.6277614831924438
10706,0.4765618145465851
10707,0.5784026980400085
10708,0.6267629265785217
10709,0.5254859924316406
10710,0.5048002004623413
10711,0.561897337436676
10712,0.5176350474357605
10713,0.3552550971508026
10714,0.45336779952049255
10715,0.7983071208000183
10716,0.27969980239868164
10717,0.561762273311615
10718,0.7102881669998169
10719,0.4780076742172241
10720,0.49753931164741516
10721,0.38160622119903564
10722,0.6910892128944397
10723,0.7105334401130676
10724,0.7480863928794861
10725,0.6738070845603943
10726,0.495084673166275
10727,0.3631453812122345
10728,0.3821505308151245
10729,0.7126075625419617
10730,0.44769996404647827
10731,0.7561922073364258
10732,0.5468534231185913
10733,0.42849692702293396
10734,0.35793155431747437
10735,0.8333768248558044
10736,0.4984351396560669
10737,0.564156711101532
10738,0.5211776494979858
10739,0.34949618577957153
10740,0.7159802317619324
10741,0.2152024507522583
10742,0.605932891368866
10743,0.8063485026359558
10744,0.4639333486557007
10745,0.25689223408699036
10746,0.803457498550415
10747,0.22765828669071198
10748,0.5336351990699768
10749,0.3057772219181061
10750,0.25410938262939453
10751,0.7167862057685852
10752,0.6953991055488586
10753,0.7510107159614563
10754,0.2868833839893341
10755,0.4829097390174866
10756,0.27015918493270874
10757,0.5307576060295105
10758,0.37113603949546814
10759,0.7320095300674438
10760,0.5395599007606506
10761,0.4718204140663147
10762,0.4894278049468994
10763,0.4091944098472595
10764,0.2409847229719162
10765,0.5632856488227844
10766,0.37986207008361816
10767,0.8030065298080444
10768,0.6625596880912781
10769,0.5018051266670227
10770,0.41424843668937683
10771,0.5609484314918518
10772,0.5057536959648132
10773,0.6869595646858215
10774,0.8532337546348572
10775,0.6345908045768738
10776,0.6012248396873474
10777,0.5366244316101074
10778,0.5608007311820984
10779,0.46717122197151184
10780,0.6462204456329346
10781,0.3774189352989197
10782,0.5117505192756653
10783,0.6433694362640381
10784,0.2002248913049698
10785,0.6246777772903442
10786,0.6226937770843506
10787,0.3083365261554718
10788,0.5716611742973328
10789,0.6605668663978577
10790,0.4188229441642761
10791,0.6839302778244019
10792,0.3374103009700775
10793,0.6871930956840515
10794,0.608984649181366
10795,0.6061596870422363
10796,0.5781086683273315
10797,0.5179394483566284
10798,0.4354420602321625
10799,0.48045065999031067
10800,0.5740229487419128
10801,0.5900269150733948
10802,0.8047272562980652
10803,0.6048874855041504
10804,0.35626813769340515
10805,0.669752836227417
10806,0.6225717067718506
10807,0.5375622510910034
10808,0.44162628054618835
10809,0.722846508026123
10810,0.5981947779655457
10811,0.4821024239063263
10812,0.7777690291404724
10813,0.36512845754623413
10814,0.427308589220047
10815,0.47250857949256897
10816,0.7768533229827881
10817,0.4756624698638916
10818,0.25365591049194336
10819,0.6868627667427063
10820,0.810860276222229
10821,0.40100544691085815
10822,0.8050170540809631
10823,0.687978982925415
10824,0.8171872496604919
10825,0.6890845894813538
10826,0.8222533464431763
10827,0.3645325303077698
10828,0.37404605746269226
10829,0.2298971712589264
10830,0.47779640555381775
10831,0.5133417248725891
10832,0.44757622480392456
10833,0.44631338119506836
10834,0.8100741505622864
10835,0.4066630005836487
10836,0.5423839688301086
10837,0.6062154769897461
10838,0.6030749678611755
10839,0.7471385598182678
10840,0.6058635711669922
10841,0.8497461676597595
10842,0.448281854391098
10843,0.7028805613517761
10844,0.1999259889125824
10845,0.656883955001831
10846,0.3018638789653778
10847,0.37244218587875366
10848,0.7187077403068542
10849,0.33741775155067444
10850,0.7469191551208496
10851,0.6931114196777344
10852,0.6199957728385925
10853,0.6640360355377197
10854,0.3640526831150055
10855,0.2590515613555908
10856,0.42587071657180786
10857,0.24281731247901917
10858,0.4799850285053253
10859,0.4194478988647461
10860,0.6443203687667847
10861,0.5514336824417114
10862,0.7197663187980652
10863,0.7374210357666016
10864,0.6755491495132446
10865,0.4464893639087677
10866,0.6054815053939819
10867,0.6121556162834167
10868,0.8057339191436768
10869,0.8071210384368896
10870,0.549793004989624
10871,0.6493901014328003
10872,0.502943754196167
10873,0.39438870549201965
10874,0.4678322672843933
10875,0.7084547281265259
10876,0.69417804479599
10877,0.5490805506706238
10878,0.6868017911911011
10879,0.7631007432937622
10880,0.20744886994361877
10881,0.7670327425003052
10882,0.5470790266990662
10883,0.5409919619560242
10884,0.7037246823310852
10885,0.26670345664024353
10886,0.38552922010421753
10887,0.2992457151412964
10888,0.5139629244804382
10889,0.573931097984314
10890,0.49145010113716125
10891,0.5949781537055969
10892,0.5685604214668274
10893,0.7825371623039246
10894,0.32693275809288025
10895,0.39126256108283997
10896,0.4189469814300537
10897,0.686944842338562
10898,0.5627763867378235
10899,0.6620506048202515
10900,0.27192625403404236
10901,0.4712894558906555
10902,0.561652660369873
10903,0.633185863494873
10904,0.47532883286476135
10905,0.4620587229728699
10906,0.6263330578804016
10907,0.496957004070282
10908,0.3557562828063965
10909,0.2218244969844818
10910,0.2861291468143463
10911,0.3620665669441223
10912,0.8150811195373535
10913,0.7774581909179688
10914,0.6618623733520508
10915,0.44252529740333557
10916,0.38263028860092163
10917,0.4029693901538849
10918,0.5564666986465454
10919,0.23950929939746857
10920,0.8168905973434448
10921,0.18981511890888214
10922,0.532832682132721
10923,0.2676315903663635
10924,0.30361494421958923
10925,0.465096116065979
10926,0.722253143787384
10927,0.5713874697685242
10928,0.7867680788040161
10929,0.5445812940597534
10930,0.4930936098098755
10931,0.44015875458717346
10932,0.4917612373828888
10933,0.47806310653686523
10934,0.5390366315841675
10935,0.7524877786636353
10936,0.5863365530967712
10937,0.4269099235534668
10938,0.42893365025520325
10939,0.449581503868103
10940,0.779948890209198
10941,0.7844268679618835
10942,0.551603376865387
10943,0.5127543210983276
10944,0.6738157272338867
10945,0.34350231289863586
10946,0.2763494849205017
10947,0.6596016883850098
10948,0.28964683413505554
10949,0.4515954852104187
10950,0.47110581398010254
10951,0.25236064195632935
10952,0.47500839829444885
10953,0.5588857531547546
10954,0.4892030358314514
10955,0.4922599196434021
10956,0.4113261103630066
10957,0.40953946113586426
10958,0.2625661790370941
10959,0.5168375372886658
10960,0.4927794337272644
10961,0.39828142523765564
10962,0.582318127155304
10963,0.3031700551509857
10964,0.4588328003883362
10965,0.3557858169078827
10966,0.775831401348114
10967,0.2812001407146454
10968,0.5383041501045227
10969,0.4813513457775116
10970,0.4548734426498413
10971,0.5091256499290466
10972,0.2003377377986908
10973,0.25639888644218445
10974,0.5560903549194336
10975,0.5829095840454102
10976,0.7720845341682434
10977,0.5990262627601624
10978,0.31260809302330017
10979,0.37853702902793884
10980,0.4226636290550232
10981,0.7152054905891418
10982,0.7158038020133972
10983,0.48415473103523254
10984,0.42587149143218994
10985,0.4132954180240631
10986,0.6122658848762512
10987,0.3492278754711151
10988,0.745431125164032
10989,0.5713315010070801
10990,0.3678422272205353
10991,0.4251196086406708
10992,0.3815997540950775
10993,0.36739903688430786
10994,0.7893081307411194
10995,0.7067989110946655
10996,0.5048673748970032
10997,0.5304299592971802
10998,0.5745160579681396
10999,0.4837421774864197
11000,0.5550575256347656
11001,0.5500782132148743
11002,0.5575515031814575
11003,0.7719317674636841
11004,0.4567093253135681
11005,0.7773802280426025
11006,0.234207421541214
11007,0.6486722230911255
11008,0.4756365418434143
11009,0.4747992753982544
11010,0.6539883613586426
11011,0.5289026498794556
11012,0.752485454082489
11013,0.5267354249954224
11014,0.5593485236167908
11015,0.2491946965456009
11016,0.5036407709121704
11017,0.4694599509239197
11018,0.2759818732738495
11019,0.44066134095191956
11020,0.4980086386203766
11021,0.4920424818992615
11022,0.6565657258033752
11023,0.5281603336334229
11024,0.46806085109710693
11025,0.3221379816532135
11026,0.3986392319202423
11027,0.47359323501586914
11028,0.33745869994163513
11029,0.2862814664840698
11030,0.23748371005058289
11031,0.6314776539802551
11032,0.2602201998233795
11033,0.44642186164855957
11034,0.4235624074935913
11035,0.42559728026390076
11036,0.3939940333366394
11037,0.6335865259170532
11038,0.7758784294128418
11039,0.4067840278148651
11040,0.8074466586112976
11041,0.7253192067146301
11042,0.4870094656944275
11043,0.23684880137443542
11044,0.6901306509971619
11045,0.6624909043312073
11046,0.45552387833595276
11047,0.7430665493011475
11048,0.6429585218429565
11049,0.4920240044593811
11050,0.5352094173431396
11051,0.7171710133552551
11052,0.30372244119644165
11053,0.38814815878868103
11054,0.24130307137966156
11055,0.3552122414112091
11056,0.7056142091751099
11057,0.6228867769241333
11058,0.5340094566345215
11059,0.48465821146965027
11060,0.5735173225402832
11061,0.7479562759399414
11062,0.5336477160453796
11063,0.8131629228591919
11064,0.7715667486190796
11065,0.747992992401123
11066,0.5176834464073181
11067,0.4948890209197998
11068,0.3239539861679077
11069,0.6156447529792786
11070,0.37987983226776123
11071,0.509922981262207
11072,0.3043805658817291
11073,0.8195198178291321
11074,0.7390317320823669
11075,0.5357243418693542
11076,0.44423002004623413
11077,0.38400474190711975
11078,0.6306621432304382
11079,0.758206307888031
11080,0.4641270339488983
11081,0.8280954360961914
11082,0.4002091884613037
11083,0.44398918747901917
11084,0.5537362694740295
11085,0.22798974812030792
11086,0.4982041120529175
11087,0.7321810126304626
11088,0.6820122003555298
11089,0.6632153987884521
11090,0.37283262610435486
11091,0.38953161239624023
11092,0.2820901572704315
11093,0.3634006977081299
11094,0.24392235279083252
11095,0.3188389241695404
11096,0.6359128355979919
11097,0.5795127749443054
11098,0.20895498991012573
11099,0.29968947172164917
11100,0.4834333062171936
11101,0.25264397263526917
11102,0.8108543753623962
11103,0.7095102667808533
11104,0.6358360052108765
11105,0.39813798666000366
11106,0.6546215415000916
11107,0.48040756583213806
11108,0.7528518438339233
11109,0.44431328773498535
11110,0.6107233166694641
11111,0.28613537549972534
11112,0.5665479898452759
11113,0.27044498920440674
11114,0.31918126344680786
11115,0.6101575493812561
11116,0.4755784273147583
11117,0.5521976351737976
11118,0.4819640517234802
11119,0.48147204518318176
11120,0.7874900698661804
11121,0.20347175002098083
11122,0.5162103772163391
11123,0.663636326789856
11124,0.7295528054237366
11125,0.5367453098297119
11126,0.7802687287330627
11127,0.8442862629890442
11128,0.5710474848747253
11129,0.4290894865989685
11130,0.48925289511680603
11131,0.5755150318145752
11132,0.5643449425697327
11133,0.7230527400970459
11134,0.29210594296455383
11135,0.43504711985588074
11136,0.3868158757686615
11137,0.585835874080658
11138,0.7112408876419067
11139,0.7098982334136963
11140,0.2945137023925781
11141,0.4466495215892792
11142,0.40797024965286255
11143,0.2751321494579315
11144,0.5302306413650513
11145,0.46320703625679016
11146,0.2802380919456482
11147,0.36101680994033813
11148,0.3140474855899811
11149,0.7524782419204712
11150,0.5059311389923096
11151,0.6224079728126526
11152,0.7146052718162537
11153,0.4600805640220642
11154,0.3207569122314453
11155,0.5184836983680725
11156,0.8160929083824158
11157,0.6695013642311096
11158,0.6542418599128723
11159,0.733949601650238
11160,0.4443591237068176
11161,0.5553174018859863
11162,0.42267248034477234
11163,0.7477002739906311
11164,0.33208656311035156
11165,0.3843196630477905
11166,0.37444400787353516
11167,0.6672318577766418
11168,0.7890408635139465
11169,0.6008787155151367
11170,0.7543848156929016
11171,0.5829659104347229
11172,0.5612990260124207
11173,0.6587535738945007
11174,0.6527995467185974
11175,0.595230221748352
11176,0.34857377409935
11177,0.5053949356079102
11178,0.3070267140865326
11179,0.36169159412384033
11180,0.7792941927909851
11181,0.6863282322883606
11182,0.6452603936195374
11183,0.7240416407585144
11184,0.32018399238586426
11185,0.6907098293304443
11186,0.781388521194458
11187,0.4258529245853424
11188,0.6184912323951721
11189,0.512832522392273
11190,0.3819964826107025
11191,0.5107249021530151
11192,0.6054966449737549
11193,0.5977171063423157
11194,0.8028944730758667
11195,0.4080066978931427
11196,0.7838609218597412
11197,0.6049226522445679
11198,0.1971064656972885
11199,0.28885921835899353
11200,0.3793821334838867
11201,0.39814630150794983
11202,0.6463550329208374
11203,0.5822915434837341
11204,0.38594040274620056
11205,0.3986075520515442
11206,0.19459331035614014
11207,0.43945497274398804
11208,0.5482468008995056
11209,0.6157577633857727
11210,0.4508002996444702
11211,0.30646270513534546
11212,0.436307430267334
11213,0.20109456777572632
11214,0.34721213579177856
11215,0.4169100522994995
11216,0.3421681523323059
11217,0.7761614918708801
11218,0.33803221583366394
11219,0.5069131851196289
11220,0.5075624585151672
11221,0.6287534236907959
11222,0.3758748173713684
11223,0.4543231725692749
11224,0.3129713535308838
11225,0.5519720911979675
11226,0.5588130950927734
11227,0.7115617990493774
11228,0.5040256381034851
11229,0.8089051842689514
11230,0.5348115563392639
11231,0.4781971275806427
11232,0.6806674003601074
11233,0.3015333414077759
11234,0.5251068472862244
11235,0.445711225271225
11236,0.8213643431663513
11237,0.4646208584308624
11238,0.7547791600227356
11239,0.5260751843452454
11240,0.6734198331832886
11241,0.5904656648635864
11242,0.8222474455833435
11243,0.5218768119812012
11244,0.29512110352516174
11245,0.5706611275672913
11246,0.7250502109527588
11247,0.46964356303215027
11248,0.3556772470474243
11249,0.6305591464042664
11250,0.38603904843330383
11251,0.3121611773967743
11252,0.8066027164459229
11253,0.447589635848999
11254,0.6424520015716553
11255,0.8051770329475403
11256,0.202324777841568
11257,0.5266063809394836
11258,0.3960643410682678
11259,0.560710608959198
11260,0.4056716561317444
11261,0.4800470471382141
11262,0.6404423117637634
11263,0.3173351287841797
11264,0.6095749139785767
11265,0.6441775560379028
11266,0.5655311942100525
11267,0.2808498740196228
11268,0.2147081196308136
11269,0.7999627590179443
11270,0.5209499597549438
11271,0.33650490641593933
11272,0.781589686870575
11273,0.34137582778930664
11274,0.7664440274238586
11275,0.7282471656799316
11276,0.3902420997619629
11277,0.4530681073665619
11278,0.7356974482536316
11279,0.4474629759788513
11280,0.4143126606941223
11281,0.5243076086044312
11282,0.5916895866394043
11283,0.5694921016693115
11284,0.7468072772026062
11285,0.4770185947418213
11286,0.3905811607837677
11287,0.5397838354110718
11288,0.5889327526092529
11289,0.7994726896286011
11290,0.38087475299835205
11291,0.4879050552845001
11292,0.7497074007987976
11293,0.2804187536239624
11294,0.3059151768684387
11295,0.36295822262763977
11296,0.61614990234375
11297,0.7474293112754822
11298,0.7895376682281494
11299,0.32926231622695923
11300,0.2567354440689087
11301,0.7306894659996033
11302,0.4808186888694763
11303,0.42976102232933044
11304,0.6031477451324463
11305,0.699491024017334
11306,0.7731200456619263
11307,0.2253928780555725
11308,0.36504730582237244
11309,0.2784586548805237
11310,0.6182533502578735
11311,0.4471418559551239
11312,0.5472351908683777
11313,0.7315688729286194
11314,0.6084592342376709
11315,0.3893897235393524
11316,0.7612456679344177
11317,0.42390042543411255
11318,0.4744400084018707
11319,0.5764148235321045
11320,0.5185909867286682
11321,0.7433660626411438
11322,0.8051585555076599
11323,0.549776017665863
11324,0.25494900345802307
11325,0.6514422297477722
11326,0.7592197060585022
11327,0.6213222146034241
11328,0.7068992257118225
11329,0.8536754250526428
11330,0.691608726978302
11331,0.3334963917732239
11332,0.43803277611732483
11333,0.8295888304710388
11334,0.6563027501106262
11335,0.8084073066711426
11336,0.5366356372833252
11337,0.7738922834396362
11338,0.7344947457313538
11339,0.7409913539886475
11340,0.6027122139930725
11341,0.425706148147583
11342,0.5716741681098938
11343,0.37496083974838257
11344,0.46441414952278137
11345,0.7256425619125366
11346,0.6677118539810181
11347,0.4120357632637024
11348,0.6804365515708923
11349,0.5802037715911865
11350,0.7724853754043579
11351,0.5047261714935303
11352,0.6233787536621094
11353,0.4472459852695465
11354,0.46197396516799927
11355,0.4781748950481415
11356,0.34317436814308167
11357,0.411548376083374
11358,0.4298502206802368
11359,0.4323134422302246
11360,0.5462572574615479
11361,0.26176056265830994
11362,0.4551551342010498
11363,0.48977604508399963
11364,0.619247317314148
11365,0.25957125425338745
11366,0.7368298172950745
11367,0.4731587767601013
11368,0.5006974339485168
11369,0.8447444438934326
11370,0.3119238018989563
11371,0.8156123161315918
11372,0.4101584851741791
11373,0.7602075934410095
11374,0.6739842295646667
11375,0.7420406341552734
11376,0.3834211528301239
11377,0.700685977935791
11378,0.403226763010025
11379,0.7648879885673523
11380,0.32761475443840027
11381,0.6410572528839111
11382,0.6463908553123474
11383,0.6069111227989197
11384,0.6181367039680481
11385,0.5783662796020508
11386,0.5857930183410645
11387,0.31517648696899414
11388,0.564151406288147
11389,0.6163066029548645
11390,0.5034489035606384
11391,0.6832912564277649
11392,0.7419654726982117
11393,0.4612986743450165
11394,0.34166935086250305
11395,0.43791234493255615
11396,0.48601117730140686
11397,0.29929837584495544
11398,0.31511014699935913
11399,0.5643294453620911
11400,0.4937282204627991
11401,0.837797224521637
11402,0.27857792377471924
11403,0.8032738566398621
11404,0.34031960368156433
11405,0.501132607460022
11406,0.32026663422584534
11407,0.7359216809272766
11408,0.546289324760437
11409,0.4222814440727234
11410,0.3200513422489166
11411,0.5157182216644287
11412,0.3669862449169159
11413,0.41526782512664795
11414,0.7853327393531799
11415,0.6288172006607056
11416,0.6944291591644287
11417,0.6633368730545044
11418,0.45350226759910583
11419,0.7035136222839355
11420,0.5346518754959106
11421,0.44733741879463196
11422,0.6310045123100281
11423,0.3064347207546234
11424,0.5678412914276123
11425,0.48881134390830994
11426,0.31813329458236694
11427,0.4012165069580078
11428,0.22544679045677185
11429,0.5128534436225891
11430,0.7947075963020325
11431,0.6614654064178467
11432,0.4121394455432892
11433,0.4231809377670288
11434,0.277262419462204
11435,0.47886085510253906
11436,0.43900445103645325
11437,0.23869071900844574
11438,0.8121288418769836
11439,0.20454064011573792
11440,0.4570029377937317
11441,0.6763135194778442
11442,0.5766358375549316
11443,0.7306769490242004
11444,0.7012574076652527
11445,0.6474385857582092
11446,0.4492208957672119
11447,0.4846338629722595
11448,0.37277737259864807
11449,0.5193912386894226
11450,0.34058499336242676
11451,0.3848118484020233
11452,0.2362220585346222
11453,0.7678676247596741
11454,0.3690277636051178
11455,0.8157855868339539
11456,0.4428708851337433
11457,0.2317270189523697
11458,0.7840001583099365
11459,0.5421339869499207
11460,0.5106087923049927
11461,0.4322183132171631
11462,0.4221186935901642
11463,0.5846923589706421
11464,0.7483768463134766
11465,0.6926621794700623
11466,0.20998403429985046
11467,0.44289323687553406
11468,0.5091550350189209
11469,0.3708350658416748
11470,0.7519680261611938
11471,0.7464667558670044
11472,0.25666579604148865
11473,0.55289226770401
11474,0.5298805236816406
11475,0.8519907593727112
11476,0.6671607494354248
11477,0.7316815257072449
11478,0.8335272073745728
11479,0.8104196190834045
11480,0.6943625807762146
11481,0.6797010898590088
11482,0.3836963176727295
11483,0.34440216422080994
11484,0.3136577010154724
11485,0.3060612082481384
11486,0.7168585062026978
11487,0.7519169449806213
11488,0.7518881559371948
11489,0.6218104362487793
11490,0.28501877188682556
11491,0.5006582140922546
11492,0.7895532846450806
11493,0.8205989599227905
11494,0.6441879868507385
11495,0.3261079788208008
11496,0.7315927147865295
11497,0.40335479378700256
11498,0.7935374975204468
11499,0.45381394028663635
11500,0.5269853472709656
11501,0.4103562831878662
11502,0.3917313814163208
11503,0.8597263097763062
11504,0.5623705983161926
11505,0.41428425908088684
11506,0.30329757928848267
11507,0.5985063910484314
11508,0.40109604597091675
11509,0.3839748203754425
11510,0.6183040142059326
11511,0.3847849369049072
11512,0.6747636795043945
11513,0.6402910351753235
11514,0.7010833621025085
11515,0.5582978129386902
11516,0.5312027931213379
11517,0.580518901348114
11518,0.5476401448249817
11519,0.8193985223770142
11520,0.544437050819397
11521,0.7184445261955261
11522,0.501797080039978
11523,0.5545747876167297
11524,0.5690392255783081
11525,0.2693089246749878
11526,0.6154145002365112
11527,0.6363726258277893
11528,0.46225109696388245
11529,0.6516635417938232
11530,0.5858907103538513
11531,0.20992884039878845
11532,0.36007624864578247
11533,0.6485488414764404
11534,0.6424978375434875
11535,0.4272220730781555
11536,0.6251632571220398
11537,0.27289077639579773
11538,0.42408907413482666
11539,0.8142467141151428
11540,0.5790681838989258
11541,0.6394539475440979
11542,0.831275224685669
11543,0.49959301948547363
11544,0.5335181355476379
11545,0.7995815873146057
11546,0.5349655747413635
11547,0.3808399736881256
11548,0.6538810133934021
11549,0.49526524543762207
11550,0.7878149151802063
11551,0.3879191279411316
11552,0.6414241194725037
11553,0.43853792548179626
11554,0.5465307831764221
11555,0.5350991487503052
11556,0.6473415493965149
11557,0.47304436564445496
11558,0.7359198331832886
11559,0.8604233264923096
11560,0.7787275910377502
11561,0.7322255373001099
11562,0.5745583176612854
11563,0.6668970584869385
11564,0.6231188774108887
11565,0.4940563440322876
11566,0.5392858982086182
11567,0.26509228348731995
11568,0.7434113025665283
11569,0.8236744403839111
11570,0.21720635890960693
11571,0.7370072603225708
11572,0.2296234518289566
11573,0.7950354814529419
11574,0.6849192976951599
11575,0.605512797832489
11576,0.3588060736656189
11577,0.3189236521720886
11578,0.47822505235671997
11579,0.3981122076511383
11580,0.51227205991745
11581,0.4684745669364929
11582,0.2683323323726654
11583,0.5291187763214111
11584,0.3844499886035919
11585,0.36803126335144043
11586,0.5731713175773621
11587,0.24402862787246704
11588,0.6598851084709167
11589,0.3971894681453705
11590,0.5468640327453613
11591,0.6789145469665527
11592,0.48247674107551575
11593,0.7391830682754517
11594,0.6773877143859863
11595,0.36644044518470764
11596,0.3195560872554779
11597,0.6972067356109619
11598,0.5049403309822083
11599,0.41137149930000305
11600,0.6016252040863037
11601,0.6790506839752197
11602,0.5259024500846863
11603,0.7224620580673218
11604,0.5508502721786499
11605,0.5514929294586182
11606,0.7849173545837402
11607,0.36701926589012146
11608,0.49557971954345703
11609,0.37473195791244507
11610,0.5590235590934753
11611,0.5939552783966064
11612,0.4788026511669159
11613,0.5792862176895142
11614,0.6609963178634644
11615,0.23417368531227112
11616,0.4253074526786804
11617,0.41989266872406006
11618,0.619779109954834
11619,0.5148422122001648
11620,0.5448267459869385
11621,0.8168859481811523
11622,0.27589544653892517
11623,0.3036077916622162
11624,0.6737719178199768
11625,0.5683931112289429
11626,0.39542752504348755
11627,0.7054210305213928
11628,0.7075244784355164
11629,0.8457966446876526
11630,0.49342676997184753
11631,0.6558688879013062
11632,0.8197371959686279
11633,0.3251320719718933
11634,0.6520571708679199
11635,0.42762166261672974
11636,0.40733397006988525
11637,0.2997978627681732
11638,0.6597338914871216
11639,0.6629802584648132
11640,0.7826136350631714
11641,0.3799046576023102
11642,0.7898771166801453
11643,0.5744875073432922
11644,0.5174665451049805
11645,0.2735147476196289
11646,0.7501032948493958
11647,0.24687108397483826
11648,0.39601731300354004
11649,0.4542853832244873
11650,0.4444931745529175
11651,0.7112975120544434
11652,0.5799453258514404
11653,0.36810168623924255
11654,0.35478851199150085
11655,0.43675971031188965
11656,0.7052160501480103
11657,0.5178899765014648
11658,0.7683137059211731
11659,0.28512775897979736
11660,0.48740431666374207
11661,0.2589406669139862
11662,0.4914177358150482
11663,0.5422651767730713
11664,0.7886744141578674
11665,0.8549664616584778
11666,0.7280713319778442
11667,0.330055296421051
11668,0.5336676239967346
11669,0.46260058879852295
11670,0.5890370607376099
11671,0.653721272945404
11672,0.338733971118927
11673,0.7571042776107788
11674,0.3391314744949341
11675,0.1912102997303009
11676,0.6796118021011353
11677,0.40047869086265564
11678,0.5723516941070557
11679,0.41052374243736267
11680,0.6174567937850952
11681,0.23709464073181152
11682,0.5254857540130615
11683,0.5339173674583435
11684,0.40358495712280273
11685,0.5418301820755005
11686,0.42691531777381897
11687,0.48433274030685425
11688,0.4626910090446472
11689,0.4672442078590393
11690,0.48793959617614746
11691,0.3966123163700104
11692,0.47378480434417725
11693,0.22347426414489746
11694,0.2991873025894165
11695,0.6703767776489258
11696,0.32865816354751587
11697,0.47790247201919556
11698,0.2899804711341858
11699,0.4911346435546875
11700,0.332712322473526
11701,0.5770071744918823
11702,0.41312211751937866
11703,0.8234699368476868
11704,0.5808713436126709
11705,0.4375840425491333
11706,0.40763533115386963
11707,0.6629031300544739
11708,0.45698198676109314
11709,0.7157890796661377
11710,0.27471020817756653
11711,0.7315003275871277
11712,0.3149639964103699
11713,0.3847699761390686
11714,0.6548464298248291
11715,0.6481338143348694
11716,0.34130579233169556
11717,0.3143977224826813
11718,0.5773074626922607
11719,0.39620441198349
11720,0.5095160007476807
11721,0.7476385831832886
11722,0.501783013343811
11723,0.4943749010562897
11724,0.3251289427280426
11725,0.4965800344944
11726,0.7690872550010681
11727,0.35921818017959595
11728,0.3669906556606293
11729,0.28241604566574097
11730,0.5118233561515808
11731,0.6045153737068176
11732,0.6601386666297913
11733,0.45411452651023865
11734,0.630954921245575
11735,0.31805774569511414
11736,0.6089506149291992
11737,0.6235533356666565
11738,0.7982168793678284
11739,0.5951144099235535
11740,0.8225522041320801
11741,0.2958725392818451
11742,0.49952423572540283
11743,0.5223641395568848
11744,0.5122793316841125
11745,0.7628095149993896
11746,0.6532018184661865
11747,0.505623996257782
11748,0.6544001698493958
11749,0.3910471796989441
11750,0.4101748764514923
11751,0.48011475801467896
11752,0.3682821989059448
11753,0.4598245322704315
11754,0.5286458134651184
11755,0.21214289963245392
11756,0.5812584161758423
11757,0.6400742530822754
11758,0.6189452409744263
11759,0.7998062968254089
11760,0.7097975015640259
11761,0.36020708084106445
11762,0.673810601234436
11763,0.4698426127433777
11764,0.4806245267391205
11765,0.29098716378211975
11766,0.4516555666923523
11767,0.7646186947822571
11768,0.2619193494319916
11769,0.4244578778743744
11770,0.6904616951942444
11771,0.6633330583572388
11772,0.46937477588653564
11773,0.28786584734916687
11774,0.248116135597229
11775,0.7662145495414734
11776,0.8117073178291321
11777,0.4497871696949005
11778,0.5685300827026367
11779,0.2685103416442871
11780,0.5700744986534119
11781,0.5313659310340881
11782,0.6878079175949097
11783,0.5765278339385986
11784,0.6068066954612732
11785,0.7665641903877258
11786,0.6852615475654602
11787,0.5724723935127258
11788,0.5669720768928528
11789,0.4220874607563019
11790,0.47563549876213074
11791,0.5180436968803406
11792,0.48338595032691956
11793,0.6982855796813965
11794,0.26695626974105835
11795,0.37840113043785095
11796,0.31131792068481445
11797,0.3240823447704315
11798,0.7385663390159607
11799,0.5229801535606384
11800,0.49570634961128235
11801,0.75172358751297
11802,0.2800856828689575
11803,0.4334114193916321
11804,0.8508985638618469
11805,0.36569878458976746
11806,0.6210880875587463
11807,0.6194986701011658
11808,0.23203039169311523
11809,0.39030811190605164
11810,0.4200575649738312
11811,0.24489253759384155
11812,0.6117148995399475
11813,0.5682061910629272
11814,0.47533154487609863
11815,0.26328417658805847
11816,0.5490779280662537
11817,0.6911206245422363
11818,0.4671303331851959
11819,0.47029370069503784
11820,0.7431495785713196
11821,0.5267243385314941
11822,0.47367003560066223
11823,0.39823001623153687
11824,0.40186211466789246
11825,0.5305236577987671
11826,0.7729219794273376
11827,0.4570895731449127
11828,0.5026744604110718
11829,0.6991986632347107
11830,0.24756108224391937
11831,0.5949605703353882
11832,0.2874751091003418
11833,0.6679001450538635
11834,0.406237930059433
11835,0.613792896270752
11836,0.45058438181877136
11837,0.23467974364757538
11838,0.6939107179641724
11839,0.7811019420623779
11840,0.5577947497367859
11841,0.4549447000026703
11842,0.8016802072525024
11843,0.39276233315467834
11844,0.5621961355209351
11845,0.7913315296173096
11846,0.4469855725765228
11847,0.5007919669151306
11848,0.6361209154129028
11849,0.8262972235679626
11850,0.27450671792030334
11851,0.22981682419776917
11852,0.4231601655483246
11853,0.7055437564849854
11854,0.5509499907493591
11855,0.7362308502197266
11856,0.8020250201225281
11857,0.3949631452560425
11858,0.6302908658981323
11859,0.7556769847869873
11860,0.5968736410140991
11861,0.5543066263198853
11862,0.7969431281089783
11863,0.29884815216064453
11864,0.7784268856048584
11865,0.5148641467094421
11866,0.3230070173740387
11867,0.688187837600708
11868,0.7831880450248718
11869,0.19941896200180054
11870,0.6101130843162537
11871,0.8249538540840149
11872,0.7113380432128906
11873,0.3523629307746887
11874,0.3729279339313507
11875,0.8352245688438416
11876,0.3854129910469055
11877,0.8031730651855469
11878,0.7416307926177979
11879,0.4805550277233124
11880,0.6263320446014404
11881,0.4119904041290283
11882,0.5923009514808655
11883,0.5972045660018921
11884,0.3782103657722473
11885,0.5860918760299683
11886,0.48387226462364197
11887,0.4130871891975403
11888,0.2866895794868469
11889,0.26130911707878113
11890,0.8016664385795593
11891,0.8203144073486328
11892,0.5904736518859863
11893,0.345320463180542
11894,0.5421794056892395
11895,0.4071968197822571
11896,0.2661818861961365
11897,0.27783647179603577
11898,0.4707198143005371
11899,0.3972409963607788
11900,0.6965315937995911
11901,0.47630682587623596
11902,0.34850794076919556
11903,0.6210787296295166
11904,0.5335459113121033
11905,0.674197256565094
11906,0.5199272036552429
11907,0.6803101897239685
11908,0.2568325400352478
11909,0.4303502142429352
11910,0.3729516267776489
11911,0.3382705748081207
11912,0.5590624213218689
11913,0.6663895845413208
11914,0.5051142573356628
11915,0.3045337200164795
11916,0.834247887134552
11917,0.4807575047016144
11918,0.5158641934394836
11919,0.7851164937019348
11920,0.44282516837120056
11921,0.3853410482406616
11922,0.8278831839561462
11923,0.35214516520500183
11924,0.5956385135650635
11925,0.5924870371818542
11926,0.5372351408004761
11927,0.515457034111023
11928,0.7287676930427551
11929,0.7466263175010681
11930,0.5563084483146667
11931,0.4223976731300354
11932,0.6566306352615356
11933,0.543742299079895
11934,0.8284929990768433
11935,0.6200343370437622
11936,0.5075280070304871
11937,0.5919575095176697
11938,0.5605442523956299
11939,0.47362086176872253
11940,0.22969871759414673
11941,0.7178067564964294
11942,0.7599144577980042
11943,0.2566109597682953
11944,0.2802017629146576
11945,0.6809154748916626
11946,0.7336649298667908
11947,0.30256855487823486
11948,0.569837749004364
11949,0.3764369487762451
11950,0.666780948638916
11951,0.4742526710033417
11952,0.5844365954399109
11953,0.3307744264602661
11954,0.5655771493911743
11955,0.4962852895259857
11956,0.8070047497749329
11957,0.22348149120807648
11958,0.4034612476825714
11959,0.2376253306865692
11960,0.4077310562133789
11961,0.5077310800552368
11962,0.3250328302383423
11963,0.29894012212753296
11964,0.801557183265686
11965,0.5813254117965698
11966,0.21504566073417664
11967,0.7063424587249756
11968,0.696419358253479
11969,0.8429084420204163
11970,0.69683438539505
11971,0.4114873707294464
11972,0.3769069015979767
11973,0.5483686923980713
11974,0.32286757230758667
11975,0.5877854228019714
11976,0.5887336730957031
11977,0.45168739557266235
11978,0.48768433928489685
11979,0.7684844732284546
11980,0.6769252419471741
11981,0.591514527797699
11982,0.5944234132766724
11983,0.569837749004364
11984,0.5597141981124878
11985,0.565481424331665
11986,0.2805834710597992
11987,0.7545628547668457
11988,0.25814226269721985
11989,0.5471391677856445
11990,0.462480366230011
11991,0.25835275650024414
11992,0.39497336745262146
11993,0.7780936360359192
11994,0.6402783989906311
11995,0.6899133324623108
11996,0.6993260979652405
11997,0.20283262431621552
11998,0.5383583903312683
11999,0.43602773547172546
12000,0.40960055589675903
12001,0.35563161969184875
12002,0.6199019551277161
12003,0.7624996304512024
12004,0.3176831901073456
12005,0.5602999329566956
12006,0.5453235507011414
12007,0.4106268882751465
12008,0.6938893795013428
12009,0.6483266949653625
12010,0.6661792397499084
12011,0.4548553228378296
12012,0.7505596280097961
12013,0.40554001927375793
12014,0.8119240403175354
12015,0.19621823728084564
12016,0.4759049713611603
12017,0.67396080493927
12018,0.3933059871196747
12019,0.29382088780403137
12020,0.6537793278694153
12021,0.7852643728256226
12022,0.4798646569252014
12023,0.41246065497398376
12024,0.5179526805877686
12025,0.8216714262962341
12026,0.7984684705734253
12027,0.8000321984291077
12028,0.48583152890205383
12029,0.7082343697547913
12030,0.471915066242218
12031,0.5381894111633301
12032,0.7727916836738586
12033,0.8506630659103394
12034,0.6823152899742126
12035,0.5560828447341919
12036,0.7743769288063049
12037,0.6428797245025635
12038,0.34929847717285156
12039,0.5158640742301941
12040,0.39395275712013245
12041,0.7550682425498962
12042,0.7061627507209778
12043,0.8025071024894714
12044,0.5438673496246338
12045,0.24749842286109924
12046,0.7771120071411133
12047,0.7791954278945923
12048,0.5097343921661377
12049,0.371055006980896
12050,0.36013156175613403
12051,0.7266508936882019
12052,0.49447834491729736
12053,0.5216963887214661
12054,0.654695451259613
12055,0.7662877440452576
12056,0.7762649655342102
12057,0.37638887763023376
12058,0.34921884536743164
12059,0.2930341362953186
12060,0.6436658501625061
12061,0.750451385974884
12062,0.3935467004776001
12063,0.558550238609314
12064,0.6032777428627014
12065,0.44961291551589966
12066,0.605268657207489
12067,0.6997510194778442
12068,0.46319109201431274
12069,0.2361215054988861
12070,0.7542542219161987
12071,0.4426737427711487
12072,0.6197185516357422
12073,0.8503406047821045
12074,0.3738746643066406
12075,0.8184653520584106
12076,0.5784540772438049
12077,0.7970567345619202
12078,0.4634879529476166
12079,0.6760377883911133
12080,0.758995532989502
12081,0.6000586152076721
12082,0.2841428518295288
12083,0.3395981788635254
12084,0.3631572425365448
12085,0.586661159992218
12086,0.20721331238746643
12087,0.3114711344242096
12088,0.26080214977264404
12089,0.8045195937156677
12090,0.4862412214279175
12091,0.8233855962753296
12092,0.26146817207336426
12093,0.361054927110672
12094,0.40737780928611755
12095,0.39002108573913574
12096,0.4868572950363159
12097,0.56786048412323
12098,0.24321739375591278
12099,0.6553277373313904
12100,0.30659255385398865
12101,0.5363630056381226
12102,0.28403714299201965
12103,0.23645129799842834
12104,0.2541262209415436
12105,0.7788398265838623
12106,0.5551662445068359
12107,0.2266797423362732
12108,0.4122790992259979
12109,0.6204304099082947
12110,0.7016783356666565
12111,0.2717309296131134
12112,0.4454127550125122
12113,0.4977450966835022
12114,0.6156041026115417
12115,0.617104709148407
12116,0.7283836007118225
12117,0.39275211095809937
12118,0.4430972933769226
12119,0.45921704173088074
12120,0.4646105468273163
12121,0.7784151434898376
12122,0.3780314326286316
12123,0.8236545920372009
12124,0.7698505520820618
12125,0.45237910747528076
12126,0.19343949854373932
12127,0.31069323420524597
12128,0.6876952052116394
12129,0.30489784479141235
12130,0.4204780161380768
12131,0.3017870783805847
12132,0.6555488705635071
12133,0.2964349687099457
12134,0.3576114773750305
12135,0.8140654563903809
12136,0.6151871085166931
12137,0.4381215274333954
12138,0.42409810423851013
12139,0.4532468318939209
12140,0.6308386325836182
12141,0.7531501054763794
12142,0.5343173146247864
12143,0.4208827316761017
12144,0.5971223711967468
12145,0.3826274275779724
12146,0.2804749310016632
12147,0.3765714764595032
12148,0.37462687492370605
12149,0.5571893453598022
12150,0.4900549650192261
12151,0.4283338785171509
12152,0.40479621291160583
12153,0.3904605209827423
12154,0.4590076506137848
12155,0.7793735265731812
12156,0.6511762142181396
12157,0.5269800424575806
12158,0.4655810296535492
12159,0.7197040319442749
12160,0.6633341908454895
12161,0.8282251954078674
12162,0.39124804735183716
12163,0.6674378514289856
12164,0.6196251511573792
12165,0.49273425340652466
12166,0.6625353693962097
12167,0.5214457511901855
12168,0.22332614660263062
12169,0.6486172676086426
12170,0.5328910946846008
12171,0.622785210609436
12172,0.5076156854629517
12173,0.6662228107452393
12174,0.6537372469902039
12175,0.2924368679523468
12176,0.27621716260910034
12177,0.2692180275917053
12178,0.7485538125038147
12179,0.509044885635376
12180,0.4655824601650238
12181,0.6705655455589294
12182,0.49533721804618835
12183,0.7177555561065674
12184,0.8292438387870789
12185,0.4176291227340698
12186,0.30317920446395874
12187,0.3545007109642029
12188,0.43744102120399475
12189,0.7838259935379028
12190,0.6198959946632385
12191,0.5853998064994812
12192,0.4851497411727905
12193,0.6023406386375427
12194,0.4525974690914154
12195,0.662126898765564
12196,0.47597718238830566
12197,0.27058592438697815
12198,0.46411970257759094
12199,0.5494401454925537
12200,0.5741627216339111
12201,0.6845988035202026
12202,0.4656546115875244
12203,0.6286048293113708
12204,0.4032791554927826
12205,0.6638986468315125
12206,0.6778479814529419
12207,0.32611531019210815
12208,0.6937299370765686
12209,0.5025222897529602
12210,0.4936900734901428
12211,0.45592522621154785
12212,0.737976610660553
12213,0.6820408701896667
12214,0.6592921614646912
12215,0.651210606098175
12216,0.49119868874549866
12217,0.6730082035064697
12218,0.6261205077171326
12219,0.5165755152702332
12220,0.3475075364112854
12221,0.44442498683929443
12222,0.28038671612739563
12223,0.43824267387390137
12224,0.6608495116233826
12225,0.5358594655990601
12226,0.5022358894348145
12227,0.39343777298927307
12228,0.6930015087127686
12229,0.7192525863647461
12230,0.38855141401290894
12231,0.7039738297462463
12232,0.7834704518318176
12233,0.6519792675971985
12234,0.5857155919075012
12235,0.48741328716278076
12236,0.4562227129936218
12237,0.6120142936706543
12238,0.400199830532074
12239,0.6214067339897156
12240,0.7305838465690613
12241,0.6261196732521057
12242,0.3909568786621094
12243,0.6960734724998474
12244,0.8201994895935059
12245,0.3354216516017914
12246,0.2083432525396347
12247,0.7085192203521729
12248,0.2627260386943817
12249,0.34008967876434326
12250,0.18934378027915955
12251,0.34390127658843994
12252,0.7820469737052917
12253,0.8236182928085327
12254,0.22886505722999573
12255,0.7571930289268494
12256,0.7724425196647644
12257,0.41587013006210327
12258,0.3505829870700836
12259,0.5185506939888
12260,0.4234592616558075
12261,0.5377589464187622
12262,0.800748884677887
12263,0.6166873574256897
12264,0.23248854279518127
12265,0.4489915072917938
12266,0.645348072052002
12267,0.6386918425559998
12268,0.42862558364868164
12269,0.7282002568244934
12270,0.64361572265625
12271,0.4176173508167267
12272,0.3734728693962097
12273,0.4913409352302551
12274,0.5948196053504944
12275,0.3733765482902527
12276,0.5914996862411499
12277,0.7487908601760864
12278,0.7868002653121948
12279,0.7103768587112427
12280,0.35446974635124207
12281,0.7637898325920105
12282,0.3854462802410126
12283,0.6050300002098083
12284,0.6665194034576416
12285,0.6186321377754211
12286,0.5173895955085754
12287,0.5326276421546936
12288,0.48584073781967163
12289,0.3493836522102356
12290,0.4234599471092224
12291,0.3190080225467682
12292,0.5377952456474304
12293,0.3070339262485504
12294,0.41287004947662354
12295,0.7453495860099792
12296,0.6571394801139832
12297,0.33218416571617126
12298,0.5593509078025818
12299,0.4043988883495331
12300,0.8233044743537903
12301,0.7112072110176086
12302,0.2711421847343445
12303,0.29370343685150146
12304,0.7051993012428284
12305,0.5053032040596008
12306,0.7662088871002197
12307,0.3722041845321655
12308,0.3095528185367584
12309,0.30593034625053406
12310,0.4463637173175812
12311,0.7332791090011597
12312,0.35664334893226624
12313,0.4008738100528717
12314,0.41066914796829224
12315,0.6117152571678162
12316,0.299070805311203
12317,0.4350056052207947
12318,0.6757736206054688
12319,0.6942919492721558
12320,0.5952098369598389
12321,0.5693199634552002
12322,0.6141500473022461
12323,0.8299846053123474
12324,0.6605989336967468
12325,0.832017183303833
12326,0.7898315191268921
12327,0.23968443274497986
12328,0.2601010501384735
12329,0.2522885501384735
12330,0.5488439798355103
12331,0.3918614387512207
12332,0.5959004759788513
12333,0.3406658172607422
12334,0.41288483142852783
12335,0.7520611882209778
12336,0.5518091917037964
12337,0.6342958211898804
12338,0.7376062273979187
12339,0.4325721859931946
12340,0.46049097180366516
12341,0.4628452956676483
12342,0.49255168437957764
12343,0.68636155128479
12344,0.39928728342056274
12345,0.5036072731018066
12346,0.2812463939189911
12347,0.4998188316822052
12348,0.45233646035194397
12349,0.7139023542404175
12350,0.43649208545684814
12351,0.23406517505645752
12352,0.47343987226486206
12353,0.3993943929672241
12354,0.6208938360214233
12355,0.35261407494544983
12356,0.365716814994812
12357,0.5494106411933899
12358,0.6324991583824158
12359,0.5146409273147583
12360,0.46171337366104126
12361,0.792131781578064
12362,0.5458635687828064
12363,0.27217280864715576
12364,0.5212218165397644
12365,0.6103847026824951
12366,0.4889201819896698
12367,0.2755703628063202
12368,0.40914878249168396
12369,0.24676202237606049
12370,0.6087918877601624
12371,0.6159593462944031
12372,0.7588188648223877
12373,0.19905813038349152
12374,0.3035295307636261
12375,0.2721705734729767
12376,0.7373396158218384
12377,0.7743430137634277
12378,0.7667490839958191
12379,0.2567916512489319
12380,0.25197407603263855
12381,0.5282484292984009
12382,0.48603692650794983
12383,0.4157120883464813
12384,0.4093261957168579
12385,0.2680707573890686
12386,0.32007670402526855
12387,0.6701940894126892
12388,0.5002961158752441
12389,0.6509307026863098
12390,0.5703697800636292
12391,0.3043386936187744
12392,0.4711947739124298
12393,0.39292237162590027
12394,0.5318260788917542
12395,0.49920690059661865
12396,0.6246520280838013
12397,0.256592720746994
12398,0.3446508049964905
12399,0.31586694717407227
12400,0.6626561880111694
12401,0.22234183549880981
12402,0.7424666285514832
12403,0.8202511668205261
12404,0.6035270094871521
12405,0.25521039962768555
12406,0.7043063044548035
12407,0.7022892832756042
12408,0.5868695974349976
12409,0.32008445262908936
12410,0.6236862540245056
12411,0.5539429783821106
12412,0.49854400753974915
12413,0.4839501976966858
12414,0.7532411813735962
12415,0.41890662908554077
12416,0.7963390350341797
12417,0.3738177418708801
12418,0.6941120624542236
12419,0.5116729736328125
12420,0.4263829290866852
12421,0.6936725378036499
12422,0.7386935353279114
12423,0.316863477230072
12424,0.8002038598060608
12425,0.631953775882721
12426,0.5938684344291687
12427,0.4423902928829193
12428,0.5459135174751282
12429,0.3723447024822235
12430,0.6068111062049866
12431,0.7824106812477112
12432,0.4468527138233185
12433,0.804995596408844
12434,0.6562776565551758
12435,0.7516170144081116
12436,0.5273059010505676
12437,0.1837209165096283
12438,0.3547697067260742
12439,0.28373581171035767
12440,0.7096160054206848
12441,0.3435739576816559
12442,0.496541827917099
12443,0.6322490572929382
12444,0.6912190318107605
12445,0.34123051166534424
12446,0.47802695631980896
12447,0.5204530358314514
12448,0.6380511522293091
12449,0.42077621817588806
12450,0.44672590494155884
12451,0.7384626269340515
12452,0.4861314594745636
12453,0.3100263178348541
12454,0.2896408140659332
12455,0.7127290964126587
12456,0.8366743326187134
12457,0.8140981793403625
12458,0.7358713746070862
12459,0.4187590181827545
12460,0.2136988639831543
12461,0.4943288564682007
12462,0.7754893898963928
12463,0.3261395990848541
12464,0.33731624484062195
12465,0.7460564970970154
12466,0.65805584192276
12467,0.4786776602268219
12468,0.7547627091407776
12469,0.5848801136016846
12470,0.5300357937812805
12471,0.7579429745674133
12472,0.6577721238136292
12473,0.488356351852417
12474,0.7900591492652893
12475,0.47753676772117615
12476,0.6303247213363647
12477,0.2529516816139221
12478,0.3776150345802307
12479,0.34555965662002563
12480,0.3492458164691925
12481,0.4731641411781311
12482,0.6651575565338135
12483,0.46591442823410034
12484,0.3621708154678345
12485,0.2248430699110031
12486,0.5121022462844849
12487,0.36630773544311523
12488,0.8091236352920532
12489,0.45978814363479614
12490,0.5402803421020508
12491,0.4604283571243286
12492,0.23466074466705322
12493,0.808049201965332
12494,0.6934146881103516
12495,0.48822221159935
12496,0.5809629559516907
12497,0.5662301182746887
12498,0.6970710754394531
12499,0.5054141879081726
12500,0.5211071372032166
12501,0.8299924731254578
12502,0.6617898344993591
12503,0.4157605767250061
12504,0.47820189595222473
12505,0.769446849822998
12506,0.7211455702781677
12507,0.7312792539596558
12508,0.4753008782863617
12509,0.573912501335144
12510,0.33996447920799255
12511,0.7165029644966125
12512,0.32567617297172546
12513,0.6333814859390259
12514,0.291100412607193
12515,0.5841206312179565
12516,0.44342851638793945
12517,0.4762939214706421
12518,0.3216574192047119
12519,0.5462740063667297
12520,0.6614102721214294
12521,0.7475297451019287
12522,0.4616507291793823
12523,0.8249360918998718
12524,0.4907836318016052
12525,0.8065484166145325
12526,0.31044578552246094
12527,0.6928319334983826
12528,0.4355980455875397
12529,0.49860385060310364
12530,0.64717036485672
12531,0.5145475268363953
12532,0.7456300258636475
12533,0.5406560301780701
12534,0.8198890089988708
12535,0.7066365480422974
12536,0.704820990562439
12537,0.7543763518333435
12538,0.3775566816329956
12539,0.7814152240753174
12540,0.3198164999485016
12541,0.5824845433235168
12542,0.37438175082206726
12543,0.3710332214832306
12544,0.8512225151062012
12545,0.7401837110519409
12546,0.5046155452728271
12547,0.44947895407676697
12548,0.5138936042785645
12549,0.35244983434677124
12550,0.35554036498069763
12551,0.6001173257827759
12552,0.25978729128837585
12553,0.6384081840515137
12554,0.6874035000801086
12555,0.5985875129699707
12556,0.3848607838153839
12557,0.25087863206863403
12558,0.29349860548973083
12559,0.672454297542572
12560,0.6423160433769226
12561,0.7521448135375977
12562,0.4896865487098694
12563,0.6891934871673584
12564,0.6727031469345093
12565,0.7393478155136108
12566,0.1994306892156601
12567,0.4034445583820343
12568,0.45098721981048584
12569,0.5997890830039978
12570,0.6372228264808655
12571,0.6368200778961182
12572,0.8587512969970703
12573,0.8366336822509766
12574,0.38588085770606995
12575,0.7160947322845459
12576,0.579440712928772
12577,0.39191851019859314
12578,0.5922955274581909
12579,0.618247926235199
12580,0.7579982876777649
12581,0.5386196374893188
12582,0.48099684715270996
12583,0.20212110877037048
12584,0.4092293977737427
12585,0.8392940163612366
12586,0.30390942096710205
12587,0.41020283102989197
12588,0.652256190776825
12589,0.6147769689559937
12590,0.6641048789024353
12591,0.5115472078323364
12592,0.7896889448165894
12593,0.6795234680175781
12594,0.5364798903465271
12595,0.37697291374206543
12596,0.6614444255828857
12597,0.5392626523971558
12598,0.6124507784843445
12599,0.75906902551651
12600,0.5754256248474121
12601,0.5583934187889099
12602,0.7290060520172119
12603,0.4032902419567108
12604,0.5904567837715149
12605,0.2781887352466583
12606,0.5894661545753479
12607,0.6423190236091614
12608,0.41116783022880554
12609,0.7436628937721252
12610,0.5974401235580444
12611,0.3348251283168793
12612,0.546173632144928
12613,0.6071087121963501
12614,0.42287588119506836
12615,0.7206109166145325
12616,0.7131203413009644
12617,0.667465329170227
12618,0.48479270935058594
12619,0.7660564184188843
12620,0.6728719472885132
12621,0.28944939374923706
12622,0.7096264958381653
12623,0.4846581220626831
12624,0.4976609945297241
12625,0.3069852888584137
12626,0.4530636668205261
12627,0.5845994353294373
12628,0.6160179376602173
12629,0.49307262897491455
12630,0.31856223940849304
12631,0.6605005860328674
12632,0.2706209719181061
12633,0.5189139246940613
12634,0.627901017665863
12635,0.40077313780784607
12636,0.37555694580078125
12637,0.4280046224594116
12638,0.3203638792037964
12639,0.36988601088523865
12640,0.6345104575157166
12641,0.8088434934616089
12642,0.40707892179489136
12643,0.572230339050293
12644,0.43430081009864807
12645,0.3633342385292053
12646,0.7375418543815613
12647,0.7388863563537598
12648,0.5561392307281494
12649,0.5879332423210144
12650,0.5318564772605896
12651,0.7530820369720459
12652,0.3809139132499695
12653,0.49215564131736755
12654,0.5769315361976624
12655,0.4076177477836609
12656,0.7567184567451477
12657,0.40850311517715454
12658,0.7466342449188232
12659,0.8155354857444763
12660,0.3819666802883148
12661,0.3691924214363098
12662,0.25820043683052063
12663,0.3718239367008209
12664,0.5175691246986389
12665,0.7594683170318604
12666,0.674279510974884
12667,0.27440547943115234
12668,0.835081934928894
12669,0.22705957293510437
12670,0.5378516912460327
12671,0.7033913731575012
12672,0.20193377137184143
12673,0.4448564946651459
12674,0.2608916759490967
12675,0.4893319606781006
12676,0.6942389011383057
12677,0.6127195954322815
12678,0.3825533390045166
12679,0.4296882748603821
12680,0.39057594537734985
12681,0.8127515316009521
12682,0.7015244364738464
12683,0.5101930499076843
12684,0.3609364926815033
12685,0.6175870895385742
12686,0.5034608840942383
12687,0.47046181559562683
12688,0.7399527430534363
12689,0.7529706358909607
12690,0.3832399845123291
12691,0.7347400188446045
12692,0.41979312896728516
12693,0.8469913601875305
12694,0.606458842754364
12695,0.47661763429641724
12696,0.4501902163028717
12697,0.47114530205726624
12698,0.8530388474464417
12699,0.2535606324672699
12700,0.4118575155735016
12701,0.732677698135376
12702,0.5111269354820251
12703,0.552897036075592
12704,0.6112654805183411
12705,0.6559810638427734
12706,0.7372043132781982
12707,0.5654954314231873
12708,0.5643593072891235
12709,0.5573868751525879
12710,0.42410314083099365
12711,0.5870621800422668
12712,0.629711925983429
12713,0.6020005345344543
12714,0.6117332577705383
12715,0.8131063580513
12716,0.3981746733188629
12717,0.7725098729133606
12718,0.791392982006073
12719,0.6143109202384949
12720,0.18971389532089233
12721,0.6555872559547424
12722,0.4773802161216736
12723,0.5950680375099182
12724,0.7033400535583496
12725,0.23140046000480652
12726,0.27815383672714233
12727,0.5493907332420349
12728,0.8500295281410217
12729,0.531362771987915
12730,0.8259952664375305
12731,0.5368819236755371
12732,0.4211663007736206
12733,0.685645580291748
12734,0.4408859610557556
12735,0.5598843097686768
12736,0.44673454761505127
12737,0.4738686680793762
12738,0.47227346897125244
12739,0.83137047290802
12740,0.36322885751724243
12741,0.6237398982048035
12742,0.6950581073760986
12743,0.48898395895957947
12744,0.49034199118614197
12745,0.658642590045929
12746,0.4651988446712494
12747,0.46446672081947327
12748,0.32757896184921265
12749,0.671227753162384
12750,0.7178933024406433
12751,0.5481017827987671
12752,0.7885377407073975
12753,0.4637053906917572
12754,0.8272812962532043
12755,0.5238946676254272
12756,0.4062429666519165
12757,0.2956234812736511
12758,0.5534270405769348
12759,0.6633750200271606
12760,0.3731415867805481
12761,0.6264126896858215
12762,0.7503135204315186
12763,0.7305477857589722
12764,0.8010715842247009
12765,0.5606054663658142
12766,0.22568103671073914
12767,0.3273962140083313
12768,0.6073102355003357
12769,0.8330975770950317
12770,0.6073985695838928
12771,0.37557604908943176
12772,0.6024096012115479
12773,0.7681878805160522
12774,0.52790367603302
12775,0.2860587239265442
12776,0.5564859509468079
12777,0.2371620386838913
12778,0.5128724575042725
12779,0.7318853735923767
12780,0.7019153833389282
12781,0.4835937023162842
12782,0.4790343940258026
12783,0.6703528761863708
12784,0.6221739053726196
12785,0.5139164328575134
12786,0.40470829606056213
12787,0.42027217149734497
12788,0.2708989977836609
12789,0.7886061072349548
12790,0.2816196084022522
12791,0.5289046764373779
12792,0.6467265486717224
12793,0.2233186662197113
12794,0.6059620976448059
12795,0.6338401436805725
12796,0.558182418346405
12797,0.4004950225353241
12798,0.30688023567199707
12799,0.4629127085208893
12800,0.6285651922225952
12801,0.352652907371521
12802,0.6139650940895081
12803,0.3920399844646454
12804,0.7269033789634705
12805,0.2025195062160492
12806,0.22573702037334442
12807,0.2824573218822479
12808,0.3299925625324249
12809,0.391094446182251
12810,0.7186949849128723
12811,0.7638615965843201
12812,0.3932814598083496
12813,0.5878560543060303
12814,0.3880247175693512
12815,0.4541213810443878
12816,0.5798876285552979
12817,0.535933792591095
12818,0.5266432166099548
12819,0.75148606300354
12820,0.3910965323448181
12821,0.3587324917316437
12822,0.5341925621032715
12823,0.5457742810249329
12824,0.7902125716209412
12825,0.44195544719696045
12826,0.7724111676216125
12827,0.37870195508003235
12828,0.422918438911438
12829,0.22123758494853973
12830,0.39912471175193787
12831,0.4523653984069824
12832,0.258444607257843
12833,0.50881028175354
12834,0.8186193704605103
12835,0.6132568717002869
12836,0.6853577494621277
12837,0.3271671533584595
12838,0.44333598017692566
12839,0.7057858109474182
12840,0.609068751335144
12841,0.24441146850585938
12842,0.843939483165741
12843,0.8548915386199951
12844,0.6381294131278992
12845,0.7926493883132935
12846,0.6986290812492371
12847,0.2438560128211975
12848,0.5393784046173096
12849,0.6625261306762695
12850,0.37510764598846436
12851,0.699786365032196
12852,0.39069798588752747
12853,0.5197127461433411
12854,0.3009535074234009
12855,0.39468294382095337
12856,0.503686785697937
12857,0.4307785928249359
12858,0.39551258087158203
12859,0.2024981528520584
12860,0.5194792151451111
12861,0.6101294755935669
12862,0.6105621457099915
12863,0.8016401529312134
12864,0.475459486246109
12865,0.3125670552253723
12866,0.7515541315078735
12867,0.21203099191188812
12868,0.3078843355178833
12869,0.44891470670700073
12870,0.7950250506401062
12871,0.6393745541572571
12872,0.25188735127449036
12873,0.554131805896759
12874,0.8608313798904419
12875,0.3567821979522705
12876,0.17818550765514374
12877,0.2581864893436432
12878,0.44604063034057617
12879,0.6161412000656128
12880,0.3610953688621521
12881,0.4663293659687042
12882,0.8073445558547974
12883,0.4989916682243347
12884,0.7628791928291321
12885,0.5996548533439636
12886,0.8381581902503967
12887,0.4360297918319702
12888,0.20533734560012817
12889,0.21278245747089386
12890,0.3961179554462433
12891,0.38186219334602356
12892,0.3871385455131531
12893,0.6486538052558899
12894,0.3005300760269165
12895,0.7057216763496399
12896,0.33932381868362427
12897,0.363382488489151
12898,0.41149255633354187
12899,0.6509711146354675
12900,0.4976816773414612
12901,0.3437241315841675
12902,0.47553136944770813
12903,0.5920077562332153
12904,0.2528451681137085
12905,0.20681652426719666
12906,0.35684269666671753
12907,0.7519935965538025
12908,0.6168766617774963
12909,0.34687358140945435
12910,0.7381123900413513
12911,0.3907950520515442
12912,0.47443586587905884
12913,0.2829446792602539
12914,0.3724987208843231
12915,0.5458259582519531
12916,0.6103282570838928
12917,0.5490137934684753
12918,0.28154465556144714
12919,0.6154701709747314
12920,0.6261172890663147
12921,0.8044973015785217
12922,0.3325565457344055
12923,0.4911695122718811
12924,0.7231746912002563
12925,0.21994706988334656
12926,0.6803764700889587
12927,0.4516910910606384
12928,0.8360744714736938
12929,0.3754529356956482
12930,0.5171666741371155
12931,0.7780271172523499
12932,0.23410871624946594
12933,0.7074658274650574
12934,0.23438693583011627
12935,0.3513277769088745
12936,0.6703543663024902
12937,0.6464135646820068
12938,0.8578470349311829
12939,0.763695478439331
12940,0.42719510197639465
12941,0.4714912176132202
12942,0.7792267799377441
12943,0.6033677458763123
12944,0.49607589840888977
12945,0.21648730337619781
12946,0.505702018737793
12947,0.22476643323898315
12948,0.8108614087104797
12949,0.5885218977928162
12950,0.7433493137359619
12951,0.8069043755531311
12952,0.3822483420372009
12953,0.48822838068008423
12954,0.48923617601394653
12955,0.6826576590538025
12956,0.39009949564933777
12957,0.3468238413333893
12958,0.6558804512023926
12959,0.6648267507553101
12960,0.4897192418575287
12961,0.5232791304588318
12962,0.531932532787323
12963,0.5705326199531555
12964,0.5959461331367493
12965,0.4869803190231323
12966,0.6513559222221375
12967,0.6491819024085999
12968,0.6594254970550537
12969,0.792997419834137
12970,0.539197564125061
12971,0.2786124050617218
12972,0.5379344820976257
12973,0.39443135261535645
12974,0.49461132287979126
12975,0.7248052954673767
12976,0.45636191964149475
12977,0.325670063495636
12978,0.5261125564575195
12979,0.2641114294528961
12980,0.5126237869262695
12981,0.7307169437408447
12982,0.5854652523994446
12983,0.5384026765823364
12984,0.7734972834587097
12985,0.7250489592552185
12986,0.22032585740089417
12987,0.6661249995231628
12988,0.5318081974983215
12989,0.38927143812179565
12990,0.5708218812942505
12991,0.46066516637802124
12992,0.7072809934616089
12993,0.6485393643379211
12994,0.5291230082511902
12995,0.6733090877532959
12996,0.47263818979263306
12997,0.8389736413955688
12998,0.7572442293167114
12999,0.693177342414856
13000,0.3286382853984833
13001,0.22097153961658478
13002,0.21879339218139648
13003,0.49187958240509033
13004,0.629126250743866
13005,0.3054952919483185
13006,0.41906285285949707
13007,0.26427319645881653
13008,0.4913056492805481
13009,0.49402549862861633
13010,0.778066873550415
13011,0.4483763873577118
13012,0.6179256439208984
13013,0.7522884607315063
13014,0.6785948276519775
13015,0.26590728759765625
13016,0.2704722583293915
13017,0.21735310554504395
13018,0.30359092354774475
13019,0.6117344498634338
13020,0.4902781546115875
13021,0.5858336687088013
13022,0.3901422917842865
13023,0.5891896486282349
13024,0.47678613662719727
13025,0.7410489916801453
13026,0.7467148303985596
13027,0.495162695646286
13028,0.36391884088516235
13029,0.5225316882133484
13030,0.5639533400535583
13031,0.7356482744216919
13032,0.307327002286911
13033,0.39401984214782715
13034,0.3404127061367035
13035,0.5852641463279724
13036,0.824839174747467
13037,0.553119421005249
13038,0.4387522339820862
13039,0.5572535991668701
13040,0.46587640047073364
13041,0.2531074285507202
13042,0.49239933490753174
13043,0.8544073700904846
13044,0.6194471120834351
13045,0.4580865502357483
13046,0.4445328414440155
13047,0.3779972493648529
13048,0.617959201335907
13049,0.6390986442565918
13050,0.5936745405197144
13051,0.552829921245575
13052,0.34129956364631653
13053,0.18968713283538818
13054,0.5032800436019897
13055,0.2284194827079773
13056,0.4588254690170288
13057,0.6754211783409119
13058,0.5473865866661072
13059,0.6584086418151855
13060,0.6725326180458069
13061,0.7560071349143982
13062,0.32017946243286133
13063,0.3426384925842285
13064,0.609104335308075
13065,0.4489370584487915
13066,0.36580708622932434
13067,0.6935338973999023
13068,0.5136377215385437
13069,0.4411751627922058
13070,0.7555407881736755
13071,0.5138188600540161
13072,0.5633381605148315
13073,0.3817209005355835
13074,0.7312511801719666
13075,0.5205620527267456
13076,0.7594691514968872
13077,0.7231020331382751
13078,0.7364869117736816
13079,0.628218948841095
13080,0.5756219625473022
13081,0.8280861377716064
13082,0.3226865530014038
13083,0.4297935962677002
13084,0.5985254049301147
13085,0.20643813908100128
13086,0.6499956846237183
13087,0.7992304563522339
13088,0.5217242240905762
13089,0.4803982675075531
13090,0.32276082038879395
13091,0.4238131642341614
13092,0.5688338875770569
13093,0.620364248752594
13094,0.8225917816162109
13095,0.8019502758979797
13096,0.6015328764915466
13097,0.7253898978233337
13098,0.6171318292617798
13099,0.5482185482978821
13100,0.6668134927749634
13101,0.28448620438575745
13102,0.2752392292022705
13103,0.29013004899024963
13104,0.6234575510025024
13105,0.4148586392402649
13106,0.37242424488067627
13107,0.6265233159065247
13108,0.5934566855430603
13109,0.3361884355545044
13110,0.23566590249538422
13111,0.6651923656463623
13112,0.6464928388595581
13113,0.3777446746826172
13114,0.3756183087825775
13115,0.3010481297969818
13116,0.5532301664352417
13117,0.3975222110748291
13118,0.7228649258613586
13119,0.5258150696754456
13120,0.42975711822509766
13121,0.9091110825538635
13122,0.7799156904220581
13123,0.49330174922943115
13124,0.3422282934188843
13125,0.709714412689209
13126,0.44596067070961
13127,0.77863609790802
13128,0.7446627616882324
13129,0.7882669568061829
13130,0.7242134213447571
13131,0.3249942660331726
13132,0.7341859340667725
13133,0.7647749185562134
13134,0.6137100458145142
13135,0.539380669593811
13136,0.6239676475524902
13137,0.7962378263473511
13138,0.1890491247177124
13139,0.6229461431503296
13140,0.405750572681427
13141,0.7558723092079163
13142,0.7279279232025146
13143,0.4264337122440338
13144,0.6691555976867676
13145,0.38013654947280884
13146,0.6276792883872986
13147,0.4313081204891205
13148,0.49957340955734253
13149,0.3286404013633728
13150,0.6907145380973816
13151,0.7070431113243103
13152,0.5531119704246521
13153,0.5719879269599915
13154,0.3846524953842163
13155,0.4049599766731262
13156,0.35981547832489014
13157,0.4307175576686859
13158,0.4239847958087921
13159,0.6798582673072815
13160,0.6233511567115784
13161,0.6789572238922119
13162,0.4238205552101135
13163,0.8280020356178284
13164,0.5808848738670349
13165,0.4289188086986542
13166,0.7014570236206055
13167,0.8343372344970703
13168,0.5924053192138672
13169,0.4504901170730591
13170,0.3655996024608612
13171,0.7917582988739014
13172,0.6825477480888367
13173,0.48469021916389465
13174,0.7496680617332458
13175,0.3561992645263672
13176,0.42964887619018555
13177,0.41446083784103394
13178,0.457497775554657
13179,0.5007092356681824
13180,0.4936070144176483
13181,0.6079203486442566
13182,0.5662492513656616
13183,0.4954693913459778
13184,0.5002425312995911
13185,0.7827821969985962
13186,0.36707019805908203
13187,0.44825783371925354
13188,0.8059134483337402
13189,0.2980322539806366
13190,0.6483948230743408
13191,0.8239045739173889
13192,0.4329816997051239
13193,0.4094114899635315
13194,0.7787882089614868
13195,0.7949921488761902
13196,0.5597735047340393
13197,0.29497748613357544
13198,0.5141134858131409
13199,0.6130890250205994
13200,0.8264780044555664
13201,0.6628271341323853
13202,0.2585925757884979
13203,0.34711524844169617
13204,0.23815685510635376
13205,0.3739440441131592
13206,0.7683221697807312
13207,0.8034999966621399
13208,0.6347679495811462
13209,0.4388056695461273
13210,0.5490568280220032
13211,0.4183042049407959
13212,0.20840391516685486
13213,0.2635137438774109
13214,0.41466617584228516
13215,0.5775011777877808
13216,0.5341244339942932
13217,0.3372521996498108
13218,0.7618274092674255
13219,0.24570932984352112
13220,0.530170202255249
13221,0.44889265298843384
13222,0.23267322778701782
13223,0.38483926653862
13224,0.24068433046340942
13225,0.5110199451446533
13226,0.8360723853111267
13227,0.29257065057754517
13228,0.48801442980766296
13229,0.5620313882827759
13230,0.6953794360160828
13231,0.7835680842399597
13232,0.2728247046470642
13233,0.7071279883384705
13234,0.47048085927963257
13235,0.4487994909286499
13236,0.5808699727058411
13237,0.29534289240837097
13238,0.45658278465270996
13239,0.33806514739990234
13240,0.3759590685367584
13241,0.5798711776733398
13242,0.5745956897735596
13243,0.4389711022377014
13244,0.3502437174320221
13245,0.41018423438072205
13246,0.41390860080718994
13247,0.3220898509025574
13248,0.32130640745162964
13249,0.2956727147102356
13250,0.5154765248298645
13251,0.5621572136878967
13252,0.39716917276382446
13253,0.7670729756355286
13254,0.21702952682971954
13255,0.7003726363182068
13256,0.7060345411300659
13257,0.8066232800483704
13258,0.48450759053230286
13259,0.33814072608947754
13260,0.8078102469444275
13261,0.493079274892807
13262,0.6509038209915161
13263,0.37056779861450195
13264,0.7486632466316223
13265,0.5746974945068359
13266,0.3904450237751007
13267,0.530908465385437
13268,0.3220286965370178
13269,0.5246167182922363
13270,0.3736897110939026
13271,0.5015087723731995
13272,0.742244303226471
13273,0.8549728393554688
13274,0.704454243183136
13275,0.706540048122406
13276,0.43434596061706543
13277,0.4331977367401123
13278,0.3371419310569763
13279,0.49613168835639954
13280,0.3350781500339508
13281,0.3935874402523041
13282,0.737099826335907
13283,0.8778492212295532
13284,0.5981460809707642
13285,0.8340847492218018
13286,0.7063207626342773
13287,0.6232550144195557
13288,0.4461696743965149
13289,0.315015971660614
13290,0.6137308478355408
13291,0.35164278745651245
13292,0.4751630425453186
13293,0.36082184314727783
13294,0.54571133852005
13295,0.3432283401489258
13296,0.5012534856796265
13297,0.45631521940231323
13298,0.7080076336860657
13299,0.3724064528942108
13300,0.3499521017074585
13301,0.833138644695282
13302,0.5076667666435242
13303,0.2927575409412384
13304,0.2270130217075348
13305,0.41381120681762695
13306,0.22696223855018616
13307,0.3489302396774292
13308,0.44512277841567993
13309,0.562338650226593
13310,0.7964169979095459
13311,0.8211697936058044
13312,0.24038338661193848
13313,0.7912301421165466
13314,0.5568561553955078
13315,0.5298868417739868
13316,0.5835539698600769
13317,0.2549562454223633
13318,0.2931102514266968
13319,0.4153970777988434
13320,0.26413094997406006
13321,0.46333932876586914
13322,0.4444575011730194
13323,0.6381581425666809
13324,0.39898619055747986
13325,0.7845147848129272
13326,0.6460999250411987
13327,0.49418357014656067
13328,0.7420780658721924
13329,0.7739138603210449
13330,0.42732667922973633
13331,0.369595468044281
13332,0.3691939413547516
13333,0.6314803957939148
13334,0.19988887012004852
13335,0.23447255790233612
13336,0.29854604601860046
13337,0.6830155849456787
13338,0.6723807454109192
13339,0.35844823718070984
13340,0.49807068705558777
13341,0.527822732925415
13342,0.515205442905426
13343,0.6724604964256287
13344,0.4824686348438263
13345,0.5804669260978699
13346,0.47659435868263245
13347,0.5815028548240662
13348,0.42160528898239136
13349,0.2763253152370453
13350,0.28616195917129517
13351,0.7858929634094238
13352,0.45055219531059265
13353,0.4995894730091095
13354,0.6205695271492004
13355,0.6333819031715393
13356,0.36531421542167664
13357,0.826036810874939
13358,0.2907178997993469
13359,0.7039505243301392
13360,0.6551608443260193
13361,0.3170485198497772
13362,0.38823962211608887
13363,0.426396906375885
13364,0.5456450581550598
13365,0.5162438154220581
13366,0.45984014868736267
13367,0.6517893671989441
13368,0.7801058888435364
13369,0.774067759513855
13370,0.6929534673690796
13371,0.5818396806716919
13372,0.40667951107025146
13373,0.5073726773262024
13374,0.737370491027832
13375,0.6881237626075745
13376,0.4354369044303894
13377,0.6379538774490356
13378,0.8224383592605591
13379,0.7623103260993958
13380,0.6366735696792603
13381,0.19404828548431396
13382,0.4105037748813629
13383,0.31435146927833557
13384,0.6730395555496216
13385,0.5517981052398682
13386,0.5820919871330261
13387,0.31090542674064636
13388,0.7666337490081787
13389,0.4816891849040985
13390,0.630573034286499
13391,0.6707741022109985
13392,0.5425650477409363
13393,0.7599765658378601
13394,0.6982564330101013
13395,0.34884461760520935
13396,0.6317939758300781
13397,0.48127657175064087
13398,0.46456408500671387
13399,0.3989676535129547
13400,0.6968353390693665
13401,0.4979226589202881
13402,0.5556677579879761
13403,0.38152259588241577
13404,0.4639609158039093
13405,0.7019323110580444
13406,0.7050740122795105
13407,0.7436776161193848
13408,0.5808654427528381
13409,0.6436083316802979
13410,0.7883451581001282
13411,0.43520236015319824
13412,0.4758061170578003
13413,0.394010990858078
13414,0.41247841715812683
13415,0.6076667308807373
13416,0.49036890268325806
13417,0.5182664394378662
13418,0.523767352104187
13419,0.6753696203231812
13420,0.42295265197753906
13421,0.5412947535514832
13422,0.683051347732544
13423,0.5828434824943542
13424,0.6059828996658325
13425,0.7517343759536743
13426,0.3658599853515625
13427,0.4832366704940796
13428,0.562686026096344
13429,0.40419042110443115
13430,0.647059977054596
13431,0.6774928569793701
13432,0.7360896468162537
13433,0.4674972891807556
13434,0.8286567330360413
13435,0.402251660823822
13436,0.34846439957618713
13437,0.5446353554725647
13438,0.26588186621665955
13439,0.478386253118515
13440,0.6698281764984131
13441,0.6568788290023804
13442,0.399441659450531
13443,0.6667123436927795
13444,0.687609076499939
13445,0.4725377559661865
13446,0.36608296632766724
13447,0.5288468599319458
13448,0.43519577383995056
13449,0.502810001373291
13450,0.2325974404811859
13451,0.2591378688812256
13452,0.5795195698738098
13453,0.7453892827033997
13454,0.26226741075515747
13455,0.47110140323638916
13456,0.7380298972129822
13457,0.2365424484014511
13458,0.3298211395740509
13459,0.34484589099884033
13460,0.5503605008125305
13461,0.2537473440170288
13462,0.4925728440284729
13463,0.5095639228820801
13464,0.41841447353363037
13465,0.40190356969833374
13466,0.6165682077407837
13467,0.5828321576118469
13468,0.5951721668243408
13469,0.5564485192298889
13470,0.7970804572105408
13471,0.5501593947410583
13472,0.6631389856338501
13473,0.4678880274295807
13474,0.6402075290679932
13475,0.43677759170532227
13476,0.8102803230285645
13477,0.37054550647735596
13478,0.5542848706245422
13479,0.7115696668624878
13480,0.4427773356437683
13481,0.23824040591716766
13482,0.37535205483436584
13483,0.6186118721961975
13484,0.7156827449798584
13485,0.5840054750442505
13486,0.5546385645866394
13487,0.6397762298583984
13488,0.7766023278236389
13489,0.7134208679199219
13490,0.4072137773036957
13491,0.363463431596756
13492,0.8050981163978577
13493,0.4992033839225769
13494,0.6482928991317749
13495,0.7849607467651367
13496,0.3520548343658447
13497,0.743098258972168
13498,0.1813039481639862
13499,0.5581437349319458
13500,0.25947850942611694
13501,0.48299527168273926
13502,0.7615106105804443
13503,0.6181915402412415
13504,0.4359910786151886
13505,0.4000522196292877
13506,0.728219747543335
13507,0.532217800617218
13508,0.7187908291816711
13509,0.5808528661727905
13510,0.640254020690918
13511,0.3354063034057617
13512,0.7916451096534729
13513,0.4228309988975525
13514,0.3075816035270691
13515,0.5771777629852295
13516,0.5654260516166687
13517,0.6737152338027954
13518,0.5074933171272278
13519,0.4867783486843109
13520,0.5162009000778198
13521,0.4004751443862915
13522,0.24482639133930206
13523,0.6857654452323914
13524,0.5584993958473206
13525,0.3499801754951477
13526,0.5426144003868103
13527,0.49636897444725037
13528,0.25289708375930786
13529,0.6613016128540039
13530,0.647338330745697
13531,0.470162957906723
13532,0.5370347499847412
13533,0.6113882660865784
13534,0.8048511147499084
13535,0.4810958802700043
13536,0.5810533165931702
13537,0.597257673740387
13538,0.7665448188781738
13539,0.28829053044319153
13540,0.2305120974779129
13541,0.6760208606719971
13542,0.4756247103214264
13543,0.6803411841392517
13544,0.41325417160987854
13545,0.6136017441749573
13546,0.30660390853881836
13547,0.21574632823467255
13548,0.5308776497840881
13549,0.3520577549934387
13550,0.5205532312393188
13551,0.685769259929657
13552,0.8152047991752625
13553,0.34948569536209106
13554,0.4155955910682678
13555,0.29790326952934265
13556,0.43153268098831177
13557,0.592552900314331
13558,0.674834668636322
13559,0.42652663588523865
13560,0.382951945066452
13561,0.23055079579353333
13562,0.4193527102470398
13563,0.5204383730888367
13564,0.5546355247497559
13565,0.47789156436920166
13566,0.4159071743488312
13567,0.7542963624000549
13568,0.6523841619491577
13569,0.48223206400871277
13570,0.7763563990592957
13571,0.2987753748893738
13572,0.5939514636993408
13573,0.4682162404060364
13574,0.40892595052719116
13575,0.5010245442390442
13576,0.35757625102996826
13577,0.3396782875061035
13578,0.4140588343143463
13579,0.4675280451774597
13580,0.21346133947372437
13581,0.6930662989616394
13582,0.7151281237602234
13583,0.28614163398742676
13584,0.31575340032577515
13585,0.6336613297462463
13586,0.5972557663917542
13587,0.37053340673446655
13588,0.3361857533454895
13589,0.4097231924533844
13590,0.7277123928070068
13591,0.6155685186386108
13592,0.7550919651985168
13593,0.7883613705635071
13594,0.20161111652851105
13595,0.5195317268371582
13596,0.4790582060813904
13597,0.2693183720111847
13598,0.19169554114341736
13599,0.7865399122238159
13600,0.797720730304718
13601,0.4981728494167328
13602,0.5242425799369812
13603,0.570415735244751
13604,0.3651038706302643
13605,0.6493880152702332
13606,0.6684077978134155
13607,0.6461973786354065
13608,0.708005964756012
13609,0.7548406720161438
13610,0.2845962941646576
13611,0.26656225323677063
13612,0.7776683568954468
13613,0.2537231743335724
13614,0.39840421080589294
13615,0.7116621136665344
13616,0.4722691774368286
13617,0.5614172220230103
13618,0.24720464646816254
13619,0.5328566431999207
13620,0.48248720169067383
13621,0.20376524329185486
13622,0.5570523142814636
13623,0.8267886638641357
13624,0.7383121252059937
13625,0.2791242003440857
13626,0.6763662695884705
13627,0.7641684412956238
13628,0.3523271083831787
13629,0.2382151484489441
13630,0.5530372262001038
13631,0.5586079955101013
13632,0.21181264519691467
13633,0.2010907232761383
13634,0.6140051484107971
13635,0.5579485297203064
13636,0.7430654168128967
13637,0.4716161787509918
13638,0.5249073505401611
13639,0.34273239970207214
13640,0.32441481947898865
13641,0.4942561388015747
13642,0.31099817156791687
13643,0.25790026783943176
13644,0.6800078749656677
13645,0.8066104650497437
13646,0.6392003297805786
13647,0.5935302376747131
13648,0.55672687292099
13649,0.7803564667701721
13650,0.5319604873657227
13651,0.7745938301086426
13652,0.4200136959552765
13653,0.5671019554138184
13654,0.6278637647628784
13655,0.7540785670280457
13656,0.40947550535202026
13657,0.5167073607444763
13658,0.8211589455604553
13659,0.8467018008232117
13660,0.21384787559509277
13661,0.31689321994781494
13662,0.3344252109527588
13663,0.42798635363578796
13664,0.3768708109855652
13665,0.519095778465271
13666,0.47821691632270813
13667,0.5531732439994812
13668,0.30860456824302673
13669,0.20153917372226715
13670,0.7435382604598999
13671,0.6023253798484802
13672,0.5806390643119812
13673,0.32841572165489197
13674,0.5006779432296753
13675,0.4858303666114807
13676,0.44405397772789
13677,0.6729859709739685
13678,0.6355421543121338
13679,0.46809494495391846
13680,0.6248429417610168
13681,0.6140974760055542
13682,0.24375341832637787
13683,0.5195751190185547
13684,0.7199174165725708
13685,0.5163315534591675
13686,0.4138379395008087
13687,0.3833862543106079
13688,0.4490840435028076
13689,0.28714361786842346
13690,0.3560870587825775
13691,0.8426147103309631
13692,0.38941800594329834
13693,0.29396387934684753
13694,0.799910843372345
13695,0.20702680945396423
13696,0.7725277543067932
13697,0.3782584071159363
13698,0.2659004330635071
13699,0.6585310101509094
13700,0.552690327167511
13701,0.7838431596755981
13702,0.6150411367416382
13703,0.2693437337875366
13704,0.7804384231567383
13705,0.3160995841026306
13706,0.4066287875175476
13707,0.5410295724868774
13708,0.42594438791275024
13709,0.39832594990730286
13710,0.2943471074104309
13711,0.5008633136749268
13712,0.7236477136611938
13713,0.7365708351135254
13714,0.461457222700119
13715,0.5496183633804321
13716,0.6937009692192078
13717,0.7849461436271667
13718,0.3800942599773407
13719,0.4036649465560913
13720,0.2184353768825531
13721,0.48567724227905273
13722,0.6876866221427917
13723,0.48553693294525146
13724,0.28192102909088135
13725,0.3843494951725006
13726,0.31114310026168823
13727,0.5647324323654175
13728,0.5806834697723389
13729,0.4488990902900696
13730,0.24145936965942383
13731,0.35647228360176086
13732,0.39542970061302185
13733,0.5068017840385437
13734,0.27741095423698425
13735,0.4290531277656555
13736,0.5591018199920654
13737,0.3982231616973877
13738,0.3076837956905365
13739,0.44836413860321045
13740,0.34280192852020264
13741,0.2566514015197754
13742,0.6694269180297852
13743,0.5742025375366211
13744,0.48955976963043213
13745,0.7001839876174927
13746,0.6050797700881958
13747,0.7166666388511658
13748,0.30427467823028564
13749,0.688441812992096
13750,0.7141929864883423
13751,0.4501745104789734
13752,0.5685833096504211
13753,0.8383550047874451
13754,0.36750006675720215
13755,0.5960471630096436
13756,0.8245790004730225
13757,0.7330837249755859
13758,0.4037550091743469
13759,0.7895199656486511
13760,0.3886568248271942
13761,0.3783044219017029
13762,0.35012152791023254
13763,0.2337535321712494
13764,0.37946924567222595
13765,0.2421010136604309
13766,0.7925629019737244
13767,0.527528703212738
13768,0.47512301802635193
13769,0.5840240716934204
13770,0.48780232667922974
13771,0.8147127628326416
13772,0.565741777420044
13773,0.4179750084877014
13774,0.41681981086730957
13775,0.707435131072998
13776,0.5525848269462585
13777,0.23343129456043243
13778,0.3731761872768402
13779,0.6429203152656555
13780,0.6814079284667969
13781,0.8218181729316711
13782,0.5769200921058655
13783,0.36906543374061584
13784,0.8523442149162292
13785,0.5389423370361328
13786,0.4672795236110687
13787,0.38857921957969666
13788,0.7704530358314514
13789,0.3749972879886627
13790,0.3646481931209564
13791,0.2935950756072998
13792,0.35750865936279297
13793,0.6394996047019958
13794,0.3155919015407562
13795,0.41191336512565613
13796,0.3928835690021515
13797,0.4952349066734314
13798,0.31857749819755554
13799,0.3399294316768646
13800,0.6976886987686157
13801,0.8050281405448914
13802,0.7281669974327087
13803,0.6472643613815308
13804,0.32033658027648926
13805,0.5383577942848206
13806,0.8486399054527283
13807,0.4960173964500427
13808,0.6947212219238281
13809,0.25331199169158936
13810,0.35980063676834106
13811,0.5913788676261902
13812,0.4204196035861969
13813,0.5041609406471252
13814,0.4181515574455261
13815,0.20387127995491028
13816,0.6962000131607056
13817,0.6636815667152405
13818,0.46452581882476807
13819,0.8046095967292786
13820,0.5369943380355835
13821,0.49285590648651123
13822,0.7398305535316467
13823,0.3160718083381653
13824,0.7368877530097961
13825,0.4652208387851715
13826,0.6052988767623901
13827,0.25378477573394775
13828,0.7395241856575012
13829,0.67444908618927
13830,0.6771865487098694
13831,0.7441918849945068
13832,0.48122847080230713
13833,0.44568338990211487
13834,0.592140793800354
13835,0.4240642189979553
13836,0.4824450612068176
13837,0.5664673447608948
13838,0.5119763612747192
13839,0.8098256587982178
13840,0.7182499170303345
13841,0.7424278855323792
13842,0.5010277628898621
13843,0.5276322960853577
13844,0.469534695148468
13845,0.5042558312416077
13846,0.5724251866340637
13847,0.4237413704395294
13848,0.7028791308403015
13849,0.5507322549819946
13850,0.48463428020477295
13851,0.1851501613855362
13852,0.4298098683357239
13853,0.8039148449897766
13854,0.7420896291732788
13855,0.5459989905357361
13856,0.5167550444602966
13857,0.640367865562439
13858,0.5188037157058716
13859,0.5995132327079773
13860,0.37045517563819885
13861,0.6664192080497742
13862,0.30868756771087646
13863,0.5693240165710449
13864,0.48926520347595215
13865,0.6910401582717896
13866,0.5649783611297607
13867,0.30754441022872925
13868,0.6054896116256714
13869,0.6781463027000427
13870,0.5764715075492859
13871,0.40495505928993225
13872,0.3074433207511902
13873,0.5055146217346191
13874,0.3635250926017761
13875,0.6271035671234131
13876,0.5190598368644714
13877,0.5095722675323486
13878,0.4560297131538391
13879,0.6501161456108093
13880,0.5547140836715698
13881,0.44365811347961426
13882,0.40290531516075134
13883,0.5087544918060303
13884,0.639982283115387
13885,0.5139911770820618
13886,0.8244566917419434
13887,0.7100384831428528
13888,0.5387594699859619
13889,0.5025669932365417
13890,0.3993460237979889
13891,0.33619973063468933
13892,0.6177817583084106
13893,0.6139066815376282
13894,0.31286126375198364
13895,0.6786924004554749
13896,0.47300198674201965
13897,0.4034230411052704
13898,0.5227401256561279
13899,0.5920892357826233
13900,0.5469329953193665
13901,0.5012165307998657
13902,0.2630479335784912
13903,0.5897475481033325
13904,0.7515510320663452
13905,0.7490925192832947
13906,0.3394629657268524
13907,0.6132931709289551
13908,0.7044505476951599
13909,0.32797837257385254
13910,0.4915940463542938
13911,0.7209382653236389
13912,0.6495552659034729
13913,0.3639054000377655
13914,0.65152907371521
13915,0.5768499970436096
13916,0.4602756202220917
13917,0.7042591571807861
13918,0.7018494009971619
13919,0.5124413967132568
13920,0.3830646276473999
13921,0.46266257762908936
13922,0.7827660441398621
13923,0.37760356068611145
13924,0.6091355681419373
13925,0.776797890663147
13926,0.435173362493515
13927,0.46186327934265137
13928,0.27288344502449036
13929,0.5729126930236816
13930,0.5665786862373352
13931,0.6337184906005859
13932,0.3293954133987427
13933,0.9242027997970581
13934,0.4253148138523102
13935,0.6849138140678406
13936,0.7167002558708191
13937,0.29398566484451294
13938,0.768824577331543
13939,0.7028800845146179
13940,0.3231533169746399
13941,0.7637133002281189
13942,0.41726481914520264
13943,0.46905985474586487
13944,0.7909790873527527
13945,0.6029006838798523
13946,0.77883380651474
13947,0.7772796154022217
13948,0.6503109931945801
13949,0.6165687441825867
13950,0.7629548907279968
13951,0.21608594059944153
13952,0.509459376335144
13953,0.6202532649040222
13954,0.27483034133911133
13955,0.7290335297584534
13956,0.23786655068397522
13957,0.3713718056678772
13958,0.3097580671310425
13959,0.6744142174720764
13960,0.6447831392288208
13961,0.85950767993927
13962,0.2618432939052582
13963,0.6674405932426453
13964,0.5430593490600586
13965,0.6241136193275452
13966,0.4804285764694214
13967,0.8256993293762207
13968,0.7820818424224854
13969,0.49059855937957764
13970,0.4749392569065094
13971,0.6039087176322937
13972,0.5651568174362183
13973,0.6554458141326904
13974,0.8185296654701233
13975,0.5882202982902527
13976,0.22517335414886475
13977,0.3767792582511902
13978,0.5211372971534729
13979,0.7558432817459106
13980,0.4752945899963379
13981,0.36585506796836853
13982,0.8096202611923218
13983,0.5601145029067993
13984,0.4274892210960388
13985,0.7071396708488464
13986,0.5542230010032654
13987,0.21251922845840454
13988,0.5368338227272034
13989,0.5575745105743408
13990,0.7561609148979187
13991,0.3737925887107849
13992,0.4716736972332001
13993,0.2839934229850769
13994,0.6315678954124451
13995,0.6545441150665283
13996,0.5346413254737854
13997,0.425360769033432
13998,0.605753481388092
13999,0.5632786750793457
14000,0.34243160486221313
14001,0.4216121733188629
14002,0.8151959776878357
14003,0.499193400144577
14004,0.41948968172073364
14005,0.6939652562141418
14006,0.44661492109298706
14007,0.32343533635139465
14008,0.273433655500412
14009,0.6033980846405029
14010,0.680900514125824
14011,0.7299900054931641
14012,0.3960573375225067
14013,0.27587366104125977
14014,0.35620027780532837
14015,0.35574430227279663
14016,0.4492076635360718
14017,0.3191709816455841
14018,0.5896745324134827
14019,0.44590216875076294
14020,0.5645378828048706
14021,0.39704883098602295
14022,0.5929464101791382
14023,0.6019481420516968
14024,0.4071691930294037
14025,0.7398873567581177
14026,0.7866342663764954
14027,0.3280273973941803
14028,0.8094380497932434
14029,0.6312013864517212
14030,0.4009747803211212
14031,0.3971974849700928
14032,0.4174712896347046
14033,0.7111148238182068
14034,0.5939229726791382
14035,0.5989654064178467
14036,0.48281383514404297
14037,0.44011732935905457
14038,0.49648499488830566
14039,0.25489795207977295
14040,0.3959321677684784
14041,0.7158994674682617
14042,0.4274693727493286
14043,0.5682613849639893
14044,0.22644071280956268
14045,0.34487226605415344
14046,0.6299055814743042
14047,0.7848839163780212
14048,0.4964121878147125
14049,0.5866352915763855
14050,0.28808388113975525
14051,0.5916810631752014
14052,0.4203033447265625
14053,0.5051577091217041
14054,0.7683306932449341
14055,0.6626300811767578
14056,0.535838782787323
14057,0.5161352157592773
14058,0.4906395673751831
14059,0.5315170288085938
14060,0.7657277584075928
14061,0.5235621333122253
14062,0.47279900312423706
14063,0.39460456371307373
14064,0.47244149446487427
14065,0.6197702884674072
14066,0.2582564353942871
14067,0.7001656293869019
14068,0.402988076210022
14069,0.49577152729034424
14070,0.6080787777900696
14071,0.7018163800239563
14072,0.3150314688682556
14073,0.4997517764568329
14074,0.40407541394233704
14075,0.3967662751674652
14076,0.5619270205497742
14077,0.4637494385242462
14078,0.5130036473274231
14079,0.19715265929698944
14080,0.6867843866348267
14081,0.2406969666481018
14082,0.47968730330467224
14083,0.5297344326972961
14084,0.37236353754997253
14085,0.7453881502151489
14086,0.6944884061813354
14087,0.43816038966178894
14088,0.34245145320892334
14089,0.2959604859352112
14090,0.7367115020751953
14091,0.6244905591011047
14092,0.41898640990257263
14093,0.372776061296463
14094,0.5775700211524963
14095,0.557555615901947
14096,0.548835277557373
14097,0.6060398817062378
14098,0.6606926918029785
14099,0.2524603605270386
14100,0.7658207416534424
14101,0.40346238017082214
14102,0.2990056276321411
14103,0.23089942336082458
14104,0.7379855513572693
14105,0.6547391414642334
14106,0.447392076253891
14107,0.35669875144958496
14108,0.5451337695121765
14109,0.5901542901992798
14110,0.3849535584449768
14111,0.5421479940414429
14112,0.22122815251350403
14113,0.573546826839447
14114,0.4643039405345917
14115,0.3192340135574341
14116,0.3188944458961487
14117,0.6120343804359436
14118,0.7786187529563904
14119,0.5025424361228943
14120,0.41551005840301514
14121,0.4645627737045288
14122,0.42794618010520935
14123,0.29066306352615356
14124,0.29521965980529785
14125,0.46519356966018677
14126,0.19822970032691956
14127,0.7019090056419373
14128,0.5366944670677185
14129,0.7010738849639893
14130,0.605712890625
14131,0.2609962821006775
14132,0.6476095914840698
14133,0.5059167146682739
14134,0.6132450103759766
14135,0.4534532427787781
14136,0.7909060120582581
14137,0.5029780864715576
14138,0.4089542329311371
14139,0.3724682033061981
14140,0.8168355226516724
14141,0.679722249507904
14142,0.5369563102722168
14143,0.645153284072876
14144,0.7110359072685242
14145,0.26789987087249756
14146,0.23380544781684875
14147,0.5655060410499573
14148,0.8399888277053833
14149,0.3866853713989258
14150,0.7100014090538025
14151,0.30004072189331055
14152,0.6914020776748657
14153,0.38303110003471375
14154,0.7145653367042542
14155,0.4345337748527527
14156,0.5415614247322083
14157,0.6817103624343872
14158,0.6669051647186279
14159,0.47904694080352783
14160,0.37283167243003845
14161,0.3453589975833893
14162,0.523831307888031
14163,0.5280736088752747
14164,0.5249965786933899
14165,0.6031184792518616
14166,0.5462604761123657
14167,0.3851050138473511
14168,0.7332291007041931
14169,0.33490610122680664
14170,0.45190131664276123
14171,0.7705103158950806
14172,0.5703050494194031
14173,0.39584580063819885
14174,0.36093655228614807
14175,0.40130695700645447
14176,0.6349842548370361
14177,0.8592659831047058
14178,0.5913094878196716
14179,0.7391849756240845
14180,0.6565155982971191
14181,0.7713006138801575
14182,0.25815752148628235
14183,0.40566426515579224
14184,0.38775569200515747
14185,0.5660002827644348
14186,0.3720531463623047
14187,0.20942836999893188
14188,0.5087154507637024
14189,0.5185200572013855
14190,0.6156519651412964
14191,0.6265451312065125
14192,0.5753923058509827
14193,0.42063796520233154
14194,0.7253592610359192
14195,0.2665284276008606
14196,0.6142898201942444
14197,0.755192220211029
14198,0.613422155380249
14199,0.3980168104171753
14200,0.812566876411438
14201,0.5124467015266418
14202,0.6414268016815186
14203,0.6046523451805115
14204,0.21258817613124847
14205,0.5950693488121033
14206,0.6885233521461487
14207,0.3895025849342346
14208,0.7974680066108704
14209,0.6480572819709778
14210,0.40308457612991333
14211,0.7765791416168213
14212,0.5074434876441956
14213,0.6230429410934448
14214,0.6259409785270691
14215,0.6980782747268677
14216,0.42494043707847595
14217,0.41251417994499207
14218,0.5167707800865173
14219,0.7739564776420593
14220,0.4321556091308594
14221,0.7993787527084351
14222,0.24705451726913452
14223,0.34725916385650635
14224,0.3922196924686432
14225,0.7508403658866882
14226,0.3312382996082306
14227,0.40121325850486755
14228,0.3737386465072632
14229,0.3684923052787781
14230,0.2485496699810028
14231,0.7732328772544861
14232,0.3500303030014038
14233,0.46392127871513367
14234,0.7961118221282959
14235,0.4778345227241516
14236,0.24565744400024414
14237,0.20382775366306305
14238,0.45909833908081055
14239,0.24924059212207794
14240,0.49765118956565857
14241,0.6059891581535339
14242,0.5833544731140137
14243,0.48151895403862
14244,0.23881939053535461
14245,0.6658581495285034
14246,0.6065883636474609
14247,0.5696991086006165
14248,0.7705388069152832
14249,0.5965096950531006
14250,0.3035123348236084
14251,0.366627037525177
14252,0.613804042339325
14253,0.3836570978164673
14254,0.5720685720443726
14255,0.20328007638454437
14256,0.4798623323440552
14257,0.4805149734020233
14258,0.5587436556816101
14259,0.8140882253646851
14260,0.794170081615448
14261,0.34382349252700806
14262,0.5374581217765808
14263,0.3828078806400299
14264,0.8174042105674744
14265,0.4501360356807709
14266,0.3962184190750122
14267,0.6183444261550903
14268,0.35873380303382874
14269,0.387726366519928
14270,0.5559337139129639
14271,0.5343739986419678
14272,0.7169152498245239
14273,0.5052927136421204
14274,0.4964091181755066
14275,0.7233144044876099
14276,0.6875320076942444
14277,0.34448376297950745
14278,0.5277861952781677
14279,0.4978786110877991
14280,0.45538341999053955
14281,0.35035502910614014
14282,0.5277402997016907
14283,0.3642328083515167
14284,0.32673442363739014
14285,0.8236498832702637
14286,0.6281631588935852
14287,0.35927140712738037
14288,0.17649105191230774
14289,0.29890871047973633
14290,0.7388973236083984
14291,0.6914762258529663
14292,0.6145853400230408
14293,0.7692413926124573
14294,0.7894355654716492
14295,0.35819411277770996
14296,0.4310828447341919
14297,0.3839254081249237
14298,0.4728018343448639
14299,0.42702147364616394
14300,0.30019259452819824
14301,0.46094778180122375
14302,0.5573692917823792
14303,0.21291381120681763
14304,0.35835936665534973
14305,0.7210937738418579
14306,0.4264410138130188
14307,0.26472875475883484
14308,0.7570018172264099
14309,0.4405204653739929
14310,0.35285893082618713
14311,0.30830156803131104
14312,0.30676284432411194
14313,0.36577141284942627
14314,0.43464189767837524
14315,0.52276211977005
14316,0.44058340787887573
14317,0.3227514922618866
14318,0.37332844734191895
14319,0.4541029930114746
14320,0.7417324185371399
14321,0.4391462802886963
14322,0.39996790885925293
14323,0.8115161061286926
14324,0.708310604095459
14325,0.5399791598320007
14326,0.4183025062084198
14327,0.43481338024139404
14328,0.7915740013122559
14329,0.4420053958892822
14330,0.8324572443962097
14331,0.5930998921394348
14332,0.6554795503616333
14333,0.470365047454834
14334,0.8318707346916199
14335,0.6600982546806335
14336,0.4907307028770447
14337,0.6241870522499084
14338,0.25119057297706604
14339,0.6807131767272949
14340,0.4813807010650635
14341,0.6004622578620911
14342,0.7248377799987793
14343,0.559242844581604
14344,0.34587597846984863
14345,0.7159305214881897
14346,0.33348506689071655
14347,0.6651057004928589
14348,0.4790211617946625
14349,0.6400472521781921
14350,0.6987599730491638
14351,0.5781365036964417
14352,0.5256240367889404
14353,0.502625048160553
14354,0.3478848338127136
14355,0.7427518963813782
14356,0.41456955671310425
14357,0.2778480648994446
14358,0.2781718373298645
14359,0.27015623450279236
14360,0.6759876012802124
14361,0.7243304252624512
14362,0.5564043521881104
14363,0.826707661151886
14364,0.3716258406639099
14365,0.5638838410377502
14366,0.7582595944404602
14367,0.4747066795825958
14368,0.5714848637580872
14369,0.7145898938179016
14370,0.30098119378089905
14371,0.6379351615905762
14372,0.45396673679351807
14373,0.5735828280448914
14374,0.5781676769256592
14375,0.7214689254760742
14376,0.7553407549858093
14377,0.4331094026565552
14378,0.39292195439338684
14379,0.21202056109905243
14380,0.5785069465637207
14381,0.5750094056129456
14382,0.7211912274360657
14383,0.8127383589744568
14384,0.7350700497627258
14385,0.4965216815471649
14386,0.3444008231163025
14387,0.237167090177536
14388,0.37289613485336304
14389,0.6984562873840332
14390,0.5834879875183105
14391,0.3361858129501343
14392,0.3352229595184326
14393,0.35869765281677246
14394,0.5071612596511841
14395,0.4354360103607178
14396,0.7151528596878052
14397,0.5728326439857483
14398,0.3346109986305237
14399,0.780785858631134
14400,0.2577767074108124
14401,0.5258349776268005
14402,0.24827611446380615
14403,0.4252268075942993
14404,0.7638472318649292
14405,0.5058863759040833
14406,0.2575349807739258
14407,0.5058680772781372
14408,0.7191553711891174
14409,0.3897327482700348
14410,0.660658061504364
14411,0.3455148935317993
14412,0.21659883856773376
14413,0.5212118625640869
14414,0.7732226252555847
14415,0.3445771634578705
14416,0.5423828959465027
14417,0.4870419502258301
14418,0.7169156670570374
14419,0.43827155232429504
14420,0.6138471961021423
14421,0.41490182280540466
14422,0.7741119861602783
14423,0.5969622731208801
14424,0.30783021450042725
14425,0.38247212767601013
14426,0.2538983225822449
14427,0.5554232001304626
14428,0.6289382576942444
14429,0.6374529004096985
14430,0.7195508480072021
14431,0.3103523850440979
14432,0.36101460456848145
14433,0.39494088292121887
14434,0.8062284588813782
14435,0.5172382593154907
14436,0.28175607323646545
14437,0.5601696372032166
14438,0.8539213538169861
14439,0.4882628321647644
14440,0.5054910182952881
14441,0.5892460942268372
14442,0.5354579091072083
14443,0.3797610402107239
14444,0.31950730085372925
14445,0.6797943711280823
14446,0.3229735791683197
14447,0.7902504801750183
14448,0.7488260865211487
14449,0.7300241589546204
14450,0.7940469980239868
14451,0.5975044369697571
14452,0.4802340865135193
14453,0.7135893106460571
14454,0.2937204837799072
14455,0.5165025591850281
14456,0.6325327157974243
14457,0.5938936471939087
14458,0.47579801082611084
14459,0.48403075337409973
14460,0.2183687835931778
14461,0.5599137544631958
14462,0.728007972240448
14463,0.5331972241401672
14464,0.3389599025249481
14465,0.8451592922210693
14466,0.7116599082946777
14467,0.2740122675895691
14468,0.7084439992904663
14469,0.5924251675605774
14470,0.5027332901954651
14471,0.5969961285591125
14472,0.6327396035194397
14473,0.7641260623931885
14474,0.6309846043586731
14475,0.41976943612098694
14476,0.5456138253211975
14477,0.4717477560043335
14478,0.3880847692489624
14479,0.33577466011047363
14480,0.32456454634666443
14481,0.3929649889469147
14482,0.6367185711860657
14483,0.46009379625320435
14484,0.5526840090751648
14485,0.513568639755249
14486,0.6320709586143494
14487,0.693006157875061
14488,0.6405658721923828
14489,0.7434220910072327
14490,0.6493157148361206
14491,0.5156493186950684
14492,0.3142140805721283
14493,0.6339267492294312
14494,0.7287849187850952
14495,0.4257337152957916
14496,0.3063570559024811
14497,0.7054352760314941
14498,0.49757856130599976
14499,0.45024845004081726
14500,0.7580443024635315
14501,0.2861592769622803
14502,0.43561697006225586
14503,0.22595354914665222
14504,0.458382248878479
14505,0.2510312497615814
14506,0.6058493852615356
14507,0.6436686515808105
14508,0.3882099986076355
14509,0.5982924103736877
14510,0.8059690594673157
14511,0.705028772354126
14512,0.5151588916778564
14513,0.6833286285400391
14514,0.29267746210098267
14515,0.3712049722671509
14516,0.7792176008224487
14517,0.4040679931640625
14518,0.5086165070533752
14519,0.4056832194328308
14520,0.5298287272453308
14521,0.3113481104373932
14522,0.721175491809845
14523,0.3848201334476471
14524,0.7858765721321106
14525,0.3376496136188507
14526,0.6517342925071716
14527,0.609565794467926
14528,0.24399244785308838
14529,0.7973162531852722
14530,0.16155943274497986
14531,0.3789815902709961
14532,0.5341350436210632
14533,0.6545585989952087
14534,0.6048131585121155
14535,0.36554673314094543
14536,0.4014783799648285
14537,0.45900171995162964
14538,0.7862281799316406
14539,0.6009196639060974
14540,0.357907772064209
14541,0.7420964241027832
14542,0.31362980604171753
14543,0.4677196741104126
14544,0.578842043876648
14545,0.4511597156524658
14546,0.430808961391449
14547,0.26693248748779297
14548,0.34334251284599304
14549,0.6286479234695435
14550,0.5702221393585205
14551,0.53900146484375
14552,0.44830501079559326
14553,0.48273760080337524
14554,0.6964309811592102
14555,0.6020587682723999
14556,0.46291032433509827
14557,0.3171052634716034
14558,0.8167443871498108
14559,0.8249580264091492
14560,0.18431486189365387
14561,0.7322971820831299
14562,0.6514585614204407
14563,0.35631826519966125
14564,0.4086115062236786
14565,0.7521752715110779
14566,0.5703738927841187
14567,0.7347323298454285
14568,0.6227146983146667
14569,0.3725186288356781
14570,0.7046157121658325
14571,0.38574522733688354
14572,0.5305668115615845
14573,0.5818932056427002
14574,0.24204121530056
14575,0.37345007061958313
14576,0.5291677117347717
14577,0.4008007049560547
14578,0.43039828538894653
14579,0.6234244704246521
14580,0.2946574091911316
14581,0.5055504441261292
14582,0.8446669578552246
14583,0.8214358687400818
14584,0.2438443899154663
14585,0.7069597244262695
14586,0.43813785910606384
14587,0.42516249418258667
14588,0.2435925304889679
14589,0.42913973331451416
14590,0.49271371960639954
14591,0.8074730634689331
14592,0.6557997465133667
14593,0.4166871905326843
14594,0.5448039174079895
14595,0.7824925184249878
14596,0.2777114510536194
14597,0.7704276442527771
14598,0.5757607221603394
14599,0.8388891816139221
14600,0.5002622008323669
14601,0.7731602191925049
14602,0.5190432071685791
14603,0.284309059381485
14604,0.44246160984039307
14605,0.4630494713783264
14606,0.573664665222168
14607,0.2970578074455261
14608,0.3726891577243805
14609,0.7272276282310486
14610,0.5777722597122192
14611,0.5471289753913879
14612,0.458476722240448
14613,0.7641850709915161
14614,0.5213618278503418
14615,0.5295355916023254
14616,0.580336332321167
14617,0.46519848704338074
14618,0.587873101234436
14619,0.4846387207508087
14620,0.6942735910415649
14621,0.4135030508041382
14622,0.3756711184978485
14623,0.6937034726142883
14624,0.34375232458114624
14625,0.7457905411720276
14626,0.3911108374595642
14627,0.5785166025161743
14628,0.5177167654037476
14629,0.6047569513320923
14630,0.3096795678138733
14631,0.5731638669967651
14632,0.4720114469528198
14633,0.8271821141242981
14634,0.6270843148231506
14635,0.43055182695388794
14636,0.36447346210479736
14637,0.5568620562553406
14638,0.5346019268035889
14639,0.473853200674057
14640,0.5473272800445557
14641,0.7360610365867615
14642,0.5082342624664307
14643,0.6838502883911133
14644,0.20443758368492126
14645,0.4595074951648712
14646,0.7981359362602234
14647,0.629604697227478
14648,0.7694829106330872
14649,0.396221786737442
14650,0.6053985357284546
14651,0.5538684725761414
14652,0.7646716833114624
14653,0.2595726251602173
14654,0.36996379494667053
14655,0.6506237983703613
14656,0.7861081957817078
14657,0.2647131681442261
14658,0.49273890256881714
14659,0.4344426989555359
14660,0.7800569534301758
14661,0.42222481966018677
14662,0.5131468176841736
14663,0.5988662838935852
14664,0.7175918817520142
14665,0.28393083810806274
14666,0.49151158332824707
14667,0.449991375207901
14668,0.40739160776138306
14669,0.430804044008255
14670,0.44319045543670654
14671,0.7729595303535461
14672,0.3192823827266693
14673,0.5413378477096558
14674,0.17529398202896118
14675,0.46544089913368225
14676,0.2808118462562561
14677,0.7471287846565247
14678,0.6229352951049805
14679,0.22065356373786926
14680,0.25240325927734375
14681,0.7752946615219116
14682,0.3613399863243103
14683,0.380983829498291
14684,0.5302088856697083
14685,0.4221170246601105
14686,0.5275696516036987
14687,0.4634295105934143
14688,0.6107370257377625
14689,0.27290278673171997
14690,0.8206296563148499
14691,0.8057123422622681
14692,0.29879313707351685
14693,0.49954330921173096
14694,0.6667551398277283
14695,0.7500178217887878
14696,0.4801662564277649
14697,0.6001031994819641
14698,0.6233432292938232
14699,0.7026652097702026
14700,0.8747584223747253
14701,0.6802732348442078
14702,0.7373847365379333
14703,0.6136640906333923
14704,0.6012141704559326
14705,0.48600661754608154
14706,0.8217830657958984
14707,0.6631540656089783
14708,0.6574035286903381
14709,0.8320609331130981
14710,0.6403912901878357
14711,0.8026067018508911
14712,0.6748685240745544
14713,0.5925329923629761
14714,0.6957570910453796
14715,0.752055287361145
14716,0.23398077487945557
14717,0.5292302370071411
14718,0.7504259943962097
14719,0.7215272784233093
14720,0.7037537693977356
14721,0.313990980386734
14722,0.33652937412261963
14723,0.4453437924385071
14724,0.2803787589073181
14725,0.4450925588607788
14726,0.7179944515228271
14727,0.6614163517951965
14728,0.8037258982658386
14729,0.5666110515594482
14730,0.7572490572929382
14731,0.7100979685783386
14732,0.4166795313358307
14733,0.601921558380127
14734,0.44781067967414856
14735,0.5752769708633423
14736,0.4264594614505768
14737,0.7677807211875916
14738,0.5563934445381165
14739,0.6695323586463928
14740,0.4428943693637848
14741,0.6614702939987183
14742,0.5810801386833191
14743,0.6333854794502258
14744,0.4977031946182251
14745,0.1750463843345642
14746,0.7028422951698303
14747,0.5224518775939941
14748,0.35080111026763916
14749,0.6060702204704285
14750,0.6999746561050415
14751,0.8122891783714294
14752,0.7649044990539551
14753,0.6338609457015991
14754,0.6775671243667603
14755,0.7662228345870972
14756,0.5575627088546753
14757,0.3215864598751068
14758,0.5587543845176697
14759,0.5044571757316589
14760,0.4434003233909607
14761,0.5773932337760925
14762,0.8025248646736145
14763,0.46499544382095337
14764,0.6284301280975342
14765,0.40560993552207947
14766,0.604022204875946
14767,0.7825897336006165
14768,0.204762265086174
14769,0.5640236735343933
14770,0.4469916820526123
14771,0.22940976917743683
14772,0.36963191628456116
14773,0.6807827949523926
14774,0.7850856184959412
14775,0.5754624605178833
14776,0.25185173749923706
14777,0.7382813692092896
14778,0.3493860960006714
14779,0.34538203477859497
14780,0.6712098717689514
14781,0.4421341121196747
14782,0.4174128472805023
14783,0.43774598836898804
14784,0.4952874481678009
14785,0.6961633563041687
14786,0.3874523341655731
14787,0.42574542760849
14788,0.6474189758300781
14789,0.2640604078769684
14790,0.3347216248512268
14791,0.4465762674808502
14792,0.26978498697280884
14793,0.5115165710449219
14794,0.37799206376075745
14795,0.8148847818374634
14796,0.3223092555999756
14797,0.45781081914901733
14798,0.3172471523284912
14799,0.3492984175682068
14800,0.4236012399196625
14801,0.42581960558891296
14802,0.34859147667884827
14803,0.24064481258392334
14804,0.800175130367279
14805,0.7149263620376587
14806,0.46609511971473694
14807,0.4405001997947693
14808,0.43416306376457214
14809,0.6281682252883911
14810,0.2612374722957611
14811,0.5935224294662476
14812,0.5047091245651245
14813,0.4966273903846741
14814,0.2431757152080536
14815,0.7243162393569946
14816,0.6719199419021606
14817,0.5306986570358276
14818,0.35371309518814087
14819,0.3500038981437683
14820,0.5131113529205322
14821,0.44064849615097046
14822,0.2087647169828415
14823,0.4542636573314667
14824,0.5600813627243042
14825,0.3714786767959595
14826,0.6828834414482117
14827,0.6564027070999146
14828,0.5988194346427917
14829,0.4651155471801758
14830,0.5848029255867004
14831,0.5048828125
14832,0.4254257082939148
14833,0.37640026211738586
14834,0.5931142568588257
14835,0.5528529286384583
14836,0.6315014362335205
14837,0.27176979184150696
14838,0.43929335474967957
14839,0.5739680528640747
14840,0.6306644678115845
14841,0.6515581607818604
14842,0.4172540307044983
14843,0.5507302284240723
14844,0.29137957096099854
14845,0.4109218716621399
14846,0.31873515248298645
14847,0.6281824707984924
14848,0.8047400116920471
14849,0.7963668704032898
14850,0.42054903507232666
14851,0.533343493938446
14852,0.45453405380249023
14853,0.6001829504966736
14854,0.6908937692642212
14855,0.7867093086242676
14856,0.5013788938522339
14857,0.7284858822822571
14858,0.4501201808452606
14859,0.6305014491081238
14860,0.6954948306083679
14861,0.41926854848861694
14862,0.5589064359664917
14863,0.42439886927604675
14864,0.33995723724365234
14865,0.6530067920684814
14866,0.8140369653701782
14867,0.7249323129653931
14868,0.40114033222198486
14869,0.7521693706512451
14870,0.6838791370391846
14871,0.26938924193382263
14872,0.3640859127044678
14873,0.6999971270561218
14874,0.42675280570983887
14875,0.4539231061935425
14876,0.4321804940700531
14877,0.36412692070007324
14878,0.34447088837623596
14879,0.4547080397605896
14880,0.5966621041297913
14881,0.36237961053848267
14882,0.38703757524490356
14883,0.5017517805099487
14884,0.4101417362689972
14885,0.622009813785553
14886,0.353235125541687
14887,0.6644415855407715
14888,0.1636785864830017
14889,0.49952763319015503
14890,0.33124735951423645
14891,0.6979387402534485
14892,0.6496970653533936
14893,0.707359790802002
14894,0.3166894316673279
14895,0.6450178623199463
14896,0.7218266725540161
14897,0.4919164180755615
14898,0.8174083232879639
14899,0.5238489508628845
14900,0.5950696468353271
14901,0.40790751576423645
14902,0.5367422103881836
14903,0.48264700174331665
14904,0.5721316337585449
14905,0.5486974120140076
14906,0.7613587975502014
14907,0.8568552732467651
14908,0.5384597182273865
14909,0.24711939692497253
14910,0.4816838800907135
14911,0.7312805652618408
14912,0.3799697160720825
14913,0.5597042441368103
14914,0.6621339917182922
14915,0.19669784605503082
14916,0.2992056608200073
14917,0.5589936971664429
14918,0.411105751991272
14919,0.6551190614700317
14920,0.37145426869392395
14921,0.719717800617218
14922,0.27883946895599365
14923,0.49293678998947144
14924,0.20046940445899963
14925,0.6646999716758728
14926,0.5999118089675903
14927,0.4383520781993866
14928,0.7791147828102112
14929,0.41416606307029724
14930,0.5369656682014465
14931,0.6770927906036377
14932,0.6680835485458374
14933,0.2927131652832031
14934,0.5444561839103699
14935,0.38453465700149536
14936,0.29083913564682007
14937,0.44563809037208557
14938,0.45039597153663635
14939,0.6756114363670349
14940,0.33244073390960693
14941,0.3008614182472229
14942,0.596964418888092
14943,0.8136528730392456
14944,0.39936161041259766
14945,0.6341206431388855
14946,0.32343098521232605
14947,0.5601218938827515
14948,0.8559901118278503
14949,0.5265395641326904
14950,0.44570526480674744
14951,0.7899627089500427
14952,0.3892296552658081
14953,0.7259942293167114
14954,0.3294445276260376
14955,0.589627206325531
14956,0.6165919899940491
14957,0.8486215472221375
14958,0.6858299374580383
14959,0.9024125933647156
14960,0.6464293599128723
14961,0.48366236686706543
14962,0.5411866307258606
14963,0.388526052236557
14964,0.29790985584259033
14965,0.2638087570667267
14966,0.5346818566322327
14967,0.583692193031311
14968,0.6922143697738647
14969,0.27847716212272644
14970,0.7336618304252625
14971,0.3950488567352295
14972,0.8006114959716797
14973,0.567664623260498
14974,0.5844564437866211
14975,0.6884792447090149
14976,0.7708657383918762
14977,0.7959901690483093
14978,0.5242065787315369
14979,0.4046008884906769
14980,0.4333263039588928
14981,0.22171492874622345
14982,0.3943479359149933
14983,0.6066563129425049
14984,0.6012182831764221
14985,0.2447807788848877
14986,0.5473670959472656
14987,0.40932920575141907
14988,0.674899697303772
14989,0.4309222996234894
14990,0.25504937767982483
14991,0.5292302966117859
14992,0.7373759150505066
14993,0.4939631521701813
14994,0.2708638608455658
14995,0.5948020815849304
14996,0.4625394344329834
14997,0.7882200479507446
14998,0.6679945588111877
14999,0.7827495336532593
15000,0.4794539213180542
15001,0.31686684489250183
15002,0.4031680226325989
15003,0.6478725671768188
15004,0.48108288645744324
15005,0.59363853931427
15006,0.5503236651420593
15007,0.5706681609153748
15008,0.8088606595993042
15009,0.5284345149993896
15010,0.8190362453460693
15011,0.45639514923095703
15012,0.5002961754798889
15013,0.501995861530304
15014,0.5350400805473328
15015,0.6214035749435425
15016,0.7560975551605225
15017,0.7871018648147583
15018,0.5180833339691162
15019,0.4987967312335968
15020,0.39975112676620483
15021,0.5413259267807007
15022,0.6487659215927124
15023,0.2310955822467804
15024,0.6719145178794861
15025,0.2455020695924759
15026,0.4402374029159546
15027,0.25114622712135315
15028,0.3562828600406647
15029,0.4661695063114166
15030,0.39054831862449646
15031,0.22857287526130676
15032,0.4897192120552063
15033,0.5736406445503235
15034,0.6164387464523315
15035,0.39062604308128357
15036,0.6042225360870361
15037,0.21380525827407837
15038,0.5791367292404175
15039,0.5707512497901917
15040,0.2722354531288147
15041,0.5276938080787659
15042,0.38246262073516846
15043,0.5145673751831055
15044,0.3481769859790802
15045,0.21964724361896515
15046,0.49189046025276184
15047,0.7252275347709656
15048,0.6192051768302917
15049,0.6007818579673767
15050,0.7037902474403381
15051,0.8184598088264465
15052,0.4170660078525543
15053,0.5616178512573242
15054,0.3241712152957916
15055,0.45656082034111023
15056,0.29889705777168274
15057,0.7961151003837585
15058,0.5388193130493164
15059,0.7669968605041504
15060,0.6769945621490479
15061,0.7455148696899414
15062,0.7362306118011475
15063,0.19396895170211792
15064,0.36878079175949097
15065,0.6819424629211426
15066,0.7065996527671814
15067,0.34474414587020874
15068,0.4314194619655609
15069,0.39479708671569824
15070,0.4814430773258209
15071,0.39302974939346313
15072,0.5040577054023743
15073,0.4955442249774933
15074,0.8619082570075989
15075,0.5916141867637634
15076,0.31089651584625244
15077,0.3181239664554596
15078,0.34735262393951416
15079,0.5322669148445129
15080,0.46693503856658936
15081,0.463206946849823
15082,0.758836030960083
15083,0.783478319644928
15084,0.20024020969867706
15085,0.32349666953086853
15086,0.4218970835208893
15087,0.43264201283454895
15088,0.446847528219223
15089,0.31548649072647095
15090,0.6301494836807251
15091,0.22579996287822723
15092,0.5870347619056702
15093,0.45250070095062256
15094,0.40572983026504517
15095,0.46789199113845825
15096,0.4267430007457733
15097,0.28169047832489014
15098,0.81715989112854
15099,0.3294813632965088
15100,0.6731242537498474
15101,0.5336745977401733
15102,0.5477050542831421
15103,0.5903865694999695
15104,0.383587121963501
15105,0.45452117919921875
15106,0.6764053702354431
15107,0.6794877052307129
15108,0.339703232049942
15109,0.24188944697380066
15110,0.6417511105537415
15111,0.49301841855049133
15112,0.6652160882949829
15113,0.5142686367034912
15114,0.5612215995788574
15115,0.6144629716873169
15116,0.7186220288276672
15117,0.33837890625
15118,0.8163390159606934
15119,0.4569835066795349
15120,0.7432681322097778
15121,0.5581556558609009
15122,0.5124222636222839
15123,0.8481805920600891
15124,0.37194034457206726
15125,0.6855688095092773
15126,0.5342909097671509
15127,0.3155369460582733
15128,0.4833422005176544
15129,0.4739839732646942
15130,0.6307969689369202
15131,0.32453611493110657
15132,0.3825639486312866
15133,0.29744985699653625
15134,0.8034200668334961
15135,0.6065571308135986
15136,0.5616691708564758
15137,0.7815111875534058
15138,0.5322043299674988
15139,0.6127256751060486
15140,0.37532228231430054
15141,0.794468879699707
15142,0.8016948103904724
15143,0.36829856038093567
15144,0.5433632135391235
15145,0.4269566535949707
15146,0.44913509488105774
15147,0.5733418464660645
15148,0.35759273171424866
15149,0.7336916923522949
15150,0.4641852378845215
15151,0.7479930520057678
15152,0.4312777817249298
15153,0.39931097626686096
15154,0.39040741324424744
15155,0.33388227224349976
15156,0.834956169128418
15157,0.27276384830474854
15158,0.6826414465904236
15159,0.28811436891555786
15160,0.6714890003204346
15161,0.48543602228164673
15162,0.7496091723442078
15163,0.3953797221183777
15164,0.4122280180454254
15165,0.5442696809768677
15166,0.481284499168396
15167,0.49437060952186584
15168,0.44291993975639343
15169,0.43197956681251526
15170,0.6735742092132568
15171,0.7718248963356018
15172,0.26899269223213196
15173,0.765398383140564
15174,0.5151761770248413
15175,0.2818869948387146
15176,0.49099817872047424
15177,0.601769745349884
15178,0.809860110282898
15179,0.8594167232513428
15180,0.439993292093277
15181,0.48403963446617126
15182,0.44309505820274353
15183,0.43965867161750793
15184,0.5280207395553589
15185,0.4508633315563202
15186,0.4261591136455536
15187,0.35146334767341614
15188,0.8289128541946411
15189,0.36460524797439575
15190,0.2933914363384247
15191,0.4389536678791046
15192,0.5781988501548767
15193,0.7821071147918701
15194,0.42457714676856995
15195,0.7182397842407227
15196,0.5121132731437683
15197,0.6959992051124573
15198,0.5967352986335754
15199,0.22689907252788544
15200,0.5199581980705261
15201,0.6964789032936096
15202,0.49908512830734253
15203,0.28717535734176636
15204,0.21125316619873047
15205,0.2557603120803833
15206,0.4526478350162506
15207,0.5215302109718323
15208,0.6344169974327087
15209,0.28101927042007446
15210,0.7356380820274353
15211,0.3693939447402954
15212,0.7191179990768433
15213,0.6425631642341614
15214,0.3242199420928955
15215,0.4164258539676666
15216,0.7001529932022095
15217,0.6114591360092163
15218,0.671699583530426
15219,0.2912699282169342
15220,0.5329856276512146
15221,0.7736170291900635
15222,0.38338780403137207
15223,0.7757868766784668
15224,0.44734978675842285
15225,0.389132022857666
15226,0.6552567481994629
15227,0.44718116521835327
15228,0.6341630816459656
15229,0.4182816445827484
15230,0.736967921257019
15231,0.46978679299354553
15232,0.655103862285614
15233,0.6468117833137512
15234,0.5278419852256775
15235,0.4515201449394226
15236,0.3777891993522644
15237,0.6353316307067871
15238,0.4913426637649536
15239,0.6478103995323181
15240,0.4637662470340729
15241,0.7270854115486145
15242,0.4289032518863678
15243,0.42185959219932556
15244,0.6582242846488953
15245,0.41234520077705383
15246,0.3641982674598694
15247,0.5797216892242432
15248,0.45226168632507324
15249,0.3918987810611725
15250,0.699769914150238
15251,0.5406785011291504
15252,0.73410564661026
15253,0.5753358602523804
15254,0.27193883061408997
15255,0.4592573344707489
15256,0.5386969447135925
15257,0.4003751873970032
15258,0.7577106356620789
15259,0.7057805061340332
15260,0.8113324046134949
15261,0.5985800623893738
15262,0.5039783716201782
15263,0.4436270594596863
15264,0.38108381628990173
15265,0.5934177041053772
15266,0.5513055920600891
15267,0.522541344165802
15268,0.7294078469276428
15269,0.6535211205482483
15270,0.37924811244010925
15271,0.5872465968132019
15272,0.6838856339454651
15273,0.44729483127593994
15274,0.7054027318954468
15275,0.5593391060829163
15276,0.33975517749786377
15277,0.509562611579895
15278,0.4731171429157257
15279,0.7936210036277771
15280,0.7818149328231812
15281,0.4283424913883209
15282,0.6662077903747559
15283,0.4640766978263855
15284,0.24703969061374664
15285,0.25841349363327026
15286,0.37685033679008484
15287,0.6929731965065002
15288,0.5794546008110046
15289,0.5216391086578369
15290,0.7315828800201416
15291,0.7838671207427979
15292,0.26385149359703064
15293,0.7296209335327148
15294,0.27464476227760315
15295,0.5920817255973816
15296,0.6392205357551575
15297,0.6260064244270325
15298,0.4659561514854431
15299,0.6063587665557861
15300,0.670152485370636
15301,0.5118232369422913
15302,0.5873124003410339
15303,0.33760884404182434
15304,0.7245522141456604
15305,0.5014510154724121
15306,0.42676350474357605
15307,0.3477100431919098
15308,0.6531571745872498
15309,0.2297305315732956
15310,0.28322941064834595
15311,0.4830687344074249
15312,0.712956964969635
15313,0.4878861904144287
15314,0.4874902367591858
15315,0.4127473831176758
15316,0.6155644655227661
15317,0.40091049671173096
15318,0.3590903580188751
15319,0.8078476786613464
15320,0.6999874711036682
15321,0.4343319833278656
15322,0.544227659702301
15323,0.4786377549171448
15324,0.2834128141403198
15325,0.24113789200782776
15326,0.4230131208896637
15327,0.7149943113327026
15328,0.798185408115387
15329,0.4754461646080017
15330,0.3241686522960663
15331,0.6621119976043701
15332,0.36012282967567444
15333,0.7477827668190002
15334,0.4167433977127075
15335,0.6202593445777893
15336,0.6631804704666138
15337,0.50677090883255
15338,0.2636243402957916
15339,0.8343477845191956
15340,0.45266517996788025
15341,0.7398433089256287
15342,0.28195908665657043
15343,0.5251306891441345
15344,0.4636211097240448
15345,0.2117769420146942
15346,0.2646215260028839
15347,0.27102041244506836
15348,0.2195168435573578
15349,0.5791711807250977
15350,0.7290905714035034
15351,0.41494637727737427
15352,0.3511521518230438
15353,0.7825645208358765
15354,0.7958170771598816
15355,0.7742086052894592
15356,0.25631183385849
15357,0.6931389570236206
15358,0.5237937569618225
15359,0.3370412290096283
15360,0.5705717206001282
15361,0.5629981756210327
15362,0.7996425032615662
15363,0.5737372636795044
15364,0.34169983863830566
15365,0.5083382725715637
15366,0.3668959140777588
15367,0.8082430958747864
15368,0.722200334072113
15369,0.4102059006690979
15370,0.23658810555934906
15371,0.6306390762329102
15372,0.8441318869590759
15373,0.3678866922855377
15374,0.33901292085647583
15375,0.6090981364250183
15376,0.44278883934020996
15377,0.35923442244529724
15378,0.6843101382255554
15379,0.6467709541320801
15380,0.6063789129257202
15381,0.7356483936309814
15382,0.4217977821826935
15383,0.6607652902603149
15384,0.20920905470848083
15385,0.5200005769729614
15386,0.7096859216690063
15387,0.4686479866504669
15388,0.24246999621391296
15389,0.592055082321167
15390,0.6509138941764832
15391,0.6964368224143982
15392,0.20349839329719543
15393,0.6773378849029541
15394,0.5189954042434692
15395,0.34179234504699707
15396,0.5789317488670349
15397,0.5434078574180603
15398,0.4884665012359619
15399,0.23909708857536316
15400,0.4514424502849579
15401,0.7518010139465332
15402,0.7847185730934143
15403,0.3534519672393799
15404,0.251299649477005
15405,0.8138071298599243
15406,0.29389986395835876
15407,0.3963339328765869
15408,0.5860068798065186
15409,0.5373964905738831
15410,0.37077096104621887
15411,0.7281337976455688
15412,0.6911606788635254
15413,0.8537163138389587
15414,0.6604849100112915
15415,0.4557148814201355
15416,0.5931537747383118
15417,0.5043980479240417
15418,0.6672617793083191
15419,0.7993294596672058
15420,0.23864421248435974
15421,0.5640864968299866
15422,0.7659609913825989
15423,0.46912217140197754
15424,0.5019415616989136
15425,0.5025259852409363
15426,0.48497530817985535
15427,0.5461878180503845
15428,0.438027948141098
15429,0.4817271828651428
15430,0.4796687066555023
15431,0.5477109551429749
15432,0.3652474284172058
15433,0.6058431267738342
15434,0.3446044921875
15435,0.8268743753433228
15436,0.4061696231365204
15437,0.8304668664932251
15438,0.5095453262329102
15439,0.5485252737998962
15440,0.3420981764793396
15441,0.5516391396522522
15442,0.7534244060516357
15443,0.586462140083313
15444,0.49474358558654785
15445,0.7093376517295837
15446,0.3220381438732147
15447,0.8169699311256409
15448,0.8046799302101135
15449,0.3460467457771301
15450,0.4595663547515869
15451,0.4453558623790741
15452,0.6376562118530273
15453,0.67925626039505
15454,0.28221285343170166
15455,0.4701949656009674
15456,0.5316822528839111
15457,0.7683831453323364
15458,0.8192489147186279
15459,0.6249083876609802
15460,0.49150678515434265
15461,0.70323246717453
15462,0.4506700932979584
15463,0.49101123213768005
15464,0.6439700722694397
15465,0.46504759788513184
15466,0.5262238383293152
15467,0.7016940116882324
15468,0.5827547907829285
15469,0.5748627781867981
15470,0.36316293478012085
15471,0.7671395540237427
15472,0.44013845920562744
15473,0.3582201898097992
15474,0.48671063780784607
15475,0.5848324298858643
15476,0.37595686316490173
15477,0.6617300510406494
15478,0.6392452120780945
15479,0.5219581127166748
15480,0.48163342475891113
15481,0.8563553690910339
15482,0.7656896114349365
15483,0.3573412299156189
15484,0.5689098238945007
15485,0.33804553747177124
15486,0.45153701305389404
15487,0.4605633020401001
15488,0.5842999815940857
15489,0.24804142117500305
15490,0.6566670536994934
15491,0.20711930096149445
15492,0.23193907737731934
15493,0.4893702566623688
15494,0.5557586550712585
15495,0.20968575775623322
15496,0.3905530869960785
15497,0.4734092056751251
15498,0.6135784983634949
15499,0.538493812084198
15500,0.6125321984291077
15501,0.6335427165031433
15502,0.40652406215667725
15503,0.7584053874015808
15504,0.6918174624443054
15505,0.49302324652671814
15506,0.8020330667495728
15507,0.24209719896316528
15508,0.6686990857124329
15509,0.4291945695877075
15510,0.2661850154399872
15511,0.2577020823955536
15512,0.6831263899803162
15513,0.461068332195282
15514,0.4587929844856262
15515,0.6735979318618774
15516,0.4857911765575409
15517,0.38002318143844604
15518,0.208576962351799
15519,0.7106646299362183
15520,0.3065841794013977
15521,0.6861686110496521
15522,0.6000335216522217
15523,0.2974238991737366
15524,0.7414149045944214
15525,0.30961745977401733
15526,0.5265291929244995
15527,0.5453568696975708
15528,0.32595837116241455
15529,0.6902994513511658
15530,0.2267208844423294
15531,0.5003798604011536
15532,0.7113140821456909
15533,0.694390058517456
15534,0.5568481683731079
15535,0.2770366966724396
15536,0.7461732625961304
15537,0.3481253981590271
15538,0.7419795393943787
15539,0.5120304822921753
15540,0.7335595488548279
15541,0.6961247324943542
15542,0.26248669624328613
15543,0.25453466176986694
15544,0.6559767723083496
15545,0.4675503373146057
15546,0.5908446907997131
15547,0.6381444334983826
15548,0.566506028175354
15549,0.5560357570648193
15550,0.23634257912635803
15551,0.499176025390625
15552,0.5259698629379272
15553,0.7923462986946106
15554,0.7629398703575134
15555,0.499693900346756
15556,0.7990574240684509
15557,0.7004652619361877
15558,0.595072329044342
15559,0.3099839985370636
15560,0.41304993629455566
15561,0.5376231074333191
15562,0.33745649456977844
15563,0.6662984490394592
15564,0.6520124673843384
15565,0.5060411691665649
15566,0.4826429486274719
15567,0.3209365904331207
15568,0.6597791314125061
15569,0.6105014085769653
15570,0.6522921323776245
15571,0.7081092000007629
15572,0.6281217932701111
15573,0.3093474507331848
15574,0.6739987730979919
15575,0.6675509810447693
15576,0.6552029252052307
15577,0.7017204761505127
15578,0.5832052826881409
15579,0.3056873083114624
15580,0.7737497687339783
15581,0.6975221037864685
15582,0.5808979868888855
15583,0.766529381275177
15584,0.4642277956008911
15585,0.6689948439598083
15586,0.3768118917942047
15587,0.47593680024147034
15588,0.37206780910491943
15589,0.7733001112937927
15590,0.6921291947364807
15591,0.43054622411727905
15592,0.5669631958007812
15593,0.25725576281547546
15594,0.3764435350894928
15595,0.3390694260597229
15596,0.3128569722175598
15597,0.43178901076316833
15598,0.5362957119941711
15599,0.49167460203170776
15600,0.6681934595108032
15601,0.34100770950317383
15602,0.4788864254951477
15603,0.2488708347082138
15604,0.5846073627471924
15605,0.43880602717399597
15606,0.4278988838195801
15607,0.2997405230998993
15608,0.3784477114677429
15609,0.7173250913619995
15610,0.40258318185806274
15611,0.5216736197471619
15612,0.7523708939552307
15613,0.6101069450378418
15614,0.3245095908641815
15615,0.25876766443252563
15616,0.38775888085365295
15617,0.508661150932312
15618,0.5608117580413818
15619,0.4663220942020416
15620,0.7782920598983765
15621,0.4627842605113983
15622,0.5395864844322205
15623,0.4643591344356537
15624,0.46735426783561707
15625,0.824920654296875
15626,0.5796146392822266
15627,0.48947957158088684
15628,0.8502674102783203
15629,0.7555753588676453
15630,0.42812034487724304
15631,0.7542147040367126
15632,0.20020532608032227
15633,0.6433190107345581
15634,0.5426994562149048
15635,0.6722784638404846
15636,0.5538931488990784
15637,0.3921812176704407
15638,0.7432432174682617
15639,0.3937973380088806
15640,0.4751594066619873
15641,0.4845477044582367
15642,0.586449146270752
15643,0.7625278234481812
15644,0.35306015610694885
15645,0.24948650598526
15646,0.22655537724494934
15647,0.584340512752533
15648,0.7184270024299622
15649,0.45193448662757874
15650,0.670537531375885
15651,0.6785134673118591
15652,0.5898723006248474
15653,0.4426819682121277
15654,0.4525434076786041
15655,0.8141024708747864
15656,0.49210208654403687
15657,0.796008825302124
15658,0.6616590619087219
15659,0.7752097249031067
15660,0.27072063088417053
15661,0.41384026408195496
15662,0.33473795652389526
15663,0.3433327078819275
15664,0.38176020979881287
15665,0.7073192596435547
15666,0.18345040082931519
15667,0.767126202583313
15668,0.6395085453987122
15669,0.7690971493721008
15670,0.4691692292690277
15671,0.7193567752838135
15672,0.73781818151474
15673,0.5699440240859985
15674,0.7685353755950928
15675,0.6115970015525818
15676,0.5468524694442749
15677,0.5726601481437683
15678,0.7863703966140747
15679,0.588354766368866
15680,0.8533586263656616
15681,0.6817359924316406
15682,0.6899627447128296
15683,0.40552690625190735
15684,0.5308265686035156
15685,0.2630086839199066
15686,0.44040149450302124
15687,0.31044912338256836
15688,0.7652149200439453
15689,0.43931448459625244
15690,0.5160842537879944
15691,0.5101396441459656
15692,0.6427692174911499
15693,0.35192397236824036
15694,0.5167750716209412
15695,0.4197593033313751
15696,0.4385771155357361
15697,0.6820983290672302
15698,0.905659019947052
15699,0.7067047953605652
15700,0.37606990337371826
15701,0.4276338517665863
15702,0.6177831292152405
15703,0.6536149382591248
15704,0.43981778621673584
15705,0.36912471055984497
15706,0.4513598084449768
15707,0.651527464389801
15708,0.7233169078826904
15709,0.30163443088531494
15710,0.6202166676521301
15711,0.7054855823516846
15712,0.34116172790527344
15713,0.3361223340034485
15714,0.9101764559745789
15715,0.5205071568489075
15716,0.7778012156486511
15717,0.7853735089302063
15718,0.5716837048530579
15719,0.28172609210014343
15720,0.2660919725894928
15721,0.6208599209785461
15722,0.7907975316047668
15723,0.5329626202583313
15724,0.41906800866127014
15725,0.5564037561416626
15726,0.7478839755058289
15727,0.8586938381195068
15728,0.5983853936195374
15729,0.3774024546146393
15730,0.6909042000770569
15731,0.2523488998413086
15732,0.5470125675201416
15733,0.6973273754119873
15734,0.8120797276496887
15735,0.3376801609992981
15736,0.5339992642402649
15737,0.6139155626296997
15738,0.46494466066360474
15739,0.7149039506912231
15740,0.4589489698410034
15741,0.4457756578922272
15742,0.25648248195648193
15743,0.427261620759964
15744,0.420703649520874
15745,0.43865278363227844
15746,0.747376561164856
15747,0.3790467381477356
15748,0.4272780418395996
15749,0.34013116359710693
15750,0.6747586131095886
15751,0.2946566343307495
15752,0.5745622515678406
15753,0.49552127718925476
15754,0.5492236018180847
15755,0.44836172461509705
15756,0.28296881914138794
15757,0.23775407671928406
15758,0.43590474128723145
15759,0.2855726182460785
15760,0.4274992048740387
15761,0.24977178871631622
15762,0.6030057072639465
15763,0.6003285050392151
15764,0.42789772152900696
15765,0.7655795812606812
15766,0.3431887924671173
15767,0.6989567875862122
15768,0.709674060344696
15769,0.6650016903877258
15770,0.7905336022377014
15771,0.4006549119949341
15772,0.7957515120506287
15773,0.5738586187362671
15774,0.27598893642425537
15775,0.4085444509983063
15776,0.6736837029457092
15777,0.543578028678894
15778,0.5487164855003357
15779,0.6330418586730957
15780,0.44700607657432556
15781,0.6642045378684998
15782,0.2349151074886322
15783,0.8270548582077026
15784,0.5802503824234009
15785,0.5450009107589722
15786,0.5136242508888245
15787,0.6511917114257812
15788,0.5425043106079102
15789,0.7268106341362
15790,0.5799946188926697
15791,0.2817900776863098
15792,0.7955871224403381
15793,0.650905191898346
15794,0.20068103075027466
15795,0.4673367738723755
15796,0.6167809963226318
15797,0.7469579577445984
15798,0.5418149828910828
15799,0.4601689279079437
15800,0.6039212942123413
15801,0.522288978099823
15802,0.8107051849365234
15803,0.30965229868888855
15804,0.4024997055530548
15805,0.6105156540870667
15806,0.8145502805709839
15807,0.8054527044296265
15808,0.5407586097717285
15809,0.4107601046562195
15810,0.36488911509513855
15811,0.6957250237464905
15812,0.3406318426132202
15813,0.6323613524436951
15814,0.6385972499847412
15815,0.5074730515480042
15816,0.27854087948799133
15817,0.3040129542350769
15818,0.7608811259269714
15819,0.7688925266265869
15820,0.31020283699035645
15821,0.41083240509033203
15822,0.613202691078186
15823,0.8069695830345154
15824,0.43721136450767517
15825,0.3900690972805023
15826,0.4071013331413269
15827,0.8294248580932617
15828,0.7167602777481079
15829,0.8081413507461548
15830,0.8323631882667542
15831,0.47162288427352905
15832,0.5314290523529053
15833,0.5731462836265564
15834,0.5516262054443359
15835,0.46949419379234314
15836,0.5009010434150696
15837,0.7633183598518372
15838,0.4253700077533722
15839,0.3311024308204651
15840,0.31811803579330444
15841,0.6575015187263489
15842,0.7063094973564148
15843,0.37560510635375977
15844,0.28700539469718933
15845,0.8295130729675293
15846,0.6542031764984131
15847,0.46783018112182617
15848,0.627037525177002
15849,0.29870229959487915
15850,0.21479305624961853
15851,0.5235635638237
15852,0.6714219450950623
15853,0.31549710035324097
15854,0.5187575817108154
15855,0.5309979915618896
15856,0.4135354161262512
15857,0.5189810395240784
15858,0.6943861246109009
15859,0.5002725720405579
15860,0.5101468563079834
15861,0.22443920373916626
15862,0.486035019159317
15863,0.8215122222900391
15864,0.6441142559051514
15865,0.34701046347618103
15866,0.4467101991176605
15867,0.4100889563560486
15868,0.7975754141807556
15869,0.535629153251648
15870,0.6437416672706604
15871,0.5580839514732361
15872,0.5157426595687866
15873,0.5387211441993713
15874,0.44306814670562744
15875,0.3939658999443054
15876,0.6772980690002441
15877,0.22134922444820404
15878,0.5806102156639099
15879,0.5074250102043152
15880,0.6300967335700989
15881,0.7705472111701965
15882,0.5946950912475586
15883,0.538261353969574
15884,0.6041110157966614
15885,0.2253565490245819
15886,0.5748336911201477
15887,0.7367129921913147
15888,0.3992072343826294
15889,0.7635764479637146
15890,0.6094714403152466
15891,0.5142120122909546
15892,0.3975520431995392
15893,0.5538745522499084
15894,0.7532514929771423
15895,0.4902006685733795
15896,0.53558349609375
15897,0.5233774185180664
15898,0.25730839371681213
15899,0.6228185892105103
15900,0.7712690830230713
15901,0.27338868379592896
15902,0.5829862356185913
15903,0.48061785101890564
15904,0.6152023077011108
15905,0.7277553677558899
15906,0.3306286931037903
15907,0.7869629263877869
15908,0.49144524335861206
15909,0.502447247505188
15910,0.2544969320297241
15911,0.5838935971260071
15912,0.8336070775985718
15913,0.6285706758499146
15914,0.413469523191452
15915,0.5019333362579346
15916,0.5954673290252686
15917,0.8238739967346191
15918,0.3851681351661682
15919,0.39286044239997864
15920,0.5896915793418884
15921,0.38024377822875977
15922,0.42500680685043335
15923,0.7373688220977783
15924,0.33826571702957153
15925,0.5516414642333984
15926,0.25614863634109497
15927,0.7241199016571045
15928,0.7120739221572876
15929,0.5661688446998596
15930,0.8657195568084717
15931,0.36943912506103516
15932,0.3255884349346161
15933,0.6351069211959839
15934,0.6711450815200806
15935,0.7591158151626587
15936,0.39594247937202454
15937,0.524342954158783
15938,0.48609861731529236
15939,0.4674046039581299
15940,0.7962014675140381
15941,0.5330559015274048
15942,0.8177763223648071
15943,0.6344620585441589
15944,0.6027566194534302
15945,0.4219958186149597
15946,0.4362912178039551
15947,0.6830606460571289
15948,0.809004008769989
15949,0.3437509834766388
15950,0.6635404229164124
15951,0.33557695150375366
15952,0.7879798412322998
15953,0.5610556602478027
15954,0.40892043709754944
15955,0.5134416818618774
15956,0.5264066457748413
15957,0.2775467038154602
15958,0.30888545513153076
15959,0.33608126640319824
15960,0.5979587435722351
15961,0.64523845911026
15962,0.7427002191543579
15963,0.4356374144554138
15964,0.30000370740890503
15965,0.8195059895515442
15966,0.5972608327865601
15967,0.21907295286655426
15968,0.5212908983230591
15969,0.33390799164772034
15970,0.41978466510772705
15971,0.7126393914222717
15972,0.43408387899398804
15973,0.47477012872695923
15974,0.5669520497322083
15975,0.7381347417831421
15976,0.5518801212310791
15977,0.5171952247619629
15978,0.3999577760696411
15979,0.442910760641098
15980,0.6066393256187439
15981,0.45694029331207275
15982,0.3828711211681366
15983,0.4282187223434448
15984,0.612028181552887
15985,0.627350389957428
15986,0.7110031843185425
15987,0.5883874297142029
15988,0.4106009602546692
15989,0.34100550413131714
15990,0.47921499609947205
15991,0.47669458389282227
15992,0.5108066201210022
15993,0.3762403726577759
15994,0.7676777839660645
15995,0.6061859130859375
15996,0.5186314582824707
15997,0.46504494547843933
15998,0.35915568470954895
15999,0.4285513758659363
16000,0.46010640263557434
16001,0.41773808002471924
16002,0.8297063112258911
16003,0.5279614925384521
16004,0.6680207252502441
16005,0.6165421009063721
16006,0.28803661465644836
16007,0.3244021534919739
16008,0.2324129045009613
16009,0.5885014533996582
16010,0.6950433850288391
16011,0.4203103184700012
16012,0.2612861692905426
16013,0.792289137840271
16014,0.5657048225402832
16015,0.3566194772720337
16016,0.4033340513706207
16017,0.4670872092247009
16018,0.7730095982551575
16019,0.24657118320465088
16020,0.32157742977142334
16021,0.24543346464633942
16022,0.8624608516693115
16023,0.7137985825538635
16024,0.7658868432044983
16025,0.47230446338653564
16026,0.6321631073951721
16027,0.3456062972545624
16028,0.4528884291648865
16029,0.37284812331199646
16030,0.24310940504074097
16031,0.4916231334209442
16032,0.3984237015247345
16033,0.3349076807498932
16034,0.36543264985084534
16035,0.8002606630325317
16036,0.781448483467102
16037,0.5971184968948364
16038,0.666816234588623
16039,0.6935608386993408
16040,0.315701961517334
16041,0.4132871627807617
16042,0.5041197538375854
16043,0.44073590636253357
16044,0.5252372026443481
16045,0.49793845415115356
16046,0.6016560792922974
16047,0.19793440401554108
16048,0.5714367032051086
16049,0.2788636386394501
16050,0.6887314915657043
16051,0.4778401255607605
16052,0.6191100478172302
16053,0.5414875149726868
16054,0.6560161709785461
16055,0.5143952369689941
16056,0.4673343300819397
16057,0.5716692209243774
16058,0.6038396954536438
16059,0.6500645279884338
16060,0.46747344732284546
16061,0.8302507400512695
16062,0.35973960161209106
16063,0.36230677366256714
16064,0.6936624646186829
16065,0.7686467170715332
16066,0.7050767540931702
16067,0.4936107397079468
16068,0.4997214376926422
16069,0.3360423147678375
16070,0.26447275280952454
16071,0.38000041246414185
16072,0.22612611949443817
16073,0.3994459807872772
16074,0.5106890797615051
16075,0.5620613098144531
16076,0.7089517712593079
16077,0.7851775884628296
16078,0.6497087478637695
16079,0.355851948261261
16080,0.8012615442276001
16081,0.7536765336990356
16082,0.7152513265609741
16083,0.30012157559394836
16084,0.4370988607406616
16085,0.4129210114479065
16086,0.43270137906074524
16087,0.4011601209640503
16088,0.3861219882965088
16089,0.21914483606815338
16090,0.4197692573070526
16091,0.4942792057991028
16092,0.32727351784706116
16093,0.8657364845275879
16094,0.5796476006507874
16095,0.35884636640548706
16096,0.3615266680717468
16097,0.6473000049591064
16098,0.40469127893447876
16099,0.48954516649246216
16100,0.6976522207260132
16101,0.7833758592605591
16102,0.4493958055973053
16103,0.24401022493839264
16104,0.5952587723731995
16105,0.4510484039783478
16106,0.5190118551254272
16107,0.5953238606452942
16108,0.7224304676055908
16109,0.34461653232574463
16110,0.7864687442779541
16111,0.8225839734077454
16112,0.48741579055786133
16113,0.7351032495498657
16114,0.5712880492210388
16115,0.21545664966106415
16116,0.2239174246788025
16117,0.45993950963020325
16118,0.8094357252120972
16119,0.5518344044685364
16120,0.8100360035896301
16121,0.6292919516563416
16122,0.733915388584137
16123,0.7549934387207031
16124,0.47146737575531006
16125,0.30220144987106323
16126,0.488820880651474
16127,0.4583878815174103
16128,0.6179152727127075
16129,0.4873707592487335
16130,0.6149984002113342
16131,0.3741356134414673
16132,0.7483250498771667
16133,0.765994131565094
16134,0.47667357325553894
16135,0.6021625399589539
16136,0.4128469228744507
16137,0.296215683221817
16138,0.345964252948761
16139,0.8037322759628296
16140,0.35414043068885803
16141,0.4555557370185852
16142,0.4875633716583252
16143,0.5036802887916565
16144,0.4533986449241638
16145,0.551465630531311
16146,0.632659375667572
16147,0.4539133906364441
16148,0.7577655911445618
16149,0.7459135055541992
16150,0.7136585712432861
16151,0.30937743186950684
16152,0.37115374207496643
16153,0.7243463397026062
16154,0.5441785454750061
16155,0.4894964396953583
16156,0.7957069277763367
16157,0.28369471430778503
16158,0.13431480526924133
16159,0.615304172039032
16160,0.36509186029434204
16161,0.4193003177642822
16162,0.39324715733528137
16163,0.7385651469230652
16164,0.8251501321792603
16165,0.46782487630844116
16166,0.8066951632499695
16167,0.27918389439582825
16168,0.4505946934223175
16169,0.395674467086792
16170,0.49425339698791504
16171,0.6338502764701843
16172,0.416795551776886
16173,0.55470210313797
16174,0.5325119495391846
16175,0.454848051071167
16176,0.38526713848114014
16177,0.419541597366333
16178,0.7209929823875427
16179,0.6538307666778564
16180,0.3421013355255127
16181,0.749813973903656
16182,0.5958828330039978
16183,0.7487621903419495
16184,0.6594619154930115
16185,0.7052956223487854
16186,0.6409072279930115
16187,0.43369734287261963
16188,0.38623541593551636
16189,0.8317009210586548
16190,0.612680196762085
16191,0.3375685214996338
16192,0.6594216227531433
16193,0.79408198595047
16194,0.6596184968948364
16195,0.5607308745384216
16196,0.3409193158149719
16197,0.7962127327919006
16198,0.8004879951477051
16199,0.4786326289176941
16200,0.7081106901168823
16201,0.5215423703193665
16202,0.5913918614387512
16203,0.5919448137283325
16204,0.6535221934318542
16205,0.6434913277626038
16206,0.26050519943237305
16207,0.36074647307395935
16208,0.6113179922103882
16209,0.34217557311058044
16210,0.5821213126182556
16211,0.22534357011318207
16212,0.5882840156555176
16213,0.7057951092720032
16214,0.6798849105834961
16215,0.7490690350532532
16216,0.5018779635429382
16217,0.5452014803886414
16218,0.5203254222869873
16219,0.5052917003631592
16220,0.205738827586174
16221,0.7001825571060181
16222,0.18496842682361603
16223,0.4896920323371887
16224,0.2938935160636902
16225,0.4442565441131592
16226,0.47363001108169556
16227,0.3052981197834015
16228,0.4916786551475525
16229,0.40792879462242126
16230,0.32870209217071533
16231,0.41920673847198486
16232,0.5148599147796631
16233,0.6464658975601196
16234,0.5111399292945862
16235,0.7946266531944275
16236,0.5875906348228455
16237,0.2405201941728592
16238,0.6329643130302429
16239,0.5050434470176697
16240,0.6490066051483154
16241,0.4959671199321747
16242,0.7623469829559326
16243,0.7510530948638916
16244,0.32835322618484497
16245,0.5792160630226135
16246,0.5528749823570251
16247,0.7253062129020691
16248,0.5174817442893982
16249,0.3089897632598877
16250,0.389609158039093
16251,0.6447464823722839
16252,0.5469411015510559
16253,0.37328267097473145
16254,0.5213636755943298
16255,0.2685101330280304
16256,0.25178390741348267
16257,0.7134553790092468
16258,0.7556792497634888
16259,0.7993507981300354
16260,0.39997339248657227
16261,0.27936887741088867
16262,0.2222791463136673
16263,0.3789377212524414
16264,0.5293866395950317
16265,0.4434093236923218
16266,0.357602596282959
16267,0.3499295115470886
16268,0.2843448519706726
16269,0.732930600643158
16270,0.4179551899433136
16271,0.739667534828186
16272,0.4045702815055847
16273,0.6024742722511292
16274,0.6157301068305969
16275,0.39221280813217163
16276,0.7637354731559753
16277,0.37880951166152954
16278,0.7617220878601074
16279,0.6807287335395813
16280,0.7119235992431641
16281,0.591805636882782
16282,0.3200901746749878
16283,0.5523399710655212
16284,0.5687795281410217
16285,0.4824725389480591
16286,0.4605191946029663
16287,0.4034736156463623
16288,0.24117806553840637
16289,0.40734580159187317
16290,0.22650763392448425
16291,0.8023102879524231
16292,0.5948799848556519
16293,0.20691248774528503
16294,0.6551489233970642
16295,0.22317688167095184
16296,0.520666241645813
16297,0.4665875732898712
16298,0.42373406887054443
16299,0.9038055539131165
16300,0.44174933433532715
16301,0.5129491686820984
16302,0.6390044689178467
16303,0.2699246406555176
16304,0.3879348039627075
16305,0.8422123789787292
16306,0.37665480375289917
16307,0.19045627117156982
16308,0.496223509311676
16309,0.32006195187568665
16310,0.8022325038909912
16311,0.5273416042327881
16312,0.2186414897441864
16313,0.4712052047252655
16314,0.44854578375816345
16315,0.5779228806495667
16316,0.5254183411598206
16317,0.43423235416412354
16318,0.24190755188465118
16319,0.34921184182167053
16320,0.8334957361221313
16321,0.6944350600242615
16322,0.2686959207057953
16323,0.35430726408958435
16324,0.4679151177406311
16325,0.5636914968490601
16326,0.8283038139343262
16327,0.5131144523620605
16328,0.556182861328125
16329,0.8151464462280273
16330,0.43324658274650574
16331,0.2371840924024582
16332,0.3517667353153229
16333,0.3332182765007019
16334,0.640206515789032
16335,0.8055972456932068
16336,0.8145917654037476
16337,0.5179166197776794
16338,0.786649227142334
16339,0.33135518431663513
16340,0.852725088596344
16341,0.3543418049812317
16342,0.38971298933029175
16343,0.5686823725700378
16344,0.6496424674987793
16345,0.38741716742515564
16346,0.7738349437713623
16347,0.582902193069458
16348,0.4843686819076538
16349,0.29032695293426514
16350,0.4165327847003937
16351,0.6910086274147034
16352,0.8294517993927002
16353,0.8347214460372925
16354,0.6990273594856262
16355,0.393832802772522
16356,0.5982130169868469
16357,0.33646324276924133
16358,0.20505592226982117
16359,0.5870097279548645
16360,0.4517018795013428
16361,0.7117127776145935
16362,0.2678745985031128
16363,0.34648218750953674
16364,0.43729570508003235
16365,0.6218141317367554
16366,0.6414615511894226
16367,0.6176252365112305
16368,0.6108157634735107
16369,0.43480047583580017
16370,0.43738409876823425
16371,0.4829242527484894
16372,0.38033291697502136
16373,0.39898520708084106
16374,0.5985064506530762
16375,0.44531020522117615
16376,0.6636371612548828
16377,0.23888184130191803
16378,0.6454190611839294
16379,0.48178306221961975
16380,0.6112121343612671
16381,0.6026089787483215
16382,0.6828228831291199
16383,0.4369901120662689
16384,0.29321956634521484
16385,0.783214271068573
16386,0.486061155796051
16387,0.5027005672454834
16388,0.6940678954124451
16389,0.4164234399795532
16390,0.3199996054172516
16391,0.6339601874351501
16392,0.36746686697006226
16393,0.40985673666000366
16394,0.5773468017578125
16395,0.48834940791130066
16396,0.585120439529419
16397,0.40341657400131226
16398,0.5334886908531189
16399,0.6328937411308289
16400,0.4646932780742645
16401,0.2546061873435974
16402,0.5998348593711853
16403,0.4281351566314697
16404,0.4349048137664795
16405,0.3736934959888458
16406,0.40748515725135803
16407,0.6237097382545471
16408,0.6676488518714905
16409,0.7955500483512878
16410,0.20181158185005188
16411,0.4887329936027527
16412,0.41539597511291504
16413,0.5705218315124512
16414,0.46239498257637024
16415,0.699812114238739
16416,0.6154084801673889
16417,0.4990626573562622
16418,0.28546977043151855
16419,0.5352996587753296
16420,0.6570409536361694
16421,0.6480112075805664
16422,0.3303661048412323
16423,0.7115203142166138
16424,0.3825160264968872
16425,0.5566858053207397
16426,0.6829728484153748
16427,0.7189271450042725
16428,0.6995120644569397
16429,0.660321831703186
16430,0.5893455743789673
16431,0.6976500749588013
16432,0.368059366941452
16433,0.5671038627624512
16434,0.5344573259353638
16435,0.6910064816474915
16436,0.48086416721343994
16437,0.28517627716064453
16438,0.802750289440155
16439,0.6978455185890198
16440,0.43949198722839355
16441,0.579748809337616
16442,0.6002185344696045
16443,0.4402409791946411
16444,0.49485599994659424
16445,0.5347715020179749
16446,0.5672552585601807
16447,0.6509402990341187
16448,0.5440760850906372
16449,0.5588508248329163
16450,0.26596593856811523
16451,0.6472489833831787
16452,0.6638417840003967
16453,0.3038468062877655
16454,0.3275585472583771
16455,0.32585474848747253
16456,0.20066997408866882
16457,0.8550664186477661
16458,0.5584195852279663
16459,0.6159955263137817
16460,0.4552302658557892
16461,0.6335980296134949
16462,0.3862094283103943
16463,0.2916918396949768
16464,0.31171029806137085
16465,0.4893852174282074
16466,0.4359647035598755
16467,0.6711418628692627
16468,0.4378972053527832
16469,0.6898275017738342
16470,0.704992413520813
16471,0.36430874466896057
16472,0.49690666794776917
16473,0.30065906047821045
16474,0.7937739491462708
16475,0.7121344804763794
16476,0.6865696907043457
16477,0.36554014682769775
16478,0.33858969807624817
16479,0.34600746631622314
16480,0.34086889028549194
16481,0.2582176625728607
16482,0.6709275841712952
16483,0.7450050711631775
16484,0.3752196133136749
16485,0.42011743783950806
16486,0.6507334113121033
16487,0.4576594829559326
16488,0.6497163772583008
16489,0.6358341574668884
16490,0.504565417766571
16491,0.4167986214160919
16492,0.6598498821258545
16493,0.7414745092391968
16494,0.6283889412879944
16495,0.19278636574745178
16496,0.8116370439529419
16497,0.6792024374008179
16498,0.6770971417427063
16499,0.46038487553596497
16500,0.7612957954406738
16501,0.6827870011329651
16502,0.6283475756645203
16503,0.42869383096694946
16504,0.45430243015289307
16505,0.28361907601356506
16506,0.7049844861030579
16507,0.42808350920677185
16508,0.40232154726982117
16509,0.8012784719467163
16510,0.3455981910228729
16511,0.31829535961151123
16512,0.4122370183467865
16513,0.43467381596565247
16514,0.5314318537712097
16515,0.5476481318473816
16516,0.4742615818977356
16517,0.5117288827896118
16518,0.4236428141593933
16519,0.2293631136417389
16520,0.6114001870155334
16521,0.38465988636016846
16522,0.7043887376785278
16523,0.28897401690483093
16524,0.6284000277519226
16525,0.46553120017051697
16526,0.6327097415924072
16527,0.4017294645309448
16528,0.268746554851532
16529,0.4251271188259125
16530,0.328298419713974
16531,0.5280308723449707
16532,0.7360224723815918
16533,0.45895859599113464
16534,0.8124731183052063
16535,0.4956376552581787
16536,0.24484685063362122
16537,0.39237868785858154
16538,0.810046911239624
16539,0.5052055716514587
16540,0.6460734009742737
16541,0.6664510369300842
16542,0.43531110882759094
16543,0.3163406550884247
16544,0.2798021733760834
16545,0.5702446103096008
16546,0.3059268295764923
16547,0.30034902691841125
16548,0.46066370606422424
16549,0.6387668251991272
16550,0.37151914834976196
16551,0.5555713176727295
16552,0.7195794582366943
16553,0.8364248871803284
16554,0.3630712926387787
16555,0.3717261552810669
16556,0.5809210538864136
16557,0.6402204632759094
16558,0.38513487577438354
16559,0.6898224949836731
16560,0.3918563425540924
16561,0.2983298897743225
16562,0.28195688128471375
16563,0.27868664264678955
16564,0.3719339966773987
16565,0.44386595487594604
16566,0.39787790179252625
16567,0.6257305145263672
16568,0.4619279205799103
16569,0.21768638491630554
16570,0.3275730013847351
16571,0.4625983238220215
16572,0.5643875598907471
16573,0.4371565282344818
16574,0.3331928253173828
16575,0.4851696491241455
16576,0.5706852078437805
16577,0.7466902732849121
16578,0.6842637062072754
16579,0.4525435268878937
16580,0.5085852146148682
16581,0.3465445339679718
16582,0.27630922198295593
16583,0.3925836980342865
16584,0.5392023921012878
16585,0.5290558934211731
16586,0.7843464016914368
16587,0.5759843587875366
16588,0.304437518119812
16589,0.1976557970046997
16590,0.5699501037597656
16591,0.8505213856697083
16592,0.32676467299461365
16593,0.23508206009864807
16594,0.3065944015979767
16595,0.5702311992645264
16596,0.6004803776741028
16597,0.3128906488418579
16598,0.48687663674354553
16599,0.25170618295669556
16600,0.3882003128528595
16601,0.5057892799377441
16602,0.39896896481513977
16603,0.5207145810127258
16604,0.503107488155365
16605,0.3616689443588257
16606,0.40824705362319946
16607,0.4114379286766052
16608,0.37735748291015625
16609,0.5186490416526794
16610,0.2737200856208801
16611,0.29889005422592163
16612,0.5058119893074036
16613,0.4939291477203369
16614,0.4945383667945862
16615,0.8507395386695862
16616,0.6769513487815857
16617,0.823330283164978
16618,0.6113941073417664
16619,0.525364339351654
16620,0.6889975070953369
16621,0.4901580512523651
16622,0.3416057825088501
16623,0.560222327709198
16624,0.2185160517692566
16625,0.4084513485431671
16626,0.5265445113182068
16627,0.6040763258934021
16628,0.6272320747375488
16629,0.31346026062965393
16630,0.2105540633201599
16631,0.5265048742294312
16632,0.6639663577079773
16633,0.5069092512130737
16634,0.3110756576061249
16635,0.616159200668335
16636,0.27720391750335693
16637,0.7466004490852356
16638,0.7010765671730042
16639,0.835139274597168
16640,0.6810117363929749
16641,0.537391722202301
16642,0.6683383584022522
16643,0.8023397326469421
16644,0.3566269278526306
16645,0.5504028797149658
16646,0.2106572985649109
16647,0.29642677307128906
16648,0.5009319186210632
16649,0.27782875299453735
16650,0.7083567380905151
16651,0.5505656003952026
16652,0.4349116086959839
16653,0.284171998500824
16654,0.21575279533863068
16655,0.811663031578064
16656,0.4801468849182129
16657,0.22786414623260498
16658,0.6166902184486389
16659,0.5178795456886292
16660,0.5219494104385376
16661,0.3620508015155792
16662,0.47678858041763306
16663,0.2778491675853729
16664,0.5579399466514587
16665,0.558641254901886
16666,0.5429925918579102
16667,0.27858638763427734
16668,0.2528444528579712
16669,0.523906946182251
16670,0.6526859402656555
16671,0.7690611481666565
16672,0.2743782699108124
16673,0.5657085180282593
16674,0.718707799911499
16675,0.501092791557312
16676,0.6937629580497742
16677,0.37882357835769653
16678,0.7019370198249817
16679,0.7160468101501465
16680,0.47147873044013977
16681,0.4364546537399292
16682,0.5053025484085083
16683,0.5007355809211731
16684,0.5780777931213379
16685,0.3513224720954895
16686,0.27295753359794617
16687,0.48240748047828674
16688,0.2641569972038269
16689,0.4180793762207031
16690,0.2654361128807068
16691,0.604829728603363
16692,0.2899491488933563
16693,0.41085579991340637
16694,0.4213474988937378
16695,0.8697173595428467
16696,0.23007534444332123
16697,0.5131931900978088
16698,0.6864396333694458
16699,0.7603892683982849
16700,0.5135396718978882
16701,0.43630099296569824
16702,0.3234899640083313
16703,0.46454375982284546
16704,0.44559770822525024
16705,0.4044819474220276
16706,0.48336902260780334
16707,0.6746755242347717
16708,0.4202376902103424
16709,0.5323384404182434
16710,0.4673349857330322
16711,0.34715381264686584
16712,0.408231258392334
16713,0.44007182121276855
16714,0.5305630564689636
16715,0.7050226330757141
16716,0.42725542187690735
16717,0.4986315369606018
16718,0.43740010261535645
16719,0.2939651310443878
16720,0.5391966104507446
16721,0.43729937076568604
16722,0.22545531392097473
16723,0.5535853505134583
16724,0.5253671407699585
16725,0.30589547753334045
16726,0.21559980511665344
16727,0.7727913856506348
16728,0.46590131521224976
16729,0.46441081166267395
16730,0.6147006154060364
16731,0.3683925271034241
16732,0.8149065971374512
16733,0.3627758324146271
16734,0.22312894463539124
16735,0.4339030981063843
16736,0.4745899736881256
16737,0.7103896141052246
16738,0.6544186472892761
16739,0.7793075442314148
16740,0.769326388835907
16741,0.4441489577293396
16742,0.33497855067253113
16743,0.5772508382797241
16744,0.6294318437576294
16745,0.6410337090492249
16746,0.6760050654411316
16747,0.7112209796905518
16748,0.4841258227825165
16749,0.5137668251991272
16750,0.4021722674369812
16751,0.7233842611312866
16752,0.7159134745597839
16753,0.5629581212997437
16754,0.2933835983276367
16755,0.47120988368988037
16756,0.5848298072814941
16757,0.31172794103622437
16758,0.4157876968383789
16759,0.56594318151474
16760,0.637355625629425
16761,0.5881298184394836
16762,0.34149277210235596
16763,0.5191558003425598
16764,0.47911566495895386
16765,0.821823239326477
16766,0.4270721673965454
16767,0.7009846568107605
16768,0.3947291076183319
16769,0.48964545130729675
16770,0.38067564368247986
16771,0.44949591159820557
16772,0.438970685005188
16773,0.7211880087852478
16774,0.4781999886035919
16775,0.23785199224948883
16776,0.7319967746734619
16777,0.4958825409412384
16778,0.6273375153541565
16779,0.422579288482666
16780,0.5271968245506287
16781,0.6953392624855042
16782,0.7757719159126282
16783,0.41767245531082153
16784,0.34018927812576294
16785,0.4853370785713196
16786,0.5672450661659241
16787,0.4703732430934906
16788,0.413592129945755
16789,0.47692766785621643
16790,0.5550777912139893
16791,0.6811423301696777
16792,0.22152766585350037
16793,0.8299641609191895
16794,0.21413779258728027
16795,0.28328680992126465
16796,0.3716523349285126
16797,0.6564172506332397
16798,0.7494856119155884
16799,0.4341718852519989
16800,0.2532930076122284
16801,0.23350170254707336
16802,0.5014522075653076
16803,0.640526533126831
16804,0.3590826392173767
16805,0.5976009964942932
16806,0.43621620535850525
16807,0.5593604445457458
16808,0.6904903650283813
16809,0.7048884034156799
16810,0.6453641653060913
16811,0.23612403869628906
16812,0.7176556587219238
16813,0.4338732957839966
16814,0.3765113651752472
16815,0.5128763318061829
16816,0.22787122428417206
16817,0.4873344600200653
16818,0.7346087694168091
16819,0.6409988403320312
16820,0.5299198627471924
16821,0.7788358926773071
16822,0.3390139043331146
16823,0.4067150056362152
16824,0.27996116876602173
16825,0.27883636951446533
16826,0.6167356967926025
16827,0.28824126720428467
16828,0.713060200214386
16829,0.4237837791442871
16830,0.3453165590763092
16831,0.7384114265441895
16832,0.5662504434585571
16833,0.7215127348899841
16834,0.533047616481781
16835,0.4660101532936096
16836,0.37696486711502075
16837,0.771702766418457
16838,0.6314152479171753
16839,0.6428642868995667
16840,0.7635512948036194
16841,0.7097958922386169
16842,0.520288348197937
16843,0.32247254252433777
16844,0.6261984705924988
16845,0.6278768181800842
16846,0.3654072880744934
16847,0.4677938222885132
16848,0.7137946486473083
16849,0.5515676140785217
16850,0.463672935962677
16851,0.7211081385612488
16852,0.7996957898139954
16853,0.8302721977233887
16854,0.738416850566864
16855,0.45549213886260986
16856,0.5559982061386108
16857,0.6063032150268555
16858,0.5467677712440491
16859,0.23071730136871338
16860,0.4377440810203552
16861,0.6626835465431213
16862,0.7048232555389404
16863,0.47853222489356995
16864,0.21683529019355774
16865,0.4123228192329407
16866,0.32235413789749146
16867,0.4994773268699646
16868,0.4437210261821747
16869,0.21110960841178894
16870,0.6526018977165222
16871,0.5290877223014832
16872,0.8100064992904663
16873,0.4392379820346832
16874,0.42056363821029663
16875,0.6957652568817139
16876,0.4326123893260956
16877,0.4377882480621338
16878,0.21205422282218933
16879,0.520441472530365
16880,0.7249581813812256
16881,0.7718769311904907
16882,0.7195380330085754
16883,0.8234973549842834
16884,0.5954359173774719
16885,0.4359337091445923
16886,0.7097933888435364
16887,0.600095808506012
16888,0.5743110775947571
16889,0.5028516054153442
16890,0.7232881188392639
16891,0.5020101070404053
16892,0.6648352742195129
16893,0.3601893186569214
16894,0.20099204778671265
16895,0.3375566303730011
16896,0.23396271467208862
16897,0.7727532386779785
16898,0.6412339210510254
16899,0.6421478390693665
16900,0.6444864869117737
16901,0.42063915729522705
16902,0.5902079939842224
16903,0.7778589725494385
16904,0.45395714044570923
16905,0.36022478342056274
16906,0.5333792567253113
16907,0.7311484813690186
16908,0.6082518100738525
16909,0.7304993271827698
16910,0.48731616139411926
16911,0.8180838823318481
16912,0.5706180930137634
16913,0.43334341049194336
16914,0.27423226833343506
16915,0.2344757616519928
16916,0.2227824628353119
16917,0.3561304807662964
16918,0.44095876812934875
16919,0.32385194301605225
16920,0.4910488426685333
16921,0.5909929871559143
16922,0.7009493708610535
16923,0.7694622278213501
16924,0.18773697316646576
16925,0.3566592037677765
16926,0.4313380718231201
16927,0.30398043990135193
16928,0.5531667470932007
16929,0.6311313509941101
16930,0.3542652428150177
16931,0.6643564105033875
16932,0.38734981417655945
16933,0.576343834400177
16934,0.4474654197692871
16935,0.2597542107105255
16936,0.3848218023777008
16937,0.19360873103141785
16938,0.37181150913238525
16939,0.48263436555862427
16940,0.5634583830833435
16941,0.34080636501312256
16942,0.47963616251945496
16943,0.7391186356544495
16944,0.5580956935882568
16945,0.47621792554855347
16946,0.26919618248939514
16947,0.40486225485801697
16948,0.7586468458175659
16949,0.6661670804023743
16950,0.23305273056030273
16951,0.6511151194572449
16952,0.45937031507492065
16953,0.8362780809402466
16954,0.7288364768028259
16955,0.48502859473228455
16956,0.6482075452804565
16957,0.5721038579940796
16958,0.7557894587516785
16959,0.6417309641838074
16960,0.5219351053237915
16961,0.24343688786029816
16962,0.47970864176750183
16963,0.46314865350723267
16964,0.7893689870834351
16965,0.6482976675033569
16966,0.722817063331604
16967,0.4124695062637329
16968,0.4951377213001251
16969,0.5971649885177612
16970,0.3945273756980896
16971,0.6744753122329712
16972,0.38247406482696533
16973,0.4791002571582794
16974,0.5584444999694824
16975,0.4412226378917694
16976,0.6910815238952637
16977,0.8368152976036072
16978,0.5766817927360535
16979,0.29166480898857117
16980,0.4529728889465332
16981,0.5669549703598022
16982,0.555141270160675
16983,0.6030957102775574
16984,0.26346078515052795
16985,0.6350809931755066
16986,0.34790220856666565
16987,0.41161882877349854
16988,0.3508024215698242
16989,0.8116291165351868
16990,0.2072465717792511
16991,0.571219801902771
16992,0.27160006761550903
16993,0.4347520172595978
16994,0.1791602522134781
16995,0.29187852144241333
16996,0.7796544432640076
16997,0.7001214623451233
16998,0.4348859190940857
16999,0.39465537667274475
17000,0.6748133301734924
17001,0.77620929479599
17002,0.7574558854103088
17003,0.8252883553504944
17004,0.3949025273323059
17005,0.5657961368560791
17006,0.5968174338340759
17007,0.6070476770401001
17008,0.7537177205085754
17009,0.3542458415031433
17010,0.39385607838630676
17011,0.4487896263599396
17012,0.24760904908180237
17013,0.4592214524745941
17014,0.4913102090358734
17015,0.35911014676094055
17016,0.28790152072906494
17017,0.25990480184555054
17018,0.5776998996734619
17019,0.33802154660224915
17020,0.4095728099346161
17021,0.7248772978782654
17022,0.717747151851654
17023,0.6661883592605591
17024,0.340299516916275
17025,0.5264517664909363
17026,0.5260651111602783
17027,0.6113829016685486
17028,0.5065049529075623
17029,0.24796076118946075
17030,0.3833414614200592
17031,0.36115962266921997
17032,0.8044608235359192
17033,0.5178758502006531
17034,0.6426907777786255
17035,0.6875274181365967
17036,0.8028853535652161
17037,0.5916777849197388
17038,0.44067808985710144
17039,0.6291753649711609
17040,0.30157071352005005
17041,0.4393358826637268
17042,0.6206426024436951
17043,0.1776239275932312
17044,0.27786585688591003
17045,0.23408861458301544
17046,0.5053219795227051
17047,0.31762635707855225
17048,0.562057614326477
17049,0.464074969291687
17050,0.684647262096405
17051,0.21852895617485046
17052,0.6119185090065002
17053,0.4783112704753876
17054,0.28420621156692505
17055,0.44014856219291687
17056,0.44085681438446045
17057,0.42195820808410645
17058,0.354751855134964
17059,0.24714970588684082
17060,0.7854371070861816
17061,0.4012273848056793
17062,0.5096819400787354
17063,0.48068034648895264
17064,0.3350633382797241
17065,0.4033486545085907
17066,0.6545982360839844
17067,0.8149178624153137
17068,0.6343778371810913
17069,0.7572367191314697
17070,0.6509659886360168
17071,0.33904820680618286
17072,0.2912033200263977
17073,0.6588785648345947
17074,0.7770481109619141
17075,0.6634330153465271
17076,0.7792924642562866
17077,0.2511574327945709
17078,0.6161736249923706
17079,0.7866261005401611
17080,0.7051677703857422
17081,0.6448613405227661
17082,0.3949805498123169
17083,0.6505681872367859
17084,0.8357328772544861
17085,0.7081993818283081
17086,0.6078340411186218
17087,0.5533130764961243
17088,0.7853947877883911
17089,0.6847518086433411
17090,0.32065945863723755
17091,0.4746406674385071
17092,0.2352435439825058
17093,0.48852863907814026
17094,0.8118174076080322
17095,0.4280841052532196
17096,0.5280663967132568
17097,0.6690514087677002
17098,0.2627694308757782
17099,0.7262228727340698
17100,0.22230680286884308
17101,0.404139906167984
17102,0.5360581874847412
17103,0.5405167937278748
17104,0.757766842842102
17105,0.8889517188072205
17106,0.43966832756996155
17107,0.7794774174690247
17108,0.31744110584259033
17109,0.3975845277309418
17110,0.692135751247406
17111,0.6052412390708923
17112,0.3464152216911316
17113,0.687027633190155
17114,0.5634141564369202
17115,0.34108594059944153
17116,0.7661056518554688
17117,0.7412599921226501
17118,0.2557625472545624
17119,0.5627065300941467
17120,0.31175750494003296
17121,0.6572349071502686
17122,0.35232141613960266
17123,0.6768349409103394
17124,0.830116331577301
17125,0.8209219574928284
17126,0.42743828892707825
17127,0.5888574719429016
17128,0.7478322982788086
17129,0.24695070087909698
17130,0.6690265536308289
17131,0.7033346891403198
17132,0.782132089138031
17133,0.20951594412326813
17134,0.2439277470111847
17135,0.46645671129226685
17136,0.7174445390701294
17137,0.4786074757575989
17138,0.514010488986969
17139,0.6778550744056702
17140,0.708102285861969
17141,0.7839158773422241
17142,0.7994521260261536
17143,0.5597739815711975
17144,0.6174680590629578
17145,0.6106724739074707
17146,0.6293649673461914
17147,0.4718514084815979
17148,0.5005553364753723
17149,0.5778753161430359
17150,0.5951500535011292
17151,0.6596914529800415
17152,0.4531237483024597
17153,0.6281859874725342
17154,0.535993754863739
17155,0.323161780834198
17156,0.5790449380874634
17157,0.22792941331863403
17158,0.5158567428588867
17159,0.6048153042793274
17160,0.5769052505493164
17161,0.5647107362747192
17162,0.48126983642578125
17163,0.6740789413452148
17164,0.6840118765830994
17165,0.542350172996521
17166,0.21724969148635864
17167,0.5224555134773254
17168,0.5959910154342651
17169,0.21424467861652374
17170,0.5232864022254944
17171,0.42697423696517944
17172,0.36844709515571594
17173,0.4746387302875519
17174,0.48005276918411255
17175,0.6626489758491516
17176,0.24932008981704712
17177,0.3177932798862457
17178,0.5002715587615967
17179,0.6319154500961304
17180,0.6028356552124023
17181,0.30734485387802124
17182,0.4497261047363281
17183,0.6813235878944397
17184,0.5898331999778748
17185,0.528914213180542
17186,0.6301359534263611
17187,0.7840143442153931
17188,0.5683215260505676
17189,0.7689757943153381
17190,0.5482953786849976
17191,0.5976653695106506
17192,0.43402132391929626
17193,0.8028879761695862
17194,0.5795524716377258
17195,0.44720715284347534
17196,0.4829216003417969
17197,0.340633749961853
17198,0.4885713458061218
17199,0.4270416498184204
17200,0.45820820331573486
17201,0.45350438356399536
17202,0.43210160732269287
17203,0.4407539963722229
17204,0.6751863360404968
17205,0.605937123298645
17206,0.48532605171203613
17207,0.7821869254112244
17208,0.4952768385410309
17209,0.7483254671096802
17210,0.834199845790863
17211,0.6740589737892151
17212,0.4405117630958557
17213,0.7791702151298523
17214,0.6514010429382324
17215,0.7368103265762329
17216,0.6355863213539124
17217,0.4398859143257141
17218,0.7911716103553772
17219,0.705409049987793
17220,0.27467185258865356
17221,0.5951122045516968
17222,0.5146797299385071
17223,0.5108256340026855
17224,0.22266173362731934
17225,0.25019559264183044
17226,0.6658183336257935
17227,0.46959373354911804
17228,0.7668032646179199
17229,0.5071057081222534
17230,0.7654474973678589
17231,0.6920289397239685
17232,0.1918647140264511
17233,0.7072363495826721
17234,0.5456616878509521
17235,0.5161077976226807
17236,0.3083428740501404
17237,0.5313996076583862
17238,0.6347038149833679
17239,0.260795533657074
17240,0.353410929441452
17241,0.4665776491165161
17242,0.6040186285972595
17243,0.37088534235954285
17244,0.6488866806030273
17245,0.5123357176780701
17246,0.34747177362442017
17247,0.704350471496582
17248,0.26985910534858704
17249,0.4064903259277344
17250,0.38928964734077454
17251,0.4290142357349396
17252,0.6207864880561829
17253,0.8056513071060181
17254,0.2694196403026581
17255,0.2812986969947815
17256,0.5748919248580933
17257,0.5707418918609619
17258,0.6307864189147949
17259,0.4354153573513031
17260,0.5410162806510925
17261,0.36043038964271545
17262,0.21065975725650787
17263,0.7745619416236877
17264,0.4921906888484955
17265,0.7788751721382141
17266,0.5680655241012573
17267,0.34237954020500183
17268,0.3650747537612915
17269,0.34831205010414124
17270,0.7078248858451843
17271,0.42137831449508667
17272,0.5767920613288879
17273,0.34512320160865784
17274,0.4743961691856384
17275,0.32049405574798584
17276,0.3059275150299072
17277,0.5795314311981201
17278,0.595641016960144
17279,0.3434904217720032
17280,0.7584898471832275
17281,0.5833408236503601
17282,0.4123004078865051
17283,0.47379153966903687
17284,0.2846110463142395
17285,0.5635247826576233
17286,0.611303985118866
17287,0.512933611869812
17288,0.41399064660072327
17289,0.5260608792304993
17290,0.5547910332679749
17291,0.7412273287773132
17292,0.5535705089569092
17293,0.6280955672264099
17294,0.2473226934671402
17295,0.34485334157943726
17296,0.30770689249038696
17297,0.5646689534187317
17298,0.7200562357902527
17299,0.33164161443710327
17300,0.5789321064949036
17301,0.7784795165061951
17302,0.24976202845573425
17303,0.47275328636169434
17304,0.5809761881828308
17305,0.24873173236846924
17306,0.4837675392627716
17307,0.7397089600563049
17308,0.3497316539287567
17309,0.8149753212928772
17310,0.3898034393787384
17311,0.5502561330795288
17312,0.29613518714904785
17313,0.5618320107460022
17314,0.6583046913146973
17315,0.4441848397254944
17316,0.5151675343513489
17317,0.561111569404602
17318,0.7096162438392639
17319,0.3630233407020569
17320,0.2868209779262543
17321,0.8172736763954163
17322,0.3402656316757202
17323,0.5195826888084412
17324,0.23020419478416443
17325,0.5408349633216858
17326,0.44592413306236267
17327,0.5186322331428528
17328,0.6883408427238464
17329,0.7372153997421265
17330,0.6734778881072998
17331,0.36059466004371643
17332,0.7859969139099121
17333,0.43423348665237427
17334,0.5466670393943787
17335,0.2707580327987671
17336,0.8016592860221863
17337,0.3135445713996887
17338,0.6529524922370911
17339,0.475558340549469
17340,0.46533429622650146
17341,0.6488487720489502
17342,0.33396854996681213
17343,0.4134174883365631
17344,0.3687390387058258
17345,0.414454847574234
17346,0.34906619787216187
17347,0.4971230924129486
17348,0.2624299228191376
17349,0.36213451623916626
17350,0.4270605444908142
17351,0.6250437498092651
17352,0.40158355236053467
17353,0.7362919449806213
17354,0.3752549886703491
17355,0.7038895487785339
17356,0.8093500733375549
17357,0.2273959070444107
17358,0.3440312147140503
17359,0.4835839867591858
17360,0.39389389753341675
17361,0.5181720852851868
17362,0.7004728317260742
17363,0.5734174847602844
17364,0.6590736508369446
17365,0.6789584755897522
17366,0.4901728630065918
17367,0.389616459608078
17368,0.40259575843811035
17369,0.4442271292209625
17370,0.5102455615997314
17371,0.47528785467147827
17372,0.4546355903148651
17373,0.6983852982521057
17374,0.49982255697250366
17375,0.4598197937011719
17376,0.5005512237548828
17377,0.4616120159626007
17378,0.6125012040138245
17379,0.7138801217079163
17380,0.2984718382358551
17381,0.3650972545146942
17382,0.21784985065460205
17383,0.47860610485076904
17384,0.47245192527770996
17385,0.3752695322036743
17386,0.40128257870674133
17387,0.6536761522293091
17388,0.3765318989753723
17389,0.4979056715965271
17390,0.8187757134437561
17391,0.3123503029346466
17392,0.3653610050678253
17393,0.5941593050956726
17394,0.4767993092536926
17395,0.48858439922332764
17396,0.17949959635734558
17397,0.5143592953681946
17398,0.2873162031173706
17399,0.6158348917961121
17400,0.3240845203399658
17401,0.40766003727912903
17402,0.5726240277290344
17403,0.2538920044898987
17404,0.49903708696365356
17405,0.7073232531547546
17406,0.5874252915382385
17407,0.5529975891113281
17408,0.7401949763298035
17409,0.23695188760757446
17410,0.7972822785377502
17411,0.4301908612251282
17412,0.27975812554359436
17413,0.4543587565422058
17414,0.36782509088516235
17415,0.6465945243835449
17416,0.639862060546875
17417,0.48710352182388306
17418,0.525488018989563
17419,0.2682620584964752
17420,0.4536258280277252
17421,0.28047463297843933
17422,0.3933413624763489
17423,0.39165347814559937
17424,0.8272440433502197
17425,0.3863171339035034
17426,0.44330763816833496
17427,0.7226210236549377
17428,0.4695354402065277
17429,0.3929603397846222
17430,0.6633883714675903
17431,0.5218331813812256
17432,0.6928381323814392
17433,0.8373898267745972
17434,0.5642417073249817
17435,0.3947373628616333
17436,0.30764251947402954
17437,0.6495704054832458
17438,0.6938700675964355
17439,0.5272622108459473
17440,0.6220033764839172
17441,0.23568445444107056
17442,0.44062140583992004
17443,0.49379757046699524
17444,0.5013754367828369
17445,0.5656176209449768
17446,0.6596938967704773
17447,0.6079767942428589
17448,0.48083528876304626
17449,0.4129669666290283
17450,0.4263586699962616
17451,0.22724534571170807
17452,0.4948136508464813
17453,0.5441177487373352
17454,0.6742891073226929
17455,0.4620163142681122
17456,0.44829899072647095
17457,0.6766373515129089
17458,0.5805087089538574
17459,0.7528812289237976
17460,0.4184882640838623
17461,0.68597412109375
17462,0.3626393675804138
17463,0.677783727645874
17464,0.37788698077201843
17465,0.5076398253440857
17466,0.7099178433418274
17467,0.23047798871994019
17468,0.35364314913749695
17469,0.2656746208667755
17470,0.7094755172729492
17471,0.40976962447166443
17472,0.6440918445587158
17473,0.7263768315315247
17474,0.776444137096405
17475,0.753852903842926
17476,0.5193087458610535
17477,0.41482460498809814
17478,0.611261785030365
17479,0.6661995053291321
17480,0.40051043033599854
17481,0.6782482266426086
17482,0.40529516339302063
17483,0.7419781684875488
17484,0.47218695282936096
17485,0.4657510221004486
17486,0.612546980381012
17487,0.23798877000808716
17488,0.5717350840568542
17489,0.3913153111934662
17490,0.5426086187362671
17491,0.26921966671943665
17492,0.4710175693035126
17493,0.48463335633277893
17494,0.43689224123954773
17495,0.7988881468772888
17496,0.6301905512809753
17497,0.6056646108627319
17498,0.5942459106445312
17499,0.5990869998931885
17500,0.2591114342212677
17501,0.7099664807319641
17502,0.19476570188999176
17503,0.26202598214149475
17504,0.5877134203910828
17505,0.5996366739273071
17506,0.581415593624115
17507,0.5733972787857056
17508,0.41126492619514465
17509,0.42505329847335815
17510,0.6791127324104309
17511,0.5970828533172607
17512,0.3523172438144684
17513,0.4508591592311859
17514,0.7817003130912781
17515,0.6864154934883118
17516,0.6285433173179626
17517,0.5641605854034424
17518,0.7586156129837036
17519,0.7302836775779724
17520,0.8064438104629517
17521,0.4761269986629486
17522,0.35946187376976013
17523,0.40344667434692383
17524,0.2017531543970108
17525,0.5706907510757446
17526,0.6963334679603577
17527,0.6594172716140747
17528,0.6117371320724487
17529,0.581343948841095
17530,0.632625937461853
17531,0.4119569659233093
17532,0.23302727937698364
17533,0.7380266785621643
17534,0.8033633828163147
17535,0.5055398941040039
17536,0.5199155807495117
17537,0.6206109523773193
17538,0.5524523854255676
17539,0.666228175163269
17540,0.5997017025947571
17541,0.4045463800430298
17542,0.7090157270431519
17543,0.6478107571601868
17544,0.4931999742984772
17545,0.7377952933311462
17546,0.19706512987613678
17547,0.2998603880405426
17548,0.2859309911727905
17549,0.5370174646377563
17550,0.40093234181404114
17551,0.4613012373447418
17552,0.4180506765842438
17553,0.6237872242927551
17554,0.5108658075332642
17555,0.7411668300628662
17556,0.5435739755630493
17557,0.6581293344497681
17558,0.5199682712554932
17559,0.4718313217163086
17560,0.671567440032959
17561,0.4594317078590393
17562,0.8091415762901306
17563,0.7923440933227539
17564,0.5588210821151733
17565,0.4427585005760193
17566,0.34599509835243225
17567,0.6942409873008728
17568,0.3518180549144745
17569,0.19875626266002655
17570,0.3832229673862457
17571,0.7739194631576538
17572,0.819599986076355
17573,0.44838377833366394
17574,0.41383877396583557
17575,0.3286491930484772
17576,0.4435933828353882
17577,0.32637640833854675
17578,0.5203484892845154
17579,0.7005392909049988
17580,0.5481935143470764
17581,0.3083198666572571
17582,0.5486520528793335
17583,0.7720425724983215
17584,0.4543760120868683
17585,0.7244818806648254
17586,0.45508667826652527
17587,0.7540340423583984
17588,0.6397184133529663
17589,0.3806009292602539
17590,0.36263328790664673
17591,0.5273960828781128
17592,0.28034669160842896
17593,0.626311719417572
17594,0.731814444065094
17595,0.45646896958351135
17596,0.4523915648460388
17597,0.6476602554321289
17598,0.765231728553772
17599,0.681755542755127
17600,0.5608028173446655
17601,0.37831950187683105
17602,0.7725826501846313
17603,0.49026668071746826
17604,0.37222182750701904
17605,0.35819846391677856
17606,0.3105456829071045
17607,0.7994807362556458
17608,0.5051807165145874
17609,0.34507399797439575
17610,0.45429521799087524
17611,0.6566808223724365
17612,0.4847065508365631
17613,0.20867092907428741
17614,0.7481023073196411
17615,0.3799442648887634
17616,0.2998341917991638
17617,0.39559483528137207
17618,0.4646248519420624
17619,0.3280746042728424
17620,0.6574561595916748
17621,0.6716947555541992
17622,0.37096861004829407
17623,0.5340333580970764
17624,0.5823902487754822
17625,0.7856866717338562
17626,0.3960537016391754
17627,0.6889294385910034
17628,0.375654011964798
17629,0.7441615462303162
17630,0.5610877275466919
17631,0.6625926494598389
17632,0.4495936632156372
17633,0.3861618638038635
17634,0.5056483149528503
17635,0.4382438063621521
17636,0.5719168782234192
17637,0.5776786208152771
17638,0.42300623655319214
17639,0.4274396002292633
17640,0.23501011729240417
17641,0.7772865295410156
17642,0.2811809182167053
17643,0.4205132722854614
17644,0.6070780754089355
17645,0.24066337943077087
17646,0.3641681671142578
17647,0.48021480441093445
17648,0.6754193305969238
17649,0.3394259214401245
17650,0.6867062449455261
17651,0.3345264196395874
17652,0.2241479754447937
17653,0.5647444128990173
17654,0.49568936228752136
17655,0.8154317736625671
17656,0.7505301237106323
17657,0.4622550308704376
17658,0.6732659935951233
17659,0.7865586280822754
17660,0.5423815250396729
17661,0.3390115201473236
17662,0.5761218667030334
17663,0.40786993503570557
17664,0.3278670012950897
17665,0.24483457207679749
17666,0.2750668227672577
17667,0.7996222972869873
17668,0.6387190222740173
17669,0.5858774781227112
17670,0.6633275151252747
17671,0.32819271087646484
17672,0.7842464447021484
17673,0.7928118705749512
17674,0.23519441485404968
17675,0.4512432813644409
17676,0.26506656408309937
17677,0.23792105913162231
17678,0.816571831703186
17679,0.4885103106498718
17680,0.27038201689720154
17681,0.4671638011932373
17682,0.45101305842399597
17683,0.7473576068878174
17684,0.21627399325370789
17685,0.43036577105522156
17686,0.44039905071258545
17687,0.214455708861351
17688,0.5203638672828674
17689,0.5052786469459534
17690,0.5590506196022034
17691,0.49248361587524414
17692,0.3275635540485382
17693,0.6414976716041565
17694,0.8136025071144104
17695,0.8461849093437195
17696,0.27892476320266724
17697,0.5050925016403198
17698,0.5753323435783386
17699,0.7659334540367126
17700,0.7694805264472961
17701,0.2240535467863083
17702,0.2736874520778656
17703,0.5735588073730469
17704,0.5823714733123779
17705,0.5377084612846375
17706,0.5098953247070312
17707,0.3716156780719757
17708,0.48560482263565063
17709,0.22592365741729736
17710,0.7060132026672363
17711,0.7092859148979187
17712,0.4852384924888611
17713,0.5262089371681213
17714,0.4290040135383606
17715,0.42808470129966736
17716,0.37929925322532654
17717,0.8342034816741943
17718,0.6712265610694885
17719,0.799929678440094
17720,0.19813629984855652
17721,0.4593873918056488
17722,0.46734246611595154
17723,0.5810125470161438
17724,0.5635953545570374
17725,0.20750589668750763
17726,0.6144475936889648
17727,0.6125365495681763
17728,0.2240649163722992
17729,0.6348850131034851
17730,0.5864889025688171
17731,0.38624948263168335
17732,0.6667961478233337
17733,0.8397809863090515
17734,0.2251182496547699
17735,0.40662330389022827
17736,0.42058056592941284
17737,0.6320395469665527
17738,0.7075114846229553
17739,0.5286418199539185
17740,0.48438531160354614
17741,0.2611645460128784
17742,0.3722947835922241
17743,0.5438783764839172
17744,0.5240369439125061
17745,0.7964158058166504
17746,0.5334773659706116
17747,0.698594868183136
17748,0.6867493987083435
17749,0.4131310284137726
17750,0.4281594753265381
17751,0.3575621247291565
17752,0.5201767683029175
17753,0.5908257365226746
17754,0.7880460619926453
17755,0.5577539205551147
17756,0.48295673727989197
17757,0.6970415711402893
17758,0.5838000178337097
17759,0.3021303117275238
17760,0.491798460483551
17761,0.402383029460907
17762,0.24567601084709167
17763,0.8401535153388977
17764,0.30725011229515076
17765,0.40881240367889404
17766,0.8057900071144104
17767,0.5712249279022217
17768,0.54421067237854
17769,0.48029083013534546
17770,0.8105422854423523
17771,0.7643818855285645
17772,0.5768440961837769
17773,0.298159658908844
17774,0.4320068657398224
17775,0.2515922784805298
17776,0.5441250205039978
17777,0.48991823196411133
17778,0.37966427206993103
17779,0.4602591097354889
17780,0.5173918008804321
17781,0.24251678586006165
17782,0.2554548382759094
17783,0.6067095398902893
17784,0.37983638048171997
17785,0.2858249843120575
17786,0.6069984436035156
17787,0.5992758274078369
17788,0.6646292209625244
17789,0.611163318157196
17790,0.7866770029067993
17791,0.23025807738304138
17792,0.5824189186096191
17793,0.4757149815559387
17794,0.6510807871818542
17795,0.48297643661499023
17796,0.48585039377212524
17797,0.6022388339042664
17798,0.4720120131969452
17799,0.8038013577461243
17800,0.5894889831542969
17801,0.4310154914855957
17802,0.7206461429595947
17803,0.4586371183395386
17804,0.36080634593963623
17805,0.717823326587677
17806,0.38647955656051636
17807,0.603944718837738
17808,0.2844882607460022
17809,0.43091171979904175
17810,0.49983564019203186
17811,0.40547308325767517
17812,0.4480876922607422
17813,0.5382369160652161
17814,0.7699543237686157
17815,0.43055909872055054
17816,0.3127434253692627
17817,0.2688949406147003
17818,0.5415276885032654
17819,0.6924137473106384
17820,0.4473097622394562
17821,0.24143990874290466
17822,0.8008651733398438
17823,0.35059696435928345
17824,0.26196005940437317
17825,0.7878383994102478
17826,0.21604493260383606
17827,0.6262440085411072
17828,0.5304684638977051
17829,0.6260443329811096
17830,0.37386006116867065
17831,0.29800084233283997
17832,0.48693379759788513
17833,0.2571667730808258
17834,0.30602511763572693
17835,0.33465278148651123
17836,0.6269151568412781
17837,0.3591991364955902
17838,0.38368192315101624
17839,0.3982864022254944
17840,0.822456419467926
17841,0.42729049921035767
17842,0.2811720669269562
17843,0.4688677489757538
17844,0.24241511523723602
17845,0.5618292689323425
17846,0.36685431003570557
17847,0.4557362496852875
17848,0.4108732342720032
17849,0.7029160857200623
17850,0.6986560225486755
17851,0.8209443688392639
17852,0.6380475163459778
17853,0.4461027979850769
17854,0.5702321529388428
17855,0.5701818466186523
17856,0.5905431509017944
17857,0.6495987176895142
17858,0.7509300112724304
17859,0.4397238790988922
17860,0.436956524848938
17861,0.71479332447052
17862,0.6862164735794067
17863,0.5012897849082947
17864,0.4106168746948242
17865,0.7616815567016602
17866,0.6546382308006287
17867,0.5423010587692261
17868,0.629243791103363
17869,0.43127667903900146
17870,0.5557810068130493
17871,0.4999009966850281
17872,0.4323151707649231
17873,0.38924795389175415
17874,0.7266032695770264
17875,0.41388624906539917
17876,0.5656625032424927
17877,0.39846545457839966
17878,0.3861875832080841
17879,0.821851909160614
17880,0.5802393555641174
17881,0.4097020626068115
17882,0.24210761487483978
17883,0.724230945110321
17884,0.38425904512405396
17885,0.5439354777336121
17886,0.43104538321495056
17887,0.21461763978004456
17888,0.6988226771354675
17889,0.7286179065704346
17890,0.4839979410171509
17891,0.7393233180046082
17892,0.38758328557014465
17893,0.4046042859554291
17894,0.38581737875938416
17895,0.273505300283432
17896,0.5135043263435364
17897,0.25039932131767273
17898,0.6780877709388733
17899,0.2862856984138489
17900,0.6276760101318359
17901,0.45175883173942566
17902,0.6985574960708618
17903,0.7961547374725342
17904,0.55726158618927
17905,0.7670031189918518
17906,0.8156307935714722
17907,0.5179124474525452
17908,0.4771735668182373
17909,0.8455962538719177
17910,0.34106943011283875
17911,0.5357884764671326
17912,0.7117553353309631
17913,0.5072628259658813
17914,0.5474461317062378
17915,0.3715941905975342
17916,0.2973428964614868
17917,0.5251792669296265
17918,0.40003177523612976
17919,0.6133334040641785
17920,0.6357143521308899
17921,0.6690546870231628
17922,0.6498426795005798
17923,0.6186788082122803
17924,0.555327832698822
17925,0.5898594856262207
17926,0.5632622241973877
17927,0.556209146976471
17928,0.2584502100944519
17929,0.34943437576293945
17930,0.2179960012435913
17931,0.3406810164451599
17932,0.3177873194217682
17933,0.6133582592010498
17934,0.5093418955802917
17935,0.6311715245246887
17936,0.2700621485710144
17937,0.81871497631073
17938,0.44790491461753845
17939,0.48525720834732056
17940,0.27232253551483154
17941,0.5888383984565735
17942,0.3080981969833374
17943,0.6205484867095947
17944,0.784841001033783
17945,0.43623948097229004
17946,0.4711446166038513
17947,0.22265958786010742
17948,0.5014447569847107
17949,0.44265466928482056
17950,0.5473832488059998
17951,0.4306373596191406
17952,0.3861839175224304
17953,0.6408485770225525
17954,0.49948805570602417
17955,0.5526705384254456
17956,0.46311599016189575
17957,0.3015782833099365
17958,0.5529903769493103
17959,0.37538063526153564
17960,0.7366660833358765
17961,0.747711718082428
17962,0.1822115182876587
17963,0.849203884601593
17964,0.6413710117340088
17965,0.23408105969429016
17966,0.7554519176483154
17967,0.5679622888565063
17968,0.39806580543518066
17969,0.3850724697113037
17970,0.5100803375244141
17971,0.7890645265579224
17972,0.4851129353046417
17973,0.681812047958374
17974,0.5854029655456543
17975,0.3397960662841797
17976,0.4163377583026886
17977,0.7164939641952515
17978,0.5054930448532104
17979,0.3735155761241913
17980,0.6554089784622192
17981,0.7627744674682617
17982,0.5894972681999207
17983,0.20543807744979858
17984,0.6743267774581909
17985,0.6004291772842407
17986,0.4208979308605194
17987,0.8023905158042908
17988,0.4633212983608246
17989,0.19946815073490143
17990,0.24646669626235962
17991,0.22923612594604492
17992,0.515030562877655
17993,0.49535977840423584
17994,0.4364197850227356
17995,0.2952539622783661
17996,0.7032321095466614
17997,0.2902930974960327
17998,0.38269367814064026
17999,0.44925156235694885
18000,0.5647188425064087
18001,0.3594592213630676
18002,0.5802648663520813
18003,0.5666601061820984
18004,0.3853479325771332
18005,0.4042987823486328
18006,0.660578191280365
18007,0.2706402540206909
18008,0.7006054520606995
18009,0.7924075722694397
18010,0.3482271432876587
18011,0.5512635111808777
18012,0.6127815246582031
18013,0.5667165517807007
18014,0.5941388607025146
18015,0.3027840554714203
18016,0.6180956363677979
18017,0.5135876536369324
18018,0.42229628562927246
18019,0.6723377108573914
18020,0.20006594061851501
18021,0.5486465692520142
18022,0.6233472228050232
18023,0.849799394607544
18024,0.5119686722755432
18025,0.7544170618057251
18026,0.5321592688560486
18027,0.771656334400177
18028,0.48239949345588684
18029,0.3787766396999359
18030,0.5914760828018188
18031,0.6980146169662476
18032,0.38556772470474243
18033,0.2557983696460724
18034,0.6484272480010986
18035,0.40851086378097534
18036,0.5787794589996338
18037,0.7028787732124329
18038,0.49467116594314575
18039,0.4962420165538788
18040,0.33076152205467224
18041,0.4533940851688385
18042,0.8444874286651611
18043,0.5599654316902161
18044,0.5213193893432617
18045,0.4525876045227051
18046,0.7450842261314392
18047,0.5275794267654419
18048,0.4070945382118225
18049,0.5262303948402405
18050,0.5146836042404175
18051,0.6316906213760376
18052,0.5115719437599182
18053,0.802234411239624
18054,0.8262206315994263
18055,0.6742540597915649
18056,0.5174570679664612
18057,0.41179925203323364
18058,0.8028987050056458
18059,0.737880527973175
18060,0.4189324676990509
18061,0.319543719291687
18062,0.39166325330734253
18063,0.7659605145454407
18064,0.2814873456954956
18065,0.6744135618209839
18066,0.5826231241226196
18067,0.765235960483551
18068,0.6560126543045044
18069,0.3750573992729187
18070,0.8028469085693359
18071,0.42101818323135376
18072,0.575568437576294
18073,0.313235878944397
18074,0.7892904281616211
18075,0.793876051902771
18076,0.3563254475593567
18077,0.43862172961235046
18078,0.6144226789474487
18079,0.8207122683525085
18080,0.5410568714141846
18081,0.794467031955719
18082,0.4951910972595215
18083,0.6553841829299927
18084,0.5593608021736145
18085,0.4591120779514313
18086,0.2799888849258423
18087,0.7116049528121948
18088,0.528295636177063
18089,0.5785560011863708
18090,0.4349901080131531
18091,0.7191712260246277
18092,0.4561156928539276
18093,0.5041938424110413
18094,0.2873927056789398
18095,0.5477753281593323
18096,0.562386691570282
18097,0.6930474042892456
18098,0.7225781083106995
18099,0.5851333737373352
18100,0.3587057888507843
18101,0.2526528835296631
18102,0.6421962380409241
18103,0.4425554871559143
18104,0.41985028982162476
18105,0.4587288796901703
18106,0.7577690482139587
18107,0.44929444789886475
18108,0.5691410303115845
18109,0.5707229971885681
18110,0.7287197113037109
18111,0.40288403630256653
18112,0.3108764886856079
18113,0.4970434308052063
18114,0.5968401432037354
18115,0.2111586630344391
18116,0.6065288186073303
18117,0.7562704682350159
18118,0.5559945106506348
18119,0.7227572202682495
18120,0.19962471723556519
18121,0.3697362542152405
18122,0.4740089774131775
18123,0.6884298324584961
18124,0.7554700970649719
18125,0.5625430345535278
18126,0.7624372243881226
18127,0.7289726138114929
18128,0.4937809705734253
18129,0.3177027702331543
18130,0.5228021740913391
18131,0.850200891494751
18132,0.301522821187973
18133,0.6214127540588379
18134,0.6307891607284546
18135,0.3479628562927246
18136,0.6003093123435974
18137,0.7577011585235596
18138,0.466592013835907
18139,0.3263229429721832
18140,0.4463919699192047
18141,0.6984620094299316
18142,0.4905005097389221
18143,0.3061732351779938
18144,0.43866080045700073
18145,0.5294106602668762
18146,0.6753922700881958
18147,0.5963211059570312
18148,0.5785176157951355
18149,0.2320757955312729
18150,0.4146673083305359
18151,0.42965003848075867
18152,0.3274872601032257
18153,0.5615489482879639
18154,0.42438051104545593
18155,0.6193616390228271
18156,0.8185902237892151
18157,0.4165622293949127
18158,0.6559544801712036
18159,0.5022249221801758
18160,0.5966165065765381
18161,0.7986294031143188
18162,0.4596252143383026
18163,0.6996980905532837
18164,0.6546403169631958
18165,0.3970128297805786
18166,0.510341227054596
18167,0.3434988856315613
18168,0.6920058727264404
18169,0.3982893228530884
18170,0.6766464710235596
18171,0.674711287021637
18172,0.4745487868785858
18173,0.39802616834640503
18174,0.2624764144420624
18175,0.6071770787239075
18176,0.760574996471405
18177,0.49791964888572693
18178,0.5138421058654785
18179,0.46199727058410645
18180,0.4318428933620453
18181,0.3881758451461792
18182,0.4213033616542816
18183,0.23348134756088257
18184,0.5823996067047119
18185,0.4454052746295929
18186,0.822924792766571
18187,0.5758895874023438
18188,0.5494204163551331
18189,0.33117255568504333
18190,0.3764786720275879
18191,0.5890854597091675
18192,0.7514086961746216
18193,0.8424773216247559
18194,0.7928694486618042
18195,0.5331675410270691
18196,0.37547895312309265
18197,0.5254778861999512
18198,0.2676873803138733
18199,0.4395528733730316
18200,0.8221228122711182
18201,0.44547581672668457
18202,0.6907185316085815
18203,0.3168882131576538
18204,0.5133271813392639
18205,0.6493541598320007
18206,0.7860186696052551
18207,0.6120645999908447
18208,0.3500820994377136
18209,0.7354574799537659
18210,0.3573818802833557
18211,0.8390385508537292
18212,0.5980757474899292
18213,0.6559439301490784
18214,0.8174947500228882
18215,0.39008963108062744
18216,0.33435460925102234
18217,0.6735143065452576
18218,0.5303037166595459
18219,0.36220023036003113
18220,0.6898765563964844
18221,0.33185750246047974
18222,0.6637864112854004
18223,0.7753872275352478
18224,0.3136488199234009
18225,0.40669822692871094
18226,0.6627110838890076
18227,0.3092977702617645
18228,0.5597535967826843
18229,0.4710221588611603
18230,0.44684097170829773
18231,0.31460681557655334
18232,0.7432703375816345
18233,0.6984043121337891
18234,0.32903701066970825
18235,0.508657693862915
18236,0.6619060039520264
18237,0.7577611804008484
18238,0.5471628308296204
18239,0.37630072236061096
18240,0.5109002590179443
18241,0.5677886605262756
18242,0.5167746543884277
18243,0.40670961141586304
18244,0.2724507451057434
18245,0.5769074559211731
18246,0.8293547630310059
18247,0.40970924496650696
18248,0.285329133272171
18249,0.523855447769165
18250,0.7253120541572571
18251,0.6789972186088562
18252,0.7237116098403931
18253,0.7937784790992737
18254,0.6257517337799072
18255,0.5312122106552124
18256,0.5635375380516052
18257,0.37166282534599304
18258,0.5839505195617676
18259,0.6967248916625977
18260,0.5143652558326721
18261,0.3359859585762024
18262,0.3932191729545593
18263,0.42011427879333496
18264,0.34827038645744324
18265,0.48144054412841797
18266,0.5202243328094482
18267,0.5462138056755066
18268,0.7089409232139587
18269,0.6139220595359802
18270,0.7567244172096252
18271,0.5755696892738342
18272,0.4976038634777069
18273,0.5665264129638672
18274,0.3649078607559204
18275,0.47426745295524597
18276,0.44424405694007874
18277,0.7367790937423706
18278,0.6268388032913208
18279,0.37357980012893677
18280,0.5569524765014648
18281,0.31547847390174866
18282,0.3850618600845337
18283,0.581893801689148
18284,0.8330308794975281
18285,0.4062280058860779
18286,0.6799493432044983
18287,0.32778918743133545
18288,0.528373658657074
18289,0.6186564564704895
18290,0.49329233169555664
18291,0.5370553135871887
18292,0.6060979962348938
18293,0.62282395362854
18294,0.2943560779094696
18295,0.5624134540557861
18296,0.7384905219078064
18297,0.5011635422706604
18298,0.6892526745796204
18299,0.5457151532173157
18300,0.3361858129501343
18301,0.7965329885482788
18302,0.6148766279220581
18303,0.8283002376556396
18304,0.5720622539520264
18305,0.6179962754249573
18306,0.7311767935752869
18307,0.7222000956535339
18308,0.5547480583190918
18309,0.7320636510848999
18310,0.7740474939346313
18311,0.5832279324531555
18312,0.5304595828056335
18313,0.4246518015861511
18314,0.6762071251869202
18315,0.3539259731769562
18316,0.7188193202018738
18317,0.5964409708976746
18318,0.7371147871017456
18319,0.4276905953884125
18320,0.25422072410583496
18321,0.7125484347343445
18322,0.6936967968940735
18323,0.7869177460670471
18324,0.3892894983291626
18325,0.3776186406612396
18326,0.7370752096176147
18327,0.422819584608078
18328,0.6219732165336609
18329,0.6611765027046204
18330,0.23952025175094604
18331,0.7262611389160156
18332,0.3703596889972687
