node,gnn_score
0,0.46506390571594236
1,0.7739577531814575
2,0.583298134803772
3,0.6116487503051757
4,0.369383829832077
5,0.46775858402252196
6,0.27682081460952757
7,0.6608351945877076
8,0.32006285786628724
9,0.27934570908546447
10,0.7196991086006165
11,0.7789546966552734
12,0.5935106039047241
13,0.5134738206863403
14,0.5266812562942504
15,0.7037654042243957
16,0.45303149819374083
17,0.5251166582107544
18,0.274778950214386
19,0.24309039115905762
20,0.673297107219696
21,0.4577174484729767
22,0.48948152661323546
23,0.37126001715660095
24,0.4000585198402405
25,0.41205446124076844
26,0.6345595359802246
27,0.5110603153705597
28,0.33413861393928523
29,0.7729151368141174
30,0.5924304246902465
31,0.35132179856300355
32,0.6586491823196411
33,0.6079035639762879
34,0.4421854496002197
35,0.5044328451156617
36,0.6069125890731811
37,0.5790815353393555
38,0.6965526700019836
39,0.7791221857070922
40,0.46772276163101195
41,0.38954336047172544
42,0.29676966071128846
43,0.3995247662067413
44,0.4408518373966217
45,0.42355550527572633
46,0.5198010802268982
47,0.3304364562034607
48,0.29753323197364806
49,0.5886521935462952
50,0.3682115197181702
51,0.31955323219299314
52,0.6360863447189331
53,0.23671751916408534
54,0.46398035287857053
55,0.45960110425949097
56,0.47010915279388427
57,0.5960042119026184
58,0.3899438679218292
59,0.3830563068389893
60,0.5865619540214538
61,0.47972055077552794
62,0.2087346106767654
63,0.5009431600570678
64,0.26719568371772767
65,0.4557716429233551
66,0.44776651859283445
67,0.2341148167848587
68,0.5412726402282715
69,0.4702953934669495
70,0.42389980554580686
71,0.2991271913051605
72,0.4718661606311798
73,0.405007928609848
74,0.6328517436981201
75,0.7255294680595398
76,0.5315003037452698
77,0.551409125328064
78,0.5109994947910309
79,0.4451297283172607
80,0.3514417946338654
81,0.3041657030582428
82,0.4322897732257843
83,0.31547770500183103
84,0.4974901080131531
85,0.2568702071905136
86,0.7552454710006714
87,0.43333097696304324
88,0.39038599729537965
89,0.3774467945098877
90,0.7675717115402222
91,0.6148517608642579
92,0.7725675940513611
93,0.7365728735923767
94,0.629991865158081
95,0.4012265920639038
96,0.6541640877723693
97,0.5804596781730652
98,0.3174604892730713
99,0.38509940505027773
100,0.29455748200416565
101,0.31025570034980776
102,0.4860121190547943
103,0.41223394870758057
104,0.5431487560272217
105,0.7004336595535279
106,0.40861079692840574
107,0.23350305557250978
108,0.37941194176673887
109,0.4340492606163025
110,0.7655857086181641
111,0.5882832288742066
112,0.5681056261062623
113,0.21600284278392792
114,0.5569610476493836
115,0.4272933781147003
116,0.40967559814453125
117,0.4644792675971985
118,0.6613148927688599
119,0.4942643165588379
120,0.560333526134491
121,0.46487189531326295
122,0.28918263316154474
123,0.5780156016349792
124,0.7704210877418518
125,0.4317445337772369
126,0.7632297277450562
127,0.5316631674766541
128,0.20968120992183686
129,0.5005342304706574
130,0.3226925849914551
131,0.3466602981090546
132,0.4639897167682648
133,0.7650859236717225
134,0.39699002504348757
135,0.7109610080718994
136,0.7751521229743957
137,0.44794913530349734
138,0.4418699204921722
139,0.6221047401428222
140,0.6121941566467285
141,0.46830286383628844
142,0.4926804542541504
143,0.5251324295997619
144,0.2981704294681549
145,0.7061932444572449
146,0.3078669548034668
147,0.7399163126945496
148,0.7809430718421936
149,0.3371828615665436
150,0.485676646232605
151,0.7635168552398681
152,0.28883433938026426
153,0.3387286365032196
154,0.4131326198577881
155,0.29816370010375975
156,0.6123561501502991
157,0.44032150506973267
158,0.6799315094947815
159,0.31934171319007876
160,0.27882636785507203
161,0.7737518787384033
162,0.47239542603492735
163,0.28280146718025206
164,0.5037494897842407
165,0.4808825790882111
166,0.5997367739677429
167,0.2764730155467987
168,0.41691949367523196
169,0.5779343128204346
170,0.3966733694076538
171,0.25460083186626437
172,0.5507812738418579
173,0.3332440912723541
174,0.46005082726478574
175,0.2791458010673523
176,0.4000228941440582
177,0.478401118516922
178,0.6203559875488281
179,0.7697819113731384
180,0.48050057888030995
181,0.4895541727542877
182,0.3236116349697113
183,0.3213421702384949
184,0.4650706648826598
185,0.45614191293716433
186,0.7788172960281372
187,0.4221432387828827
188,0.6076017022132874
189,0.2915411233901977
190,0.21539959907531733
191,0.5629664540290833
192,0.6014280319213867
193,0.24296173751354216
194,0.4418953537940979
195,0.554069209098816
196,0.5326465368270874
197,0.4608944535255432
198,0.4981292724609375
199,0.4858750879764557
200,0.6816547870635986
201,0.7578543305397034
202,0.4610766112804413
203,0.3833766937255859
204,0.26381766200065615
205,0.4908592700958252
206,0.5328122615814209
207,0.26002452671527865
208,0.4912678301334381
209,0.4991126418113708
210,0.5503764152526855
211,0.230205175280571
212,0.32731522917747496
213,0.7779550671577453
214,0.5519337296485901
215,0.7407144904136658
216,0.33601711988449096
217,0.2471611827611923
218,0.46355565786361697
219,0.5000094830989837
220,0.3831446051597595
221,0.47084766030311587
222,0.7030711770057678
223,0.31520859003067014
224,0.35523501634597776
225,0.4623753070831299
226,0.6030637979507446
227,0.6513323903083801
228,0.4230218768119812
229,0.5911018133163453
230,0.4706125855445862
231,0.2859819054603577
232,0.6545421242713928
233,0.3027889370918274
234,0.689846670627594
235,0.29941322803497317
236,0.7161980271339417
237,0.4595086336135864
238,0.3987442970275879
239,0.3284300982952118
240,0.5062188446521759
241,0.4128276765346527
242,0.6710682034492492
243,0.42025434970855713
244,0.3898866057395935
245,0.35436842441558836
246,0.4221604108810425
247,0.4313114047050476
248,0.2289720237255096
249,0.3366491854190826
250,0.4401348888874054
251,0.3431512534618378
252,0.5688623666763306
253,0.37052608728408815
254,0.4662975311279297
255,0.4615742266178131
256,0.6772502660751343
257,0.6668584465980529
258,0.6149051427841187
259,0.34973586797714235
260,0.44101959466934204
261,0.21341477334499354
262,0.6589948534965515
263,0.32377766370773314
264,0.274032112956047
265,0.5908573389053344
266,0.3482315957546234
267,0.23614774346351625
268,0.5028638303279876
269,0.42635586857795715
270,0.5035883724689484
271,0.7881755709648133
272,0.2644297212362289
273,0.5752281665802002
274,0.2708803713321686
275,0.6638157367706299
276,0.35074650049209594
277,0.3287688851356506
278,0.5793806076049804
279,0.42225837111473086
280,0.7090635061264038
281,0.38867212533950807
282,0.7695328235626221
283,0.4555500209331512
284,0.526614499092102
285,0.6947617769241333
286,0.7755114078521729
287,0.6308579921722413
288,0.7720449447631836
289,0.4303076803684235
290,0.21786756813526148
291,0.35547350645065307
292,0.6325771331787109
293,0.7802966356277465
294,0.26477441787719724
295,0.5238373637199402
296,0.6089751482009887
297,0.7689440250396729
298,0.5962060332298279
299,0.5785421252250671
300,0.338775634765625
301,0.38112902641296387
302,0.6116462469100952
303,0.25035409927368163
304,0.5958876013755798
305,0.5913529515266418
306,0.2721433401107788
307,0.29162694811820983
308,0.33658209443092346
309,0.22744847834110254
310,0.3757110178470612
311,0.5894702196121215
312,0.41350693702697755
313,0.32792715430259706
314,0.3512424290180206
315,0.3823708415031433
316,0.34480578303337095
317,0.46883311867713917
318,0.5125006198883056
319,0.33168010115623475
320,0.6243125438690186
321,0.5349600076675415
322,0.46201703548431394
323,0.6994817376136779
324,0.7737017512321472
325,0.37866058349609377
326,0.7764113664627075
327,0.7784492492675781
328,0.291701477766037
329,0.7595765590667725
330,0.43509129881858827
331,0.26065499186515806
332,0.43313533067703247
333,0.6239035248756408
334,0.27512967586517334
335,0.3175427258014679
336,0.3837540566921234
337,0.4146455764770508
338,0.7180241465568542
339,0.49169262051582335
340,0.7350789785385132
341,0.38859023451805114
342,0.4598772764205933
343,0.5483171463012695
344,0.3713403046131134
345,0.26091542541980745
346,0.3699587285518646
347,0.422056782245636
348,0.5027718126773835
349,0.3997683346271515
350,0.43785194158554075
351,0.4274728834629059
352,0.5261241853237152
353,0.632986557483673
354,0.5840801000595093
355,0.5139524757862091
356,0.20088960528373717
357,0.7234763622283935
358,0.39091145396232607
359,0.6215192794799804
360,0.7107069849967956
361,0.6085436105728149
362,0.4541025280952454
363,0.6877424836158752
364,0.4014017343521118
365,0.452899569272995
366,0.5065570771694183
367,0.4064245104789734
368,0.7670299887657166
369,0.5290213823318481
370,0.6608273983001709
371,0.5028136670589447
372,0.618113350868225
373,0.7219043612480164
374,0.6673734068870545
375,0.445304399728775
376,0.5066765606403351
377,0.4824505388736725
378,0.612703001499176
379,0.7675277471542359
380,0.38656564354896544
381,0.49532835483551024
382,0.6419509410858154
383,0.5736569404602051
384,0.5185244917869568
385,0.4045398116111755
386,0.7756681323051453
387,0.6762891173362732
388,0.43880640268325805
389,0.6067966103553772
390,0.4650539219379425
391,0.5235474228858947
392,0.7625232100486755
393,0.5152679085731506
394,0.4656862676143646
395,0.6556036233901977
396,0.43649691343307495
397,0.26364138424396516
398,0.7070360779762268
399,0.5596118807792664
400,0.30716108083724974
401,0.6490338444709778
402,0.40792461633682253
403,0.5945760130882263
404,0.7424814939498902
405,0.5987589836120606
406,0.5663315892219544
407,0.4546648979187012
408,0.4144122123718262
409,0.6503523707389831
410,0.648961067199707
411,0.4746985971927643
412,0.7201948523521423
413,0.41110103726387026
414,0.2562207370996475
415,0.5915251016616822
416,0.2414648026227951
417,0.2926070153713226
418,0.5587623953819275
419,0.30833998918533323
420,0.43597014546394347
421,0.6191147565841675
422,0.4680830478668213
423,0.3256507575511932
424,0.6538800239562989
425,0.455264675617218
426,0.6431126475334168
427,0.5215721249580383
428,0.7342243909835815
429,0.3862563014030457
430,0.3835120975971222
431,0.6315863847732544
432,0.3921683132648468
433,0.6759564757347107
434,0.4921013653278351
435,0.6009602546691895
436,0.6414193153381348
437,0.4189405500888824
438,0.4357015788555145
439,0.4825703024864197
440,0.5459991931915283
441,0.40626351833343505
442,0.345846426486969
443,0.7713088750839233
444,0.7639788627624512
445,0.4740533888339996
446,0.4103567063808441
447,0.45475305914878844
448,0.44994831681251524
449,0.6245818257331848
450,0.5533423781394958
451,0.37170541286468506
452,0.4192722082138062
453,0.3102810800075531
454,0.3713389933109283
455,0.6159639716148376
456,0.26212772727012634
457,0.7775967121124268
458,0.6000795364379883
459,0.634966516494751
460,0.5160920262336731
461,0.3560196220874786
462,0.46864343881607057
463,0.43504205346107483
464,0.7702237010002136
465,0.6484775185585022
466,0.31635531783103943
467,0.314780992269516
468,0.5500892877578736
469,0.502743375301361
470,0.2885099470615387
471,0.44350868463516235
472,0.6670534133911132
473,0.749859356880188
474,0.4186757028102875
475,0.524523663520813
476,0.32905614376068115
477,0.5000743627548218
478,0.5937683701515197
479,0.5943348288536072
480,0.2871015727519989
481,0.2854930222034454
482,0.41796756982803346
483,0.402257513999939
484,0.5116141676902771
485,0.7646485209465027
486,0.32181557416915896
487,0.23495049774646753
488,0.2934763848781586
489,0.763761305809021
490,0.2740214765071869
491,0.6834746956825256
492,0.5649399757385254
493,0.7143593549728393
494,0.7619060754776001
495,0.7644158959388733
496,0.43631977438926695
497,0.5730159997940063
498,0.47439810633659363
499,0.773479676246643
500,0.2809190094470978
501,0.625732934474945
502,0.34713881015777587
503,0.3955816626548767
504,0.7751450419425965
505,0.21532465517520905
506,0.6732647180557251
507,0.4695836305618286
508,0.59473797082901
509,0.5079107403755188
510,0.31029502749443055
511,0.47686309218406675
512,0.46582335233688354
513,0.6905660152435302
514,0.40881199240684507
515,0.5506350040435791
516,0.22162182629108423
517,0.5214810371398926
518,0.39123295545577996
519,0.49125969409942627
520,0.3485043108463287
521,0.514406806230545
522,0.4284728944301605
523,0.5686980366706849
524,0.4784554481506348
525,0.5469996929168701
526,0.28927509784698485
527,0.6786174654960633
528,0.3872917056083679
529,0.4469844698905945
530,0.7839027881622315
531,0.28010485172271726
532,0.4672614574432373
533,0.3911109685897827
534,0.76718590259552
535,0.3776412785053253
536,0.3517225980758667
537,0.6825488328933715
538,0.29591149091720576
539,0.47847611308097837
540,0.4217147171497345
541,0.7651802897453308
542,0.5038969397544861
543,0.7142286658287048
544,0.37066946625709535
545,0.429472941160202
546,0.2804217398166656
547,0.7750334024429322
548,0.47037739753723146
549,0.6859552741050721
550,0.520002830028534
551,0.42526317834854127
552,0.5504165410995483
553,0.4323680341243744
554,0.4119223952293396
555,0.7874252438545227
556,0.3445593476295471
557,0.2299151092767715
558,0.7656441688537597
559,0.4396450698375702
560,0.47396098971366885
561,0.4906777322292328
562,0.7770485997200012
563,0.5665861010551453
564,0.4960025787353516
565,0.550023877620697
566,0.7827192187309265
567,0.656502878665924
568,0.6528967022895813
569,0.6971922993659974
570,0.4528638541698455
571,0.7779167771339417
572,0.4968725323677063
573,0.5414025068283081
574,0.5293307483196259
575,0.590955650806427
576,0.4546032249927521
577,0.7087027668952942
578,0.3606780469417572
579,0.5866217732429504
580,0.2581507444381714
581,0.32476619482040403
582,0.7636370301246643
583,0.5043430209159852
584,0.5945354461669922
585,0.5096100986003875
586,0.2874289155006408
587,0.37969393730163575
588,0.6719470500946045
589,0.3377924382686615
590,0.39336439967155457
591,0.44941202998161317
592,0.2559123903512954
593,0.6196670055389404
594,0.4501908659934998
595,0.6719903469085693
596,0.47645861506462095
597,0.491264283657074
598,0.3486648380756378
599,0.5523668646812439
600,0.5635792970657348
601,0.38735358119010926
602,0.45644751787185667
603,0.34036096930503845
604,0.28901970386505127
605,0.4853863835334778
606,0.6796425104141235
607,0.24381304681301116
608,0.7649315595626831
609,0.46472238898277285
610,0.2496440291404724
611,0.5975556373596191
612,0.3929962158203125
613,0.32526898980140684
614,0.5416993021965026
615,0.39591632485389705
616,0.6752861142158508
617,0.19702983200550075
618,0.7615052223205566
619,0.6818091750144959
620,0.6698268055915833
621,0.6589347362518311
622,0.42563015818595884
623,0.30499019026756286
624,0.4809730589389801
625,0.5419960260391236
626,0.5395489692687988
627,0.7112295627593994
628,0.4911745131015778
629,0.629457688331604
630,0.6043646335601807
631,0.6418699860572815
632,0.5424255490303039
633,0.4022015631198883
634,0.6788250803947449
635,0.7851917743682861
636,0.2829131305217743
637,0.3375835657119751
638,0.5461337685585022
639,0.7292049288749695
640,0.4295217990875243
641,0.517722749710083
642,0.329589968919754
643,0.4657070398330688
644,0.48163180947303774
645,0.29429049491882325
646,0.3000195622444153
647,0.26238449215888976
648,0.4753799796104431
649,0.3102052569389343
650,0.38849650621414183
651,0.43133742213249204
652,0.4339707434177399
653,0.43075731992721555
654,0.5594756364822387
655,0.5528473734855652
656,0.2902856409549713
657,0.45467926263809205
658,0.5240588665008545
659,0.6839932799339294
660,0.5831120729446411
661,0.3657103419303894
662,0.42413689494132994
663,0.2748384714126587
664,0.38333752751350403
665,0.3935348987579345
666,0.5341833233833313
667,0.7189007878303528
668,0.7067345261573792
669,0.5569835901260376
670,0.5619856238365173
671,0.6181203246116638
672,0.7644405722618103
673,0.29653698205947876
674,0.6350737690925599
675,0.3560379683971405
676,0.6052764534950257
677,0.6328011751174927
678,0.544469690322876
679,0.39118048548698425
680,0.3443352222442627
681,0.44621922373771666
682,0.31861348152160646
683,0.36910679936408997
684,0.6038829803466796
685,0.4338748395442963
686,0.22858662009239192
687,0.42675999402999876
688,0.21303305923938748
689,0.41421539187431333
690,0.4931830644607544
691,0.39504470229148864
692,0.22997241914272304
693,0.5309783577919006
694,0.38439672589302065
695,0.4133756160736084
696,0.5566280007362365
697,0.4041809976100922
698,0.3771263241767883
699,0.5925650358200073
700,0.4369629383087158
701,0.4016344666481017
702,0.5288597226142884
703,0.766230046749115
704,0.4729001045227051
705,0.5911279797554017
706,0.47940134406089785
707,0.48854306936264036
708,0.28749280571937563
709,0.5198066413402558
710,0.7244745016098022
711,0.31190869212150574
712,0.32882569432258607
713,0.5519575119018555
714,0.5401742160320282
715,0.6951710104942321
716,0.4542402267456055
717,0.7708581686019897
718,0.7767955422401428
719,0.3615059733390808
720,0.4925909399986267
721,0.3594914376735687
722,0.30433024764060973
723,0.2198145449161529
724,0.7068120837211609
725,0.5418572068214417
726,0.712724757194519
727,0.32606605291366575
728,0.6702569603919983
729,0.5078517377376557
730,0.2836681306362152
731,0.5762804031372071
732,0.370213383436203
733,0.7696987748146057
734,0.3931130290031433
735,0.3162774860858917
736,0.2206120520830154
737,0.40046236515045164
738,0.6165884137153625
739,0.3548655927181244
740,0.2849074244499206
741,0.42411120533943175
742,0.4705606341362
743,0.6851015210151672
744,0.27743463814258573
745,0.7317732691764831
746,0.4526143252849579
747,0.5025049030780793
748,0.4716717541217804
749,0.23919634222984315
750,0.412951397895813
751,0.6960366845130921
752,0.21059312522411347
753,0.4462460517883301
754,0.7705451130867005
755,0.2647873491048812
756,0.7829519748687744
757,0.566205632686615
758,0.40969892144203185
759,0.21322744786739345
760,0.4760266840457915
761,0.44690064191818235
762,0.7186655044555664
763,0.39688667058944704
764,0.5558066487312316
765,0.5894847631454467
766,0.4465649962425232
767,0.29879252314567567
768,0.5827842831611634
769,0.21105758845806116
770,0.57413569688797
771,0.5660308837890625
772,0.4586279571056366
773,0.5309746265411377
774,0.6425386428833008
775,0.6294027805328369
776,0.4166798830032349
777,0.30231103897094724
778,0.33278015851974485
779,0.29313172698020934
780,0.48869976997375486
781,0.2517074763774872
782,0.7176108717918396
783,0.5022110521793366
784,0.686219334602356
785,0.7639689326286316
786,0.2641053766012192
787,0.44081092476844785
788,0.386752724647522
789,0.6690380573272705
790,0.48569031357765197
791,0.2806426703929901
792,0.30738632678985595
793,0.7778184413909912
794,0.44596195220947266
795,0.6014516353607178
796,0.3010412991046906
797,0.2917427659034729
798,0.6486555218696595
799,0.4370231866836548
800,0.6175344705581665
801,0.3216493487358093
802,0.39771454930305483
803,0.23033775687217709
804,0.2769065201282501
805,0.7082237362861633
806,0.35160496830940247
807,0.4924678862094879
808,0.49951850175857543
809,0.6111198306083679
810,0.6925402402877807
811,0.5278538942337037
812,0.4303804636001587
813,0.34325445294380186
814,0.49043511748313906
815,0.4884429037570953
816,0.31137234568595884
817,0.6430861949920654
818,0.6754979252815246
819,0.5615652322769165
820,0.44563092589378356
821,0.7534547805786133
822,0.22004606425762172
823,0.4284609377384186
824,0.3956474304199219
825,0.26533758640289307
826,0.21949001550674438
827,0.46668270230293274
828,0.4831576108932495
829,0.5137071788311005
830,0.706796407699585
831,0.5633337736129761
832,0.20239811837673183
833,0.3056317389011383
834,0.5671316623687744
835,0.6650748014450073
836,0.2640622675418854
837,0.4384496331214905
838,0.7089507937431335
839,0.32290011644363403
840,0.45269402861595154
841,0.6544385552406311
842,0.6344206809997559
843,0.3756605923175812
844,0.31774640679359434
845,0.45863385796546935
846,0.5887917876243591
847,0.2828489124774933
848,0.2866393268108368
849,0.46305800676345826
850,0.7770644903182984
851,0.3385356307029724
852,0.6731182694435119
853,0.7525029659271241
854,0.7006291508674621
855,0.7434912204742432
856,0.5608424425125123
857,0.3674951195716858
858,0.44634501338005067
859,0.34687978029251093
860,0.6062180280685425
861,0.6485793352127075
862,0.5871270418167114
863,0.5379333615303039
864,0.23252106904983516
865,0.6988361477851868
866,0.3679394245147705
867,0.4257752537727356
868,0.4483724534511566
869,0.23826766908168792
870,0.7761694192886353
871,0.5827472686767579
872,0.5103053629398346
873,0.4122699499130249
874,0.6130205035209656
875,0.3521528244018554
876,0.6420030713081359
877,0.5607749462127686
878,0.4158800721168518
879,0.3108599662780761
880,0.5772101521492005
881,0.7622090935707092
882,0.5725415229797364
883,0.4577205240726471
884,0.5632974028587341
885,0.49326886534690856
886,0.5329669117927551
887,0.5882002830505371
888,0.5944985628128052
889,0.43016759157180784
890,0.4866596102714539
891,0.2560669720172882
892,0.5776125907897949
893,0.3842721402645111
894,0.5624204158782959
895,0.7459738492965698
896,0.24438238143920893
897,0.6915609121322632
898,0.3872722864151001
899,0.25110764205455777
900,0.7865729093551636
901,0.2350653707981109
902,0.5504716038703918
903,0.33371593356132506
904,0.31002458930015564
905,0.6181436657905579
906,0.6859782218933106
907,0.3134006857872009
908,0.614733362197876
909,0.78220294713974
910,0.5331749081611633
911,0.26297901272773744
912,0.7636979460716248
913,0.773018765449524
914,0.6119447708129883
915,0.5360253691673279
916,0.2190867453813552
917,0.7777612209320068
918,0.6714445590972901
919,0.39723876118659973
920,0.6777993559837341
921,0.521721887588501
922,0.45811372995376587
923,0.3331191897392273
924,0.33975461721420286
925,0.676868999004364
926,0.6074783205986023
927,0.3044165372848511
928,0.6054828405380249
929,0.6495052456855774
930,0.3389058649539948
931,0.308538144826889
932,0.5405223369598389
933,0.4940852761268616
934,0.5236518502235412
935,0.5718016028404236
936,0.5274048089981079
937,0.6044137239456177
938,0.6979290127754212
939,0.36958353519439696
940,0.33153119683265686
941,0.5897606134414672
942,0.7790627717971802
943,0.645868718624115
944,0.23676873743534083
945,0.2335411578416824
946,0.6152963042259216
947,0.4628352761268616
948,0.7493305683135987
949,0.4722554266452789
950,0.5441883444786072
951,0.46507681012153623
952,0.36246969103813165
953,0.7896617531776429
954,0.49158893823623656
955,0.3593390941619873
956,0.35563849210739135
957,0.4375509798526764
958,0.28295047879219054
959,0.47470396757125854
960,0.24405387043952942
961,0.2959924876689911
962,0.7512809753417968
963,0.43190139532089233
964,0.6173112034797669
965,0.4590909957885742
966,0.46925181746482847
967,0.579084062576294
968,0.5194599330425262
969,0.22387654483318328
970,0.6817128777503967
971,0.5127290725708008
972,0.7620327591896057
973,0.7698904871940613
974,0.7379883646965026
975,0.3878770709037781
976,0.5640105366706848
977,0.502141785621643
978,0.7427443742752076
979,0.5660240292549134
980,0.5176552653312683
981,0.28414893746376035
982,0.40062679052352906
983,0.28088133335113524
984,0.489925616979599
985,0.5053170621395111
986,0.5142769515514374
987,0.5257954239845276
988,0.5781730055809021
989,0.40119152665138247
990,0.7003041267395019
991,0.19863906502723688
992,0.7264443159103393
993,0.7619227051734925
994,0.3013750553131104
995,0.3191717386245727
996,0.4335643410682678
997,0.4510439336299896
998,0.4139770150184631
999,0.5521512150764465
1000,0.7368999242782592
1001,0.5892322778701782
1002,0.36453515887260435
1003,0.6390822291374206
1004,0.44180222153663634
1005,0.38853461146354673
1006,0.4869138777256012
1007,0.6475463151931763
1008,0.5212910771369934
1009,0.41527738571166994
1010,0.318947559595108
1011,0.433990889787674
1012,0.5518129944801331
1013,0.44864584803581237
1014,0.5176212430000305
1015,0.4407776236534118
1016,0.7004841446876526
1017,0.4747308552265167
1018,0.7708279013633728
1019,0.4984348237514496
1020,0.36729735136032104
1021,0.42239503264427186
1022,0.7840978741645813
1023,0.4186639547348022
1024,0.6828264355659485
1025,0.46754685044288635
1026,0.23519302606582637
1027,0.5720448613166809
1028,0.2905952036380768
1029,0.32119888067245483
1030,0.4113012313842773
1031,0.36925660371780394
1032,0.5576860308647156
1033,0.23640795946121212
1034,0.7682000160217285
1035,0.6250862598419189
1036,0.3082179248332977
1037,0.3389521837234497
1038,0.2849373459815979
1039,0.49214027523994447
1040,0.31457539200782775
1041,0.5616189956665039
1042,0.5395712852478027
1043,0.3772798180580139
1044,0.7615898370742797
1045,0.5941061019897461
1046,0.2888129889965057
1047,0.273106986284256
1048,0.2394971698522567
1049,0.4399102687835693
1050,0.4161640703678131
1051,0.4001152515411377
1052,0.31085253953933717
1053,0.2191023349761963
1054,0.5098040938377381
1055,0.5043761134147644
1056,0.581091845035553
1057,0.7657753586769104
1058,0.30642815232276915
1059,0.37401520013809203
1060,0.7642425060272217
1061,0.47166554927825927
1062,0.4972255825996399
1063,0.45331230759620655
1064,0.48118332028388977
1065,0.54201819896698
1066,0.33586347103118896
1067,0.6597800493240357
1068,0.6677409768104553
1069,0.7349536418914795
1070,0.7139715433120728
1071,0.3755680799484253
1072,0.5172864317893981
1073,0.30767415761947625
1074,0.3246570885181427
1075,0.4128538310527802
1076,0.653226089477539
1077,0.2601019352674484
1078,0.2894205808639526
1079,0.5279155313968659
1080,0.40836251974105836
1081,0.6055131673812866
1082,0.25937779545783995
1083,0.5002735257148743
1084,0.3892916142940521
1085,0.45550769567489624
1086,0.3289196014404297
1087,0.5449483633041382
1088,0.4711512863636017
1089,0.5202355027198792
1090,0.4021004974842072
1091,0.4220657229423523
1092,0.5472915649414063
1093,0.7645833730697632
1094,0.27884417176246645
1095,0.7728205680847168
1096,0.2921002507209778
1097,0.27967244386672974
1098,0.4761629462242126
1099,0.6766332983970642
1100,0.2626309484243393
1101,0.5945075988769531
1102,0.5454368233680725
1103,0.7709290742874145
1104,0.3106938302516937
1105,0.6006915926933288
1106,0.39237157106399534
1107,0.2203255951404571
1108,0.37458726167678835
1109,0.6359659433364868
1110,0.7559315204620362
1111,0.4985944449901581
1112,0.5758988499641419
1113,0.36167524456977845
1114,0.35749555826187135
1115,0.5154914796352387
1116,0.7858078002929687
1117,0.4881052613258362
1118,0.693929398059845
1119,0.4573427438735962
1120,0.23158085942268372
1121,0.5181010603904724
1122,0.5847709655761719
1123,0.6631974339485168
1124,0.40532312989234925
1125,0.21431104838848114
1126,0.3754678606987
1127,0.7705310463905335
1128,0.2575909614562988
1129,0.28674333691596987
1130,0.22487911880016326
1131,0.29244987964630126
1132,0.33358125090599056
1133,0.631247091293335
1134,0.45250371694564817
1135,0.26218319237232207
1136,0.2795317530632019
1137,0.6185662746429443
1138,0.650668740272522
1139,0.4645188093185425
1140,0.5933879733085632
1141,0.5884734153747558
1142,0.4598988711833954
1143,0.24540830254554744
1144,0.5021014630794525
1145,0.7642790794372558
1146,0.4970991909503937
1147,0.47670733332633974
1148,0.4350107252597809
1149,0.5375153183937073
1150,0.46031288504600526
1151,0.3100539743900299
1152,0.43520538210868837
1153,0.4217759370803833
1154,0.2588126718997955
1155,0.5673264622688293
1156,0.49005218148231505
1157,0.5497001886367798
1158,0.4879952251911163
1159,0.6911476492881775
1160,0.5761363983154297
1161,0.6218833684921264
1162,0.4544707417488098
1163,0.6679790258407593
1164,0.7863683104515076
1165,0.6510921478271484
1166,0.30976813435554507
1167,0.4019421458244324
1168,0.3238216638565063
1169,0.31094698905944823
1170,0.3747747719287872
1171,0.2665354490280151
1172,0.2597094655036926
1173,0.49316805601119995
1174,0.34526931643486025
1175,0.673825454711914
1176,0.49118419289588927
1177,0.3869789779186249
1178,0.47564143538475034
1179,0.459469711780548
1180,0.46239689588546745
1181,0.5393332242965698
1182,0.4625394880771637
1183,0.5467424273490906
1184,0.7650798201560974
1185,0.5961259841918946
1186,0.5778295755386352
1187,0.34087573289871215
1188,0.3752418875694275
1189,0.6768737316131592
1190,0.27536097168922424
1191,0.3440669238567352
1192,0.4909559190273285
1193,0.538264811038971
1194,0.41658954620361327
1195,0.5164422214031219
1196,0.38363402485847475
1197,0.4547823429107666
1198,0.594482135772705
1199,0.7157865405082703
1200,0.7776857614517212
1201,0.32839070558547967
1202,0.5519621729850769
1203,0.7062764048576355
1204,0.5389103651046753
1205,0.4630058467388153
1206,0.4263456344604492
1207,0.36923153400421144
1208,0.22310749292373658
1209,0.22205478847026824
1210,0.4086808979511261
1211,0.5429960727691651
1212,0.6226179361343384
1213,0.6154444813728333
1214,0.2353852957487106
1215,0.6617188811302185
1216,0.633736252784729
1217,0.748005998134613
1218,0.6467108726501465
1219,0.6849098324775695
1220,0.48227872848510744
1221,0.4031672656536102
1222,0.6981137156486511
1223,0.5583098292350769
1224,0.3661863088607788
1225,0.4114129900932312
1226,0.7766091823577881
1227,0.6074366211891175
1228,0.6218899130821228
1229,0.4845737338066101
1230,0.41476852893829347
1231,0.714277446269989
1232,0.42141419649124146
1233,0.5547919034957886
1234,0.48882482051849363
1235,0.44622862339019775
1236,0.7772469639778137
1237,0.7592011213302612
1238,0.2259385883808136
1239,0.6839313268661499
1240,0.715350341796875
1241,0.47090950012207033
1242,0.6498809576034545
1243,0.54801504611969
1244,0.23968378603458404
1245,0.7671654939651489
1246,0.2279956579208374
1247,0.2317955076694488
1248,0.7670104622840881
1249,0.7842061519622803
1250,0.7700648427009582
1251,0.7089396595954895
1252,0.7564959049224853
1253,0.37001150846481323
1254,0.7799460053443908
1255,0.3319966197013855
1256,0.6315812945365906
1257,0.5000051856040955
1258,0.5723150730133056
1259,0.3613578319549561
1260,0.6260305047035217
1261,0.6229434132575988
1262,0.364259272813797
1263,0.562080180644989
1264,0.45604796409606935
1265,0.5436715126037598
1266,0.4553826808929443
1267,0.6604515552520752
1268,0.380013906955719
1269,0.779623544216156
1270,0.38703508377075196
1271,0.5174799859523773
1272,0.4421363592147827
1273,0.6265205383300781
1274,0.4705517113208771
1275,0.44935373663902284
1276,0.5980239748954773
1277,0.4238780617713928
1278,0.446319043636322
1279,0.5548130989074707
1280,0.5139511406421662
1281,0.6168591856956482
1282,0.36243358850479124
1283,0.49294236302375793
1284,0.7732657551765442
1285,0.3832577109336853
1286,0.43856866359710694
1287,0.7871396541595459
1288,0.5788262486457825
1289,0.5584241032600403
1290,0.4880918383598328
1291,0.7157623410224915
1292,0.2849692106246948
1293,0.32063681483268736
1294,0.5663010120391846
1295,0.5906381130218505
1296,0.43268694281578063
1297,0.7648434638977051
1298,0.753428316116333
1299,0.2722061097621918
1300,0.41318352818489074
1301,0.5118267953395843
1302,0.7594880342483521
1303,0.6039476156234741
1304,0.6892230272293091
1305,0.4146824061870575
1306,0.4142183721065521
1307,0.6036390781402587
1308,0.4575469970703125
1309,0.4781984925270081
1310,0.28775109052658077
1311,0.2090081512928009
1312,0.19910961687564846
1313,0.44322354793548585
1314,0.5745307326316833
1315,0.4204025328159332
1316,0.24938676953315736
1317,0.5490784883499146
1318,0.6953922748565674
1319,0.7573174715042115
1320,0.22505869567394252
1321,0.40754678249359133
1322,0.6332247853279114
1323,0.38862072229385375
1324,0.5271031260490417
1325,0.4397338628768921
1326,0.4217570960521698
1327,0.5473325848579407
1328,0.34877594113349913
1329,0.6763581156730651
1330,0.753046715259552
1331,0.5333381295204163
1332,0.5797371387481689
1333,0.5626003026962281
1334,0.5965107917785645
1335,0.515518170595169
1336,0.36486729979515076
1337,0.2807300746440887
1338,0.24512533843517303
1339,0.4302453398704529
1340,0.43961448669433595
1341,0.4545979082584381
1342,0.7583713531494141
1343,0.4721248924732208
1344,0.37918691635131835
1345,0.5410777807235718
1346,0.42052080631256106
1347,0.6856796622276307
1348,0.41424527764320374
1349,0.43328535556793213
1350,0.27217291593551635
1351,0.550171685218811
1352,0.4718031704425812
1353,0.7220771908760071
1354,0.47149352431297303
1355,0.5802496433258056
1356,0.3434871852397919
1357,0.6076834440231323
1358,0.43809360861778257
1359,0.29759947061538694
1360,0.5523278594017029
1361,0.4591214060783386
1362,0.43330312371253965
1363,0.7635294198989868
1364,0.6003986835479737
1365,0.5527916193008423
1366,0.46443374156951905
1367,0.5296122193336487
1368,0.3650181293487549
1369,0.42806982398033144
1370,0.4070097982883453
1371,0.4786011099815369
1372,0.40650514960289
1373,0.31332263350486755
1374,0.2898873269557953
1375,0.3345657169818878
1376,0.4177102565765381
1377,0.3367069184780121
1378,0.4285390555858612
1379,0.41513373255729674
1380,0.5258351564407349
1381,0.2121518492698669
1382,0.7337667584419251
1383,0.24502016901969909
1384,0.7727484107017517
1385,0.559333062171936
1386,0.5755311608314514
1387,0.6015928387641907
1388,0.46289565563201907
1389,0.36663498282432555
1390,0.7560003399848938
1391,0.7768227815628052
1392,0.3224202752113342
1393,0.439728844165802
1394,0.25380935072898864
1395,0.7266607880592346
1396,0.45564655065536497
1397,0.7525197505950928
1398,0.6913333177566529
1399,0.4487153708934784
1400,0.23224064409732809
1401,0.639953327178955
1402,0.5130852520465851
1403,0.2662703841924667
1404,0.23134149312973012
1405,0.3898985743522644
1406,0.5243950128555298
1407,0.5022708594799041
1408,0.7309311866760254
1409,0.4302349746227264
1410,0.42492186427116396
1411,0.6087837219238281
1412,0.4634640395641327
1413,0.3195426821708679
1414,0.7755451560020447
1415,0.47415616512298586
1416,0.7666280269622803
1417,0.30366657972335814
1418,0.46366776823997496
1419,0.6860389709472656
1420,0.3026000440120697
1421,0.23820341229438777
1422,0.45930789709091185
1423,0.677536916732788
1424,0.40242394208908083
1425,0.5513894438743592
1426,0.7187718629837037
1427,0.4531888246536255
1428,0.7739606857299804
1429,0.44282461404800416
1430,0.26473128497600557
1431,0.5313254237174988
1432,0.6160354614257812
1433,0.3326867699623107
1434,0.7822110533714295
1435,0.36649811267852783
1436,0.3135135769844055
1437,0.39588632583618166
1438,0.35982281565666197
1439,0.565309488773346
1440,0.45618181228637694
1441,0.6025048494338989
1442,0.7699428558349609
1443,0.43645594716072084
1444,0.409637588262558
1445,0.5628734707832337
1446,0.5811439752578735
1447,0.4740232527256012
1448,0.7878118634223938
1449,0.5594652771949769
1450,0.6283682107925415
1451,0.47690597772598264
1452,0.29452365040779116
1453,0.6015286803245544
1454,0.386784291267395
1455,0.30170840620994566
1456,0.5332594037055969
1457,0.4850361943244934
1458,0.545881450176239
1459,0.38336766958236695
1460,0.2353566974401474
1461,0.32284811735153196
1462,0.7707385063171387
1463,0.2361713618040085
1464,0.5825458526611328
1465,0.7683363914489746
1466,0.42561901211738584
1467,0.4680050492286682
1468,0.6669556260108948
1469,0.4520963907241821
1470,0.5888964414596558
1471,0.3814983665943146
1472,0.45320088863372804
1473,0.7819005012512207
1474,0.30820307731628416
1475,0.41619216799736025
1476,0.4820337355136871
1477,0.6415500044822693
1478,0.26103421449661257
1479,0.5875820994377137
1480,0.6071370244026184
1481,0.2166505247354507
1482,0.35304359793663026
1483,0.4793776452541351
1484,0.5524688363075256
1485,0.2006934255361557
1486,0.5611921429634095
1487,0.7432052493095398
1488,0.41767977476119994
1489,0.557316780090332
1490,0.7585155606269837
1491,0.4726703703403473
1492,0.3406105935573578
1493,0.4637365281581879
1494,0.7785499572753907
1495,0.5482177495956421
1496,0.34963640570640564
1497,0.4143258571624756
1498,0.5336387038230896
1499,0.22246026992797846
1500,0.46674753427505494
1501,0.4815192699432373
1502,0.3763993501663208
1503,0.4763041317462921
1504,0.2724243879318237
1505,0.36800615191459657
1506,0.459290474653244
1507,0.7134966135025025
1508,0.32069546580314634
1509,0.4682170569896698
1510,0.31809239983558657
1511,0.7803275465965271
1512,0.38238157629966735
1513,0.7739990711212158
1514,0.5539489984512329
1515,0.37101393938064575
1516,0.4252759516239166
1517,0.7660041451454163
1518,0.5213315725326538
1519,0.36109866499900817
1520,0.44079309701919556
1521,0.3583740472793579
1522,0.3053314983844757
1523,0.6977368354797363
1524,0.3091088950634003
1525,0.5070417940616607
1526,0.5483093738555909
1527,0.7767858266830444
1528,0.4629149556159972
1529,0.4486281394958496
1530,0.5707319021224976
1531,0.6190625309944153
1532,0.5044274032115936
1533,0.736479651927948
1534,0.5132894933223724
1535,0.2793478786945343
1536,0.40314723253250123
1537,0.5648100256919861
1538,0.4501005172729492
1539,0.6541757225990296
1540,0.530435836315155
1541,0.5014117598533631
1542,0.31574825644493104
1543,0.5588144898414612
1544,0.34344799518585206
1545,0.7574786424636841
1546,0.41545246839523314
1547,0.6186681509017944
1548,0.6861868500709534
1549,0.42984598875045776
1550,0.6427387714385986
1551,0.28610658645629883
1552,0.3253675878047943
1553,0.6050879001617432
1554,0.4176206350326538
1555,0.3833111822605133
1556,0.3377283334732056
1557,0.2220899552106857
1558,0.19467569887638092
1559,0.426005083322525
1560,0.7709999322891236
1561,0.6171518564224243
1562,0.285705903172493
1563,0.7757845044136047
1564,0.4242755651473999
1565,0.24797442257404329
1566,0.5556456208229065
1567,0.667299485206604
1568,0.5364933609962463
1569,0.35981304645538326
1570,0.4271597623825073
1571,0.5168637454509735
1572,0.6144504904747009
1573,0.5458559155464172
1574,0.780460000038147
1575,0.46061909794807426
1576,0.7657084226608276
1577,0.5038159489631653
1578,0.49461047649383544
1579,0.637952721118927
1580,0.36306704878807067
1581,0.7706788897514343
1582,0.493991619348526
1583,0.39634413719177247
1584,0.7701155543327332
1585,0.38415972590446473
1586,0.5883331894874573
1587,0.48511014580726625
1588,0.43413005471229554
1589,0.7787349224090576
1590,0.7099776983261108
1591,0.5169416248798371
1592,0.3753625929355621
1593,0.5374111890792846
1594,0.7106539607048035
1595,0.4535585820674896
1596,0.5139134228229523
1597,0.37576830387115473
1598,0.24630542695522303
1599,0.741183054447174
1600,0.19866164624691005
1601,0.5235893607139588
1602,0.30118212699890134
1603,0.2622747004032135
1604,0.6533122897148133
1605,0.5482338428497314
1606,0.6090155959129333
1607,0.6480199456214905
1608,0.32879082560539247
1609,0.4056610524654388
1610,0.779052221775055
1611,0.4410980522632599
1612,0.6597938895225525
1613,0.48109891414642336
1614,0.6636469960212708
1615,0.674648118019104
1616,0.24982256889343257
1617,0.5126661419868469
1618,0.4238659143447876
1619,0.48924710750579836
1620,0.5271920680999755
1621,0.45766753554344175
1622,0.45519291162490844
1623,0.5111417829990387
1624,0.4083026826381683
1625,0.47654224634170533
1626,0.2640105903148651
1627,0.5968887209892273
1628,0.380973470211029
1629,0.4975458860397339
1630,0.6011165142059326
1631,0.4210813045501709
1632,0.5424456477165223
1633,0.2724702477455139
1634,0.46362931132316587
1635,0.7621748566627502
1636,0.23578866124153136
1637,0.4104745864868164
1638,0.49136834144592284
1639,0.33521373867988585
1640,0.4269093096256256
1641,0.45271068811416626
1642,0.3034026980400085
1643,0.4182813763618469
1644,0.5877023816108704
1645,0.5568291664123535
1646,0.4219678401947021
1647,0.20019488930702206
1648,0.7089386224746704
1649,0.4760094404220581
1650,0.4651119112968445
1651,0.5531817078590393
1652,0.558080005645752
1653,0.7716738104820251
1654,0.38482770323753357
1655,0.44971737265586853
1656,0.4301892161369324
1657,0.2302264124155044
1658,0.678744888305664
1659,0.44604364037513733
1660,0.3935371279716492
1661,0.290958160161972
1662,0.446045446395874
1663,0.24418328404426576
1664,0.3813479483127594
1665,0.21485560834407808
1666,0.7503453135490418
1667,0.3015441298484802
1668,0.4795217514038086
1669,0.511837899684906
1670,0.4400170624256134
1671,0.47974990010261537
1672,0.34867241978645325
1673,0.6252356767654419
1674,0.2836550951004028
1675,0.7702417492866516
1676,0.4760333955287933
1677,0.3015032231807709
1678,0.6640400171279908
1679,0.40457549691200256
1680,0.7817358255386353
1681,0.3486870944499969
1682,0.5694029688835144
1683,0.6287269711494445
1684,0.4237663447856903
1685,0.3904596984386444
1686,0.782987654209137
1687,0.42407177686691283
1688,0.6760783195495605
1689,0.6359356284141541
1690,0.7699489951133728
1691,0.6291569471359253
1692,0.45501247644424436
1693,0.5432242631912232
1694,0.2549018234014511
1695,0.38666449785232543
1696,0.35187230110168455
1697,0.466846239566803
1698,0.4690651595592499
1699,0.7593430638313293
1700,0.30965287089347837
1701,0.6581536531448364
1702,0.314812445640564
1703,0.6660204887390136
1704,0.3466578185558319
1705,0.45843796730041503
1706,0.5232467293739319
1707,0.4547748565673828
1708,0.2598215341567993
1709,0.7717614769935608
1710,0.5264035344123841
1711,0.45862933397293093
1712,0.30010421872138976
1713,0.28703353404998777
1714,0.5739598155021668
1715,0.49671164751052854
1716,0.5164799809455871
1717,0.4485127806663513
1718,0.4211263835430145
1719,0.508117002248764
1720,0.4610416412353516
1721,0.35672526955604555
1722,0.4734428644180298
1723,0.40376961827278135
1724,0.6326189637184143
1725,0.692457664012909
1726,0.6376742959022522
1727,0.3384829223155975
1728,0.5683523535728454
1729,0.30730598568916323
1730,0.4380298972129822
1731,0.62828528881073
1732,0.3188331723213196
1733,0.6725158214569091
1734,0.5915118217468261
1735,0.4921952188014984
1736,0.467421156167984
1737,0.5256855010986328
1738,0.7374490022659301
1739,0.3188808560371399
1740,0.4756413042545319
1741,0.29657799005508423
1742,0.2925151586532593
1743,0.4740354597568512
1744,0.772409999370575
1745,0.4784575939178467
1746,0.7383137941360474
1747,0.6061085343360901
1748,0.690687072277069
1749,0.3479232907295227
1750,0.4035124957561493
1751,0.6609506726264953
1752,0.3490649938583374
1753,0.40899494886398313
1754,0.7679717540740967
1755,0.36064797043800356
1756,0.6035181522369385
1757,0.7652555227279663
1758,0.7489317178726196
1759,0.5208516478538513
1760,0.5505117297172546
1761,0.3416887402534485
1762,0.3183327138423919
1763,0.46892631649971006
1764,0.791030740737915
1765,0.3890459895133972
1766,0.4980463445186615
1767,0.556036627292633
1768,0.546674621105194
1769,0.6518255949020386
1770,0.37188299298286437
1771,0.5698867917060852
1772,0.3455835998058319
1773,0.4827775120735168
1774,0.40858319997787473
1775,0.6852837562561035
1776,0.458398699760437
1777,0.3164674162864685
1778,0.28665047883987427
1779,0.7827336549758911
1780,0.4496191680431366
1781,0.4762359201908112
1782,0.5178209900856018
1783,0.3802672326564789
1784,0.46654720306396485
1785,0.3634952962398529
1786,0.6711342215538025
1787,0.47580150365829466
1788,0.4427321970462799
1789,0.6358153343200683
1790,0.5468135356903077
1791,0.5053061723709107
1792,0.23872296810150145
1793,0.41127262115478513
1794,0.33481415510177615
1795,0.3945804119110107
1796,0.4633117794990539
1797,0.4879197895526886
1798,0.42064520716667175
1799,0.46244397163391116
1800,0.584908401966095
1801,0.23823103606700896
1802,0.5474446892738343
1803,0.6192164540290832
1804,0.44343550205230714
1805,0.26156110167503355
1806,0.2973817825317383
1807,0.42726794481277464
1808,0.5803841948509216
1809,0.48344207406044004
1810,0.4602896571159363
1811,0.262591552734375
1812,0.22206850647926327
1813,0.5939619064331054
1814,0.22434296607971188
1815,0.4738716006278992
1816,0.4834193527698517
1817,0.23362658619880677
1818,0.619514262676239
1819,0.546081006526947
1820,0.44078336358070375
1821,0.7597563028335571
1822,0.38314624428749083
1823,0.5146628737449646
1824,0.43701404333114624
1825,0.38733665347099305
1826,0.5809792757034302
1827,0.4754639983177185
1828,0.41185110807418823
1829,0.481919938325882
1830,0.4515476107597351
1831,0.3640216529369354
1832,0.24918063580989838
1833,0.7547497987747193
1834,0.4216929256916046
1835,0.5344850063323975
1836,0.7666088938713074
1837,0.33035680651664734
1838,0.3349429666996002
1839,0.3403364896774292
1840,0.4788864731788635
1841,0.6627092242240906
1842,0.2543937861919403
1843,0.21090347766876222
1844,0.3436470806598663
1845,0.29866163730621337
1846,0.2302264004945754
1847,0.5287121415138245
1848,0.6793365836143493
1849,0.7701656103134156
1850,0.438938570022583
1851,0.41997981667518614
1852,0.4597553312778473
1853,0.6756018400192261
1854,0.34379883408546447
1855,0.5070651352405549
1856,0.30393064618110655
1857,0.6325318813323975
1858,0.47909650206565857
1859,0.431389194726944
1860,0.7635652661323548
1861,0.42096232175827025
1862,0.54144287109375
1863,0.27973090410232543
1864,0.6488243818283081
1865,0.5242906451225281
1866,0.47541853189468386
1867,0.4306621432304382
1868,0.34393413066864015
1869,0.4349566876888275
1870,0.6249502778053284
1871,0.27081663012504575
1872,0.4331138670444489
1873,0.5291049599647522
1874,0.3310583829879761
1875,0.5263071596622467
1876,0.41777234673500063
1877,0.7356202125549316
1878,0.5344078183174134
1879,0.5732187509536744
1880,0.4242682635784149
1881,0.44344269037246703
1882,0.6972177505493165
1883,0.5656198501586914
1884,0.544142210483551
1885,0.7778953313827515
1886,0.48801250457763673
1887,0.4240303456783295
1888,0.4894737243652344
1889,0.4106623470783233
1890,0.46004714369773864
1891,0.530993378162384
1892,0.4853415846824646
1893,0.5327109575271607
1894,0.5143288731575012
1895,0.5362046241760254
1896,0.40806090235710146
1897,0.3120610237121582
1898,0.6696464061737061
1899,0.7575798273086548
1900,0.4103521168231964
1901,0.3382002055644989
1902,0.3896323800086975
1903,0.6999955892562866
1904,0.6022497415542603
1905,0.2976068019866943
1906,0.4632029294967651
1907,0.6394166111946106
1908,0.6973479390144348
1909,0.4043281078338623
1910,0.22228297591209406
1911,0.7685581564903259
1912,0.2523531377315521
1913,0.49524428248405455
1914,0.3885136187076569
1915,0.4268787920475006
1916,0.7744268298149108
1917,0.6774238228797913
1918,0.4172830581665039
1919,0.39333502054214475
1920,0.5261453747749328
1921,0.5019017875194549
1922,0.47501662373542786
1923,0.3469411075115204
1924,0.5898876309394836
1925,0.27589696645736694
1926,0.5341992378234863
1927,0.3172979474067688
1928,0.49500900506973267
1929,0.46135359406471255
1930,0.6899662733078002
1931,0.5049023687839508
1932,0.4066174507141113
1933,0.42908125519752505
1934,0.5222351789474488
1935,0.43283159136772154
1936,0.610747230052948
1937,0.6222848296165466
1938,0.3919805645942688
1939,0.33075536489486695
1940,0.6595954060554504
1941,0.5628459334373475
1942,0.7692558765411377
1943,0.5098386526107788
1944,0.27929800748825073
1945,0.7647077322006226
1946,0.5786078929901123
1947,0.5278585076332092
1948,0.5655041337013245
1949,0.45906633734703056
1950,0.4641729772090912
1951,0.5463452339172363
1952,0.6392195701599122
1953,0.7769578695297241
1954,0.5234826087951661
1955,0.33120809197425843
1956,0.7046885251998901
1957,0.38966904282569886
1958,0.4400166630744934
1959,0.47589804530143737
1960,0.22470394372940058
1961,0.3596524834632874
1962,0.3116083443164825
1963,0.22932599782943722
1964,0.22389930784702297
1965,0.5040747702121735
1966,0.3252723395824432
1967,0.5008017480373382
1968,0.44595338702201837
1969,0.6637465834617615
1970,0.47404850125312803
1971,0.5947194933891297
1972,0.405640584230423
1973,0.46367073655128477
1974,0.4825050890445709
1975,0.6039666891098022
1976,0.2924186229705811
1977,0.46529108881950376
1978,0.5371426701545715
1979,0.432270872592926
1980,0.23838687837123868
1981,0.5516517281532287
1982,0.4902238786220551
1983,0.5183293044567108
1984,0.5614627957344055
1985,0.28076043725013733
1986,0.6375379443168641
1987,0.3087161123752594
1988,0.5475252866744995
1989,0.7680859923362732
1990,0.38917855024337766
1991,0.42270747423171995
1992,0.5053124547004699
1993,0.4329700171947479
1994,0.6229337334632874
1995,0.5977198839187622
1996,0.40363448262214663
1997,0.5269833445549011
1998,0.5376961529254913
1999,0.42868329882621764
2000,0.5610690832138061
2001,0.342865526676178
2002,0.6699287414550781
2003,0.47036643624305724
2004,0.5115256905555725
2005,0.24434772133827204
2006,0.6400508284568787
2007,0.5133041501045227
2008,0.5009900391101837
2009,0.370687860250473
2010,0.5576941847801209
2011,0.2008860558271408
2012,0.5908940434455872
2013,0.4803582727909088
2014,0.6256808400154114
2015,0.5279095649719239
2016,0.5267035245895386
2017,0.7188504576683045
2018,0.467356938123703
2019,0.6554418802261353
2020,0.5734487175941467
2021,0.3378777980804443
2022,0.5593629360198975
2023,0.42104873061180115
2024,0.7493937015533447
2025,0.5584320545196533
2026,0.42076816558837893
2027,0.358793842792511
2028,0.4552976131439209
2029,0.49297831058502195
2030,0.4599715292453766
2031,0.5903142333030701
2032,0.5128388345241547
2033,0.7667730808258056
2034,0.4600765764713287
2035,0.274842369556427
2036,0.44988844990730276
2037,0.7683862566947937
2038,0.481993967294693
2039,0.5538969755172729
2040,0.4982061207294464
2041,0.4705808162689209
2042,0.38078668117523196
2043,0.6216443419456482
2044,0.6048109531402588
2045,0.33604381084442136
2046,0.7601292133331299
2047,0.7070003867149353
2048,0.6469019293785095
2049,0.3830039083957672
2050,0.2738831341266632
2051,0.3170475125312805
2052,0.658673369884491
2053,0.49767743349075316
2054,0.4532656013965607
2055,0.38333581089973445
2056,0.4435624122619629
2057,0.6469931483268738
2058,0.6207772493362427
2059,0.6019318580627442
2060,0.48032172322273253
2061,0.6718258500099182
2062,0.7374228715896607
2063,0.43317911028862
2064,0.28138527274131775
2065,0.42219511270523064
2066,0.6796000838279724
2067,0.5656482338905334
2068,0.35955511331558226
2069,0.4513918399810791
2070,0.4454835355281829
2071,0.4998338997364044
2072,0.5298286318778992
2073,0.26879767775535585
2074,0.3559855580329895
2075,0.5122005999088287
2076,0.33778323531150817
2077,0.42366756200790406
2078,0.35214664340019225
2079,0.522487461566925
2080,0.5880285501480103
2081,0.4448186635971069
2082,0.6711763739585876
2083,0.5122682809829712
2084,0.5057407319545746
2085,0.427509731054306
2086,0.22718391418457026
2087,0.4645114839076995
2088,0.34558169841766356
2089,0.4267196595668792
2090,0.42385074496269226
2091,0.6089182138442993
2092,0.5856072783470154
2093,0.23576633632183075
2094,0.6279203534126282
2095,0.5582311391830445
2096,0.7761242032051087
2097,0.372350013256073
2098,0.41655826568603516
2099,0.6194337010383606
2100,0.5061888992786407
2101,0.3210874617099762
2102,0.39031192660331726
2103,0.6349984169006347
2104,0.7412440538406372
2105,0.34160164594650266
2106,0.5719943284988404
2107,0.25178641080856323
2108,0.5066474914550781
2109,0.699585473537445
2110,0.49722883105278015
2111,0.7667172908782959
2112,0.7875190854072571
2113,0.5905274748802185
2114,0.6562401056289673
2115,0.6288904428482056
2116,0.25202263593673707
2117,0.7627115726470948
2118,0.3773191154003143
2119,0.4642797589302063
2120,0.409575617313385
2121,0.3618520498275757
2122,0.4030747294425964
2123,0.4579186737537384
2124,0.2342382818460464
2125,0.4136626899242401
2126,0.2746183931827545
2127,0.6469696283340454
2128,0.6262807250022888
2129,0.7457884430885315
2130,0.5984375
2131,0.7732895374298095
2132,0.2697488903999329
2133,0.6184174299240113
2134,0.6892504692077637
2135,0.5551421165466308
2136,0.2905536890029907
2137,0.5278002500534058
2138,0.2534806847572327
2139,0.6057279109954834
2140,0.5165680527687073
2141,0.30811542868614195
2142,0.5208176016807556
2143,0.7596569299697876
2144,0.30650855898857116
2145,0.5867019891738892
2146,0.46708513498306276
2147,0.45099425315856934
2148,0.2836215078830719
2149,0.674269950389862
2150,0.4130062639713287
2151,0.43982976078987124
2152,0.33787173628807066
2153,0.27308924198150636
2154,0.23304159641265865
2155,0.4449037730693817
2156,0.4762306332588195
2157,0.4566723644733429
2158,0.39807094931602477
2159,0.45414275527000425
2160,0.44621518850326536
2161,0.40364472270011903
2162,0.4681546866893768
2163,0.5550313830375672
2164,0.6327369332313537
2165,0.7184533834457397
2166,0.4158423840999603
2167,0.4741775214672089
2168,0.460153204202652
2169,0.7439041376113892
2170,0.26029993295669557
2171,0.7743842124938964
2172,0.46409731507301333
2173,0.6664496302604676
2174,0.7000386595726014
2175,0.5237967073917389
2176,0.5488531470298768
2177,0.408969908952713
2178,0.25510206222534176
2179,0.4290969669818878
2180,0.5335401296615601
2181,0.4750458598136902
2182,0.738182544708252
2183,0.6448554277420044
2184,0.6427719950675964
2185,0.30730981230735777
2186,0.4684898436069488
2187,0.6824681878089904
2188,0.35490731000900266
2189,0.3987897515296936
2190,0.5793461441993714
2191,0.22451890408992767
2192,0.7318352937698365
2193,0.7818647265434265
2194,0.7031635403633117
2195,0.3750271737575531
2196,0.6775998473167419
2197,0.3567610025405884
2198,0.3040805041790008
2199,0.7780844807624817
2200,0.49384723901748656
2201,0.221721076965332
2202,0.5074960172176362
2203,0.493861585855484
2204,0.45807435512542727
2205,0.6297108769416809
2206,0.5428469181060791
2207,0.36868791580200194
2208,0.38630475401878356
2209,0.6696275234222412
2210,0.7780537605285645
2211,0.56929692029953
2212,0.7011672139167786
2213,0.76541748046875
2214,0.5008436858654022
2215,0.6006094574928283
2216,0.6500707864761353
2217,0.43328659534454345
2218,0.6405763268470764
2219,0.6805633902549744
2220,0.37479081749916077
2221,0.6113249778747558
2222,0.2084289163351059
2223,0.5656338691711426
2224,0.42713770270347584
2225,0.20246418714523312
2226,0.29308857917785647
2227,0.21061622202396388
2228,0.48457921147346494
2229,0.5841357946395874
2230,0.3924919366836548
2231,0.7752682447433472
2232,0.38384732604026794
2233,0.5175046920776367
2234,0.42657365202903746
2235,0.5026108384132385
2236,0.2978653311729431
2237,0.5667887687683105
2238,0.4310946583747864
2239,0.46651408076286316
2240,0.40227313041687013
2241,0.3804915428161621
2242,0.3322035253047943
2243,0.5393094658851624
2244,0.6096555709838867
2245,0.7776445150375366
2246,0.4943971872329712
2247,0.4556128203868866
2248,0.4335523068904877
2249,0.6879477858543396
2250,0.7833591222763061
2251,0.3491572141647339
2252,0.26782711744308474
2253,0.29014445543289186
2254,0.4976770281791687
2255,0.5425140619277954
2256,0.7764186263084412
2257,0.695341956615448
2258,0.4993791341781616
2259,0.3821325540542603
2260,0.47062018513679504
2261,0.5255716502666473
2262,0.368443900346756
2263,0.5354777455329895
2264,0.5049501717090606
2265,0.5941867470741272
2266,0.6753748059272766
2267,0.4884652853012085
2268,0.46232432723045347
2269,0.5327969670295716
2270,0.5510472536087037
2271,0.21929936408996578
2272,0.7747703433036804
2273,0.7244823217391968
2274,0.4099595069885254
2275,0.5037001252174378
2276,0.5669890284538269
2277,0.5674212217330933
2278,0.5829987287521362
2279,0.639263641834259
2280,0.7227157354354858
2281,0.4344329297542572
2282,0.750933301448822
2283,0.3356222867965698
2284,0.5814164876937866
2285,0.7826546669006348
2286,0.3190216898918152
2287,0.5101182758808136
2288,0.4807379722595215
2289,0.5723547458648681
2290,0.4238567531108856
2291,0.3947106897830963
2292,0.7648194670677185
2293,0.5533076167106629
2294,0.334469872713089
2295,0.28428482413291933
2296,0.28808451294898985
2297,0.6775938272476196
2298,0.7615622758865357
2299,0.34251728057861325
2300,0.7254797935485839
2301,0.528106153011322
2302,0.292467051744461
2303,0.42853447794914246
2304,0.7287938952445984
2305,0.7635749816894531
2306,0.47123271226882935
2307,0.33216599822044374
2308,0.5351003885269165
2309,0.7702305793762207
2310,0.6467393398284912
2311,0.7776032567024231
2312,0.5341249346733093
2313,0.4064385652542114
2314,0.31969483494758605
2315,0.20852875411510463
2316,0.5079142093658447
2317,0.45645559430122373
2318,0.3727561235427856
2319,0.5853816390037536
2320,0.3913311421871185
2321,0.5579896092414856
2322,0.4697877764701843
2323,0.7425020575523377
2324,0.40750335454940795
2325,0.7109601497650146
2326,0.23474040925502773
2327,0.43201417326927183
2328,0.563281238079071
2329,0.49971365332603457
2330,0.5839645504951477
2331,0.6080471277236938
2332,0.5546943068504333
2333,0.5492877125740051
2334,0.435779744386673
2335,0.6133901834487915
2336,0.5026804029941558
2337,0.4922727823257446
2338,0.7623655438423157
2339,0.4173562526702881
2340,0.68236083984375
2341,0.6855365753173828
2342,0.5831206679344177
2343,0.5902213215827942
2344,0.34118029475212097
2345,0.65256187915802
2346,0.29814509153366087
2347,0.46428691744804385
2348,0.4781418859958649
2349,0.7709314823150635
2350,0.40820685029029846
2351,0.26696945726871485
2352,0.44270951151847837
2353,0.4141669809818268
2354,0.4638464033603668
2355,0.3857823431491852
2356,0.3922615945339203
2357,0.45870009660720823
2358,0.4963734567165375
2359,0.5999717354774475
2360,0.4021498322486877
2361,0.5068475842475891
2362,0.5665214538574219
2363,0.6579354643821717
2364,0.36980290412902833
2365,0.30877739787101743
2366,0.3903205692768097
2367,0.5527138710021973
2368,0.5093251883983612
2369,0.35786865949630736
2370,0.5031198024749756
2371,0.45913971662521363
2372,0.4004554748535156
2373,0.32783311009407046
2374,0.4689237654209137
2375,0.4734128832817078
2376,0.48593170046806333
2377,0.4583637237548828
2378,0.27925267815589905
2379,0.6957023978233338
2380,0.4534264147281647
2381,0.5125722169876099
2382,0.6843019723892212
2383,0.7792255401611328
2384,0.4520275354385376
2385,0.5392919540405273
2386,0.4044034957885742
2387,0.26517013311386106
2388,0.25233134031295773
2389,0.49175906777381895
2390,0.3699271619319916
2391,0.6731719970703125
2392,0.4319034695625305
2393,0.45385506749153137
2394,0.5882085680961608
2395,0.35891652703285215
2396,0.5263537287712097
2397,0.5071956753730774
2398,0.5492384612560273
2399,0.2981469690799713
2400,0.5642615795135498
2401,0.7750568866729737
2402,0.624359130859375
2403,0.43392570614814757
2404,0.7670724987983704
2405,0.32988810539245605
2406,0.3864776730537415
2407,0.4512402415275574
2408,0.45395444631576537
2409,0.30108556151390076
2410,0.6077664136886597
2411,0.47395901679992675
2412,0.40470021963119507
2413,0.5113478600978851
2414,0.5964129209518433
2415,0.36350844502449037
2416,0.38224914073944094
2417,0.655758261680603
2418,0.5090529978275299
2419,0.2769112825393677
2420,0.4211000442504883
2421,0.543778371810913
2422,0.5539782166481018
2423,0.5397258281707764
2424,0.25975440442562103
2425,0.3453605055809021
2426,0.5382547855377198
2427,0.4288147151470184
2428,0.570785665512085
2429,0.3541291832923889
2430,0.48470744490623474
2431,0.6874712228775024
2432,0.593514907360077
2433,0.6703566789627076
2434,0.36793850660324096
2435,0.7658607602119446
2436,0.3607249140739441
2437,0.3805265843868256
2438,0.3120356559753418
2439,0.6212153434753418
2440,0.5443625807762146
2441,0.29483112692832947
2442,0.21734804511070252
2443,0.7507197022438049
2444,0.5976142048835754
2445,0.288456004858017
2446,0.7771842360496521
2447,0.46268061399459837
2448,0.3532600700855255
2449,0.3122655749320984
2450,0.7757070064544678
2451,0.3379008173942566
2452,0.7048449754714966
2453,0.7819248914718628
2454,0.4884413480758667
2455,0.5779397130012512
2456,0.4574581980705261
2457,0.37935482263565057
2458,0.3560750663280487
2459,0.7645059585571289
2460,0.42849634289741517
2461,0.32457578778266905
2462,0.5376435041427612
2463,0.3161959111690521
2464,0.699619472026825
2465,0.45581477880477905
2466,0.250969135761261
2467,0.4908874571323395
2468,0.37198088765144344
2469,0.5696744441986084
2470,0.6245234489440918
2471,0.3665118932723999
2472,0.2797311216592789
2473,0.4236764073371887
2474,0.29751360416412354
2475,0.563859224319458
2476,0.6547204613685608
2477,0.29340642094612124
2478,0.4925962030887604
2479,0.567915964126587
2480,0.29299249053001397
2481,0.2891785800457001
2482,0.3680509150028229
2483,0.29124765396118163
2484,0.6066394567489624
2485,0.3504349172115325
2486,0.550406813621521
2487,0.6361785292625427
2488,0.7483031749725342
2489,0.7549782991409302
2490,0.518986165523529
2491,0.4524584114551544
2492,0.647329580783844
2493,0.2478678613901138
2494,0.6563784003257751
2495,0.42619824409484863
2496,0.45811648964881896
2497,0.3981845617294312
2498,0.5382138133049011
2499,0.45892733335494995
2500,0.5905404448509216
2501,0.5934301137924194
2502,0.3687620997428894
2503,0.7701431393623352
2504,0.7201424479484558
2505,0.32681010365486146
2506,0.4791226863861084
2507,0.3055821776390076
2508,0.6282575607299805
2509,0.6157325983047486
2510,0.48717546463012695
2511,0.6127182483673096
2512,0.695426344871521
2513,0.6706754922866821
2514,0.20132758617401114
2515,0.5496720433235168
2516,0.5437264919281006
2517,0.5421683192253113
2518,0.22818588316440583
2519,0.5187296509742737
2520,0.5576597929000855
2521,0.731122612953186
2522,0.6856044292449951
2523,0.6152844429016113
2524,0.4997172474861145
2525,0.46987549066543577
2526,0.4692377865314484
2527,0.672055447101593
2528,0.5457647323608399
2529,0.4632577657699585
2530,0.44919849634170533
2531,0.3678844332695007
2532,0.5525802493095398
2533,0.6083113193511963
2534,0.7780767202377319
2535,0.4121654570102692
2536,0.34917420744895933
2537,0.49230052828788756
2538,0.7700610280036926
2539,0.5560627222061157
2540,0.37107416391372683
2541,0.6961487650871276
2542,0.3398893654346466
2543,0.7598371505737305
2544,0.39173406958580015
2545,0.4634594678878784
2546,0.49580700397491456
2547,0.4946874499320984
2548,0.44398723244667054
2549,0.5535815119743347
2550,0.46327400803565977
2551,0.7303278923034668
2552,0.4321634888648987
2553,0.387635052204132
2554,0.32262677550315855
2555,0.33447676301002505
2556,0.23428342640399932
2557,0.4269529163837433
2558,0.5265308856964112
2559,0.5322211980819702
2560,0.31509231925010683
2561,0.7623311877250671
2562,0.4040000319480896
2563,0.6356490850448608
2564,0.5133653163909913
2565,0.5502344965934753
2566,0.3500347137451172
2567,0.639546537399292
2568,0.6883589744567871
2569,0.49529284834861753
2570,0.3006842374801636
2571,0.57265864610672
2572,0.7152997374534606
2573,0.39909965395927427
2574,0.4684550404548645
2575,0.4273587346076965
2576,0.5242708086967468
2577,0.37173316478729246
2578,0.21710687875747675
2579,0.6075344562530518
2580,0.3225262999534607
2581,0.4085207641124725
2582,0.6615897655487061
2583,0.5547968745231628
2584,0.3476922929286957
2585,0.520132178068161
2586,0.2767792224884033
2587,0.4800605535507202
2588,0.4180474579334259
2589,0.38049272894859315
2590,0.25148742496967313
2591,0.3299188733100891
2592,0.46824058294296267
2593,0.4723047912120819
2594,0.20634755790233608
2595,0.4990798354148865
2596,0.5104700922966003
2597,0.46379638314247124
2598,0.41959007978439333
2599,0.49162092208862307
2600,0.6736508727073669
2601,0.5183896243572235
2602,0.28769298195838927
2603,0.597576904296875
2604,0.7690531611442566
2605,0.5661641836166382
2606,0.4437560081481934
2607,0.3206097424030304
2608,0.4581173598766327
2609,0.25609769523143766
2610,0.46053041219711305
2611,0.745064127445221
2612,0.4324701130390167
2613,0.2513883888721466
2614,0.49207432866096495
2615,0.38403467535972596
2616,0.63526850938797
2617,0.6065356373786926
2618,0.3204310774803162
2619,0.769463837146759
2620,0.6646927475929261
2621,0.7751019954681396
2622,0.5088830709457397
2623,0.23425391018390657
2624,0.2942182242870331
2625,0.27319866418838495
2626,0.4856846988201141
2627,0.31289452314376826
2628,0.6798406481742859
2629,0.2617406964302063
2630,0.4457238674163818
2631,0.4648077130317688
2632,0.4007686793804169
2633,0.7773725628852844
2634,0.5581221342086792
2635,0.7680673241615296
2636,0.7060999274253845
2637,0.7745410203933716
2638,0.4851492762565613
2639,0.5189679861068726
2640,0.5299425005912781
2641,0.45595701336860656
2642,0.6015787482261657
2643,0.2810549557209015
2644,0.45389041900634763
2645,0.4384507656097412
2646,0.23928632736206054
2647,0.661177146434784
2648,0.7704573035240173
2649,0.45538931488990786
2650,0.485302197933197
2651,0.42277352809906005
2652,0.5092001140117646
2653,0.22108861505985256
2654,0.5184574902057648
2655,0.4542302131652832
2656,0.7642284870147705
2657,0.681935477256775
2658,0.4733924865722656
2659,0.7292335629463196
2660,0.21215376257896418
2661,0.6879825830459595
2662,0.3092084527015686
2663,0.4177838146686554
2664,0.5206133544445037
2665,0.46209957003593444
2666,0.3537207007408142
2667,0.5409700632095337
2668,0.557401978969574
2669,0.22192154228687283
2670,0.3402011454105377
2671,0.4349491536617279
2672,0.4989169895648956
2673,0.7425889015197754
2674,0.279284119606018
2675,0.5981108188629151
2676,0.4915003478527069
2677,0.34591334462165835
2678,0.3309810280799866
2679,0.40131017565727234
2680,0.2930173397064209
2681,0.2749103903770447
2682,0.7440985679626465
2683,0.6642621874809265
2684,0.4367819368839264
2685,0.45309733152389525
2686,0.336839097738266
2687,0.6509457468986511
2688,0.212277290225029
2689,0.7637364268302917
2690,0.4605746567249298
2691,0.2398123979568481
2692,0.48640806674957277
2693,0.6088020205497742
2694,0.7618892908096313
2695,0.5288077592849731
2696,0.4499190628528595
2697,0.32607035636901854
2698,0.7717752933502198
2699,0.4310570478439331
2700,0.6198874592781067
2701,0.2216696441173553
2702,0.5425689816474915
2703,0.5014208316802978
2704,0.41166338324546814
2705,0.4031684935092926
2706,0.6983116865158081
2707,0.37084161639213564
2708,0.7738987565040588
2709,0.34384787678718565
2710,0.7630541563034058
2711,0.6792457938194275
2712,0.7211431980133056
2713,0.29259167313575746
2714,0.5279356479644776
2715,0.4715911984443665
2716,0.7645344972610474
2717,0.39390342235565184
2718,0.3307230234146118
2719,0.47630664706230164
2720,0.424835079908371
2721,0.32633695006370544
2722,0.286827427148819
2723,0.3003841042518616
2724,0.749694561958313
2725,0.5198193311691284
2726,0.5760687828063965
2727,0.48973333835601807
2728,0.25600001215934753
2729,0.48617579936981203
2730,0.5198716402053833
2731,0.7834813117980957
2732,0.43122878670692444
2733,0.7791545271873475
2734,0.3176799297332763
2735,0.7731863141059876
2736,0.25310654342174527
2737,0.45667341351509094
2738,0.6679426789283752
2739,0.44884130358695984
2740,0.2984607696533203
2741,0.4946080923080444
2742,0.7337307929992676
2743,0.2912696719169617
2744,0.5879558205604554
2745,0.2731657862663269
2746,0.2582460433244705
2747,0.3238121449947357
2748,0.5618975281715393
2749,0.5494347810745239
2750,0.630596661567688
2751,0.4656334459781647
2752,0.31113235354423524
2753,0.6900095820426941
2754,0.4267232000827789
2755,0.5397387385368347
2756,0.21769627332687375
2757,0.5894821882247925
2758,0.35100385546684265
2759,0.29819782376289367
2760,0.4569656074047089
2761,0.5646929740905762
2762,0.38605414628982543
2763,0.20777880847454067
2764,0.6113860368728637
2765,0.37630473375320433
2766,0.5005623161792755
2767,0.2704756379127502
2768,0.1911402106285095
2769,0.3098939716815948
2770,0.5161820709705353
2771,0.3610338747501373
2772,0.2093650102615356
2773,0.6252701640129089
2774,0.2301425993442535
2775,0.5144288837909698
2776,0.5469507694244384
2777,0.6522119998931885
2778,0.5009943664073944
2779,0.6125111699104309
2780,0.3677103579044342
2781,0.6322980046272277
2782,0.6712811827659607
2783,0.4144370317459106
2784,0.2377926826477051
2785,0.717331838607788
2786,0.5987086892127991
2787,0.4338555455207825
2788,0.7232019662857055
2789,0.5401271939277649
2790,0.48745890259742736
2791,0.6385196566581726
2792,0.39376175999641416
2793,0.7583208441734314
2794,0.773115599155426
2795,0.4503903746604919
2796,0.7690746903419494
2797,0.536305946111679
2798,0.2916244864463806
2799,0.5938010454177857
2800,0.7575237512588501
2801,0.5270475625991822
2802,0.735854971408844
2803,0.6586282849311829
2804,0.5240681171417236
2805,0.5261423110961914
2806,0.2904439091682434
2807,0.4289194166660309
2808,0.7085364699363709
2809,0.5146129310131073
2810,0.7143637776374817
2811,0.45298896431922914
2812,0.6481717824935913
2813,0.32343244552612305
2814,0.5458253622055054
2815,0.4702053010463715
2816,0.2463074922561645
2817,0.336600536108017
2818,0.45193318724632264
2819,0.24894329011440278
2820,0.5703588247299194
2821,0.7673523902893067
2822,0.42201675176620485
2823,0.5520774364471436
2824,0.7214250564575195
2825,0.38157055377960203
2826,0.4328627407550812
2827,0.4107676386833191
2828,0.41759706735610963
2829,0.530203354358673
2830,0.6195641875267028
2831,0.5568529963493347
2832,0.2696217358112335
2833,0.6684272050857544
2834,0.24670359790325164
2835,0.5165261149406433
2836,0.6479319334030151
2837,0.41194931864738465
2838,0.23227531313896174
2839,0.4181160569190979
2840,0.5609244465827942
2841,0.45455198884010317
2842,0.4141506016254425
2843,0.27051079273223877
2844,0.4143713414669037
2845,0.7770916819572449
2846,0.7664883136749268
2847,0.4391613781452179
2848,0.45833749175071714
2849,0.4914004862308502
2850,0.27237112522125245
2851,0.7200745224952698
2852,0.3229741930961609
2853,0.46840866804122927
2854,0.5992143869400024
2855,0.21065229475498198
2856,0.7708896517753601
2857,0.523533284664154
2858,0.785881769657135
2859,0.6277495622634888
2860,0.44342395663261414
2861,0.2665177196264267
2862,0.7792022824287415
2863,0.7790073037147522
2864,0.4031123578548431
2865,0.6599311351776123
2866,0.6220877766609192
2867,0.2515727788209915
2868,0.5062413513660431
2869,0.26895472407341003
2870,0.2789294004440307
2871,0.5225106954574585
2872,0.2980148196220398
2873,0.6761364340782166
2874,0.4463628947734833
2875,0.6731119990348816
2876,0.5816048860549927
2877,0.48094197511672976
2878,0.5864116311073303
2879,0.5958357214927673
2880,0.6000799536705017
2881,0.6420061111450195
2882,0.47115490436553953
2883,0.31222904920578004
2884,0.7626911878585816
2885,0.22337244153022767
2886,0.5731927752494812
2887,0.7540211915969849
2888,0.2632971704006195
2889,0.36807594895362855
2890,0.7758357048034668
2891,0.7044068574905396
2892,0.7655482172966004
2893,0.3913262963294983
2894,0.5050556838512421
2895,0.5476827621459961
2896,0.3026680588722229
2897,0.21840848028659815
2898,0.45121408700942994
2899,0.21020719408988947
2900,0.34689103364944457
2901,0.7607040286064148
2902,0.3799534559249878
2903,0.21719313859939576
2904,0.5074704468250275
2905,0.7247512221336365
2906,0.5353670358657837
2907,0.24404402077198029
2908,0.49634591937065126
2909,0.5302353441715241
2910,0.2370351105928421
2911,0.2752968192100525
2912,0.7854159593582153
2913,0.4750798583030701
2914,0.6472975254058838
2915,0.37479844093322756
2916,0.4700558304786682
2917,0.21442082226276393
2918,0.21037734746932985
2919,0.6309293150901795
2920,0.5857334613800049
2921,0.3869365990161896
2922,0.5573569655418396
2923,0.40207775235176085
2924,0.6575217604637146
2925,0.40791959762573243
2926,0.5197804749011994
2927,0.3182951509952545
2928,0.6514463186264038
2929,0.48931137919425965
2930,0.4942551255226135
2931,0.6961193203926086
2932,0.4369242191314697
2933,0.7838728427886963
2934,0.5334438800811767
2935,0.6636259198188782
2936,0.29097906351089475
2937,0.469876354932785
2938,0.44555485248565674
2939,0.3407792627811432
2940,0.345280259847641
2941,0.45935544967651365
2942,0.5317167401313782
2943,0.2508100539445877
2944,0.7359730124473571
2945,0.6175413846969604
2946,0.688917875289917
2947,0.4553975522518158
2948,0.490960967540741
2949,0.5155236959457398
2950,0.40531542897224426
2951,0.7472338557243348
2952,0.4558754861354828
2953,0.25235296785831446
2954,0.4220824778079987
2955,0.4548535764217377
2956,0.27859263420104974
2957,0.7622361183166504
2958,0.4203927993774414
2959,0.49368221759796144
2960,0.2685805976390839
2961,0.4622426688671112
2962,0.7776769876480103
2963,0.6455153703689576
2964,0.2962203800678253
2965,0.394215327501297
2966,0.46463712453842165
2967,0.5715202689170837
2968,0.41183282136917115
2969,0.46128944754600526
2970,0.48400709629058836
2971,0.4306957542896271
2972,0.44400415420532224
2973,0.7060336589813232
2974,0.5044749736785888
2975,0.5200997531414032
2976,0.5639798641204834
2977,0.6955561399459839
2978,0.5311517953872681
2979,0.4404021143913269
2980,0.4575290620326996
2981,0.2823200106620788
2982,0.7434703946113587
2983,0.5866404891014099
2984,0.4012048363685608
2985,0.5307137906551361
2986,0.4551972270011902
2987,0.2233331978321075
2988,0.5449539065361023
2989,0.3707221448421478
2990,0.6298318862915039
2991,0.4012698769569397
2992,0.5146675169467926
2993,0.4528106153011322
2994,0.22428717017173763
2995,0.6553357720375061
2996,0.4026870131492615
2997,0.25748982429504397
2998,0.600926649570465
2999,0.5576981663703918
3000,0.6000424861907959
3001,0.7645044684410095
3002,0.7302487015724182
3003,0.28557087182998653
3004,0.3956176519393921
3005,0.6394933223724365
3006,0.355461585521698
3007,0.3063594222068787
3008,0.6689542770385742
3009,0.47826685309410094
3010,0.4001918613910675
3011,0.3910651981830597
3012,0.5674624919891358
3013,0.7068523049354554
3014,0.7743325233459473
3015,0.4378311336040497
3016,0.6697877526283265
3017,0.3438707411289215
3018,0.7553372621536255
3019,0.7450221657752991
3020,0.43687174916267396
3021,0.23633577823638915
3022,0.5925013065338135
3023,0.7386132478713989
3024,0.7506237745285034
3025,0.3583552062511444
3026,0.3007829308509827
3027,0.437661224603653
3028,0.503418755531311
3029,0.3942682325839996
3030,0.4782409191131592
3031,0.3435815930366516
3032,0.7566243410110474
3033,0.46724717020988465
3034,0.4528307795524597
3035,0.3617980062961578
3036,0.5093316018581391
3037,0.4198964059352875
3038,0.2899632632732391
3039,0.4204161524772644
3040,0.41504541635513303
3041,0.7719853520393372
3042,0.2651612639427185
3043,0.7670698046684266
3044,0.6265634775161744
3045,0.5447412610054017
3046,0.755764639377594
3047,0.2817951738834381
3048,0.4983887255191803
3049,0.5635549783706665
3050,0.5175184011459351
3051,0.2053970634937286
3052,0.28746454715728753
3053,0.40180482268333434
3054,0.4638569414615631
3055,0.3958118915557861
3056,0.3608396828174591
3057,0.47639362812042235
3058,0.4631945490837097
3059,0.5013127803802491
3060,0.46104906797409057
3061,0.3534777402877808
3062,0.5994176983833313
3063,0.7320616006851196
3064,0.6715970516204834
3065,0.6611578822135925
3066,0.5271508753299713
3067,0.4799906313419342
3068,0.49599984288215637
3069,0.5977246165275574
3070,0.3894718408584595
3071,0.35074111819267273
3072,0.7495888352394104
3073,0.7744986414909363
3074,0.3920927166938782
3075,0.23215868771076198
3076,0.3259679198265076
3077,0.23255041241645813
3078,0.5401284098625183
3079,0.6712526917457581
3080,0.631034255027771
3081,0.7717635750770568
3082,0.586933434009552
3083,0.41944575905799864
3084,0.7647437334060669
3085,0.4480417907238007
3086,0.39422383308410647
3087,0.44430275559425353
3088,0.406151282787323
3089,0.5530415773391724
3090,0.7741646289825439
3091,0.5459558725357055
3092,0.425689697265625
3093,0.6608307242393494
3094,0.585395872592926
3095,0.36716378331184385
3096,0.32560944557189936
3097,0.38176886439323426
3098,0.49240214228630064
3099,0.6411611914634705
3100,0.4451800525188446
3101,0.605589771270752
3102,0.7647430062294006
3103,0.2619310826063156
3104,0.5238115906715393
3105,0.3886286854743958
3106,0.40589852929115294
3107,0.19490676820278166
3108,0.619349730014801
3109,0.5064361035823822
3110,0.7595011115074157
3111,0.7868586897850036
3112,0.5540330052375794
3113,0.6263286948204041
3114,0.5781966328620911
3115,0.3404097259044647
3116,0.2523039638996124
3117,0.6370187282562256
3118,0.7758828282356263
3119,0.2578071475028992
3120,0.5029310822486878
3121,0.5979205012321472
3122,0.38849674463272094
3123,0.7652967810630799
3124,0.4448624551296234
3125,0.2558819383382797
3126,0.43622485995292665
3127,0.41516372561454773
3128,0.6620677471160888
3129,0.42041298747062683
3130,0.5993245959281921
3131,0.5915363669395447
3132,0.425585675239563
3133,0.7636351108551025
3134,0.453597092628479
3135,0.713040041923523
3136,0.46199408173561096
3137,0.7573241114616394
3138,0.7237344026565552
3139,0.7682403683662414
3140,0.5131139636039734
3141,0.30498566031455987
3142,0.5396332383155823
3143,0.6448584079742432
3144,0.6624313473701477
3145,0.3075259029865265
3146,0.22165345251560212
3147,0.38741002082824705
3148,0.4740294098854065
3149,0.5257862687110901
3150,0.4800894558429718
3151,0.4213032484054565
3152,0.6430006742477417
3153,0.5985901832580567
3154,0.4636479437351227
3155,0.242097806930542
3156,0.7601870656013489
3157,0.4915458083152771
3158,0.23980447351932527
3159,0.7683448314666748
3160,0.47523170709609985
3161,0.46493901014328004
3162,0.29897032380104066
3163,0.31915083527565
3164,0.5942638874053955
3165,0.5186324179172516
3166,0.47227194905281067
3167,0.45208318829536437
3168,0.5294041395187378
3169,0.5711710810661316
3170,0.5523072481155396
3171,0.22230973839759827
3172,0.48781890273094175
3173,0.2698942840099335
3174,0.2526098012924194
3175,0.4663206279277802
3176,0.35639494061470034
3177,0.4430025339126587
3178,0.6126638412475586
3179,0.42313963174819946
3180,0.5067342638969421
3181,0.5298012912273407
3182,0.23865953087806702
3183,0.44692484140396116
3184,0.3485215663909912
3185,0.6475387334823608
3186,0.5662744879722595
3187,0.42266157269477844
3188,0.3404133439064026
3189,0.778506600856781
3190,0.6929596662521362
3191,0.24756903052330018
3192,0.46163291335105894
3193,0.6251279354095459
3194,0.23556191325187678
3195,0.3999566972255707
3196,0.6559172391891479
3197,0.5129079222679138
3198,0.4815521836280823
3199,0.6517196536064148
3200,0.471057653427124
3201,0.3400434792041779
3202,0.29837837219238283
3203,0.6227974653244018
3204,0.4804785966873168
3205,0.619301724433899
3206,0.5336553931236268
3207,0.44119030237197876
3208,0.7550402760505677
3209,0.3098889172077179
3210,0.4327798545360565
3211,0.7404523849487304
3212,0.6576204895973206
3213,0.7037662744522095
3214,0.7673072099685669
3215,0.2727669417858124
3216,0.69044029712677
3217,0.6952069282531739
3218,0.6987730622291565
3219,0.40136566162109377
3220,0.4609990298748016
3221,0.24181774854660035
3222,0.65193772315979
3223,0.6887704849243164
3224,0.39174545407295225
3225,0.47157723903656007
3226,0.2496616393327713
3227,0.7142479896545411
3228,0.5093173503875732
3229,0.5277248382568359
3230,0.4507509469985962
3231,0.709248173236847
3232,0.30158424377441406
3233,0.4775683283805847
3234,0.243955659866333
3235,0.5965892672538757
3236,0.1939633905887604
3237,0.4358951210975647
3238,0.48743529319763185
3239,0.6896027684211731
3240,0.5734137654304504
3241,0.2803008139133453
3242,0.39365906119346616
3243,0.27867218255996706
3244,0.42274383902549745
3245,0.6695420145988464
3246,0.373539000749588
3247,0.524249815940857
3248,0.5657924056053162
3249,0.41007108688354493
3250,0.7821031212806702
3251,0.45298726558685304
3252,0.40701022148132326
3253,0.40730406641960143
3254,0.242633256316185
3255,0.3470770061016083
3256,0.7779676914215088
3257,0.4438275396823883
3258,0.2541763365268707
3259,0.38775190711021423
3260,0.23077584505081172
3261,0.6977959990501403
3262,0.6069105744361878
3263,0.2990398406982422
3264,0.7710386276245117
3265,0.3697275102138519
3266,0.732135009765625
3267,0.431995153427124
3268,0.233806973695755
3269,0.7658074736595154
3270,0.4082834780216217
3271,0.3375168085098267
3272,0.7817881107330322
3273,0.5336361527442932
3274,0.26984654664993285
3275,0.3439663827419281
3276,0.42156981825828554
3277,0.48751630187034606
3278,0.27961966395378113
3279,0.6711485743522644
3280,0.5156136691570282
3281,0.7599365592002869
3282,0.22410828769206997
3283,0.6107257604598999
3284,0.6157150387763977
3285,0.7658128261566162
3286,0.363389378786087
3287,0.7714991927146911
3288,0.6900835394859314
3289,0.26196078062057493
3290,0.45139134526252744
3291,0.3084768235683441
3292,0.5167305409908295
3293,0.6990308642387391
3294,0.5453740954399109
3295,0.35937896370887756
3296,0.5642439246177673
3297,0.4608926594257355
3298,0.7801855206489563
3299,0.5190077543258667
3300,0.6251997828483582
3301,0.39102293848991393
3302,0.5406781315803528
3303,0.7497929930686951
3304,0.7598278403282166
3305,0.36262138485908507
3306,0.7744431257247925
3307,0.4196843862533569
3308,0.41043488383293153
3309,0.3062835276126862
3310,0.626759123802185
3311,0.2891915082931518
3312,0.7076328873634339
3313,0.5729190230369567
3314,0.5415732502937317
3315,0.4565565764904022
3316,0.6559239268302918
3317,0.6230107069015502
3318,0.44582268595695496
3319,0.7311280250549317
3320,0.31200716495513914
3321,0.4481226861476898
3322,0.4664634943008423
3323,0.45299460291862487
3324,0.6073617458343505
3325,0.5412304878234864
3326,0.6923188090324401
3327,0.39444780349731445
3328,0.2682482361793518
3329,0.46713409423828123
3330,0.4392943143844604
3331,0.40858655571937563
3332,0.4593221485614776
3333,0.4305906891822815
3334,0.44847996830940245
3335,0.5851591944694519
3336,0.3261396288871765
3337,0.2851741075515747
3338,0.46798290610313414
3339,0.5409621357917785
3340,0.3046763002872467
3341,0.3826268553733826
3342,0.5699844717979431
3343,0.3576751947402954
3344,0.45377994179725645
3345,0.6769716620445252
3346,0.6468925833702087
3347,0.35314699411392214
3348,0.4459294259548187
3349,0.49913031458854673
3350,0.4273680806159973
3351,0.6970940709114075
3352,0.25739206373691553
3353,0.5134417414665222
3354,0.32970637679100034
3355,0.7037488341331481
3356,0.4764225840568542
3357,0.479334419965744
3358,0.2862805962562561
3359,0.2800769031047821
3360,0.7764082074165344
3361,0.43990346789360035
3362,0.5107020318508149
3363,0.7022419214248657
3364,0.22651560902595516
3365,0.4730741918087006
3366,0.455124968290329
3367,0.7370269417762756
3368,0.5485213875770569
3369,0.7738531589508056
3370,0.508879977464676
3371,0.34181411266326905
3372,0.5512283325195313
3373,0.41960727572441103
3374,0.2682671666145324
3375,0.2310770064592361
3376,0.42669481635093687
3377,0.5282437086105347
3378,0.2685310631990433
3379,0.6733794569969177
3380,0.40694289803504946
3381,0.32869687080383303
3382,0.7088106274604797
3383,0.4031598389148712
3384,0.7769016146659851
3385,0.39244232177734373
3386,0.19887845516204833
3387,0.4552790641784668
3388,0.3032091796398163
3389,0.3050329744815826
3390,0.31693622469902033
3391,0.5109871447086334
3392,0.3645203232765198
3393,0.36983264088630674
3394,0.42799595594406126
3395,0.7705490827560425
3396,0.6644719004631042
3397,0.4820732593536377
3398,0.52889603972435
3399,0.4312714278697968
3400,0.3753426671028137
3401,0.7266618728637695
3402,0.2701799690723419
3403,0.2572501957416534
3404,0.2645643651485443
3405,0.5442426085472107
3406,0.7785356283187866
3407,0.5753691554069519
3408,0.4849096298217773
3409,0.23720780313014983
3410,0.6727315545082092
3411,0.6898287892341614
3412,0.26493600010871887
3413,0.45501543283462526
3414,0.7569446921348572
3415,0.6369061946868897
3416,0.4743798851966858
3417,0.25500083863735196
3418,0.5323359251022339
3419,0.45200462341308595
3420,0.4624298930168152
3421,0.362240332365036
3422,0.24968545436859127
3423,0.28652154207229613
3424,0.6252122163772583
3425,0.5844272136688232
3426,0.3314244389533997
3427,0.5250121831893921
3428,0.4771211504936218
3429,0.38919730186462403
3430,0.5663572072982788
3431,0.5163437604904175
3432,0.4666381537914276
3433,0.3085696041584015
3434,0.7159325361251831
3435,0.4460907578468323
3436,0.36285826563835144
3437,0.37514212727546686
3438,0.7006446599960328
3439,0.2443276852369308
3440,0.45336687564849854
3441,0.34744040369987483
3442,0.2352833211421966
3443,0.6398772954940796
3444,0.6357186317443848
3445,0.5614521145820618
3446,0.31535101532936094
3447,0.3992620289325714
3448,0.5586632132530213
3449,0.4819981873035431
3450,0.4351836144924164
3451,0.3930923521518707
3452,0.6463500022888183
3453,0.46011069416999806
3454,0.6574888825416565
3455,0.4613315939903259
3456,0.394130939245224
3457,0.5466699719429016
3458,0.21346074640750884
3459,0.43528529405593874
3460,0.7326597929000854
3461,0.36232675909996026
3462,0.34794357419013977
3463,0.47510290145874023
3464,0.4063416481018066
3465,0.6063634753227234
3466,0.5809120893478393
3467,0.2708443462848663
3468,0.48278910517692564
3469,0.5727343440055848
3470,0.5142801702022552
3471,0.2519906938076019
3472,0.7741626501083374
3473,0.48016406297683717
3474,0.4801153063774109
3475,0.34115939140319823
3476,0.4698478639125824
3477,0.3176866114139557
3478,0.34786531925201414
3479,0.5917100787162781
3480,0.6573361039161683
3481,0.26827574968338014
3482,0.35006146430969237
3483,0.4895207643508911
3484,0.5541349530220032
3485,0.5414715528488159
3486,0.289365416765213
3487,0.4033117234706879
3488,0.3374312937259674
3489,0.23616551458835602
3490,0.5626923441886902
3491,0.5054530739784241
3492,0.5759698152542114
3493,0.4723502814769745
3494,0.33869982361793516
3495,0.4617998838424683
3496,0.27313718795776365
3497,0.7737237930297851
3498,0.5568874955177308
3499,0.29419916272163393
3500,0.23102162182331085
3501,0.4112735092639923
3502,0.4778363347053528
3503,0.20845678448677063
3504,0.606857180595398
3505,0.559537672996521
3506,0.7417191982269287
3507,0.4558276474475861
3508,0.6711079001426696
3509,0.6883914351463318
3510,0.4946642518043518
3511,0.5506695628166198
3512,0.4795679748058319
3513,0.419875830411911
3514,0.7854764461517334
3515,0.5617138862609863
3516,0.48707444667816163
3517,0.21415073573589324
3518,0.4645537197589874
3519,0.4092638432979584
3520,0.533370041847229
3521,0.4819078385829926
3522,0.5419098913669587
3523,0.6746857523918152
3524,0.46067807674407957
3525,0.6548191666603088
3526,0.41870681047439573
3527,0.41312006711959837
3528,0.47683548331260683
3529,0.4167113661766052
3530,0.6237396001815796
3531,0.6074446201324463
3532,0.37460809946060175
3533,0.29323890209198
3534,0.33478479385375975
3535,0.28839787244796755
3536,0.5090349733829498
3537,0.3846926212310791
3538,0.2564679443836212
3539,0.5924519300460815
3540,0.775129783153534
3541,0.6753330588340759
3542,0.5302090227603913
3543,0.31275790333747866
3544,0.6467308402061462
3545,0.37886977195739746
3546,0.6400904178619384
3547,0.4794691205024719
3548,0.7190579295158386
3549,0.3907731115818024
3550,0.5753705501556396
3551,0.5567987442016602
3552,0.4391882061958313
3553,0.27320459485054016
3554,0.5973191618919372
3555,0.704878854751587
3556,0.45071129202842714
3557,0.48500482439994813
3558,0.5289450645446777
3559,0.5966861486434937
3560,0.500345891714096
3561,0.528093945980072
3562,0.5646882891654968
3563,0.46540645360946653
3564,0.4111544668674469
3565,0.3314309597015381
3566,0.3353454113006592
3567,0.6355472207069397
3568,0.6778910994529724
3569,0.5085720241069793
3570,0.40786787271499636
3571,0.48484438061714175
3572,0.6381285905838012
3573,0.7358016967773438
3574,0.3656191051006317
3575,0.26172021627426145
3576,0.637784194946289
3577,0.5178501963615417
3578,0.3591934561729431
3579,0.22618164718151088
3580,0.4862042129039764
3581,0.40508500337600706
3582,0.595412015914917
3583,0.35350354909896853
3584,0.2779959499835968
3585,0.5280277013778687
3586,0.5502186775207519
3587,0.29911266565322875
3588,0.3931081831455231
3589,0.7260701298713684
3590,0.4683322787284851
3591,0.20752575695514675
3592,0.6279225587844849
3593,0.3299197256565094
3594,0.4630384862422943
3595,0.5201678156852723
3596,0.7074859857559204
3597,0.5177618205547333
3598,0.6744990110397339
3599,0.3022774815559387
3600,0.45877969861030576
3601,0.4689897418022156
3602,0.6662352204322814
3603,0.5070048689842224
3604,0.3649085879325867
3605,0.6284315705299377
3606,0.4775673449039459
3607,0.5862581491470337
3608,0.4200227916240692
3609,0.6093940615653992
3610,0.30803526639938356
3611,0.4430554211139679
3612,0.5637050271034241
3613,0.37141757011413573
3614,0.5978509783744812
3615,0.5172407984733581
3616,0.7800449013710022
3617,0.623721969127655
3618,0.4554398775100708
3619,0.597143828868866
3620,0.7698514819145202
3621,0.5385660409927369
3622,0.5253919124603271
3623,0.3004749417304992
3624,0.5447126030921936
3625,0.4488105297088623
3626,0.4219937801361084
3627,0.3156030654907226
3628,0.29527534246444703
3629,0.2828798234462738
3630,0.36884714365005494
3631,0.5982223749160767
3632,0.7195597171783448
3633,0.27203335165977477
3634,0.5637861967086792
3635,0.4466296792030334
3636,0.514931458234787
3637,0.6222441554069519
3638,0.21047295629978174
3639,0.524841845035553
3640,0.7125604510307312
3641,0.6375464081764222
3642,0.3365756869316101
3643,0.31626327633857726
3644,0.7723026514053345
3645,0.47600978016853335
3646,0.6488156795501709
3647,0.5337059736251831
3648,0.46370079517364504
3649,0.23369698524475094
3650,0.3865851163864136
3651,0.48795081973075866
3652,0.5282224833965301
3653,0.7495306968688965
3654,0.20840348303318024
3655,0.3476672351360321
3656,0.6091894984245301
3657,0.5116086006164551
3658,0.7814225792884827
3659,0.5723644495010376
3660,0.34659758806228635
3661,0.6753448009490967
3662,0.546476399898529
3663,0.6505408406257629
3664,0.7479159593582153
3665,0.4265546381473541
3666,0.5143158853054046
3667,0.3859333395957947
3668,0.6537462830543518
3669,0.46976017355918886
3670,0.4740026116371155
3671,0.7071512460708618
3672,0.608021879196167
3673,0.2319867610931396
3674,0.3884853184223175
3675,0.6410878658294678
3676,0.7572370767593384
3677,0.5440896153450012
3678,0.39662268161773684
3679,0.25666461884975433
3680,0.5943025112152099
3681,0.5817227721214294
3682,0.24225509464740752
3683,0.4287383019924163
3684,0.4241018831729889
3685,0.40854568481445314
3686,0.3081803023815155
3687,0.5339443445205688
3688,0.32625905275344846
3689,0.7160419225692749
3690,0.6410934448242187
3691,0.46848689317703246
3692,0.305058217048645
3693,0.610310685634613
3694,0.6447641611099243
3695,0.4595728814601898
3696,0.48286927342414854
3697,0.6549327135086059
3698,0.2474313884973526
3699,0.2153034448623657
3700,0.23015249669551846
3701,0.3894103765487671
3702,0.5497259378433228
3703,0.32148881554603576
3704,0.49456669688224786
3705,0.543967092037201
3706,0.4756178677082062
3707,0.5236427903175354
3708,0.4750754237174988
3709,0.44461946487426757
3710,0.498157000541687
3711,0.5884084105491638
3712,0.6381189465522766
3713,0.2962352931499481
3714,0.4659616947174072
3715,0.27226042151451113
3716,0.6860073804855347
3717,0.4519006013870239
3718,0.4368118405342102
3719,0.4531459927558899
3720,0.7034337639808654
3721,0.5300378799438477
3722,0.39669049382209776
3723,0.6580549836158752
3724,0.5341587662696838
3725,0.24961802959442134
3726,0.7729267001152038
3727,0.45811334252357483
3728,0.31618126630783083
3729,0.7450392484664917
3730,0.5570593357086182
3731,0.39447303414344786
3732,0.4649042010307312
3733,0.6099973559379578
3734,0.43352347016334525
3735,0.294076007604599
3736,0.47950108647346495
3737,0.4627860486507416
3738,0.6002212047576905
3739,0.4290570855140686
3740,0.6696561694145202
3741,0.6999983191490173
3742,0.5306838989257813
3743,0.5651278614997863
3744,0.4876009106636047
3745,0.4368164956569672
3746,0.5843943357467651
3747,0.5271122872829437
3748,0.41355812549591064
3749,0.4781004130840302
3750,0.4759483575820923
3751,0.2786049127578735
3752,0.7159909605979919
3753,0.5372833371162414
3754,0.3411639630794525
3755,0.5908844351768494
3756,0.6711664319038391
3757,0.46722986698150637
3758,0.5466666340827941
3759,0.4035320580005646
3760,0.329832124710083
3761,0.40694622993469237
3762,0.4099825739860535
3763,0.4053498446941376
3764,0.5529799342155457
3765,0.6170089721679688
3766,0.5073263823986054
3767,0.7672375798225403
3768,0.3377250075340271
3769,0.2560990929603576
3770,0.29700090289115905
3771,0.47776302695274353
3772,0.632372260093689
3773,0.29152422547340395
3774,0.5790227651596069
3775,0.4546473979949951
3776,0.6701709151268005
3777,0.27717708945274355
3778,0.44718254208564756
3779,0.7102226972579956
3780,0.531377637386322
3781,0.5059152126312256
3782,0.7077383518218994
3783,0.48848787546157835
3784,0.47194639444351194
3785,0.5011098086833954
3786,0.24827669560909266
3787,0.7767143726348877
3788,0.7622280240058898
3789,0.5808153629302979
3790,0.4231854498386383
3791,0.6760646104812622
3792,0.44697350859642027
3793,0.30931178927421565
3794,0.7589389443397522
3795,0.6360425591468811
3796,0.6411850810050964
3797,0.6700780987739563
3798,0.2636441200971603
3799,0.5723125576972962
3800,0.7575900554656982
3801,0.28382628560066225
3802,0.454796177148819
3803,0.21995144784450527
3804,0.5557268977165222
3805,0.6367752552032471
3806,0.45875185132026675
3807,0.6037265062332153
3808,0.25246187746524806
3809,0.6263372421264648
3810,0.6576826095581054
3811,0.5826940536499023
3812,0.5320120215415954
3813,0.6170217037200928
3814,0.44662835597991946
3815,0.48950963020324706
3816,0.46269568204879763
3817,0.4020297110080719
3818,0.582904040813446
3819,0.42943000197410586
3820,0.2546603918075561
3821,0.4520902276039124
3822,0.37817237973213197
3823,0.5071281611919403
3824,0.37883522510528567
3825,0.5094044744968415
3826,0.4618364632129669
3827,0.31330316662788393
3828,0.45484126806259156
3829,0.5316115140914917
3830,0.541089391708374
3831,0.23090560138225552
3832,0.3329670131206512
3833,0.5383140206336975
3834,0.50354865193367
3835,0.7477783203125
3836,0.6723781228065491
3837,0.7746756434440613
3838,0.5908407092094421
3839,0.6968796372413635
3840,0.24447951614856717
3841,0.37201822400093076
3842,0.44055386781692507
3843,0.35041679739952086
3844,0.7786157727241516
3845,0.23549386262893668
3846,0.7296427130699158
3847,0.4623949944972992
3848,0.46439632773399353
3849,0.5347304046154022
3850,0.4287592113018036
3851,0.5967972636222839
3852,0.27010725140571595
3853,0.7643223524093627
3854,0.24208757877349849
3855,0.410172039270401
3856,0.7613285422325134
3857,0.36650962233543394
3858,0.3841350018978119
3859,0.4468224048614502
3860,0.5982396245002747
3861,0.38032527565956115
3862,0.23416773974895472
3863,0.3932576715946198
3864,0.6652153849601745
3865,0.6750206828117371
3866,0.24712364375591273
3867,0.33938523530960085
3868,0.4946890890598297
3869,0.46095419526100156
3870,0.29486960768699644
3871,0.5501025080680847
3872,0.49840561151504514
3873,0.40197826027870176
3874,0.6927576065063477
3875,0.47882885336875913
3876,0.45650784969329833
3877,0.7614540815353393
3878,0.7683626413345337
3879,0.7511908292770386
3880,0.37734301686286925
3881,0.5381242871284485
3882,0.7220960140228272
3883,0.3838442981243133
3884,0.2166306048631667
3885,0.6944976091384888
3886,0.5182137370109559
3887,0.5288940787315368
3888,0.7368895530700683
3889,0.4419107973575592
3890,0.7626330137252808
3891,0.6280401587486267
3892,0.272176057100296
3893,0.45888317823410035
3894,0.7621757030487061
3895,0.39170581102371216
3896,0.3510334253311157
3897,0.18418446183204645
3898,0.582541000843048
3899,0.6107331991195679
3900,0.7603227853775024
3901,0.5009087741374969
3902,0.2697040498256683
3903,0.4359020173549652
3904,0.3624008595943451
3905,0.5371984422206879
3906,0.5981522560119629
3907,0.5076521098613739
3908,0.6856576204299927
3909,0.5212418377399445
3910,0.7088034868240356
3911,0.2985298752784729
3912,0.5985015869140625
3913,0.2956735610961914
3914,0.5522562742233277
3915,0.6056668400764466
3916,0.5949136018753052
3917,0.7672840237617493
3918,0.3181438028812408
3919,0.6171875715255737
3920,0.7559086203575134
3921,0.4733020603656769
3922,0.38622536659240725
3923,0.34114429354667664
3924,0.3920203983783722
3925,0.7940710306167602
3926,0.7694506883621216
3927,0.4516820967197418
3928,0.7645437717437744
3929,0.4544677734375
3930,0.5742625713348388
3931,0.2610048055648803
3932,0.2704264998435974
3933,0.5039046049118042
3934,0.47805737853050234
3935,0.2684023976325989
3936,0.22185521721839901
3937,0.24144603312015533
3938,0.3094183743000031
3939,0.7652100920677185
3940,0.4670016407966614
3941,0.6626383185386657
3942,0.2449295163154602
3943,0.3295558333396912
3944,0.6377004146575928
3945,0.38138280510902406
3946,0.4171713411808014
3947,0.32784238457679743
3948,0.4421869099140167
3949,0.3370710968971252
3950,0.36900500059127805
3951,0.5180849969387055
3952,0.7624723553657532
3953,0.4337745547294617
3954,0.2795391738414764
3955,0.5311448335647583
3956,0.27140839099884034
3957,0.38323821425437926
3958,0.24581693708896638
3959,0.49034860730171204
3960,0.6821297168731689
3961,0.7285095930099488
3962,0.18694929778575892
3963,0.719959044456482
3964,0.5680368423461915
3965,0.4405352115631104
3966,0.6548044204711914
3967,0.6790318489074707
3968,0.45855691432952883
3969,0.4508238255977631
3970,0.5889383554458618
3971,0.6678357481956482
3972,0.48412543535232544
3973,0.5311306595802308
3974,0.5505824208259582
3975,0.7698723554611206
3976,0.7675867915153504
3977,0.264928925037384
3978,0.6372444033622742
3979,0.28035625219345095
3980,0.30461929440498353
3981,0.703594195842743
3982,0.7715415716171264
3983,0.7642900228500367
3984,0.4774062156677245
3985,0.534757924079895
3986,0.7774775147438049
3987,0.29152636528015136
3988,0.6392417788505554
3989,0.4975951433181763
3990,0.2624249517917633
3991,0.7332351565361023
3992,0.41474130749702454
3993,0.645809006690979
3994,0.7806297898292541
3995,0.590327513217926
3996,0.48677273392677306
3997,0.42216718196868896
3998,0.279219251871109
3999,0.3060639798641205
4000,0.3764307200908661
4001,0.6272794008255005
4002,0.5588870525360108
4003,0.513650906085968
4004,0.294125571846962
4005,0.7342463135719299
4006,0.6443100810050965
4007,0.5926247239112854
4008,0.4710275113582611
4009,0.624344801902771
4010,0.3589111328125
4011,0.7904037594795227
4012,0.2848367214202881
4013,0.2934358358383179
4014,0.6312922954559326
4015,0.4088914513587952
4016,0.5232822299003601
4017,0.399926221370697
4018,0.6723104476928711
4019,0.5072377443313598
4020,0.7314124226570129
4021,0.4459351658821106
4022,0.25197304487228395
4023,0.40483139753341674
4024,0.7062128186225891
4025,0.3448553681373596
4026,0.44537838697433474
4027,0.22821966409683223
4028,0.20337973535060877
4029,0.557012677192688
4030,0.44910818338394165
4031,0.6456220388412476
4032,0.7487814664840698
4033,0.4493363738059998
4034,0.33130128383636476
4035,0.5922372937202454
4036,0.5514362096786499
4037,0.4436298668384552
4038,0.4895037114620209
4039,0.5880114197731018
4040,0.35484160780906676
4041,0.5090532302856445
4042,0.5402688980102539
4043,0.762085783481598
4044,0.3565360963344574
4045,0.6017349600791931
4046,0.4739104986190796
4047,0.6179058670997619
4048,0.21279923915863033
4049,0.7744293093681336
4050,0.5038365304470063
4051,0.7800236940383911
4052,0.24323200285434718
4053,0.21275710761547084
4054,0.6667700409889221
4055,0.22634580135345456
4056,0.251769146323204
4057,0.6721219301223755
4058,0.30555514097213743
4059,0.5597676873207093
4060,0.3172860026359558
4061,0.24442942738533016
4062,0.6028610944747925
4063,0.4854851126670837
4064,0.38674156069755555
4065,0.36599791049957275
4066,0.3650970458984375
4067,0.45313220620155337
4068,0.3430578649044037
4069,0.7623873114585876
4070,0.46142774224281313
4071,0.537705934047699
4072,0.3042745113372803
4073,0.7629082798957825
4074,0.3583217144012451
4075,0.2818944752216339
4076,0.5255132019519806
4077,0.39019895195960996
4078,0.6112053990364075
4079,0.29597520232200625
4080,0.7695059657096863
4081,0.5782082080841064
4082,0.4458962678909302
4083,0.5663689017295838
4084,0.26744866371154785
4085,0.541436767578125
4086,0.6160304307937622
4087,0.5506391406059266
4088,0.57798992395401
4089,0.6625156044960022
4090,0.7628016114234925
4091,0.3297075092792511
4092,0.4604301691055298
4093,0.5303470015525817
4094,0.4833733558654785
4095,0.478734678030014
4096,0.6483797907829285
4097,0.4583148002624512
4098,0.4165692090988159
4099,0.6351167798042298
4100,0.5854614496231079
4101,0.5871079921722412
4102,0.5172731280326843
4103,0.4605739176273346
4104,0.6122246384620667
4105,0.4271959841251373
4106,0.7429059147834778
4107,0.4443796694278717
4108,0.3373931050300598
4109,0.4943515121936798
4110,0.2327122569084167
4111,0.27399160861968996
4112,0.5793736696243286
4113,0.6731401920318604
4114,0.5174054145812989
4115,0.446403306722641
4116,0.396415776014328
4117,0.704341459274292
4118,0.6849379658699035
4119,0.40509910583496095
4120,0.49350194334983827
4121,0.44523428082466127
4122,0.706528902053833
4123,0.41190622448921205
4124,0.7156317353248596
4125,0.49831621050834657
4126,0.48610554337501527
4127,0.4387196362018585
4128,0.7631732940673828
4129,0.5173371851444244
4130,0.43124388456344603
4131,0.301827472448349
4132,0.717286741733551
4133,0.6425633192062378
4134,0.5208849668502807
4135,0.24580740332603454
4136,0.7640088438987732
4137,0.40010921359062185
4138,0.5589253187179566
4139,0.6111100435256958
4140,0.6529668569564819
4141,0.35274952650070185
4142,0.6672576546669007
4143,0.4398926794528961
4144,0.47781230211257936
4145,0.41240408420562746
4146,0.4231465220451355
4147,0.2721491903066635
4148,0.6290570735931397
4149,0.6636526107788085
4150,0.3825531482696533
4151,0.5479074716567993
4152,0.5295029163360596
4153,0.46648004055023196
4154,0.5924295783042908
4155,0.459038645029068
4156,0.2760919749736786
4157,0.4767302691936493
4158,0.25851803421974184
4159,0.6761918663978577
4160,0.3852119266986847
4161,0.5394110679626465
4162,0.5206422686576844
4163,0.7671040296554565
4164,0.6139828443527222
4165,0.4124257266521454
4166,0.7730942845344544
4167,0.2505703061819077
4168,0.32031660676002505
4169,0.5792075037956238
4170,0.7808578014373779
4171,0.27678083777427676
4172,0.7269769787788392
4173,0.34539485573768614
4174,0.3970443308353424
4175,0.5901917219161987
4176,0.4878824889659882
4177,0.7168993473052978
4178,0.25657415091991426
4179,0.25956951081752777
4180,0.29304150938987733
4181,0.37624999284744265
4182,0.6278549075126648
4183,0.4679076075553894
4184,0.3772665739059448
4185,0.6549069166183472
4186,0.4760533332824707
4187,0.42901015281677246
4188,0.43101900815963745
4189,0.5740431904792785
4190,0.32949229478836056
4191,0.631192684173584
4192,0.37526694536209104
4193,0.688942015171051
4194,0.6993793964385986
4195,0.29335458278656007
4196,0.2395386666059494
4197,0.5004847049713135
4198,0.477616685628891
4199,0.4714080274105072
4200,0.5215928971767425
4201,0.48642395734786986
4202,0.3901181101799011
4203,0.4365279138088226
4204,0.402805233001709
4205,0.3766467571258545
4206,0.4113370060920715
4207,0.447312718629837
4208,0.4469512581825256
4209,0.43615238070487977
4210,0.7617151737213135
4211,0.5222655355930328
4212,0.4481935381889343
4213,0.7766268372535705
4214,0.6623109579086304
4215,0.4001137375831604
4216,0.6498071312904358
4217,0.25871909260749815
4218,0.5167633891105652
4219,0.4446558356285095
4220,0.41080997586250306
4221,0.3355229914188385
4222,0.6054449796676635
4223,0.30629189014434816
4224,0.41711912751197816
4225,0.46972996592521665
4226,0.42195368409156797
4227,0.6894953727722168
4228,0.5897549986839294
4229,0.684675395488739
4230,0.3175462484359741
4231,0.5605315446853638
4232,0.6399765014648438
4233,0.37367191910743713
4234,0.5023486733436584
4235,0.3210142433643341
4236,0.24768389761447906
4237,0.5677298545837403
4238,0.46646658778190614
4239,0.40735188126564026
4240,0.43720752000808716
4241,0.47887336611747744
4242,0.497875851392746
4243,0.3599705338478088
4244,0.37016719579696655
4245,0.5892993927001953
4246,0.5417105555534363
4247,0.4296601593494415
4248,0.47952398657798767
4249,0.49603444933891294
4250,0.2381657063961029
4251,0.23269776999950403
4252,0.257734403014183
4253,0.7775922656059265
4254,0.7457995653152466
4255,0.5736271977424622
4256,0.5524136185646057
4257,0.49596065282821655
4258,0.7642109274864197
4259,0.3391541302204132
4260,0.6301769971847534
4261,0.44365965127944945
4262,0.44323389530181884
4263,0.5840484261512756
4264,0.5521623134613037
4265,0.5158965528011322
4266,0.4632354021072388
4267,0.4135414123535156
4268,0.20889188647270193
4269,0.3558403432369232
4270,0.500332099199295
4271,0.3063052177429199
4272,0.4230345129966736
4273,0.3779265820980072
4274,0.37857170701026915
4275,0.5682750821113587
4276,0.4635589599609375
4277,0.5276561617851258
4278,0.6857286691665649
4279,0.30406453013420104
4280,0.22614080607891082
4281,0.42638105154037476
4282,0.4195987880229949
4283,0.7211106419563293
4284,0.515305632352829
4285,0.49887474775314333
4286,0.5261061131954193
4287,0.5326117992401123
4288,0.46310906410217284
4289,0.626636517047882
4290,0.5126125812530518
4291,0.49227500557899473
4292,0.35414350032806396
4293,0.7563726544380188
4294,0.3020611345767975
4295,0.5900988698005676
4296,0.7896430969238282
4297,0.594801664352417
4298,0.5785547494888306
4299,0.669930350780487
4300,0.26038153767585753
4301,0.45832944512367246
4302,0.46740490198135376
4303,0.5122300863265992
4304,0.5882607221603393
4305,0.46155268549919126
4306,0.45891499519348145
4307,0.5206425428390503
4308,0.3995682120323181
4309,0.5037952244281769
4310,0.21577624082565303
4311,0.6637620568275452
4312,0.31493704915046694
4313,0.32033811807632445
4314,0.446350634098053
4315,0.6810180068016052
4316,0.45574972629547117
4317,0.44872435331344607
4318,0.7245581984519959
4319,0.702341639995575
4320,0.5739933013916015
4321,0.39158065915107726
4322,0.6229775667190551
4323,0.5819902539253234
4324,0.4208745241165161
4325,0.4801546573638916
4326,0.49693059325218203
4327,0.5760223150253296
4328,0.4693520724773407
4329,0.2523521095514297
4330,0.7607046484947204
4331,0.6095487713813782
4332,0.6121046543121338
4333,0.5492665767669678
4334,0.7701125025749207
4335,0.6632834434509277
4336,0.3870589792728424
4337,0.5292322754859924
4338,0.48861737847328185
4339,0.4472852647304535
4340,0.3984035670757294
4341,0.4639784872531891
4342,0.3553150236606598
4343,0.5067162334918975
4344,0.37335485219955444
4345,0.775110375881195
4346,0.5711682796478271
4347,0.49865115284919737
4348,0.524060869216919
4349,0.4391458809375763
4350,0.2997938275337219
4351,0.7695317268371582
4352,0.46922523379325864
4353,0.6622774481773377
4354,0.4200777232646942
4355,0.484765762090683
4356,0.2603974342346191
4357,0.6293824315071106
4358,0.4509864866733551
4359,0.22637717723846432
4360,0.5694765210151672
4361,0.353207927942276
4362,0.4560433983802795
4363,0.6727141380310059
4364,0.7020759344100952
4365,0.4469172239303588
4366,0.529581344127655
4367,0.21832001209259033
4368,0.6654766917228698
4369,0.3740022838115692
4370,0.5046125829219819
4371,0.4500264286994934
4372,0.4857930362224579
4373,0.3375962495803833
4374,0.3270621120929718
4375,0.5137074947357178
4376,0.28798983097076414
4377,0.5984174489974976
4378,0.6099044561386109
4379,0.4170868158340454
4380,0.4893199265003204
4381,0.6122568726539612
4382,0.3756677031517029
4383,0.6463857769966126
4384,0.39414994716644286
4385,0.5723280549049378
4386,0.34561604261398315
4387,0.5552932977676391
4388,0.39897497892379763
4389,0.42793962359428406
4390,0.44727103114128114
4391,0.5313622832298279
4392,0.6303667426109314
4393,0.2824456512928009
4394,0.7065607666969299
4395,0.6706448435783386
4396,0.5395071148872376
4397,0.4423267483711243
4398,0.5597636103630066
4399,0.6264237880706787
4400,0.7184345841407775
4401,0.4503211498260498
4402,0.4695782482624054
4403,0.5133701622486114
4404,0.27951579093933104
4405,0.39026962518692015
4406,0.5329884767532349
4407,0.5869704484939575
4408,0.4810666024684906
4409,0.6182101368904114
4410,0.6981557846069336
4411,0.28169220089912417
4412,0.522892153263092
4413,0.7607035040855408
4414,0.7233989119529725
4415,0.2842929184436798
4416,0.5591749668121337
4417,0.6018105387687683
4418,0.2809808313846588
4419,0.536675488948822
4420,0.5002640187740326
4421,0.46274150609970094
4422,0.21569521427154537
4423,0.4679859757423401
4424,0.5992922067642212
4425,0.3248565971851349
4426,0.4503201723098755
4427,0.37250093221664426
4428,0.4035908579826355
4429,0.5078267276287078
4430,0.3933005750179291
4431,0.432610946893692
4432,0.6530280351638794
4433,0.43743856549263
4434,0.521330577135086
4435,0.7761979103088379
4436,0.430377435684204
4437,0.7796228289604187
4438,0.6339399218559265
4439,0.776398754119873
4440,0.5423365592956543
4441,0.3332038938999176
4442,0.42809381484985354
4443,0.447858864068985
4444,0.5630881071090699
4445,0.3044756233692169
4446,0.6589953899383545
4447,0.5407665252685547
4448,0.5921210527420044
4449,0.6308886289596558
4450,0.3603352725505829
4451,0.41960042119026186
4452,0.659986674785614
4453,0.6214607238769532
4454,0.6246633529663086
4455,0.7674620866775512
4456,0.5567945122718811
4457,0.22868680655956264
4458,0.4619391441345215
4459,0.7877311110496521
4460,0.47745391726493835
4461,0.37365450263023375
4462,0.6193984627723694
4463,0.7813739657402039
4464,0.7672643065452576
4465,0.3824304461479187
4466,0.27611814737319945
4467,0.362722510099411
4468,0.3731548547744751
4469,0.4576798379421234
4470,0.5046160221099854
4471,0.7358298063278198
4472,0.6526315569877624
4473,0.6197768449783325
4474,0.4842721223831177
4475,0.3941097557544708
4476,0.5299979090690613
4477,0.41331207752227783
4478,0.7766793727874756
4479,0.6468741416931152
4480,0.5165681362152099
4481,0.2979909539222717
4482,0.6135366797447205
4483,0.2551819771528244
4484,0.3397625744342804
4485,0.44389272928237916
4486,0.5361370325088501
4487,0.43354504108428954
4488,0.4397037267684937
4489,0.5121311545372009
4490,0.5442705273628234
4491,0.7832276463508606
4492,0.4794864535331726
4493,0.4676671028137207
4494,0.657982063293457
4495,0.4250202178955078
4496,0.6492225646972656
4497,0.6453827023506165
4498,0.27949365973472595
4499,0.5168157696723938
4500,0.4375049710273743
4501,0.7118645310401917
4502,0.6047853946685791
4503,0.39507122039794923
4504,0.46194337010383607
4505,0.4080314576625824
4506,0.6147891283035278
4507,0.36932416558265685
4508,0.2281823366880416
4509,0.3300630509853363
4510,0.6534865140914917
4511,0.35872694849967957
4512,0.4539522588253021
4513,0.22907443344593043
4514,0.7023144721984863
4515,0.47212718725204467
4516,0.33715434074401857
4517,0.4430581212043762
4518,0.41312273144721984
4519,0.22775340378284453
4520,0.23067529499530792
4521,0.46532732248306274
4522,0.680289375782013
4523,0.40021583437919617
4524,0.6788379549980164
4525,0.30890223383903503
4526,0.7772725343704223
4527,0.4647442698478699
4528,0.5180813789367675
4529,0.494230055809021
4530,0.5960345268249512
4531,0.6777698159217834
4532,0.7807164430618286
4533,0.43516136407852174
4534,0.48598862886428834
4535,0.5109706103801728
4536,0.2912288248538971
4537,0.5439067244529724
4538,0.3800064742565155
4539,0.7860679388046264
4540,0.40636420249938965
4541,0.3803995609283447
4542,0.6014219045639038
4543,0.5237162113189697
4544,0.3364128112792969
4545,0.3448312282562256
4546,0.7280679941177368
4547,0.4632906258106232
4548,0.228818941116333
4549,0.5445551872253418
4550,0.27756206989288323
4551,0.4189024031162262
4552,0.3716371715068817
4553,0.5094834327697754
4554,0.48532596230506897
4555,0.5194361925125122
4556,0.21570579707622528
4557,0.44695724844932555
4558,0.3245265603065491
4559,0.40359565019607546
4560,0.6986199736595153
4561,0.6113276958465577
4562,0.45654242038726806
4563,0.266587495803833
4564,0.3198784589767456
4565,0.2241039872169494
4566,0.4605224967002869
4567,0.5720100998878479
4568,0.6142794132232666
4569,0.3296007692813873
4570,0.7639193773269654
4571,0.6634218215942382
4572,0.37758250832557677
4573,0.3462335467338562
4574,0.42826164364814756
4575,0.6872326135635376
4576,0.5707277655601501
4577,0.470374995470047
4578,0.7701175689697266
4579,0.5932783842086792
4580,0.39440867900848386
4581,0.6064345121383667
4582,0.4555473685264587
4583,0.32563091516494747
4584,0.5288782358169556
4585,0.3750074148178101
4586,0.6030208110809326
4587,0.2514026969671249
4588,0.5472310781478882
4589,0.21824516952037812
4590,0.33755905628204347
4591,0.4484120547771454
4592,0.35564004778862
4593,0.2786732196807861
4594,0.39170281291007997
4595,0.3114120602607727
4596,0.5335767507553101
4597,0.6059987545013428
4598,0.4297927677631378
4599,0.418203604221344
4600,0.314353722333908
4601,0.23736657202243805
4602,0.5926498293876648
4603,0.3870877385139465
4604,0.5765700936317444
4605,0.6947627782821655
4606,0.5265162229537964
4607,0.28222094774246215
4608,0.5980137348175049
4609,0.48416205644607546
4610,0.6066212773323059
4611,0.6678819298744202
4612,0.777248740196228
4613,0.7630545377731324
4614,0.6196081280708313
4615,0.7579768776893616
4616,0.7819626450538635
4617,0.5248197317123413
4618,0.6036214470863343
4619,0.7877738118171692
4620,0.45816075801849365
4621,0.3987504839897156
4622,0.2479836165904999
4623,0.2644263803958893
4624,0.44003069400787354
4625,0.5366714537143707
4626,0.5171673715114593
4627,0.5911545038223267
4628,0.6332819581031799
4629,0.400616055727005
4630,0.6066828846931458
4631,0.391094309091568
4632,0.39675381779670715
4633,0.7687374114990234
4634,0.3114787876605988
4635,0.28348846435546876
4636,0.3578211545944214
4637,0.674971628189087
4638,0.5922852039337159
4639,0.4424372136592865
4640,0.7609999656677247
4641,0.41073374152183534
4642,0.2522701442241669
4643,0.7094303131103515
4644,0.21465001404285428
4645,0.545897364616394
4646,0.4928377687931061
4647,0.4426038682460785
4648,0.747986114025116
4649,0.6398039221763611
4650,0.604889976978302
4651,0.47042434811592104
4652,0.29490757584571836
4653,0.4159286320209503
4654,0.7785720944404602
4655,0.6383445501327515
4656,0.39636948704719543
4657,0.502936315536499
4658,0.7663636445999146
4659,0.5445746660232544
4660,0.5890912413597107
4661,0.7107839345932007
4662,0.5795193076133728
4663,0.6741487622261048
4664,0.4963478684425354
4665,0.7750441908836365
4666,0.43949838876724245
4667,0.25518945455551145
4668,0.531139212846756
4669,0.40044084191322327
4670,0.7450999617576599
4671,0.22711642086505884
4672,0.6372836112976075
4673,0.37339593172073365
4674,0.2747713983058929
4675,0.7582939982414245
4676,0.6063286781311035
4677,0.7718867897987366
4678,0.5868461966514588
4679,0.6013585925102234
4680,0.4371308505535125
4681,0.6310180306434632
4682,0.5776715517044068
4683,0.7729494214057923
4684,0.3887685537338257
4685,0.3659192264080048
4686,0.5917714595794678
4687,0.3391919076442719
4688,0.5164785504341125
4689,0.6291812419891357
4690,0.7573047161102295
4691,0.2997808814048767
4692,0.42367370128631593
4693,0.30124757885932923
4694,0.5761583924293519
4695,0.6518729567527771
4696,0.7810563802719116
4697,0.4623063445091248
4698,0.5262417316436767
4699,0.32990692853927606
4700,0.5274405956268311
4701,0.2834742844104767
4702,0.29201564788818357
4703,0.40766088366508485
4704,0.461610871553421
4705,0.45672025680541994
4706,0.7569490909576416
4707,0.3295508563518524
4708,0.307536506652832
4709,0.5460554480552673
4710,0.4569564342498779
4711,0.6943421125411987
4712,0.5803812623023987
4713,0.4157206296920776
4714,0.24792074859142305
4715,0.27323746085166933
4716,0.24691375494003295
4717,0.5211820840835572
4718,0.38120369911193847
4719,0.4681898593902588
4720,0.7340191602706909
4721,0.5447793960571289
4722,0.5994010090827941
4723,0.5369480729103089
4724,0.5418417930603028
4725,0.6773425579071045
4726,0.43151028752326964
4727,0.28457969427108765
4728,0.39949520230293273
4729,0.39798604846000674
4730,0.31770120263099666
4731,0.6503504395484925
4732,0.7074963450431824
4733,0.610896635055542
4734,0.7006597876548767
4735,0.4397446930408478
4736,0.3832379221916199
4737,0.40181373357772826
4738,0.4631704449653625
4739,0.40918182730674746
4740,0.4959148049354553
4741,0.7633219838142395
4742,0.49031184911727904
4743,0.6934074521064758
4744,0.420485121011734
4745,0.5039032697677612
4746,0.4333215355873108
4747,0.7431830286979675
4748,0.37293694019317625
4749,0.6931658029556275
4750,0.3552584171295166
4751,0.26608949303627016
4752,0.23919920921325674
4753,0.497383052110672
4754,0.5306524395942688
4755,0.6266394853591919
4756,0.7380953907966614
4757,0.4786809742450714
4758,0.35907391309738157
4759,0.4168559372425079
4760,0.5528565287590027
4761,0.7355831742286683
4762,0.3386951506137848
4763,0.5666931390762329
4764,0.4023201107978821
4765,0.2213568955659866
4766,0.7666231751441955
4767,0.4898491561412811
4768,0.4783670723438263
4769,0.5050284326076507
4770,0.42101130485534666
4771,0.761050546169281
4772,0.3320634603500366
4773,0.6455036044120789
4774,0.4623667597770691
4775,0.39625065922737124
4776,0.711990213394165
4777,0.6601940035820008
4778,0.6657658696174622
4779,0.627130138874054
4780,0.7479747295379638
4781,0.20956362783908844
4782,0.34917132258415223
4783,0.5509915351867676
4784,0.462636137008667
4785,0.33705355525016784
4786,0.4427204728126526
4787,0.29723841547966
4788,0.378728985786438
4789,0.2936406314373016
4790,0.5199578404426575
4791,0.5203925132751465
4792,0.4366905510425568
4793,0.2771478831768036
4794,0.5161137998104095
4795,0.4463457763195038
4796,0.6564778685569763
4797,0.6231813430786133
4798,0.4678744852542877
4799,0.41356406211853025
4800,0.45221456289291384
4801,0.4212356984615326
4802,0.6387547135353089
4803,0.47625799775123595
4804,0.4403941333293915
4805,0.5423434257507325
4806,0.44621864557266233
4807,0.6166268229484558
4808,0.5061055839061737
4809,0.5922172784805297
4810,0.6826127052307129
4811,0.4472587823867798
4812,0.7667704820632935
4813,0.4924850046634674
4814,0.6121126532554626
4815,0.3110018134117126
4816,0.47097727060317995
4817,0.4895654201507568
4818,0.7419324159622193
4819,0.28046613931655884
4820,0.3212289929389954
4821,0.2649728834629059
4822,0.41202149391174314
4823,0.5318395137786865
4824,0.6909905314445496
4825,0.31534397006034853
4826,0.3934866368770599
4827,0.6656940102577209
4828,0.4455201268196106
4829,0.47848483324050906
4830,0.7745203852653504
4831,0.2906789481639862
4832,0.32074094414710996
4833,0.24408047497272492
4834,0.6768872976303101
4835,0.5964519500732421
4836,0.620001745223999
4837,0.5810445427894593
4838,0.4993189752101898
4839,0.4321266710758209
4840,0.4188857078552246
4841,0.4991782486438751
4842,0.4209158539772034
4843,0.40185686349868777
4844,0.5591954946517944
4845,0.6230727791786194
4846,0.5181559681892395
4847,0.5208250105381012
4848,0.3880316078662872
4849,0.7317791700363159
4850,0.4446195363998413
4851,0.5466291666030884
4852,0.3866559386253357
4853,0.2906106412410736
4854,0.38421226739883424
4855,0.41299196481704714
4856,0.7829189658164978
4857,0.49824591279029845
4858,0.4436856031417847
4859,0.25557931661605837
4860,0.29464476108551024
4861,0.22843365967273707
4862,0.23246251642704005
4863,0.3036861360073089
4864,0.3885180115699768
4865,0.4422236800193787
4866,0.47145081758499147
4867,0.3993963599205017
4868,0.47245893478393547
4869,0.6321466207504273
4870,0.591800594329834
4871,0.7687187194824219
4872,0.23838796615600583
4873,0.5886938571929932
4874,0.27001283764839173
4875,0.4439822375774384
4876,0.3395540118217468
4877,0.33077584505081176
4878,0.481155264377594
4879,0.40037124752998354
4880,0.41213287115097047
4881,0.2633818745613098
4882,0.43908833265304564
4883,0.7715355277061462
4884,0.6021132111549378
4885,0.7646096825599671
4886,0.5436200559139251
4887,0.3615334153175354
4888,0.27177357077598574
4889,0.6224487543106079
4890,0.3171891152858734
4891,0.5469910025596618
4892,0.5227672755718231
4893,0.509318721294403
4894,0.7624921917915344
4895,0.7636006712913513
4896,0.5774619698524475
4897,0.46445358991622926
4898,0.2890884578227996
4899,0.4150939166545868
4900,0.4719982385635376
4901,0.5836565136909485
4902,0.37948836088180543
4903,0.5014741003513337
4904,0.452064710855484
4905,0.6176040887832641
4906,0.6043981552124024
4907,0.2472903132438659
4908,0.43560524582862853
4909,0.3788326680660248
4910,0.45025063753128053
4911,0.38073995113372805
4912,0.4050612568855286
4913,0.4601042032241821
4914,0.6679214358329773
4915,0.22780811488628389
4916,0.403863924741745
4917,0.4695374548435211
4918,0.7666629672050476
4919,0.5439656496047973
4920,0.41961036920547484
4921,0.4103828430175781
4922,0.5309785783290863
4923,0.7419105291366577
4924,0.5404952645301819
4925,0.20943553745746607
4926,0.6371798276901245
4927,0.5869372367858887
4928,0.34012025594711304
4929,0.4372748017311096
4930,0.6999581098556519
4931,0.5104088544845581
4932,0.7079864263534545
4933,0.44343615770339967
4934,0.4660000443458556
4935,0.612163758277893
4936,0.772288179397583
4937,0.6805521488189697
4938,0.6168622851371766
4939,0.5922619462013244
4940,0.3478879988193512
4941,0.6023632764816285
4942,0.7640560388565063
4943,0.7003887176513672
4944,0.5236434817314148
4945,0.4297016322612762
4946,0.4333121955394745
4947,0.5736505150794983
4948,0.7850306153297424
4949,0.2954177141189575
4950,0.652781069278717
4951,0.4351486265659332
4952,0.7621282458305358
4953,0.6512988090515137
4954,0.21178743243217468
4955,0.4650224089622498
4956,0.3989325761795044
4957,0.22448966205120086
4958,0.6099905133247375
4959,0.47274555563926696
4960,0.49888243079185485
4961,0.3008728623390198
4962,0.7727098822593689
4963,0.4421230673789978
4964,0.5022540271282196
4965,0.2934472978115082
4966,0.24790822267532345
4967,0.459850937128067
4968,0.4759808421134949
4969,0.7788933396339417
4970,0.6051873207092285
4971,0.7772516131401062
4972,0.23904660046100618
4973,0.7397145390510559
4974,0.4839856743812561
4975,0.38988334536552427
4976,0.3601436913013458
4977,0.2757358372211456
4978,0.4090900242328644
4979,0.6749849557876587
4980,0.3571165561676025
4981,0.522048008441925
4982,0.7150053143501282
4983,0.7726965308189392
4984,0.7687522053718567
4985,0.4691731154918671
4986,0.44933590292930603
4987,0.42269381880760193
4988,0.6100998282432556
4989,0.20687993168830868
4990,0.46591861844062804
4991,0.46482322812080384
4992,0.7705148816108703
4993,0.44982360005378724
4994,0.4712825775146484
4995,0.2243642449378967
4996,0.5087247014045715
4997,0.44750900864601134
4998,0.6097771883010864
4999,0.4722019791603088
5000,0.2498739778995514
5001,0.5373072028160095
5002,0.21330627202987668
5003,0.6013400912284851
5004,0.5366703867912292
5005,0.461995267868042
5006,0.5579866886138916
5007,0.5062256693840027
5008,0.3339762568473816
5009,0.3572930932044983
5010,0.6682844042778016
5011,0.6259405136108398
5012,0.5582112431526184
5013,0.39822874665260316
5014,0.7044911980628967
5015,0.6888893365859985
5016,0.4769610226154327
5017,0.46850365996360777
5018,0.42774351835250857
5019,0.417253178358078
5020,0.4663571536540985
5021,0.540185558795929
5022,0.24703607261180877
5023,0.2688847243785858
5024,0.4042186737060547
5025,0.19721333682537073
5026,0.6754824042320251
5027,0.49758105874061587
5028,0.7744421601295471
5029,0.5043094456195831
5030,0.26847625374794004
5031,0.44166494011878965
5032,0.49470078349113467
5033,0.663409423828125
5034,0.319288432598114
5035,0.30656157732009887
5036,0.51165069937706
5037,0.7746879816055298
5038,0.40803889036178587
5039,0.6829787254333496
5040,0.28865528106689453
5041,0.6484580636024475
5042,0.4869120121002197
5043,0.4484186053276062
5044,0.5400277972221375
5045,0.626768684387207
5046,0.47358773946762084
5047,0.3523208975791931
5048,0.27322088479995726
5049,0.3336016058921814
5050,0.3867232441902161
5051,0.39293471574783323
5052,0.30705806016922
5053,0.7479331493377686
5054,0.2115576565265655
5055,0.4937360227108002
5056,0.568049156665802
5057,0.49992490410804746
5058,0.24248625636100768
5059,0.5850562691688538
5060,0.4662738561630249
5061,0.6827491044998169
5062,0.4756456971168518
5063,0.426268208026886
5064,0.4660829842090607
5065,0.2996252000331879
5066,0.6255418062210083
5067,0.38969475626945493
5068,0.5566848874092102
5069,0.4715111494064331
5070,0.6297283172607422
5071,0.7747235178947449
5072,0.7621518015861511
5073,0.44408538937568665
5074,0.46743091344833376
5075,0.649266266822815
5076,0.4525707423686981
5077,0.7157362699508667
5078,0.2664905250072479
5079,0.3769008040428162
5080,0.23927879631519314
5081,0.31060572862625124
5082,0.4446768879890442
5083,0.7520130634307861
5084,0.34547593593597414
5085,0.284059202671051
5086,0.3736556589603424
5087,0.21561914384365077
5088,0.7663015842437744
5089,0.3939392626285553
5090,0.47244117259979246
5091,0.6969308614730835
5092,0.2936634957790375
5093,0.5002176582813262
5094,0.5507732033729553
5095,0.5885364174842834
5096,0.3370431065559387
5097,0.3840105414390564
5098,0.34018267393112184
5099,0.37215052247047425
5100,0.5966284155845643
5101,0.5450914859771728
5102,0.29151129722595215
5103,0.38875223994255065
5104,0.2537316679954529
5105,0.7779884696006775
5106,0.4657600104808807
5107,0.3656975746154785
5108,0.43452666997909545
5109,0.7380557894706726
5110,0.4618535220623016
5111,0.626499605178833
5112,0.6616738557815551
5113,0.6884847402572631
5114,0.4315879106521606
5115,0.5827559113502503
5116,0.3748593866825104
5117,0.46154649257659913
5118,0.4718455970287323
5119,0.5280170917510987
5120,0.6666545867919922
5121,0.42556203007698057
5122,0.5942087769508362
5123,0.46028881072998046
5124,0.36829671263694763
5125,0.4219337999820709
5126,0.3087327480316162
5127,0.781182336807251
5128,0.522889006137848
5129,0.27371625900268554
5130,0.4196445822715759
5131,0.5860737562179565
5132,0.6127857685089111
5133,0.7095372438430786
5134,0.42011454701423645
5135,0.40936191082000734
5136,0.5178197860717774
5137,0.647629463672638
5138,0.4006521701812744
5139,0.7683861970901489
5140,0.37760586142539976
5141,0.4015390992164612
5142,0.4444177746772766
5143,0.28442195653915403
5144,0.5677428245544434
5145,0.6929872989654541
5146,0.43976356983184817
5147,0.5284699678421021
5148,0.473285847902298
5149,0.42665810585021974
5150,0.266693115234375
5151,0.4695185899734497
5152,0.3914943218231201
5153,0.42777836322784424
5154,0.461802339553833
5155,0.6985295414924622
5156,0.34571393132209777
5157,0.685471510887146
5158,0.23708793222904206
5159,0.7328185200691223
5160,0.6560639262199401
5161,0.598219347000122
5162,0.5566050410270691
5163,0.31197688579559324
5164,0.6747258901596069
5165,0.5616641640663147
5166,0.2928226709365845
5167,0.5703651905059814
5168,0.783171546459198
5169,0.5151392936706543
5170,0.49335265159606934
5171,0.45337570905685426
5172,0.6006561160087586
5173,0.40521586537361143
5174,0.4899525046348572
5175,0.40456377863883974
5176,0.5708809494972229
5177,0.44928574562072754
5178,0.4569743275642395
5179,0.25950570702552794
5180,0.44169512391090393
5181,0.44050865769386294
5182,0.27349746525287627
5183,0.3870388984680176
5184,0.3638141632080078
5185,0.4913951516151428
5186,0.24019682109355922
5187,0.5687673926353455
5188,0.5408620953559875
5189,0.26490843296051025
5190,0.5079413890838623
5191,0.7426633358001709
5192,0.4603323996067047
5193,0.6550045132637023
5194,0.3954081892967224
5195,0.3137114465236664
5196,0.4509610593318939
5197,0.7163174033164978
5198,0.6527172803878785
5199,0.34168440103530884
5200,0.7734141230583191
5201,0.2029271215200424
5202,0.4487305641174316
5203,0.6048348784446717
5204,0.5309590399265289
5205,0.5263616442680359
5206,0.4608355462551117
5207,0.32686887979507445
5208,0.4579584777355194
5209,0.22791454195976252
5210,0.4796009540557861
5211,0.649815046787262
5212,0.21727254390716552
5213,0.22427127957344045
5214,0.40680369138717654
5215,0.32290924787521363
5216,0.2429823696613312
5217,0.4182940423488617
5218,0.7743144392967224
5219,0.2276144057512283
5220,0.6555636763572693
5221,0.41922237277030944
5222,0.40073578953742983
5223,0.45251739025115967
5224,0.32633167505264277
5225,0.463284569978714
5226,0.47457532286643983
5227,0.47121415138244627
5228,0.6715492129325866
5229,0.507288110256195
5230,0.4350656569004059
5231,0.3015406370162964
5232,0.6131619930267334
5233,0.26230688691139215
5234,0.3869189977645874
5235,0.5015180706977844
5236,0.48516128659248353
5237,0.3938468515872955
5238,0.5405716598033905
5239,0.34743590354919435
5240,0.4759114384651184
5241,0.5147511422634125
5242,0.6780942797660827
5243,0.3272473037242889
5244,0.7517394065856934
5245,0.4588104963302612
5246,0.6762035369873047
5247,0.5127247035503387
5248,0.6001732826232911
5249,0.6706202983856201
5250,0.43403964638710024
5251,0.7660562872886658
5252,0.4226036787033081
5253,0.4176413357257843
5254,0.7666319012641907
5255,0.758833384513855
5256,0.34348863959312437
5257,0.7483452796936035
5258,0.2531266301870346
5259,0.4119363009929657
5260,0.4149237096309662
5261,0.4250034034252167
5262,0.4364493191242218
5263,0.6077431559562683
5264,0.30428380370140073
5265,0.22935036420822139
5266,0.38675745129585265
5267,0.3127661764621734
5268,0.40706552267074586
5269,0.5181593477725983
5270,0.3856006979942322
5271,0.5744039297103882
5272,0.648760986328125
5273,0.4594502985477448
5274,0.27864617109298706
5275,0.31902043223381044
5276,0.29811756014823915
5277,0.4546260476112366
5278,0.4640605926513672
5279,0.5471935391426086
5280,0.5794904589653015
5281,0.7692437171936035
5282,0.6884585857391358
5283,0.4471253931522369
5284,0.49206385016441345
5285,0.6800360560417176
5286,0.7751810193061829
5287,0.307073700428009
5288,0.3283520579338074
5289,0.43260634541511533
5290,0.46649397611618043
5291,0.3991334855556488
5292,0.5062416017055511
5293,0.49026591181755064
5294,0.7273640513420105
5295,0.5456782817840576
5296,0.5637615561485291
5297,0.28293118476867674
5298,0.5308337867259979
5299,0.29485647678375243
5300,0.38484209179878237
5301,0.782779061794281
5302,0.502393239736557
5303,0.6585529804229736
5304,0.5774513721466065
5305,0.3479944050312042
5306,0.23759071826934813
5307,0.47324188351631163
5308,0.4243125319480896
5309,0.425219851732254
5310,0.5949551820755005
5311,0.7386788845062255
5312,0.2803596079349518
5313,0.5154614567756652
5314,0.47711711525917055
5315,0.6102269887924194
5316,0.4670397281646729
5317,0.2984422564506531
5318,0.7666228413581848
5319,0.3926577210426331
5320,0.470803439617157
5321,0.21689773201942444
5322,0.28471926152706145
5323,0.27725069224834437
5324,0.43406549096107483
5325,0.578748369216919
5326,0.42941697835922243
5327,0.3803907215595245
5328,0.4617721736431122
5329,0.5245372414588928
5330,0.7676981449127197
5331,0.46420449018478394
5332,0.6462745308876038
5333,0.57193021774292
5334,0.777590560913086
5335,0.505069249868393
5336,0.3426911532878876
5337,0.7863958716392517
5338,0.4607189714908599
5339,0.5266658425331116
5340,0.7430693864822387
5341,0.44680269360542296
5342,0.4237097859382629
5343,0.4014553129673003
5344,0.7771513342857361
5345,0.5421186685562134
5346,0.6852852940559387
5347,0.48109379410743713
5348,0.6333855867385865
5349,0.5884094953536987
5350,0.4687574028968811
5351,0.36510483622550965
5352,0.5450048565864563
5353,0.4639697253704071
5354,0.30004294514656066
5355,0.7364271521568299
5356,0.6232039570808411
5357,0.4477282762527466
5358,0.24552654027938842
5359,0.32825787663459777
5360,0.609521496295929
5361,0.7173815250396729
5362,0.29336207509040835
5363,0.466532039642334
5364,0.4472756445407867
5365,0.46139163374900816
5366,0.349802017211914
5367,0.5758305430412293
5368,0.3355721175670624
5369,0.23757427632808686
5370,0.5486230254173279
5371,0.22450159192085262
5372,0.4264444947242737
5373,0.4230469405651093
5374,0.48783889412879944
5375,0.3216046571731567
5376,0.43235850930213926
5377,0.7270400524139404
5378,0.45691814422607424
5379,0.5318493127822876
5380,0.46952332854270934
5381,0.5018926799297333
5382,0.38797653317451475
5383,0.7577722549438477
5384,0.47336803674697875
5385,0.38828935027122496
5386,0.5054581701755524
5387,0.4529275596141815
5388,0.7421029925346374
5389,0.3828842282295227
5390,0.6240734100341797
5391,0.44503371715545653
5392,0.44959519505500795
5393,0.5377845883369445
5394,0.4749408483505249
5395,0.2571771651506424
5396,0.7148372173309326
5397,0.7279232263565063
5398,0.5787705302238464
5399,0.6915589690208435
5400,0.35279896259307864
5401,0.4360105812549591
5402,0.4721727788448334
5403,0.2198036134243011
5404,0.6658187508583069
5405,0.407177597284317
5406,0.648236083984375
5407,0.4776397705078125
5408,0.7861764788627624
5409,0.6413026213645935
5410,0.37615100145339964
5411,0.6809412360191345
5412,0.6123788237571717
5413,0.7792431950569153
5414,0.4907960772514343
5415,0.22279369533061982
5416,0.20251336991786953
5417,0.7576619505882263
5418,0.26177372932434084
5419,0.37293935418128965
5420,0.5227796792984009
5421,0.5467972993850708
5422,0.310909640789032
5423,0.48168609738349916
5424,0.6088931918144226
5425,0.31459066867828367
5426,0.5904409289360046
5427,0.588014543056488
5428,0.40618228912353516
5429,0.34180648922920226
5430,0.4232222318649292
5431,0.5144474029541015
5432,0.5221602439880371
5433,0.23147644996643063
5434,0.7802437901496887
5435,0.5138967275619507
5436,0.47668089270591735
5437,0.41761940717697144
5438,0.39902825355529786
5439,0.326210218667984
5440,0.4521735906600952
5441,0.6224651336669922
5442,0.43016950488090516
5443,0.34908478856086733
5444,0.2120213568210602
5445,0.5804343223571777
5446,0.33015490174293516
5447,0.6822741866111756
5448,0.525377893447876
5449,0.4561120688915253
5450,0.2858017683029175
5451,0.4271643877029419
5452,0.2255863785743713
5453,0.685466980934143
5454,0.341287100315094
5455,0.7801818370819091
5456,0.5027444422245025
5457,0.777658200263977
5458,0.345522403717041
5459,0.414665687084198
5460,0.539254629611969
5461,0.6958767294883728
5462,0.44398985505104055
5463,0.2216574758291244
5464,0.5294023036956788
5465,0.39601012468338015
5466,0.655344796180725
5467,0.5244838118553161
5468,0.24182465374469758
5469,0.5536133289337158
5470,0.7358264565467835
5471,0.29216275215148924
5472,0.43378089666366576
5473,0.5391008973121643
5474,0.5866125702857972
5475,0.5332053303718567
5476,0.5411632061004639
5477,0.5960214734077454
5478,0.3396202206611633
5479,0.7578424334526062
5480,0.39734119176864624
5481,0.531569242477417
5482,0.664346432685852
5483,0.6750753402709961
5484,0.48707773685455324
5485,0.5267842650413513
5486,0.5087582886219024
5487,0.7440627098083497
5488,0.5553698062896728
5489,0.436548125743866
5490,0.7746268391609192
5491,0.556342613697052
5492,0.44464401006698606
5493,0.5704158902168274
5494,0.4936249315738678
5495,0.24274258315563196
5496,0.4456813633441925
5497,0.5136271059513092
5498,0.5333936095237732
5499,0.39981287717819214
5500,0.6418866753578186
5501,0.31148433685302734
5502,0.3609882056713104
5503,0.2747284770011902
5504,0.6947948455810546
5505,0.4572147488594055
5506,0.4601937413215637
5507,0.6045054912567138
5508,0.3873001754283905
5509,0.6293591499328614
5510,0.7094254970550538
5511,0.7592176795005798
5512,0.4537936508655548
5513,0.43368972539901735
5514,0.4005390226840973
5515,0.4271933794021606
5516,0.5326329469680786
5517,0.5028875768184662
5518,0.40197417736053465
5519,0.4823289692401886
5520,0.37123770713806153
5521,0.7480308771133423
5522,0.4345069169998169
5523,0.6278755307197571
5524,0.26680058240890503
5525,0.2675872385501861
5526,0.7795567989349366
5527,0.2142200887203216
5528,0.5498123645782471
5529,0.22041191160678864
5530,0.7781354665756226
5531,0.41197056174278257
5532,0.4842188060283661
5533,0.4621241092681885
5534,0.5918781638145447
5535,0.7595287680625915
5536,0.3970059156417846
5537,0.3156956732273102
5538,0.3431773006916046
5539,0.5923770070075989
5540,0.5728965520858764
5541,0.43116697669029236
5542,0.5611327290534973
5543,0.4724284470081329
5544,0.41403697729110717
5545,0.5743705868721009
5546,0.32963926196098325
5547,0.6659545302391052
5548,0.49484147429466246
5549,0.3352817833423615
5550,0.7619656324386597
5551,0.5118317127227783
5552,0.7103300094604492
5553,0.3289275109767914
5554,0.7125771522521973
5555,0.3818700134754181
5556,0.6596840381622314
5557,0.38975805044174194
5558,0.7032655358314515
5559,0.7737352252006531
5560,0.76683109998703
5561,0.6993830800056458
5562,0.21586085855960846
5563,0.5242490351200104
5564,0.32033576965332033
5565,0.44637041687965395
5566,0.3350266456604004
5567,0.2064461499452591
5568,0.6860502481460571
5569,0.20453142225742335
5570,0.2910617768764496
5571,0.5870476007461548
5572,0.37195531725883485
5573,0.5603321671485901
5574,0.6683566451072693
5575,0.568022358417511
5576,0.21579444408416742
5577,0.5872151970863342
5578,0.3659716784954071
5579,0.45659964084625243
5580,0.23657739162445063
5581,0.45024502873420713
5582,0.5491719961166381
5583,0.41916667819023135
5584,0.5397994041442871
5585,0.28952565193176266
5586,0.5936313271522522
5587,0.6466107249259949
5588,0.7726958155632019
5589,0.38704986572265626
5590,0.41232297420501707
5591,0.6505591988563537
5592,0.45904303789138795
5593,0.7749001264572144
5594,0.40610050559043886
5595,0.31171132922172545
5596,0.6069711685180664
5597,0.7021208524703979
5598,0.6610655784606934
5599,0.29516651034355157
5600,0.6288376450538635
5601,0.77588791847229
5602,0.5780676126480102
5603,0.37187072038650515
5604,0.6124393701553345
5605,0.3099470973014832
5606,0.6841170072555542
5607,0.4453018069267273
5608,0.4844824016094208
5609,0.7755497455596924
5610,0.7601562023162842
5611,0.600516390800476
5612,0.5526433944702148
5613,0.485763418674469
5614,0.5544618487358093
5615,0.5623644471168519
5616,0.45687092542648317
5617,0.5712572574615479
5618,0.41471646428108216
5619,0.38938744068145753
5620,0.7042754769325257
5621,0.31184528470039363
5622,0.4720379590988159
5623,0.6769311785697937
5624,0.7006579875946045
5625,0.4419134438037872
5626,0.5208533108234406
5627,0.42377251386642456
5628,0.46792504787445066
5629,0.3161663353443146
5630,0.3251862406730652
5631,0.5102456510066986
5632,0.5033274531364441
5633,0.6388221502304077
5634,0.5158466279506684
5635,0.35708020329475404
5636,0.3465160846710205
5637,0.4354202330112457
5638,0.31518212556838987
5639,0.5241982638835907
5640,0.605668580532074
5641,0.456650972366333
5642,0.5007019400596618
5643,0.5716095209121704
5644,0.684658408164978
5645,0.47307326793670657
5646,0.36561594605445863
5647,0.4764734089374542
5648,0.5189882516860962
5649,0.5941801190376281
5650,0.2742838203907013
5651,0.22522186040878295
5652,0.4642644882202148
5653,0.27320799231529236
5654,0.7831162095069886
5655,0.7643896222114563
5656,0.7101626634597779
5657,0.45554988980293276
5658,0.6490094304084778
5659,0.7604987382888794
5660,0.512627363204956
5661,0.5848188757896423
5662,0.3706457257270813
5663,0.320999413728714
5664,0.5160485625267028
5665,0.6635151147842407
5666,0.4633793652057648
5667,0.5057724952697754
5668,0.6014009714126587
5669,0.5391680717468261
5670,0.28428004384040834
5671,0.7801212430000305
5672,0.21225453019142151
5673,0.6851562976837158
5674,0.43819286227226256
5675,0.6111917138099671
5676,0.3057338118553162
5677,0.20779651701450347
5678,0.32172962427139284
5679,0.5414825201034545
5680,0.24450185596942903
5681,0.35561980605125426
5682,0.7357669711112976
5683,0.5724453330039978
5684,0.547172236442566
5685,0.699049174785614
5686,0.44139358401298523
5687,0.36227025389671325
5688,0.5375590085983276
5689,0.3630675137042999
5690,0.50576810836792
5691,0.22791588604450222
5692,0.706431782245636
5693,0.5502632856369019
5694,0.3963248670101166
5695,0.40811925530433657
5696,0.5801275134086609
5697,0.7676032781600952
5698,0.3329103946685791
5699,0.29262699484825133
5700,0.4339892089366913
5701,0.577154278755188
5702,0.40799657106399534
5703,0.6807371139526367
5704,0.6790728569030762
5705,0.43562131524086
5706,0.4599408745765686
5707,0.5465211033821106
5708,0.5684961080551147
5709,0.4416177570819855
5710,0.6169734835624695
5711,0.4211238205432892
5712,0.3095690131187439
5713,0.5728280782699585
5714,0.4942737936973572
5715,0.5056529343128204
5716,0.47074228525161743
5717,0.6914709448814392
5718,0.47140033841133117
5719,0.4851780831813812
5720,0.45680347084999084
5721,0.364044725894928
5722,0.27376919984817505
5723,0.614873743057251
5724,0.6510590314865112
5725,0.49537146687507627
5726,0.611258578300476
5727,0.7007067441940308
5728,0.7679324984550476
5729,0.5197521328926087
5730,0.3443445861339569
5731,0.7253293991088867
5732,0.29962368607521056
5733,0.577197265625
5734,0.4747845113277435
5735,0.4638301908969879
5736,0.3926741719245911
5737,0.3045815646648407
5738,0.5828041195869446
5739,0.44558665752410886
5740,0.23818303048610684
5741,0.42766320109367373
5742,0.5959064602851868
5743,0.6245532274246216
5744,0.6265554308891297
5745,0.763315761089325
5746,0.5605193018913269
5747,0.32043126225471497
5748,0.748138153553009
5749,0.45130001902580263
5750,0.7378016114234924
5751,0.4636738657951355
5752,0.366695249080658
5753,0.5959226608276367
5754,0.19469787478446957
5755,0.42531375885009765
5756,0.7654282212257385
5757,0.7207108974456787
5758,0.40403818488121035
5759,0.4662798881530762
5760,0.3081529259681702
5761,0.23995236158370967
5762,0.5678661227226257
5763,0.6248499393463135
5764,0.5667980909347534
5765,0.4439122438430786
5766,0.47054179310798644
5767,0.671764588356018
5768,0.43944028615951536
5769,0.44392217993736266
5770,0.2941693127155304
5771,0.4970386981964111
5772,0.7769270181655884
5773,0.4425089955329894
5774,0.626995301246643
5775,0.40607662200927735
5776,0.249762350320816
5777,0.30929874181747435
5778,0.7284486293792725
5779,0.4358398973941803
5780,0.7690935611724854
5781,0.6466842293739319
5782,0.31115559339523313
5783,0.781702184677124
5784,0.4572638809680939
5785,0.4126246213912964
5786,0.3852311670780182
5787,0.5510562419891357
5788,0.664036226272583
5789,0.6839524388313294
5790,0.36692397594451903
5791,0.2822850465774536
5792,0.6858863830566406
5793,0.4758418381214142
5794,0.22501551210880275
5795,0.4559945225715637
5796,0.20143433213233944
5797,0.747803521156311
5798,0.7745887637138367
5799,0.40295968651771535
5800,0.5157732248306275
5801,0.5190710544586181
5802,0.7816321969032287
5803,0.3771906614303589
5804,0.4758554220199585
5805,0.6061108350753784
5806,0.4164704084396361
5807,0.7730792045593262
5808,0.5266223788261414
5809,0.29223201870918275
5810,0.5093167901039124
5811,0.48249619603157046
5812,0.6713118553161621
5813,0.45978859066963185
5814,0.44574552178382865
5815,0.5050002038478851
5816,0.6825892090797424
5817,0.29334506392478943
5818,0.40199177861213686
5819,0.48092223405838014
5820,0.7328505396842957
5821,0.5076681137084961
5822,0.6296515583992004
5823,0.22431244552135468
5824,0.6455866694450378
5825,0.6435014247894287
5826,0.4947971522808075
5827,0.5445441126823425
5828,0.6102459788322449
5829,0.5992312431335449
5830,0.7203067660331726
5831,0.32102681398391725
5832,0.4477815628051758
5833,0.6029382348060608
5834,0.5232028961181641
5835,0.45117632746696473
5836,0.6601834654808044
5837,0.4589280724525452
5838,0.24959595799446105
5839,0.7453349232673645
5840,0.3201014399528503
5841,0.4739100694656372
5842,0.5126339137554169
5843,0.5641283750534057
5844,0.2210908472537994
5845,0.3980164706707
5846,0.24177221953868866
5847,0.5126658260822297
5848,0.3372552514076233
5849,0.6268762826919556
5850,0.5910634398460388
5851,0.28079683184623716
5852,0.4489863097667694
5853,0.5314495325088501
5854,0.7672156453132629
5855,0.5487365841865539
5856,0.6034648895263672
5857,0.5684318780899048
5858,0.6183799862861633
5859,0.5306211471557617
5860,0.5087556183338166
5861,0.6703088998794555
5862,0.4133628964424133
5863,0.6974499940872192
5864,0.29108856320381166
5865,0.5659355044364929
5866,0.4979775309562683
5867,0.5874282360076905
5868,0.45138628482818605
5869,0.4331083595752716
5870,0.38206441998481744
5871,0.7509939789772033
5872,0.3122105002403259
5873,0.5222184777259826
5874,0.27171123027801514
5875,0.6057576656341552
5876,0.4844717502593994
5877,0.5721200346946717
5878,0.7739789247512817
5879,0.3070092797279358
5880,0.6126879453659058
5881,0.4539635956287384
5882,0.368392151594162
5883,0.7206666588783264
5884,0.5486060380935669
5885,0.46123607754707335
5886,0.3599375367164611
5887,0.44854392409324645
5888,0.6101813793182373
5889,0.621183967590332
5890,0.4753222048282623
5891,0.6654796004295349
5892,0.5415032505989075
5893,0.26497024297714233
5894,0.5038222968578339
5895,0.52022225856781
5896,0.7847680568695068
5897,0.327245432138443
5898,0.641120707988739
5899,0.7008587479591369
5900,0.4119408428668976
5901,0.7686273217201233
5902,0.4252101957798004
5903,0.6294172406196594
5904,0.6651785254478455
5905,0.4894983768463135
5906,0.4407669365406036
5907,0.6367606401443482
5908,0.3229255735874176
5909,0.7649654269218444
5910,0.47081891894340516
5911,0.7400025248527526
5912,0.7581689476966857
5913,0.7677466869354248
5914,0.46006315350532534
5915,0.5902811169624329
5916,0.41461888551712034
5917,0.2995745182037354
5918,0.6874051570892334
5919,0.4835917830467224
5920,0.24755535125732422
5921,0.3032966554164886
5922,0.7483198523521424
5923,0.5015482783317566
5924,0.75872243642807
5925,0.565958297252655
5926,0.34450250267982485
5927,0.5434071063995362
5928,0.4372182130813599
5929,0.5904619574546814
5930,0.2189181119203567
5931,0.22470776736736298
5932,0.4712074935436249
5933,0.3451693654060364
5934,0.7192256569862365
5935,0.2424482136964798
5936,0.4452765643596649
5937,0.5461880445480347
5938,0.210756379365921
5939,0.38368616700172425
5940,0.6835207223892212
5941,0.6234684586524963
5942,0.43136374950408934
5943,0.2792262077331543
5944,0.615169107913971
5945,0.49086650609970095
5946,0.3086663126945496
5947,0.33015298843383784
5948,0.3529367446899414
5949,0.3333639562129974
5950,0.45947694778442383
5951,0.7554463148117065
5952,0.6730297565460205
5953,0.3299010396003723
5954,0.6189017772674561
5955,0.5355701327323914
5956,0.41930718421936036
5957,0.7559052467346191
5958,0.6480982542037964
5959,0.3078286349773407
5960,0.23580667972564692
5961,0.30334666967391966
5962,0.34168857932090757
5963,0.30529557466506957
5964,0.5150553464889527
5965,0.5014644503593445
5966,0.5998764395713806
5967,0.4730386257171631
5968,0.359401673078537
5969,0.4455823600292206
5970,0.27288617491722106
5971,0.540738844871521
5972,0.5780597567558289
5973,0.7638238787651062
5974,0.5081067860126496
5975,0.6264529228210449
5976,0.47396495938301086
5977,0.33307417035102843
5978,0.24938994646072388
5979,0.39054933190345764
5980,0.4399485528469086
5981,0.45012578964233396
5982,0.7112281560897827
5983,0.7304780602455139
5984,0.46817187070846555
5985,0.6967029571533203
5986,0.5543122529983521
5987,0.4214479744434357
5988,0.31327934861183165
5989,0.7745029091835022
5990,0.40600833892822263
5991,0.25890385508537295
5992,0.21400264203548428
5993,0.3343157470226288
5994,0.6190823912620544
5995,0.6074809193611145
5996,0.2692007541656494
5997,0.7833035469055176
5998,0.4628572046756744
5999,0.2960997879505157
6000,0.5009942710399627
6001,0.530495285987854
6002,0.7667139053344727
6003,0.38994304537773133
6004,0.5123977541923523
6005,0.5706612706184387
6006,0.791174566745758
6007,0.6214974999427796
6008,0.25592758953571315
6009,0.6200294256210327
6010,0.5016377866268158
6011,0.49482229351997375
6012,0.4570640742778778
6013,0.4832118332386017
6014,0.5331560611724854
6015,0.35799970030784606
6016,0.4760292947292328
6017,0.4521038234233856
6018,0.5412671208381653
6019,0.3129721462726593
6020,0.6023470878601074
6021,0.7643419623374939
6022,0.457637345790863
6023,0.788288676738739
6024,0.2750532329082489
6025,0.3267440140247345
6026,0.5282658457756042
6027,0.4845721244812012
6028,0.3080656051635742
6029,0.6328550696372985
6030,0.2459447860717773
6031,0.262297660112381
6032,0.4072306573390961
6033,0.6184081912040711
6034,0.7704684495925903
6035,0.4656378149986267
6036,0.5178988695144653
6037,0.4032342553138733
6038,0.6809449434280396
6039,0.6380968689918518
6040,0.2719351887702942
6041,0.22417045831680293
6042,0.2888946831226349
6043,0.36866341829299926
6044,0.7725079178810119
6045,0.5020970940589905
6046,0.4498391330242157
6047,0.3392126977443695
6048,0.37393543124198914
6049,0.6615338444709777
6050,0.6873512029647827
6051,0.5006371557712554
6052,0.6426698803901673
6053,0.2411222606897354
6054,0.7800950407981873
6055,0.4245827555656433
6056,0.4840780794620514
6057,0.3693091869354248
6058,0.5584967255592346
6059,0.5220401525497437
6060,0.7743143200874328
6061,0.7486261487007141
6062,0.21362055540084834
6063,0.44024223685264585
6064,0.36203524470329285
6065,0.31596025824546814
6066,0.5168793439865113
6067,0.7725893497467041
6068,0.7064376831054687
6069,0.7108949422836304
6070,0.23448243737220759
6071,0.6090565085411072
6072,0.30039809346199037
6073,0.7843599081039428
6074,0.5047338008880615
6075,0.27327502965927125
6076,0.6133427858352661
6077,0.4208751618862152
6078,0.6038548469543457
6079,0.5774946570396423
6080,0.6784014821052551
6081,0.5483098983764648
6082,0.4487874448299408
6083,0.34732292890548705
6084,0.6359944939613342
6085,0.4607310354709625
6086,0.6861888527870178
6087,0.40435637831687926
6088,0.6872965574264527
6089,0.4589637815952301
6090,0.502521526813507
6091,0.3583522856235504
6092,0.43517757654190053
6093,0.47946396470069885
6094,0.6559313893318176
6095,0.3388907849788666
6096,0.22627661824226375
6097,0.3170274019241333
6098,0.4507420003414154
6099,0.37177047729492185
6100,0.698468828201294
6101,0.6135354042053223
6102,0.6471716642379761
6103,0.7510880470275879
6104,0.3808969557285309
6105,0.3361068248748779
6106,0.4025908350944519
6107,0.570697009563446
6108,0.2495239377021789
6109,0.33573112487792967
6110,0.7692322134971619
6111,0.788380753993988
6112,0.5813492417335511
6113,0.7687245965003967
6114,0.5929824233055114
6115,0.7814295768737793
6116,0.5643697381019592
6117,0.7715881586074829
6118,0.4939625859260559
6119,0.3176365613937378
6120,0.5257813096046448
6121,0.31287959814071653
6122,0.3578400194644928
6123,0.21839617788791651
6124,0.5107325851917267
6125,0.7724748730659485
6126,0.7543992042541504
6127,0.5475358128547668
6128,0.5754274368286133
6129,0.5674965977668762
6130,0.43727205991744994
6131,0.517395555973053
6132,0.3302020013332367
6133,0.28058902025222776
6134,0.4627663969993591
6135,0.783039140701294
6136,0.5438158273696899
6137,0.24589454829692836
6138,0.5273779511451722
6139,0.468257749080658
6140,0.33079041838645934
6141,0.30599638223648074
6142,0.45080243349075316
6143,0.4519792556762695
6144,0.5791484475135803
6145,0.24992249608039852
6146,0.52835693359375
6147,0.5588790893554687
6148,0.4227891623973846
6149,0.34807085394859316
6150,0.29678537845611574
6151,0.2653647720813751
6152,0.6135923624038696
6153,0.36617732644081114
6154,0.2486864030361175
6155,0.3691657245159149
6156,0.471698397397995
6157,0.7681404232978821
6158,0.256515109539032
6159,0.4922438681125641
6160,0.3920281410217285
6161,0.5865081071853637
6162,0.5128761827945709
6163,0.3702257812023163
6164,0.5615041375160217
6165,0.5407167077064514
6166,0.6742979407310485
6167,0.5117484092712402
6168,0.30345246195793146
6169,0.4881544828414917
6170,0.4063060343265533
6171,0.2624508857727051
6172,0.38677300214767457
6173,0.3170360326766968
6174,0.2568835228681564
6175,0.39878600239753725
6176,0.6725726127624512
6177,0.7495478630065918
6178,0.21111574172973632
6179,0.4100577890872955
6180,0.624534547328949
6181,0.5141854703426361
6182,0.5279066801071167
6183,0.5345040559768677
6184,0.6349942684173584
6185,0.5448114991188049
6186,0.4624050438404083
6187,0.4704880714416504
6188,0.42768404483795164
6189,0.4610340654850006
6190,0.7114094734191895
6191,0.7780369997024537
6192,0.4756513774394989
6193,0.47495641708374026
6194,0.43918437957763673
6195,0.46603777408599856
6196,0.295439749956131
6197,0.6173210859298706
6198,0.5527347803115845
6199,0.3381834805011749
6200,0.32741535305976865
6201,0.7592738151550293
6202,0.2873642861843109
6203,0.3744001865386963
6204,0.30571605563163756
6205,0.7820324659347534
6206,0.6774901151657104
6207,0.4082029044628143
6208,0.5966426253318786
6209,0.6818727135658265
6210,0.2681478142738342
6211,0.7551614165306091
6212,0.7467362999916076
6213,0.2697226285934448
6214,0.3717332184314728
6215,0.5396819114685059
6216,0.36362996101379397
6217,0.33831081390380857
6218,0.6095411896705627
6219,0.3999300241470337
6220,0.40876102447509755
6221,0.6283815145492554
6222,0.37172855734825133
6223,0.36159718632698057
6224,0.6293772697448731
6225,0.5332481145858765
6226,0.4728513538837432
6227,0.5157103717327118
6228,0.3399112164974213
6229,0.48658775091171264
6230,0.5394751310348511
6231,0.31014349460601803
6232,0.7539299845695495
6233,0.589572274684906
6234,0.5586092829704284
6235,0.4148325502872467
6236,0.581994891166687
6237,0.3076478004455566
6238,0.7433146715164185
6239,0.5675740122795105
6240,0.5903823018074036
6241,0.5018804490566253
6242,0.5767271876335144
6243,0.49741196632385254
6244,0.5991512894630432
6245,0.38338721394538877
6246,0.2533762037754059
6247,0.2503639847040176
6248,0.44758195877075196
6249,0.23654719591140744
6250,0.36231541633605957
6251,0.4102968156337738
6252,0.3903567135334015
6253,0.2578167736530304
6254,0.4755495250225067
6255,0.2879477560520172
6256,0.2970283806324005
6257,0.5264956235885621
6258,0.5708211898803711
6259,0.41020578145980835
6260,0.5788564920425415
6261,0.7724333882331849
6262,0.3177508056163788
6263,0.5842188119888305
6264,0.30074647068977356
6265,0.6280749797821045
6266,0.505470484495163
6267,0.5297270178794861
6268,0.2503278762102127
6269,0.6410054087638855
6270,0.7460992693901062
6271,0.5833968639373779
6272,0.48083088397979734
6273,0.39641558527946474
6274,0.5527616381645203
6275,0.42291646599769595
6276,0.6671806573867798
6277,0.32910422086715696
6278,0.22570024132728572
6279,0.22185861170291896
6280,0.5206548810005188
6281,0.44555695056915284
6282,0.3464678704738617
6283,0.4048470020294189
6284,0.243292012810707
6285,0.7731106042861938
6286,0.6349263668060303
6287,0.5874372839927673
6288,0.500588184595108
6289,0.5914389252662658
6290,0.274956202507019
6291,0.7350178956985474
6292,0.5366585493087769
6293,0.6016238570213318
6294,0.51563001871109
6295,0.4494410276412964
6296,0.6205629348754883
6297,0.37260388731956484
6298,0.4004088819026947
6299,0.6867540836334228
6300,0.4002222180366516
6301,0.3414509117603302
6302,0.6584683418273926
6303,0.6038541078567505
6304,0.7716442584991455
6305,0.6488067507743835
6306,0.5401270985603333
6307,0.43382577896118163
6308,0.4962237238883972
6309,0.6225904941558837
6310,0.22494925856590267
6311,0.6181521892547608
6312,0.6393314719200134
6313,0.3006115138530731
6314,0.40879484415054324
6315,0.44295309782028197
6316,0.46775763630867007
6317,0.3269777297973633
6318,0.4509777069091797
6319,0.3397094666957855
6320,0.6389610886573791
6321,0.3889188230037689
6322,0.2229472547769546
6323,0.23217612206935878
6324,0.2635662019252777
6325,0.23009780645370484
6326,0.5697510600090027
6327,0.7748929142951966
6328,0.5054779171943664
6329,0.22389491200447081
6330,0.7134787440299988
6331,0.7575657963752747
6332,0.7225118160247803
6333,0.7062398433685303
6334,0.5252466320991516
6335,0.43541943430900576
6336,0.6054720282554626
6337,0.2247309476137161
6338,0.4513189196586609
6339,0.2789913475513458
6340,0.6460576057434082
6341,0.621728777885437
6342,0.4215690910816193
6343,0.6599533438682557
6344,0.42540088295936584
6345,0.6727600693702698
6346,0.37006991505622866
6347,0.2413732796907425
6348,0.4765509068965912
6349,0.3932113766670227
6350,0.2743700325489044
6351,0.3474986970424652
6352,0.7348823308944702
6353,0.5714138746261597
6354,0.3674303412437439
6355,0.6032002091407775
6356,0.5329572916030884
6357,0.42765663266181947
6358,0.4397497594356537
6359,0.33563243150711053
6360,0.7448498487472535
6361,0.237025710940361
6362,0.47298776507377627
6363,0.5897924304008484
6364,0.6798285841941833
6365,0.5479207515716553
6366,0.5398949980735779
6367,0.4698044717311859
6368,0.4597919940948486
6369,0.2614610522985458
6370,0.6591617107391358
6371,0.7722084879875183
6372,0.4459270477294922
6373,0.4614143490791321
6374,0.5979812145233154
6375,0.3681361675262451
6376,0.3828218638896942
6377,0.46625725626945497
6378,0.51881103515625
6379,0.5300133705139161
6380,0.3975374519824982
6381,0.4253527283668518
6382,0.7456229090690613
6383,0.49029976725578306
6384,0.5381168723106384
6385,0.5435171842575073
6386,0.41054592132568357
6387,0.4626380860805511
6388,0.5933905482292176
6389,0.7228269338607788
6390,0.45765236020088196
6391,0.6291497826576233
6392,0.49436521530151367
6393,0.6530112743377685
6394,0.3366865813732147
6395,0.7800583243370056
6396,0.5145127356052399
6397,0.7660506010055542
6398,0.6066016316413879
6399,0.25314582586288453
6400,0.6128628134727478
6401,0.43694337606430056
6402,0.42670212388038636
6403,0.4814076066017151
6404,0.4862580180168152
6405,0.5377768516540528
6406,0.7346346616744995
6407,0.5791166305541993
6408,0.6188733339309692
6409,0.7373944163322449
6410,0.7641709685325623
6411,0.5285318791866302
6412,0.5502513289451599
6413,0.4483306407928467
6414,0.20016255676746364
6415,0.5300875902175903
6416,0.34343198537826536
6417,0.777235746383667
6418,0.21529832482337952
6419,0.4221040606498718
6420,0.5050015807151794
6421,0.7590398550033569
6422,0.5544780611991882
6423,0.4351909399032593
6424,0.42306676506996155
6425,0.6667585611343384
6426,0.33570011854171755
6427,0.754915201663971
6428,0.374531090259552
6429,0.50673348903656
6430,0.5381280362606049
6431,0.48295355439186094
6432,0.45101724863052367
6433,0.568640124797821
6434,0.6353506445884705
6435,0.46393829584121704
6436,0.4560591459274292
6437,0.6163947701454162
6438,0.5237425923347473
6439,0.2654378294944763
6440,0.32475189566612245
6441,0.5971590280532837
6442,0.6199379563331604
6443,0.5929558992385864
6444,0.41463303565979004
6445,0.32896606922149657
6446,0.5092332422733307
6447,0.43125598430633544
6448,0.2513872772455215
6449,0.5395952105522156
6450,0.3192122161388397
6451,0.6765000581741333
6452,0.6053564310073852
6453,0.6442559957504272
6454,0.40673953890800474
6455,0.43157671093940736
6456,0.4580076217651367
6457,0.5329535603523254
6458,0.6006671071052552
6459,0.5335478067398072
6460,0.7624638795852661
6461,0.4432686686515808
6462,0.37724087238311765
6463,0.48378092646598814
6464,0.4074086010456085
6465,0.5834426760673523
6466,0.6422127246856689
6467,0.7311376690864563
6468,0.3248898386955261
6469,0.6481523752212525
6470,0.5290973544120788
6471,0.7720012903213501
6472,0.4541822671890259
6473,0.706494402885437
6474,0.7194664001464843
6475,0.5404047131538391
6476,0.44205639362335203
6477,0.4278630554676056
6478,0.6132991433143615
6479,0.26603280305862426
6480,0.4143386721611023
6481,0.37218947410583497
6482,0.2935259759426117
6483,0.510382068157196
6484,0.3614174485206604
6485,0.4124303042888641
6486,0.46869564056396484
6487,0.6999011993408203
6488,0.36557156443595884
6489,0.5163992643356323
6490,0.6392605662345886
6491,0.45175145864486693
6492,0.6134988307952881
6493,0.43649327754974365
6494,0.4662308216094971
6495,0.7112901926040649
6496,0.684101665019989
6497,0.33895258903503417
6498,0.47480592131614685
6499,0.5380328893661499
6500,0.5760651230812073
6501,0.4959619641304016
6502,0.3055888772010803
6503,0.37784373164176943
6504,0.3246617019176483
6505,0.2618264555931091
6506,0.32746164202690126
6507,0.4532618224620819
6508,0.3951430439949036
6509,0.34315056204795835
6510,0.2791326105594635
6511,0.5353002786636353
6512,0.629664146900177
6513,0.6022220611572265
6514,0.44541625380516053
6515,0.4813313126564026
6516,0.41562827825546267
6517,0.5905838727951049
6518,0.25707900524139404
6519,0.6210002660751343
6520,0.2804385781288147
6521,0.7214478135108948
6522,0.6209522128105164
6523,0.25645125210285186
6524,0.5035252928733825
6525,0.562086546421051
6526,0.4055557191371918
6527,0.5608692526817322
6528,0.31617233753204343
6529,0.5010174810886383
6530,0.39081354141235347
6531,0.7672957897186279
6532,0.49589139223098755
6533,0.4750198006629944
6534,0.5222314536571503
6535,0.3596342086791992
6536,0.7698657155036926
6537,0.41682037711143494
6538,0.6862404465675354
6539,0.31863513588905334
6540,0.3308770775794983
6541,0.3502558767795563
6542,0.22340303659439087
6543,0.5966278910636902
6544,0.413729304075241
6545,0.5029988527297974
6546,0.4727632820606232
6547,0.38261958956718445
6548,0.392376983165741
6549,0.539384949207306
6550,0.5521903038024902
6551,0.5651867032051087
6552,0.7757216215133667
6553,0.36546589732170104
6554,0.40311230421066285
6555,0.33511491417884826
6556,0.6070066213607788
6557,0.33711623549461367
6558,0.782890236377716
6559,0.4140863299369812
6560,0.46208645701408385
6561,0.41978996992111206
6562,0.48793511390686034
6563,0.4433866083621979
6564,0.5071296513080596
6565,0.7117023468017578
6566,0.34626628160476686
6567,0.782337749004364
6568,0.6585582852363586
6569,0.6610212206840516
6570,0.606704843044281
6571,0.5106814086437226
6572,0.3917723536491394
6573,0.32643626928329467
6574,0.5509270548820495
6575,0.32041961550712583
6576,0.5080630600452423
6577,0.6236758351325988
6578,0.7565438866615295
6579,0.31327404975891116
6580,0.43595472574234007
6581,0.5469305396080018
6582,0.22776744365692134
6583,0.3914174973964691
6584,0.22131033837795253
6585,0.39252936840057373
6586,0.5593956708908081
6587,0.3769506573677063
6588,0.5517879366874695
6589,0.34883867502212523
6590,0.6084433197975159
6591,0.3861342012882233
6592,0.4843813359737396
6593,0.20363919734954833
6594,0.7737173318862915
6595,0.7858143329620362
6596,0.5486952662467957
6597,0.6837050437927246
6598,0.5356250882148743
6599,0.5234331369400025
6600,0.43986948728561404
6601,0.38033044934272764
6602,0.267134803533554
6603,0.6101489663124084
6604,0.44019295573234557
6605,0.25492745935916894
6606,0.762844467163086
6607,0.3297200620174408
6608,0.44145738482475283
6609,0.46831504702568055
6610,0.5161580562591552
6611,0.20438887178897852
6612,0.5186127901077271
6613,0.7216857552528382
6614,0.376385486125946
6615,0.23245798349380492
6616,0.3828352153301239
6617,0.3988552451133728
6618,0.6385809540748596
6619,0.4254913806915283
6620,0.41192898750305174
6621,0.3258703887462616
6622,0.33242818713188166
6623,0.7677405714988709
6624,0.278523451089859
6625,0.7410237789154053
6626,0.3582960188388824
6627,0.5359922528266907
6628,0.3725739479064941
6629,0.42277478575706484
6630,0.3524041652679443
6631,0.5752905964851379
6632,0.2916532099246979
6633,0.33770009875297546
6634,0.46876770853996275
6635,0.5411845207214355
6636,0.68969247341156
6637,0.5820091009140015
6638,0.21678427159786215
6639,0.7200469017028809
6640,0.27818477153778076
6641,0.21828527152538296
6642,0.4404171288013458
6643,0.6120311141014099
6644,0.5918372869491577
6645,0.611696469783783
6646,0.6893610239028931
6647,0.41849437952041624
6648,0.42878144383430483
6649,0.6486313223838807
6650,0.3480231940746307
6651,0.5610526204109192
6652,0.7732535123825073
6653,0.5995774984359741
6654,0.6927120804786682
6655,0.429488068819046
6656,0.3762915551662445
6657,0.6125803828239441
6658,0.42057844400405886
6659,0.6005811333656311
6660,0.6149670362472535
6661,0.44867966771125795
6662,0.225842735171318
6663,0.5686561465263367
6664,0.23073661327362055
6665,0.4186076998710632
6666,0.7715789437294006
6667,0.515746659040451
6668,0.6976747155189514
6669,0.42014116048812866
6670,0.4467339038848877
6671,0.36963766217231747
6672,0.44766051769256593
6673,0.21388708055019373
6674,0.3997495472431183
6675,0.3279461920261383
6676,0.4270156383514404
6677,0.5369332075119019
6678,0.3753944158554077
6679,0.4613846123218536
6680,0.4805450737476349
6681,0.761749529838562
6682,0.2514571905136108
6683,0.6554392814636231
6684,0.4267193377017975
6685,0.5089588522911072
6686,0.29398714900016787
6687,0.6541338086128234
6688,0.33465756177902223
6689,0.4172861218452454
6690,0.5688735485076905
6691,0.5059964239597321
6692,0.7449128746986389
6693,0.30941041111946105
6694,0.7710524797439575
6695,0.36643990874290466
6696,0.5460577964782715
6697,0.6571382284164429
6698,0.4935326218605042
6699,0.4017297089099884
6700,0.24083016812801356
6701,0.517968213558197
6702,0.45463982224464417
6703,0.34383254647254946
6704,0.5417776942253113
6705,0.2587892532348633
6706,0.38703240156173707
6707,0.7520911216735839
6708,0.6925992488861084
6709,0.575794005393982
6710,0.7643667936325074
6711,0.27600412368774413
6712,0.21314606070518488
6713,0.7048202753067017
6714,0.4214178502559662
6715,0.6444671869277954
6716,0.6891446113586426
6717,0.4266380906105042
6718,0.35898953676223755
6719,0.5691096425056458
6720,0.5123465180397033
6721,0.7636963725090027
6722,0.1955830097198486
6723,0.5781796216964722
6724,0.3096750259399414
6725,0.4457940936088562
6726,0.7121715903282165
6727,0.2541299819946289
6728,0.2522219568490982
6729,0.5707260847091675
6730,0.7001654624938964
6731,0.7708426117897034
6732,0.3188038945198059
6733,0.4186329185962677
6734,0.6285197496414184
6735,0.32784841656684877
6736,0.3338339149951935
6737,0.5894240498542785
6738,0.385588139295578
6739,0.6278715848922729
6740,0.3529587149620056
6741,0.3338449954986572
6742,0.7876111507415772
6743,0.43647276759147646
6744,0.755217432975769
6745,0.38361527919769284
6746,0.5595268964767456
6747,0.4348901569843292
6748,0.3313050329685211
6749,0.2671896815299988
6750,0.46943708658218386
6751,0.5541686892509461
6752,0.7729849815368652
6753,0.5431545495986938
6754,0.4837006449699402
6755,0.25477473735809325
6756,0.4825752377510071
6757,0.6929526686668396
6758,0.22823833525180817
6759,0.3503672361373901
6760,0.40825852155685427
6761,0.5554316639900208
6762,0.5834056258201599
6763,0.6217871904373169
6764,0.6796848177909851
6765,0.3951543867588043
6766,0.5742259502410889
6767,0.41523995995521545
6768,0.5505959749221802
6769,0.598436689376831
6770,0.48843530416488645
6771,0.30349578857421877
6772,0.6739615082740784
6773,0.520930540561676
6774,0.6585762977600098
6775,0.46693155765533445
6776,0.7675750017166137
6777,0.4134689211845398
6778,0.545255696773529
6779,0.26409773230552674
6780,0.48994349837303164
6781,0.3692126333713531
6782,0.35179818868637086
6783,0.4066754400730133
6784,0.2698862463235855
6785,0.26271448731422425
6786,0.675838041305542
6787,0.6590618014335632
6788,0.39232394099235535
6789,0.5095904767513275
6790,0.3854528248310089
6791,0.5970105051994323
6792,0.41851826310157775
6793,0.5046106278896332
6794,0.7740267515182495
6795,0.780726408958435
6796,0.43093820214271544
6797,0.5535018920898438
6798,0.7704215407371521
6799,0.4382676362991333
6800,0.452585905790329
6801,0.5588013529777527
6802,0.6310966849327088
6803,0.2803195476531982
6804,0.5219447135925293
6805,0.740018880367279
6806,0.7478960275650024
6807,0.616383171081543
6808,0.5881934404373169
6809,0.6761316895484925
6810,0.6861297011375427
6811,0.48977182507514955
6812,0.5842419743537903
6813,0.6050452709197998
6814,0.6553354501724243
6815,0.4094797015190125
6816,0.39106584787368776
6817,0.418622624874115
6818,0.3242226719856262
6819,0.22144365012645717
6820,0.4339182496070862
6821,0.21578067541122437
6822,0.6407358884811402
6823,0.662697684764862
6824,0.6145672798156738
6825,0.25897420942783356
6826,0.46312069296836855
6827,0.369511342048645
6828,0.44341436624526975
6829,0.45869373679161074
6830,0.35682104229927064
6831,0.5234647750854492
6832,0.24937876164913172
6833,0.5817339301109314
6834,0.33686842918396
6835,0.5991322994232178
6836,0.3654299914836884
6837,0.391526997089386
6838,0.39563103914260866
6839,0.4281885862350464
6840,0.3856632590293884
6841,0.43377076983451834
6842,0.6830791711807251
6843,0.417945009469986
6844,0.5988032102584839
6845,0.6678806185722351
6846,0.6701261878013611
6847,0.5745401740074157
6848,0.46778205037117004
6849,0.4394097328186035
6850,0.5305310964584351
6851,0.40089544653892517
6852,0.724647331237793
6853,0.359184455871582
6854,0.7762565732002258
6855,0.30950976014137266
6856,0.6427468180656433
6857,0.6219488263130188
6858,0.40701428055763245
6859,0.6243068099021911
6860,0.4629130125045776
6861,0.766490364074707
6862,0.35160703063011167
6863,0.4373860001564025
6864,0.6702951788902283
6865,0.6363373517990112
6866,0.4581997334957123
6867,0.37071593999862673
6868,0.5263751864433288
6869,0.6223160266876221
6870,0.64885014295578
6871,0.41403564214706423
6872,0.44189409613609315
6873,0.5545289993286133
6874,0.4938849091529846
6875,0.5534103870391845
6876,0.22976751625537872
6877,0.35926337242126466
6878,0.7688261270523071
6879,0.21504732668399812
6880,0.5838469624519348
6881,0.48780145645141604
6882,0.44156127572059634
6883,0.5241144895553589
6884,0.44136245250701905
6885,0.5616169214248657
6886,0.20836689174175257
6887,0.4664859473705292
6888,0.21994202435016627
6889,0.46037821769714354
6890,0.3263822436332703
6891,0.7632089257240295
6892,0.3951087653636932
6893,0.2825298607349396
6894,0.20802035629749294
6895,0.5962364912033081
6896,0.7809170842170715
6897,0.371667867898941
6898,0.321781724691391
6899,0.2134748369455337
6900,0.6569468140602112
6901,0.7201603174209594
6902,0.23805654048919678
6903,0.41031632423400877
6904,0.48778576850891114
6905,0.5976884841918946
6906,0.4849557638168335
6907,0.5921966552734375
6908,0.4857340693473816
6909,0.6350591301918029
6910,0.6883240461349487
6911,0.7137423396110535
6912,0.6047247886657715
6913,0.5157504200935363
6914,0.2593769371509552
6915,0.40768771171569823
6916,0.4685346305370331
6917,0.38188830614089964
6918,0.3693763971328735
6919,0.43627030253410337
6920,0.4649442136287689
6921,0.48396307826042173
6922,0.2796822786331177
6923,0.3504538476467133
6924,0.5657351970672607
6925,0.7755119204521179
6926,0.538972532749176
6927,0.48671274185180663
6928,0.49972410798072814
6929,0.6864159584045411
6930,0.49064430594444275
6931,0.46716787219047545
6932,0.7416563868522644
6933,0.6174519896507263
6934,0.35713628530502317
6935,0.2880125105381012
6936,0.34959744215011596
6937,0.6421034574508667
6938,0.4436101377010345
6939,0.3509413301944732
6940,0.5376811981201172
6941,0.46019519567489625
6942,0.7772341370582581
6943,0.7539250135421753
6944,0.5162241220474243
6945,0.2804614841938019
6946,0.4248817145824432
6947,0.4437898755073547
6948,0.6675524830818176
6949,0.22556934952735896
6950,0.4591251015663147
6951,0.4104519963264465
6952,0.231461352109909
6953,0.6331588625907898
6954,0.6289644479751587
6955,0.5376902222633362
6956,0.7812953233718872
6957,0.3961723029613495
6958,0.3717907965183258
6959,0.3472552180290222
6960,0.25358667969703674
6961,0.48067828416824343
6962,0.4540203928947449
6963,0.472137975692749
6964,0.6246073126792908
6965,0.46993741393089294
6966,0.5835409998893738
6967,0.5097431004047394
6968,0.5007717192173005
6969,0.7601136922836303
6970,0.5031311392784119
6971,0.7946356058120727
6972,0.45028122067451476
6973,0.3397649466991424
6974,0.5471344828605652
6975,0.27045921683311464
6976,0.7125703573226929
6977,0.48561370372772217
6978,0.3110134720802307
6979,0.7224706530570983
6980,0.6001788854599
6981,0.7772723436355591
6982,0.5759001255035401
6983,0.31458481550216677
6984,0.4747580111026764
6985,0.7623363852500915
6986,0.38617479205131533
6987,0.3807499647140503
6988,0.7698108673095703
6989,0.2420951694250107
6990,0.5693722009658814
6991,0.7671807289123536
6992,0.5962208867073059
6993,0.5611823439598084
6994,0.44994760155677793
6995,0.5099922060966492
6996,0.3255887985229492
6997,0.702741265296936
6998,0.5903578162193298
6999,0.6719608306884766
7000,0.7685979604721069
7001,0.6972818732261657
7002,0.4218686044216156
7003,0.3298357963562012
7004,0.5356462836265564
7005,0.7774987697601319
7006,0.47197569608688356
7007,0.45444285273551943
7008,0.22621632516384121
7009,0.4649291932582855
7010,0.22218860089778897
7011,0.5186531066894531
7012,0.7763568997383118
7013,0.7802016973495484
7014,0.5037533462047576
7015,0.22841274142265316
7016,0.3839328169822693
7017,0.5350824594497681
7018,0.44547979831695556
7019,0.5720384836196899
7020,0.5073220908641816
7021,0.33574848175048827
7022,0.6994662284851074
7023,0.7306106686592102
7024,0.26422532498836515
7025,0.554478645324707
7026,0.7792746067047119
7027,0.6664342761039734
7028,0.5232615351676941
7029,0.21889541447162625
7030,0.6766778945922851
7031,0.692653226852417
7032,0.3577955007553101
7033,0.3790860533714294
7034,0.6027121782302857
7035,0.24867675602436062
7036,0.5780303359031678
7037,0.3914286077022552
7038,0.4989940106868744
7039,0.5207260131835938
7040,0.3216397225856781
7041,0.4592022061347961
7042,0.3959656834602356
7043,0.7691715478897094
7044,0.5185937285423279
7045,0.3931168138980865
7046,0.6108318090438842
7047,0.3261881470680237
7048,0.49796420335769653
7049,0.49898680448532107
7050,0.5956408858299256
7051,0.4160259127616882
7052,0.2993614137172699
7053,0.4870495140552521
7054,0.49322193264961245
7055,0.7368693947792053
7056,0.43642573356628417
7057,0.6983172416687011
7058,0.5308739304542541
7059,0.5434776961803436
7060,0.6502424001693725
7061,0.22765253782272338
7062,0.788170313835144
7063,0.23206957578659057
7064,0.7557322025299072
7065,0.3327409029006958
7066,0.4664269506931305
7067,0.582908546924591
7068,0.3966021239757538
7069,0.7389912128448486
7070,0.6243533611297607
7071,0.4748782217502594
7072,0.5661440372467041
7073,0.5934625744819642
7074,0.3415773808956146
7075,0.48954927921295166
7076,0.31959198117256166
7077,0.7766436696052551
7078,0.7749117374420166
7079,0.4877016007900238
7080,0.3583725929260254
7081,0.6280807018280029
7082,0.7589882493019104
7083,0.5280464291572571
7084,0.33615889549255373
7085,0.6841321110725402
7086,0.4207851529121399
7087,0.4213891923427582
7088,0.4636619746685028
7089,0.507600075006485
7090,0.48548783659934996
7091,0.39626173973083495
7092,0.2944887280464172
7093,0.38009425401687624
7094,0.48935319781303405
7095,0.4215235888957977
7096,0.3487538695335388
7097,0.5986362576484681
7098,0.3865675687789917
7099,0.7691344618797302
7100,0.4441054821014404
7101,0.4799459517002106
7102,0.32518339157104487
7103,0.6199756622314453
7104,0.7855858683586121
7105,0.7672472953796386
7106,0.4947169840335846
7107,0.5808531284332276
7108,0.6110835909843445
7109,0.45965185165405276
7110,0.537769103050232
7111,0.4554019749164581
7112,0.41247875094413755
7113,0.4423918843269348
7114,0.41648736596107483
7115,0.62109854221344
7116,0.5211109757423401
7117,0.3313144743442535
7118,0.6268661022186279
7119,0.7287986516952515
7120,0.39383016228675843
7121,0.5764369130134582
7122,0.22869025766849513
7123,0.38771597146987913
7124,0.3215404570102692
7125,0.26275655925273894
7126,0.6442173004150391
7127,0.24506448805332184
7128,0.6321902751922608
7129,0.5282156586647033
7130,0.37802659869194033
7131,0.4592396914958954
7132,0.7253706812858581
7133,0.701919949054718
7134,0.27101604938507073
7135,0.4316758453845978
7136,0.32097354531288147
7137,0.328916597366333
7138,0.5653808832168579
7139,0.44364033341407777
7140,0.3423913836479187
7141,0.5464075565338135
7142,0.4453880190849304
7143,0.4465480625629425
7144,0.31871498823165895
7145,0.6260759234428406
7146,0.536916172504425
7147,0.4402006149291992
7148,0.5829464673995972
7149,0.5524732828140259
7150,0.6571498155593872
7151,0.43562568426132203
7152,0.759647011756897
7153,0.47116833329200747
7154,0.2864444732666015
7155,0.4440676748752594
7156,0.6532698988914489
7157,0.4454918265342712
7158,0.4870283782482147
7159,0.5923840165138244
7160,0.4330417633056641
7161,0.3561935305595398
7162,0.2128758460283279
7163,0.7963328719139099
7164,0.42097671031951894
7165,0.46774190068244936
7166,0.3395344018936157
7167,0.4641070306301117
7168,0.31077845692634576
7169,0.6022368907928467
7170,0.4374103248119354
7171,0.5912270545959473
7172,0.3057572603225708
7173,0.3353879153728485
7174,0.6009455800056458
7175,0.30594312548637387
7176,0.5183274507522583
7177,0.4583690345287323
7178,0.25602687597274776
7179,0.4848462700843811
7180,0.4469007313251495
7181,0.5955049395561218
7182,0.6488582968711853
7183,0.6535676717758179
7184,0.6768506169319153
7185,0.2864567458629608
7186,0.6958604693412781
7187,0.32386011481285093
7188,0.5036702573299408
7189,0.3765235304832458
7190,0.38237340450286866
7191,0.5335583925247193
7192,0.4996465861797333
7193,0.7642998695373535
7194,0.48322593569755556
7195,0.6265586376190185
7196,0.7874909043312073
7197,0.30026520490646363
7198,0.7770692944526673
7199,0.4991339147090912
7200,0.5671395659446716
7201,0.22217470705509182
7202,0.4220457136631012
7203,0.5488660931587219
7204,0.31937735676765444
7205,0.2976604521274567
7206,0.5003927886486054
7207,0.5212127566337585
7208,0.33163551688194276
7209,0.35539565086364744
7210,0.24840284883975977
7211,0.7289092063903808
7212,0.38096987009048455
7213,0.5054448783397675
7214,0.3158326208591461
7215,0.4757677435874939
7216,0.3866376161575317
7217,0.4751386225223541
7218,0.48113307952880857
7219,0.6747495293617248
7220,0.4627693474292755
7221,0.4697301149368286
7222,0.5637935638427735
7223,0.2822156071662903
7224,0.6620891213417053
7225,0.690192174911499
7226,0.7397630929946899
7227,0.572821319103241
7228,0.2506461530923843
7229,0.5419360637664795
7230,0.4431109488010406
7231,0.6239130973815918
7232,0.3720039963722229
7233,0.6391664624214173
7234,0.34090072512626646
7235,0.498441481590271
7236,0.4859666466712952
7237,0.3722953379154205
7238,0.47563738822937013
7239,0.7748555898666382
7240,0.43258812427520754
7241,0.556350302696228
7242,0.45100943446159364
7243,0.5081029534339905
7244,0.3039393723011017
7245,0.25972683131694796
7246,0.7792509198188782
7247,0.7806612491607666
7248,0.5851823568344117
7249,0.7793127298355103
7250,0.5632082223892212
7251,0.4027280330657959
7252,0.6824122071266174
7253,0.47696817517280576
7254,0.40175339579582214
7255,0.27269574999809265
7256,0.5344473600387574
7257,0.35793097615242003
7258,0.767105782032013
7259,0.46153255105018615
7260,0.42075294256210327
7261,0.4307673513889313
7262,0.7844585418701172
7263,0.3214088618755341
7264,0.5697155356407165
7265,0.3176829934120178
7266,0.7584230899810791
7267,0.5294412136077881
7268,0.5611361861228943
7269,0.5875652670860291
7270,0.4521591067314148
7271,0.6082290172576904
7272,0.2322462946176529
7273,0.3263348340988159
7274,0.3968799591064453
7275,0.5861413478851318
7276,0.6829458236694336
7277,0.3399595856666565
7278,0.6371767163276673
7279,0.35279913544654845
7280,0.24315094053745265
7281,0.5302279353141784
7282,0.6684345364570617
7283,0.5919276475906372
7284,0.6445303559303284
7285,0.502329558134079
7286,0.5708845973014831
7287,0.5205282032489776
7288,0.45312411785125734
7289,0.4306004285812378
7290,0.5990174293518067
7291,0.5528522849082946
7292,0.5213064908981323
7293,0.47993479371070863
7294,0.534520298242569
7295,0.4448428928852081
7296,0.4323225557804108
7297,0.22202405333518982
7298,0.44025049805641175
7299,0.5185160160064697
7300,0.6490326046943664
7301,0.40030463933944704
7302,0.46346662640571595
7303,0.2931671917438507
7304,0.2759362876415253
7305,0.298633199930191
7306,0.3833452880382538
7307,0.7641284108161926
7308,0.29483191967010497
7309,0.44935232400894165
7310,0.7093904972076416
7311,0.5887786507606506
7312,0.4973363637924194
7313,0.2823028743267059
7314,0.4235150218009949
7315,0.6923991084098816
7316,0.6786755442619323
7317,0.2692629635334015
7318,0.4579512894153595
7319,0.7110368847846985
7320,0.5869378089904785
7321,0.4373080015182495
7322,0.5190577626228332
7323,0.5537004470825195
7324,0.5591788768768311
7325,0.28601731061935426
7326,0.5803905367851258
7327,0.2702304184436798
7328,0.25858240723609927
7329,0.6474658489227295
7330,0.32564724087715147
7331,0.54210524559021
7332,0.5077883243560791
7333,0.29368955492973325
7334,0.3139583468437195
7335,0.42941116690635683
7336,0.40325644612312317
7337,0.3566879153251648
7338,0.48508824706077575
7339,0.5204244911670685
7340,0.560548996925354
7341,0.6332889795303345
7342,0.4841924846172333
7343,0.42497372031211855
7344,0.766959011554718
7345,0.4685577988624573
7346,0.38703571557998656
7347,0.5766332626342774
7348,0.29901480078697207
7349,0.6103985667228699
7350,0.3014201283454895
7351,0.43881976008415224
7352,0.5283485949039459
7353,0.658344280719757
7354,0.7756289362907409
7355,0.2579132914543152
7356,0.284422504901886
7357,0.48255735039711
7358,0.5851037502288818
7359,0.3675943732261658
7360,0.3862644791603088
7361,0.43581015467643736
7362,0.45989235043525695
7363,0.5504725694656372
7364,0.7654943346977234
7365,0.6717735290527344
7366,0.31536572575569155
7367,0.5247429132461547
7368,0.5811208248138428
7369,0.5843518733978271
7370,0.7809869647026062
7371,0.4370847105979919
7372,0.31075010895729066
7373,0.34428855776786804
7374,0.45454078912734985
7375,0.4353091895580291
7376,0.37938242554664614
7377,0.23948692381381984
7378,0.46735912561416626
7379,0.3890994310379028
7380,0.4452253520488739
7381,0.45297574400901797
7382,0.4323952794075012
7383,0.29214264154434205
7384,0.3183269023895263
7385,0.38323137164115906
7386,0.39029107093811033
7387,0.31619842648506163
7388,0.6678067326545716
7389,0.5091259717941284
7390,0.6717301964759826
7391,0.6649515986442566
7392,0.4545413076877594
7393,0.49385961294174197
7394,0.5468057155609131
7395,0.312452495098114
7396,0.3041887640953064
7397,0.454530394077301
7398,0.20943625569343563
7399,0.4609338343143463
7400,0.5395721793174744
7401,0.4649326801300049
7402,0.5893327474594117
7403,0.6709553599357605
7404,0.5348279237747192
7405,0.7700242161750793
7406,0.600381588935852
7407,0.26666266322135923
7408,0.40583600401878356
7409,0.6171717762947082
7410,0.7723008513450622
7411,0.2334071844816208
7412,0.3630419135093689
7413,0.4008676588535309
7414,0.7325611114501953
7415,0.4319831311702728
7416,0.47071985602378846
7417,0.6232603549957275
7418,0.3112700700759888
7419,0.47847493886947634
7420,0.26710233092308044
7421,0.4762410163879395
7422,0.6609599590301514
7423,0.21628857553005215
7424,0.4540686309337616
7425,0.22606584727764126
7426,0.4123296499252319
7427,0.3885322451591492
7428,0.2235536515712738
7429,0.7865346789360046
7430,0.5909308433532715
7431,0.5775715708732605
7432,0.4584228217601776
7433,0.5263872027397156
7434,0.3319506347179413
7435,0.5308897972106934
7436,0.6130958676338196
7437,0.5243588209152221
7438,0.7390355587005615
7439,0.4755120575428009
7440,0.21404045224189755
7441,0.7502633571624756
7442,0.39906938672065734
7443,0.5727559089660644
7444,0.5535743832588196
7445,0.7054004669189453
7446,0.7399211049079895
7447,0.48807392120361326
7448,0.32310962677001953
7449,0.4928398847579956
7450,0.7744536399841309
7451,0.6076326012611389
7452,0.7643031239509582
7453,0.7764756202697753
7454,0.46588096022605896
7455,0.5265948414802551
7456,0.30507454872131345
7457,0.5186992585659027
7458,0.7797274589538574
7459,0.38961765766143797
7460,0.410064834356308
7461,0.3989964485168457
7462,0.5569062232971191
7463,0.4982863664627075
7464,0.3143154501914978
7465,0.5256051123142242
7466,0.21478646099567406
7467,0.27120347023010255
7468,0.7719704747200012
7469,0.6700869083404541
7470,0.7259207487106323
7471,0.4645740807056427
7472,0.45138099789619446
7473,0.3991184651851654
7474,0.46106130480766294
7475,0.29397939443588256
7476,0.3175463259220123
7477,0.44477492570877075
7478,0.4154066860675812
7479,0.22905017435550684
7480,0.5450366497039795
7481,0.23418527841567988
7482,0.21767413020133972
7483,0.5198171019554139
7484,0.43147369623184206
7485,0.6803048014640808
7486,0.5983651638031006
7487,0.39103143215179437
7488,0.40114798545837405
7489,0.6240049123764038
7490,0.25031245052814477
7491,0.6934980273246765
7492,0.6596470952033997
7493,0.5680322766304016
7494,0.7747425556182861
7495,0.27326825857162473
7496,0.36312233209609984
7497,0.3809300482273102
7498,0.4803686201572418
7499,0.2081305980682373
7500,0.6115956902503967
7501,0.6986612915992737
7502,0.514727520942688
7503,0.3060670137405396
7504,0.4221546173095703
7505,0.3393988966941833
7506,0.6344903230667114
7507,0.7485097527503968
7508,0.5458055257797241
7509,0.772107970714569
7510,0.2957817316055298
7511,0.5727972507476806
7512,0.4379914879798889
7513,0.49162850379943845
7514,0.5248159408569336
7515,0.6763617753982544
7516,0.334896457195282
7517,0.32846534848213194
7518,0.4689691007137299
7519,0.4196968853473663
7520,0.680582058429718
7521,0.347464120388031
7522,0.7775872826576233
7523,0.7449140191078186
7524,0.3098906874656677
7525,0.46332902312278745
7526,0.7664847016334534
7527,0.5153657615184783
7528,0.6823675870895386
7529,0.4050509989261627
7530,0.6077175736427307
7531,0.20887371301650998
7532,0.4768078446388245
7533,0.26002382338047025
7534,0.6540226340293884
7535,0.35919750332832334
7536,0.45621356964111326
7537,0.7759780526161194
7538,0.41324569582939147
7539,0.44683814644813535
7540,0.24782586693763728
7541,0.3344098448753357
7542,0.32742792963981626
7543,0.6681101679801941
7544,0.4220903813838959
7545,0.3468894898891449
7546,0.5026895821094512
7547,0.6460566997528077
7548,0.3364606082439422
7549,0.5027488589286804
7550,0.4240639328956604
7551,0.5047700107097626
7552,0.5728940844535828
7553,0.44811219573020933
7554,0.5229499340057373
7555,0.6267223238945008
7556,0.3046810388565063
7557,0.32435581684112547
7558,0.762887978553772
7559,0.5200495064258576
7560,0.24847446978092189
7561,0.4863681674003601
7562,0.3810840964317322
7563,0.4316555380821228
7564,0.5864484190940857
7565,0.638277280330658
7566,0.5855403900146484
7567,0.5131060004234314
7568,0.6660366773605346
7569,0.45568580031394956
7570,0.6216162323951722
7571,0.3717794120311737
7572,0.25152257084846485
7573,0.48943560719490053
7574,0.40041396021842957
7575,0.4330095827579498
7576,0.4743143618106842
7577,0.34684147834777834
7578,0.42458477020263674
7579,0.5052320480346679
7580,0.4597750842571259
7581,0.25909162759780885
7582,0.47268194556236265
7583,0.34678266644477845
7584,0.4694939851760864
7585,0.5150220513343811
7586,0.4531943738460541
7587,0.6563511371612549
7588,0.7748414397239685
7589,0.45538432598114015
7590,0.7565236210823059
7591,0.5563703060150147
7592,0.4168398201465607
7593,0.2716968238353729
7594,0.6228012800216675
7595,0.472108918428421
7596,0.5156355857849121
7597,0.41803053617477415
7598,0.5340639114379883
7599,0.5501890778541565
7600,0.5533485651016236
7601,0.46573394536972046
7602,0.2459421783685684
7603,0.6368996024131774
7604,0.4621217668056488
7605,0.3455968737602234
7606,0.6647480487823486
7607,0.4403020262718201
7608,0.5981133818626404
7609,0.22587741613388057
7610,0.6943090796470642
7611,0.4246789991855621
7612,0.3661925792694092
7613,0.4610524833202362
7614,0.5125024259090424
7615,0.2875047922134399
7616,0.4375880300998688
7617,0.49717201590538024
7618,0.226957556605339
7619,0.6647597789764405
7620,0.3183441162109375
7621,0.6474835753440857
7622,0.2919140696525574
7623,0.4823789358139038
7624,0.23571142852306362
7625,0.4446965932846069
7626,0.4020818531513214
7627,0.3178233325481415
7628,0.2748259544372559
7629,0.572186267375946
7630,0.4354461669921875
7631,0.7636066913604737
7632,0.5667499423027038
7633,0.41832360029220583
7634,0.26668237447738646
7635,0.5982216715812683
7636,0.7679179787635804
7637,0.30267881155014037
7638,0.7233380079269409
7639,0.31514309644699096
7640,0.5966635465621948
7641,0.530314302444458
7642,0.20624097287654872
7643,0.584766685962677
7644,0.6347416281700134
7645,0.6664612054824829
7646,0.2323210746049881
7647,0.28949681520462034
7648,0.5081450045108795
7649,0.23290027678012842
7650,0.5240548431873322
7651,0.2729405641555786
7652,0.39499064087867736
7653,0.2579428434371948
7654,0.3888894855976105
7655,0.5425516486167907
7656,0.5084138214588165
7657,0.6159206748008728
7658,0.42616060972213743
7659,0.23101530671119686
7660,0.3792542994022369
7661,0.3586828351020813
7662,0.6334346175193787
7663,0.6837615609169007
7664,0.7660892844200134
7665,0.41878833174705504
7666,0.31813310384750365
7667,0.7569071292877197
7668,0.7078980088233948
7669,0.4734236836433411
7670,0.7721296787261963
7671,0.44652782678604125
7672,0.514681053161621
7673,0.39447198510169984
7674,0.38561428189277647
7675,0.5461160063743591
7676,0.6037596464157104
7677,0.5945307731628418
7678,0.32397961616516113
7679,0.3413011431694031
7680,0.6243557810783387
7681,0.48668947219848635
7682,0.274462902545929
7683,0.4961858332157135
7684,0.5454597711563111
7685,0.221720477938652
7686,0.5826065540313721
7687,0.39670699238777163
7688,0.3730332672595978
7689,0.4337665557861328
7690,0.5365384459495545
7691,0.296048766374588
7692,0.7334233522415161
7693,0.4492876410484314
7694,0.26212048828601836
7695,0.3752047002315521
7696,0.32930412888526917
7697,0.5395065903663635
7698,0.4633596658706665
7699,0.3932610809803009
7700,0.5617777347564697
7701,0.2654176205396652
7702,0.38614119291305543
7703,0.2991647183895111
7704,0.6197428584098816
7705,0.4587607502937317
7706,0.3086704909801483
7707,0.4489378869533539
7708,0.5455637812614441
7709,0.541929054260254
7710,0.34037489295005796
7711,0.25011166930198664
7712,0.6357791900634766
7713,0.3788969814777374
7714,0.4734276056289673
7715,0.22126798331737513
7716,0.5741289138793946
7717,0.4820853054523468
7718,0.5882752418518067
7719,0.7584263682365417
7720,0.7174651384353637
7721,0.698667585849762
7722,0.5923452138900757
7723,0.6260172247886657
7724,0.5023453652858734
7725,0.42412298917770386
7726,0.6128248572349548
7727,0.6668003559112549
7728,0.7342927932739258
7729,0.7863436579704285
7730,0.25733453035354614
7731,0.5183892905712127
7732,0.3681835889816284
7733,0.5503597855567932
7734,0.48633888363838196
7735,0.4826968491077423
7736,0.5076823234558105
7737,0.3472225785255432
7738,0.2648177921772003
7739,0.7683059811592102
7740,0.4760983109474182
7741,0.30188366770744324
7742,0.5289299607276916
7743,0.5940909624099732
7744,0.4476150870323181
7745,0.44014143347740176
7746,0.3559825360774994
7747,0.5628520846366882
7748,0.5500719428062439
7749,0.6562621235847473
7750,0.7329538464546204
7751,0.4897862374782562
7752,0.5365288734436036
7753,0.5088200271129608
7754,0.49635627269744875
7755,0.4660736620426178
7756,0.4365223228931427
7757,0.7859643816947937
7758,0.3981690645217896
7759,0.48690659999847413
7760,0.7786090016365051
7761,0.31394234895706175
7762,0.535376501083374
7763,0.43765541911125183
7764,0.5310780167579651
7765,0.357640540599823
7766,0.6973285794258117
7767,0.4879733443260193
7768,0.47163048982620237
7769,0.41016992926597595
7770,0.609929895401001
7771,0.38579896092414856
7772,0.7655432343482971
7773,0.7770161390304565
7774,0.44424242377281187
7775,0.354378753900528
7776,0.2897665500640869
7777,0.2734304010868073
7778,0.4206147313117981
7779,0.5625526785850525
7780,0.42537259459495547
7781,0.36198700666427613
7782,0.29526546597480774
7783,0.4234233498573303
7784,0.5290687084197998
7785,0.4593256592750549
7786,0.4049720108509064
7787,0.327572238445282
7788,0.4274068415164948
7789,0.2603277027606964
7790,0.23117833435535426
7791,0.4230546414852142
7792,0.7041752576828003
7793,0.5085812270641327
7794,0.6017782807350158
7795,0.40481839179992674
7796,0.6589938640594483
7797,0.40032594799995425
7798,0.6893942952156067
7799,0.7360015511512756
7800,0.5497829914093018
7801,0.45965569019317626
7802,0.493876177072525
7803,0.6104535341262818
7804,0.480441689491272
7805,0.7615116000175476
7806,0.45376492738723756
7807,0.30826799869537347
7808,0.7631327033042907
7809,0.4063290059566498
7810,0.7577780365943909
7811,0.7672391891479492
7812,0.20499723255634303
7813,0.7581030130386353
7814,0.6737609386444092
7815,0.47544820308685304
7816,0.27334526181221
7817,0.6535697817802429
7818,0.3766928255558014
7819,0.442549866437912
7820,0.4651353478431702
7821,0.603051507472992
7822,0.220628148317337
7823,0.7928858280181885
7824,0.7751089334487915
7825,0.6378622889518738
7826,0.22104641497135163
7827,0.23550231158733365
7828,0.2823735237121582
7829,0.7666532754898071
7830,0.7664236068725586
7831,0.5344639599323273
7832,0.770855438709259
7833,0.21694551706314077
7834,0.23463500142097468
7835,0.6737147092819213
7836,0.7483672142028809
7837,0.41597573161125184
7838,0.5703857421875
7839,0.2694737434387207
7840,0.4907859265804291
7841,0.7381507635116578
7842,0.7732341885566711
7843,0.7668332815170288
7844,0.3990693211555481
7845,0.5503492474555969
7846,0.6940239191055297
7847,0.27380658984184264
7848,0.6390021324157715
7849,0.22917984127998353
7850,0.5192624211311341
7851,0.5571238994598389
7852,0.4307019352912903
7853,0.5556336998939514
7854,0.6935436248779296
7855,0.4237074077129364
7856,0.3505143105983734
7857,0.32164508700370786
7858,0.2927870154380798
7859,0.43728888034820557
7860,0.7788346767425537
7861,0.6322537660598755
7862,0.4514976978302002
7863,0.5975940942764282
7864,0.7234585523605347
7865,0.4606676816940308
7866,0.4893990755081177
7867,0.5826711773872375
7868,0.39663911461830137
7869,0.34844226837158204
7870,0.7647322058677674
7871,0.45032898187637327
7872,0.7939056992530823
7873,0.4057597517967224
7874,0.515342378616333
7875,0.6048634052276611
7876,0.749147367477417
7877,0.5020066320896148
7878,0.34105953574180603
7879,0.5841224312782287
7880,0.49199694991111753
7881,0.71720050573349
7882,0.5178756237030029
7883,0.36927236914634703
7884,0.36358424425125124
7885,0.42930558919906614
7886,0.5082111477851867
7887,0.6862592577934266
7888,0.3527198433876037
7889,0.22139746248722075
7890,0.5500309228897095
7891,0.38841606974601744
7892,0.4784205794334412
7893,0.5446292519569397
7894,0.5087254703044891
7895,0.7904739022254944
7896,0.4002199113368988
7897,0.5311930537223816
7898,0.7049102902412414
7899,0.550247597694397
7900,0.47318453788757325
7901,0.5960944771766663
7902,0.6158462524414062
7903,0.5403475642204285
7904,0.5112643480300904
7905,0.7627426147460937
7906,0.6114692926406861
7907,0.5080722332000732
7908,0.34770898818969725
7909,0.4295316696166992
7910,0.760440468788147
7911,0.5132447421550751
7912,0.6745927691459656
7913,0.6184572100639343
7914,0.4461139261722565
7915,0.5797063708305359
7916,0.4365395963191986
7917,0.6806636571884155
7918,0.5240558028221131
7919,0.3452601134777069
7920,0.6990291237831116
7921,0.4531444847583771
7922,0.5339353203773498
7923,0.21286118328571316
7924,0.5253198742866516
7925,0.7063185453414917
7926,0.4748328685760498
7927,0.5333449721336365
7928,0.2590503603219986
7929,0.553498113155365
7930,0.5619367122650146
7931,0.6788240194320678
7932,0.4633306086063385
7933,0.4620572030544281
7934,0.5146213412284851
7935,0.5390916109085083
7936,0.5230048060417175
7937,0.7735242366790771
7938,0.7802476763725281
7939,0.7581393480300903
7940,0.7748602271080017
7941,0.2915715217590332
7942,0.3956213235855103
7943,0.6031474947929383
7944,0.7607313632965088
7945,0.6685272574424743
7946,0.4342090606689453
7947,0.6807082176208497
7948,0.5542641639709472
7949,0.26437256038188933
7950,0.5421222448348999
7951,0.3335955321788788
7952,0.7664304256439209
7953,0.7554676055908203
7954,0.631973123550415
7955,0.5660784244537354
7956,0.40180615782737733
7957,0.2634423792362213
7958,0.4967679977416992
7959,0.7052505254745484
7960,0.7921093702316284
7961,0.4823857009410858
7962,0.5589115023612976
7963,0.5539495468139648
7964,0.43218353390693665
7965,0.384934401512146
7966,0.5593995094299317
7967,0.5687377214431762
7968,0.558501410484314
7969,0.6767022848129273
7970,0.32357379198074343
7971,0.6140889763832093
7972,0.4858526706695557
7973,0.7324129819869996
7974,0.6227893829345703
7975,0.3378670096397399
7976,0.788395082950592
7977,0.7790022492408752
7978,0.7656114339828491
7979,0.5723892331123352
7980,0.3297743141651154
7981,0.3335714876651764
7982,0.4610066592693329
7983,0.7043239355087281
7984,0.7965436339378357
7985,0.2634022980928421
7986,0.35008493065834045
7987,0.5353664636611939
7988,0.4268128156661987
7989,0.5498187661170959
7990,0.41778847575187683
7991,0.4607778608798981
7992,0.4608625054359436
7993,0.7584397435188294
7994,0.3847318470478058
7995,0.7842159986495971
7996,0.7528157472610474
7997,0.7810057520866394
7998,0.27350549697875975
7999,0.5327593803405761
8000,0.7719237685203553
8001,0.4716547966003418
8002,0.42797977328300474
8003,0.35460024476051333
8004,0.3422219455242157
8005,0.26915971040725706
8006,0.4598324239253998
8007,0.37093137502670287
8008,0.49663065671920775
8009,0.5379825711250306
8010,0.4327696621417999
8011,0.7685577511787415
8012,0.3783147037029266
8013,0.30527608990669247
8014,0.42035921216011046
8015,0.5547632813453675
8016,0.541664183139801
8017,0.527920126914978
8018,0.383764785528183
8019,0.7299301028251648
8020,0.3787346363067627
8021,0.6452673554420472
8022,0.45746654868125913
8023,0.6176459908485412
8024,0.48695417642593386
8025,0.7030367970466613
8026,0.4285715103149414
8027,0.688489842414856
8028,0.5660999774932861
8029,0.40890934467315676
8030,0.5250733733177185
8031,0.6799000859260559
8032,0.3685425758361816
8033,0.5776517033576966
8034,0.4142190873622894
8035,0.2004520624876022
8036,0.39784578084945676
8037,0.29025512337684634
8038,0.7127792596817016
8039,0.21413466036319728
8040,0.5951665878295899
8041,0.4244998037815094
8042,0.5442601442337036
8043,0.6966817498207092
8044,0.6114064812660217
8045,0.34412189126014703
8046,0.4493204355239868
8047,0.7779406428337097
8048,0.6977261424064636
8049,0.37220950722694396
8050,0.7037340879440308
8051,0.4567911624908447
8052,0.4677628219127654
8053,0.7284685969352722
8054,0.47295095324516295
8055,0.22998992204666133
8056,0.4606665074825287
8057,0.6447954773902893
8058,0.5780669093132019
8059,0.4250453472137451
8060,0.41530760526657107
8061,0.39952165484428404
8062,0.4604178130626678
8063,0.5277083873748779
8064,0.21039083600044245
8065,0.7589762687683106
8066,0.43381854295730593
8067,0.47223179936409
8068,0.20995967090129852
8069,0.4980047345161438
8070,0.58309987783432
8071,0.4307367980480194
8072,0.607466185092926
8073,0.3110668182373047
8074,0.5024906277656556
8075,0.7433205246925354
8076,0.7689893245697021
8077,0.6045237421989441
8078,0.6231217861175538
8079,0.6073036551475525
8080,0.47311973571777344
8081,0.5326919555664062
8082,0.5798416495323181
8083,0.25061931610107424
8084,0.4301712989807129
8085,0.6131173849105835
8086,0.22355695366859435
8087,0.6388238549232483
8088,0.42175406217575073
8089,0.2641348958015442
8090,0.39764696955680845
8091,0.5437727928161621
8092,0.29146186709403993
8093,0.510544377565384
8094,0.3554564774036407
8095,0.5917442560195922
8096,0.4094340980052948
8097,0.7589175701141357
8098,0.31250288486480715
8099,0.4918732285499573
8100,0.7804420948028564
8101,0.4534330368041992
8102,0.5232540607452393
8103,0.46926104426383974
8104,0.4212878942489624
8105,0.41027493476867677
8106,0.6053754210472106
8107,0.3689744234085083
8108,0.36740883588790896
8109,0.6370368719100952
8110,0.41924130320549013
8111,0.43378362655639646
8112,0.428259015083313
8113,0.733231496810913
8114,0.705556583404541
8115,0.4879151344299316
8116,0.2109135270118713
8117,0.44253461956977846
8118,0.3635292947292328
8119,0.6863237142562866
8120,0.46447722911834716
8121,0.4546704113483429
8122,0.46451749205589293
8123,0.5192572832107544
8124,0.6023804783821106
8125,0.6822372317314148
8126,0.40421468019485474
8127,0.6446520209312439
8128,0.5091512858867645
8129,0.5143964946269989
8130,0.6594920873641967
8131,0.4499815464019775
8132,0.768546187877655
8133,0.346021443605423
8134,0.37744932770729067
8135,0.6322265863418579
8136,0.4385440289974213
8137,0.3856106400489807
8138,0.4651136577129364
8139,0.6174038410186767
8140,0.6717395305633544
8141,0.43150142431259153
8142,0.5541873216629029
8143,0.5822150230407714
8144,0.5293205499649047
8145,0.46027591824531555
8146,0.5456528186798095
8147,0.5070609331130982
8148,0.2973026216030121
8149,0.40858993530273435
8150,0.4733131766319275
8151,0.44324252009391785
8152,0.2113396167755127
8153,0.21788642704486844
8154,0.4972133755683899
8155,0.5394432783126831
8156,0.6367246270179748
8157,0.43640934824943545
8158,0.3584192216396332
8159,0.41665434241294863
8160,0.27435330748558046
8161,0.41653046011924744
8162,0.34047830700874326
8163,0.2508125364780426
8164,0.5434414148330688
8165,0.3513398289680481
8166,0.4135576605796814
8167,0.5972649574279785
8168,0.6575989484786987
8169,0.48519248366355894
8170,0.40819317698478697
8171,0.491490238904953
8172,0.3460935950279236
8173,0.33623664975166323
8174,0.5849277973175049
8175,0.36589457392692565
8176,0.725570809841156
8177,0.40234207510948183
8178,0.43248775601387024
8179,0.21572527587413784
8180,0.7774654984474182
8181,0.467891526222229
8182,0.5316791415214539
8183,0.42183223366737366
8184,0.3684847354888916
8185,0.6336573123931885
8186,0.466989266872406
8187,0.6246183514595032
8188,0.7215733885765075
8189,0.30628820657730105
8190,0.7508329272270202
8191,0.40672101974487307
8192,0.5197223901748658
8193,0.2429467260837554
8194,0.5031442284584046
8195,0.27926490902900697
8196,0.5804902076721191
8197,0.304426097869873
8198,0.30225369334220886
8199,0.2982935905456543
8200,0.7782520413398742
8201,0.4594070851802826
8202,0.49043671488761903
8203,0.7215881228446961
8204,0.4828394889831543
8205,0.28557127714157104
8206,0.38517827987670894
8207,0.636327040195465
8208,0.3484617054462433
8209,0.7806990027427674
8210,0.26039708256721494
8211,0.3336053192615509
8212,0.32502869367599485
8213,0.3462924242019653
8214,0.309937185049057
8215,0.6239627957344055
8216,0.4547377467155457
8217,0.18692221045494078
8218,0.6978429079055786
8219,0.6643522262573243
8220,0.34794642329216
8221,0.5267702400684356
8222,0.22159440815448755
8223,0.7783262372016907
8224,0.3724179804325104
8225,0.35553424358367913
8226,0.6944535970687866
8227,0.4383966147899628
8228,0.33006649017333983
8229,0.7246778964996338
8230,0.41518980264663696
8231,0.23983852267265315
8232,0.5905559062957764
8233,0.781501042842865
8234,0.47733010053634645
8235,0.43046576380729673
8236,0.5142414808273316
8237,0.6103277444839478
8238,0.18622971475124356
8239,0.7177922487258911
8240,0.4668461322784424
8241,0.5235042154788971
8242,0.4652659595012665
8243,0.39023361802101136
8244,0.4545959115028381
8245,0.4362584829330444
8246,0.36834862232208254
8247,0.6001698136329651
8248,0.32632505893707275
8249,0.6021605968475342
8250,0.708843195438385
8251,0.3353693723678589
8252,0.4442526638507843
8253,0.42798218727111814
8254,0.44213510155677793
8255,0.6730899810791016
8256,0.20596728026866912
8257,0.31027724146842955
8258,0.5570056200027466
8259,0.4079106688499451
8260,0.42101995944976806
8261,0.7772913098335266
8262,0.46690810918807985
8263,0.690157163143158
8264,0.5615936279296875
8265,0.3142323553562164
8266,0.2322122186422348
8267,0.470180743932724
8268,0.4512998521327972
8269,0.3367573142051697
8270,0.39084830284118655
8271,0.3666196048259735
8272,0.33656923174858094
8273,0.604464852809906
8274,0.39960671663284303
8275,0.40915557742118835
8276,0.474848085641861
8277,0.38249542117118834
8278,0.47389642596244813
8279,0.5098255574703217
8280,0.5314649343490601
8281,0.5442354917526245
8282,0.5415743589401245
8283,0.3443363726139068
8284,0.19508567750453945
8285,0.3500644028186798
8286,0.4484786570072174
8287,0.5580342411994934
8288,0.6146401166915894
8289,0.49336711764335633
8290,0.49917673468589785
8291,0.7297831892967224
8292,0.35392101407051085
8293,0.6566220402717591
8294,0.24484050571918484
8295,0.5660867094993591
8296,0.556245744228363
8297,0.6575818181037902
8298,0.3824982762336731
8299,0.23206959962844845
8300,0.24991289675235748
8301,0.6025546431541443
8302,0.7790841102600098
8303,0.4194705843925476
8304,0.38198169469833376
8305,0.22473297715187074
8306,0.5833764910697937
8307,0.5043497562408448
8308,0.32536747455596926
8309,0.28584915995597837
8310,0.48400092124938965
8311,0.5893489003181458
8312,0.5075329601764679
8313,0.5484688520431519
8314,0.5950865745544434
8315,0.7730950951576233
8316,0.29977051019668577
8317,0.37022886276245115
8318,0.533210813999176
8319,0.49844577312469485
8320,0.2335784524679184
8321,0.41355491876602174
8322,0.5919405221939087
8323,0.48362911939620973
8324,0.5882491946220398
8325,0.44692851305007936
8326,0.4728494226932526
8327,0.22888072133064266
8328,0.4392005383968353
8329,0.2942215383052826
8330,0.6655771851539611
8331,0.46180636882781984
8332,0.5689892411231995
8333,0.5652630686759949
8334,0.4511141896247864
8335,0.5398695230484009
8336,0.3429537296295166
8337,0.37732037901878357
8338,0.3421019554138184
8339,0.30708255171775817
8340,0.4175920367240905
8341,0.48645574450492857
8342,0.2828987598419189
8343,0.6532049179077148
8344,0.37837629318237304
8345,0.6361515522003174
8346,0.7613866448402404
8347,0.5156061887741089
8348,0.43941757678985593
8349,0.6224289774894715
8350,0.37058040499687195
8351,0.5197538554668426
8352,0.40020584464073183
8353,0.5564691901206971
8354,0.6059238314628601
8355,0.2578703910112381
8356,0.7514031171798706
8357,0.5409525752067565
8358,0.39327446818351747
8359,0.4389332115650177
8360,0.536416208744049
8361,0.43890952467918387
8362,0.44379940032958987
8363,0.5909077048301696
8364,0.5447633266448975
8365,0.4215887367725372
8366,0.4086033821105957
8367,0.49207993149757384
8368,0.3810968339443207
8369,0.6364493727684021
8370,0.4602347254753113
8371,0.2967869520187378
8372,0.6106363296508789
8373,0.4027385413646698
8374,0.30372042655944825
8375,0.32003855109214785
8376,0.5134936571121216
8377,0.47747357487678527
8378,0.7267310142517089
8379,0.45578657984733584
8380,0.508509349822998
8381,0.24491931200027456
8382,0.318030571937561
8383,0.5216894268989563
8384,0.2984866797924041
8385,0.4236735999584198
8386,0.26961097717285154
8387,0.508190643787384
8388,0.5663215160369873
8389,0.44460607767105104
8390,0.5590672016143798
8391,0.24179097115993495
8392,0.6362756371498108
8393,0.5122694253921509
8394,0.29083303809165956
8395,0.20384728014469142
8396,0.6094701766967774
8397,0.3298708498477936
8398,0.31731842756271356
8399,0.22079025506973263
8400,0.6081486940383911
8401,0.4289632201194763
8402,0.5026486337184906
8403,0.7577009439468384
8404,0.33103073239326475
8405,0.37832795977592465
8406,0.25405350923538206
8407,0.2553020715713501
8408,0.3977135598659515
8409,0.4342916369438171
8410,0.22794254720211024
8411,0.6575629353523255
8412,0.5126608371734619
8413,0.39953641295433046
8414,0.618303632736206
8415,0.46222954988479614
8416,0.5539390563964843
8417,0.302948397397995
8418,0.5438869833946228
8419,0.21814998686313625
8420,0.4445433497428894
8421,0.42913655638694764
8422,0.5055068552494049
8423,0.39368892908096315
8424,0.449323844909668
8425,0.36540375351905824
8426,0.44040316343307495
8427,0.47175112962722776
8428,0.7816951990127563
8429,0.4978045105934143
8430,0.5243514180183411
8431,0.45116175413131715
8432,0.6605185508728028
8433,0.6101232528686523
8434,0.303546142578125
8435,0.5915586829185486
8436,0.35817707180976865
8437,0.7324999213218689
8438,0.20528092384338376
8439,0.49446097016334534
8440,0.4512147903442383
8441,0.40201555490493773
8442,0.3299779534339905
8443,0.4778598725795746
8444,0.47562515139579775
8445,0.6047061800956726
8446,0.410672265291214
8447,0.45046344995498655
8448,0.5301299691200256
8449,0.684675645828247
8450,0.7668499231338501
8451,0.7412598609924317
8452,0.4312363088130951
8453,0.6162772655487061
8454,0.7046911716461182
8455,0.41363937854766847
8456,0.6329563617706299
8457,0.3931170225143433
8458,0.5669710159301757
8459,0.39191625118255613
8460,0.4243546545505524
8461,0.5740433931350708
8462,0.7787543416023255
8463,0.2133089035749435
8464,0.5209765195846557
8465,0.2926275312900543
8466,0.715109121799469
8467,0.2846722185611725
8468,0.6376711845397949
8469,0.2845511078834534
8470,0.520845890045166
8471,0.3589280128479004
8472,0.37460939884185784
8473,0.4560489296913147
8474,0.292881166934967
8475,0.739506196975708
8476,0.3818793475627899
8477,0.4149049699306488
8478,0.46298439502716066
8479,0.47650591731071473
8480,0.299892258644104
8481,0.3956257283687591
8482,0.7812684535980224
8483,0.676678740978241
8484,0.7767237901687623
8485,0.6488059997558594
8486,0.4239758372306824
8487,0.31311259865760804
8488,0.6797269821166992
8489,0.32995947003364556
8490,0.39916842579841616
8491,0.37750646471977234
8492,0.5032890617847443
8493,0.3929283857345581
8494,0.6956862688064576
8495,0.23097903728485103
8496,0.5590343832969665
8497,0.22195012867450709
8498,0.5309593081474304
8499,0.4251792371273041
8500,0.2296021312475204
8501,0.5486693501472473
8502,0.2908610224723816
8503,0.4612007439136505
8504,0.4544666051864624
8505,0.6318559765815734
8506,0.44464609026908875
8507,0.7576667308807373
8508,0.5456204414367676
8509,0.4772988498210907
8510,0.23081835806369777
8511,0.27571929097175596
8512,0.691844642162323
8513,0.7651775360107422
8514,0.4996348559856415
8515,0.7575550436973572
8516,0.5116073012351989
8517,0.4506228446960449
8518,0.5926551342010498
8519,0.41953994035720826
8520,0.31646413207054136
8521,0.4636318802833557
8522,0.5782269716262818
8523,0.37586459517478943
8524,0.5932417035102844
8525,0.5009593307971955
8526,0.6551433563232422
8527,0.3468464970588684
8528,0.47682151198387146
8529,0.690587043762207
8530,0.41320247054100034
8531,0.440141487121582
8532,0.6706887006759643
8533,0.5573043465614319
8534,0.48100345134735106
8535,0.3101683259010315
8536,0.560798192024231
8537,0.6373891949653625
8538,0.4968260288238525
8539,0.45509891510009765
8540,0.22627541422843928
8541,0.37444795370101924
8542,0.30774020552635195
8543,0.27403524518012995
8544,0.3096803486347198
8545,0.3596404314041138
8546,0.5394620418548584
8547,0.4574805676937103
8548,0.6430211782455444
8549,0.4811099171638489
8550,0.4025270402431488
8551,0.4494356751441956
8552,0.3832705199718475
8553,0.5520195007324219
8554,0.7609684824943542
8555,0.6715753674507141
8556,0.4337093770503998
8557,0.25819517076015475
8558,0.492817223072052
8559,0.7456983804702759
8560,0.3621518790721893
8561,0.3411571741104126
8562,0.7737232089042664
8563,0.4336447656154633
8564,0.5188939571380615
8565,0.4825043916702271
8566,0.5451404929161072
8567,0.7632027387619018
8568,0.4302701592445374
8569,0.4465490639209747
8570,0.40414363145828247
8571,0.4627428650856018
8572,0.7236900329589844
8573,0.5703070282936096
8574,0.7508673071861267
8575,0.6221995115280151
8576,0.6244519472122192
8577,0.43886367678642274
8578,0.6144517421722412
8579,0.24526283740997315
8580,0.40103600025177
8581,0.7272363781929017
8582,0.5159189343452454
8583,0.6871809363365173
8584,0.4427178084850311
8585,0.32354181408882143
8586,0.3802799999713898
8587,0.23007908463478083
8588,0.3529203236103058
8589,0.23073332905769345
8590,0.2502264559268951
8591,0.6643826723098755
8592,0.7798827409744262
8593,0.576764440536499
8594,0.7772033214569092
8595,0.3338772118091583
8596,0.6486671090126037
8597,0.475065678358078
8598,0.4091644287109375
8599,0.3443720817565918
8600,0.6657624125480652
8601,0.5460143446922302
8602,0.3371196806430817
8603,0.5856249690055847
8604,0.42781196236610414
8605,0.23938315808773042
8606,0.6008544206619263
8607,0.22756750285625454
8608,0.7773710489273071
8609,0.41758723855018615
8610,0.4922429442405701
8611,0.6642255544662475
8612,0.7108173847198487
8613,0.26781476140022276
8614,0.5220247149467468
8615,0.4891155481338501
8616,0.7572814226150513
8617,0.524039912223816
8618,0.35248807072639465
8619,0.2654776334762573
8620,0.651097297668457
8621,0.4019120991230011
8622,0.6255279183387756
8623,0.5471234560012818
8624,0.6003974080085754
8625,0.4121564030647278
8626,0.603765606880188
8627,0.3335951089859009
8628,0.777696144580841
8629,0.2279058218002319
8630,0.21472905278205867
8631,0.5898666977882385
8632,0.3332830548286438
8633,0.2644211262464523
8634,0.47852571606636046
8635,0.4190034568309784
8636,0.23341108858585352
8637,0.5403409600257874
8638,0.471393483877182
8639,0.33193249106407163
8640,0.5804366707801819
8641,0.312696635723114
8642,0.5760432720184326
8643,0.6568535208702088
8644,0.42623220682144164
8645,0.22124738395214077
8646,0.4836791276931763
8647,0.5685425281524659
8648,0.40381922721862795
8649,0.2862188100814819
8650,0.3859982430934906
8651,0.42603238224983214
8652,0.7062689065933228
8653,0.46721104979515077
8654,0.7750571012496948
8655,0.37479823231697085
8656,0.4745843529701233
8657,0.5091312050819397
8658,0.3821115612983703
8659,0.22556619048118587
8660,0.7703518867492676
8661,0.7367500066757202
8662,0.7757027387619019
8663,0.3710201263427734
8664,0.7743317604064941
8665,0.27941071391105654
8666,0.5462609887123108
8667,0.3544700801372528
8668,0.5365277409553528
8669,0.766667366027832
8670,0.6853299856185913
8671,0.4581946313381195
8672,0.5025428235530853
8673,0.7562931776046753
8674,0.6028375744819641
8675,0.4333090543746948
8676,0.45567981600761415
8677,0.37259337306022644
8678,0.5608644723892212
8679,0.3933121502399445
8680,0.6513465642929077
8681,0.2510616213083267
8682,0.5290615320205688
8683,0.25639666616916656
8684,0.5064233124256134
8685,0.47620949149131775
8686,0.5442250728607178
8687,0.28374325633049013
8688,0.5040137529373169
8689,0.7611900210380554
8690,0.5161495625972747
8691,0.24221792817115778
8692,0.45583000779151917
8693,0.5587801456451416
8694,0.3534401059150696
8695,0.42980639934539794
8696,0.19860195517539977
8697,0.28130199313163756
8698,0.5135641992092133
8699,0.22336135804653168
8700,0.42076371908187865
8701,0.4420832574367523
8702,0.47702502012252807
8703,0.757338547706604
8704,0.3755810260772705
8705,0.5535982012748718
8706,0.3263166606426239
8707,0.3173667550086975
8708,0.5907945156097412
8709,0.5967957258224488
8710,0.6087579250335693
8711,0.7670503854751587
8712,0.34775182604789734
8713,0.640361750125885
8714,0.4037598967552185
8715,0.6261859059333801
8716,0.5447438836097718
8717,0.4085007071495056
8718,0.6428172349929809
8719,0.4235783338546753
8720,0.5456123948097229
8721,0.4665102005004883
8722,0.6528284788131714
8723,0.3053913593292236
8724,0.5020170748233795
8725,0.39352167844772334
8726,0.7473110914230346
8727,0.4721665859222412
8728,0.5076448440551757
8729,0.595324695110321
8730,0.6166556000709533
8731,0.7281283378601074
8732,0.5546043276786804
8733,0.5263422012329102
8734,0.40855408310890196
8735,0.7031610369682312
8736,0.2633749544620514
8737,0.3647914230823517
8738,0.29275982379913323
8739,0.3576755702495575
8740,0.5469635963439942
8741,0.5144525408744812
8742,0.4462542712688446
8743,0.3674816370010376
8744,0.5215457737445831
8745,0.26670112609863283
8746,0.7703813672065735
8747,0.47849040031433104
8748,0.45554704070091245
8749,0.5990338325500488
8750,0.2839314520359039
8751,0.4145293891429901
8752,0.30825536847114565
8753,0.6370029807090759
8754,0.35000717639923096
8755,0.569753623008728
8756,0.4739100396633148
8757,0.579377007484436
8758,0.5072360873222351
8759,0.38265135884284973
8760,0.521462881565094
8761,0.6571062684059144
8762,0.49894219636917114
8763,0.6426945328712463
8764,0.3990063488483429
8765,0.4810000777244568
8766,0.7722877740859986
8767,0.6060705304145813
8768,0.6171323299407959
8769,0.6334012627601624
8770,0.5613364219665528
8771,0.7117415308952332
8772,0.480350261926651
8773,0.4353927135467529
8774,0.34159152507781976
8775,0.6212297201156616
8776,0.2670349717140198
8777,0.534288489818573
8778,0.48717549443244934
8779,0.6127487421035767
8780,0.40848411321640016
8781,0.5117058634757996
8782,0.4347941517829895
8783,0.7318092703819274
8784,0.7564355373382569
8785,0.6157369375228882
8786,0.20177288949489589
8787,0.2591554224491119
8788,0.6924105405807495
8789,0.35556318163871764
8790,0.360784238576889
8791,0.5344878077507019
8792,0.3019585728645325
8793,0.5702296018600463
8794,0.5211392283439636
8795,0.4681191146373749
8796,0.5068699002265931
8797,0.7599690675735473
8798,0.33166053295135495
8799,0.4934458374977112
8800,0.43238438963890075
8801,0.47703874111175537
8802,0.6847551226615906
8803,0.4161424160003662
8804,0.5469116568565369
8805,0.5862995505332946
8806,0.3760769426822662
8807,0.5353214144706726
8808,0.7730987668037415
8809,0.42622262239456177
8810,0.5825337767601013
8811,0.4579426467418671
8812,0.5407680630683899
8813,0.3431130826473236
8814,0.7653084874153138
8815,0.5657901406288147
8816,0.6489170908927917
8817,0.31163763999938965
8818,0.47118808031082154
8819,0.2496779084205627
8820,0.5125992596149445
8821,0.4499664306640625
8822,0.6190643072128296
8823,0.7016753315925598
8824,0.734712028503418
8825,0.4239847421646118
8826,0.265720808506012
8827,0.331949919462204
8828,0.47676047682762146
8829,0.5191493511199952
8830,0.7799956679344178
8831,0.37815695405006405
8832,0.5492501854896545
8833,0.5740741133689881
8834,0.27200480699539187
8835,0.6274605989456177
8836,0.3618369817733764
8837,0.5073948264122009
8838,0.31658378839492796
8839,0.49276688098907473
8840,0.4601993262767792
8841,0.7702041506767273
8842,0.7350013732910157
8843,0.7674365520477295
8844,0.48735870122909547
8845,0.31630841493606565
8846,0.3365447223186493
8847,0.41848525404930115
8848,0.7741954565048218
8849,0.6836639165878295
8850,0.45629029273986815
8851,0.7736236214637756
8852,0.5225941419601441
8853,0.2196861624717712
8854,0.22535248100757593
8855,0.26888648271560667
8856,0.23129423856735226
8857,0.7751735568046569
8858,0.2273561984300613
8859,0.33597722053527834
8860,0.4031805217266083
8861,0.21503970921039578
8862,0.4531583428382874
8863,0.5512372851371765
8864,0.4667922377586365
8865,0.4782499551773071
8866,0.6209042549133301
8867,0.7580787777900696
8868,0.766751503944397
8869,0.2556943893432617
8870,0.6492765545845032
8871,0.49486964344978335
8872,0.3801492154598236
8873,0.46342206597328184
8874,0.6300117373466492
8875,0.6052036643028259
8876,0.2508010476827621
8877,0.5590889692306519
8878,0.5131753981113434
8879,0.55090833902359
8880,0.41975022554397584
8881,0.3304997503757477
8882,0.29698373675346373
8883,0.5292479515075683
8884,0.45536678433418276
8885,0.4129970967769623
8886,0.6857305288314819
8887,0.19134259521961208
8888,0.5637625813484192
8889,0.5137911379337311
8890,0.324700528383255
8891,0.28696155548095703
8892,0.3068033158779144
8893,0.48227970004081727
8894,0.5507167696952819
8895,0.6147026538848877
8896,0.48585864901542664
8897,0.5949080944061279
8898,0.508298534154892
8899,0.5183361411094666
8900,0.2909692823886871
8901,0.6373147606849671
8902,0.5717407822608948
8903,0.5023112237453461
8904,0.6431855797767639
8905,0.24310590326786033
8906,0.3994687795639038
8907,0.6972048163414002
8908,0.25405104458332056
8909,0.48058518171310427
8910,0.6660442352294922
8911,0.20050955116748806
8912,0.4763023018836975
8913,0.48192742466926575
8914,0.7313417553901672
8915,0.25434719026088715
8916,0.646732485294342
8917,0.36518859267234804
8918,0.6650191187858582
8919,0.7048574328422547
8920,0.33339989185333246
8921,0.26665192246437075
8922,0.6628397822380065
8923,0.6130254864692688
8924,0.43639898896217344
8925,0.384492826461792
8926,0.2929534614086151
8927,0.7749252557754517
8928,0.48095234036445617
8929,0.5061209022998809
8930,0.7744242429733277
8931,0.44914098381996154
8932,0.43986445665359497
8933,0.41691964864730835
8934,0.36997631192207336
8935,0.7578694701194764
8936,0.7674035668373108
8937,0.5375347256660461
8938,0.2806954801082611
8939,0.4593910276889801
8940,0.3598162472248077
8941,0.2782420814037323
8942,0.4515292465686798
8943,0.7843899369239807
8944,0.31893579959869384
8945,0.5990410447120667
8946,0.31090055108070375
8947,0.44017612338066103
8948,0.7615015506744385
8949,0.3689663529396057
8950,0.6425052881240845
8951,0.4405320227146149
8952,0.5171871066093445
8953,0.45149536728858947
8954,0.48689727783203124
8955,0.513638949394226
8956,0.6534365177154541
8957,0.5659375786781311
8958,0.39759173989295954
8959,0.6276696801185608
8960,0.5817135453224183
8961,0.7663745641708374
8962,0.2965107202529907
8963,0.6423213243484497
8964,0.5446283698081971
8965,0.3096061468124389
8966,0.2063664317131042
8967,0.27518665194511416
8968,0.37615932822227477
8969,0.555784261226654
8970,0.6492317676544189
8971,0.45873758792877195
8972,0.3353326737880707
8973,0.25980299413204194
8974,0.6866730809211731
8975,0.5206565022468567
8976,0.4198543667793274
8977,0.420443058013916
8978,0.2833425164222717
8979,0.6947230696678162
8980,0.24479241669178003
8981,0.7669922471046448
8982,0.3035350203514099
8983,0.2997734069824219
8984,0.6195394635200501
8985,0.462918347120285
8986,0.40563185811042785
8987,0.3387391924858093
8988,0.44000743627548217
8989,0.6321419835090637
8990,0.32286686897277833
8991,0.25407307147979735
8992,0.34447859525680535
8993,0.6322372078895568
8994,0.6144254565238952
8995,0.6066272974014282
8996,0.4438530683517456
8997,0.46307034492492677
8998,0.41424922943115233
8999,0.7793787479400635
9000,0.3639692008495331
9001,0.7799731373786927
9002,0.3290852010250091
9003,0.37549790143966677
9004,0.21843957006931305
9005,0.44237703680992124
9006,0.3987570881843567
9007,0.4848642349243164
9008,0.25383247435092926
9009,0.5101016700267792
9010,0.5254262983798981
9011,0.666835618019104
9012,0.4688217878341675
9013,0.5161338448524475
9014,0.4804812133312225
9015,0.5174741089344025
9016,0.3524322986602783
9017,0.7771380066871643
9018,0.7756698608398438
9019,0.7715265154838562
9020,0.465444815158844
9021,0.253560534119606
9022,0.740449857711792
9023,0.5887558937072754
9024,0.589872419834137
9025,0.6700891256332397
9026,0.47444858551025393
9027,0.49963202476501467
9028,0.7046829700469971
9029,0.5131810903549194
9030,0.5480894684791565
9031,0.47048559188842776
9032,0.5711130976676941
9033,0.4907843410968781
9034,0.4398565173149109
9035,0.21970203220844264
9036,0.2545258700847626
9037,0.42561180591583253
9038,0.6465607047080993
9039,0.7242006778717041
9040,0.6236880779266357
9041,0.7660596489906311
9042,0.5206119775772095
9043,0.4992991745471954
9044,0.7463751435279846
9045,0.6554291844367981
9046,0.5998150706291199
9047,0.6421875953674316
9048,0.7441352128982544
9049,0.4287417531013489
9050,0.35453163385391234
9051,0.5806401014328003
9052,0.43884631991386414
9053,0.3658875644207001
9054,0.7017045378684997
9055,0.4396892189979553
9056,0.4706211805343628
9057,0.6081937432289124
9058,0.4847234010696411
9059,0.5058680653572083
9060,0.44349658489227295
9061,0.7701120138168335
9062,0.3757608890533447
9063,0.592033588886261
9064,0.27368654012680055
9065,0.4435017824172974
9066,0.235415706038475
9067,0.5971816420555115
9068,0.5903334975242615
9069,0.5004638254642486
9070,0.5174999356269836
9071,0.28772872090339663
9072,0.5790552496910095
9073,0.6718579173088074
9074,0.48080702424049376
9075,0.30593984127044677
9076,0.47447686791419985
9077,0.544263768196106
9078,0.5757261872291565
9079,0.4306399643421173
9080,0.5108115136623382
9081,0.7657657742500306
9082,0.6848523139953613
9083,0.6909372329711914
9084,0.4978464424610138
9085,0.2472965538501739
9086,0.7809673905372619
9087,0.2519623786211014
9088,0.6207356333732605
9089,0.2807862043380737
9090,0.26970328092575074
9091,0.4444758176803589
9092,0.4746516764163971
9093,0.7648260831832886
9094,0.29988270401954653
9095,0.5119388818740844
9096,0.3625256299972534
9097,0.24253858327865596
9098,0.44043118357658384
9099,0.5571345925331116
9100,0.520624303817749
9101,0.7394139528274536
9102,0.470382022857666
9103,0.40672833323478697
9104,0.5615713238716126
9105,0.47012476325035096
9106,0.4560687839984894
9107,0.5313115358352661
9108,0.39726902842521666
9109,0.4196998953819275
9110,0.39461337924003603
9111,0.5163049936294556
9112,0.5088069200515747
9113,0.35608053803443906
9114,0.5085053861141204
9115,0.5575403690338134
9116,0.3639788508415222
9117,0.5096963107585907
9118,0.6834184765815735
9119,0.36282734870910643
9120,0.6495102167129516
9121,0.6430627465248108
9122,0.4706875741481781
9123,0.41574767231941223
9124,0.6397523522377014
9125,0.44443838596343993
9126,0.2481816977262497
9127,0.2693027436733246
9128,0.4445729196071625
9129,0.40056889653205874
9130,0.48177918791770935
9131,0.3977316677570343
9132,0.46317893266677856
9133,0.7791205883026123
9134,0.7660451292991638
9135,0.3546029329299927
9136,0.6131688475608825
9137,0.5115608990192413
9138,0.45746235847473143
9139,0.41594257950782776
9140,0.7829649090766907
9141,0.30424275398254397
9142,0.2616828143596649
9143,0.5218517899513244
9144,0.5959419488906861
9145,0.3445624470710754
9146,0.32494004368782037
9147,0.2667807340621948
9148,0.32688859701156614
9149,0.5291324377059936
9150,0.5987707257270813
9151,0.46507410407066346
9152,0.32961336970329286
9153,0.25458213686943054
9154,0.47938998937606814
9155,0.4192698121070862
9156,0.6884735226631165
9157,0.5393846511840821
9158,0.43770164251327515
9159,0.20920304656028743
9160,0.46428301334381106
9161,0.6388508200645446
9162,0.30157074332237244
9163,0.23805696964263917
9164,0.43048887848854067
9165,0.43893700242042544
9166,0.5847079753875732
9167,0.4451627731323242
9168,0.21489810645580287
9169,0.3936077952384948
9170,0.6163341760635376
9171,0.3854265332221985
9172,0.22127876281738276
9173,0.44980248212814333
9174,0.47678555846214293
9175,0.3286005139350891
9176,0.487351655960083
9177,0.32875882983207705
9178,0.3952570199966431
9179,0.24291905164718625
9180,0.6581568598747254
9181,0.2771411806344986
9182,0.5303361415863037
9183,0.39482385516166685
9184,0.2796406775712966
9185,0.6053279399871826
9186,0.587102472782135
9187,0.4057337522506714
9188,0.5539874196052551
9189,0.4491949796676636
9190,0.3927708327770233
9191,0.2220376491546631
9192,0.746105408668518
9193,0.6473669886589051
9194,0.37594327330589294
9195,0.49692748188972474
9196,0.5071882545948029
9197,0.7809627890586853
9198,0.5155281066894531
9199,0.6978877186775208
9200,0.3919555127620697
9201,0.5797728061676025
9202,0.596378743648529
9203,0.45085633993148805
9204,0.2191865593194961
9205,0.33640122413635254
9206,0.4195027887821198
9207,0.4803742110729218
9208,0.7638892531394958
9209,0.4991076231002808
9210,0.43541032671928404
9211,0.27168471813201905
9212,0.30896213054656985
9213,0.5517425298690796
9214,0.5266985416412353
9215,0.5596149682998657
9216,0.7174245119094849
9217,0.44097320437431337
9218,0.4213104844093323
9219,0.2885960519313812
9220,0.5845674395561218
9221,0.7631718754768372
9222,0.45179553627967833
9223,0.658948290348053
9224,0.3675331354141235
9225,0.46315200328826905
9226,0.5032780885696411
9227,0.7196939587593079
9228,0.3305454671382904
9229,0.5976096987724304
9230,0.4829266369342804
9231,0.5695189714431763
9232,0.3417083084583282
9233,0.4403353989124298
9234,0.41363672018051145
9235,0.7567684769630432
9236,0.46324190497398376
9237,0.26880709528923036
9238,0.49333775639533994
9239,0.32751284837722777
9240,0.7302662849426269
9241,0.45370028614997865
9242,0.48867706060409544
9243,0.2789388358592987
9244,0.610761022567749
9245,0.5989018440246582
9246,0.41614697575569154
9247,0.49568985104560853
9248,0.4276680886745453
9249,0.30780280828475953
9250,0.5873013257980346
9251,0.6191492795944213
9252,0.27056856751441954
9253,0.5896573901176453
9254,0.44604257941246034
9255,0.2435721397399902
9256,0.2580529093742371
9257,0.33552500009536745
9258,0.49344525933265687
9259,0.42390371561050416
9260,0.3445436000823975
9261,0.30383565425872805
9262,0.6885077953338623
9263,0.7453017234802246
9264,0.4465218663215637
9265,0.7174313306808472
9266,0.48894010186195375
9267,0.675772738456726
9268,0.36441179513931277
9269,0.6593980550765991
9270,0.5209146857261657
9271,0.334181147813797
9272,0.38362325429916383
9273,0.48795326352119445
9274,0.3426897466182709
9275,0.6045401453971863
9276,0.3676008403301239
9277,0.41200500130653384
9278,0.4932770550251007
9279,0.665189790725708
9280,0.5583260774612426
9281,0.4041809916496277
9282,0.47352601289749147
9283,0.3628587305545807
9284,0.46045061349868777
9285,0.57719407081604
9286,0.5531591534614563
9287,0.23527519702911376
9288,0.7670191407203675
9289,0.5319384813308716
9290,0.37613680958747864
9291,0.32918596267700195
9292,0.5688639044761657
9293,0.5462751507759094
9294,0.4723438501358032
9295,0.4651787102222443
9296,0.5180089235305786
9297,0.4243140399456024
9298,0.3351644933223724
9299,0.2880742967128754
9300,0.23359703719615932
9301,0.6645742654800415
9302,0.36617015600204467
9303,0.4601574182510376
9304,0.6117720127105712
9305,0.45781745910644533
9306,0.3997360110282898
9307,0.6357367157936096
9308,0.5295903205871582
9309,0.4444272220134735
9310,0.6855530738830566
9311,0.7635006070137024
9312,0.7723221778869629
9313,0.24412404000759125
9314,0.5870957851409913
9315,0.5755188345909119
9316,0.45298779010772694
9317,0.5579180955886841
9318,0.7253051638603211
9319,0.5457855939865113
9320,0.6670611500740051
9321,0.7762629270553589
9322,0.3504816710948944
9323,0.37723226547241206
9324,0.4545464813709259
9325,0.7403372406959534
9326,0.6950483202934266
9327,0.6499587178230286
9328,0.5221767902374268
9329,0.2874304294586182
9330,0.3468747973442078
9331,0.3269109070301056
9332,0.4669046759605407
9333,0.5584305763244629
9334,0.3050628423690796
9335,0.5140392482280731
9336,0.43641865253448486
9337,0.6883239269256591
9338,0.5172052502632141
9339,0.4026840150356293
9340,0.47482008337974546
9341,0.32892121672630303
9342,0.47211513519287107
9343,0.43584632873535156
9344,0.6053837656974792
9345,0.34922547936439513
9346,0.5082241952419281
9347,0.3235218465328217
9348,0.7763282060623169
9349,0.665589702129364
9350,0.5097062110900878
9351,0.377584707736969
9352,0.3291664898395538
9353,0.5649618148803711
9354,0.40378479957580565
9355,0.7695056080818177
9356,0.6332059860229492
9357,0.2411278367042541
9358,0.40900864601135256
9359,0.21631272733211512
9360,0.47296121120452883
9361,0.7829177618026734
9362,0.6392312169075012
9363,0.5595453143119812
9364,0.5227817177772522
9365,0.6328132271766662
9366,0.6645285487174988
9367,0.448040509223938
9368,0.5170058846473694
9369,0.4684096097946167
9370,0.7730104327201843
9371,0.7585903644561768
9372,0.5610244274139404
9373,0.42810786962509156
9374,0.3959686577320099
9375,0.40537647604942323
9376,0.30388488173484796
9377,0.5112587094306946
9378,0.5368965864181519
9379,0.19581856727600094
9380,0.4443156778812408
9381,0.6216070055961609
9382,0.47562949657440184
9383,0.31690611839294436
9384,0.4534445881843567
9385,0.7675249934196472
9386,0.4881714880466461
9387,0.2678713858127594
9388,0.3396657884120941
9389,0.6678331732749939
9390,0.7887299418449402
9391,0.6764127373695373
9392,0.4501895606517792
9393,0.42187889814376833
9394,0.422086501121521
9395,0.6257341265678406
9396,0.4522844016551971
9397,0.6154001712799072
9398,0.47989741563796995
9399,0.6436450958251954
9400,0.46768452525138854
9401,0.5022379696369171
9402,0.44429618716239927
9403,0.48097413778305054
9404,0.7012301802635192
9405,0.5998492240905762
9406,0.2999385714530945
9407,0.5917089343070984
9408,0.2861240983009338
9409,0.47108606100082395
9410,0.7803049683570862
9411,0.5654165625572205
9412,0.5036810159683227
9413,0.5178110778331757
9414,0.7340543627738952
9415,0.683444595336914
9416,0.4387317061424255
9417,0.4285856246948242
9418,0.330654913187027
9419,0.4770406424999236
9420,0.6525168657302857
9421,0.5829360961914063
9422,0.7585892677307129
9423,0.6683105945587158
9424,0.5026060044765472
9425,0.43975812792778013
9426,0.22306648194789883
9427,0.7815126061439515
9428,0.6982180714607239
9429,0.7602845907211304
9430,0.22992343306541438
9431,0.3750891387462616
9432,0.6596667289733886
9433,0.3770639955997467
9434,0.31043713092803954
9435,0.5279012441635131
9436,0.33741694688796997
9437,0.47201529145240784
9438,0.7597684264183044
9439,0.5120658040046692
9440,0.37053543925285337
9441,0.4261430144309998
9442,0.6155425071716308
9443,0.3741103053092957
9444,0.302664589881897
9445,0.6652364134788513
9446,0.3068837642669678
9447,0.7274827361106873
9448,0.42531356811523435
9449,0.6374594807624817
9450,0.6915741443634034
9451,0.6416501760482788
9452,0.4782208025455475
9453,0.21299607455730435
9454,0.22467163801193238
9455,0.6585355639457703
9456,0.22293807864189144
9457,0.686657166481018
9458,0.6516206860542297
9459,0.39423336982727053
9460,0.538098156452179
9461,0.3593897938728332
9462,0.41576184034347535
9463,0.3695815622806549
9464,0.2739645719528198
9465,0.4023721694946289
9466,0.32032752633094785
9467,0.5871553063392639
9468,0.7781137228012085
9469,0.4899618625640869
9470,0.4541448473930359
9471,0.5348787665367126
9472,0.32988901138305665
9473,0.5239966154098511
9474,0.585746967792511
9475,0.5727320909500122
9476,0.6676578998565674
9477,0.4285086810588837
9478,0.3060791790485382
9479,0.36989606022834776
9480,0.6226294159889221
9481,0.7026047468185425
9482,0.7303435683250428
9483,0.4037562429904938
9484,0.46375795602798464
9485,0.42368864417076113
9486,0.47771644592285156
9487,0.46889510154724123
9488,0.4339879333972931
9489,0.45489245653152466
9490,0.7116609334945678
9491,0.6942567229270935
9492,0.41675626635551455
9493,0.4517644584178925
9494,0.45904244780540465
9495,0.21499127447605124
9496,0.48556578159332275
9497,0.37791253924369805
9498,0.4131897270679474
9499,0.6504572629928589
9500,0.49844489693641664
9501,0.7363448143005371
9502,0.24069640934467312
9503,0.32903640866279604
9504,0.4967136919498444
9505,0.21240251660346984
9506,0.6025317311286926
9507,0.4503834068775177
9508,0.3936723470687866
9509,0.7740662932395935
9510,0.37262716293334963
9511,0.3794687926769257
9512,0.45530771613121035
9513,0.48178423643112184
9514,0.5216197967529297
9515,0.4796763062477112
9516,0.6075963616371155
9517,0.44872355461120605
9518,0.6830275058746338
9519,0.4820681869983673
9520,0.42289934754371644
9521,0.7265200614929199
9522,0.45317521691322327
9523,0.6011776447296142
9524,0.7195107102394104
9525,0.6837206959724427
9526,0.26637848615646365
9527,0.29288428425788876
9528,0.5283753931522369
9529,0.466116464138031
9530,0.5155845701694488
9531,0.46512083411216737
9532,0.7675392389297485
9533,0.2378879219293594
9534,0.48210511207580564
9535,0.7279115796089173
9536,0.7709187030792236
9537,0.2731442391872406
9538,0.37945049405097964
9539,0.6891186237335205
9540,0.35965781211853026
9541,0.46175681352615355
9542,0.3242168724536896
9543,0.711710262298584
9544,0.38358777165412905
9545,0.48368552327156067
9546,0.43569618463516235
9547,0.2217553466558456
9548,0.4366710603237152
9549,0.5218651056289673
9550,0.7870901942253112
9551,0.23684853911399836
9552,0.5988746404647827
9553,0.23390064239501948
9554,0.3532023310661316
9555,0.511546790599823
9556,0.7659618735313416
9557,0.5242535591125488
9558,0.5876405000686645
9559,0.4430346190929413
9560,0.4275310397148132
9561,0.7522737264633179
9562,0.4136501133441925
9563,0.4856568813323975
9564,0.46985304951667783
9565,0.5740759134292602
9566,0.7790739893913269
9567,0.6045598030090332
9568,0.41037994623184204
9569,0.33046104311943053
9570,0.616352117061615
9571,0.4164532482624053
9572,0.48914884924888613
9573,0.6405372500419617
9574,0.24451572299003596
9575,0.25125412046909334
9576,0.24736281633377075
9577,0.40064009428024294
9578,0.33691983819007876
9579,0.460878849029541
9580,0.6190653800964355
9581,0.49294660091400144
9582,0.7416466474533081
9583,0.3351092278957367
9584,0.5570826053619384
9585,0.7310313701629638
9586,0.44750078320503234
9587,0.2783838093280792
9588,0.5987436294555664
9589,0.5144827008247376
9590,0.3651367723941803
9591,0.45216593742370603
9592,0.4417349398136139
9593,0.3016294181346893
9594,0.5990829944610596
9595,0.2701940655708313
9596,0.6618510723114014
9597,0.6015651822090149
9598,0.43196178674697877
9599,0.6120187044143677
9600,0.5188562273979187
9601,0.289591646194458
9602,0.5010317623615265
9603,0.610081946849823
9604,0.3612304627895355
9605,0.46642045378685
9606,0.29775044322013855
9607,0.5755388498306274
9608,0.44390735030174255
9609,0.4560286343097687
9610,0.32796372175216676
9611,0.46791735887527464
9612,0.7334799647331238
9613,0.4498301804065704
9614,0.4315295934677124
9615,0.21860021650791167
9616,0.3666380882263184
9617,0.4205433428287506
9618,0.6039429306983948
9619,0.446737664937973
9620,0.5345400452613831
9621,0.4331908881664276
9622,0.38982189893722535
9623,0.36825868487358093
9624,0.3238393306732178
9625,0.607661771774292
9626,0.49685723185539243
9627,0.4798220694065093
9628,0.3426842451095581
9629,0.7650604724884034
9630,0.45156167149543763
9631,0.7257427930831909
9632,0.47712957859039307
9633,0.39123457074165346
9634,0.5494387984275818
9635,0.20345475077629088
9636,0.5307729721069336
9637,0.46130053997039794
9638,0.24855849444866177
9639,0.20931436121463776
9640,0.2628199517726898
9641,0.6483238816261292
9642,0.3462405025959015
9643,0.33024397492408747
9644,0.46043806672096255
9645,0.7730009198188782
9646,0.5974681973457336
9647,0.4604630768299103
9648,0.5961723327636719
9649,0.4991132915019989
9650,0.7122923016548157
9651,0.4757596909999847
9652,0.2090692400932312
9653,0.5898665904998779
9654,0.6771554112434387
9655,0.3037849187850952
9656,0.39644603729248046
9657,0.39953196048736567
9658,0.4872243285179138
9659,0.6667685985565186
9660,0.5428897142410278
9661,0.5731591939926147
9662,0.6997979879379272
9663,0.5245223999023437
9664,0.4187597751617432
9665,0.5490000486373902
9666,0.2447447150945663
9667,0.5411371707916259
9668,0.36537092328071596
9669,0.6574640512466431
9670,0.4322014570236206
9671,0.7387766242027283
9672,0.41387524604797366
9673,0.7652352809906006
9674,0.6480399608612061
9675,0.4382440745830536
9676,0.42697534561157224
9677,0.7807736873626709
9678,0.41122531294822695
9679,0.6587762117385865
9680,0.5140095174312591
9681,0.5528998851776123
9682,0.7771772265434265
9683,0.4337529182434082
9684,0.32094319462776183
9685,0.3060772001743316
9686,0.5646841764450073
9687,0.7530947208404541
9688,0.2285287201404571
9689,0.6167869448661805
9690,0.36189907789230347
9691,0.4942775070667267
9692,0.3351726531982422
9693,0.37830252647399903
9694,0.32039037346839905
9695,0.3942642331123352
9696,0.38168908953666686
9697,0.4861350178718567
9698,0.2302691698074341
9699,0.3778243184089661
9700,0.6897792935371398
9701,0.4377414405345917
9702,0.4705746054649353
9703,0.347753244638443
9704,0.4093991041183472
9705,0.34164075255393983
9706,0.43561563491821287
9707,0.760125207901001
9708,0.31391175389289855
9709,0.33530268669128416
9710,0.4898754358291626
9711,0.7036132693290711
9712,0.4585205435752869
9713,0.7755539059638977
9714,0.7751772403717041
9715,0.4511602818965912
9716,0.2806491434574127
9717,0.4896989107131958
9718,0.6640092015266419
9719,0.6593218922615052
9720,0.3910851240158081
9721,0.48973752856254577
9722,0.2103291392326355
9723,0.40424599647521975
9724,0.40105003714561455
9725,0.5051454961299896
9726,0.2560689181089401
9727,0.5046697199344635
9728,0.381253981590271
9729,0.5600518584251404
9730,0.4236213445663452
9731,0.49196613430976865
9732,0.47844467759132386
9733,0.474084210395813
9734,0.5101285398006439
9735,0.5242593646049499
9736,0.22244938910007472
9737,0.4335560441017151
9738,0.7454455733299256
9739,0.6855326056480407
9740,0.39492990374565123
9741,0.6358938217163086
9742,0.36156789064407346
9743,0.4688318192958832
9744,0.7508276462554931
9745,0.6660548925399781
9746,0.40330362915992735
9747,0.4598801016807556
9748,0.2881373703479767
9749,0.6635290384292603
9750,0.4807156801223755
9751,0.2976874530315399
9752,0.6001282811164856
9753,0.45262488126754763
9754,0.5693562388420105
9755,0.5436523914337158
9756,0.5583946704864502
9757,0.553236210346222
9758,0.32597326636314394
9759,0.3139347851276398
9760,0.6587824821472168
9761,0.4286624252796173
9762,0.48643694519996644
9763,0.6111189365386963
9764,0.5216248869895935
9765,0.4618423283100128
9766,0.7667267560958863
9767,0.7338974833488464
9768,0.7689864039421082
9769,0.41452485918998716
9770,0.4094905972480774
9771,0.33206275701522825
9772,0.686764931678772
9773,0.5464125394821167
9774,0.7624919414520264
9775,0.31154943704605104
9776,0.6581029772758484
9777,0.7106196045875549
9778,0.5977062821388245
9779,0.45800915360450745
9780,0.3942417144775391
9781,0.48586553931236265
9782,0.32340047955513
9783,0.4311444044113159
9784,0.6942890048027038
9785,0.7811272621154786
9786,0.4434503257274628
9787,0.5620634317398071
9788,0.27089000940322877
9789,0.7797791957855225
9790,0.34789193868637086
9791,0.22896905243396753
9792,0.5798743844032288
9793,0.458494108915329
9794,0.5501577973365783
9795,0.6684042096138001
9796,0.5162355124950408
9797,0.3554442822933197
9798,0.5139340937137604
9799,0.4028614819049835
9800,0.7598587512969971
9801,0.6634498119354248
9802,0.5242932319641114
9803,0.4062059760093689
9804,0.7746845722198487
9805,0.450136137008667
9806,0.289692097902298
9807,0.5935181856155396
9808,0.29450265169143675
9809,0.6721501231193543
9810,0.3959379613399506
9811,0.45987610816955565
9812,0.4013006746768951
9813,0.4776520311832428
9814,0.6616234064102173
9815,0.5404311835765838
9816,0.2918309986591339
9817,0.763103437423706
9818,0.7608467936515808
9819,0.2858299970626831
9820,0.6047131657600403
9821,0.30513903498649597
9822,0.6133183360099792
9823,0.3568462908267975
9824,0.5190299034118653
9825,0.2962100386619568
9826,0.38312631845474243
9827,0.43767026662826536
9828,0.3761312484741211
9829,0.6314019083976745
9830,0.43700495958328245
9831,0.21556158363819117
9832,0.4553489625453949
9833,0.5553763270378113
9834,0.7791590929031372
9835,0.5079229652881623
9836,0.5928260326385498
9837,0.6254592061042785
9838,0.7861851692199707
9839,0.4833144783973694
9840,0.3056714951992035
9841,0.30459084510803225
9842,0.694663119316101
9843,0.6646728754043579
9844,0.3996816694736481
9845,0.47205731868743894
9846,0.5229334115982056
9847,0.4091145217418671
9848,0.4648881137371063
9849,0.4222786903381347
9850,0.2420824617147445
9851,0.6733673930168151
9852,0.5323493957519532
9853,0.7791228294372559
9854,0.47741266489028933
9855,0.6886644840240479
9856,0.7613984823226929
9857,0.5303651690483093
9858,0.5079709768295289
9859,0.35278040170669556
9860,0.3552095890045166
9861,0.5214170813560486
9862,0.3445401191711426
9863,0.25159097611904147
9864,0.6919502019882202
9865,0.5157917320728302
9866,0.7560463905334472
9867,0.5192631602287292
9868,0.38513734340667727
9869,0.7052278041839599
9870,0.4804663836956024
9871,0.4208651065826416
9872,0.447244256734848
9873,0.4586895704269409
9874,0.4462456703186035
9875,0.6566410064697266
9876,0.49735462069511416
9877,0.47324447631835936
9878,0.3975142538547516
9879,0.7696087718009949
9880,0.7826724886894226
9881,0.5474727511405945
9882,0.5194539129734039
9883,0.55594322681427
9884,0.427706903219223
9885,0.37738786935806273
9886,0.352321434020996
9887,0.7002616643905639
9888,0.5132119536399842
9889,0.38915289044380186
9890,0.4488000631332397
9891,0.6849040865898133
9892,0.4005708634853363
9893,0.4781390905380249
9894,0.42238425016403197
9895,0.6142573714256286
9896,0.369349730014801
9897,0.22380939722061152
9898,0.45500630140304565
9899,0.3927937805652618
9900,0.6889765977859497
9901,0.45165868997573855
9902,0.22037970125675196
9903,0.562325370311737
9904,0.6982422709465027
9905,0.5066631197929382
9906,0.7597486019134522
9907,0.5576788067817688
9908,0.7723793983459473
9909,0.4871464014053345
9910,0.7622687816619873
9911,0.6510233163833619
9912,0.616587495803833
9913,0.268264901638031
9914,0.24807646870613098
9915,0.6798475980758667
9916,0.45623582005500796
9917,0.6257610321044922
9918,0.4337204873561859
9919,0.2493507206439972
9920,0.47861223816871645
9921,0.648910915851593
9922,0.7092790365219116
9923,0.7727895736694336
9924,0.59466952085495
9925,0.21465157866477957
9926,0.2125515133142471
9927,0.26709831058979033
9928,0.582183301448822
9929,0.36746218204498293
9930,0.6416300892829895
9931,0.5529157876968384
9932,0.5621279597282409
9933,0.6494109869003296
9934,0.49474160075187684
9935,0.5186690926551819
9936,0.2476292639970779
9937,0.7586769342422486
9938,0.4190831661224365
9939,0.6978819251060486
9940,0.347753232717514
9941,0.5715527057647705
9942,0.3455569565296173
9943,0.500829941034317
9944,0.6374739050865174
9945,0.3935083389282227
9946,0.3869841814041138
9947,0.778381884098053
9948,0.33576644659042354
9949,0.7704291939735413
9950,0.7720947384834289
9951,0.4037241816520691
9952,0.43434072136878965
9953,0.39738641381263734
9954,0.5420934915542602
9955,0.24410623908042903
9956,0.2978720963001251
9957,0.2606523633003235
9958,0.7675879240036011
9959,0.5376433372497559
9960,0.6792686820030213
9961,0.5879359722137452
9962,0.3785164952278137
9963,0.3900748729705811
9964,0.3115187346935272
9965,0.5133807182312011
9966,0.7656757235527039
9967,0.5289226055145264
9968,0.31458669900894165
9969,0.5297241568565368
9970,0.6182485938072204
9971,0.639522397518158
9972,0.33756113052368164
9973,0.25751198530197145
9974,0.3037008821964264
9975,0.4044802188873291
9976,0.44259175658226013
9977,0.530911135673523
9978,0.6549135684967041
9979,0.4695343613624573
9980,0.35993783473968505
9981,0.5270908832550049
9982,0.7318187832832337
9983,0.4020486354827881
9984,0.7890970468521118
9985,0.36736789345741266
9986,0.3046276867389679
9987,0.7498711228370667
9988,0.7710737109184265
9989,0.6531378507614136
9990,0.4622043609619141
9991,0.5374382495880127
9992,0.45788935422897337
9993,0.3448419988155365
9994,0.25072971880435946
9995,0.26367599368095396
9996,0.47592984437942504
9997,0.2434757709503174
9998,0.3557014763355255
9999,0.37100172042846674
10000,0.48148205876350403
10001,0.26773149967193605
10002,0.773244047164917
10003,0.4802014887332916
10004,0.4392586410045623
10005,0.42241217494010924
10006,0.5662018060684204
10007,0.5862143397331238
10008,0.503463739156723
10009,0.667158579826355
10010,0.39042412042617797
10011,0.35423130393028257
10012,0.26584050953388216
10013,0.7667444348335266
10014,0.46158727407455447
10015,0.5238277375698089
10016,0.28079314827919005
10017,0.33722355365753176
10018,0.2894504725933075
10019,0.4580474138259888
10020,0.7718794822692872
10021,0.6328041672706604
10022,0.4861134648323059
10023,0.5708350658416748
10024,0.6758026599884033
10025,0.455260169506073
10026,0.36392678022384645
10027,0.4453623354434967
10028,0.4428177237510681
10029,0.46399747133255004
10030,0.21963032782077785
10031,0.36195053458213805
10032,0.5684585928916931
10033,0.43062437772750856
10034,0.40589128732681273
10035,0.5888412237167359
10036,0.6724394202232361
10037,0.6717164278030395
10038,0.638251793384552
10039,0.4175512850284576
10040,0.4191252291202545
10041,0.46593955159187317
10042,0.5285472273826599
10043,0.5390870451927186
10044,0.46631268262863157
10045,0.37758558988571167
10046,0.6534485578536987
10047,0.27186999917030336
10048,0.3107087850570679
10049,0.23120857179164886
10050,0.655844509601593
10051,0.6587706685066224
10052,0.2204323947429657
10053,0.7004087805747986
10054,0.6655532717704773
10055,0.6162227272987366
10056,0.4999630391597748
10057,0.4658555328845978
10058,0.4161228477954865
10059,0.37584500908851626
10060,0.5341866493225098
10061,0.45163302421569823
10062,0.7432791948318481
10063,0.7605028271675109
10064,0.2555520534515381
10065,0.7618156671524048
10066,0.4719949960708618
10067,0.6071018576622009
10068,0.46867561936378477
10069,0.6959082603454589
10070,0.28455800414085386
10071,0.4924469828605652
10072,0.2281473338603973
10073,0.7845192790031433
10074,0.3654316425323486
10075,0.46926550269126893
10076,0.6017537236213684
10077,0.7790076613426209
10078,0.6041003108024597
10079,0.5135441660881043
10080,0.33962638974189757
10081,0.4641366064548492
10082,0.4237291574478149
10083,0.5488521695137024
10084,0.5775291919708252
10085,0.6928671717643737
10086,0.4350564360618591
10087,0.294632887840271
10088,0.7389947772026062
10089,0.5325433611869812
10090,0.5391572952270508
10091,0.6321653246879577
10092,0.48253955245018004
10093,0.6781331181526185
10094,0.7100552082061767
10095,0.5454953372478485
10096,0.21729022264480585
10097,0.768314528465271
10098,0.5133119463920593
10099,0.36240002512931824
10100,0.6835800766944885
10101,0.226567605137825
10102,0.29488941431045534
10103,0.4790043652057648
10104,0.5343986749649048
10105,0.31583919525146487
10106,0.46935542225837706
10107,0.6961691617965698
10108,0.5546049356460572
10109,0.46715269684791566
10110,0.607064688205719
10111,0.39930852055549615
10112,0.43825058937072753
10113,0.3898951172828674
10114,0.25289500951766963
10115,0.3550200045108795
10116,0.6477425456047058
10117,0.4957037031650543
10118,0.3457101881504059
10119,0.4264778673648834
10120,0.4608395755290985
10121,0.46838219165802003
10122,0.33069780468940735
10123,0.7546870112419128
10124,0.7766481280326843
10125,0.6852206349372864
10126,0.4468165755271912
10127,0.5386751890182495
10128,0.7149468541145325
10129,0.2881732702255249
10130,0.40044679641723635
10131,0.7780477285385132
10132,0.7686134696006774
10133,0.21287915110588074
10134,0.45030211210250853
10135,0.44437424540519715
10136,0.4818155407905579
10137,0.45506138205528257
10138,0.46411004662513733
10139,0.5740713000297546
10140,0.5512857913970948
10141,0.7193361282348633
10142,0.34473308324813845
10143,0.29592178463935853
10144,0.5129407942295074
10145,0.46000227332115173
10146,0.5211660206317902
10147,0.5313368916511536
10148,0.5994876742362976
10149,0.6419062852859497
10150,0.423455548286438
10151,0.22432697415351868
10152,0.5649241924285888
10153,0.35878735184669497
10154,0.27757119536399844
10155,0.3646301567554474
10156,0.3088560879230499
10157,0.4543701887130737
10158,0.7000239133834839
10159,0.67133127450943
10160,0.46386916637420655
10161,0.5009719252586364
10162,0.3040045857429504
10163,0.4605565667152405
10164,0.648693037033081
10165,0.30769440531730646
10166,0.7777185916900635
10167,0.4330759406089782
10168,0.6515151500701905
10169,0.4500746846199036
10170,0.42588595151901243
10171,0.38525721430778503
10172,0.7166335940361023
10173,0.4650373220443725
10174,0.6229994654655456
10175,0.3410266101360321
10176,0.38382938504219055
10177,0.48513383865356446
10178,0.5815403580665588
10179,0.3495462357997894
10180,0.417195999622345
10181,0.45610892176628115
10182,0.5523921847343445
10183,0.24386304914951323
10184,0.4686124861240387
10185,0.5448945045471192
10186,0.46008195877075186
10187,0.3470003306865692
10188,0.3531771242618561
10189,0.4218280553817749
10190,0.77517169713974
10191,0.762676990032196
10192,0.265742701292038
10193,0.24377763867378235
10194,0.4648681640625
10195,0.7861135482788086
10196,0.5068904101848603
10197,0.6204916596412658
10198,0.6907827377319335
10199,0.3989708125591278
10200,0.30537242293357847
10201,0.6742446541786193
10202,0.5491820454597474
10203,0.4335722863674164
10204,0.6374418020248414
10205,0.4146481156349182
10206,0.6514320731163025
10207,0.44448842406272887
10208,0.4285130679607391
10209,0.5387553453445435
10210,0.47622604966163634
10211,0.43759227395057676
10212,0.5925203323364258
10213,0.4243745744228363
10214,0.48372742533683777
10215,0.25217669606208803
10216,0.4156966030597686
10217,0.7638135194778443
10218,0.6135896682739258
10219,0.4281307876110077
10220,0.22498107850551602
10221,0.4516071856021881
10222,0.5852288842201233
10223,0.662636399269104
10224,0.5766256332397461
10225,0.33633351922035215
10226,0.42395228147506714
10227,0.4938504219055176
10228,0.44571623802185056
10229,0.7987431168556214
10230,0.29537092447280877
10231,0.43974971771240234
10232,0.5284263253211975
10233,0.7185095191001892
10234,0.38770516514778136
10235,0.665848708152771
10236,0.28214713335037234
10237,0.2033928692340851
10238,0.6764647364616394
10239,0.4649411618709564
10240,0.6700991868972779
10241,0.460193520784378
10242,0.20176653861999508
10243,0.21174423694610595
10244,0.6073328971862793
10245,0.2199790388345718
10246,0.3747097134590148
10247,0.7105622529983521
10248,0.4182312488555908
10249,0.5890450477600098
10250,0.49377821683883666
10251,0.36339959502220154
10252,0.3954525470733642
10253,0.7328557133674621
10254,0.7512678146362305
10255,0.5443671822547913
10256,0.5241088807582855
10257,0.4446904957294464
10258,0.42462788224220277
10259,0.4938017070293427
10260,0.49880961179733274
10261,0.4567314922809601
10262,0.7828473567962646
10263,0.19056882858276367
10264,0.33429781794548036
10265,0.42765573859214784
10266,0.5193005323410034
10267,0.7385513424873352
10268,0.5984982848167419
10269,0.2095349222421646
10270,0.394380247592926
10271,0.7739009380340576
10272,0.6441471099853515
10273,0.6750707626342773
10274,0.6161158919334412
10275,0.3487026035785675
10276,0.5206632733345031
10277,0.4023171842098236
10278,0.7329949259757995
10279,0.7597900032997131
10280,0.4505761682987213
10281,0.5527320623397827
10282,0.734983229637146
10283,0.3897812783718109
10284,0.49902231693267823
10285,0.2730597496032715
10286,0.4146136581897736
10287,0.21935385465621943
10288,0.2261569887399673
10289,0.6638288021087646
10290,0.34636669754981997
10291,0.6082767248153687
10292,0.7734316229820252
10293,0.6599240779876709
10294,0.3690606355667114
10295,0.2972197473049164
10296,0.4571515381336212
10297,0.745663583278656
10298,0.6524637103080749
10299,0.7617324471473694
10300,0.653927206993103
10301,0.7771950483322143
10302,0.5123170435428619
10303,0.7345267534255981
10304,0.6588705539703369
10305,0.2943416893482208
10306,0.43845688700675967
10307,0.4143966019153595
10308,0.4398926854133606
10309,0.6356867551803589
10310,0.4521365940570831
10311,0.5238016068935394
10312,0.4405350208282471
10313,0.34526255130767824
10314,0.4491317093372345
10315,0.4936054766178131
10316,0.5170424938201904
10317,0.6576010584831238
10318,0.4697824478149414
10319,0.6085572600364685
10320,0.5296194195747376
10321,0.2633820831775665
10322,0.49298323392868043
10323,0.6368773937225342
10324,0.4475091516971588
10325,0.600633955001831
10326,0.26902053952217103
10327,0.38262165784835817
10328,0.45811964869499205
10329,0.46820269227027894
10330,0.6261743307113647
10331,0.2659128397703171
10332,0.5859926342964172
10333,0.6568467617034912
10334,0.29429996609687803
10335,0.4889224708080292
10336,0.7586312532424927
10337,0.5222103238105774
10338,0.6772994756698608
10339,0.23885922431945797
10340,0.2872895061969757
10341,0.28002555966377257
10342,0.43964221477508547
10343,0.7104228138923645
10344,0.7185168504714966
10345,0.49763442277908326
10346,0.460943341255188
10347,0.6684464335441589
10348,0.47603037357330324
10349,0.5724992752075195
10350,0.4727085709571838
10351,0.28704541325569155
10352,0.4492442965507507
10353,0.3793399691581726
10354,0.514499968290329
10355,0.5209188222885132
10356,0.46841447353363036
10357,0.4166191339492798
10358,0.25378935337066644
10359,0.4135038673877716
10360,0.42980784773826597
10361,0.7819506168365479
10362,0.766444742679596
10363,0.4489476978778839
10364,0.6834897756576538
10365,0.37617280483245846
10366,0.29829224944114685
10367,0.4085856556892395
10368,0.42328222990036013
10369,0.7417173504829406
10370,0.732364022731781
10371,0.7642075896263123
10372,0.6641390085220337
10373,0.27585740089416505
10374,0.2354706972837448
10375,0.3109644055366516
10376,0.6975626945495605
10377,0.7702870845794678
10378,0.3111450493335724
10379,0.46874091029167175
10380,0.7794333577156067
10381,0.5389428734779358
10382,0.6330420494079589
10383,0.6683461666107178
10384,0.6041261672973632
10385,0.4192878544330597
10386,0.31077021956443784
10387,0.43628154397010804
10388,0.7795887947082519
10389,0.5302238464355469
10390,0.564539122581482
10391,0.5947132110595703
10392,0.30289573073387144
10393,0.5653201222419739
10394,0.6307294726371765
10395,0.5558834314346314
10396,0.23289334774017328
10397,0.6865575551986695
10398,0.2914385676383972
10399,0.33020275831222534
10400,0.6543146133422851
10401,0.3530555546283722
10402,0.29069567918777467
10403,0.7135270476341248
10404,0.45287302136421204
10405,0.791796886920929
10406,0.46686774492263794
10407,0.2103213101625442
10408,0.36861169934272764
10409,0.5599557042121888
10410,0.4108309745788574
10411,0.766733992099762
10412,0.4277095437049866
10413,0.5151596009731293
10414,0.45017433166503906
10415,0.48247418403625486
10416,0.4762065947055817
10417,0.502078515291214
10418,0.26813182830810545
10419,0.5658540725708008
10420,0.30250604748725884
10421,0.6445533275604248
10422,0.24598413407802577
10423,0.46421613693237307
10424,0.4568322539329529
10425,0.6052870988845825
10426,0.4579084813594818
10427,0.7616777777671814
10428,0.3268165707588196
10429,0.4167626202106476
10430,0.6973356604576111
10431,0.5598123431205749
10432,0.6483743786811829
10433,0.5456641435623169
10434,0.4485569536685944
10435,0.33283024430274966
10436,0.7350212335586548
10437,0.22742089629173273
10438,0.7750031352043152
10439,0.7310198068618774
10440,0.3319595277309418
10441,0.4673493742942809
10442,0.21695564091205596
10443,0.7852329611778259
10444,0.44881691932678225
10445,0.37655858397483827
10446,0.36958290338516236
10447,0.5121283769607544
10448,0.7091346025466919
10449,0.5360743403434753
10450,0.6530128479003906
10451,0.514490008354187
10452,0.3515589475631714
10453,0.6794756650924683
10454,0.3521675944328308
10455,0.47453773617744444
10456,0.3368375480175018
10457,0.6093852162361145
10458,0.5184738576412201
10459,0.48437724709510804
10460,0.32353646159172056
10461,0.6806905627250671
10462,0.5228932976722718
10463,0.2960294783115387
10464,0.631432318687439
10465,0.30852125883102416
10466,0.3780799925327301
10467,0.684952688217163
10468,0.5028814852237702
10469,0.5698825001716614
10470,0.26641555428504937
10471,0.676602303981781
10472,0.3579243659973145
10473,0.4141259968280792
10474,0.574189567565918
10475,0.505394172668457
10476,0.44543914794921874
10477,0.5354714393615723
10478,0.6149980545043945
10479,0.39721972346305845
10480,0.6442235589027405
10481,0.5467757821083069
10482,0.7457556247711181
10483,0.6938239812850953
10484,0.4640862882137299
10485,0.3956983208656311
10486,0.7800759077072144
10487,0.7723535656929016
10488,0.588884973526001
10489,0.20994830429553984
10490,0.4746071398258209
10491,0.37093408703804015
10492,0.5141079068183899
10493,0.5456184029579163
10494,0.6707712769508362
10495,0.593522596359253
10496,0.42614413499832154
10497,0.4392956495285034
10498,0.33209773302078244
10499,0.5945380687713623
10500,0.7717266082763672
10501,0.632796311378479
10502,0.3925905466079712
10503,0.5265533924102783
10504,0.4885897278785706
10505,0.7620821118354797
10506,0.6860400676727295
10507,0.360360723733902
10508,0.6981281161308288
10509,0.41310309767723086
10510,0.7098005890846253
10511,0.4200101852416992
10512,0.47269211411476136
10513,0.4641783952713013
10514,0.5012496054172516
10515,0.7755497932434082
10516,0.4103838443756104
10517,0.37340988516807555
10518,0.43811933398246766
10519,0.3903626322746277
10520,0.2397612035274505
10521,0.4870611786842346
10522,0.47122288346290586
10523,0.40653627514839175
10524,0.28717049956321716
10525,0.37617722153663635
10526,0.5966570377349854
10527,0.6318609118461609
10528,0.38557610511779783
10529,0.6227492570877076
10530,0.7191631555557251
10531,0.4668526709079742
10532,0.5541060090065002
10533,0.365166437625885
10534,0.7704726696014405
10535,0.21623461544513703
10536,0.7039583563804627
10537,0.6259931206703186
10538,0.47236711382865904
10539,0.2772166579961776
10540,0.6428548693656921
10541,0.7717965960502624
10542,0.7619708180427551
10543,0.4919018685817719
10544,0.7726284980773925
10545,0.5633860111236573
10546,0.709089744091034
10547,0.2380157649517059
10548,0.4635995328426361
10549,0.7702540636062623
10550,0.5189743518829346
10551,0.6072543501853943
10552,0.4779434561729431
10553,0.46746459007263186
10554,0.6820081114768982
10555,0.5590214133262634
10556,0.35150489807128904
10557,0.4161860585212708
10558,0.6779900908470153
10559,0.5222735524177551
10560,0.31600719690322876
10561,0.5671144366264343
10562,0.5673892498016357
10563,0.5108194410800934
10564,0.47281203866004945
10565,0.3221745610237121
10566,0.6103168606758118
10567,0.6974756002426148
10568,0.3765332341194153
10569,0.5750754356384278
10570,0.49704936146736145
10571,0.4627756714820862
10572,0.4935872137546539
10573,0.5560600161552429
10574,0.274239581823349
10575,0.2634537756443024
10576,0.4617489814758301
10577,0.757641863822937
10578,0.21502602100372314
10579,0.3260525047779083
10580,0.6129814743995666
10581,0.4012123763561249
10582,0.5111454367637634
10583,0.44035595655441284
10584,0.7039422154426574
10585,0.6470843076705932
10586,0.5401680111885071
10587,0.41788830757141116
10588,0.5201490163803101
10589,0.4805822610855103
10590,0.38129658699035646
10591,0.3183726787567139
10592,0.7675542950630188
10593,0.7633056759834289
10594,0.3603443026542663
10595,0.24004779756069183
10596,0.4521970212459564
10597,0.5913780093193054
10598,0.4521992802619933
10599,0.22736012935638422
10600,0.596678864955902
10601,0.3235771477222443
10602,0.4532673478126526
10603,0.5714616656303406
10604,0.3336346924304962
10605,0.4877789497375488
10606,0.20665914118289944
10607,0.3164938747882843
10608,0.5884651660919189
10609,0.6177495121955872
10610,0.6180806159973145
10611,0.5641232609748841
10612,0.3891144871711731
10613,0.2738650798797607
10614,0.4566693723201752
10615,0.5842614650726319
10616,0.7028843998908997
10617,0.4003999888896942
10618,0.37203527688980104
10619,0.48201818466186525
10620,0.6750627040863038
10621,0.47187750339508056
10622,0.5760674357414246
10623,0.43334210515022276
10624,0.43406625390052794
10625,0.6467355847358703
10626,0.3534965515136719
10627,0.5563170433044433
10628,0.31299915313720705
10629,0.5003960192203522
10630,0.776633870601654
10631,0.5010459303855896
10632,0.4376792788505554
10633,0.6292224764823914
10634,0.6667409300804138
10635,0.6827062368392944
10636,0.6869651556015015
10637,0.5521303176879883
10638,0.6775662183761597
10639,0.43516415953636167
10640,0.5981977701187133
10641,0.7530486345291137
10642,0.6145977854728699
10643,0.45513883233070374
10644,0.3991244673728943
10645,0.3324101448059082
10646,0.6519676327705384
10647,0.4033174693584442
10648,0.6687084555625915
10649,0.3574609935283661
10650,0.20649322271347045
10651,0.4790356934070587
10652,0.5696624636650085
10653,0.46659189462661743
10654,0.5442035317420959
10655,0.5773887634277344
10656,0.7429299592971802
10657,0.3300388038158416
10658,0.4802986204624176
10659,0.6419469237327575
10660,0.5780558943748474
10661,0.29138119816780084
10662,0.505248200893402
10663,0.7643264770507813
10664,0.2910838007926941
10665,0.3431501865386963
10666,0.4590287387371063
10667,0.26365907490253443
10668,0.4445386230945587
10669,0.351645827293396
10670,0.6070697903633118
10671,0.5225914716720581
10672,0.39756142497062685
10673,0.5166003406047821
10674,0.6077654123306274
10675,0.5814790606498719
10676,0.4878832697868347
10677,0.6526435256004334
10678,0.7118358612060547
10679,0.7863266348838807
10680,0.5904395699501037
10681,0.7610020279884339
10682,0.614581310749054
10683,0.5094283103942872
10684,0.31557317376136773
10685,0.41981996297836305
10686,0.3550415337085724
10687,0.3085347890853882
10688,0.5558478236198425
10689,0.31376395821571346
10690,0.4872668385505676
10691,0.3321560978889465
10692,0.504001772403717
10693,0.4316130757331848
10694,0.4195730447769165
10695,0.7694276213645935
10696,0.5713686108589172
10697,0.7697883725166321
10698,0.694128692150116
10699,0.22663336694240566
10700,0.5702459335327148
10701,0.6710806250572204
10702,0.24720636010169983
10703,0.22212363481521602
10704,0.5736603736877441
10705,0.3107856512069702
10706,0.41839066743850706
10707,0.5694321513175964
10708,0.3935465574264526
10709,0.663527512550354
10710,0.5765858292579651
10711,0.59233318567276
10712,0.53534996509552
10713,0.6507185339927674
10714,0.4062361717224121
10715,0.47713900804519654
10716,0.5657294750213623
10717,0.2686269491910934
10718,0.49452292919158936
10719,0.30257980823516845
10720,0.4350562810897827
10721,0.3052207827568054
10722,0.6631970524787902
10723,0.42156992554664613
10724,0.4652741014957428
10725,0.48426719903945925
10726,0.42428464293479917
10727,0.7437143802642823
10728,0.4499944090843201
10729,0.43604443669319154
10730,0.5558112382888794
10731,0.43104491233825676
10732,0.5126274526119232
10733,0.30746428370475765
10734,0.6598434090614319
10735,0.4968019425868988
10736,0.3547260224819183
10737,0.3282602488994598
10738,0.659905755519867
10739,0.24228082895278927
10740,0.4735176980495453
10741,0.505037373304367
10742,0.4371716737747192
10743,0.41849117875099184
10744,0.6597888588905334
10745,0.4837599039077759
10746,0.3223858058452606
10747,0.49093701839447024
10748,0.33750130534172057
10749,0.36366509795188906
10750,0.7847468137741089
10751,0.7013855099678039
10752,0.7821005582809448
10753,0.5396170496940613
10754,0.6515880346298217
10755,0.42043148875236513
10756,0.5072471618652343
10757,0.6019526720046997
10758,0.4186450481414795
10759,0.6654734134674072
10760,0.3274846911430359
10761,0.41343921422958374
10762,0.5002561509609222
10763,0.7748197913169861
10764,0.42138402462005614
10765,0.4203294575214386
10766,0.4415979564189911
10767,0.40851415395736695
10768,0.38677375912666323
10769,0.6634281992912292
10770,0.4193355798721313
10771,0.27927193641662595
10772,0.3052101910114288
10773,0.765396773815155
10774,0.3395022273063659
10775,0.5055629312992096
10776,0.7700294375419616
10777,0.4072948157787323
10778,0.29924066066741944
10779,0.6235525965690613
10780,0.3290518820285797
10781,0.7725908517837524
10782,0.4550378143787384
10783,0.4764512836933136
10784,0.5654538393020629
10785,0.29071046710014337
10786,0.44803223609924314
10787,0.4751056432723999
10788,0.6429761052131653
10789,0.6713152170181275
10790,0.4681718170642853
10791,0.6237655520439148
10792,0.32090091705322266
10793,0.26662144660949705
10794,0.21698332130908962
10795,0.776708459854126
10796,0.5832608819007874
10797,0.24785127937793733
10798,0.3340320467948913
10799,0.4730213940143585
10800,0.6454104900360107
10801,0.3756017446517944
10802,0.4623820424079895
10803,0.6498824477195739
10804,0.39992045164108275
10805,0.6275459885597229
10806,0.47649717330932617
10807,0.636495041847229
10808,0.2934143602848053
10809,0.4446027874946594
10810,0.4926133155822754
10811,0.5781456708908081
10812,0.3391480207443237
10813,0.2563961178064346
10814,0.5104624211788178
10815,0.7287424802780151
10816,0.295958536863327
10817,0.7847760319709778
10818,0.3778303563594818
10819,0.48388960361480715
10820,0.3013881266117096
10821,0.3709066152572632
10822,0.3245343804359436
10823,0.4227571725845337
10824,0.4748803436756134
10825,0.3320034623146057
10826,0.6086294054985046
10827,0.39966174960136414
10828,0.6525323748588562
10829,0.31425240635871887
10830,0.35264145731925967
10831,0.47438457012176516
10832,0.45566879510879515
10833,0.7727196455001831
10834,0.5155818700790405
10835,0.2791110694408417
10836,0.6225706458091735
10837,0.5444703936576843
10838,0.377871698141098
10839,0.21371304094791407
10840,0.4334575355052948
10841,0.46736690402030945
10842,0.4298031687736511
10843,0.5537059545516968
10844,0.7318496465682983
10845,0.512422776222229
10846,0.5807496428489685
10847,0.550258994102478
10848,0.4426214098930359
10849,0.5670263051986695
10850,0.4313194215297699
10851,0.2587895184755325
10852,0.720665693283081
10853,0.7195835471153259
10854,0.458522629737854
10855,0.760842752456665
10856,0.7823955655097962
10857,0.49795875549316404
10858,0.2919610977172851
10859,0.672941780090332
10860,0.7440609216690064
10861,0.4523009479045868
10862,0.2908792793750763
10863,0.6644508600234985
10864,0.7704035520553589
10865,0.37914411425590516
10866,0.6448464393615723
10867,0.7799523830413818
10868,0.5819795727729797
10869,0.6620086312294007
10870,0.4102201759815216
10871,0.4878182291984558
10872,0.6639757990837097
10873,0.45942786931991575
10874,0.2959829866886139
10875,0.7612340092658997
10876,0.37882802486419676
10877,0.598828911781311
10878,0.42975824475288393
10879,0.5185478925704956
10880,0.4843923330307007
10881,0.3969694435596466
10882,0.5707172751426697
10883,0.4136179983615875
10884,0.4093160033226013
10885,0.657057774066925
10886,0.6859057188034058
10887,0.7741079926490784
10888,0.5792059898376465
10889,0.4229568958282471
10890,0.5479493498802185
10891,0.2945972800254822
10892,0.37876118421554567
10893,0.6862939238548279
10894,0.6857675909996033
10895,0.7714839935302734
10896,0.5568292260169982
10897,0.4081945836544037
10898,0.4316396951675415
10899,0.7536818742752075
10900,0.380628889799118
10901,0.5814550161361695
10902,0.37091981172561644
10903,0.7683983683586121
10904,0.5475097060203552
10905,0.3209337592124939
10906,0.5358296632766724
10907,0.4551490306854248
10908,0.24074556827545165
10909,0.23609193563461303
10910,0.7720736622810364
10911,0.7676934242248535
10912,0.6887990832328796
10913,0.5075118362903595
10914,0.24970325231552123
10915,0.46774588227272035
10916,0.4528754949569702
10917,0.5416304469108582
10918,0.6850458025932312
10919,0.7673302054405212
10920,0.7356312036514282
10921,0.6477935075759887
10922,0.5638064742088318
10923,0.7772179365158081
10924,0.6877175569534302
10925,0.41758830547332765
10926,0.6752459883689881
10927,0.6442928791046143
10928,0.6981645703315735
10929,0.4721645176410675
10930,0.766235888004303
10931,0.7540202140808105
10932,0.4920166492462158
10933,0.38998504281044005
10934,0.30735063552856445
10935,0.3385034203529358
10936,0.4134243428707123
10937,0.5447617769241333
10938,0.46856704950332634
10939,0.7649672031402588
10940,0.36632145047187803
10941,0.49213244915008547
10942,0.5088438987731934
10943,0.4488438844680786
10944,0.5908424139022828
10945,0.4409735262393951
10946,0.4586126685142517
10947,0.3800540030002594
10948,0.6221397161483765
10949,0.4377767086029053
10950,0.38539677262306216
10951,0.4202543020248413
10952,0.7231238126754761
10953,0.5446810126304626
10954,0.6365090370178222
10955,0.6488481044769288
10956,0.5666612267494202
10957,0.5107449531555176
10958,0.28564420342445374
10959,0.3813214898109436
10960,0.35599579811096194
10961,0.4131763279438019
10962,0.546499764919281
10963,0.40196144580841064
10964,0.5513978123664856
10965,0.7635123014450074
10966,0.7819680333137512
10967,0.7303417325019836
10968,0.23580842018127438
10969,0.35384710431098937
10970,0.24203815758228298
10971,0.6524982690811157
10972,0.32137057185173035
10973,0.5196933329105378
10974,0.4634369075298309
10975,0.7715738534927368
10976,0.528908634185791
10977,0.5421828150749206
10978,0.6294888019561767
10979,0.5552202999591828
10980,0.47075408697128296
10981,0.23287034630775447
10982,0.4605245113372803
10983,0.47861458659172057
10984,0.4552699625492096
10985,0.6155288100242615
10986,0.31412540674209594
10987,0.3872872292995453
10988,0.2330111742019653
10989,0.24601602554321284
10990,0.3254006266593933
10991,0.4415192902088164
10992,0.21667307317256929
10993,0.41842345595359803
10994,0.5079726815223694
10995,0.3019692301750183
10996,0.3934907138347626
10997,0.7468386650085449
10998,0.7394115090370178
10999,0.53809894323349
11000,0.617456579208374
11001,0.5513514280319214
11002,0.36042764186859133
11003,0.506822282075882
11004,0.29576671719551084
11005,0.5514032244682312
11006,0.6310132145881653
11007,0.6672743558883667
11008,0.6329227447509765
11009,0.6140398740768432
11010,0.5290618181228638
11011,0.45139147639274596
11012,0.34222112298011775
11013,0.3058839559555054
11014,0.6386406660079956
11015,0.46228007674217225
11016,0.7942590355873108
11017,0.46771605014801027
11018,0.746725058555603
11019,0.3830147206783294
11020,0.4681346297264099
11021,0.44985045790672296
11022,0.33178790807724
11023,0.5788856029510498
11024,0.41972376108169557
11025,0.2758437305688858
11026,0.6071789026260376
11027,0.5428491711616517
11028,0.4234646737575531
11029,0.29535813331604005
11030,0.27024197280406953
11031,0.3113219618797302
11032,0.6371411681175232
11033,0.2397139132022857
11034,0.39085993766784666
11035,0.773939573764801
11036,0.7571138739585876
11037,0.6494270443916321
11038,0.4971232295036316
11039,0.462514191865921
11040,0.6177253723144531
11041,0.2376225590705871
11042,0.5697366237640381
11043,0.6512698173522949
11044,0.40719356536865237
11045,0.4625085234642029
11046,0.49414631724357605
11047,0.24469417035579677
11048,0.7008314728736877
11049,0.6627091050148011
11050,0.3895506143569946
11051,0.532016146183014
11052,0.5136075854301453
11053,0.5004622220993042
11054,0.27557643055915826
11055,0.2704142928123474
11056,0.7652410387992858
11057,0.47022014260292055
11058,0.358892685174942
11059,0.31766554713249207
11060,0.7758504033088685
11061,0.6447682976722717
11062,0.2939419150352478
11063,0.350054407119751
11064,0.29306471943855283
11065,0.552664291858673
11066,0.4486667037010193
11067,0.590584659576416
11068,0.6790867209434509
11069,0.7703766584396362
11070,0.5178598165512085
11071,0.7869604349136352
11072,0.6518769860267639
11073,0.40498548150062563
11074,0.780300521850586
11075,0.4490912139415741
11076,0.5500053882598877
11077,0.4365693092346191
11078,0.3850275337696075
11079,0.7623615026473999
11080,0.43652608394622805
11081,0.5392426371574401
11082,0.3005285143852234
11083,0.6075612783432007
11084,0.43963744044303893
11085,0.6584595680236817
11086,0.6077615737915039
11087,0.280933678150177
11088,0.3306591212749481
11089,0.4104604423046112
11090,0.75453622341156
11091,0.4194260835647583
11092,0.19202449321746826
11093,0.7765624284744262
11094,0.5664628624916077
11095,0.4127063870429993
11096,0.7612364172935486
11097,0.41265655159950254
11098,0.7775507211685181
11099,0.5277748584747315
11100,0.4651043713092804
11101,0.4504260540008545
11102,0.5423346877098083
11103,0.5181967616081238
11104,0.3694057345390319
11105,0.48591955900192263
11106,0.21995286047458648
11107,0.24899716079235074
11108,0.5993170857429504
11109,0.30075271725654595
11110,0.5702960133552551
11111,0.6174956083297729
11112,0.30324219465255736
11113,0.37105867862701414
11114,0.5083468616008758
11115,0.6161925315856933
11116,0.2690259426832199
11117,0.6508984804153443
11118,0.5084019482135773
11119,0.5782740473747253
11120,0.4732284367084502
11121,0.564789080619812
11122,0.3886471092700958
11123,0.483324271440506
11124,0.6106779217720032
11125,0.6737715721130371
11126,0.44032858610153197
11127,0.4667873442173004
11128,0.5178479969501495
11129,0.4895476818084717
11130,0.43064774870872496
11131,0.4850076973438263
11132,0.34556351900100707
11133,0.24127203524112698
11134,0.3026278972625732
11135,0.4265948235988617
11136,0.7544676899909973
11137,0.5215449512004853
11138,0.3601882874965668
11139,0.3532549500465393
11140,0.41628665328025816
11141,0.3383115649223328
11142,0.48073524236679077
11143,0.431197726726532
11144,0.31817215085029604
11145,0.2885704696178436
11146,0.6694977283477783
11147,0.3149574756622314
11148,0.6162125706672669
11149,0.46236376762390136
11150,0.36544381976127627
11151,0.47281259298324585
11152,0.6155830979347229
11153,0.40395528078079224
11154,0.5648649573326111
11155,0.6984919905662537
11156,0.24854181110858917
11157,0.6061434507369995
11158,0.6697412133216858
11159,0.5760875225067139
11160,0.39295743107795716
11161,0.4008153438568115
11162,0.39418685436248774
11163,0.7785950064659118
11164,0.5200582921504975
11165,0.2587355762720108
11166,0.39917712807655337
11167,0.5290409445762634
11168,0.7808628559112549
11169,0.4148856997489929
11170,0.5373682856559754
11171,0.6509802579879761
11172,0.44163750410079955
11173,0.5673115849494934
11174,0.4606921076774597
11175,0.7655810713768005
11176,0.4927414536476135
11177,0.380896782875061
11178,0.5388497591018677
11179,0.27785218954086305
11180,0.5140519082546234
11181,0.7498858213424683
11182,0.45396664142608645
11183,0.4127213180065155
11184,0.4303466498851776
11185,0.4858640551567078
11186,0.3697949588298798
11187,0.4120230615139008
11188,0.6998863577842712
11189,0.43712785840034485
11190,0.5340833783149719
11191,0.46366593837738035
11192,0.6511039733886719
11193,0.4791876971721649
11194,0.4593613684177399
11195,0.5361603379249573
11196,0.6561582088470459
11197,0.7164460062980652
11198,0.3797038733959198
11199,0.4609234035015106
11200,0.5517073750495911
11201,0.26292659640312194
11202,0.5451021075248719
11203,0.5795746684074402
11204,0.6891741871833801
11205,0.6083745956420898
11206,0.6139782428741455
11207,0.37928606271743776
11208,0.27577454447746275
11209,0.6042796015739441
11210,0.37700104117393496
11211,0.2940380394458771
11212,0.7685479640960693
11213,0.5561153054237366
11214,0.4030121207237244
11215,0.7004732847213745
11216,0.514621889591217
11217,0.7842219948768616
11218,0.3418477654457092
11219,0.45508302450180055
11220,0.7799628615379334
11221,0.7938627481460572
11222,0.3624044477939606
11223,0.5014259040355682
11224,0.5129980027675629
11225,0.6005375742912292
11226,0.23120804131031036
11227,0.23600727915763856
11228,0.4939661681652069
11229,0.36487958431243894
11230,0.3275778591632843
11231,0.3481121063232422
11232,0.6903808355331421
11233,0.35404577255249026
11234,0.7785740494728088
11235,0.6727697372436523
11236,0.6823570013046265
11237,0.3157233536243439
11238,0.5585258364677429
11239,0.2942983865737915
11240,0.2773552179336548
11241,0.7759454846382141
11242,0.43803436756134034
11243,0.625930917263031
11244,0.4292827010154724
11245,0.38910962343215943
11246,0.36045961976051333
11247,0.6984827756881714
11248,0.26709744632244103
11249,0.35514211654663086
11250,0.4837758421897888
11251,0.44371376633644105
11252,0.4540345251560211
11253,0.44602653980255125
11254,0.5718730688095093
11255,0.30625335574150087
11256,0.42246128916740416
11257,0.7711718201637268
11258,0.21418303251266474
11259,0.6063320398330688
11260,0.6423099398612976
11261,0.48010018467903137
11262,0.4117938280105591
11263,0.4434219479560852
11264,0.4771692991256714
11265,0.2902530550956726
11266,0.5310371041297912
11267,0.2280702263116836
11268,0.7070499181747436
11269,0.4692936182022095
11270,0.3985659122467041
11271,0.4731770694255829
11272,0.4805070757865906
11273,0.7781923413276672
11274,0.6323615789413453
11275,0.7695712447166443
11276,0.5517726898193359
11277,0.7574509739875793
11278,0.3728145003318787
11279,0.6522509574890136
11280,0.7799508213996887
11281,0.3905423402786255
11282,0.5785220980644226
11283,0.776608920097351
11284,0.3384076476097107
11285,0.7665122509002685
11286,0.3050416707992553
11287,0.6149513840675354
11288,0.24142858386039728
11289,0.4742970526218414
11290,0.6625319600105286
11291,0.706121277809143
11292,0.2162918388843536
11293,0.39870389103889464
11294,0.6249026536941529
11295,0.24879949390888215
11296,0.5175325095653533
11297,0.2968842685222625
11298,0.6928782343864441
11299,0.46326159238815307
11300,0.6516782760620117
11301,0.21803259849548334
11302,0.5576090455055237
11303,0.6464171528816223
11304,0.46286044716835023
11305,0.7699711441993713
11306,0.3656947433948517
11307,0.49377378821372986
11308,0.5451218605041503
11309,0.6870397925376892
11310,0.6819536447525024
11311,0.26119730472564695
11312,0.377312570810318
11313,0.21204800903797144
11314,0.43400499820709226
11315,0.4278046786785126
11316,0.3751872181892395
11317,0.46468119621276854
11318,0.43662352561950685
11319,0.19899577498435966
11320,0.2744881212711334
11321,0.5917831540107727
11322,0.5753606677055358
11323,0.5695356011390686
11324,0.44513726234436035
11325,0.22509717047214503
11326,0.5184306561946869
11327,0.5995819330215454
11328,0.5186326146125794
11329,0.37213441729545593
11330,0.49088515639305114
11331,0.5985357165336609
11332,0.24963458478450776
11333,0.5409635186195374
11334,0.6052520036697387
11335,0.26980058550834657
11336,0.5619072914123535
11337,0.39934704303741453
11338,0.431781667470932
11339,0.6882691025733948
11340,0.22593475878238672
11341,0.7695228815078735
11342,0.2345895826816559
11343,0.5319648861885071
11344,0.7800507545471191
11345,0.5646772742271423
11346,0.5934377193450928
11347,0.5567504167556763
11348,0.7617640376091004
11349,0.39887202382087705
11350,0.47223923206329343
11351,0.7694317698478699
11352,0.46664504408836366
11353,0.4205779433250427
11354,0.4744599938392639
11355,0.5181874990463257
11356,0.48978933691978455
11357,0.7017443656921387
11358,0.4684555172920227
11359,0.5926579236984253
11360,0.726133918762207
11361,0.35899090170860287
11362,0.25150054097175595
11363,0.45433255434036246
11364,0.5390306830406189
11365,0.5185492753982544
11366,0.5318687319755554
11367,0.46740188002586364
11368,0.7482270121574401
11369,0.5549489736557007
11370,0.4060324013233184
11371,0.5460936427116394
11372,0.21606370210647582
11373,0.48263293504714966
11374,0.7105418562889099
11375,0.4414679527282715
11376,0.4448028504848479
11377,0.46495177149772643
11378,0.6219683766365052
11379,0.4765806198120117
11380,0.3808294117450714
11381,0.3841777265071869
11382,0.523562628030777
11383,0.45798320770263673
11384,0.4107848644256592
11385,0.35096426010131837
11386,0.49120585322380067
11387,0.542450213432312
11388,0.44807215332984923
11389,0.42398014664649963
11390,0.5070340573787689
11391,0.30176668167114257
11392,0.507855087518692
11393,0.5948498129844666
11394,0.46875725984573363
11395,0.2598873198032379
11396,0.7674322605133057
11397,0.42218520641326907
11398,0.4156909167766571
11399,0.5294572353363037
11400,0.6496018290519714
11401,0.545018482208252
11402,0.7900226235389709
11403,0.7616357564926147
11404,0.3990001082420349
11405,0.5359911561012268
11406,0.6630547285079956
11407,0.22948711514472958
11408,0.4834436237812042
11409,0.5716062664985657
11410,0.37697973251342776
11411,0.605789864063263
11412,0.4259367823600769
11413,0.5359098196029664
11414,0.5091484785079956
11415,0.4385689079761505
11416,0.6808921456336975
11417,0.659957492351532
11418,0.4817998468875885
11419,0.4153513848781586
11420,0.7233060479164124
11421,0.2234428495168686
11422,0.28515130281448364
11423,0.6225628733634949
11424,0.5422107338905334
11425,0.5487199664115906
11426,0.356003874540329
11427,0.2996383607387542
11428,0.3602283000946045
11429,0.5342972636222839
11430,0.601724100112915
11431,0.7739098310470581
11432,0.31382166743278506
11433,0.28396931290626526
11434,0.6734812974929809
11435,0.7825067639350891
11436,0.45888087153434753
11437,0.3897665560245514
11438,0.49957568049430845
11439,0.2384205460548401
11440,0.5571602940559387
11441,0.33389519453048705
11442,0.3868419051170349
11443,0.5048822164535522
11444,0.7470951199531555
11445,0.38346272706985474
11446,0.5240224421024322
11447,0.45958176255226135
11448,0.5415793716907501
11449,0.5082301378250123
11450,0.668711805343628
11451,0.7387053608894348
11452,0.37759909629821775
11453,0.6893444657325745
11454,0.3281525194644928
11455,0.42041457891464235
11456,0.3817758440971374
11457,0.4659777104854584
11458,0.42665332555770874
11459,0.32463314533233645
11460,0.4772152483463287
11461,0.44461538791656496
11462,0.32135899662971495
11463,0.3213712871074676
11464,0.40815373659133913
11465,0.5515930891036988
11466,0.24401347339153284
11467,0.7654566764831543
11468,0.46209125518798827
11469,0.6991456985473633
11470,0.6956019520759582
11471,0.4609099805355072
11472,0.6076160669326782
11473,0.39677838087081907
11474,0.3079510867595673
11475,0.5216499328613281
11476,0.42026870846748354
11477,0.35778499245643614
11478,0.26009018421173097
11479,0.46643012166023257
11480,0.42919222116470335
11481,0.21309838891029353
11482,0.47738256454467776
11483,0.4044166088104248
11484,0.23889442682266235
11485,0.5210957527160645
11486,0.3200564980506897
11487,0.5224770188331604
11488,0.7673863410949707
11489,0.5077397584915161
11490,0.5587936162948608
11491,0.3394666016101837
11492,0.5340108513832093
11493,0.27861328721046447
11494,0.4708759307861328
11495,0.5780803442001343
11496,0.5099476516246796
11497,0.5907132744789123
11498,0.6262758612632752
11499,0.5619939565658569
11500,0.386509770154953
11501,0.24384518265724178
11502,0.32467290163040163
11503,0.5886709451675415
11504,0.38289907574653625
11505,0.3229700565338135
11506,0.24178361892700195
11507,0.5372680425643921
11508,0.5306742191314697
11509,0.4273335158824921
11510,0.34954174757003786
11511,0.563499104976654
11512,0.7397959113121033
11513,0.46283081769943235
11514,0.34299049377441404
11515,0.5447364091873169
11516,0.39515198469161983
11517,0.31211491823196413
11518,0.46918359994888303
11519,0.6260878682136536
11520,0.39220074415206907
11521,0.5506632685661316
11522,0.790612804889679
11523,0.4290245294570923
11524,0.3793482601642609
11525,0.22651637494564056
11526,0.5319851279258728
11527,0.47868595123291013
11528,0.7317402958869934
11529,0.3633379518985748
11530,0.48530279397964476
11531,0.750492799282074
11532,0.6133241057395935
11533,0.40651469230651854
11534,0.43196761012077334
11535,0.31980528235435485
11536,0.7725873112678527
11537,0.3569420099258423
11538,0.4751719355583191
11539,0.5997576236724853
11540,0.5335638284683227
11541,0.4437364637851715
11542,0.45305397510528567
11543,0.7754668712615966
11544,0.5209507465362548
11545,0.4213592052459717
11546,0.4320975959300995
11547,0.2837735831737518
11548,0.46545262932777404
11549,0.4303232252597808
11550,0.4607227385044098
11551,0.46214537024497987
11552,0.7742368340492248
11553,0.3203439056873322
11554,0.6676193833351135
11555,0.6722230195999146
11556,0.5369651675224304
11557,0.5695740699768066
11558,0.3202460706233978
11559,0.7787145376205444
11560,0.5241328954696656
11561,0.2769428133964539
11562,0.5991549611091613
11563,0.22915942668914796
11564,0.2814283907413483
11565,0.3102933824062347
11566,0.2841675460338592
11567,0.4689015209674835
11568,0.5895708084106446
11569,0.30141226649284364
11570,0.40879799127578736
11571,0.24230851233005518
11572,0.4416544020175934
11573,0.39955400228500365
11574,0.5054517030715943
11575,0.43956915736198426
11576,0.3309111773967743
11577,0.512959772348404
11578,0.30466084480285643
11579,0.5065384626388549
11580,0.3912893712520599
11581,0.5696737766265869
11582,0.3955447316169739
11583,0.6351781845092773
11584,0.2663714408874512
11585,0.45942931771278384
11586,0.47122320532798767
11587,0.2842422366142273
11588,0.7742257356643677
11589,0.4301960825920105
11590,0.24480442404747005
11591,0.7237810492515564
11592,0.22041650116443634
11593,0.7570275783538818
11594,0.41697683930397034
11595,0.5724834322929382
11596,0.42210962772369387
11597,0.6982219696044922
11598,0.46144415736198424
11599,0.24370098412036886
11600,0.3928719341754913
11601,0.6515657305717468
11602,0.6415339350700379
11603,0.5648975253105164
11604,0.3398744881153107
11605,0.3195037007331848
11606,0.5721263766288758
11607,0.37416445016860955
11608,0.5943469643592835
11609,0.30641226172447206
11610,0.547132158279419
11611,0.5338873267173767
11612,0.41449918150901793
11613,0.4164544403553009
11614,0.31652834415435793
11615,0.4544631540775299
11616,0.761748445034027
11617,0.46032930016517637
11618,0.4896563470363617
11619,0.2903012573719025
11620,0.4792909204959869
11621,0.7361209154129028
11622,0.44919347763061523
11623,0.5642414927482605
11624,0.5028956651687622
11625,0.7402653455734253
11626,0.4998229146003723
11627,0.31879858374595643
11628,0.5932093858718872
11629,0.3414179384708404
11630,0.46178829073905947
11631,0.40263636112213136
11632,0.33067203760147096
11633,0.3362040638923645
11634,0.4476795196533203
11635,0.567935836315155
11636,0.4268167197704315
11637,0.49351489543914795
11638,0.49281821250915525
11639,0.41941951513290404
11640,0.3537984371185302
11641,0.3870751917362213
11642,0.5564062595367432
11643,0.5962806820869446
11644,0.4829055368900299
11645,0.31623744368553164
11646,0.565654742717743
11647,0.6818246245384216
11648,0.43254472613334655
11649,0.2964545786380768
11650,0.6493936061859131
11651,0.5426480412483216
11652,0.2163109868764877
11653,0.2636065661907196
11654,0.5910123705863952
11655,0.3732659101486206
11656,0.5575117468833923
11657,0.2481217503547668
11658,0.6113412141799927
11659,0.6668068408966065
11660,0.6197646379470825
11661,0.5772456765174866
11662,0.7657879829406739
11663,0.30310623049736024
11664,0.4607745349407196
11665,0.43536468744277956
11666,0.5153141140937805
11667,0.7136186957359314
11668,0.6020342469215393
11669,0.7796421408653259
11670,0.24062831699848175
11671,0.4872929692268372
11672,0.38454161286354066
11673,0.40066940188407896
11674,0.4232264280319214
11675,0.3084886193275452
11676,0.29836219549179077
11677,0.5247509479522705
11678,0.5134252488613129
11679,0.44560287594795217
11680,0.4948455154895782
11681,0.5411313652992249
11682,0.2645943403244019
11683,0.4341709315776825
11684,0.2613398253917694
11685,0.3872971951961517
11686,0.7694347500801086
11687,0.2578667283058166
11688,0.4057290077209473
11689,0.3606155812740326
11690,0.4764068782329559
11691,0.341856849193573
11692,0.28646119832992556
11693,0.4132634162902832
11694,0.5104904472827911
11695,0.3196496546268463
11696,0.47061084508895873
11697,0.5267069578170777
11698,0.6157022356987
11699,0.3029970586299896
11700,0.610141110420227
11701,0.5973941445350647
11702,0.2846848666667938
11703,0.3675636827945709
11704,0.7433905482292176
11705,0.44363137483596804
11706,0.7045239448547364
11707,0.2898668050765991
11708,0.5536367058753967
11709,0.7682786703109741
11710,0.6075026154518127
11711,0.33577482104301454
11712,0.47207526564598085
11713,0.6714953899383544
11714,0.49400644898414614
11715,0.4807507038116454
11716,0.6447914600372314
11717,0.24961575865745544
11718,0.47826160192489625
11719,0.6695078134536743
11720,0.47482383251190186
11721,0.3678617000579834
11722,0.6667640805244446
11723,0.43017162680625914
11724,0.5307750821113586
11725,0.6220941305160522
11726,0.5919303178787232
11727,0.6355881571769715
11728,0.5135864317417145
11729,0.5425711870193481
11730,0.6901462793350219
11731,0.49428811073303225
11732,0.5226433515548706
11733,0.4850536286830902
11734,0.5145689964294433
11735,0.28069097399711607
11736,0.6379683375358581
11737,0.5332829833030701
11738,0.5649091601371765
11739,0.4868393659591675
11740,0.3255983889102936
11741,0.4764540731906891
11742,0.6131511449813842
11743,0.5782953262329101
11744,0.7664284348487854
11745,0.4085519194602966
11746,0.3119231820106506
11747,0.4619948983192444
11748,0.5286500453948975
11749,0.41000316143035886
11750,0.46484094858169556
11751,0.6027277112007141
11752,0.35746883749961855
11753,0.4635887980461121
11754,0.4310025334358215
11755,0.6476997017860413
11756,0.5728476285934448
11757,0.38512970805168145
11758,0.4551651656627655
11759,0.6709155321121216
11760,0.4708727180957794
11761,0.6036118268966675
11762,0.41922807097435
11763,0.5486749291419983
11764,0.7671607851982116
11765,0.5025660574436188
11766,0.5174646735191345
11767,0.35099371075630187
11768,0.7686707019805908
11769,0.6557444930076599
11770,0.45728026032447816
11771,0.3679229199886322
11772,0.389326149225235
11773,0.6984273552894592
11774,0.365679007768631
11775,0.5890648126602173
11776,0.7564261078834533
11777,0.44082099199295044
11778,0.6600003004074096
11779,0.6960001587867737
11780,0.4627619206905365
11781,0.5526089310646057
11782,0.5083903133869171
11783,0.387236487865448
11784,0.4664857923984528
11785,0.42442325353622434
11786,0.317329066991806
11787,0.7605457186698914
11788,0.6685294151306153
11789,0.4420377552509308
11790,0.47033860087394713
11791,0.2677882671356201
11792,0.469042980670929
11793,0.3315620481967926
11794,0.4056031823158264
11795,0.5635984897613525
11796,0.26447109282016756
11797,0.561360490322113
11798,0.33947813510894775
11799,0.6581547617912292
11800,0.262245175242424
11801,0.49947373270988465
11802,0.6224339962005615
11803,0.381013011932373
11804,0.6037521362304688
11805,0.34595271944999695
11806,0.5294593930244446
11807,0.44693575501441957
11808,0.4980200707912445
11809,0.7135331034660339
11810,0.43410431742668154
11811,0.3954576075077057
11812,0.41755415201187135
11813,0.30809258222579955
11814,0.5284377455711364
11815,0.7725807070732117
11816,0.5230612635612488
11817,0.5808661103248596
11818,0.7514952063560486
11819,0.7586636185646057
11820,0.37667871713638307
11821,0.4193723797798157
11822,0.5705230236053467
11823,0.689200508594513
11824,0.6432472586631774
11825,0.7702614784240722
11826,0.274372735619545
11827,0.42980524301528933
11828,0.6035954713821411
11829,0.25572479963302613
11830,0.4665540099143982
11831,0.540944766998291
11832,0.4945699870586395
11833,0.1970111310482025
11834,0.334650319814682
11835,0.5876842141151428
11836,0.7784778237342834
11837,0.5398547649383545
11838,0.41749582886695863
11839,0.761054515838623
11840,0.5359865307807923
11841,0.5855082273483276
11842,0.23764413297176362
11843,0.4307197034358978
11844,0.4557104527950287
11845,0.4681094288825989
11846,0.29162793755531313
11847,0.4379661798477173
11848,0.2547252684831619
11849,0.5762606620788574
11850,0.2853420317173004
11851,0.38588209748268126
11852,0.2520215898752212
11853,0.7831180930137634
11854,0.5226639032363891
11855,0.5498947858810425
11856,0.2890928745269775
11857,0.6272829055786133
11858,0.45892239809036256
11859,0.36483014822006227
11860,0.3706706464290619
11861,0.4936904311180115
11862,0.3244803547859192
11863,0.7335168242454528
11864,0.6360628724098205
11865,0.3686565935611725
11866,0.7788950443267822
11867,0.6394587278366088
11868,0.2571777760982513
11869,0.41878395676612856
11870,0.34368308782577517
11871,0.2690447509288788
11872,0.3834040939807892
11873,0.37797294855117797
11874,0.2914185583591461
11875,0.7477782845497132
11876,0.7032264828681946
11877,0.4069645285606384
11878,0.2360689580440521
11879,0.6039617180824279
11880,0.3047283113002777
11881,0.4828948020935059
11882,0.3975284993648529
11883,0.40686923265457153
11884,0.5046522796154023
11885,0.7491450905799866
11886,0.6571296811103821
11887,0.6251172900199891
11888,0.674160611629486
11889,0.40014246106147766
11890,0.5510172009468078
11891,0.7603914618492127
11892,0.5029724538326263
11893,0.39114546179771426
11894,0.3775639712810516
11895,0.6512004613876343
11896,0.6284236550331116
11897,0.28404185175895685
11898,0.36154613494873045
11899,0.42778411507606506
11900,0.42424660325050356
11901,0.6401230216026306
11902,0.3531915009021759
11903,0.5800596117973328
11904,0.5652229070663453
11905,0.36558533906936647
11906,0.30049610137939453
11907,0.4634883880615234
11908,0.5170651197433471
11909,0.7612403154373169
11910,0.5969292402267456
11911,0.5820669174194336
11912,0.7806151747703552
11913,0.7036240220069885
11914,0.29127712845802306
11915,0.42125118970870973
11916,0.6477114081382751
11917,0.28743415474891665
11918,0.7670169234275818
11919,0.6621038675308227
11920,0.34914218783378603
11921,0.3748329818248749
11922,0.47298592925071714
11923,0.3540573179721832
11924,0.46923640966415403
11925,0.7511213541030883
11926,0.628404152393341
11927,0.5859321713447571
11928,0.4188574552536011
11929,0.37829201221466063
11930,0.7591484308242797
11931,0.5316070437431335
11932,0.6062912821769715
11933,0.40316787362098694
11934,0.529111385345459
11935,0.598453688621521
11936,0.38310041427612307
11937,0.5552205443382263
11938,0.506728345155716
11939,0.43712067008018485
11940,0.32895785570144653
11941,0.3637510299682617
11942,0.3764390885829926
11943,0.3868389904499054
11944,0.5396628737449646
11945,0.46877339482307434
11946,0.4264470875263213
11947,0.21655021905899044
11948,0.33518835306167605
11949,0.4125878095626831
11950,0.5936803221702576
11951,0.7009071588516236
11952,0.494255006313324
11953,0.26346920132637025
11954,0.5064908564090729
11955,0.7611378073692322
11956,0.456537139415741
11957,0.43855457901954653
11958,0.7470738410949707
11959,0.28396092653274535
11960,0.5045907437801361
11961,0.5344104409217835
11962,0.6842390656471252
11963,0.7597248077392578
11964,0.38688474893569946
11965,0.4968384027481079
11966,0.5521836757659913
11967,0.4871580362319946
11968,0.7022890090942383
11969,0.45417492985725405
11970,0.3374136328697205
11971,0.7048207521438599
11972,0.7416028022766114
11973,0.5389665603637696
11974,0.2510915994644165
11975,0.779919695854187
11976,0.5878131508827209
11977,0.5149510681629181
11978,0.20602497756481167
11979,0.5541475653648377
11980,0.5089730262756348
11981,0.37467080950737
11982,0.21691373884677886
11983,0.3464493155479431
11984,0.7734262585639954
11985,0.202880921959877
11986,0.4429074823856354
11987,0.42501349449157716
11988,0.4341461479663849
11989,0.2887216329574585
11990,0.4595965683460236
11991,0.2928479790687561
11992,0.23877392113208767
11993,0.7352259755134583
11994,0.7699186325073242
11995,0.5069237649440765
11996,0.46229736804962157
11997,0.4193693339824677
11998,0.5613688230514526
11999,0.7462122201919555
12000,0.28431216478347776
12001,0.5199717521667481
12002,0.6550380229949951
12003,0.5295276403427124
12004,0.31406778693199155
12005,0.29856505393981936
12006,0.5165987074375152
12007,0.4853503406047821
12008,0.45653790831565855
12009,0.35189164280891416
12010,0.758527684211731
12011,0.482824444770813
12012,0.5170368134975434
12013,0.44867767095565797
12014,0.4505672276020049
12015,0.33196520805358887
12016,0.2776628851890564
12017,0.5224269509315491
12018,0.5194418430328369
12019,0.7552299737930298
12020,0.3779479682445526
12021,0.7590007424354553
12022,0.7687139987945557
12023,0.5443387866020203
12024,0.78713937997818
12025,0.45133992433547976
12026,0.50038822889328
12027,0.48768659830093386
12028,0.4312885582447052
12029,0.6437018394470215
12030,0.30450861454010003
12031,0.35252591371536257
12032,0.48118720650672914
12033,0.6016910552978516
12034,0.5123826324939728
12035,0.34032800197601315
12036,0.37758989334106446
12037,0.5757310867309571
12038,0.7729294538497925
12039,0.6839992523193359
12040,0.5200660467147827
12041,0.40867182016372683
12042,0.6866531729698181
12043,0.38797067999839785
12044,0.4633093297481536
12045,0.5271659851074219
12046,0.4520909428596497
12047,0.4767105996608734
12048,0.7046680450439453
12049,0.21664779186248775
12050,0.3789885282516479
12051,0.29518918395042415
12052,0.5417604207992553
12053,0.5084646344184875
12054,0.45352754592895506
12055,0.31284276247024534
12056,0.43849740028381345
12057,0.4474991261959076
12058,0.6374551296234131
12059,0.41559287905693054
12060,0.763300085067749
12061,0.47499537467956543
12062,0.6345696806907654
12063,0.3704541325569153
12064,0.45914137959480283
12065,0.7429293870925904
12066,0.6472148895263672
12067,0.4005669832229614
12068,0.6752601504325867
12069,0.444743686914444
12070,0.5951508760452271
12071,0.3975045084953308
12072,0.6841748356819153
12073,0.7657220005989075
12074,0.47442967891693116
12075,0.6397839546203613
12076,0.32725425362586974
12077,0.6506958723068237
12078,0.7398590564727783
12079,0.7677186012268067
12080,0.5198862254619598
12081,0.3004753410816193
12082,0.6269491672515869
12083,0.7024059653282165
12084,0.7740853667259217
12085,0.26771060824394227
12086,0.6284597396850586
12087,0.44124806523323057
12088,0.7738375544548035
12089,0.6947356104850769
12090,0.3428431987762451
12091,0.7830296397209168
12092,0.2572858273983002
12093,0.3305071473121643
12094,0.5160078644752503
12095,0.26080558001995086
12096,0.34837896227836607
12097,0.3666769742965698
12098,0.595483946800232
12099,0.5502995610237121
12100,0.4592850923538208
12101,0.42120450735092163
12102,0.473705518245697
12103,0.380561888217926
12104,0.785749328136444
12105,0.5539764285087585
12106,0.6421906232833863
12107,0.5488959789276123
12108,0.526900714635849
12109,0.2211219072341919
12110,0.3378221273422241
12111,0.2701390624046326
12112,0.39367773532867434
12113,0.46648175120353697
12114,0.3983296811580658
12115,0.3008331716060638
12116,0.43566386103630067
12117,0.5236880302429199
12118,0.31157264709472654
12119,0.6859829902648926
12120,0.26131019890308377
12121,0.28251039385795595
12122,0.5097616076469421
12123,0.5267066121101379
12124,0.42476550340652464
12125,0.7300421357154846
12126,0.5967769503593445
12127,0.4888021767139435
12128,0.4933408200740814
12129,0.409758460521698
12130,0.6944300889968872
12131,0.5782546639442444
12132,0.3615222156047821
12133,0.3756073176860809
12134,0.270282569527626
12135,0.6302778363227844
12136,0.5697310924530029
12137,0.7698557853698731
12138,0.776593029499054
12139,0.4585619390010834
12140,0.6316570520401001
12141,0.48241970539093015
12142,0.47032585740089417
12143,0.5950202822685242
12144,0.430126428604126
12145,0.2413993269205093
12146,0.3539252758026123
12147,0.7827528357505799
12148,0.5482470989227295
12149,0.7772933959960937
12150,0.45282532572746276
12151,0.5329048991203308
12152,0.6322878003120422
12153,0.6358436346054077
12154,0.2488725244998932
12155,0.3329571008682251
12156,0.3205479621887207
12157,0.22018747925758358
12158,0.3060863554477692
12159,0.3878704607486725
12160,0.3525278210639954
12161,0.5940217494964599
12162,0.7718121409416199
12163,0.7489786148071289
12164,0.7535775661468506
12165,0.5248824834823609
12166,0.4170852780342102
12167,0.6888990879058838
12168,0.6154326677322388
12169,0.47046456933021547
12170,0.7064309358596802
12171,0.36176797151565554
12172,0.3118393063545227
12173,0.48224593997001647
12174,0.449197793006897
12175,0.7584609866142273
12176,0.5061048746109009
12177,0.41716726422309874
12178,0.6647438049316406
12179,0.7683952689170838
12180,0.40782729983329774
12181,0.4145118534564972
12182,0.6092128038406373
12183,0.6474031448364258
12184,0.4581542670726776
12185,0.5122944712638855
12186,0.48224607706069944
12187,0.5190953612327576
12188,0.5330539226531983
12189,0.3163656949996948
12190,0.36667634844779967
12191,0.528078556060791
12192,0.27788558006286623
12193,0.31580172181129457
12194,0.590037751197815
12195,0.685219144821167
12196,0.281689727306366
12197,0.2022635698318481
12198,0.7549038052558898
12199,0.2812670409679413
12200,0.6239835500717164
12201,0.5110324859619141
12202,0.7593564391136169
12203,0.6490293979644776
12204,0.3651776611804962
12205,0.2855547308921814
12206,0.5690849900245667
12207,0.4103558838367462
12208,0.6749244809150696
12209,0.6225464582443238
12210,0.38948226571083067
12211,0.7608324766159058
12212,0.6525969743728638
12213,0.4673626184463501
12214,0.4271267533302307
12215,0.6069404482841492
12216,0.6321510672569275
12217,0.7571638464927674
12218,0.7668464303016662
12219,0.3329134583473205
12220,0.46718831062316896
12221,0.5632891058921814
12222,0.5199003100395203
12223,0.5626238584518433
12224,0.7360177159309387
12225,0.4882481753826141
12226,0.4320720434188843
12227,0.7322858214378357
12228,0.2229263305664062
12229,0.5957681775093079
12230,0.6154090404510498
12231,0.2165700644254684
12232,0.24035913348197938
12233,0.7251058697700501
12234,0.43829822540283203
12235,0.37926921248435974
12236,0.6359052538871766
12237,0.37571009993553156
12238,0.7331473231315613
12239,0.23508032262325287
12240,0.24277817010879515
12241,0.6539871692657471
12242,0.5792339324951172
12243,0.4909398078918457
12244,0.614852499961853
12245,0.40461461544036864
12246,0.3996760010719299
12247,0.7886177182197571
12248,0.7507639527320862
12249,0.4998651325702667
12250,0.2785661518573761
12251,0.45941025018692017
12252,0.7128061652183533
12253,0.5215625941753388
12254,0.7049800634384156
12255,0.4229056894779205
12256,0.511439323425293
12257,0.5566545963287354
12258,0.32182803750038147
12259,0.31201769709587096
12260,0.7279104351997375
12261,0.49113611578941346
12262,0.4419776678085327
12263,0.21772054135799407
12264,0.780141007900238
12265,0.44656270146369936
12266,0.3224590003490448
12267,0.7470369219779969
12268,0.43599520325660707
12269,0.7258012056350708
12270,0.5624842524528504
12271,0.5647520661354065
12272,0.6304631471633911
12273,0.5616693496704102
12274,0.26397817134857177
12275,0.5808837175369262
12276,0.44992544054985045
12277,0.4466263771057129
12278,0.37587405443191524
12279,0.7557571172714234
12280,0.43028982281684874
12281,0.7262430191040039
12282,0.24863993525505063
12283,0.4376991868019104
12284,0.5915077328681946
12285,0.7802560329437256
12286,0.37371116876602173
12287,0.21093004047870637
12288,0.4687292218208313
12289,0.573908531665802
12290,0.41531692147254945
12291,0.48734486699104307
12292,0.42420530319213867
12293,0.7115456461906433
12294,0.40991241335868833
12295,0.39504008889198305
12296,0.6478964209556579
12297,0.4423211753368378
12298,0.5650948882102966
12299,0.45371156334877016
12300,0.2746407836675644
12301,0.6209125995635987
12302,0.49964184165000913
12303,0.5886383891105652
12304,0.28311683535575866
12305,0.5243055820465088
12306,0.48372831344604494
12307,0.3229431867599487
12308,0.7675875306129456
12309,0.47542151212692263
12310,0.5184059739112854
12311,0.3676093935966492
12312,0.5729982376098632
12313,0.5099284470081329
12314,0.7591358304023743
12315,0.40632490515708924
12316,0.4711845636367798
12317,0.38837461471557616
12318,0.6571887135505676
12319,0.5719311594963074
12320,0.4615919589996338
12321,0.4841893196105957
12322,0.5913416862487793
12323,0.4485390067100525
12324,0.45559875965118407
12325,0.42379716634750364
12326,0.693184244632721
12327,0.5618306756019592
12328,0.45182703137397767
12329,0.7710751533508301
12330,0.5629770755767822
12331,0.5170904874801636
12332,0.3717405378818512
12333,0.506704568862915
12334,0.4110370516777039
12335,0.21749671101570126
12336,0.3318831443786621
12337,0.43956416845321655
12338,0.3138632357120514
12339,0.5359544634819031
12340,0.6807787656784058
12341,0.4073000133037567
12342,0.4668735325336456
12343,0.2779183030128479
12344,0.3473077118396759
12345,0.2904296875
12346,0.2956073462963104
12347,0.4622426211833954
12348,0.5816381931304931
12349,0.2619224488735199
12350,0.7428279280662536
12351,0.5815909028053283
12352,0.6859069228172302
12353,0.4065361380577087
12354,0.4242986500263214
12355,0.425600528717041
12356,0.42833157777786257
12357,0.4834177613258362
12358,0.27089141607284545
12359,0.7777038216590881
12360,0.7118531346321106
12361,0.4516840517520905
12362,0.7812879323959351
12363,0.6646108269691468
12364,0.5014553189277648
12365,0.769656240940094
12366,0.436277711391449
12367,0.36879148483276364
12368,0.46238563656806936
12369,0.4200303316116333
12370,0.7741693019866943
12371,0.45457579493522643
12372,0.4987722814083099
12373,0.5362222194671631
12374,0.3447253584861755
12375,0.4802330076694489
12376,0.7874112963676453
12377,0.35302112698554994
12378,0.2468021959066391
12379,0.7611064791679383
12380,0.6288985967636108
12381,0.5194304764270783
12382,0.6111243724822998
12383,0.4909854531288147
12384,0.36678919196128845
12385,0.7742135047912597
12386,0.53813716173172
12387,0.41431432366371157
12388,0.5123021364212036
12389,0.3260804355144501
12390,0.5902577400207519
12391,0.27166095972061155
12392,0.6110254406929017
12393,0.44489550590515137
12394,0.36071477532386775
12395,0.33492637872695924
12396,0.35259443521499634
12397,0.47281397581100454
12398,0.5976865768432618
12399,0.37848861813545226
12400,0.3082918465137482
12401,0.2357372105121612
12402,0.37251024246215814
12403,0.4314272582530975
12404,0.47884210348129275
12405,0.40052897334098814
12406,0.3383450388908386
12407,0.3419992446899414
12408,0.21108134984970092
12409,0.4500097751617432
12410,0.45195916295051575
12411,0.6156763434410095
12412,0.5907694578170777
12413,0.681080448627472
12414,0.40457093715667725
12415,0.7611331462860107
12416,0.7676880121231079
12417,0.5166414201259613
12418,0.32502849102020265
12419,0.4719371497631073
12420,0.3424510061740875
12421,0.4678045392036438
12422,0.5851869583129883
12423,0.7090739965438843
12424,0.4546344757080078
12425,0.31320183277130126
12426,0.7522059321403504
12427,0.5357048511505127
12428,0.2262877643108367
12429,0.6616083264350892
12430,0.2588604837656021
12431,0.39034460186958314
12432,0.5071011066436768
12433,0.7073402643203736
12434,0.2385033816099167
12435,0.5361462712287903
12436,0.3908680260181427
12437,0.44877740144729616
12438,0.7376949191093445
12439,0.4199947535991669
12440,0.35664350986480714
12441,0.5508472561836243
12442,0.6004026174545288
12443,0.3799642980098724
12444,0.6912046074867249
12445,0.3277397692203522
12446,0.3473381996154785
12447,0.2420367568731308
12448,0.40829657912254336
12449,0.7729682803153992
12450,0.5254966139793396
12451,0.45633322596549986
12452,0.45114901661872864
12453,0.3851313889026642
12454,0.40034887194633484
12455,0.7668619394302368
12456,0.19670608341693868
12457,0.2959921360015869
12458,0.7657048821449279
12459,0.4564755916595459
12460,0.36942384839057923
12461,0.6506913781166077
12462,0.680311381816864
12463,0.41188586354255674
12464,0.4880650043487549
12465,0.4303371012210846
12466,0.22488509118556976
12467,0.32071436047554014
12468,0.7704951763153076
12469,0.7765878677368164
12470,0.4292498528957367
12471,0.3268217802047729
12472,0.46164538264274596
12473,0.788330340385437
12474,0.20573605000972744
12475,0.3520859062671661
12476,0.7688753128051757
12477,0.4143007159233093
12478,0.3336877405643463
12479,0.4893658459186554
12480,0.5726868033409118
12481,0.30279830694198606
12482,0.39567328691482545
12483,0.5916909337043762
12484,0.5659260272979736
12485,0.23191355168819427
12486,0.5249155104160309
12487,0.3269543409347534
12488,0.4666886210441589
12489,0.4509965777397156
12490,0.3742469072341919
12491,0.36049205064773554
12492,0.7579927444458008
12493,0.6200292229652404
12494,0.3422080397605896
12495,0.7421119451522827
12496,0.49487982988357543
12497,0.5455207467079163
12498,0.587187659740448
12499,0.4537141501903534
12500,0.42391802072525026
12501,0.585054874420166
12502,0.23212633728981014
12503,0.7249285340309143
12504,0.2354972273111343
12505,0.458626800775528
12506,0.570673155784607
12507,0.4559114098548889
12508,0.20663516223430634
12509,0.247183221578598
12510,0.2921989142894745
12511,0.6855787038803101
12512,0.5707474708557129
12513,0.21694018840789792
12514,0.6587629318237305
12515,0.6643849968910217
12516,0.4527840495109558
12517,0.7814412832260131
12518,0.3908348917961121
12519,0.3622464001178741
12520,0.2856879591941833
12521,0.21576530039310451
12522,0.44511573314666747
12523,0.2794987499713898
12524,0.3225377142429352
12525,0.5967186450958252
12526,0.4548032283782959
12527,0.6579128980636597
12528,0.4456623733043671
12529,0.30719685554504395
12530,0.5690892457962036
12531,0.3321466386318207
12532,0.5825659394264221
12533,0.36369317173957827
12534,0.5340028643608093
12535,0.4201761305332184
12536,0.35628982782363894
12537,0.569763469696045
12538,0.5695988178253174
12539,0.2987455368041992
12540,0.5635829210281372
12541,0.40324714183807375
12542,0.4407579302787781
12543,0.5213647842407226
12544,0.6584661126136779
12545,0.5082174360752105
12546,0.4918491363525391
12547,0.49692257642745974
12548,0.4801688253879547
12549,0.3438749134540558
12550,0.5742143511772155
12551,0.6739339709281922
12552,0.6416895031929016
12553,0.2914856493473053
12554,0.27808877825737
12555,0.4854972541332245
12556,0.7703620076179505
12557,0.44480612874031067
12558,0.43341217637062074
12559,0.6210051059722901
12560,0.5908373713493347
12561,0.554535448551178
12562,0.3855499804019928
12563,0.2380810052156448
12564,0.773430585861206
12565,0.33064276576042173
12566,0.46621150970458974
12567,0.641457736492157
12568,0.4827117383480072
12569,0.546483039855957
12570,0.26938623785972593
12571,0.7649328112602234
12572,0.6819608926773071
12573,0.37382782697677613
12574,0.6765644431114197
12575,0.4128260314464569
12576,0.6323412179946899
12577,0.759499704837799
12578,0.4588617026805878
12579,0.5871188282966614
12580,0.4376564025878906
12581,0.4219594538211823
12582,0.6051595449447632
12583,0.6843971252441406
12584,0.24460726976394653
12585,0.3251185417175293
12586,0.475102972984314
12587,0.24579403400421138
12588,0.7768989324569702
12589,0.48608834743499757
12590,0.5111287951469421
12591,0.3458338975906372
12592,0.6232986092567444
12593,0.3147701501846313
12594,0.37061060070991514
12595,0.5991981029510498
12596,0.5194616496562958
12597,0.4774604082107544
12598,0.5124263167381287
12599,0.5278657674789429
12600,0.6806324362754822
12601,0.7679215192794799
12602,0.6582326054573059
12603,0.6459455847740173
12604,0.43961547017097474
12605,0.7820667862892151
12606,0.5550556659698487
12607,0.22238124608993526
12608,0.3906433403491974
12609,0.6336065769195557
12610,0.4280917465686798
12611,0.25222364366054534
12612,0.4605791687965393
12613,0.5982222199440003
12614,0.7766404271125793
12615,0.5662734627723693
12616,0.7761795997619629
12617,0.36079754233360284
12618,0.4481075584888458
12619,0.23623728156089782
12620,0.5139905750751496
12621,0.41424244046211234
12622,0.7657964825630188
12623,0.6983414053916931
12624,0.2633571207523346
12625,0.3432841062545776
12626,0.33141027092933656
12627,0.6300861239433289
12628,0.7699778199195861
12629,0.6198817491531372
12630,0.29261753559112547
12631,0.2802728176116943
12632,0.753652834892273
12633,0.4340971112251282
12634,0.740188205242157
12635,0.36770702004432676
12636,0.5728486061096192
12637,0.6327462553977966
12638,0.502439558506012
12639,0.3283140480518341
12640,0.4498157799243927
12641,0.316862678527832
12642,0.3842853486537933
12643,0.3704008162021637
12644,0.42423819899559023
12645,0.49635428190231323
12646,0.399699741601944
12647,0.48376390933990476
12648,0.3412498354911804
12649,0.5687621235847473
12650,0.5510174751281738
12651,0.6253461360931396
12652,0.5539565443992615
12653,0.43595218658447266
12654,0.7143065690994262
12655,0.5266413986682892
12656,0.4775748014450073
12657,0.5514596104621887
12658,0.47067973017692566
12659,0.4475051283836365
12660,0.7771600008010864
12661,0.6063838720321655
12662,0.3622939229011536
12663,0.29857531785964964
12664,0.4404935598373413
12665,0.5352144598960876
12666,0.24228137135505676
12667,0.483777117729187
12668,0.526639062166214
12669,0.7734562277793884
12670,0.3717453181743622
12671,0.288059675693512
12672,0.4455733060836792
12673,0.6280381321907044
12674,0.7843395233154297
12675,0.30941715836524963
12676,0.4618304431438446
12677,0.6615411520004273
12678,0.5394675135612488
12679,0.3008976638317108
12680,0.5169051647186279
12681,0.33926333785057067
12682,0.5684813857078552
12683,0.6348929762840271
12684,0.7708522081375122
12685,0.3240353763103485
12686,0.42162235975265505
12687,0.2895325183868408
12688,0.6501997232437133
12689,0.5193941712379455
12690,0.5015088379383087
12691,0.46640225648880007
12692,0.3638084292411804
12693,0.6005956172943115
12694,0.4656871259212494
12695,0.3702308893203735
12696,0.776621150970459
12697,0.3011042833328247
12698,0.4618063807487488
12699,0.3852016687393188
12700,0.31778409481048586
12701,0.7815973281860351
12702,0.4464827537536621
12703,0.7671024203300476
12704,0.4738710820674896
12705,0.41329180002212523
12706,0.39705589413642883
12707,0.3241365671157837
12708,0.6385890483856201
12709,0.25404305160045626
12710,0.42821828126907346
12711,0.4610349714756012
12712,0.5194015979766846
12713,0.6675288915634155
12714,0.47939003109931944
12715,0.6565600275993347
12716,0.46564202308654784
12717,0.4233528792858124
12718,0.42888349890708916
12719,0.7461377263069153
12720,0.44851771593093864
12721,0.5632900834083557
12722,0.5820695757865906
12723,0.46026626229286194
12724,0.35574138164520264
12725,0.3667684137821198
12726,0.5401470303535462
12727,0.7784234523773194
12728,0.6489189147949219
12729,0.36188605427742004
12730,0.4999124765396118
12731,0.4454366028308868
12732,0.45002620816230776
12733,0.7666534185409546
12734,0.29986401796340945
12735,0.767905342578888
12736,0.4769244730472565
12737,0.6178828716278076
12738,0.6808782815933228
12739,0.25060023069381715
12740,0.4261475145816803
12741,0.23598396778106684
12742,0.4544151067733764
12743,0.3866530299186707
12744,0.7667316675186158
12745,0.7738483190536499
12746,0.6560531735420227
12747,0.5670080304145813
12748,0.7180727124214172
12749,0.47069540023803713
12750,0.4524806380271912
12751,0.6578957557678222
12752,0.6105477333068847
12753,0.3033463180065155
12754,0.5422233939170837
12755,0.5407022356986999
12756,0.7762407779693603
12757,0.49901382327079774
12758,0.42904422283172605
12759,0.4839584231376648
12760,0.2176065593957901
12761,0.7633062839508057
12762,0.5625354170799255
12763,0.7629959464073182
12764,0.5639468908309937
12765,0.3822471141815185
12766,0.4568064630031586
12767,0.7659229040145874
12768,0.4220177650451659
12769,0.3864175021648407
12770,0.6271337509155274
12771,0.3964824080467224
12772,0.3996604561805725
12773,0.5818972229957581
12774,0.37689986228942873
12775,0.33066808581352236
12776,0.49026482701301577
12777,0.3043850600719452
12778,0.7696076512336731
12779,0.324579131603241
12780,0.6018611550331116
12781,0.45188801884651186
12782,0.5370445728302002
12783,0.3845916986465454
12784,0.40584993958473203
12785,0.7783212900161743
12786,0.43794856667518617
12787,0.7689171314239502
12788,0.7949925780296325
12789,0.5245903611183167
12790,0.41780413389205934
12791,0.42232862710952757
12792,0.6028199911117553
12793,0.4769439518451691
12794,0.21296458840370178
12795,0.31563278436660763
12796,0.4614485502243041
12797,0.7062317132949829
12798,0.5234071493148804
12799,0.6832427382469177
12800,0.41331804990768434
12801,0.31035650372505186
12802,0.26415675878524775
12803,0.5481736063957214
12804,0.4116720914840698
12805,0.40971153378486636
12806,0.410550993680954
12807,0.48522657752037046
12808,0.2624430388212204
12809,0.6812246799468994
12810,0.5686286211013794
12811,0.7654696106910706
12812,0.7467761158943176
12813,0.7248323917388916
12814,0.5728025555610656
12815,0.39540483951568606
12816,0.6472210168838501
12817,0.4351934552192688
12818,0.3695495069026947
12819,0.6002284049987793
12820,0.34630433917045594
12821,0.5768216848373413
12822,0.29466992616653437
12823,0.49230687618255614
12824,0.3755776047706604
12825,0.4607195556163788
12826,0.42938363552093506
12827,0.5131427645683289
12828,0.2594984769821167
12829,0.48511011004447935
12830,0.5142044246196746
12831,0.5917931318283081
12832,0.2684374451637268
12833,0.38781771063804626
12834,0.558518385887146
12835,0.3046474099159241
12836,0.46946974396705626
12837,0.5036340653896332
12838,0.32288621068000795
12839,0.33582811355590814
12840,0.46352192759513855
12841,0.5620369195938111
12842,0.47500959038734436
12843,0.35658110380172725
12844,0.6497062802314758
12845,0.3497130811214447
12846,0.4692769110202789
12847,0.7852865815162658
12848,0.5939975500106811
12849,0.6386391878128052
12850,0.5257667183876038
12851,0.22191481590270992
12852,0.47365726828575133
12853,0.4993207514286041
12854,0.3916525185108185
12855,0.44918460249900816
12856,0.6119880437850952
12857,0.6827547073364257
12858,0.5478164076805114
12859,0.516093647480011
12860,0.43009775280952456
12861,0.4693683385848999
12862,0.4822282373905182
12863,0.6875057101249695
12864,0.7474953293800354
12865,0.46584237813949586
12866,0.4682696044445038
12867,0.26452681422233576
12868,0.515107148885727
12869,0.24968069493770595
12870,0.5486613512039185
12871,0.7862140893936157
12872,0.6149316549301147
12873,0.472625869512558
12874,0.3432277739048004
12875,0.6906732797622681
12876,0.6284433960914612
12877,0.6270024180412292
12878,0.47304339408874513
12879,0.44662946462631226
12880,0.5369310855865479
12881,0.7552047848701477
12882,0.3342431247234344
12883,0.21937189102172847
12884,0.45610066652297976
12885,0.7753628492355347
12886,0.681568694114685
12887,0.5584646940231324
12888,0.6494367718696594
12889,0.49571622610092164
12890,0.4571111023426056
12891,0.6664232969284057
12892,0.6194128632545471
12893,0.6031296491622925
12894,0.5282118678092956
12895,0.4561034500598907
12896,0.5689939141273499
12897,0.4424998998641968
12898,0.45923730731010437
12899,0.7663917541503906
12900,0.583575451374054
12901,0.55030357837677
12902,0.6484233498573303
12903,0.676974093914032
12904,0.776878809928894
12905,0.5941618919372559
12906,0.6090754508972168
12907,0.4121214270591736
12908,0.6621568679809571
12909,0.39822387099266054
12910,0.23156902790069575
12911,0.5711481094360351
12912,0.5855709195137024
12913,0.664003050327301
12914,0.784741485118866
12915,0.76639643907547
12916,0.2908353269100189
12917,0.7804863572120666
12918,0.5068319141864777
12919,0.32622265815734863
12920,0.5367244064807892
12921,0.5086372375488282
12922,0.47041674256324767
12923,0.46313405632972715
12924,0.4684028148651123
12925,0.4543279707431793
12926,0.49541364312171937
12927,0.3686023414134979
12928,0.418370795249939
12929,0.4870386779308319
12930,0.498913437128067
12931,0.6298390984535217
12932,0.6854083657264709
12933,0.35302796959877014
12934,0.5196906208992005
12935,0.43221924901008607
12936,0.416451621055603
12937,0.23581030666828157
12938,0.23071954548358917
12939,0.3561511754989624
12940,0.36391531229019164
12941,0.7386078596115112
12942,0.5092776238918304
12943,0.5195883393287659
12944,0.42630801200866697
12945,0.4864282667636871
12946,0.32036636471748353
12947,0.7621697068214417
12948,0.7593349337577819
12949,0.7797876238822937
12950,0.43148012161254884
12951,0.29070735573768614
12952,0.25621025562286376
12953,0.4828866124153137
12954,0.5396880149841309
12955,0.661052656173706
12956,0.259016227722168
12957,0.5528402328491211
12958,0.4636245369911193
12959,0.3125023603439331
12960,0.7574073672294617
12961,0.22623566389083863
12962,0.5347154378890991
12963,0.4209802865982056
12964,0.2404170393943786
12965,0.5566478610038758
12966,0.5474032402038574
12967,0.3719822525978088
12968,0.6253313302993775
12969,0.4954234540462494
12970,0.5024355590343476
12971,0.5563863635063171
12972,0.47041515111923216
12973,0.5305011034011841
12974,0.6812931418418884
12975,0.7320179343223572
12976,0.6789601922035218
12977,0.6133281707763671
12978,0.5233192205429077
12979,0.4713084280490875
12980,0.3213987469673157
12981,0.6204771041870117
12982,0.5150598466396332
12983,0.6451737880706787
12984,0.47736414670944216
12985,0.32620744705200194
12986,0.567833137512207
12987,0.4429671049118042
12988,0.41552371978759767
12989,0.37245831489562986
12990,0.47474886775016784
12991,0.6430402874946595
12992,0.44740774035453795
12993,0.25152828097343444
12994,0.3906775712966919
12995,0.6010309100151062
12996,0.5345028162002563
12997,0.38006237149238586
12998,0.27485947906970976
12999,0.4146768569946289
13000,0.4343110501766205
13001,0.22783547043800353
13002,0.3999106466770172
13003,0.40958072543144225
13004,0.4740373432636261
13005,0.4916185259819031
13006,0.5148224711418152
13007,0.4189835786819458
13008,0.3874050438404083
13009,0.5470459818840027
13010,0.615372359752655
13011,0.6628977298736572
13012,0.249807408452034
13013,0.739950978755951
13014,0.35794944167137144
13015,0.28892415761947626
13016,0.3631362676620483
13017,0.4737904787063599
13018,0.6042490243911743
13019,0.24837310016155242
13020,0.5023082256317138
13021,0.5387498617172242
13022,0.3994867205619812
13023,0.2919437825679779
13024,0.48128674030303953
13025,0.6494544625282288
13026,0.5519419193267823
13027,0.2688770771026611
13028,0.5251063823699951
13029,0.5090620934963226
13030,0.44354224801063535
13031,0.35566712617874147
13032,0.36019471287727356
13033,0.7401798725128174
13034,0.5699036359786988
13035,0.40549216270446775
13036,0.3652177810668945
13037,0.39448052644729614
13038,0.5238856196403503
13039,0.6205979108810424
13040,0.4451118230819702
13041,0.5194436192512513
13042,0.40144248604774474
13043,0.7559967279434204
13044,0.7847149610519409
13045,0.5804074883460999
13046,0.7577009081840516
13047,0.22163186371326446
13048,0.2828178286552429
13049,0.20740854740142817
13050,0.743379557132721
13051,0.39544113278388976
13052,0.28358874320983884
13053,0.41821889877319335
13054,0.47589348554611205
13055,0.5135915756225586
13056,0.5313841581344605
13057,0.41862242817878725
13058,0.33200294971466066
13059,0.3970117628574371
13060,0.27241798043251036
13061,0.45317395925521853
13062,0.44399036169052125
13063,0.682928717136383
13064,0.5753618240356445
13065,0.3678536593914032
13066,0.6174779176712036
13067,0.3991942644119263
13068,0.30076166391372683
13069,0.3869755506515503
13070,0.7827664494514466
13071,0.5080120801925659
13072,0.6380529642105103
13073,0.49114190936088564
13074,0.5995408058166504
13075,0.32836610078811646
13076,0.3077923536300659
13077,0.27012805342674256
13078,0.456285285949707
13079,0.4375967621803284
13080,0.2752001702785492
13081,0.657047712802887
13082,0.49364076256752015
13083,0.5152835607528686
13084,0.43460688591003416
13085,0.656760287284851
13086,0.7075886249542236
13087,0.47506785988807676
13088,0.46517853140830995
13089,0.325599467754364
13090,0.44970132112503053
13091,0.5641507625579834
13092,0.21808985769748684
13093,0.5440137028694153
13094,0.6097350001335144
13095,0.5342132210731506
13096,0.5239526867866516
13097,0.3377766668796539
13098,0.5642523884773254
13099,0.3909705996513367
13100,0.5217361986637116
13101,0.62426198720932
13102,0.49432052969932555
13103,0.4669396936893463
13104,0.35272200107574464
13105,0.3144043266773224
13106,0.6368237733840942
13107,0.4460471272468567
13108,0.4434524714946747
13109,0.46031301617622367
13110,0.46053247451782225
13111,0.29600963592529295
13112,0.56446373462677
13113,0.38528238534927367
13114,0.3391011655330658
13115,0.29964254498481746
13116,0.5524224638938904
13117,0.36145533323287965
13118,0.23478902578353877
13119,0.6471098780632019
13120,0.579155158996582
13121,0.27805151939392087
13122,0.5536520123481751
13123,0.4185699760913849
13124,0.25935682356357576
13125,0.5949950337409973
13126,0.3168381333351135
13127,0.42184380292892454
13128,0.22591380178928372
13129,0.7070021033287048
13130,0.38241454362869265
13131,0.4579788625240326
13132,0.7096145510673523
13133,0.2171371042728424
13134,0.21945022344589232
13135,0.4249049723148346
13136,0.4322598934173584
13137,0.3102411925792694
13138,0.30466602444648744
13139,0.2947706937789917
13140,0.33787317872047423
13141,0.5590989589691162
13142,0.6825529098510742
13143,0.3271225273609161
13144,0.534502637386322
13145,0.514906370639801
13146,0.3215213596820831
13147,0.43011086583137514
13148,0.47178941369056704
13149,0.37469648122787474
13150,0.4787535905838013
13151,0.1853174299001693
13152,0.4280799150466919
13153,0.28153989315032957
13154,0.7803152441978455
13155,0.37488328814506533
13156,0.4149445593357086
13157,0.773875617980957
13158,0.3997268557548523
13159,0.4998172283172607
13160,0.5911287784576416
13161,0.38227861523628237
13162,0.2815676510334015
13163,0.35031898617744445
13164,0.7758960247039794
13165,0.5554361820220948
13166,0.4626819133758545
13167,0.5235264897346497
13168,0.3285747587680817
13169,0.2754251778125763
13170,0.5306784629821777
13171,0.5791143298149108
13172,0.21138608157634736
13173,0.3820550382137299
13174,0.4197831451892853
13175,0.719272792339325
13176,0.5238117933273315
13177,0.35211246013641356
13178,0.3332663714885712
13179,0.44967973232269287
13180,0.3574058592319488
13181,0.4303782105445862
13182,0.2881170392036438
13183,0.7706285238265991
13184,0.35505709052085876
13185,0.5299533247947693
13186,0.3321158170700073
13187,0.4324568510055542
13188,0.23874756693840027
13189,0.6208232402801513
13190,0.20653126537799832
13191,0.5352537989616394
13192,0.5407724261283875
13193,0.479398649930954
13194,0.45807403326034535
13195,0.26804730892181394
13196,0.5104725539684296
13197,0.40814722180366514
13198,0.265217599272728
13199,0.3070578038692474
13200,0.2113111168146133
13201,0.7104169726371765
13202,0.2288632214069366
13203,0.251797017455101
13204,0.30100967884063723
13205,0.34347428679466246
13206,0.2863719880580902
13207,0.49806309342384336
13208,0.5313901662826538
13209,0.2946239590644836
13210,0.31708012819290154
13211,0.5157326400279999
13212,0.47077836990356436
13213,0.5610035061836243
13214,0.3917493999004364
13215,0.44878146052360535
13216,0.695351243019104
13217,0.6655424237251282
13218,0.24832509160041805
13219,0.7843901515007019
13220,0.6477335810661315
13221,0.41126436591148374
13222,0.42336808443069457
13223,0.7844533324241638
13224,0.4432202577590941
13225,0.30513274669647217
13226,0.41949260234832764
13227,0.44633969068527224
13228,0.42858966588974
13229,0.5257980108261109
13230,0.5336527824401855
13231,0.3327152669429779
13232,0.4694243848323822
13233,0.44681660532951356
13234,0.4830158889293671
13235,0.5496820569038391
13236,0.7548728942871094
13237,0.4528566896915436
13238,0.525066614151001
13239,0.28844528198242186
13240,0.5159950673580169
13241,0.3582042038440704
13242,0.46888476610183716
13243,0.5139967799186707
13244,0.6480545043945313
13245,0.4505162835121155
13246,0.6031650900840759
13247,0.5438684344291687
13248,0.513545548915863
13249,0.516690582036972
13250,0.778935170173645
13251,0.29206538796424864
13252,0.5134884238243103
13253,0.653907060623169
13254,0.22645322978496552
13255,0.4714469015598297
13256,0.7707851529121399
13257,0.4509805977344513
13258,0.5908685445785522
13259,0.43904168009757993
13260,0.20857812166213985
13261,0.6187058925628662
13262,0.5243630170822143
13263,0.4608730971813202
13264,0.311909019947052
13265,0.612189769744873
13266,0.3654946267604828
13267,0.48844500780105593
13268,0.40076608657836915
13269,0.48802047967910767
13270,0.5454478621482849
13271,0.6026205062866211
13272,0.5608717560768127
13273,0.4673004329204559
13274,0.3658619821071625
13275,0.684745705127716
13276,0.5152006685733795
13277,0.4199278712272644
13278,0.600944995880127
13279,0.4536813318729401
13280,0.29641554355621336
13281,0.5157179772853852
13282,0.6434863686561585
13283,0.47880563139915466
13284,0.34518789052963256
13285,0.7317090630531311
13286,0.5564853191375733
13287,0.4569370925426483
13288,0.7485153555870057
13289,0.2684462249279022
13290,0.40127230286598203
13291,0.31892591118812563
13292,0.30832366943359374
13293,0.48687395453453064
13294,0.7841932296752929
13295,0.4691269874572754
13296,0.38375110626220704
13297,0.3070357799530029
13298,0.6835444450378418
13299,0.5459641933441162
13300,0.5560193300247193
13301,0.6111552953720093
13302,0.24476356804370875
13303,0.44389849305152895
13304,0.6296009182929992
13305,0.5364355683326721
13306,0.49834805727005005
13307,0.37847336530685427
13308,0.24386050999164577
13309,0.45847971439361573
13310,0.5272135734558105
13311,0.7578158020973206
13312,0.7731685400009155
13313,0.5349706888198853
13314,0.5183404684066772
13315,0.7435850620269775
13316,0.4647911310195923
13317,0.7676959037780762
13318,0.7729096174240112
13319,0.7199732303619385
13320,0.24288219213485718
13321,0.6300839424133301
13322,0.41229628324508666
13323,0.5414481639862061
13324,0.3779876708984375
13325,0.45712546706199647
13326,0.7442904710769653
13327,0.5495714545249939
13328,0.32429606318473814
13329,0.38778151869773864
13330,0.4871295094490051
13331,0.3059134542942047
13332,0.2892439067363739
13333,0.7650594472885132
13334,0.42361597418785096
13335,0.42587279677391054
13336,0.45114574432373045
13337,0.4010056912899017
13338,0.34083287715911864
13339,0.4854244589805603
13340,0.6296258807182312
13341,0.6369546532630921
13342,0.49065749645233153
13343,0.5096157908439636
13344,0.6069915056228637
13345,0.350470769405365
13346,0.33632899522781373
13347,0.6049787402153015
13348,0.6203098297119141
13349,0.29927792549133303
13350,0.5156935513019562
13351,0.2573032736778259
13352,0.7684292316436767
13353,0.6011793136596679
13354,0.2740043848752975
13355,0.39520041942596434
13356,0.6889712095260621
13357,0.6579574823379517
13358,0.47229962348937987
13359,0.37942794561386106
13360,0.45317043662071227
13361,0.4243249833583832
13362,0.43994134068489077
13363,0.5230688929557801
13364,0.5479142189025878
13365,0.6239459037780761
13366,0.5552840113639832
13367,0.48359956741333
13368,0.5779088258743286
13369,0.7637128353118896
13370,0.7641610264778137
13371,0.6199406385421753
13372,0.6033677816390991
13373,0.48384220004081724
13374,0.5274298667907715
13375,0.22153071761131277
13376,0.3814240097999573
13377,0.5584052622318267
13378,0.4122129023075104
13379,0.37062671184539797
13380,0.5944559216499329
13381,0.39993722438812257
13382,0.5419046759605408
13383,0.43161946535110474
13384,0.3475192964076996
13385,0.4487878143787384
13386,0.7564856052398682
13387,0.43700896501541137
13388,0.3032993733882904
13389,0.22364984750747677
13390,0.5082065999507904
13391,0.5206768155097962
13392,0.6116269350051879
13393,0.5285393238067627
13394,0.7082308053970336
13395,0.40751410722732545
13396,0.6624163150787353
13397,0.4463247239589691
13398,0.6154717445373535
13399,0.6866945743560791
13400,0.5463834285736084
13401,0.5377078413963318
13402,0.5962566375732422
13403,0.44906028509140017
13404,0.578877329826355
13405,0.5097739577293396
13406,0.42627190351486205
13407,0.45971992015838625
13408,0.6401519894599914
13409,0.31654682755470276
13410,0.3589870691299438
13411,0.6068207502365113
13412,0.28896377682685853
13413,0.28928038477897644
13414,0.7587871074676513
13415,0.21488134860992428
13416,0.5641678452491761
13417,0.28770631551742554
13418,0.7667794704437256
13419,0.4473633646965027
13420,0.754964292049408
13421,0.5250946640968323
13422,0.4727421522140503
13423,0.27078476548194885
13424,0.5583369731903076
13425,0.5505550265312195
13426,0.510448569059372
13427,0.7472344756126403
13428,0.23999964296817775
13429,0.3906239032745361
13430,0.4209886252880096
13431,0.6732698202133178
13432,0.32104397416114805
13433,0.4825868010520935
13434,0.43019992113113403
13435,0.21933149993419648
13436,0.20777686536312098
13437,0.4435525000095367
13438,0.6517763137817383
13439,0.33374425768852234
13440,0.38434287905693054
13441,0.5263863444328308
13442,0.5829599142074585
13443,0.5443877577781677
13444,0.7094028115272522
13445,0.5180335998535156
13446,0.597438645362854
13447,0.4592544436454772
13448,0.3230233311653137
13449,0.7790952682495117
13450,0.3505357146263123
13451,0.7524498105049133
13452,0.3432260096073151
13453,0.7492033481597901
13454,0.5252223253250122
13455,0.7560220003128052
13456,0.23092452287673945
13457,0.7783955693244934
13458,0.21722325682640076
13459,0.289496386051178
13460,0.4862732350826263
13461,0.23088035881519317
13462,0.4746261477470398
13463,0.7565109968185425
13464,0.7626551747322082
13465,0.3574084997177124
13466,0.2973334133625031
13467,0.7156306982040406
13468,0.5202021121978759
13469,0.6861755847930908
13470,0.506016206741333
