epoch,loss,rank,reg,topk,spearman,kendall,top5,top10,top20
1,0.8690102100372314,0.3042258322238922,0.9443216323852539,0.18765860795974731,0.6121225718814303,0.43323269738479997,0.0,0.0,0.05
2,0.482517272233963,0.17721450328826904,0.6277670860290527,0.07798177003860474,0.7313310935957543,0.5351324352262824,0.0,0.0,0.05
3,0.30628252029418945,0.14872439205646515,0.2932296395301819,0.046392813324928284,0.8264180636665378,0.6321994300340357,0.0,0.1,0.2
4,0.24064117670059204,0.11337433755397797,0.3001076579093933,0.024823030456900597,0.855463907401886,0.6669487469754516,0.0,0.1,0.25
5,0.21254393458366394,0.10721922665834427,0.24662570655345917,0.020891331136226654,0.8717147252395415,0.68659989673925,0.0,0.1,0.2
6,0.19835197925567627,0.10803496092557907,0.2101154625415802,0.01818825490772724,0.8795052840202624,0.6964689869051482,0.0,0.1,0.2
7,0.1851155012845993,0.10488936305046082,0.18963775038719177,0.015556545928120613,0.8852487828066609,0.70392236076991,0.0,0.1,0.15
8,0.17760629951953888,0.10233894735574722,0.1849973499774933,0.013178765773773193,0.8872319778302845,0.7069080956911896,0.0,0.1,0.15
9,0.169158935546875,0.09608817845582962,0.18671245872974396,0.011371348984539509,0.8869902166443149,0.7065449855979032,0.0,0.1,0.15
10,0.17036616802215576,0.0982665941119194,0.1832113265991211,0.011424113065004349,0.8868458898326339,0.7066076009851227,0.0,0.1,0.15
11,0.16789333522319794,0.09810293465852737,0.18214824795722961,0.010097281076014042,0.8874017916946938,0.7074385098419234,0.0,0.1,0.15
12,0.16685611009597778,0.09878246486186981,0.18077018857002258,0.009228390641510487,0.8886839080779931,0.7093411750170625,0.0,0.1,0.15
13,0.1616889089345932,0.09497686475515366,0.1812356412410736,0.008227570913732052,0.8895529547580853,0.710638000162252,0.0,0.1,0.15
14,0.1610204577445984,0.09493913501501083,0.18019096553325653,0.008016019128262997,0.8900811114255552,0.7114372558451493,0.0,0.1,0.15
15,0.15800611674785614,0.09292066097259521,0.1803872287273407,0.007312850095331669,0.8908740507176781,0.712509607663477,0.0,0.1,0.15
16,0.15776124596595764,0.09244183450937271,0.18088917434215546,0.007368433754891157,0.8919925839051409,0.7141621007856055,0.0,0.1,0.15
17,0.15420101583003998,0.08961999416351318,0.18346524238586426,0.006360966246575117,0.8932485151015653,0.7160776633388403,0.0,0.1,0.15
18,0.1550925076007843,0.08945295214653015,0.18483656644821167,0.006792385596781969,0.8942207501791158,0.7175034925114748,0.0,0.1,0.15
19,0.156622052192688,0.0904102623462677,0.1856764256954193,0.007005914114415646,0.8953067615092258,0.7191039819468602,0.0,0.1,0.15
20,0.15363258123397827,0.088124580681324,0.18628883361816406,0.0064142378978431225,0.896392225008307,0.7207222387740794,0.0,0.1,0.15
21,0.15504106879234314,0.09039386361837387,0.18537895381450653,0.006022348999977112,0.8975251151497332,0.7223761135287652,0.0,0.1,0.15
22,0.15279512107372284,0.08910330384969711,0.18555764853954315,0.005349684506654739,0.8985113574052561,0.7237103551540227,0.0,0.1,0.15
23,0.15385031700134277,0.08909706771373749,0.18554368615150452,0.006060098297894001,0.8995083455439178,0.7250384399573432,0.0,0.1,0.15
24,0.15256375074386597,0.08848459273576736,0.18594606220722198,0.005530228838324547,0.9005524840617517,0.7264669478538452,0.0,0.1,0.15
25,0.15168040990829468,0.0885114073753357,0.18604359030723572,0.004903953988105059,0.901630757460644,0.727927121160351,0.0,0.1,0.15
26,0.1518896073102951,0.08731693029403687,0.18693840503692627,0.00566077372059226,0.9026690598214311,0.7293630715940663,0.0,0.1,0.15
27,0.15081492066383362,0.08569499105215073,0.1879625767469406,0.005820767022669315,0.9037224201406049,0.7307483166355188,0.0,0.1,0.15
28,0.1499575525522232,0.08578703552484512,0.18828719854354858,0.00512290233746171,0.9049011097497317,0.7322559205233148,0.0,0.1,0.15
29,0.1464114636182785,0.08218343555927277,0.18891818821430206,0.005035046488046646,0.9060770076759994,0.7338371680383247,0.0,0.1,0.15
30,0.14969129860401154,0.0850297287106514,0.190139502286911,0.0050798142328858376,0.9071346780238391,0.735186876343882,0.0,0.1,0.15
31,0.148752823472023,0.0840323343873024,0.19113415479660034,0.004920151550322771,0.9081053006744808,0.7365155564685332,0.0,0.1,0.15
32,0.14791575074195862,0.08380135148763657,0.19085460901260376,0.0045720175839960575,0.9089455667925039,0.7376792112527893,0.0,0.1,0.15
33,0.14823438227176666,0.08387275040149689,0.19030600786209106,0.004846550989896059,0.9097793695343028,0.7388185478459987,0.0,0.1,0.15
34,0.14754103124141693,0.08387459069490433,0.19025863707065582,0.004392567556351423,0.9105236713439232,0.7398572584218303,0.0,0.1,0.15
35,0.1487012505531311,0.08527693897485733,0.18977923691272736,0.004327031318098307,0.9112892550259134,0.7408707573521367,0.0,0.1,0.15
36,0.14815346896648407,0.0842820480465889,0.18998277187347412,0.004584392998367548,0.9120170631419269,0.7418300896822086,0.0,0.1,0.15
37,0.14607833325862885,0.0828702375292778,0.19021673500537872,0.004095385782420635,0.9127369494619042,0.7428748481027216,0.0,0.1,0.2
38,0.14734716713428497,0.08300276845693588,0.19155092537403107,0.004586085211485624,0.9133442057715236,0.743792781870051,0.0,0.1,0.2
39,0.14754080772399902,0.08371933549642563,0.19163598120212555,0.004220443777740002,0.9138941581556727,0.7445902537599133,0.0,0.1,0.2
40,0.1488809734582901,0.0854620411992073,0.19085665047168732,0.00410796282812953,0.9144393498274469,0.7453870193935794,0.0,0.1,0.25
41,0.1465575397014618,0.08274607360363007,0.19105371832847595,0.004330242518335581,0.9149241634402788,0.7460756228281119,0.0,0.1,0.25
42,0.1473892629146576,0.08452526479959488,0.18978655338287354,0.003952020779252052,0.9153419788874784,0.7466859285093879,0.0,0.1,0.3
43,0.1451158970594406,0.08172185719013214,0.1897369772195816,0.004315298516303301,0.9157412924329162,0.7473010155563418,0.0,0.1,0.35
44,0.14561572670936584,0.08322321623563766,0.18929535150527954,0.003735943464562297,0.9161904594591438,0.7479437536329935,0.0,0.1,0.4
45,0.14429782330989838,0.08159033209085464,0.18944942951202393,0.003915099427103996,0.9166346662115397,0.748672845639552,0.0,0.1,0.4
46,0.14322525262832642,0.08020855486392975,0.19089175760746002,0.0038327821530401707,0.9171239325011434,0.749439653751235,0.0,0.1,0.4
47,0.14553682506084442,0.08139537274837494,0.1931869089603424,0.004123583901673555,0.9175769543786533,0.7501190282235904,0.0,0.1,0.4
48,0.14353926479816437,0.08002044260501862,0.19433219730854034,0.003479445120319724,0.9180023386603821,0.7507683339747767,0.0,0.1,0.4
49,0.14386464655399323,0.07971781492233276,0.19575722515583038,0.0036131080705672503,0.9183428911546697,0.7512574716864682,0.0,0.1,0.4
50,0.14443640410900116,0.07985404133796692,0.19561827182769775,0.003931255079805851,0.918676306943773,0.7517384783201612,0.0,0.1,0.4
51,0.14487090706825256,0.08105121552944183,0.19552680850028992,0.0034410986118018627,0.9190315087814765,0.7523049087183655,0.0,0.1,0.4
52,0.14208640158176422,0.07837255299091339,0.19394002854824066,0.003687886754050851,0.9194356783575628,0.7528741304074386,0.0,0.1,0.4
53,0.14539340138435364,0.08199086040258408,0.19388560950756073,0.003491241717711091,0.9198120486148,0.7534076268859005,0.0,0.1,0.45
54,0.1449642777442932,0.08100274950265884,0.19447706639766693,0.0037456084974110126,0.9201134689316515,0.7538311755924769,0.0,0.1,0.45
55,0.14429929852485657,0.08093719184398651,0.1933012753725052,0.003581145079806447,0.9204704064254974,0.7543463067947118,0.0,0.1,0.45
56,0.1426423043012619,0.07912503927946091,0.19332914054393768,0.003679016837850213,0.9208148032428471,0.7548784270902016,0.0,0.1,0.45
57,0.14284175634384155,0.07970234006643295,0.1935204714536667,0.003388850251212716,0.9211837840467115,0.7554914122535193,0.0,0.1,0.45
58,0.14468908309936523,0.08155161142349243,0.19447894394397736,0.0031958618201315403,0.9215661263106315,0.7560625128713127,0.0,0.1,0.45
59,0.1429576426744461,0.07924012094736099,0.19519707560539246,0.003438931657001376,0.9219549723262024,0.7566714225853293,0.0,0.1,0.5
60,0.1420130729675293,0.07824492454528809,0.1965796798467636,0.0031961631029844284,0.9222699158729569,0.757180527046726,0.0,0.1,0.5
61,0.14258664846420288,0.07904288172721863,0.19619330763816833,0.003123847534880042,0.9225099330769054,0.7575541329975164,0.0,0.1,0.5
62,0.14198459684848785,0.07767754048109055,0.19663000106811523,0.0035453771706670523,0.9227058483321626,0.7578940254716325,0.0,0.1,0.45
63,0.14395079016685486,0.07949020713567734,0.19651058316230774,0.0036716079339385033,0.9229446916947907,0.7582745914115105,0.0,0.1,0.45
64,0.14012007415294647,0.07659970223903656,0.19702684879302979,0.0029415409080684185,0.9231677665616321,0.7586055526359312,0.0,0.1,0.45
65,0.14035160839557648,0.07667991518974304,0.19713783264160156,0.003020229749381542,0.9233404107533736,0.758858698605005,0.0,0.1,0.45
66,0.14312484860420227,0.0791654884815216,0.19668182730674744,0.003303212346509099,0.9234881939763199,0.7591052025582228,0.0,0.1,0.45
67,0.14324738085269928,0.07955729961395264,0.19631072878837585,0.0031979053746908903,0.9236184677542781,0.7592838286112792,0.0,0.1,0.45
68,0.14084702730178833,0.07708975672721863,0.19568297266960144,0.0033682528883218765,0.9237424830442907,0.7594422103783225,0.0,0.1,0.45
69,0.14367687702178955,0.08066710084676743,0.19391965866088867,0.003222584491595626,0.9238846718987229,0.7596127059400408,0.0,0.1,0.45
70,0.14315912127494812,0.08052467554807663,0.19328130781650543,0.0031000387389212847,0.9242057509550426,0.7601096763965767,0.0,0.1,0.45
71,0.1418277472257614,0.0788881704211235,0.19477340579032898,0.0030050368513911963,0.9246565468828111,0.7607815158341981,0.0,0.1,0.45
72,0.13909262418746948,0.07501007616519928,0.19780592620372772,0.0031605197582393885,0.9250332988622277,0.7613552954065567,0.0,0.1,0.5
73,0.13976095616817474,0.07552268356084824,0.19833603501319885,0.00315830297768116,0.9252954371009264,0.7617643490680558,0.0,0.1,0.5
74,0.14091628789901733,0.07691698521375656,0.1984080821275711,0.002984583145007491,0.9256634929246358,0.76237486034605,0.0,0.1,0.5
75,0.1408599317073822,0.0773436427116394,0.19822165369987488,0.0026998615358024836,0.926008332119898,0.7629060672571746,0.0,0.1,0.5
76,0.14035606384277344,0.07658161967992783,0.1980365514755249,0.0029089851304888725,0.9263395112432474,0.7634620056374476,0.0,0.1,0.5
77,0.1419750452041626,0.0785793885588646,0.19673998653888702,0.0029157716780900955,0.9266296697176333,0.7639284037008341,0.0,0.1,0.5
78,0.14202266931533813,0.07845822721719742,0.19680579006671906,0.0030151442624628544,0.9268412380779981,0.7642811901556206,0.0,0.1,0.5
79,0.14158882200717926,0.0784972682595253,0.19613051414489746,0.0028349284548312426,0.9270284415427132,0.7646309995095226,0.0,0.1,0.5
80,0.1417493373155594,0.07876120507717133,0.1949169933795929,0.003008695086464286,0.9271908852940325,0.7649320982729325,0.0,0.1,0.5
81,0.14166013896465302,0.07903913408517838,0.19522030651569366,0.002703279722481966,0.927315108592161,0.7651689616393108,0.0,0.2,0.45
82,0.1395048052072525,0.07668755203485489,0.19548174738883972,0.002781814429908991,0.927532772256049,0.7655539007836474,0.0,0.2,0.45
83,0.14344386756420135,0.08038052171468735,0.19550560414791107,0.0029411131981760263,0.9276948894038309,0.7658334505566806,0.0,0.2,0.45
84,0.1411067247390747,0.07786192744970322,0.19649091362953186,0.0028650190215557814,0.9278462643889868,0.7660719163375109,0.0,0.2,0.5
85,0.14170944690704346,0.07842656970024109,0.19630828499794006,0.002926923567429185,0.9280134217999045,0.7663671529289969,0.0,0.2,0.5
86,0.1377071738243103,0.07449531555175781,0.19771724939346313,0.002597789280116558,0.9281962440064422,0.7666845119068808,0.0,0.2,0.45
87,0.13850519061088562,0.07442793250083923,0.19899851083755493,0.0029184699524194,0.92837375559951,0.766962962632174,0.0,0.2,0.45
88,0.14104031026363373,0.07648169249296188,0.20062503218650818,0.002914070850238204,0.9284326883141647,0.7670915733903746,0.0,0.2,0.5
89,0.1397082358598709,0.07570962607860565,0.1999446600675583,0.002676806878298521,0.9284909198229199,0.7672240543797247,0.0,0.1,0.5
90,0.1399095356464386,0.07576672732830048,0.19950756430625916,0.0028603572864085436,0.9286001474379784,0.7674071460841075,0.0,0.1,0.5
91,0.1403478980064392,0.0764804407954216,0.19801440834999084,0.0029754291754215956,0.9287856223656079,0.7677087264036845,0.0,0.1,0.5
92,0.1401446908712387,0.07651150971651077,0.1974867433309555,0.0029247712809592485,0.9290143333713484,0.7680263830680365,0.0,0.1,0.5
93,0.14086365699768066,0.07760577648878098,0.19782590866088867,0.002606741152703762,0.929211182740352,0.7683136733033689,0.0,0.2,0.5
94,0.1405491977930069,0.07613041996955872,0.1997177004814148,0.003002314129844308,0.9294280850393071,0.7686176353036531,0.0,0.2,0.5
95,0.1399376392364502,0.07618684321641922,0.19952794909477234,0.0025949382688850164,0.9296107585531619,0.7688739636897891,0.0,0.2,0.5
96,0.1393260806798935,0.07564601302146912,0.19970858097076416,0.00251165684312582,0.9298243752433691,0.7692276432748407,0.0,0.2,0.5
97,0.13865822553634644,0.0745023638010025,0.2002466768026352,0.002721244003623724,0.9300321201519179,0.7695797427323215,0.0,0.2,0.5
98,0.14047354459762573,0.07582823187112808,0.20101509988307953,0.002893853234127164,0.9301738015604026,0.769785849690642,0.0,0.2,0.5
99,0.13965600728988647,0.07591014355421066,0.20079562067985535,0.002338112099096179,0.9302583187179677,0.76991269724137,0.0,0.2,0.5
100,0.13923898339271545,0.07517407089471817,0.19950933754444122,0.0028080742340534925,0.9303657103383424,0.7701252391914492,0.0,0.2,0.5
101,0.1384722739458084,0.07484925538301468,0.19931316375732422,0.002552706515416503,0.9304921719333413,0.7703315522827293,0.0,0.2,0.5
102,0.13927437365055084,0.07500462979078293,0.20052428543567657,0.00274163787253201,0.9306291221462142,0.770595323421076,0.0,0.2,0.5
103,0.13864777982234955,0.07455088943243027,0.20105791091918945,0.0025196776259690523,0.930723245459827,0.7707495372468813,0.0,0.1,0.5
104,0.13815227150917053,0.07402239739894867,0.20118825137615204,0.002515592845156789,0.930859684686254,0.7709644839307259,0.0,0.1,0.5
105,0.13804541528224945,0.07429241389036179,0.20021355152130127,0.0024592899717390537,0.9309859494206184,0.77120702619678,0.0,0.1,0.5
106,0.13734328746795654,0.07421053200960159,0.19880710542201996,0.0023270847741514444,0.9310823071430328,0.7714109576225309,0.0,0.1,0.5
107,0.13910068571567535,0.07562718540430069,0.1993233859539032,0.002450989093631506,0.9312428093172347,0.771682858374101,0.0,0.1,0.5
108,0.13922950625419617,0.07547958940267563,0.2003219574689865,0.0024355545174330473,0.9313650731756309,0.7718704157298103,0.0,0.2,0.5
109,0.14067533612251282,0.07712898403406143,0.19955569505691528,0.0024530887603759766,0.9314776090504094,0.7720064692402215,0.0,0.2,0.5
110,0.140878826379776,0.07746150344610214,0.19951340556144714,0.0023755321744829416,0.931579681880992,0.7721749731502714,0.0,0.2,0.5
111,0.13840974867343903,0.07494248449802399,0.19983625411987305,0.0023442604579031467,0.9316802702204466,0.7723416907997908,0.0,0.2,0.5
112,0.1388145387172699,0.07529804110527039,0.1987456977367401,0.002595187397673726,0.9317953352102171,0.7725670573367303,0.0,0.2,0.5
113,0.13943946361541748,0.07612599432468414,0.19884593784809113,0.002439791103824973,0.931932130998496,0.7728261801527458,0.0,0.2,0.5
114,0.13955384492874146,0.07609973847866058,0.19967341423034668,0.002368057146668434,0.9320763485283181,0.7730922179327161,0.0,0.3,0.5
115,0.1388063132762909,0.07460086047649384,0.20115457475185394,0.0025727185420691967,0.9322330722441371,0.7734255619408608,0.0,0.3,0.5
116,0.13687047362327576,0.0721404105424881,0.20277641713619232,0.0025980849750339985,0.9323872068159631,0.773698951092931,0.0,0.3,0.55
117,0.13915479183197021,0.0754043236374855,0.20120638608932495,0.002259034663438797,0.932527501578823,0.7739674855926925,0.0,0.2,0.6
118,0.1378200650215149,0.0744323655962944,0.19863036274909973,0.002532396698370576,0.9326506622208671,0.7741758826545916,0.0,0.2,0.6
119,0.13689513504505157,0.0741528868675232,0.197278693318367,0.0023724250495433807,0.9328036760484741,0.7743966923215895,0.0,0.2,0.55
120,0.13825243711471558,0.07602004706859589,0.19499506056308746,0.0024892515502870083,0.9328832703466255,0.7745229214084777,0.0,0.3,0.55
121,0.13925780355930328,0.07694210857152939,0.19565653800964355,0.002412485657259822,0.9329443413293107,0.774636737871477,0.0,0.3,0.55
122,0.1391427218914032,0.07537971436977386,0.1996578574180603,0.0025770971551537514,0.9329988889456455,0.7747036314456028,0.0,0.2,0.55
123,0.13776907324790955,0.07283014059066772,0.20474228262901306,0.0023441591765731573,0.9330397326102431,0.7747564173270248,0.0,0.2,0.55
124,0.13794970512390137,0.07181477546691895,0.2080775499343872,0.002474448410794139,0.9330760988677206,0.7747936310880783,0.0,0.3,0.6
125,0.13636714220046997,0.07132626324892044,0.20583178102970123,0.0021942267194390297,0.9331153734613032,0.7748094097227649,0.0,0.3,0.6
126,0.13735416531562805,0.07345779240131378,0.20260852575302124,0.002075870055705309,0.933301028866033,0.7750975930883626,0.0,0.3,0.55
127,0.1386759877204895,0.07559695839881897,0.19777055084705353,0.00249857478775084,0.9335532341014149,0.7755244182204861,0.0,0.3,0.55
128,0.1379128098487854,0.07534126937389374,0.19594132900238037,0.0025260942056775093,0.9337719433065581,0.7758909904740214,0.0,0.3,0.55
129,0.1381566822528839,0.07599962502717972,0.19585669040679932,0.0022666938602924347,0.9339940747488932,0.7762862583934735,0.0,0.3,0.55
130,0.1386437565088272,0.07575973868370056,0.19825562834739685,0.0022715567611157894,0.9341221502865514,0.7764910829495562,0.0,0.3,0.55
131,0.1387539803981781,0.07478227466344833,0.20166003704071045,0.002315802499651909,0.9342632472753511,0.776745418427808,0.0,0.3,0.55
132,0.13878698647022247,0.07406149804592133,0.20500700175762177,0.00214892765507102,0.9343524245747186,0.7768926938887356,0.0,0.3,0.55
133,0.13803093135356903,0.07318924367427826,0.20528464019298553,0.0021708605345338583,0.9344353885742996,0.7770130597973041,0.0,0.3,0.55
134,0.13804304599761963,0.07363774627447128,0.20338976383209229,0.0022589126601815224,0.9344925859322215,0.7770699224241937,0.0,0.3,0.55
135,0.1374329775571823,0.07441396266222,0.20043887197971344,0.0019249061588197947,0.9345572011181659,0.7771973423420406,0.0,0.3,0.55
136,0.13713635504245758,0.07458851486444473,0.19914911687374115,0.0018687347183004022,0.9346716752262351,0.7774332444569437,0.0,0.3,0.6
137,0.1369169056415558,0.07364873588085175,0.20033057034015656,0.0021126705687493086,0.9347157649211701,0.7775193736715174,0.0,0.4,0.6
138,0.1371341347694397,0.07294941693544388,0.2023325264453888,0.002323312219232321,0.9348375446494578,0.7777344113415636,0.2,0.4,0.6
139,0.13776202499866486,0.07336986064910889,0.2033742219209671,0.002253260463476181,0.9350003846798761,0.7780681443506906,0.2,0.5,0.55
140,0.1379219889640808,0.07352078706026077,0.20357851684093475,0.0022184262052178383,0.9352074255249694,0.7783542437456693,0.2,0.4,0.55
141,0.13773374259471893,0.07334815710783005,0.20300766825675964,0.002322184620425105,0.935291976481183,0.7784921993991105,0.4,0.3,0.55
142,0.13508927822113037,0.07155092805624008,0.2007654458284378,0.0022058107424527407,0.9352510364401344,0.7785328697987256,0.2,0.4,0.55
143,0.13769641518592834,0.07419125735759735,0.19939684867858887,0.002457401715219021,0.9352341856921411,0.7785579933384468,0.2,0.4,0.55
144,0.1368148922920227,0.07377635687589645,0.19873908162117004,0.0022778697311878204,0.935338365615086,0.7787846416415043,0.2,0.3,0.6
145,0.13851265609264374,0.07522284984588623,0.19983665645122528,0.0022258679382503033,0.9354319354412414,0.7789751761122787,0.0,0.3,0.6
146,0.1384623944759369,0.07423907518386841,0.2020483762025833,0.0024058716371655464,0.9355128526940472,0.7790970304162955,0.0,0.2,0.6
147,0.1370343714952469,0.07348664849996567,0.20153160393238068,0.0020588256884366274,0.9356260766225479,0.779262557225461,0.0,0.2,0.6
148,0.13782534003257751,0.07402706891298294,0.20194530487060547,0.002143111312761903,0.9358104533433693,0.7795790230494594,0.0,0.2,0.55
149,0.13757160305976868,0.07367773354053497,0.20254632830619812,0.0020866491831839085,0.9359418258722426,0.7798260316083312,0.0,0.2,0.55
150,0.13925659656524658,0.07519987970590591,0.2026774287223816,0.0021689909044653177,0.9360427773579333,0.7799793523152825,0.0,0.2,0.55
151,0.1372050940990448,0.07364107668399811,0.20053870975971222,0.0022682608105242252,0.9360186956642188,0.7800047484759105,0.0,0.2,0.55
152,0.13694727420806885,0.07391540706157684,0.19923672080039978,0.002173897810280323,0.9359570048166745,0.7799794684191867,0.0,0.2,0.6
153,0.13761912286281586,0.07430914789438248,0.19934983551502228,0.002336681354790926,0.9360050972870791,0.7801151989187171,0.0,0.2,0.55
154,0.13662493228912354,0.0727752074599266,0.20178791880607605,0.0022088964469730854,0.9360823665725415,0.7802566112107199,0.0,0.2,0.55
155,0.13579051196575165,0.07093381136655807,0.2053753286600113,0.002162736374884844,0.9360807849014365,0.780237855475149,0.0,0.2,0.55
156,0.1367165744304657,0.07115709036588669,0.20633883774280548,0.002438558032736182,0.9360866817045052,0.7802569089208083,0.0,0.2,0.55
157,0.13555485010147095,0.07150664925575256,0.2040921002626419,0.0018803765997290611,0.9362101336999268,0.7804524136810024,0.0,0.2,0.55
158,0.1363169550895691,0.07316349446773529,0.20049038529396057,0.002004222711548209,0.9363904190623529,0.7807460465960945,0.2,0.3,0.6
159,0.13738137483596802,0.0748494416475296,0.19859391450881958,0.0019691684283316135,0.9364499246273987,0.7807758176049372,0.6,0.5,0.55
160,0.13744430243968964,0.0743783712387085,0.19969402253627777,0.0021051433868706226,0.9364117121939161,0.7807394969741491,0.4,0.5,0.55
161,0.13769517838954926,0.07445716112852097,0.19964279234409332,0.002230116631835699,0.9364243167862288,0.7807682841083332,0.4,0.3,0.55
162,0.13836105167865753,0.07424875348806381,0.20276692509651184,0.002188144950196147,0.9365229891130521,0.7809181230272055,0.6,0.4,0.65
163,0.1375473439693451,0.07250826805830002,0.20579089224338531,0.002201204188168049,0.936615132593887,0.781084154535664,0.4,0.4,0.65
164,0.1389693021774292,0.07339566200971603,0.20793545246124268,0.00212867115624249,0.936679535339493,0.7812363751117343,0.4,0.4,0.6
165,0.13740816712379456,0.0728621706366539,0.2057841569185257,0.0018738353392109275,0.9368062478000969,0.7814608485184086,0.2,0.4,0.55
166,0.137825608253479,0.07451069355010986,0.2012712061405182,0.0019556961487978697,0.9370639231236739,0.7818802313713689,0.2,0.5,0.65
167,0.13549907505512238,0.07275571674108505,0.1984238475561142,0.002144139725714922,0.9373299876526647,0.7823440637236605,0.2,0.5,0.65
168,0.13751071691513062,0.07511253654956818,0.19848781824111938,0.0019012164557352662,0.9375057320393196,0.7826742242362995,0.2,0.5,0.65
169,0.1345585584640503,0.07187538594007492,0.20012392103672028,0.001763998530805111,0.9375301833412732,0.7827686889368699,0.2,0.5,0.65
170,0.13870994746685028,0.07485051453113556,0.20319415628910065,0.0019341220613569021,0.9375643592741049,0.782841925618623,0.2,0.5,0.65
171,0.13538102805614471,0.07075577229261398,0.20444485545158386,0.002194533357396722,0.937692855316092,0.783060742533617,0.2,0.5,0.65
172,0.1340741664171219,0.06942086666822433,0.2060565948486328,0.0018908733036369085,0.9378657009872051,0.7833688724751394,0.2,0.5,0.65
173,0.1369144171476364,0.07244176417589188,0.20581091940402985,0.0018195852171629667,0.9380115754395245,0.783606147415616,0.2,0.5,0.6
174,0.13701459765434265,0.07329890877008438,0.202663391828537,0.001944438903592527,0.9381402202959628,0.7837514299387686,0.2,0.3,0.55
175,0.13468749821186066,0.07193959504365921,0.2010095715522766,0.001630021957680583,0.9382665174887448,0.7839845369380071,0.0,0.3,0.55
176,0.13607247173786163,0.07261626422405243,0.2016826570034027,0.001967607531696558,0.9384020240637341,0.7841943320609474,0.0,0.3,0.55
177,0.13547635078430176,0.07136284559965134,0.20329692959785461,0.0020829392597079277,0.938391657712397,0.7842452404898574,0.0,0.3,0.55
178,0.1348426640033722,0.07080437988042831,0.20456044375896454,0.0017801066860556602,0.9383467565442756,0.7841696221217688,0.0,0.3,0.55
179,0.13679362833499908,0.07221725583076477,0.20508873462677002,0.0020331626292318106,0.9383850434496275,0.7841887660586683,0.0,0.3,0.55
180,0.13663916289806366,0.07271254807710648,0.20322906970977783,0.0019719344563782215,0.9384258623205348,0.7842802797998999,0.0,0.3,0.55
181,0.13593047857284546,0.07230110466480255,0.2031489908695221,0.0017897876678034663,0.9384713158801076,0.7843660203181299,0.0,0.3,0.55
182,0.13478924334049225,0.07153711467981339,0.20210382342338562,0.0017473228508606553,0.9385333488627263,0.784472781483028,0.0,0.3,0.55
183,0.1366269886493683,0.07302854210138321,0.20334121584892273,0.0017307208618149161,0.938558725494314,0.7845133868338376,0.0,0.3,0.55
184,0.1371939480304718,0.07319775968790054,0.2033408135175705,0.001995963277295232,0.9385108292259917,0.7844167215135545,0.0,0.3,0.55
185,0.1357194036245346,0.07207901030778885,0.2023015022277832,0.0019666284788399935,0.9384401678782643,0.7842831401566998,0.0,0.3,0.55
186,0.13552457094192505,0.0722031369805336,0.20194022357463837,0.0018262416124343872,0.9383785874354628,0.7842200256179531,0.0,0.3,0.55
187,0.13499966263771057,0.07117093354463577,0.2028479427099228,0.001982897985726595,0.9382853409336732,0.7840946896707253,0.0,0.3,0.55
188,0.13495421409606934,0.07147983461618423,0.20283013582229614,0.001750218914821744,0.938118578388141,0.7838633689320172,0.2,0.3,0.55
189,0.13599476218223572,0.07241980731487274,0.203796848654747,0.001623932970687747,0.9379849759410817,0.7836984636742079,0.2,0.3,0.55
190,0.13572539389133453,0.0720328763127327,0.20437923073768616,0.0015858329134061933,0.938061026522785,0.7838057298483075,0.2,0.3,0.6
191,0.1380399763584137,0.07430864125490189,0.20318372547626495,0.0018508147913962603,0.9381866592299417,0.7839704540577873,0.4,0.4,0.6
192,0.13564825057983398,0.07243333756923676,0.20168918371200562,0.0018054303945973516,0.9382992237875376,0.7841310103015133,0.4,0.4,0.6
193,0.1357923448085785,0.07275459170341492,0.20163382589817047,0.0016984079265967011,0.9383827537529753,0.7843135065857193,0.4,0.4,0.6
194,0.1363014131784439,0.073257215321064,0.20149999856948853,0.0017294612480327487,0.9384779837979559,0.7845338120511556,0.4,0.4,0.6
195,0.13596948981285095,0.07252603769302368,0.20251399278640747,0.0017928349552676082,0.9385711121662276,0.7847488755488374,0.4,0.4,0.65
196,0.13748492300510406,0.07340676337480545,0.2041804939508438,0.0018826717277988791,0.938582602792649,0.7848014534206518,0.4,0.4,0.6
197,0.13560090959072113,0.07164683192968369,0.20530657470226288,0.001574734691530466,0.9386325333290286,0.7849509038850423,0.4,0.3,0.6
198,0.13829751312732697,0.07377427816390991,0.20508815348148346,0.0019978550262749195,0.9388008373584573,0.7852402780909936,0.2,0.3,0.6
199,0.1342056393623352,0.07053327560424805,0.20378045737743378,0.0016921504866331816,0.9390002709439259,0.7855378977900181,0.2,0.3,0.55
200,0.1343144327402115,0.0716753602027893,0.20082828402519226,0.001593718072399497,0.9390979718933415,0.7856840734543155,0.2,0.3,0.5
201,0.1355295032262802,0.07283253967761993,0.19929832220077515,0.0019383090548217297,0.9390807792538038,0.7856827922352522,0.2,0.3,0.5
202,0.13553613424301147,0.07227698713541031,0.2013048678636551,0.0019117887131869793,0.9389442111275618,0.7854557297994966,0.2,0.3,0.5
203,0.1359638124704361,0.07169472426176071,0.20594623684883118,0.0016568134305998683,0.9388827242759623,0.7853721636601669,0.2,0.3,0.5
204,0.13427099585533142,0.06911490857601166,0.2092815339565277,0.0015810842160135508,0.9388147087650563,0.7852646903182446,0.2,0.3,0.55
205,0.13353504240512848,0.06841554492712021,0.2083258032798767,0.0017478328663855791,0.9387658212619506,0.7851856163135713,0.2,0.3,0.55
206,0.1356319785118103,0.07203923165798187,0.2039269655942917,0.0016097759362310171,0.938861451116224,0.7853531102145076,0.2,0.3,0.55
207,0.1351705938577652,0.07286430150270462,0.1991434544324875,0.0017088324530050159,0.9389179701627771,0.785414736202812,0.2,0.3,0.55
208,0.1347801685333252,0.07249223440885544,0.19810019433498383,0.0019052543211728334,0.939014304259978,0.7855034538091634,0.2,0.4,0.6
209,0.13501501083374023,0.0722709372639656,0.2005504071712494,0.0017192973755300045,0.9390737718298448,0.7856234309747996,0.2,0.4,0.6
210,0.13669896125793457,0.07258109003305435,0.20470379292964935,0.0018044878961518407,0.9392148047549571,0.785895447632831,0.2,0.3,0.6
211,0.13405130803585052,0.06913337856531143,0.2076529562473297,0.0017480258829891682,0.9392186499401396,0.7859451652212986,0.2,0.3,0.55
212,0.13323061168193817,0.06796427816152573,0.20919683575630188,0.0016715261153876781,0.9393439487852452,0.7861461195459437,0.2,0.3,0.5
213,0.13615569472312927,0.07175169140100479,0.20533809065818787,0.0018683893140405416,0.9393942894175145,0.7862691641565984,0.2,0.3,0.5
214,0.13584640622138977,0.07255201041698456,0.20241262018680573,0.0017137316754087806,0.9392857155143817,0.7860196831024964,0.2,0.3,0.5
215,0.1343408077955246,0.07191301137208939,0.20023010671138763,0.001572507550008595,0.939219123848453,0.7859363242777367,0.2,0.3,0.5
216,0.13604171574115753,0.07337955385446548,0.20104406774044037,0.0015659634955227375,0.9394153139036775,0.7863787214691398,0.2,0.5,0.6
217,0.13655945658683777,0.07237007468938828,0.20536954700946808,0.0017190120415762067,0.9395352875783035,0.7865630040138762,0.4,0.5,0.6
218,0.13524048030376434,0.07042961567640305,0.2071644514799118,0.0017743553034961224,0.939423493583751,0.7863441870988822,0.4,0.5,0.6
219,0.13502806425094604,0.07087522000074387,0.20546118915081024,0.001676316256634891,0.9393028875657912,0.7861351042718521,0.4,0.6,0.6
220,0.13734358549118042,0.07326532155275345,0.2049182802438736,0.0017351913265883923,0.9392435228423405,0.7860545151828424,0.4,0.6,0.55
221,0.13506010174751282,0.07134155929088593,0.2035101056098938,0.0017770063132047653,0.9391459246747611,0.7859306677860567,0.4,0.6,0.55
222,0.13593995571136475,0.07227855175733566,0.2045683115720749,0.0015272736782208085,0.9390157351035584,0.785710271944047,0.4,0.6,0.65
223,0.1357082575559616,0.07228582352399826,0.20357070863246918,0.0015674781752750278,0.9388865561871877,0.7855412629903936,0.4,0.5,0.65
224,0.13772442936897278,0.0740690678358078,0.20356862246990204,0.0017231793608516455,0.9389367671169635,0.7856286993737466,0.4,0.5,0.65
225,0.13436120748519897,0.07078029960393906,0.2044120728969574,0.0015048589557409286,0.9390303423660153,0.7857356676781367,0.4,0.5,0.65
226,0.1369132548570633,0.07336962223052979,0.20438247919082642,0.0014859194634482265,0.9391085546467078,0.7858436460735891,0.4,0.5,0.6
227,0.13525423407554626,0.07183322310447693,0.20319826900959015,0.001641014008782804,0.9392262654807514,0.7859928891945379,0.4,0.5,0.6
228,0.13638658821582794,0.07305967062711716,0.20277827978134155,0.0016622840194031596,0.9393019024348701,0.7861354923268946,0.4,0.5,0.65
229,0.13398954272270203,0.07071398198604584,0.20355574786663055,0.0014725503278896213,0.9393705356109935,0.7862417748284631,0.4,0.5,0.65
230,0.13389889895915985,0.070778988301754,0.20289592444896698,0.001500759506598115,0.9394169301601379,0.7863766374985207,0.4,0.5,0.65
231,0.13669821619987488,0.07345151156187057,0.2027379721403122,0.0016168709844350815,0.9394207547645981,0.7864311184447029,0.4,0.5,0.65
232,0.13400150835514069,0.07053636759519577,0.20414990186691284,0.0014801116194576025,0.9392252561729196,0.7861703244072407,0.4,0.4,0.7
233,0.13529062271118164,0.0716925710439682,0.20514129102230072,0.0013704412849619985,0.9391728756781711,0.7861542480624655,0.4,0.5,0.7
234,0.13674941658973694,0.07300902158021927,0.2051180899143219,0.0014699752209708095,0.9391444759221873,0.786136592822405,0.4,0.5,0.7
235,0.13497188687324524,0.07197821885347366,0.20279879868030548,0.0014360127970576286,0.939199576482061,0.7862393028105568,0.4,0.5,0.65
236,0.13527050614356995,0.07261636853218079,0.20209960639476776,0.001349501428194344,0.9393136300365619,0.7863537138217118,0.6,0.5,0.6
237,0.1356176882982254,0.07256289571523666,0.20357869565486908,0.0013207888696342707,0.9394200891754901,0.786465264784491,0.4,0.5,0.65
238,0.13587279617786407,0.0719442293047905,0.20551148056983948,0.0015167504316195846,0.9394648666157209,0.7864313258318842,0.4,0.6,0.6
239,0.13401716947555542,0.06974907219409943,0.20610244572162628,0.0016248997999355197,0.9394530790266041,0.7863640700732701,0.6,0.6,0.6
240,0.13646000623703003,0.07233809679746628,0.20493686199188232,0.0017605661414563656,0.9394440863544958,0.7862999453404285,0.6,0.6,0.6
241,0.13372638821601868,0.0702589675784111,0.20328547060489655,0.0016545177204534411,0.9394556696475764,0.7863874721194548,0.6,0.5,0.7
242,0.13485367596149445,0.07204767316579819,0.20197844505310059,0.0014749732799828053,0.939480850408138,0.7865292724582668,0.6,0.5,0.6
243,0.13477079570293427,0.07172341644763947,0.20177486538887024,0.0016766070621088147,0.9395041821271909,0.7866162038105576,0.4,0.5,0.6
244,0.13439194858074188,0.07089994102716446,0.20451250672340393,0.0014255064306780696,0.9394669435637267,0.7865780969164027,0.4,0.5,0.6
245,0.13396528363227844,0.06940356642007828,0.2080271691083908,0.0014357023173943162,0.9395004128751607,0.786628202523242,0.4,0.5,0.55
246,0.13476529717445374,0.07040732353925705,0.20802325010299683,0.0013006578665226698,0.9395517684743117,0.7867127521883552,0.4,0.5,0.55
247,0.13533224165439606,0.07120658457279205,0.20579953491687775,0.0015905345790088177,0.9397702531031564,0.7870679472073756,0.4,0.5,0.55
248,0.13411618769168854,0.07034439593553543,0.20454052090644836,0.0016064225928857923,0.939893142427995,0.7872166851036079,0.4,0.5,0.65
249,0.13497380912303925,0.07179629057645798,0.2030891329050064,0.0015005210880190134,0.9399055831699704,0.7871386850546347,0.4,0.5,0.65
250,0.13285104930400848,0.07024244964122772,0.2016455978155136,0.0014099442632868886,0.9398693679189714,0.7869600589882835,0.4,0.5,0.65
251,0.13542814552783966,0.07297876477241516,0.20127089321613312,0.0013787444913759828,0.939737335338064,0.7866744646874191,0.2,0.5,0.65
252,0.13396786153316498,0.0711558535695076,0.2023921012878418,0.0013962489319965243,0.9395718479521763,0.7863772329186977,0.4,0.5,0.6
253,0.13430573046207428,0.06981368362903595,0.20788469910621643,0.0014177565462887287,0.9394804812375116,0.7862191488617427,0.4,0.5,0.6
254,0.13568927347660065,0.07035154849290848,0.2092837542295456,0.001701732398942113,0.9392810170208046,0.7859541868830424,0.4,0.5,0.65
255,0.13541914522647858,0.07156874239444733,0.2055286169052124,0.0014612049562856555,0.9392352111533758,0.7859008967772139,0.4,0.5,0.65
256,0.13464467227458954,0.07161134481430054,0.20282483100891113,0.0014572539366781712,0.9394250934571909,0.7861351042718521,0.4,0.6,0.65
257,0.1354367733001709,0.07235348969697952,0.20328369736671448,0.0013987862039357424,0.9395197724503024,0.7862848524574764,0.2,0.5,0.65
258,0.1323339343070984,0.06887577474117279,0.20508073270320892,0.0012892835075035691,0.9396129991020523,0.7864935472449965,0.2,0.5,0.65
259,0.13486483693122864,0.0707143098115921,0.206678569316864,0.0014313030987977982,0.9397321439459542,0.7867067076841755,0.2,0.4,0.65
260,0.13402195274829865,0.06972724199295044,0.20696629583835602,0.0014698841841891408,0.9398851730037501,0.7869917065412116,0.2,0.5,0.65
261,0.13373754918575287,0.0702158734202385,0.2048591524362564,0.0013759536668658257,0.9399502491174856,0.7871010833076398,0.2,0.5,0.65
262,0.1340860277414322,0.07143077254295349,0.20277872681617737,0.0012144268257543445,0.9399416695783431,0.7871211201581101,0.2,0.4,0.65
263,0.13468845188617706,0.07178546488285065,0.2025901973247528,0.0014172918163239956,0.9400072317856031,0.7873007296129992,0.2,0.5,0.7
264,0.1340232938528061,0.07020974904298782,0.20544277131557465,0.0014538057148456573,0.9401551681425259,0.7876007311462627,0.2,0.6,0.65
265,0.13474959135055542,0.07064054906368256,0.20749931037425995,0.001239494071342051,0.9402416538162685,0.7878263954100863,0.4,0.5,0.5
266,0.13206003606319427,0.06798329949378967,0.20726415514945984,0.0012649851851165295,0.9402497098902313,0.7879258305870218,0.4,0.6,0.5
267,0.13479512929916382,0.07100141048431396,0.20633547008037567,0.001262043952010572,0.9403206200334279,0.788079656513966,0.4,0.6,0.5
268,0.13524042069911957,0.07173657417297363,0.20495150983333588,0.0013455929001793265,0.94048964767619,0.7882713818394526,0.4,0.5,0.5
269,0.1344197541475296,0.07096709311008453,0.2045196145772934,0.0013978518545627594,0.9404873896421866,0.7884407789049833,0.4,0.6,0.55
270,0.13427941501140594,0.07117357850074768,0.20359019935131073,0.0013525140238925815,0.9404701047584467,0.7883949315445409,0.2,0.6,0.65
271,0.13388441503047943,0.07093044370412827,0.2037229686975479,0.0012247184058651328,0.9403724477141369,0.7881866246438943,0.4,0.6,0.65
272,0.13379177451133728,0.07059888541698456,0.2045670598745346,0.0012151843402534723,0.9402334582476194,0.7878464322050865,0.4,0.5,0.6
273,0.1353234201669693,0.07122360914945602,0.20625250041484833,0.0014827066333964467,0.9400587003960554,0.7874894778090621,0.4,0.6,0.65
274,0.13390187919139862,0.07011627405881882,0.20593954622745514,0.0013358303112909198,0.9399956198743603,0.7872819738774283,0.2,0.6,0.65
275,0.13523481786251068,0.07169376313686371,0.2047281265258789,0.0014150731731206179,0.9399545819720114,0.7871389827647451,0.4,0.6,0.65
276,0.13668513298034668,0.07282143086194992,0.20542025566101074,0.0014917455846443772,0.9399689212551425,0.7871267766502112,0.4,0.6,0.6
277,0.13467825949192047,0.07092557102441788,0.20521046221256256,0.001459702500142157,0.9400401526597338,0.7872632181418574,0.2,0.5,0.65
278,0.13500338792800903,0.071755051612854,0.2047623246908188,0.0012130920076742768,0.9402039895764832,0.7875549740285163,0.4,0.5,0.65
279,0.13504157960414886,0.07184769958257675,0.20431700348854065,0.001265855971723795,0.9403789121883412,0.7878676868994531,0.2,0.5,0.65
280,0.13383254408836365,0.0700644999742508,0.20596447587013245,0.0013191268080845475,0.9404655038101842,0.7880150534151609,0.2,0.5,0.65
281,0.13605543971061707,0.07287932187318802,0.20502111315727234,0.001113186008296907,0.9405159987369134,0.7881511971407347,0.2,0.5,0.65
282,0.13442465662956238,0.0708230510354042,0.20595940947532654,0.0012091943062841892,0.9405260576524836,0.7882216642472845,0.4,0.5,0.6
283,0.1337893009185791,0.07081945985555649,0.20464321970939636,0.0010512497974559665,0.9406043514109419,0.7883646552900243,0.2,0.5,0.6
284,0.13422751426696777,0.07086865603923798,0.20483094453811646,0.0012730463640764356,0.9406898247896454,0.7883764735163108,0.4,0.5,0.55
285,0.1349608451128006,0.07180658727884293,0.20488199591636658,0.001126434886828065,0.9406100663973371,0.7882294948998186,0.2,0.5,0.55
286,0.13480183482170105,0.07147305458784103,0.20538412034511566,0.001142358174547553,0.9403536465548412,0.7878347312931827,0.2,0.5,0.55
287,0.1329573690891266,0.06968420743942261,0.20513466000556946,0.0011551810894161463,0.9400790510121501,0.7872931966020283,0.2,0.5,0.55
288,0.13308490812778473,0.07043296098709106,0.2026491016149521,0.0012381412088871002,0.9399691557450708,0.7870461874873939,0.2,0.5,0.55
289,0.13402970135211945,0.0712580531835556,0.20375977456569672,0.0010958098573610187,0.9399713518505837,0.7871258835198794,0.2,0.6,0.55
290,0.13351234793663025,0.07008329778909683,0.20595359802246094,0.0010953148594126105,0.9399603137639667,0.787167860645472,0.2,0.6,0.65
291,0.1350240260362625,0.07075516134500504,0.2091597616672516,0.001013954752124846,0.9401511272578158,0.7874828379424711,0.2,0.6,0.6
292,0.1324900984764099,0.06796710193157196,0.20925986766815186,0.0011633550748229027,0.9403249019196103,0.7878233280896743,0.2,0.5,0.55
293,0.13506612181663513,0.07075012475252151,0.20789913833141327,0.0012975030113011599,0.9404015275435873,0.787963044350845,0.2,0.4,0.6
294,0.13437464833259583,0.07152719795703888,0.20347368717193604,0.0012035543331876397,0.9404473599016689,0.7881033560113992,0.2,0.5,0.6
295,0.13393238186836243,0.071464404463768,0.20273134112358093,0.0010990495793521404,0.9404877766571831,0.788217496305426,0.2,0.5,0.6
296,0.13258369266986847,0.06963202357292175,0.20512619614601135,0.0009425345924682915,0.9404273763859871,0.7881968369791655,0.2,0.5,0.6
297,0.1346084028482437,0.07057233899831772,0.20736666023731232,0.001217374810948968,0.9403299754865346,0.7881157967550835,0.2,0.5,0.6
298,0.13363805413246155,0.0703708678483963,0.20580098032951355,0.001017923466861248,0.9402794029435869,0.7880000506107151,0.2,0.5,0.6
299,0.131588414311409,0.06908192485570908,0.202798530459404,0.0011112864594906569,0.9402805557075753,0.7879824857154978,0.2,0.5,0.6
300,0.13478533923625946,0.0721791535615921,0.2031366527080536,0.0011101232375949621,0.9401352589122889,0.7876977846423135,0.2,0.5,0.65
301,0.1333523839712143,0.07040521502494812,0.20444312691688538,0.0010761471930891275,0.939997185470582,0.7873742640048408,0.2,0.5,0.65
302,0.13323974609375,0.06996111571788788,0.20601394772529602,0.0009829591726884246,0.9398113303476037,0.7870101645666941,0.2,0.5,0.6
303,0.1333368569612503,0.06906335800886154,0.20953941345214844,0.0009411094360984862,0.9396565342058568,0.7866714875860917,0.2,0.5,0.6
304,0.13109703361988068,0.0661090761423111,0.21082983911037445,0.001159338979050517,0.9394018687822477,0.7860964019574759,0.2,0.5,0.55
305,0.1325761377811432,0.06884977966547012,0.2078656107187271,0.0009111127583310008,0.9391163445108587,0.785586126827933,0.2,0.5,0.55
306,0.1337507665157318,0.07120213657617569,0.20330935716629028,0.0010372056858614087,0.9389250633268663,0.7853033926297402,0.2,0.5,0.55
307,0.13363388180732727,0.07152215391397476,0.20100845396518707,0.0012061279267072678,0.9389221481636756,0.7853020209754739,0.2,0.5,0.55
308,0.13329504430294037,0.07108024507761002,0.2018059641122818,0.0011153435334563255,0.9391820281322505,0.7857425150101706,0.2,0.5,0.5
309,0.1336808204650879,0.06980203092098236,0.20730182528495789,0.0011254920391365886,0.9393704518267527,0.7861536526422886,0.2,0.5,0.5
310,0.1340356022119522,0.0697142630815506,0.2085971236228943,0.0011614692630246282,0.9394342001867864,0.7862760114886324,0.2,0.5,0.45
311,0.1337459534406662,0.06999986618757248,0.2076803594827652,0.0009613157017156482,0.9395421919842922,0.7863584771831267,0.2,0.5,0.45
312,0.1316729187965393,0.06844021379947662,0.20505587756633759,0.0011439657537266612,0.9395489431917707,0.7863150115102163,0.2,0.5,0.5
313,0.13155058026313782,0.06856273859739304,0.20448435842990875,0.0010950193973258138,0.9395394305141674,0.7864016451459487,0.2,0.5,0.45
314,0.13104960322380066,0.06778938323259354,0.2057483047246933,0.001023814082145691,0.9396460007159403,0.7866486542126114,0.2,0.5,0.55
315,0.13394127786159515,0.0699572041630745,0.20767025649547577,0.001121997949667275,0.9397307340483906,0.7868175461394816,0.2,0.6,0.6
316,0.1319611519575119,0.06787259131669998,0.20876888930797577,0.0009719192166812718,0.9397143074660038,0.7868568438711541,0.2,0.5,0.65
317,0.13349026441574097,0.06976061314344406,0.20754706859588623,0.0009770148899406195,0.9396659456275475,0.7868484176968141,0.2,0.4,0.65
318,0.13436077535152435,0.07152335345745087,0.2038482278585434,0.001121969660744071,0.939759474836598,0.7870626787005159,0.4,0.3,0.65
319,0.13404518365859985,0.07216627150774002,0.201299250125885,0.000992759712971747,0.9399474256044028,0.7872113263216174,0.4,0.3,0.65
320,0.13322880864143372,0.07051244378089905,0.2027154266834259,0.0012678237399086356,0.9398814114810294,0.7869726530955523,0.4,0.3,0.65
321,0.1332208812236786,0.06958260387182236,0.20764891803264618,0.0008957341779023409,0.9398429204089082,0.7869147167645427,0.4,0.3,0.65
322,0.1339661329984665,0.06883807480335236,0.211457297205925,0.0011272401316091418,0.939771991877048,0.7868100130925486,0.4,0.3,0.65
323,0.1334294080734253,0.06863626092672348,0.21114782989025116,0.0009658641647547483,0.9397057285284312,0.7866849748461029,0.4,0.3,0.65
324,0.1323070228099823,0.06901188939809799,0.20580026507377625,0.0010367059148848057,0.9397261545831861,0.786730343891718,0.4,0.3,0.65
325,0.13423630595207214,0.07263890653848648,0.20036600530147552,0.0009917272254824638,0.9397835127618419,0.7868878057203506,0.4,0.3,0.65
326,0.13290968537330627,0.07159207761287689,0.19988566637039185,0.0009012669324874878,0.9398574871833204,0.7870310042728841,0.2,0.3,0.6
327,0.13363032042980194,0.0703035444021225,0.2062070667743683,0.0009764365968294442,0.9399988954971957,0.787246248666817,0.2,0.3,0.6
328,0.13373325765132904,0.0683460384607315,0.21351584792137146,0.0008883075206540525,0.9400109416093073,0.787286944689706,0.2,0.3,0.6
329,0.13321231305599213,0.0677005723118782,0.2135758250951767,0.0009593283175490797,0.9399007364136086,0.7870628592523459,0.2,0.3,0.65
330,0.1332109570503235,0.06898052245378494,0.20822948217391968,0.0011743867071345448,0.9397347454624809,0.7867469888485243,0.2,0.3,0.6
331,0.13336168229579926,0.07157792150974274,0.20102748274803162,0.000983678037300706,0.9396223127920841,0.7866825931652182,0.2,0.3,0.6
332,0.1320057213306427,0.07042243331670761,0.1995626986026764,0.0011429745936766267,0.9395564233708564,0.786658271242173,0.2,0.3,0.6
333,0.1315477192401886,0.06816661357879639,0.2058231234550476,0.001089446828700602,0.9394918707795338,0.7866103399179363,0.2,0.3,0.55
334,0.13372014462947845,0.06877809017896652,0.21222126483917236,0.0008504490833729506,0.9395283386582549,0.7866254328239858,0.2,0.3,0.55
335,0.1325676590204239,0.06690546870231628,0.21416638791561127,0.0009415121749043465,0.9396067323976729,0.7867130498984437,0.2,0.3,0.55
336,0.13255485892295837,0.06910312175750732,0.2070191204547882,0.0008973259828053415,0.9396707511080189,0.7866910193519,0.2,0.3,0.55
337,0.13317908346652985,0.07167526334524155,0.20081757009029388,0.0008390367147512734,0.9397170520660083,0.786713555016719,0.2,0.2,0.55
338,0.13325859606266022,0.07121339440345764,0.20187053084373474,0.0009893617825582623,0.9397389176254055,0.7868044468955909,0.2,0.2,0.55
339,0.1342780739068985,0.07131744176149368,0.2049068957567215,0.0009923795005306602,0.9398308942613036,0.7870941457010069,0.2,0.2,0.55
340,0.13246341049671173,0.06819651275873184,0.21004042029380798,0.0008365066605620086,0.9397189699128728,0.7869154927585743,0.2,0.2,0.55
341,0.1339636892080307,0.06822772324085236,0.2144244760274887,0.0009390773484483361,0.9394798713661769,0.7864379657767367,0.2,0.2,0.55
342,0.13408857583999634,0.06965083628892899,0.2098107486963272,0.0009963461197912693,0.9390846423479796,0.7855731179698553,0.2,0.3,0.55
343,0.13194429874420166,0.0700727254152298,0.20184214413166046,0.000879283994436264,0.9389424339433158,0.785248911683558,0.2,0.3,0.6
344,0.13397610187530518,0.07184655219316483,0.20246833562850952,0.0009260259685106575,0.9391003260113069,0.785563203149418,0.4,0.3,0.6
345,0.13227324187755585,0.06871844828128815,0.2077704668045044,0.0008157705888152122,0.9392579137599445,0.7858690417977522,0.4,0.4,0.6
346,0.13200978934764862,0.06766393780708313,0.20979587733745575,0.0009380595874972641,0.9394308412022498,0.7861746997165598,0.4,0.5,0.6
347,0.13187065720558167,0.06771395355463028,0.20978376269340515,0.000814379658550024,0.9397027519958506,0.7866724710214583,0.4,0.5,0.6
348,0.1321994662284851,0.0686359703540802,0.20700842142105103,0.0009739762172102928,0.9399372005744252,0.7870725031348965,0.4,0.5,0.6
349,0.13295917212963104,0.06976529210805893,0.2061871588230133,0.0008918177336454391,0.9400776235137904,0.787264021011191,0.4,0.5,0.55
350,0.13140028715133667,0.06818356364965439,0.20563305914402008,0.0010178728261962533,0.9402290917247407,0.7874882869687084,0.4,0.5,0.5
351,0.13116835057735443,0.06805220991373062,0.2062247097492218,0.0008324836380779743,0.9403019573373316,0.7876030225914445,0.2,0.4,0.5
352,0.1313876509666443,0.06779326498508453,0.2073729783296585,0.0009216592297889292,0.9402804266213903,0.787522821338966,0.2,0.4,0.5
353,0.1328500509262085,0.06913202255964279,0.2073725461959839,0.001004182267934084,0.9401454779750622,0.7872620273015037,0.2,0.4,0.45
354,0.1328301727771759,0.07006999105215073,0.20531362295150757,0.0007773907273076475,0.9398240293191737,0.7867507687805422,0.4,0.4,0.55
355,0.13184402883052826,0.06884343177080154,0.2058117836713791,0.0008380438666790724,0.9395836336998622,0.7862839593271447,0.4,0.4,0.5
356,0.13359205424785614,0.0704263225197792,0.20682643353939056,0.0007451949641108513,0.9392523441135884,0.7856301879242995,0.4,0.4,0.5
357,0.13170284032821655,0.0686444491147995,0.20647478103637695,0.0007439673645421863,0.9391331838037003,0.7853649282157682,0.4,0.4,0.5
358,0.13230405747890472,0.06887369602918625,0.20749488472938538,0.0007879282347857952,0.9391856501529428,0.7855774932347259,0.4,0.4,0.5
359,0.13315430283546448,0.06890159100294113,0.21039141714572906,0.0007568552973680198,0.9393019382952134,0.7857317070720091,0.4,0.3,0.5
360,0.13231995701789856,0.06889613717794418,0.20749764144420624,0.0007830177783034742,0.9393800003647039,0.7858487071454691,0.2,0.3,0.45
361,0.13227011263370514,0.06956002116203308,0.20442619919776917,0.0009214872261509299,0.9395070252541005,0.7860813090908009,0.2,0.3,0.45
362,0.1320352852344513,0.06972043216228485,0.20351141691207886,0.0008409491274505854,0.9396608545816842,0.786359370313392,0.2,0.3,0.45
363,0.13135071098804474,0.06812883913516998,0.20675675570964813,0.000796569453086704,0.9398751841686153,0.7867270422725997,0.2,0.3,0.45
364,0.1321868747472763,0.06754642724990845,0.21140947937965393,0.0008117368561215699,0.939900409314087,0.7867770575674555,0.2,0.3,0.45
365,0.13348567485809326,0.06874121725559235,0.21212972700595856,0.0007370328530669212,0.9397074330749711,0.7864167380364655,0.2,0.3,0.45
366,0.13192608952522278,0.06842047721147537,0.2078770101070404,0.0007616697694174945,0.9394455061881267,0.785807713519536,0.2,0.3,0.4
367,0.13404236733913422,0.07175976783037186,0.2027793973684311,0.0009658504277467728,0.9392126815879599,0.7852725476723323,0.2,0.3,0.35
368,0.13226650655269623,0.07036294788122177,0.20261980593204498,0.0007450745324604213,0.9390031882917085,0.7849505157418337,0.2,0.3,0.35
369,0.13332071900367737,0.07017292827367783,0.2066228687763214,0.0007739441934973001,0.9386796933836064,0.7843224378883721,0.2,0.3,0.35
370,0.13088741898536682,0.06660110503435135,0.2097318023443222,0.0009111780091188848,0.9384155513216934,0.7838287440451487,0.2,0.3,0.35
371,0.1319493055343628,0.06742638349533081,0.21147575974464417,0.0007201225962489843,0.9383155838137153,0.7837260340569968,0.2,0.3,0.35
372,0.13230706751346588,0.06773461401462555,0.21120965480804443,0.0008063716813921928,0.9382348958717228,0.7836994473309183,0.2,0.4,0.45
373,0.13360795378684998,0.07044346630573273,0.2069219946861267,0.0007252577343024313,0.9384402986047232,0.7840198739361444,0.2,0.4,0.45
374,0.13266944885253906,0.07021722942590714,0.2048119604587555,0.0006724237464368343,0.9385782898527151,0.7843545905779222,0.2,0.4,0.5
375,0.13097229599952698,0.06835891306400299,0.2053469717502594,0.0006728534353896976,0.9388198827998174,0.78474589844751,0.2,0.4,0.5
376,0.1312011480331421,0.0680803433060646,0.20722965896129608,0.0006345986039377749,0.9390971362429624,0.785229470115452,0.4,0.4,0.6
377,0.13326288759708405,0.06967633962631226,0.20815302431583405,0.0007604298298247159,0.9392266014055806,0.7854744855364636,0.4,0.4,0.55
378,0.13178224861621857,0.068849116563797,0.20662127435207367,0.0006311633042059839,0.9391510199256882,0.7853510262438886,0.2,0.4,0.55
379,0.13322126865386963,0.07064180076122284,0.20464932918548584,0.0007897794712334871,0.9390365711397824,0.7852274765571913,0.2,0.4,0.55
380,0.13204734027385712,0.0696103423833847,0.2043202668428421,0.0007606010767631233,0.939061447021878,0.7853423926513241,0.4,0.4,0.55
381,0.12990455329418182,0.06700258702039719,0.2057226151227951,0.0007901210337877274,0.9390466237227321,0.7854342946715346,0.4,0.4,0.65
382,0.13145427405834198,0.06740033626556396,0.2095833718776703,0.000785950745921582,0.9389722482244457,0.7853831789334388,0.2,0.4,0.55
383,0.13187143206596375,0.06756807118654251,0.21073155105113983,0.0007225923473015428,0.938801400523658,0.7851065158397803,0.2,0.4,0.55
384,0.13248367607593536,0.06946849822998047,0.20696476101875305,0.0006171709392219782,0.9386192771520586,0.7847567969073876,0.2,0.4,0.5
385,0.1303987354040146,0.0687619000673294,0.2022857367992401,0.0006340727559290826,0.9385931425578794,0.7847609648486256,0.2,0.4,0.55
386,0.13026918470859528,0.06782384216785431,0.20446230471134186,0.0007377620786428452,0.9385913779094567,0.7848180347426232,0.2,0.4,0.6
387,0.13079887628555298,0.06723026931285858,0.20807944238185883,0.0007631779299117625,0.9386548417281445,0.7849685856268017,0.2,0.4,0.6
388,0.13135601580142975,0.0672893077135086,0.21054476499557495,0.0006021861336193979,0.9386044100769229,0.7849178580652268,0.2,0.4,0.6
389,0.13302798569202423,0.06922835856676102,0.20950232446193695,0.0006326110451482236,0.938681138353579,0.7849987447797484,0.2,0.4,0.6
390,0.133200004696846,0.06990507245063782,0.2077399343252182,0.0006486286292783916,0.9386225956984026,0.784848401173903,0.2,0.4,0.65
391,0.13298074901103973,0.07087481021881104,0.20363087952136993,0.0006777853122912347,0.9387978138190209,0.785113751303412,0.2,0.4,0.6
392,0.1310071051120758,0.068723663687706,0.2044411152601242,0.0006340733380056918,0.9390476626155404,0.7854784726903601,0.2,0.4,0.55
393,0.13166813552379608,0.06692596524953842,0.21226444840431213,0.0007085548131726682,0.9392295001211118,0.7857936307750107,0.2,0.4,0.6
394,0.13175375759601593,0.06588996946811676,0.21619553864002228,0.0006700887461192906,0.939230464922266,0.7856302783068334,0.2,0.4,0.6
395,0.13227960467338562,0.068316750228405,0.21021021902561188,0.0005998643464408815,0.9392171049246396,0.7855763023942837,0.2,0.3,0.6
396,0.13000932335853577,0.06752761453390121,0.20485910773277283,0.000682649202644825,0.939128247840254,0.7854298290198758,0.2,0.2,0.55
397,0.1305113434791565,0.06898113340139389,0.20201747119426727,0.000616649049334228,0.9391477130627263,0.7854994931857527,0.2,0.2,0.6
398,0.13156920671463013,0.06947075575590134,0.20415101945400238,0.000568765914067626,0.9390634376854544,0.7853923175459421,0.2,0.3,0.55
399,0.13202868402004242,0.06816217303276062,0.20968253910541534,0.0006411586073227227,0.9389446776073473,0.7851643620184446,0.2,0.4,0.4
400,0.13168099522590637,0.06642761081457138,0.2144296020269394,0.0006163297221064568,0.9387754879979774,0.7848285450386986,0.2,0.3,0.4
401,0.1321522742509842,0.06803186982870102,0.2102240025997162,0.0007021336350589991,0.9385939199976958,0.7844650410207288,0.2,0.3,0.45
402,0.13162779808044434,0.06961097568273544,0.2038346230983734,0.000577617553062737,0.9387454557316858,0.7845433387739852,0.2,0.3,0.45
403,0.1317063719034195,0.0708385482430458,0.1991814374923706,0.0007422558846883476,0.939010436237441,0.7846831720625281,0.2,0.2,0.4
404,0.13144421577453613,0.07047924399375916,0.2000977247953415,0.0006237626075744629,0.9392115584237734,0.7852894002555841,0.2,0.2,0.4
405,0.13284564018249512,0.06899616867303848,0.2097052037715912,0.0006252714665606618,0.9392555288317859,0.7856636218367373,0.2,0.3,0.4
406,0.13136997818946838,0.06635956466197968,0.2138911932706833,0.000562035187613219,0.9391974865682493,0.7855603164360531,0.2,0.4,0.4
407,0.13220451772212982,0.06775736063718796,0.21156682074069977,0.0006514130509458482,0.9389469204760951,0.7851743937449936,0.2,0.4,0.4
408,0.13351695239543915,0.07054055482149124,0.2069421261548996,0.0005958403344266117,0.9385663452400972,0.7844319952009133,0.2,0.4,0.5
409,0.13359016180038452,0.07207933813333511,0.20166881382465363,0.0006734529160894454,0.9383165970831342,0.7840190713082646,0.2,0.4,0.5
410,0.1325124353170395,0.07028307020664215,0.20373384654521942,0.000739477516617626,0.938103142051338,0.7836063545925416,0.2,0.4,0.5
411,0.13126088678836823,0.06718141585588455,0.21065311133861542,0.0005890275933779776,0.937826071771952,0.7831059944670581,0.2,0.4,0.5
412,0.1321621835231781,0.06699670851230621,0.21433651447296143,0.000576344842556864,0.9376571376482126,0.7827935153969814,0.2,0.4,0.55
413,0.1300591230392456,0.06519907712936401,0.21344289183616638,0.0005514544318430126,0.937690580476529,0.7828053072777464,0.2,0.4,0.55
414,0.13278837502002716,0.06916648149490356,0.20901460945606232,0.0006116761942394078,0.9378041697432894,0.7828895592327714,0.2,0.5,0.5
415,0.13093459606170654,0.06893672049045563,0.2033253014087677,0.0006668615387752652,0.9380658186722792,0.7832875976209988,0.2,0.4,0.55
416,0.1309935748577118,0.06987179815769196,0.20093785226345062,0.000560280866920948,0.9383133441112709,0.7838458040367999,0.2,0.4,0.55
417,0.13290734589099884,0.07032417505979538,0.20562225580215454,0.0005976667744107544,0.9386071749568716,0.7844081783938391,0.2,0.4,0.5
418,0.1325368583202362,0.06814016401767731,0.21170571446418762,0.0005899884272366762,0.9386641513423012,0.7845396757892261,0.2,0.4,0.55
419,0.13237689435482025,0.06796474754810333,0.21204827725887299,0.0005317730829119682,0.9386310081635743,0.7845454227446041,0.2,0.4,0.6
420,0.13212908804416656,0.06861887127161026,0.2086401879787445,0.0006121107144281268,0.9386876930090741,0.7845867139866985,0.2,0.4,0.55
421,0.13151797652244568,0.06914538890123367,0.20490629971027374,0.000600468716584146,0.9387524066574128,0.7846591479983834,0.2,0.4,0.55
422,0.13030382990837097,0.06820867210626602,0.20387834310531616,0.0006211025174707174,0.9387271931381447,0.7846382178358299,0.2,0.4,0.55
423,0.12925979495048523,0.06605379283428192,0.20792049169540405,0.0005532351788133383,0.9384832137940652,0.7841854007576298,0.4,0.4,0.55
424,0.13289903104305267,0.06823655962944031,0.21246927976608276,0.0006144523504190147,0.9380914996952395,0.7834247514250846,0.2,0.4,0.45
425,0.1315210908651352,0.06688912212848663,0.2127937525510788,0.0005292159039527178,0.9377696715821127,0.7828148340005762,0.2,0.4,0.45
426,0.13058742880821228,0.06686310470104218,0.2091047614812851,0.0006619326304644346,0.9375917075790723,0.7825048271833766,0.4,0.4,0.45
427,0.12956196069717407,0.06699959188699722,0.2059546709060669,0.0005173074314370751,0.9375308399759051,0.7823524902332485,0.2,0.4,0.4
428,0.13114246726036072,0.06914924830198288,0.20371778309345245,0.0005852619069628417,0.9375520834214649,0.7824245360746478,0.2,0.4,0.4
429,0.13139435648918152,0.0685313269495964,0.20686599612236023,0.000535493076313287,0.9377183751677598,0.7827264141043131,0.2,0.3,0.35
430,0.13171418011188507,0.06762783974409103,0.2109101563692093,0.0005421921378001571,0.9377918817127073,0.7829208187920562,0.2,0.3,0.35
431,0.131826713681221,0.06741248071193695,0.21182286739349365,0.0005782456719316542,0.9375705263627946,0.7825825295222393,0.2,0.3,0.4
432,0.13150560855865479,0.06733241677284241,0.21106423437595367,0.0005692866980098188,0.9373892813862257,0.7821488565327641,0.2,0.3,0.4
433,0.13068288564682007,0.06821304559707642,0.20579685270786285,0.00048719148617237806,0.9371224568889527,0.7816646892513052,0.2,0.3,0.4
434,0.13130271434783936,0.06972648203372955,0.20279723405838013,0.000491370155941695,0.9370639549728244,0.7815617722383854,0.2,0.3,0.4
435,0.13100461661815643,0.06796897947788239,0.20811599493026733,0.0004005566006526351,0.9368995071457731,0.7812008568990135,0.2,0.3,0.4
436,0.13032089173793793,0.06649904698133469,0.210146963596344,0.0005185032496228814,0.9369889040212742,0.7813027644614536,0.2,0.3,0.4
437,0.13121718168258667,0.06758906692266464,0.209842711687088,0.00045019882963970304,0.9371266506715529,0.7815927340875818,0.2,0.3,0.4
438,0.13121572136878967,0.06776119023561478,0.2088259756565094,0.0005378249916248024,0.9373801794059029,0.7821055979250818,0.2,0.4,0.4
439,0.13157247006893158,0.06844991445541382,0.2078845351934433,0.000504793890286237,0.9376322887440531,0.782550376830296,0.2,0.3,0.4
440,0.1307493895292282,0.06755319237709045,0.20832259953022003,0.00046627619303762913,0.9378891536903287,0.7831276367347206,0.2,0.3,0.45
441,0.13112898170948029,0.06707652658224106,0.21089063584804535,0.0005235079443082213,0.9379696993939749,0.7832834296797607,0.2,0.4,0.5
442,0.13077232241630554,0.06659690290689468,0.21104875206947327,0.0005738547188229859,0.9380088587842262,0.7833393991763851,0.2,0.4,0.55
443,0.13109910488128662,0.0677868202328682,0.20878979563713074,0.0004502307274378836,0.9381031935640327,0.7834446980024938,0.2,0.3,0.5
444,0.13044743239879608,0.06739179790019989,0.2076490819454193,0.0005072709755040705,0.9382248376869684,0.7837075760301405,0.2,0.3,0.5
445,0.13130182027816772,0.06809042394161224,0.20791183412075043,0.0005585678154602647,0.938429959775535,0.7840127288934904,0.2,0.3,0.5
446,0.13276036083698273,0.06919538974761963,0.20926633477210999,0.0005233786650933325,0.9384745108924601,0.7840428881153388,0.2,0.3,0.45
447,0.13233239948749542,0.06926698982715607,0.20745408535003662,0.0005527790635824203,0.9383496638490099,0.7836341321639282,0.2,0.4,0.5
448,0.131898432970047,0.0684981644153595,0.20850114524364471,0.0005666213692165911,0.9382395049220772,0.7834193926430941,0.2,0.4,0.5
449,0.13189363479614258,0.06833677738904953,0.20951935648918152,0.00046735620708204806,0.9380601532501083,0.7832503838599453,0.2,0.4,0.5
450,0.13160616159439087,0.0684102475643158,0.2083955854177475,0.00045148449135012925,0.9379528670350049,0.7829444544342821,0.2,0.4,0.5
451,0.1313144415616989,0.06889702379703522,0.2054484486579895,0.0005219157319515944,0.9381331057558181,0.7834155224116566,0.2,0.4,0.5
452,0.13138121366500854,0.06897266954183578,0.20577038824558258,0.0004516106564551592,0.9383951167996799,0.7840119262661425,0.2,0.4,0.55
453,0.13065901398658752,0.06754899024963379,0.20785535871982574,0.0005022768164053559,0.9385644216123811,0.7843164836866036,0.2,0.3,0.55
454,0.13173730671405792,0.06774535030126572,0.21073390543460846,0.0005145171307958663,0.9385026256200065,0.7840848652378071,0.2,0.3,0.4
455,0.1301911622285843,0.06619913130998611,0.21087712049484253,0.0004859304754063487,0.9382600234794012,0.7836147810081804,0.2,0.3,0.4
456,0.1327311396598816,0.06914424896240234,0.20941032469272614,0.0005091963103041053,0.9382478852946352,0.783703705798703,0.2,0.4,0.45
457,0.13064143061637878,0.06823267042636871,0.20577415823936462,0.0004510037833824754,0.9382705244541274,0.7836006981004405,0.2,0.4,0.45
458,0.1322159618139267,0.06958208233118057,0.2063285857439041,0.0004902014625258744,0.9383296445301786,0.7837020100640896,0.2,0.4,0.4
459,0.12922823429107666,0.06534913927316666,0.21046124398708344,0.0004938113852404058,0.9383072366869389,0.7837069806099194,0.2,0.3,0.5
460,0.12985287606716156,0.06624045968055725,0.21014294028282166,0.0003796927921939641,0.9382766263337395,0.7836206446778498,0.2,0.3,0.5
461,0.13104049861431122,0.06736660748720169,0.2093057781457901,0.000588105118367821,0.9382353045634559,0.7835595235685291,0.2,0.3,0.5
462,0.13158902525901794,0.06873942911624908,0.20736394822597504,0.00042694309377111495,0.9380906139935189,0.7833756292568381,0.2,0.4,0.5
463,0.1304554045200348,0.06804240494966507,0.205742746591568,0.0004601146501954645,0.9380229381900743,0.7832459182086189,0.2,0.4,0.5
464,0.13081732392311096,0.06785031408071518,0.2074708789587021,0.0004838344466406852,0.9380467938041904,0.7832509792801222,0.2,0.4,0.5
465,0.1313796043395996,0.06734519451856613,0.21143771708011627,0.00040206045377999544,0.9380635899224552,0.783364911692857,0.2,0.4,0.5
466,0.1293918788433075,0.06461721658706665,0.21330441534519196,0.0005222121835686266,0.9378434119435463,0.7828842004511797,0.2,0.4,0.5
467,0.13203904032707214,0.06851570308208466,0.20952236652374268,0.00044441045611165464,0.9374514737059135,0.7822431399961721,0.2,0.4,0.5
468,0.13129779696464539,0.06875716894865036,0.20594832301139832,0.0005040824762545526,0.9373262644333875,0.7820908030655208,0.2,0.4,0.5
469,0.12998664379119873,0.06689158082008362,0.20748507976531982,0.0005663615302182734,0.9375669159112455,0.7826752079691037,0.2,0.5,0.5
470,0.13015365600585938,0.06567845493555069,0.21256659924983978,0.0004701440630014986,0.9376029100108159,0.7828529408918948,0.2,0.5,0.5
471,0.1305411458015442,0.06553278863430023,0.21431085467338562,0.00047673797234892845,0.9374860890188944,0.7827528197054939,0.2,0.4,0.5
472,0.1294611245393753,0.06621669232845306,0.2088199406862259,0.0003989655524492264,0.9373784906906877,0.7825911631154462,0.2,0.4,0.5
473,0.13154272735118866,0.06962075084447861,0.2038552463054657,0.0005102631403133273,0.937262350145074,0.782442010350043,0.2,0.4,0.4
474,0.13073104619979858,0.0684109553694725,0.20517131686210632,0.000512464961502701,0.9371714924036632,0.7823389120242827,0.2,0.3,0.35
475,0.13146619498729706,0.06766746193170547,0.21023790538311005,0.00048489999608136714,0.937144366833279,0.7823003003374045,0.2,0.3,0.35
476,0.12980066239833832,0.06549809873104095,0.212188720703125,0.0004306382033973932,0.9372733161953448,0.7823725532692828,0.2,0.3,0.35
477,0.13025738298892975,0.0664171352982521,0.2106243073940277,0.00043529990944080055,0.9375423867922449,0.7826664837734242,0.2,0.3,0.3
478,0.13162438571453094,0.06909947842359543,0.20641972124576569,0.0003993225400336087,0.9377244258353336,0.7830585679890649,0.2,0.3,0.3
479,0.1294446885585785,0.06715162843465805,0.20543250441551208,0.0004422093625180423,0.9378451256806476,0.7832559497923829,0.2,0.3,0.3
480,0.12986059486865997,0.0672282874584198,0.20662543177604675,0.00042978086275979877,0.9378287572517188,0.7831729792369542,0.2,0.2,0.25
481,0.13018222153186798,0.06623297184705734,0.2108241319656372,0.00046801031567156315,0.9377360166216391,0.7829633913347014,0.2,0.3,0.25
482,0.13193196058273315,0.06720057874917984,0.21346904337406158,0.00046044649207033217,0.937551925652424,0.7826456440656833,0.2,0.3,0.35
483,0.13002334535121918,0.06606056541204453,0.21106301248073578,0.0004292418307159096,0.9374705239612051,0.7823159883440617,0.2,0.3,0.3
484,0.12980450689792633,0.06716207414865494,0.20664934813976288,0.00043174708844162524,0.937355689865201,0.7819980339222921,0.2,0.3,0.35
485,0.13005822896957397,0.06819242984056473,0.20382365584373474,0.0004791279206983745,0.9374143695869288,0.7822157506659982,0.2,0.3,0.3
486,0.13046510517597198,0.06787814199924469,0.20635274052619934,0.00045409786980599165,0.9373167692920208,0.7822098871008918,0.2,0.4,0.3
487,0.13056421279907227,0.06710273772478104,0.20968618988990784,0.0003704047412611544,0.9372420534774341,0.7821967878570009,0.2,0.4,0.35
488,0.13179750740528107,0.06819497793912888,0.2102549970149994,0.0003506862558424473,0.9371610479993701,0.7820857419940175,0.4,0.4,0.4
489,0.13263025879859924,0.06887686997652054,0.21050843596458435,0.0004005605005659163,0.9370245482409019,0.7818217895237083,0.4,0.4,0.5
490,0.13193292915821075,0.06863716244697571,0.20884279906749725,0.00042861298425123096,0.9369474668687536,0.7816481081640293,0.2,0.5,0.55
491,0.12923912703990936,0.0665867030620575,0.20666442811489105,0.000435388064943254,0.9370764450925221,0.781796872540405,0.2,0.5,0.5
492,0.13100920617580414,0.06752768903970718,0.20985035598278046,0.0003509449597913772,0.9373131514043086,0.7822258728097582,0.2,0.5,0.5
493,0.13040843605995178,0.0653396025300026,0.2147091031074524,0.00043739393004216254,0.9374842387023888,0.7824554073050193,0.2,0.4,0.55
494,0.12939411401748657,0.06457483023405075,0.2142622172832489,0.0003604108060244471,0.9375873424604569,0.7825454063705494,0.2,0.3,0.55
495,0.1298706829547882,0.06646766513586044,0.20903125405311584,0.0004624362336471677,0.9374157117749942,0.782195118030168,0.2,0.3,0.55
496,0.13142076134681702,0.06926088035106659,0.20445616543293,0.0005486832233145833,0.9373954835473776,0.7822318270119699,0.2,0.2,0.55
497,0.12974393367767334,0.06811534613370895,0.2038789987564087,0.00030991967651061714,0.9376028342640169,0.7826263835146016,0.2,0.2,0.55
498,0.12945619225502014,0.06577204912900925,0.2106146216392517,0.00033317040652036667,0.9378250753080629,0.7830636290609448,0.2,0.2,0.5
499,0.13165119290351868,0.0663946345448494,0.21523897349834442,0.00045656831935048103,0.93781088271203,0.7830723532270657,0.2,0.3,0.55
500,0.12924139201641083,0.06494495272636414,0.21248087286949158,0.00036812303005717695,0.9377288288920383,0.7829067358326665,0.2,0.3,0.5
501,0.1309802085161209,0.06830768287181854,0.2068743109703064,0.0004068248672410846,0.9376657150027783,0.7827441861122869,0.2,0.3,0.5
502,0.1291886866092682,0.06733729690313339,0.20392149686813354,0.00044995115604251623,0.9377071091100694,0.7829520783513411,0.2,0.4,0.5
503,0.1299225240945816,0.06714726984500885,0.20727789402008057,0.0003945968928746879,0.9377743140571568,0.7832087044475654,0.4,0.4,0.45
504,0.13119304180145264,0.06636984646320343,0.21444256603717804,0.0003269463777542114,0.9376103609628408,0.7829875058518639,0.4,0.4,0.45
505,0.13063158094882965,0.06540398299694061,0.2157483696937561,0.00033538445131853223,0.9376458262961701,0.7829797653895648,0.4,0.4,0.4
506,0.12992440164089203,0.06553484499454498,0.2123478651046753,0.0004567985306493938,0.9375879995822066,0.7828002462062431,0.4,0.3,0.45
507,0.13227224349975586,0.0698193833231926,0.20643873512744904,0.0003474972618278116,0.9374911196696458,0.782515933071795,0.4,0.3,0.5
508,0.12966802716255188,0.0679498016834259,0.2038651406764984,0.0003724503330886364,0.9374747101363778,0.7823962536162472,0.4,0.3,0.5
509,0.1320389211177826,0.06852364540100098,0.20992226898670197,0.0003590622218325734,0.9373073217017001,0.78188082679159,0.2,0.3,0.35
510,0.129402756690979,0.06516395509243011,0.2122640162706375,0.00037306733429431915,0.9369124392029762,0.7812126745921161,0.4,0.4,0.55
511,0.13100382685661316,0.0675768256187439,0.20982788503170013,0.00031908071832731366,0.9365146603749688,0.7804858479788089,0.4,0.3,0.55
512,0.1323985606431961,0.06943266838788986,0.20758318901062012,0.00046062516048550606,0.9359438536861532,0.779397717605607,0.4,0.4,0.5
513,0.12999698519706726,0.06791335344314575,0.20500141382217407,0.0003888042119797319,0.9358615419942209,0.7792823220914105,0.4,0.3,0.55
514,0.1302473098039627,0.06765954941511154,0.20692291855812073,0.0003405910392757505,0.9361837082964914,0.779982627126499,0.4,0.3,0.55
515,0.13094361126422882,0.06709587574005127,0.2114516794681549,0.0002748209808487445,0.936623350455668,0.7807409855245913,0.2,0.3,0.55
516,0.1311056911945343,0.06660564243793488,0.21316713094711304,0.0003666115226224065,0.936898670642938,0.7811865668137054,0.2,0.3,0.55
517,0.1298619657754898,0.06604880839586258,0.2109188735485077,0.000358336343197152,0.9372245759386539,0.7817311692787006,0.2,0.2,0.45
518,0.1297684907913208,0.0671122595667839,0.2070290744304657,0.0003650003345683217,0.9374414940042345,0.7821859796549397,0.2,0.2,0.45
519,0.13073982298374176,0.06720253080129623,0.20991414785385132,0.00037535809678956866,0.9374025845053504,0.7821234605317169,0.2,0.2,0.5
520,0.13065066933631897,0.06596097350120544,0.21380352973937988,0.0003657540655694902,0.9371442144225076,0.7816979421084871,0.2,0.2,0.45
521,0.12994001805782318,0.06494441628456116,0.2149941772222519,0.000331566552631557,0.9365914349924278,0.7807314588017615,0.2,0.3,0.45
522,0.13080516457557678,0.06751518696546555,0.2092270702123642,0.0003479054430499673,0.9360659906503935,0.7798067712671063,0.2,0.3,0.45
523,0.1299452930688858,0.06780127435922623,0.2053169161081314,0.00036596303107216954,0.9360566737293142,0.7797236193302899,0.2,0.4,0.45
524,0.12972654402256012,0.06734009087085724,0.20635926723480225,0.00031911538098938763,0.9359316779361962,0.7795358550866374,0.2,0.3,0.45
525,0.13054931163787842,0.06686925143003464,0.21060685813426971,0.0003319986572023481,0.9357111787602961,0.7791122136308053,0.2,0.3,0.45
526,0.1296909749507904,0.06480148434638977,0.21441496908664703,0.00037666622665710747,0.9355217664604636,0.7786829156832931,0.4,0.3,0.45
527,0.13016554713249207,0.0654568150639534,0.21372419595718384,0.0003943138290196657,0.9353557984038666,0.7784319460787489,0.4,0.3,0.45
528,0.13092868030071259,0.06785432994365692,0.208528533577919,0.00034386146580800414,0.9349744199031383,0.77788704565809,0.4,0.3,0.45
529,0.12963034212589264,0.06816636025905609,0.20329520106315613,0.00031694307108409703,0.935087825956721,0.778226526117734,0.2,0.3,0.45
530,0.1306440681219101,0.06833898276090622,0.2059074491262436,0.0003552301204763353,0.9350959861520872,0.7782941063078069,0.2,0.3,0.3
531,0.12981772422790527,0.06554718315601349,0.21284431219100952,0.0002781677176244557,0.9351647342231454,0.7784601376209664,0.2,0.3,0.35
532,0.1290961056947708,0.06404129415750504,0.2151733636856079,0.000335210730554536,0.9354558971900534,0.778923167724654,0.2,0.3,0.3
533,0.13019928336143494,0.06587624549865723,0.2129710614681244,0.00028780961292795837,0.9355239880176044,0.7788412065625154,0.2,0.3,0.25
534,0.1299373209476471,0.06705852597951889,0.2076224982738495,0.00039469488547183573,0.9352904983874144,0.7783895803247578,0.2,0.3,0.25
535,0.13112930953502655,0.06874009966850281,0.20616576075553894,0.0003596562601160258,0.9350849000843793,0.777963945819741,0.2,0.3,0.25
536,0.13028883934020996,0.06721813231706619,0.20877432823181152,0.00029227256891317666,0.9348725485526339,0.777500229236811,0.2,0.2,0.25
537,0.12946046888828278,0.06501118093729019,0.21308401226997375,0.00034939084434881806,0.9346783460023851,0.7769677168366029,0.2,0.2,0.25
538,0.12921719253063202,0.06454384326934814,0.21424558758735657,0.00026643791352398694,0.9345198359610098,0.776585159344501,0.2,0.2,0.25
539,0.1304784119129181,0.06704297661781311,0.20950040221214294,0.00039021080010570586,0.9348036926498828,0.7771351209335593,0.2,0.2,0.25
540,0.13133662939071655,0.06778457760810852,0.21039323508739471,0.0002893796481657773,0.9352076033798669,0.7777152669242824,0.2,0.2,0.2
541,0.1298137605190277,0.06589927524328232,0.21112515032291412,0.00038462915108539164,0.935435615371751,0.7783234886802078,0.2,0.2,0.2
542,0.1290050894021988,0.0648982971906662,0.2118847370147705,0.0003609131963457912,0.9353479253643724,0.7783149460139969,0.2,0.2,0.25
543,0.12928731739521027,0.06507334858179092,0.2123541533946991,0.0003384837182238698,0.9352404357203612,0.7781921985214397,0.2,0.3,0.3
544,0.13083870708942413,0.06657476723194122,0.21269826591014862,0.00030296752811409533,0.9350146538180603,0.7779216709871843,0.2,0.3,0.4
545,0.12912993133068085,0.06595778465270996,0.20871010422706604,0.0003727370058186352,0.935155336813711,0.7781988390795103,0.2,0.3,0.4
546,0.1305846869945526,0.06822794675827026,0.20648711919784546,0.0002737388131208718,0.9355989426416381,0.7789861913863704,0.2,0.3,0.4
547,0.1298297792673111,0.06726451218128204,0.20685669779777527,0.00033884006552398205,0.9361026063121229,0.7798701835159413,0.0,0.3,0.4
548,0.12900300323963165,0.0653238371014595,0.21064281463623047,0.000324223714414984,0.936532912674418,0.780676680145491,0.0,0.3,0.5
549,0.13046826422214508,0.06559573858976364,0.21447306871414185,0.00035373790888115764,0.9368640574649415,0.7812965125495966,0.0,0.2,0.55
550,0.13028782606124878,0.06532955914735794,0.21497651934623718,0.00031020038295537233,0.9371499124892178,0.7817880319055902,0.0,0.2,0.55
551,0.13058824837207794,0.06595361977815628,0.21398231387138367,0.0002932892239186913,0.937112557318132,0.7816902923208154,0.0,0.2,0.55
552,0.1297646164894104,0.06566274166107178,0.21171703934669495,0.0003911770472768694,0.9369291000966498,0.7813292606593236,0.0,0.3,0.55
553,0.1301528513431549,0.0677003413438797,0.2067386955022812,0.00028726024902425706,0.9367724910320282,0.7810419704239914,0.0,0.3,0.55
554,0.12791942059993744,0.06551505625247955,0.20628850162029266,0.00034520725603215396,0.9364182833466507,0.7804202609890591,0.2,0.3,0.5
555,0.13005192577838898,0.06665804982185364,0.20930269360542297,0.00040204665856435895,0.936122527476742,0.7798288018136499,0.2,0.3,0.5
556,0.1295461654663086,0.06607967615127563,0.21016556024551392,0.0002778720227070153,0.935811955728255,0.779204024326499,0.2,0.3,0.5
557,0.13112668693065643,0.06744886934757233,0.2108476608991623,0.0002823340764734894,0.9354993648926208,0.7786778546117897,0.2,0.3,0.45
558,0.13052986562252045,0.06707582622766495,0.210443377494812,0.00021401391131803393,0.9353212360001075,0.7783443283879489,0.2,0.3,0.5
559,0.12996704876422882,0.06678630411624908,0.20911914110183716,0.000296659127343446,0.9351147399391875,0.7780017550009714,0.2,0.4,0.55
560,0.12903328239917755,0.06562922894954681,0.20967301726341248,0.00033477364922873676,0.9352565713717147,0.778248763442451,0.0,0.3,0.55
561,0.12764303386211395,0.06403546780347824,0.21039274334907532,0.00032649931381456554,0.9353392422481773,0.778408426981763,0.2,0.3,0.5
562,0.1300613135099411,0.06633836776018143,0.21092289686203003,0.00029737604199908674,0.9353681499384805,0.7784910994724673,0.2,0.2,0.5
563,0.13109149038791656,0.06619743257761002,0.2147626429796219,0.00031016921275295317,0.9350967910492107,0.7780025571809971,0.2,0.2,0.55
564,0.1303931027650833,0.06573008000850677,0.21407932043075562,0.0002928139583673328,0.9348399436960937,0.7774445574419879,0.2,0.4,0.55
565,0.12987875938415527,0.0660550445318222,0.21109047532081604,0.000331045564962551,0.9345245386599642,0.7768692658245937,0.2,0.4,0.55
566,0.12875893712043762,0.06569471955299377,0.2084592878818512,0.0003509520902298391,0.9342891247282842,0.7764267775656697,0.2,0.4,0.55
567,0.1314406841993332,0.06841550022363663,0.20859317481517792,0.0002981503785122186,0.9343325139480166,0.7764209144314221,0.2,0.3,0.3
568,0.12995655834674835,0.06676651537418365,0.20897717773914337,0.0003312547050882131,0.9341769731893479,0.776205578953505,0.2,0.4,0.3
569,0.13005082309246063,0.06607093662023544,0.21173304319381714,0.0003066490462515503,0.9338731533218981,0.7757401669320343,0.2,0.4,0.35
570,0.13086262345314026,0.06711926311254501,0.21088892221450806,0.00031779558048583567,0.9338536365947854,0.7756700895884084,0.2,0.4,0.3
571,0.1293044090270996,0.06584018468856812,0.21005746722221375,0.0002979851560667157,0.9341780851572307,0.7762719683081655,0.2,0.4,0.3
572,0.13089537620544434,0.06693238765001297,0.21194837987422943,0.0002523174334783107,0.9345118336566486,0.7768781971272465,0.2,0.3,0.35
573,0.13089516758918762,0.06705119460821152,0.21127328276634216,0.00030799946398474276,0.9348090090442973,0.7773704276189349,0.0,0.2,0.35
574,0.13021500408649445,0.06729723513126373,0.2081994116306305,0.00030529170180670917,0.9351053169481753,0.7779007403231769,0.0,0.2,0.35
575,0.13088902831077576,0.06789181381464005,0.20822462439537048,0.0003532213740982115,0.9353934133875154,0.7785453736224397,0.0,0.2,0.35
576,0.12781324982643127,0.06409583240747452,0.21101464331150055,0.0002753504959400743,0.9355301554715084,0.7788827950932694,0.0,0.1,0.35
577,0.12977610528469086,0.06529689580202103,0.213282972574234,0.00032954386551864445,0.9355967828266585,0.778885656253512,0.2,0.4,0.3
578,0.1264808624982834,0.06258967518806458,0.21150816977024078,0.00029248977079987526,0.9355632579266053,0.7787275721965572,0.0,0.2,0.25
579,0.13102276623249054,0.06768617779016495,0.20959508419036865,0.00030537403654307127,0.9353470181646473,0.7782636489479803,0.0,0.2,0.25
580,0.12843213975429535,0.06555142253637314,0.20811830461025238,0.0002968202461488545,0.9348623109300755,0.7771964492117753,0.0,0.1,0.2
581,0.12929695844650269,0.0665118545293808,0.2079743593931198,0.0002618652069941163,0.9340924611377867,0.7760577081235408,0.0,0.2,0.3
582,0.1290476769208908,0.06545806676149368,0.21069727838039398,0.0002536176180001348,0.9335806190698337,0.7753967917272321,0.2,0.4,0.3
583,0.12842755019664764,0.06391377002000809,0.21389971673488617,0.00022924017684999853,0.9330029418297081,0.7744152415656871,0.2,0.4,0.45
584,0.12977167963981628,0.06522193551063538,0.21391263604164124,0.0002506398013792932,0.932525316368913,0.7735745082759684,0.2,0.4,0.4
585,0.1273232251405716,0.06420426815748215,0.20919811725616455,0.00023967798915691674,0.9324743119816091,0.7735313403131464,0.2,0.3,0.5
586,0.13062335550785065,0.06848157197237015,0.20571096241474152,0.00028566550463438034,0.9328892478894498,0.7742642113223791,0.0,0.3,0.55
587,0.12870851159095764,0.06612205505371094,0.20686295628547668,0.0003517064906191081,0.933626945349489,0.7755933047070328,0.0,0.3,0.55
588,0.12862609326839447,0.06430136412382126,0.2132357358932495,0.0002360009093536064,0.9340810587440218,0.7764074264084817,0.0,0.3,0.55
589,0.12937864661216736,0.0640619620680809,0.21677608788013458,0.00018923069001175463,0.9342632105548532,0.7767941518421319,0.0,0.2,0.5
590,0.12909939885139465,0.0646875649690628,0.21350045502185822,0.00024113051767926663,0.9341506788774482,0.7766335950403961,0.0,0.2,0.5
591,0.12966744601726532,0.0670703649520874,0.2071126252412796,0.00030886245076544583,0.9338910257344747,0.7761430598302821,0.0,0.1,0.45
592,0.12926243245601654,0.06784418225288391,0.20337210595607758,0.0002710768603719771,0.9338550413772556,0.7761293651651952,0.0,0.2,0.5
593,0.12802204489707947,0.06532426923513412,0.20769432187080383,0.00025964630185626447,0.9338293075022851,0.7760910516534446,0.0,0.2,0.55
594,0.12932758033275604,0.06373387575149536,0.21716928482055664,0.00029527026345022023,0.9336299239035539,0.7757227842740599,0.0,0.2,0.55
595,0.12868954241275787,0.06237015873193741,0.2196667194366455,0.0002795724431052804,0.9333822496501113,0.7752616313470861,0.0,0.2,0.55
596,0.12926332652568817,0.06502699106931686,0.21252620220184326,0.00031897533335722983,0.933424865870975,0.7752500206536374,0.0,0.1,0.55
597,0.13025090098381042,0.06779520958662033,0.20696687698364258,0.00024375332577619702,0.9337460318122761,0.7757162346521146,0.0,0.1,0.5
598,0.13024413585662842,0.06868287175893784,0.2036486119031906,0.0003111210826318711,0.9341763958899999,0.776405549078715,0.0,0.1,0.55
599,0.12918820977210999,0.06597137451171875,0.2092418223619461,0.00029619349515996873,0.9344014230763055,0.7768180596893842,0.0,0.1,0.55
600,0.12909236550331116,0.06378720700740814,0.2163320779800415,0.00027036116807721555,0.9345937260462621,0.777113206064245,0.0,0.1,0.55
601,0.1296822875738144,0.06446991115808487,0.21600043773651123,0.0002748293918557465,0.9346382112807575,0.7770704268247548,0.0,0.1,0.55
602,0.12853656709194183,0.06522472202777863,0.20957458019256592,0.0002929774345830083,0.9344942489519791,0.7766861741202109,0.0,0.1,0.55
603,0.1290065497159958,0.06743092834949493,0.2037108689546585,0.00030823625274933875,0.9341093779392159,0.7760498765656689,0.0,0.1,0.55
604,0.12976433336734772,0.06758524477481842,0.20579710602760315,0.0002933013020083308,0.9339470744689116,0.7757875939582434,0.0,0.1,0.55
605,0.12836076319217682,0.06398145109415054,0.21339021623134613,0.00024150261015165597,0.9338745595169122,0.7755950666461247,0.0,0.2,0.5
606,0.12859618663787842,0.06292850524187088,0.21766740083694458,0.00024497893173247576,0.9337540456856356,0.7752630287433924,0.0,0.2,0.5
607,0.13048824667930603,0.06558525562286377,0.21494700014591217,0.00027926257462240756,0.9336217071376054,0.7750331965380206,0.0,0.1,0.5
608,0.1286780834197998,0.06547050923109055,0.2092798799276352,0.00028240960091352463,0.9335747007037183,0.7750086931358848,0.0,0.1,0.5
609,0.1301429271697998,0.067866750061512,0.20586179196834564,0.0003450945077929646,0.9335847078707012,0.7750739828231707,0.0,0.1,0.5
610,0.12990786135196686,0.06661022454500198,0.20969709753990173,0.0002590024087112397,0.9336420506981841,0.7752914023559289,0.0,0.2,0.5
611,0.1285744607448578,0.06396588683128357,0.21387752890586853,0.00029686669586226344,0.9335953073727812,0.7753268298564516,0.0,0.1,0.55
612,0.12814047932624817,0.06353304535150528,0.2140716165304184,0.0002572904049884528,0.9337075819008515,0.7755942889669902,0.0,0.1,0.55
613,0.12801899015903473,0.06436808407306671,0.21075472235679626,0.0002829967124853283,0.9335145522732046,0.7752842573138065,0.0,0.1,0.45
614,0.12911619246006012,0.0664079338312149,0.20733968913555145,0.00033757241908460855,0.9332528546324468,0.7748722265514231,0.0,0.1,0.5
615,0.12777544558048248,0.0654396042227745,0.20601969957351685,0.0003532851696945727,0.9328713184272417,0.7742007990688244,0.0,0.3,0.45
616,0.12903596460819244,0.06485801935195923,0.21239310503005981,0.00030668062390759587,0.9326880151919953,0.7738209209677178,0.2,0.4,0.3
617,0.12908324599266052,0.06383843719959259,0.21619130671024323,0.00025827664649114013,0.9322631895124655,0.7731689358255364,0.0,0.3,0.45
618,0.12933826446533203,0.06463270634412766,0.2143651396036148,0.00026401187642477453,0.9319505343127154,0.7726117138499943,0.0,0.2,0.45
619,0.13039810955524445,0.06733693182468414,0.2092912197113037,0.00018253469897899777,0.9320113046788159,0.7726876299225433,0.0,0.2,0.45
620,0.1282101422548294,0.0660438984632492,0.20573283731937408,0.0002975975803565234,0.9324014162822316,0.773254469930909,0.0,0.2,0.45
621,0.12935933470726013,0.06667527556419373,0.2074936032295227,0.00029065232956781983,0.93246431145565,0.7732812638388674,0.0,0.1,0.45
622,0.12857374548912048,0.06489336490631104,0.21097899973392487,0.0002577922132331878,0.9325390524703612,0.7733751576375238,0.0,0.1,0.5
623,0.13006868958473206,0.06500609964132309,0.2158854603767395,0.00019796939159277827,0.9324853500032249,0.7732103175309076,0.0,0.2,0.4
624,0.12897545099258423,0.06466476619243622,0.21312448382377625,0.00024888585903681815,0.9321929089043458,0.7725508896359615,0.0,0.1,0.45
625,0.12954476475715637,0.06670524179935455,0.20820195972919464,0.0002526210155338049,0.9317540807268262,0.7718287363174304,0.0,0.1,0.45
626,0.12998755276203156,0.0679001435637474,0.20576618611812592,0.00023836629407014698,0.9314570514665421,0.771226468808542,0.0,0.4,0.4
627,0.12958544492721558,0.06660361588001251,0.2088107466697693,0.0002257284359075129,0.93126044736129,0.7709623999601068,0.2,0.4,0.35
628,0.12956109642982483,0.06531746685504913,0.21297714114189148,0.00023365327797364444,0.931043833923119,0.7706340257325714,0.4,0.4,0.3
629,0.12892216444015503,0.06413831561803818,0.21498852968215942,0.00019152516324538738,0.9309358964392346,0.7704565905198688,0.4,0.4,0.35
630,0.12581868469715118,0.061831243336200714,0.21257181465625763,0.00014393858145922422,0.9309843770698412,0.7705277432310029,0.4,0.4,0.35
631,0.12915919721126556,0.06597000360488892,0.2097262442111969,0.00018088445358444005,0.9315053482102248,0.7713809803444357,0.4,0.4,0.4
632,0.12856848537921906,0.06568226963281631,0.20854271948337555,0.00021559683955274522,0.9320542638305258,0.772389919834116,0.4,0.4,0.35
633,0.12745535373687744,0.06353441625833511,0.21183814108371735,0.0002463246346451342,0.9323201391710507,0.7729676837907807,0.2,0.3,0.45
634,0.12835048139095306,0.06423678249120712,0.21268205344676971,0.0002060516271740198,0.9326609623241991,0.7736030884444574,0.2,0.4,0.35
635,0.1302439421415329,0.06480486690998077,0.2170277088880539,0.0002205091150244698,0.932663195028083,0.7736346457138307,0.2,0.4,0.35
636,0.13063426315784454,0.06576269119977951,0.2150210589170456,0.00024349147861357778,0.9323461160041127,0.7730797141090021,0.2,0.4,0.35
637,0.12845894694328308,0.06573852151632309,0.2079707384109497,0.00021946550987195224,0.9320025010009949,0.7725021565374531,0.2,0.4,0.35
638,0.12955549359321594,0.06703348457813263,0.20703652501106262,0.00027402842533774674,0.9317538439225888,0.7721823245190571,0.2,0.4,0.35
639,0.12822607159614563,0.06417268514633179,0.21240448951721191,0.00022134918253868818,0.931543969148603,0.7717426066857227,0.2,0.4,0.35
640,0.12847131490707397,0.0638020858168602,0.21444901823997498,0.00022302416618913412,0.9315116409749068,0.7716833623737163,0.2,0.4,0.35
641,0.12775619328022003,0.06383895128965378,0.21211613714694977,0.00018825865117833018,0.930961377800198,0.7708633772475713,0.4,0.4,0.35
642,0.13007332384586334,0.06718824803829193,0.2085166871547699,0.00022005104983691126,0.9309073882339683,0.7706948733124387,0.2,0.4,0.35
643,0.1291661113500595,0.06663303077220917,0.2075192630290985,0.00018486588669475168,0.9313040505392791,0.7714175072449637,0.2,0.4,0.35
644,0.1265634447336197,0.06316342204809189,0.21036511659622192,0.00019365083426237106,0.9316468580798121,0.7721435308183662,0.2,0.2,0.5
645,0.12835624814033508,0.06351624429225922,0.21495284140110016,0.000236095191212371,0.9323267112977719,0.7731280582273472,0.2,0.4,0.45
646,0.12951089441776276,0.06443165987730026,0.2156422883272171,0.00025770076899789274,0.9325112508459188,0.7733815921386674,0.2,0.3,0.45
647,0.13131336867809296,0.0677696019411087,0.21094588935375214,0.00017333334835711867,0.9326187068707641,0.773561020041177,0.2,0.3,0.5
648,0.12852610647678375,0.06598076224327087,0.2072865068912506,0.0002395867049926892,0.9329085873137815,0.7739650126612411,0.2,0.3,0.45
649,0.12896476686000824,0.06576447933912277,0.20958945155143738,0.0002156347909476608,0.9331353947286053,0.7742351269621885,0.2,0.4,0.35
650,0.13029682636260986,0.06578389555215836,0.21384429931640625,0.0002397638454567641,0.9325893194914933,0.7734319051436117,0.2,0.3,0.45
651,0.12784191966056824,0.06327764689922333,0.21382640302181244,0.00027755842893384397,0.9319052467384975,0.7723848587626128,0.2,0.3,0.5
652,0.1289137750864029,0.0645788386464119,0.21339896321296692,0.00021015765378251672,0.931052998912082,0.7709476292151375,0.4,0.4,0.5
653,0.12801839411258698,0.06386519968509674,0.2127014547586441,0.00022850121604278684,0.930231835055821,0.7696721244368627,0.2,0.3,0.5
654,0.1282499134540558,0.06479281932115555,0.20995990931987762,0.0003127488598693162,0.9297871933073374,0.7689867958133031,0.2,0.4,0.55
655,0.12910041213035583,0.06616784632205963,0.20854724943637848,0.0002455911017023027,0.9307480831598576,0.7705458120411703,0.4,0.3,0.5
656,0.130308136343956,0.0662304013967514,0.21264532208442688,0.0001894244342111051,0.931756886824953,0.7722058436177932,0.4,0.4,0.45
657,0.12953037023544312,0.06458106637001038,0.21517978608608246,0.0002635735727380961,0.9323677520015142,0.7732591419890437,0.2,0.4,0.55
658,0.1274266093969345,0.06255937367677689,0.21499522030353546,0.0002457757946103811,0.9326936848114582,0.7737845090700455,0.0,0.3,0.55
659,0.1273524910211563,0.06348497420549393,0.21141530573368073,0.0002952804497908801,0.9326411897304724,0.7737084778157606,0.0,0.3,0.55
660,0.12776117026805878,0.06407257169485092,0.21080996096134186,0.0002970741188619286,0.9320862660007131,0.7730014163557457,0.0,0.3,0.5
661,0.12803125381469727,0.0648711547255516,0.20978140830993652,0.00015043873281683773,0.9316753288987063,0.7723917060946466,0.0,0.2,0.55
662,0.12871436774730682,0.06547713279724121,0.20964929461479187,0.0002282931818626821,0.9319771267324816,0.7728789661778264,0.0,0.3,0.55
663,0.1295362412929535,0.06620947271585464,0.20999503135681152,0.00021883439330849797,0.9322519093933765,0.7733226455411588,0.0,0.3,0.5
664,0.13045404851436615,0.06669209152460098,0.21165180206298828,0.0001776106801116839,0.9321184318424406,0.7731874851610128,0.0,0.2,0.5
665,0.12891466915607452,0.06477341055870056,0.2125931829214096,0.00024220308114308864,0.9323196029194964,0.7733673020544228,0.0,0.3,0.45
666,0.12728168070316315,0.06265820562839508,0.21423983573913574,0.0002343477972317487,0.9318678901624805,0.7725243020781445,0.0,0.3,0.45
667,0.12695322930812836,0.06170742213726044,0.21631009876728058,0.00023518805392086506,0.9312983005454841,0.7716402858314559,0.0,0.4,0.45
668,0.12991026043891907,0.06459283083677292,0.2165631800889969,0.00023232046805787832,0.9307313106672457,0.7707221479187459,0.0,0.4,0.45
669,0.12822143733501434,0.0648113340139389,0.21021704375743866,0.0002299874904565513,0.930425183932054,0.7701730789827178,0.2,0.4,0.45
670,0.1276189535856247,0.06571392714977264,0.20533396303653717,0.00020321774354670197,0.9306916283477249,0.7705236899861115,0.2,0.3,0.45
671,0.12790489196777344,0.06519948691129684,0.2081179916858673,0.0001800034660845995,0.9315375477197931,0.7719515991833535,0.0,0.3,0.5
672,0.1271546334028244,0.06203949451446533,0.21621492505073547,0.0001670999772613868,0.9318456459419454,0.772459583994808,0.2,0.4,0.5
673,0.13022726774215698,0.06396681070327759,0.2196781188249588,0.00023800702183507383,0.9318018949804474,0.7723586602748311,0.2,0.5,0.45
674,0.127656027674675,0.0624900683760643,0.21585768461227417,0.0002724320802371949,0.9314503929899178,0.7717479654677133,0.0,0.3,0.5
675,0.12892431020736694,0.06638637185096741,0.20731869339942932,0.00022821349557489157,0.9310380484180418,0.7711214919326594,0.0,0.2,0.5
676,0.12851782143115997,0.06701656430959702,0.2041492760181427,0.0001709777134237811,0.9311931124104824,0.7713975606675545,0.2,0.5,0.45
677,0.12898468971252441,0.06548931449651718,0.21059395372867584,0.00021145690698176622,0.9313560778170031,0.7717132248031207,0.4,0.4,0.4
678,0.12838704884052277,0.06298021227121353,0.2170807272195816,0.0001884102530311793,0.9311812018394021,0.7713860414159389,0.2,0.4,0.3
679,0.12916193902492523,0.06339191645383835,0.2183806151151657,0.00017056187789421529,0.9311320331550731,0.7712327207203988,0.2,0.4,0.3
680,0.1291983723640442,0.06477939337491989,0.2135176807641983,0.00024245621170848608,0.9312126441812191,0.7712197362764647,0.0,0.2,0.3
681,0.12843702733516693,0.06529710441827774,0.20901784300804138,0.0002897046215366572,0.9316360134439655,0.7718432327031005,0.0,0.2,0.25
682,0.128915473818779,0.06626510620117188,0.20781663060188293,0.00020357471657916903,0.9319429550051818,0.7724202862631355,0.0,0.2,0.25
683,0.1281789392232895,0.06490436941385269,0.209800586104393,0.00022292757057584822,0.9324841124157593,0.7733409209722585,0.0,0.2,0.2
684,0.12769930064678192,0.06347601860761642,0.2133055031299591,0.0001544257829664275,0.9330627199370954,0.7742410811639572,0.2,0.2,0.25
685,0.12805156409740448,0.06330087780952454,0.21476991474628448,0.00021313967590685934,0.9336326734392957,0.7752077458210808,0.2,0.2,0.3
686,0.12856008112430573,0.06446796655654907,0.2125975340604782,0.00020856580522377044,0.93402245324263,0.7758636255276827,0.2,0.3,0.3
687,0.12851592898368835,0.06446133553981781,0.21264387667179108,0.00017428076534997672,0.9340437992994032,0.7758597309147366,0.2,0.4,0.3
688,0.12868373095989227,0.0653093084692955,0.21037976443767548,0.00017366043175570667,0.9337921623436382,0.7755763109105537,0.2,0.4,0.4
689,0.12786312401294708,0.0641825795173645,0.21097582578659058,0.0002585305192042142,0.9333682993304481,0.7749418907121152,0.2,0.4,0.4
690,0.12884758412837982,0.06430188566446304,0.21403661370277405,0.00022314272064249963,0.9326004381960856,0.7736834701683327,0.2,0.4,0.35
691,0.12855541706085205,0.06353866308927536,0.21589089930057526,0.00016631446487735957,0.9316638139238815,0.7720481486526014,0.2,0.4,0.35
692,0.12929898500442505,0.06525387614965439,0.21241596341133118,0.00021354612545110285,0.930977041808265,0.7707736517640439,0.2,0.4,0.3
693,0.12891443073749542,0.06592908501625061,0.20888355374336243,0.00021351022587623447,0.9306731173321173,0.7701769492141554,0.4,0.4,0.3
694,0.12842059135437012,0.06542850285768509,0.20892924070358276,0.00020887159917037934,0.9303712171385792,0.7696818573002523,0.4,0.4,0.25
695,0.12963739037513733,0.06578642874956131,0.21170367300510406,0.0002265757939312607,0.9303214138616903,0.7695907580064132,0.2,0.3,0.25
696,0.12962794303894043,0.06441465765237808,0.216460719704628,0.00018338191148359329,0.9297681810305893,0.7689469254988717,0.4,0.4,0.3
697,0.12892548739910126,0.06439757347106934,0.21433095633983612,0.00015241581422742456,0.9298006403692733,0.769088521049856,0.4,0.4,0.3
698,0.12818120419979095,0.06499719619750977,0.20997191965579987,0.0001282808225369081,0.9299071735580523,0.7693089181289814,0.4,0.4,0.45
699,0.12854155898094177,0.06666337698698044,0.20550134778022766,0.00015184783842414618,0.9304242911104738,0.7702002621337328,0.4,0.4,0.45
700,0.12917105853557587,0.06618307530879974,0.20857863128185272,0.0002762534422799945,0.9309197053782459,0.7711591863285573,0.4,0.3,0.45
701,0.12805025279521942,0.0625792145729065,0.21726232767105103,0.00019489554688334465,0.9312687924178157,0.7716504079744624,0.4,0.4,0.4
702,0.12795932590961456,0.06132065877318382,0.22123552858829498,0.00017867166025098413,0.9311690513544837,0.7714657362828785,0.0,0.2,0.5
703,0.13028576970100403,0.06592357903718948,0.21360179781913757,0.0001877660397440195,0.9307018003475478,0.7706542700185846,0.0,0.1,0.45
704,0.1289391964673996,0.06722085922956467,0.20452630519866943,0.00024029520864132792,0.9305704159412802,0.7705086897853436,0.0,0.1,0.45
705,0.12787406146526337,0.06662998348474503,0.20332153141498566,0.00016507455438841134,0.9307860805875622,0.7709124994194739,0.0,0.1,0.45
706,0.12683486938476562,0.06282518804073334,0.21228262782096863,0.00021659216145053506,0.9307305342016646,0.7709162548964006,0.0,0.1,0.5
707,0.12819842994213104,0.06148456037044525,0.22150413691997528,0.0001750853261910379,0.9303129353349201,0.7702909721865095,0.0,0.2,0.5
708,0.128037691116333,0.06200449913740158,0.21943192183971405,0.00013574343756772578,0.9296645995313619,0.7691620783326428,0.0,0.3,0.5
709,0.12793423235416412,0.0649346113204956,0.2088671773672104,0.0002263052447233349,0.9293516374561782,0.7685326962733935,0.0,0.3,0.5
710,0.12801985442638397,0.06711520999670029,0.2020801156759262,0.00018706716946326196,0.9292643550448884,0.7683538641653065,0.0,0.2,0.5
711,0.12725995481014252,0.06475203484296799,0.20737694203853607,0.0001965561677934602,0.9293721154614963,0.7684699710997932,0.0,0.2,0.5
712,0.129965677857399,0.0647977814078331,0.21642407774925232,0.00016044278163462877,0.9297961152895897,0.769067681342115,0.0,0.3,0.5
713,0.12712442874908447,0.06084398180246353,0.22000834345817566,0.0001852876303019002,0.9303896699520829,0.7699757887270587,0.0,0.2,0.5
714,0.13051168620586395,0.06575882434844971,0.21488872170448303,0.00019082902872469276,0.9306394107938339,0.7703790028615983,0.0,0.3,0.5
715,0.1289181113243103,0.06658011674880981,0.20691323280334473,0.000176017070771195,0.930955932498532,0.7708801404953576,0.0,0.3,0.5
716,0.12789073586463928,0.06612337380647659,0.2051844447851181,0.00014135414676275104,0.9312890541343984,0.7714457897054693,0.0,0.3,0.5
717,0.1282416731119156,0.06399479508399963,0.21353115141391754,0.00012502542813308537,0.9312226493347976,0.7713456676626149,0.0,0.2,0.5
718,0.12776440382003784,0.06192167103290558,0.21858476102352142,0.00017819821368902922,0.9308907250425832,0.770830812101022,0.0,0.1,0.5
719,0.1276882290840149,0.06158885359764099,0.21948212385177612,0.00016982801025733352,0.9302055022613861,0.7697932008816111,0.0,0.1,0.5
720,0.12859955430030823,0.06457643210887909,0.21254974603652954,0.00017213249520864338,0.9297800419326853,0.76916720812689,0.0,0.1,0.5
721,0.1291404813528061,0.06609480828046799,0.20919185876846313,0.00019207327568437904,0.9297237022020489,0.7691817043144692,0.0,0.1,0.5
722,0.12730740010738373,0.0634191632270813,0.2118297517299652,0.0002262098714709282,0.9294839686408473,0.7689293377662366,0.0,0.2,0.55
723,0.12859420478343964,0.06295478343963623,0.2177106887102127,0.00021746337006334215,0.9300148744811522,0.7698039184455922,0.0,0.5,0.45
724,0.12871873378753662,0.06256429851055145,0.21959391236305237,0.00018418277613818645,0.9297772415497598,0.7694698877015156,0.2,0.5,0.4
725,0.12722575664520264,0.06292428076267242,0.21341057121753693,0.00018553141853772104,0.9292166571471928,0.7685922382955105,0.0,0.3,0.45
726,0.1271982342004776,0.0645618587732315,0.20779427886009216,0.00019873472047038376,0.9296591799989705,0.7693124906500426,0.4,0.5,0.45
727,0.12738262116909027,0.06421664357185364,0.20949555933475494,0.00021153964917175472,0.9304758391777642,0.7706482243192116,0.4,0.4,0.35
728,0.12902916967868805,0.06451648473739624,0.2140435129404068,0.00019974827591795474,0.9307047461917143,0.7711320947105105,0.4,0.4,0.45
729,0.1289415806531906,0.06418363004922867,0.2151394933462143,0.0001440670166630298,0.9309647440920156,0.7716044691944113,0.4,0.5,0.45
730,0.12911218404769897,0.06492996960878372,0.21306201815605164,0.0001757354475557804,0.9313094492645208,0.7720489503895149,0.4,0.5,0.45
731,0.12703999876976013,0.06386563181877136,0.20963738858699799,0.0001887693360913545,0.9314709294492299,0.7723199579633355,0.4,0.4,0.4
732,0.12929335236549377,0.06557261943817139,0.21121113002300262,0.00023826336837373674,0.9308952717990031,0.7714688048205217,0.4,0.4,0.5
733,0.12940719723701477,0.06506304442882538,0.21375617384910583,0.00014485872816294432,0.9306358601364019,0.7709456367196863,0.4,0.4,0.35
734,0.12697109580039978,0.06211616471409798,0.21548810601234436,0.00013899763871449977,0.9298603816341191,0.7696519947174401,0.2,0.4,0.35
735,0.1284240335226059,0.06394824385643005,0.21377143263816833,0.00022956602333579212,0.9287104778874633,0.7677733294928732,0.2,0.4,0.5
736,0.12910538911819458,0.06557932496070862,0.210897758603096,0.00017115483933594078,0.9289198745467775,0.7681321844897869,0.2,0.4,0.5
737,0.1267419159412384,0.06410817056894302,0.20784474909305573,0.0001868792314780876,0.9293096966891686,0.7687307651372556,0.2,0.4,0.5
738,0.12847314774990082,0.0651625543832779,0.21000733971595764,0.0002055907971225679,0.9294423756106692,0.7689403530395084,0.0,0.4,0.5
739,0.12702597677707672,0.06249970570206642,0.21393053233623505,0.00023140940174926072,0.9290268131393052,0.7682388563942459,0.0,0.2,0.45
740,0.12666746973991394,0.06105903163552284,0.21758127212524414,0.00022270597401075065,0.9287210550302951,0.7676570391179292,0.0,0.2,0.45
741,0.12865982949733734,0.06352933496236801,0.21621304750442505,0.00017771062266547233,0.9281545260305769,0.7667053516146217,0.0,0.3,0.4
742,0.1274195909500122,0.06449408084154129,0.2091209441423416,0.00012614564911928028,0.9279225226617056,0.7663356874758576,0.0,0.3,0.4
743,0.12937670946121216,0.066738061606884,0.2075277417898178,0.00025355038815177977,0.9287598031801261,0.7677203370971332,0.0,0.2,0.4
744,0.1290999799966812,0.0646001324057579,0.21386979520320892,0.00022593417088501155,0.9299612821027685,0.7696658725250058,0.0,0.1,0.4
745,0.12946771085262299,0.0635019838809967,0.21904407441616058,0.00016832989058457315,0.9304440310673159,0.7704640332720796,0.0,0.1,0.4
746,0.12841522693634033,0.06333460658788681,0.216090589761734,0.00016896185115911067,0.9305647936856858,0.7707107434424346,0.0,0.1,0.4
747,0.12836001813411713,0.0654003918170929,0.2089274525642395,0.00018758465012069792,0.9306666051125282,0.7709315528679694,0.0,0.1,0.4
748,0.12732546031475067,0.06545817852020264,0.20527087152004242,0.00019067050016019493,0.9308977641366102,0.7713687742308102,0.0,0.1,0.4
749,0.12851329147815704,0.06484948843717575,0.2113257646560669,0.00017736908921506256,0.9307767833461816,0.7711395374627211,0.0,0.2,0.45
750,0.1266207993030548,0.060468051582574844,0.21953420341014862,0.00019498687470331788,0.9303712671899208,0.7704725753539664,0.0,0.2,0.45
751,0.12818361818790436,0.061879388988018036,0.21995195746421814,0.00021241811919026077,0.9300444114139149,0.769818597800369,0.0,0.2,0.45
752,0.12967361509799957,0.06548762321472168,0.21289420127868652,0.0002118270640494302,0.9294921091079474,0.7689701240483511,0.0,0.2,0.45
753,0.1271948218345642,0.06455689668655396,0.20787502825260162,0.0001836125593399629,0.9294316157248405,0.7689989103065699,0.0,0.2,0.45
754,0.12802660465240479,0.06461264938116074,0.21021291613578796,0.0002333905576961115,0.9293185804326541,0.7688646430466959,0.4,0.3,0.4
755,0.12713812291622162,0.061801619827747345,0.2169038951396942,0.0001768837246345356,0.9291397933871937,0.7685737802686542,0.4,0.2,0.4
756,0.12745563685894012,0.06176716461777687,0.21832990646362305,0.00012633019650820643,0.9292140295040301,0.768702505461698,0.4,0.3,0.4
757,0.12833565473556519,0.0637081041932106,0.21467319130897522,0.00015038938727229834,0.9296420987870284,0.7692796509408517,0.4,0.3,0.4
758,0.12701359391212463,0.06329140812158585,0.21145087480545044,0.00019128508574794978,0.92981075074027,0.7694859640474873,0.4,0.3,0.4
759,0.1302253007888794,0.06714820861816406,0.20954185724258423,0.00014301709597930312,0.929580486072677,0.7691623531572811,0.2,0.3,0.4
760,0.12785474956035614,0.06376150250434875,0.21271952986717224,0.0001849230902735144,0.9294508554118271,0.769021833985085,0.2,0.3,0.4
761,0.1281977891921997,0.06361131370067596,0.21440592408180237,0.00017646730702836066,0.92941897246369,0.7689697347157325,0.0,0.3,0.45
762,0.12778891623020172,0.06322266161441803,0.21429377794265747,0.00018541180179454386,0.9295290837754064,0.7691758417194544,0.0,0.3,0.45
763,0.1273827850818634,0.06355888396501541,0.21209260821342468,0.00013074556773062795,0.9298516194916222,0.7696783763487198,0.0,0.2,0.45
764,0.1268962025642395,0.06364376842975616,0.21003660559654236,0.00016096944455057383,0.930823193239533,0.7710996443108719,0.0,0.2,0.4
765,0.12756499648094177,0.06377484649419785,0.211885467171669,0.0001496627228334546,0.9309575592931165,0.771275293263044,0.0,0.2,0.45
766,0.12864181399345398,0.06395929306745529,0.21472099423408508,0.0001774781703716144,0.9305234149872842,0.7703999340869837,0.0,0.2,0.45
767,0.1273261159658432,0.062414102256298065,0.21549761295318604,0.00017514635692350566,0.9298753636124094,0.7691468722315307,0.0,0.4,0.45
768,0.127761110663414,0.06322450935840607,0.2140713632106781,0.00021012872457504272,0.9294259328882122,0.768279047259175,0.0,0.4,0.45
769,0.12843334674835205,0.06414303928613663,0.21341577172279358,0.0001770432572811842,0.929485342556262,0.7684577649861677,0.0,0.4,0.45
770,0.12802188098430634,0.06434722989797592,0.21132966876029968,0.00018382936832495034,0.9300969480298794,0.7694306815551482,0.0,0.4,0.45
771,0.12835529446601868,0.06456135213375092,0.2117326855659485,0.00018275539332535118,0.9307500622623164,0.7705286363612682,0.0,0.4,0.45
772,0.12687736749649048,0.06261181831359863,0.21350213885307312,0.00014327041571959853,0.9307788957886735,0.7706086288745039,0.0,0.4,0.45
773,0.12854304909706116,0.06368155777454376,0.21526262164115906,0.00018846982857212424,0.9308098517518665,0.7707991633452783,0.0,0.3,0.45
774,0.12716636061668396,0.06216315180063248,0.21580813825130463,0.00017384756938554347,0.9310581987799273,0.7712937512885265,0.0,0.2,0.45
775,0.12802068889141083,0.06393831223249435,0.2127610296010971,0.00016937870532274246,0.9313786028608209,0.7718681489455789,0.0,0.2,0.45
776,0.1273069977760315,0.06283090263605118,0.21429401636123657,0.000125257414765656,0.9311836777934868,0.7716172707291664,0.0,0.2,0.55
777,0.12600205838680267,0.061948537826538086,0.2126949280500412,0.00016337024862878025,0.9312011151450592,0.7716863394748221,0.0,0.1,0.5
778,0.1280103623867035,0.06389234960079193,0.21258364617824554,0.0002286016388097778,0.9311815014734741,0.7716166753089452,0.0,0.2,0.45
779,0.12736795842647552,0.06334739923477173,0.2125149667263031,0.0001773711119312793,0.9307856491315066,0.7709769877544398,0.0,0.2,0.4
780,0.1276935636997223,0.06300369650125504,0.214870885014534,0.00015240356151480228,0.9297338497809366,0.7691681012571553,0.0,0.2,0.4
781,0.1271955370903015,0.06327803432941437,0.212387815117836,0.00013411538384389132,0.928811891160708,0.7676441233144958,0.0,0.2,0.45
782,0.1274486780166626,0.06401317566633224,0.21072246134281158,0.0001458426413591951,0.9284194130091087,0.7668960920186381,0.2,0.4,0.45
783,0.1283378154039383,0.06372447311878204,0.2145785689353943,0.00015984513447619975,0.9278570260928171,0.76596673283026,0.2,0.4,0.4
784,0.1266784369945526,0.062170565128326416,0.2142273485660553,0.00015978407463990152,0.9282440042552628,0.766532473844308,0.4,0.4,0.45
