node,gnn_score
0,0.7829152941703796
1,0.6525292992591858
2,0.35887306928634644
3,0.5827775597572327
4,0.5073752403259277
5,0.383709579706192
6,0.7284138798713684
7,0.31046053767204285
8,0.3459128737449646
9,0.5422386527061462
10,0.6346314549446106
11,0.3303455114364624
12,0.6771067976951599
13,0.44052594900131226
14,0.31668493151664734
15,0.19042687118053436
16,0.6873608827590942
17,0.19026437401771545
18,0.22926431894302368
19,0.4645873010158539
20,0.7287997603416443
21,0.6357341408729553
22,0.410291850566864
23,0.25930747389793396
24,0.4804471731185913
25,0.3078344464302063
26,0.32604116201400757
27,0.42821770906448364
28,0.8102410435676575
29,0.3994446098804474
30,0.19085317850112915
31,0.2592427730560303
32,0.499214231967926
33,0.2673071026802063
34,0.3181231617927551
35,0.44446608424186707
36,0.2299959659576416
37,0.4148555397987366
38,0.28249847888946533
39,0.45963433384895325
40,0.634706437587738
41,0.22091402113437653
42,0.36706942319869995
43,0.4735465943813324
44,0.4266822338104248
45,0.791269838809967
46,0.605781614780426
47,0.5842639207839966
48,0.49773502349853516
49,0.6117324233055115
50,0.3440665006637573
51,0.650933027267456
52,0.725925087928772
53,0.1904105842113495
54,0.4487573504447937
55,0.22338446974754333
56,0.5118125081062317
57,0.2567700743675232
58,0.6126022934913635
59,0.4957032799720764
60,0.38431844115257263
61,0.6330271363258362
62,0.348272442817688
63,0.46727854013442993
64,0.3910421133041382
65,0.2134190797805786
66,0.3196711838245392
67,0.6166128516197205
68,0.43867868185043335
69,0.3302127718925476
70,0.2819954752922058
71,0.8123944997787476
72,0.4297800660133362
73,0.3969917297363281
74,0.7265153527259827
75,0.6952946186065674
76,0.5273744463920593
77,0.5297544598579407
78,0.4301910996437073
79,0.38368913531303406
80,0.5889829993247986
81,0.4320676922798157
82,0.2042369842529297
83,0.3592929244041443
84,0.4928877651691437
85,0.6216875910758972
86,0.740980327129364
87,0.4060981273651123
88,0.5964779853820801
89,0.6039370894432068
90,0.5331916809082031
91,0.3595053553581238
92,0.41599005460739136
93,0.5086697936058044
94,0.7614865899085999
95,0.39811092615127563
96,0.29439690709114075
97,0.23788069188594818
98,0.7473469972610474
99,0.5121851563453674
100,0.752814769744873
101,0.2867862582206726
102,0.6182224750518799
103,0.6390811800956726
104,0.3423713147640228
105,0.7418915033340454
106,0.29758191108703613
107,0.6899610757827759
108,0.5882758498191833
109,0.3387654423713684
110,0.8103712797164917
111,0.3530435860157013
112,0.2416771501302719
113,0.4052280783653259
114,0.6602493524551392
115,0.31434565782546997
116,0.37007108330726624
117,0.3048260807991028
118,0.3994552493095398
119,0.27428027987480164
120,0.38125306367874146
121,0.3852695822715759
122,0.6676026582717896
123,0.26527464389801025
124,0.362188458442688
125,0.4123378396034241
126,0.3200553059577942
127,0.6990000605583191
128,0.7793655395507812
129,0.3582744002342224
130,0.7995405197143555
131,0.3932405710220337
132,0.27694323658943176
133,0.7141022086143494
134,0.7323349118232727
135,0.35399243235588074
136,0.5882665514945984
137,0.3767207860946655
138,0.40862420201301575
139,0.6855446696281433
140,0.21894694864749908
141,0.45996230840682983
142,0.5546988248825073
143,0.47557157278060913
144,0.5443810820579529
145,0.6280398368835449
146,0.45003628730773926
147,0.3887830972671509
148,0.6693388223648071
149,0.6299113035202026
150,0.5673853754997253
151,0.2484099566936493
152,0.5812178254127502
153,0.42122745513916016
154,0.22113566100597382
155,0.37289535999298096
156,0.3776707947254181
157,0.32082003355026245
158,0.8071722388267517
159,0.5890538096427917
160,0.19062921404838562
161,0.44867247343063354
162,0.21308834850788116
163,0.3256031274795532
164,0.583396315574646
165,0.24701061844825745
166,0.3457760214805603
167,0.43415260314941406
168,0.16944991052150726
169,0.4157335162162781
170,0.48962774872779846
171,0.19800467789173126
172,0.30662721395492554
173,0.20879803597927094
174,0.4331514239311218
175,0.44706130027770996
176,0.3507041931152344
177,0.48586851358413696
178,0.2419632524251938
179,0.41249698400497437
180,0.5459786057472229
181,0.5798386931419373
182,0.14449119567871094
183,0.7405744791030884
184,0.4176587760448456
185,0.5840588212013245
186,0.37031832337379456
187,0.4653007984161377
188,0.36039626598358154
189,0.4558853805065155
190,0.24246186017990112
191,0.8092236518859863
192,0.4889879822731018
193,0.3551102876663208
194,0.6656058430671692
195,0.33164697885513306
196,0.7514632940292358
197,0.2615326941013336
198,0.3291555345058441
199,0.7362969517707825
200,0.6216300129890442
201,0.36110609769821167
202,0.6148694753646851
203,0.409956157207489
204,0.5476034879684448
205,0.7472018599510193
206,0.6907314658164978
207,0.4495299458503723
208,0.1853255033493042
209,0.4317663908004761
210,0.4624505639076233
211,0.5047640204429626
212,0.22774054110050201
213,0.49276429414749146
214,0.42071157693862915
215,0.2350315898656845
216,0.5488603711128235
217,0.20899075269699097
218,0.6508507132530212
219,0.20781998336315155
220,0.40380120277404785
221,0.7459362149238586
222,0.2593851387500763
223,0.4219024181365967
224,0.6082339286804199
225,0.2906499207019806
226,0.3862614333629608
227,0.45479294657707214
228,0.46817317605018616
229,0.29909807443618774
230,0.5032915472984314
231,0.39089345932006836
232,0.33320701122283936
233,0.40616148710250854
234,0.28792908787727356
235,0.6391470432281494
236,0.49337249994277954
237,0.4601621627807617
238,0.5360556244850159
239,0.4022819697856903
240,0.5295335650444031
241,0.3675866723060608
242,0.3129376769065857
243,0.17415179312229156
244,0.6905794739723206
245,0.44203251600265503
246,0.4705575108528137
247,0.2947254478931427
248,0.2632283568382263
249,0.8168441653251648
250,0.3695858120918274
251,0.2899395227432251
252,0.39958012104034424
253,0.5664858222007751
254,0.5941305756568909
255,0.4300116002559662
256,0.7337759137153625
257,0.5572764277458191
258,0.29452329874038696
259,0.3408336043357849
260,0.2417619526386261
261,0.4720405042171478
262,0.6466158032417297
263,0.3480413258075714
264,0.20731806755065918
265,0.3304176330566406
266,0.4053266644477844
267,0.34027716517448425
268,0.2303701937198639
269,0.713787317276001
270,0.3823012709617615
271,0.42705726623535156
272,0.31566452980041504
273,0.5307895541191101
274,0.3587704300880432
275,0.2099458873271942
276,0.4649185538291931
277,0.5843285918235779
278,0.3262293338775635
279,0.37163257598876953
280,0.4601878225803375
281,0.3967761695384979
282,0.4685860574245453
283,0.572952926158905
284,0.6935223340988159
285,0.8038670420646667
286,0.7274710536003113
287,0.335440069437027
288,0.5358347296714783
289,0.38559097051620483
290,0.45167481899261475
291,0.389377623796463
292,0.3434271514415741
293,0.8178175091743469
294,0.5135156512260437
295,0.38953888416290283
296,0.6076944470405579
297,0.4741310477256775
298,0.42681974172592163
299,0.5572976469993591
300,0.2726333737373352
301,0.7001231908798218
302,0.4933990240097046
303,0.6617083549499512
304,0.4385582208633423
305,0.3843964636325836
306,0.6870625615119934
307,0.6105267405509949
308,0.42752623558044434
309,0.7507388591766357
310,0.23967492580413818
311,0.4222649931907654
312,0.3454006314277649
313,0.1694084107875824
314,0.320518434047699
315,0.45647165179252625
316,0.7969207763671875
317,0.41825029253959656
318,0.4291883111000061
319,0.3311959505081177
320,0.4905020594596863
321,0.3418838083744049
322,0.22517278790473938
323,0.2451987862586975
324,0.33916643261909485
325,0.38469773530960083
326,0.8313568234443665
327,0.30425751209259033
328,0.4481097459793091
329,0.34678637981414795
330,0.546545147895813
331,0.3742818236351013
332,0.35636022686958313
333,0.19495391845703125
334,0.24551649391651154
335,0.6809426546096802
336,0.7092832326889038
337,0.3085242211818695
338,0.48890626430511475
339,0.49345338344573975
340,0.4276430010795593
341,0.3827775716781616
342,0.6061514019966125
343,0.18367703258991241
344,0.4448428750038147
345,0.3456668257713318
346,0.7695884704589844
347,0.4398770034313202
348,0.2677418887615204
349,0.8093279600143433
350,0.7304326891899109
351,0.38353440165519714
352,0.39512449502944946
353,0.5533984303474426
354,0.5574959516525269
355,0.4080067574977875
356,0.5621595978736877
357,0.41080623865127563
358,0.8209072947502136
359,0.2733639180660248
360,0.60703045129776
361,0.706473171710968
362,0.7089745998382568
363,0.3012988567352295
364,0.3122044801712036
365,0.4935639202594757
366,0.536283552646637
367,0.4338485598564148
368,0.3176250457763672
369,0.25800371170043945
370,0.3687117099761963
371,0.5940970778465271
372,0.6729201674461365
373,0.728584885597229
374,0.688717782497406
375,0.3388798236846924
376,0.2781359553337097
377,0.27202314138412476
378,0.22848111391067505
379,0.6704643368721008
380,0.5206078886985779
381,0.2392398715019226
382,0.31959980726242065
383,0.615065336227417
384,0.45650163292884827
385,0.2550266981124878
386,0.4640204608440399
387,0.36170482635498047
388,0.6321043372154236
389,0.2587164640426636
390,0.730695366859436
391,0.4213343560695648
392,0.3541306257247925
393,0.5953826308250427
394,0.2855338752269745
395,0.654546320438385
396,0.339364230632782
397,0.5303841233253479
398,0.7288081645965576
399,0.6573727130889893
400,0.4159466028213501
401,0.3113862872123718
402,0.5392544865608215
403,0.19269177317619324
404,0.35623395442962646
405,0.44993138313293457
406,0.3884263038635254
407,0.46928539872169495
408,0.7909183502197266
409,0.4393138885498047
410,0.40244194865226746
411,0.4495774507522583
412,0.2614825367927551
413,0.32193756103515625
414,0.3694584369659424
415,0.20960696041584015
416,0.22591134905815125
417,0.48943662643432617
418,0.5801652073860168
419,0.43056339025497437
420,0.6318272948265076
421,0.43693506717681885
422,0.5512219071388245
423,0.4577627182006836
424,0.3989163041114807
425,0.404563844203949
426,0.3971955180168152
427,0.5384352803230286
428,0.5382890701293945
429,0.7607913613319397
430,0.5943900942802429
431,0.5749626755714417
432,0.30272528529167175
433,0.326413631439209
434,0.5318920016288757
435,0.3617708683013916
436,0.4190315008163452
437,0.5014585256576538
438,0.3987947702407837
439,0.5396671295166016
440,0.6400838494300842
441,0.3440702557563782
442,0.4014686942100525
443,0.5237759947776794
444,0.5523351430892944
445,0.7413627505302429
446,0.6520175337791443
447,0.6818761229515076
448,0.26460468769073486
449,0.5957181453704834
450,0.7002381682395935
451,0.5980187058448792
452,0.7493604421615601
453,0.6903679966926575
454,0.3176155686378479
455,0.2363964021205902
456,0.34745997190475464
457,0.39742574095726013
458,0.4725581705570221
459,0.2871232330799103
460,0.4720214009284973
461,0.24291150271892548
462,0.5094062685966492
463,0.4671443700790405
464,0.4200448989868164
465,0.5560330748558044
466,0.5104442238807678
467,0.3224116563796997
468,0.268554151058197
469,0.5164970755577087
470,0.45007628202438354
471,0.2524130344390869
472,0.2640591859817505
473,0.2959156334400177
474,0.7263790369033813
475,0.18225041031837463
476,0.26970648765563965
477,0.42187654972076416
478,0.26046568155288696
479,0.18716056644916534
480,0.2365119308233261
481,0.32874345779418945
482,0.6664222478866577
483,0.21670001745224
484,0.7448910474777222
485,0.4571170210838318
486,0.388364315032959
487,0.6340277791023254
488,0.663232684135437
489,0.7705894112586975
490,0.38083988428115845
491,0.5527424216270447
492,0.5682181715965271
493,0.2918587923049927
494,0.17166954278945923
495,0.6484929919242859
496,0.327632874250412
497,0.5697569251060486
498,0.32289284467697144
499,0.28875789046287537
500,0.502421498298645
501,0.2913571000099182
502,0.27476316690444946
503,0.49548283219337463
504,0.5853696465492249
505,0.2627946734428406
506,0.26977163553237915
507,0.521364688873291
508,0.7644320130348206
509,0.5241982936859131
510,0.3305593430995941
511,0.6258299350738525
512,0.39328473806381226
513,0.2858770191669464
514,0.4464375972747803
515,0.6605747938156128
516,0.3475770354270935
517,0.36923331022262573
518,0.4882572293281555
519,0.6569370031356812
520,0.28086256980895996
521,0.5568960905075073
522,0.2668774127960205
523,0.23411254584789276
524,0.538045346736908
525,0.579956591129303
526,0.49461978673934937
527,0.1617380529642105
528,0.3499777019023895
529,0.6036707162857056
530,0.5713676810264587
531,0.6029615998268127
532,0.3082149624824524
533,0.4591485559940338
534,0.5079764723777771
535,0.7136009931564331
536,0.32812246680259705
537,0.821531355381012
538,0.4430192708969116
539,0.34316205978393555
540,0.3235713243484497
541,0.6127305626869202
542,0.3789496123790741
543,0.3093240559101105
544,0.2654183506965637
545,0.4494553506374359
546,0.22776362299919128
547,0.37645387649536133
548,0.3840339779853821
549,0.18092702329158783
550,0.5035399794578552
551,0.32631152868270874
552,0.29547998309135437
553,0.31756412982940674
554,0.37336084246635437
555,0.5032391548156738
556,0.5812748074531555
557,0.4994198679924011
558,0.4985361099243164
559,0.40863296389579773
560,0.30767783522605896
561,0.5777801871299744
562,0.2868250608444214
563,0.23302915692329407
564,0.4966927170753479
565,0.8240988254547119
566,0.20705604553222656
567,0.418601930141449
568,0.5744431614875793
569,0.4789506494998932
570,0.3540150821208954
571,0.5648698210716248
572,0.23433265089988708
573,0.7464250326156616
574,0.21322570741176605
575,0.722107470035553
576,0.79096919298172
577,0.8390262722969055
578,0.16931726038455963
579,0.1880585104227066
580,0.2069672793149948
581,0.39159494638442993
582,0.330086350440979
583,0.6395664811134338
584,0.4065972864627838
585,0.46738681197166443
586,0.424630343914032
587,0.26035067439079285
588,0.4413330554962158
589,0.349997341632843
590,0.2961568832397461
591,0.3255034387111664
592,0.7442910671234131
593,0.46180200576782227
594,0.5996517539024353
595,0.3426603674888611
596,0.4969027042388916
597,0.4371432363986969
598,0.3192616403102875
599,0.7203592658042908
600,0.20659473538398743
601,0.5442449450492859
602,0.5003534555435181
603,0.4467606842517853
604,0.43746697902679443
605,0.8300206065177917
606,0.35791048407554626
607,0.47534722089767456
608,0.32619088888168335
609,0.3992651700973511
610,0.5352414846420288
611,0.7631903886795044
612,0.41795504093170166
613,0.6481719017028809
614,0.33857274055480957
615,0.7187672853469849
616,0.5782142281532288
617,0.7461583018302917
618,0.7431682348251343
619,0.41677260398864746
620,0.7443800568580627
621,0.6926875710487366
622,0.22003348171710968
623,0.7722585201263428
624,0.27404162287712097
625,0.6489167809486389
626,0.6186268925666809
627,0.3695160150527954
628,0.3698364496231079
629,0.5310846567153931
630,0.4111383855342865
631,0.3952234983444214
632,0.38957932591438293
633,0.4816400408744812
634,0.5915677547454834
635,0.33750566840171814
636,0.308510959148407
637,0.41125714778900146
638,0.4171326756477356
639,0.26166820526123047
640,0.4028933048248291
641,0.6411026120185852
642,0.6679469347000122
643,0.6813059449195862
644,0.30736228823661804
645,0.23239630460739136
646,0.5855728983879089
647,0.18569119274616241
648,0.2813146114349365
649,0.4143543541431427
650,0.7927617430686951
651,0.6316052675247192
652,0.43129056692123413
653,0.5944973826408386
654,0.4311700463294983
655,0.22550885379314423
656,0.4070861339569092
657,0.5778782963752747
658,0.36849111318588257
659,0.5651302933692932
660,0.7174892425537109
661,0.20427483320236206
662,0.5174061059951782
663,0.6027779579162598
664,0.2687177062034607
665,0.3548077344894409
666,0.6040120124816895
667,0.23083171248435974
668,0.5061084628105164
669,0.7281879186630249
670,0.39308756589889526
671,0.31360507011413574
672,0.36109134554862976
673,0.3894003629684448
674,0.5217198729515076
675,0.6338607668876648
676,0.20305147767066956
677,0.36989739537239075
678,0.21008941531181335
679,0.4368216395378113
680,0.4774229824542999
681,0.2857564687728882
682,0.505179226398468
683,0.2607160210609436
684,0.26017940044403076
685,0.24269825220108032
686,0.5548357963562012
687,0.8385917544364929
688,0.2699209153652191
689,0.46198493242263794
690,0.6699069738388062
691,0.2611789107322693
692,0.5316714644432068
693,0.5131545662879944
694,0.2112419605255127
695,0.5017781257629395
696,0.5450922846794128
697,0.4498782753944397
698,0.5064224600791931
699,0.7780435681343079
700,0.23561669886112213
701,0.6629071235656738
702,0.5169610381126404
703,0.2618844509124756
704,0.5817623734474182
705,0.36960574984550476
706,0.5619392991065979
707,0.5063478946685791
708,0.7229402661323547
709,0.3966430425643921
710,0.4515286684036255
711,0.5481488108634949
712,0.5888670086860657
713,0.6894095540046692
714,0.4240383207798004
715,0.5657680630683899
716,0.34696030616760254
717,0.29057836532592773
718,0.40096765756607056
719,0.5198668837547302
720,0.42203035950660706
721,0.3835064768791199
722,0.5020690560340881
723,0.20377853512763977
724,0.15426123142242432
725,0.7036339640617371
726,0.6313939690589905
727,0.30034393072128296
728,0.2336643934249878
729,0.2348349541425705
730,0.3347424864768982
731,0.2750803232192993
732,0.26073867082595825
733,0.19809937477111816
734,0.4327559769153595
735,0.4529867172241211
736,0.3432762026786804
737,0.4867486357688904
738,0.18227559328079224
739,0.18785062432289124
740,0.20543235540390015
741,0.2793954014778137
742,0.6128178238868713
743,0.5826214551925659
744,0.45964890718460083
745,0.2086593061685562
746,0.39118874073028564
747,0.40565645694732666
748,0.19587475061416626
749,0.39622247219085693
750,0.6645652651786804
751,0.38555222749710083
752,0.3343093991279602
753,0.42668235301971436
754,0.6788263916969299
755,0.33907368779182434
756,0.5397303104400635
757,0.6706151366233826
758,0.25843358039855957
759,0.39179545640945435
760,0.21257133781909943
761,0.2675301432609558
762,0.5319249629974365
763,0.4582981765270233
764,0.22263014316558838
765,0.673812210559845
766,0.5183380842208862
767,0.21797488629817963
768,0.4157494306564331
769,0.3841667175292969
770,0.7857342958450317
771,0.2800109386444092
772,0.27038994431495667
773,0.3537222743034363
774,0.4452890157699585
775,0.3248509168624878
776,0.8265734314918518
777,0.7604817748069763
778,0.27973878383636475
779,0.5451251864433289
780,0.538434624671936
781,0.7237640023231506
782,0.7741818428039551
783,0.36460956931114197
784,0.2970829904079437
785,0.7077355980873108
786,0.28658995032310486
787,0.3164442181587219
788,0.4833448827266693
789,0.36166369915008545
790,0.5767635107040405
791,0.34100624918937683
792,0.33662211894989014
793,0.4463961124420166
794,0.4490271210670471
795,0.35713356733322144
796,0.38316911458969116
797,0.4040698707103729
798,0.7092984318733215
799,0.37426817417144775
800,0.5255717039108276
801,0.377072811126709
802,0.5709778070449829
803,0.4512401819229126
804,0.40402042865753174
805,0.3200477063655853
806,0.5623248219490051
807,0.7856797575950623
808,0.5705289244651794
809,0.5842081308364868
810,0.5384481549263
811,0.4494951069355011
812,0.2862107753753662
813,0.23944562673568726
814,0.7679485082626343
815,0.47251445055007935
816,0.5197386145591736
817,0.48232412338256836
818,0.39561647176742554
819,0.26218193769454956
820,0.29683148860931396
821,0.578422486782074
822,0.6514838337898254
823,0.424410343170166
824,0.23122701048851013
825,0.18494108319282532
826,0.8248752355575562
827,0.2186967432498932
828,0.2514183223247528
829,0.32473504543304443
830,0.6430826187133789
831,0.6197325587272644
832,0.2437753677368164
833,0.4112311601638794
834,0.4143374562263489
835,0.41809314489364624
836,0.3760278820991516
837,0.5327374339103699
838,0.5905278921127319
839,0.6912620067596436
840,0.41070878505706787
841,0.46237608790397644
842,0.5777604579925537
843,0.2500494122505188
844,0.5420680642127991
845,0.3835139870643616
846,0.5352172255516052
847,0.19612742960453033
848,0.6377158761024475
849,0.3238055408000946
850,0.3739478886127472
851,0.6807973980903625
852,0.5183802843093872
853,0.5942381620407104
854,0.6061599850654602
855,0.3298315405845642
856,0.5783231854438782
857,0.33931079506874084
858,0.43387311697006226
859,0.8403139114379883
860,0.4333646595478058
861,0.25852835178375244
862,0.3351684808731079
863,0.40146493911743164
864,0.4301563501358032
865,0.33360886573791504
866,0.5995948910713196
867,0.3263447880744934
868,0.2700255215167999
869,0.8071720004081726
870,0.3512866795063019
871,0.37193745374679565
872,0.5038143992424011
873,0.38976454734802246
874,0.5721372961997986
875,0.20049193501472473
876,0.6879662871360779
877,0.6756628155708313
878,0.5239683985710144
879,0.40847715735435486
880,0.6590937376022339
881,0.3303963541984558
882,0.31346431374549866
883,0.1957581788301468
884,0.21842749416828156
885,0.4816496968269348
886,0.2276761680841446
887,0.7238843441009521
888,0.5757510662078857
889,0.2583865225315094
890,0.4575411081314087
891,0.48448026180267334
892,0.18963751196861267
893,0.2527976632118225
894,0.3300057649612427
895,0.2906323969364166
896,0.8133689761161804
897,0.4778434634208679
898,0.8076379895210266
899,0.543424665927887
900,0.33801954984664917
901,0.33832311630249023
902,0.46898698806762695
903,0.8347181081771851
904,0.2922651171684265
905,0.5829197764396667
906,0.24075950682163239
907,0.5181471109390259
908,0.3136782646179199
909,0.35228586196899414
910,0.8067759871482849
911,0.5841283202171326
912,0.667481541633606
913,0.6108995079994202
914,0.4244094789028168
915,0.4524156451225281
916,0.8181208968162537
917,0.5168817639350891
918,0.5056821703910828
919,0.7708970308303833
920,0.598838746547699
921,0.5374597311019897
922,0.7840352654457092
923,0.4019574820995331
924,0.25491172075271606
925,0.24241328239440918
926,0.23072773218154907
927,0.39562782645225525
928,0.3712751865386963
929,0.4907549321651459
930,0.580439031124115
931,0.4625905752182007
932,0.3567699193954468
933,0.4509555697441101
934,0.23021498322486877
935,0.3315885663032532
936,0.3898378610610962
937,0.32539480924606323
938,0.17617127299308777
939,0.774954617023468
940,0.8138322830200195
941,0.3275192379951477
942,0.4191417694091797
943,0.6385079622268677
944,0.5000051259994507
945,0.6497383117675781
946,0.3494134545326233
947,0.5557751059532166
948,0.3456101417541504
949,0.25630104541778564
950,0.32561564445495605
951,0.3805663287639618
952,0.3023993968963623
953,0.37156006693840027
954,0.21574720740318298
955,0.3941452205181122
956,0.2978723645210266
957,0.4700208306312561
958,0.34518295526504517
959,0.8208209872245789
960,0.6551734805107117
961,0.36976373195648193
962,0.32683515548706055
963,0.466438353061676
964,0.4999985098838806
965,0.30587679147720337
966,0.5276056528091431
967,0.8172546625137329
968,0.8016725778579712
969,0.36985403299331665
970,0.38797706365585327
971,0.6370510458946228
972,0.325013667345047
973,0.540605366230011
974,0.4396056532859802
975,0.4805930256843567
976,0.1958710253238678
977,0.491296648979187
978,0.31820619106292725
979,0.35787832736968994
980,0.764217734336853
981,0.3338909447193146
982,0.6460040211677551
983,0.36473196744918823
984,0.5871678590774536
985,0.40901613235473633
986,0.1853775680065155
987,0.4482647478580475
988,0.3263898491859436
989,0.25495049357414246
990,0.38893428444862366
991,0.3639225959777832
992,0.25757896900177
993,0.6371607780456543
994,0.22476103901863098
995,0.19703446328639984
996,0.19068250060081482
997,0.23408813774585724
998,0.39251381158828735
999,0.7267728447914124
1000,0.5644685626029968
1001,0.290980726480484
1002,0.2513248920440674
1003,0.6974058747291565
1004,0.5282660126686096
1005,0.48025959730148315
1006,0.5308935046195984
1007,0.3771289587020874
1008,0.26276662945747375
1009,0.33398914337158203
1010,0.3264889717102051
1011,0.2623404562473297
1012,0.5759137272834778
1013,0.7159110903739929
1014,0.433307409286499
1015,0.7308040261268616
1016,0.20128026604652405
1017,0.8089879751205444
1018,0.39485180377960205
1019,0.47431761026382446
1020,0.25760507583618164
1021,0.2806417942047119
1022,0.6424413323402405
1023,0.7946057915687561
1024,0.382921040058136
1025,0.5388330221176147
1026,0.34491318464279175
1027,0.30018121004104614
1028,0.8222814798355103
1029,0.302693247795105
1030,0.3462304174900055
1031,0.29243284463882446
1032,0.46750128269195557
1033,0.5726001262664795
1034,0.5387294888496399
1035,0.26751741766929626
1036,0.3533746004104614
1037,0.4466439485549927
1038,0.3953801393508911
1039,0.36944133043289185
1040,0.3478250205516815
1041,0.39543288946151733
1042,0.20860841870307922
1043,0.25258323550224304
1044,0.2625265121459961
1045,0.33769357204437256
1046,0.27960437536239624
1047,0.3192627429962158
1048,0.29686468839645386
1049,0.17848221957683563
1050,0.28004735708236694
1051,0.3133127689361572
1052,0.3360047936439514
1053,0.6099997162818909
1054,0.6747648119926453
1055,0.5388346314430237
1056,0.5344226956367493
1057,0.169667586684227
1058,0.388566255569458
1059,0.5670028328895569
1060,0.3335661292076111
1061,0.28203266859054565
1062,0.2182815670967102
1063,0.2730100154876709
1064,0.44134992361068726
1065,0.3402833640575409
1066,0.7358294129371643
1067,0.2945237159729004
1068,0.749974250793457
1069,0.3020671606063843
1070,0.6775394082069397
1071,0.3983752727508545
1072,0.26853683590888977
1073,0.2856706380844116
1074,0.24386389553546906
1075,0.4869540333747864
1076,0.3440195322036743
1077,0.3114970922470093
1078,0.41770610213279724
1079,0.2551328241825104
1080,0.403045654296875
1081,0.7879250049591064
1082,0.44012048840522766
1083,0.5942768454551697
1084,0.5922548174858093
1085,0.6176778078079224
1086,0.3643203377723694
1087,0.5040557384490967
1088,0.22446495294570923
1089,0.21826060116291046
1090,0.678884744644165
1091,0.4250083863735199
1092,0.5808902382850647
1093,0.6921347975730896
1094,0.5747908353805542
1095,0.43000635504722595
1096,0.4885549247264862
1097,0.42970263957977295
1098,0.5481060743331909
1099,0.5664675831794739
1100,0.3514781594276428
1101,0.49176937341690063
1102,0.629314124584198
1103,0.5249135494232178
1104,0.5412585139274597
1105,0.4350678026676178
1106,0.3772827982902527
1107,0.8158653974533081
1108,0.5250515341758728
1109,0.7860134243965149
1110,0.672418475151062
1111,0.28312504291534424
1112,0.5164161324501038
1113,0.4854941964149475
1114,0.38295480608940125
1115,0.23885905742645264
1116,0.5837047696113586
1117,0.4889492988586426
1118,0.5343186259269714
1119,0.7115462422370911
1120,0.35814377665519714
1121,0.1977674961090088
1122,0.4739120602607727
1123,0.4647575616836548
1124,0.2732739746570587
1125,0.39221400022506714
1126,0.2282687872648239
1127,0.5063232779502869
1128,0.7046319842338562
1129,0.4921607971191406
1130,0.44026297330856323
1131,0.4469853341579437
1132,0.739666759967804
1133,0.33031517267227173
1134,0.28016579151153564
1135,0.7657480239868164
1136,0.5700922608375549
1137,0.3702835738658905
1138,0.44791099429130554
1139,0.2245427966117859
1140,0.2053714096546173
1141,0.5181324481964111
1142,0.5283204913139343
1143,0.4858015179634094
1144,0.3160260021686554
1145,0.5383169054985046
1146,0.5035976767539978
1147,0.4913827180862427
1148,0.5094208121299744
1149,0.5232402682304382
1150,0.3562432527542114
1151,0.697286069393158
1152,0.39211180806159973
1153,0.5693820118904114
1154,0.290153443813324
1155,0.3582901358604431
1156,0.6913898587226868
1157,0.6663668751716614
1158,0.3038633465766907
1159,0.28895488381385803
1160,0.4037913680076599
1161,0.3503642678260803
1162,0.35246217250823975
1163,0.20339220762252808
1164,0.5342281460762024
1165,0.37106627225875854
1166,0.5772094130516052
1167,0.8185757398605347
1168,0.5466712713241577
1169,0.6578205227851868
1170,0.38842225074768066
1171,0.3075827360153198
1172,0.5300551056861877
1173,0.31972652673721313
1174,0.5826088786125183
1175,0.23427560925483704
1176,0.2580868601799011
1177,0.7303283214569092
1178,0.43888556957244873
1179,0.4963182210922241
1180,0.5205338597297668
1181,0.5165143609046936
1182,0.3662116527557373
1183,0.3259141445159912
1184,0.8115407824516296
1185,0.7166426181793213
1186,0.4045713543891907
1187,0.4664109945297241
1188,0.35418254137039185
1189,0.40975674986839294
1190,0.27242791652679443
1191,0.6192547678947449
1192,0.7586601376533508
1193,0.762981653213501
1194,0.6600697040557861
1195,0.4031006991863251
1196,0.45747077465057373
1197,0.3582139015197754
1198,0.5777502655982971
1199,0.4588453769683838
1200,0.4945043623447418
1201,0.3771829605102539
1202,0.5182326436042786
1203,0.38354170322418213
1204,0.4629616141319275
1205,0.4480515122413635
1206,0.30932721495628357
1207,0.2900243401527405
1208,0.6381708383560181
1209,0.5129526257514954
1210,0.5312077403068542
1211,0.47146326303482056
1212,0.6330618858337402
1213,0.3864022493362427
1214,0.4769299626350403
1215,0.707693874835968
1216,0.7072093486785889
1217,0.17051243782043457
1218,0.6163516044616699
1219,0.48551276326179504
1220,0.5170708298683167
1221,0.4135010540485382
1222,0.2860398590564728
1223,0.2664773166179657
1224,0.21958892047405243
1225,0.4212247133255005
1226,0.713805079460144
1227,0.4973934292793274
1228,0.26991596817970276
1229,0.5032563805580139
1230,0.5560896992683411
1231,0.6815428137779236
1232,0.7144495248794556
1233,0.5073705315589905
1234,0.39795565605163574
1235,0.5365133285522461
1236,0.338254451751709
1237,0.25177454948425293
1238,0.4792696237564087
1239,0.4462679624557495
1240,0.23683170974254608
1241,0.3644893169403076
1242,0.7320817112922668
1243,0.3060232400894165
1244,0.6421568989753723
1245,0.7010981440544128
1246,0.5383254885673523
1247,0.4036256670951843
1248,0.5999600887298584
1249,0.6291521191596985
1250,0.6245380640029907
1251,0.6154155135154724
1252,0.5178111791610718
1253,0.26273927092552185
1254,0.7479982972145081
1255,0.28735363483428955
1256,0.429516077041626
1257,0.4743509888648987
1258,0.32815709710121155
1259,0.7354645133018494
1260,0.5515537858009338
1261,0.3265189528465271
1262,0.6047088503837585
1263,0.5654484033584595
1264,0.7579171061515808
1265,0.252437025308609
1266,0.24238625168800354
1267,0.31563496589660645
1268,0.39602407813072205
1269,0.3584093451499939
1270,0.5581464171409607
1271,0.4839070737361908
1272,0.5291838049888611
1273,0.4364284873008728
1274,0.19008703529834747
1275,0.5411625504493713
1276,0.6444677114486694
1277,0.410192608833313
1278,0.25693008303642273
1279,0.443808376789093
1280,0.27807050943374634
1281,0.43771034479141235
1282,0.5826869606971741
1283,0.36336421966552734
1284,0.3883892297744751
1285,0.6565995812416077
1286,0.374062716960907
1287,0.788719117641449
1288,0.4630815386772156
1289,0.40879637002944946
1290,0.3446938693523407
1291,0.48897820711135864
1292,0.3222821354866028
1293,0.5543946623802185
1294,0.3001990020275116
1295,0.21887055039405823
1296,0.2965918779373169
1297,0.21480578184127808
1298,0.4069531261920929
1299,0.529556930065155
1300,0.26381996273994446
1301,0.47357410192489624
1302,0.6235186457633972
1303,0.3592972159385681
1304,0.39539390802383423
1305,0.3193685710430145
1306,0.45369473099708557
1307,0.6173309683799744
1308,0.6831429600715637
1309,0.44234901666641235
1310,0.22836104035377502
1311,0.7346836924552917
1312,0.443655401468277
1313,0.634667694568634
1314,0.23257462680339813
1315,0.6011834740638733
1316,0.5350394248962402
1317,0.22371593117713928
1318,0.735305905342102
1319,0.2504105567932129
1320,0.4522532522678375
1321,0.7188472151756287
1322,0.36708056926727295
1323,0.6877931952476501
1324,0.3636661767959595
1325,0.4079773426055908
1326,0.39551791548728943
1327,0.7561924457550049
1328,0.7824373841285706
1329,0.3981044292449951
1330,0.23956958949565887
1331,0.5653426051139832
1332,0.5063021779060364
1333,0.6874526143074036
1334,0.27190619707107544
1335,0.6501722931861877
1336,0.6246672868728638
1337,0.3509974479675293
1338,0.27268490195274353
1339,0.4490056335926056
1340,0.7744101285934448
1341,0.3872910737991333
1342,0.2999783456325531
1343,0.324550598859787
1344,0.44611501693725586
1345,0.2581443190574646
1346,0.8127270340919495
1347,0.3612939119338989
1348,0.3910057544708252
1349,0.3298150599002838
1350,0.22173470258712769
1351,0.29692402482032776
1352,0.40801262855529785
1353,0.3129660487174988
1354,0.7116526961326599
1355,0.711347758769989
1356,0.7976239919662476
1357,0.45270824432373047
1358,0.3739688992500305
1359,0.3255365490913391
1360,0.585996687412262
1361,0.23146329820156097
1362,0.17104536294937134
1363,0.36946821212768555
1364,0.5381305813789368
1365,0.3277866244316101
1366,0.22688637673854828
1367,0.33975502848625183
1368,0.3951656222343445
1369,0.5445321202278137
1370,0.4262045621871948
1371,0.6444361805915833
1372,0.40772920846939087
1373,0.2879965901374817
1374,0.35120564699172974
1375,0.44167178869247437
1376,0.7957847118377686
1377,0.4449753165245056
1378,0.21176446974277496
1379,0.38276776671409607
1380,0.5328879952430725
1381,0.31329622864723206
1382,0.4446198344230652
1383,0.49874332547187805
1384,0.5129134654998779
1385,0.37749016284942627
1386,0.1995815634727478
1387,0.35712429881095886
1388,0.4428269565105438
1389,0.4173201322555542
1390,0.3352077901363373
1391,0.504936695098877
1392,0.5759809613227844
1393,0.5728197693824768
1394,0.2969982624053955
1395,0.18397854268550873
1396,0.6170929074287415
1397,0.28291836380958557
1398,0.31969326734542847
1399,0.5111891627311707
1400,0.20184898376464844
1401,0.7245538234710693
1402,0.3756890296936035
1403,0.506077766418457
1404,0.2510184943675995
1405,0.8118919134140015
1406,0.4551258683204651
1407,0.49310606718063354
1408,0.7708766460418701
1409,0.8157555460929871
1410,0.3934943377971649
1411,0.3980526924133301
1412,0.2117883712053299
1413,0.19517092406749725
1414,0.29370686411857605
1415,0.3705137372016907
1416,0.42004358768463135
1417,0.8286420106887817
1418,0.7744351625442505
1419,0.2770766615867615
1420,0.565595805644989
1421,0.5820068717002869
1422,0.18304818868637085
1423,0.5124644637107849
1424,0.7659552693367004
1425,0.34951186180114746
1426,0.20759274065494537
1427,0.4113769829273224
1428,0.2876967787742615
1429,0.7283415198326111
1430,0.5628796815872192
1431,0.44777876138687134
1432,0.7512155771255493
1433,0.334419846534729
1434,0.39412257075309753
1435,0.6178483366966248
1436,0.5968427062034607
1437,0.21777832508087158
1438,0.280146062374115
1439,0.6788447499275208
1440,0.5115442276000977
1441,0.7168928980827332
1442,0.6839068531990051
1443,0.3095328211784363
1444,0.7427446246147156
1445,0.5612196922302246
1446,0.8376995325088501
1447,0.5499005913734436
1448,0.8253217339515686
1449,0.40877753496170044
1450,0.4022338390350342
1451,0.3834424614906311
1452,0.38620561361312866
1453,0.3178632855415344
1454,0.19588199257850647
1455,0.5436139106750488
1456,0.8348422646522522
1457,0.18092794716358185
1458,0.4677730202674866
1459,0.1866719126701355
1460,0.38882172107696533
1461,0.5480997562408447
1462,0.38599807024002075
1463,0.6287968754768372
1464,0.365176260471344
1465,0.49643751978874207
1466,0.30008095502853394
1467,0.807165801525116
1468,0.51302170753479
1469,0.394153892993927
1470,0.8219866752624512
1471,0.40044301748275757
1472,0.35640838742256165
1473,0.7114718556404114
1474,0.4289528727531433
1475,0.29759475588798523
1476,0.4630081057548523
1477,0.4334946870803833
1478,0.39443105459213257
1479,0.3392874598503113
1480,0.24241966009140015
1481,0.16498880088329315
1482,0.5628083944320679
1483,0.3145630359649658
1484,0.34423768520355225
1485,0.37067025899887085
1486,0.21895280480384827
1487,0.4181697964668274
1488,0.4849121868610382
1489,0.34100693464279175
1490,0.5644955635070801
1491,0.5692847371101379
1492,0.5438677072525024
1493,0.566444456577301
1494,0.4165400266647339
1495,0.580000102519989
1496,0.7069059610366821
1497,0.7641468644142151
1498,0.4026358425617218
1499,0.4972303509712219
1500,0.4722074866294861
1501,0.3993377983570099
1502,0.16822800040245056
1503,0.4772180914878845
1504,0.8070631623268127
1505,0.3213597536087036
1506,0.7130995988845825
1507,0.4671628773212433
1508,0.2834188938140869
1509,0.4235357642173767
1510,0.548708438873291
1511,0.8259910345077515
1512,0.5979768633842468
1513,0.7703551650047302
1514,0.1944350153207779
1515,0.23083338141441345
1516,0.4754490852355957
1517,0.4542688727378845
1518,0.21502099931240082
1519,0.7143166661262512
1520,0.2959526777267456
1521,0.4802270233631134
1522,0.3173938989639282
1523,0.396414577960968
1524,0.3926222324371338
1525,0.36703985929489136
1526,0.7235159277915955
1527,0.30340176820755005
1528,0.43145042657852173
1529,0.23385155200958252
1530,0.6684789657592773
1531,0.2843603193759918
1532,0.296680748462677
1533,0.46117299795150757
1534,0.6349963545799255
1535,0.20138655602931976
1536,0.3231542408466339
1537,0.5010987520217896
1538,0.7779253125190735
1539,0.4749791622161865
1540,0.543231725692749
1541,0.5187072157859802
1542,0.637947142124176
1543,0.4785325527191162
1544,0.36999818682670593
1545,0.2509836256504059
1546,0.2308550626039505
1547,0.7307000756263733
1548,0.3184122145175934
1549,0.6113212704658508
1550,0.24939429759979248
1551,0.8421026468276978
1552,0.5084659457206726
1553,0.37545737624168396
1554,0.3767152428627014
1555,0.5523647665977478
1556,0.4616411328315735
1557,0.8177865743637085
1558,0.3142969012260437
1559,0.3636248707771301
1560,0.23551535606384277
1561,0.5239618420600891
1562,0.4897834062576294
1563,0.6846523284912109
1564,0.4342326521873474
1565,0.3637291491031647
1566,0.46474045515060425
1567,0.7815587520599365
1568,0.6609677076339722
1569,0.5567236542701721
1570,0.7592466473579407
1571,0.5731775164604187
1572,0.5943570733070374
1573,0.42304250597953796
1574,0.23842351138591766
1575,0.6367316246032715
1576,0.3387218117713928
1577,0.24633343517780304
1578,0.3254810869693756
1579,0.18784812092781067
1580,0.6236925721168518
1581,0.34983396530151367
1582,0.42288467288017273
1583,0.2035309076309204
1584,0.41016045212745667
1585,0.5799946188926697
1586,0.33070215582847595
1587,0.18733076751232147
1588,0.41985443234443665
1589,0.30826663970947266
1590,0.3585548996925354
1591,0.5150780081748962
1592,0.3992026746273041
1593,0.3146509528160095
1594,0.37092816829681396
1595,0.2686200737953186
1596,0.5756819844245911
1597,0.7185643911361694
1598,0.39622193574905396
1599,0.3296343684196472
1600,0.749690592288971
1601,0.5678203701972961
1602,0.2395213395357132
1603,0.5610533952713013
1604,0.4547373652458191
1605,0.531104564666748
1606,0.4420716166496277
1607,0.5932398438453674
1608,0.8265542984008789
1609,0.7977792024612427
1610,0.20737692713737488
1611,0.322593092918396
1612,0.2764880061149597
1613,0.17959028482437134
1614,0.36236220598220825
1615,0.1921936273574829
1616,0.29325157403945923
1617,0.20793306827545166
1618,0.3207794427871704
1619,0.4377799332141876
1620,0.4415706992149353
1621,0.44400709867477417
1622,0.4208083152770996
1623,0.8317347168922424
1624,0.4102463722229004
1625,0.62028568983078
1626,0.22939439117908478
1627,0.41795340180397034
1628,0.5222688317298889
1629,0.2865856885910034
1630,0.4610177278518677
1631,0.325736403465271
1632,0.5773243308067322
1633,0.25773054361343384
1634,0.3395971357822418
1635,0.48679569363594055
1636,0.7826504111289978
1637,0.2643643021583557
1638,0.23559355735778809
1639,0.7883319854736328
1640,0.5218314528465271
1641,0.34697768092155457
1642,0.6420606970787048
1643,0.39741426706314087
1644,0.6114969849586487
1645,0.4329250454902649
1646,0.24986833333969116
1647,0.4860513508319855
1648,0.5067391991615295
1649,0.7335308194160461
1650,0.6977684497833252
1651,0.4871160387992859
1652,0.24497580528259277
1653,0.4128084182739258
1654,0.39805853366851807
1655,0.5855881571769714
1656,0.2707671821117401
1657,0.3172757923603058
1658,0.5864760279655457
1659,0.7389573454856873
1660,0.5127137303352356
1661,0.13155418634414673
1662,0.3169279098510742
1663,0.26312902569770813
1664,0.6286877989768982
1665,0.37717437744140625
1666,0.8253389000892639
1667,0.526472270488739
1668,0.2594280242919922
1669,0.643880307674408
1670,0.5129699110984802
1671,0.5148802995681763
1672,0.7373084425926208
1673,0.8149985074996948
1674,0.4759123623371124
1675,0.41000229120254517
1676,0.24263368546962738
1677,0.41151824593544006
1678,0.44823724031448364
1679,0.47243189811706543
1680,0.531455397605896
1681,0.7800659537315369
1682,0.3005222976207733
1683,0.4900625944137573
1684,0.24965932965278625
1685,0.4204995632171631
1686,0.5418132543563843
1687,0.757579505443573
1688,0.26032090187072754
1689,0.3908112347126007
1690,0.2733278274536133
1691,0.5806894898414612
1692,0.5263823866844177
1693,0.1413719356060028
1694,0.7376150488853455
1695,0.5938324332237244
1696,0.5506662130355835
1697,0.4556322395801544
1698,0.16999727487564087
1699,0.3217970132827759
1700,0.727512538433075
1701,0.3854845464229584
1702,0.5309917330741882
1703,0.78226238489151
1704,0.4413408637046814
1705,0.44290152192115784
1706,0.24465851485729218
1707,0.5093703269958496
1708,0.5750546455383301
1709,0.7585560083389282
1710,0.29428642988204956
1711,0.7877107262611389
1712,0.3449726700782776
1713,0.5414989590644836
1714,0.25189393758773804
1715,0.42781391739845276
1716,0.5635169744491577
1717,0.2672284245491028
1718,0.47766175866127014
1719,0.4503437280654907
1720,0.5562680959701538
1721,0.7064713835716248
1722,0.36815887689590454
1723,0.5269103646278381
1724,0.6243958473205566
1725,0.4685300588607788
1726,0.7378672361373901
1727,0.3778320550918579
1728,0.6367576122283936
1729,0.5805739760398865
1730,0.7739081978797913
1731,0.6007370948791504
1732,0.6531787514686584
1733,0.3169887363910675
1734,0.34993666410446167
1735,0.7018436789512634
1736,0.5517962574958801
1737,0.5001291632652283
1738,0.4927976727485657
1739,0.6463974118232727
1740,0.5433366894721985
1741,0.2106415331363678
1742,0.19519422948360443
1743,0.23050947487354279
1744,0.4742079973220825
1745,0.4517488479614258
1746,0.23981866240501404
1747,0.5418927073478699
1748,0.5862752199172974
1749,0.24357250332832336
1750,0.4295855760574341
1751,0.38841712474823
1752,0.6383444666862488
1753,0.22112701833248138
1754,0.5934181809425354
1755,0.7292971014976501
1756,0.7229412794113159
1757,0.22844286262989044
1758,0.30585989356040955
1759,0.38393187522888184
1760,0.32645106315612793
1761,0.5821999907493591
1762,0.47621119022369385
1763,0.34552139043807983
1764,0.5557490587234497
1765,0.48404935002326965
1766,0.4749337136745453
1767,0.335801899433136
1768,0.6171898245811462
1769,0.34134340286254883
1770,0.24585360288619995
1771,0.5649916529655457
1772,0.8274862170219421
1773,0.6071950197219849
1774,0.2511886954307556
1775,0.5240494608879089
1776,0.4313671588897705
1777,0.417224645614624
1778,0.8222420811653137
1779,0.7364400625228882
1780,0.3813807964324951
1781,0.43765121698379517
1782,0.5251750349998474
1783,0.6915568709373474
1784,0.5209702849388123
1785,0.41361725330352783
1786,0.2213098406791687
1787,0.7073251605033875
1788,0.7862074971199036
1789,0.7525959014892578
1790,0.4627024531364441
1791,0.4757465720176697
1792,0.7007259726524353
1793,0.48610275983810425
1794,0.6193598508834839
1795,0.2054746448993683
1796,0.2616944909095764
1797,0.7133342027664185
1798,0.2929267883300781
1799,0.42576688528060913
1800,0.5082133412361145
1801,0.5694361329078674
1802,0.5603597164154053
1803,0.4981817305088043
1804,0.23847845196723938
1805,0.5410439372062683
1806,0.3291260600090027
1807,0.5262563824653625
1808,0.6337612271308899
1809,0.8158720135688782
1810,0.2820081114768982
1811,0.5359893441200256
1812,0.4943925142288208
1813,0.4463859796524048
1814,0.6166964173316956
1815,0.2360408753156662
1816,0.694702684879303
1817,0.8283284902572632
1818,0.5667709112167358
1819,0.5398359894752502
1820,0.5130706429481506
1821,0.7446639537811279
1822,0.5217137932777405
1823,0.37805426120758057
1824,0.2119731605052948
1825,0.6448944211006165
1826,0.4811538755893707
1827,0.5565382242202759
1828,0.8067039847373962
1829,0.38469207286834717
1830,0.4257412552833557
1831,0.7650102376937866
1832,0.2053723782300949
1833,0.510836660861969
1834,0.467040479183197
1835,0.5707463026046753
1836,0.7970631122589111
1837,0.4985772967338562
1838,0.703795313835144
1839,0.4211962819099426
1840,0.7804163098335266
1841,0.20563866198062897
1842,0.3987613320350647
1843,0.4770253300666809
1844,0.6402395367622375
1845,0.389151394367218
1846,0.49071455001831055
1847,0.4966413378715515
1848,0.2945786118507385
1849,0.4062967002391815
1850,0.25208327174186707
1851,0.20017486810684204
1852,0.8358715176582336
1853,0.7523419260978699
1854,0.500773012638092
1855,0.3174830377101898
1856,0.564184844493866
1857,0.6109737753868103
1858,0.4732649624347687
1859,0.761566162109375
1860,0.8399097323417664
1861,0.6762548685073853
1862,0.2360081821680069
1863,0.5354731678962708
1864,0.38517266511917114
1865,0.57594233751297
1866,0.6511661410331726
1867,0.3582691550254822
1868,0.6858309507369995
1869,0.4648391008377075
1870,0.41490381956100464
1871,0.7256579995155334
1872,0.5813002586364746
1873,0.6918862462043762
1874,0.3434172570705414
1875,0.7295485138893127
1876,0.5188292860984802
1877,0.3911857604980469
1878,0.5366590023040771
1879,0.27585238218307495
1880,0.7418740391731262
1881,0.3224506378173828
1882,0.6275368928909302
1883,0.5403981804847717
1884,0.3738763928413391
1885,0.4987671375274658
1886,0.5915411114692688
1887,0.25991755723953247
1888,0.39686405658721924
1889,0.2945897579193115
1890,0.4978354573249817
1891,0.2973000407218933
1892,0.31259769201278687
1893,0.3831292390823364
1894,0.5009416937828064
1895,0.17985092103481293
1896,0.6605585217475891
1897,0.6327345371246338
1898,0.4952252209186554
1899,0.7399511933326721
1900,0.1713215410709381
1901,0.5210579633712769
1902,0.523646354675293
1903,0.421594500541687
1904,0.4809160828590393
1905,0.45688721537590027
1906,0.31289219856262207
1907,0.23641566932201385
1908,0.2846904397010803
1909,0.5326743721961975
1910,0.6871215105056763
1911,0.5571699738502502
1912,0.29386740922927856
1913,0.4342716634273529
1914,0.3777690529823303
1915,0.3145439326763153
1916,0.4679730534553528
1917,0.5277748703956604
1918,0.46270275115966797
1919,0.19517385959625244
1920,0.5821839570999146
1921,0.3095088601112366
1922,0.4415307641029358
1923,0.4822942614555359
1924,0.7133234143257141
1925,0.487062007188797
1926,0.42493921518325806
1927,0.8248993754386902
1928,0.28684693574905396
1929,0.7129145860671997
1930,0.33409661054611206
1931,0.40629690885543823
1932,0.6939507126808167
1933,0.3537161350250244
1934,0.301662415266037
1935,0.45833343267440796
1936,0.48822763562202454
1937,0.5302096009254456
1938,0.5709861516952515
1939,0.548967719078064
1940,0.3576192855834961
1941,0.4309515655040741
1942,0.3979666829109192
1943,0.6599443554878235
1944,0.5841525197029114
1945,0.6265726685523987
1946,0.5129921436309814
1947,0.21042189002037048
1948,0.34326377511024475
1949,0.5312185287475586
1950,0.49445897340774536
1951,0.29751384258270264
1952,0.4211128354072571
1953,0.3058282136917114
1954,0.5558916926383972
1955,0.7102159857749939
1956,0.4760303497314453
1957,0.4805976152420044
1958,0.5539832711219788
1959,0.4629174470901489
1960,0.19231808185577393
1961,0.42360061407089233
1962,0.5293126106262207
1963,0.21602404117584229
1964,0.3459931015968323
1965,0.38669902086257935
1966,0.2921838164329529
1967,0.5779709815979004
1968,0.575209379196167
1969,0.5257264375686646
1970,0.5828044414520264
1971,0.3406140208244324
1972,0.5584593415260315
1973,0.5019717812538147
1974,0.32690876722335815
1975,0.7152901887893677
1976,0.7305792570114136
1977,0.54148930311203
1978,0.2235712856054306
1979,0.6534067392349243
1980,0.45268601179122925
1981,0.5923568606376648
1982,0.8129321932792664
1983,0.6626651883125305
1984,0.5458160042762756
1985,0.31251272559165955
1986,0.2729027569293976
1987,0.3060673475265503
1988,0.4912620186805725
1989,0.7193242311477661
1990,0.5244003534317017
1991,0.19188958406448364
1992,0.5287052989006042
1993,0.5668957829475403
1994,0.44143086671829224
1995,0.5853351950645447
1996,0.40971821546554565
1997,0.5041193962097168
1998,0.23312419652938843
1999,0.2642478942871094
2000,0.6503905057907104
2001,0.34891277551651
2002,0.2785112261772156
2003,0.4038216769695282
2004,0.7444643974304199
2005,0.635894238948822
2006,0.5509028434753418
2007,0.40940022468566895
2008,0.2726157009601593
2009,0.5888294577598572
2010,0.823015034198761
2011,0.42439305782318115
2012,0.6001628041267395
2013,0.4411959946155548
2014,0.4028453528881073
2015,0.30959832668304443
2016,0.20181971788406372
2017,0.5286211371421814
2018,0.4615100026130676
2019,0.7824623584747314
2020,0.4376659691333771
2021,0.4638743996620178
2022,0.6815586090087891
2023,0.5700943470001221
2024,0.4519560933113098
2025,0.22814050316810608
2026,0.6465339064598083
2027,0.42080914974212646
2028,0.6614229083061218
2029,0.7088587880134583
2030,0.4384327828884125
2031,0.8013833165168762
2032,0.4654533267021179
2033,0.4930596351623535
2034,0.7113413214683533
2035,0.6032955050468445
2036,0.6885467171669006
2037,0.49037742614746094
2038,0.8265365958213806
2039,0.5158278346061707
2040,0.3961060643196106
2041,0.7217762470245361
2042,0.1897246390581131
2043,0.8092095255851746
2044,0.6586063504219055
2045,0.7048441767692566
2046,0.3405899405479431
2047,0.4507424831390381
2048,0.30445557832717896
2049,0.3923933506011963
2050,0.5853230357170105
2051,0.3468802571296692
2052,0.4461754858493805
2053,0.3921158015727997
2054,0.7701193690299988
2055,0.4031686782836914
2056,0.522330641746521
2057,0.7344205975532532
2058,0.3958497643470764
2059,0.4423995018005371
2060,0.8250482082366943
2061,0.23304890096187592
2062,0.35468459129333496
2063,0.3934188485145569
2064,0.24582472443580627
2065,0.4357303977012634
2066,0.3221203088760376
2067,0.578098714351654
2068,0.4239741861820221
2069,0.4955841302871704
2070,0.4553837180137634
2071,0.4814383387565613
2072,0.7787830233573914
2073,0.31004661321640015
2074,0.7626083493232727
2075,0.25811880826950073
2076,0.26423579454421997
2077,0.6629260182380676
2078,0.7142093777656555
2079,0.4876123070716858
2080,0.49717724323272705
2081,0.3406965136528015
2082,0.5075163841247559
2083,0.7120779156684875
2084,0.7245277762413025
2085,0.5999600291252136
2086,0.7475387454032898
2087,0.3371594548225403
2088,0.523103654384613
2089,0.5486248731613159
2090,0.5216352343559265
2091,0.66744464635849
2092,0.5400025248527527
2093,0.27798712253570557
2094,0.6558166146278381
2095,0.3377596139907837
2096,0.7037768363952637
2097,0.34539419412612915
2098,0.8038502335548401
2099,0.32515352964401245
2100,0.38884520530700684
2101,0.5536179542541504
2102,0.49779003858566284
2103,0.6883681416511536
2104,0.35931092500686646
2105,0.40198585391044617
2106,0.37731799483299255
2107,0.7909216284751892
2108,0.2434152215719223
2109,0.34294581413269043
2110,0.25156283378601074
2111,0.8420374989509583
2112,0.2702322006225586
2113,0.6855245232582092
2114,0.39142507314682007
2115,0.38656648993492126
2116,0.5239169597625732
2117,0.7341153025627136
2118,0.7055408954620361
2119,0.5024802684783936
2120,0.24537168443202972
2121,0.21700036525726318
2122,0.5680810809135437
2123,0.19872541725635529
2124,0.19148898124694824
2125,0.5393280386924744
2126,0.49769917130470276
2127,0.746794581413269
2128,0.6602267622947693
2129,0.6776291728019714
2130,0.29712414741516113
2131,0.42800018191337585
2132,0.531912624835968
2133,0.5448675751686096
2134,0.26533469557762146
2135,0.6152389645576477
2136,0.6723663806915283
2137,0.5009816288948059
2138,0.4330708980560303
2139,0.3471725583076477
2140,0.56734699010849
2141,0.29452523589134216
2142,0.5600055456161499
2143,0.4473075866699219
2144,0.7358995079994202
2145,0.548213005065918
2146,0.47991207242012024
2147,0.41416293382644653
2148,0.8268125653266907
2149,0.7204862833023071
2150,0.5592396855354309
2151,0.5073874592781067
2152,0.24677827954292297
2153,0.8341326713562012
2154,0.6815324425697327
2155,0.8374030590057373
2156,0.4528125822544098
2157,0.2880399823188782
2158,0.34226107597351074
2159,0.48956993222236633
2160,0.7413679361343384
2161,0.7178782224655151
2162,0.6455205678939819
2163,0.3216209411621094
2164,0.6745248436927795
2165,0.4802452325820923
2166,0.3697168231010437
2167,0.5866746306419373
2168,0.42877769470214844
2169,0.24266697466373444
2170,0.7227205634117126
2171,0.5541256070137024
2172,0.6533101201057434
2173,0.19665314257144928
2174,0.6701722145080566
2175,0.5000091195106506
2176,0.4461187720298767
2177,0.43943309783935547
2178,0.6166185736656189
2179,0.8184383511543274
2180,0.2023790180683136
2181,0.2841375768184662
2182,0.7470303177833557
2183,0.2703861892223358
2184,0.37586361169815063
2185,0.376720130443573
2186,0.4603511691093445
2187,0.44704675674438477
2188,0.409939169883728
2189,0.515850841999054
2190,0.22230161726474762
2191,0.8152932524681091
2192,0.6890362501144409
2193,0.2728826403617859
2194,0.5248109102249146
2195,0.6983953714370728
2196,0.6770763993263245
2197,0.5981464982032776
2198,0.4331117272377014
2199,0.704159140586853
2200,0.4618695378303528
2201,0.46431776881217957
2202,0.4455215334892273
2203,0.5247262120246887
2204,0.23110875487327576
2205,0.6353781223297119
2206,0.6498314142227173
2207,0.19050467014312744
2208,0.3099091649055481
2209,0.5345994830131531
2210,0.7591412663459778
2211,0.25569820404052734
2212,0.2233862280845642
2213,0.43228596448898315
2214,0.4498779773712158
2215,0.8361284136772156
2216,0.37100690603256226
2217,0.32716721296310425
2218,0.3193586468696594
2219,0.5800477862358093
2220,0.597339928150177
2221,0.3174830377101898
2222,0.43111270666122437
2223,0.5348085165023804
2224,0.5162143111228943
2225,0.4923393428325653
2226,0.6305549740791321
2227,0.4524000287055969
2228,0.40511614084243774
2229,0.4627479910850525
2230,0.24399898946285248
2231,0.6653545498847961
2232,0.6614006161689758
2233,0.37913739681243896
2234,0.43272578716278076
2235,0.3404380679130554
2236,0.5749327540397644
2237,0.47346335649490356
2238,0.43639978766441345
2239,0.16457928717136383
2240,0.4345371127128601
2241,0.2615622282028198
2242,0.706493079662323
2243,0.4950811266899109
2244,0.5914701819419861
2245,0.6162893176078796
2246,0.3475879430770874
2247,0.821430504322052
2248,0.5135195851325989
2249,0.6708515882492065
2250,0.5478549003601074
2251,0.5183859467506409
2252,0.5403964519500732
2253,0.5385531783103943
2254,0.3402276039123535
2255,0.6307887434959412
2256,0.2552380859851837
2257,0.785797655582428
2258,0.34948134422302246
2259,0.6623660922050476
2260,0.5443649888038635
2261,0.40213707089424133
2262,0.6600781083106995
2263,0.553517758846283
2264,0.7745404839515686
2265,0.8086357712745667
2266,0.6174668073654175
2267,0.6245803833007812
2268,0.5088244080543518
2269,0.7022976875305176
2270,0.5599482655525208
2271,0.6518108248710632
2272,0.62918621301651
2273,0.3769497871398926
2274,0.3251723647117615
2275,0.21384476125240326
2276,0.36469149589538574
2277,0.4253356158733368
2278,0.2418418526649475
2279,0.4935148060321808
2280,0.7753279209136963
2281,0.6429534554481506
2282,0.808229386806488
2283,0.48269689083099365
2284,0.8101176619529724
2285,0.363361656665802
2286,0.36462369561195374
2287,0.5702917575836182
2288,0.7274993062019348
2289,0.45739901065826416
2290,0.4784516990184784
2291,0.38732194900512695
2292,0.6217353343963623
2293,0.34889912605285645
2294,0.8212515711784363
2295,0.2980252504348755
2296,0.4822792410850525
2297,0.2303960919380188
2298,0.39011910557746887
2299,0.7107126116752625
2300,0.42424899339675903
2301,0.2603137493133545
2302,0.1999736726284027
2303,0.7393876910209656
2304,0.6173287630081177
2305,0.38739821314811707
2306,0.7053770422935486
2307,0.5478258728981018
2308,0.3316379487514496
2309,0.38336610794067383
2310,0.8191182017326355
2311,0.4448869228363037
2312,0.6052379012107849
2313,0.7801479697227478
2314,0.6035259366035461
2315,0.4378335475921631
2316,0.4861237406730652
2317,0.7786990404129028
2318,0.44708114862442017
2319,0.48879972100257874
2320,0.20917856693267822
2321,0.27262794971466064
2322,0.27768951654434204
2323,0.5476179718971252
2324,0.22839513421058655
2325,0.549686074256897
2326,0.47739696502685547
2327,0.42407238483428955
2328,0.5426691174507141
2329,0.5495402216911316
2330,0.4338991343975067
2331,0.8071979880332947
2332,0.38889777660369873
2333,0.4535275399684906
2334,0.41258716583251953
2335,0.39519524574279785
2336,0.6471243500709534
2337,0.26014643907546997
2338,0.22625574469566345
2339,0.7280247807502747
2340,0.391899049282074
2341,0.43197861313819885
2342,0.33732205629348755
2343,0.45896297693252563
2344,0.400055468082428
2345,0.4517940282821655
2346,0.32808172702789307
2347,0.5116370916366577
2348,0.4002831280231476
2349,0.5344200730323792
2350,0.7438747882843018
2351,0.19182543456554413
2352,0.3909493684768677
2353,0.5109812617301941
2354,0.484618216753006
2355,0.6575998663902283
2356,0.4123244881629944
2357,0.37538254261016846
2358,0.3722866177558899
2359,0.7116261124610901
2360,0.44911015033721924
2361,0.5581074357032776
2362,0.4330833852291107
2363,0.46346259117126465
2364,0.44859424233436584
2365,0.552320659160614
2366,0.40907418727874756
2367,0.7585650682449341
2368,0.562920868396759
2369,0.25755205750465393
2370,0.4170082211494446
2371,0.8426894545555115
2372,0.6207533478736877
2373,0.7283787727355957
2374,0.6257416009902954
2375,0.6844757199287415
2376,0.5115830898284912
2377,0.3345309793949127
2378,0.43977153301239014
2379,0.5834008455276489
2380,0.41276901960372925
2381,0.6989868879318237
2382,0.7781817317008972
2383,0.814441442489624
2384,0.7174952626228333
2385,0.6809582710266113
2386,0.23962567746639252
2387,0.7988185882568359
2388,0.18517613410949707
2389,0.7174313068389893
2390,0.3926817774772644
2391,0.19094762206077576
2392,0.3781213164329529
2393,0.1917211413383484
2394,0.7525960206985474
2395,0.21824565529823303
2396,0.19696222245693207
2397,0.32780927419662476
2398,0.7843175530433655
2399,0.4428614377975464
2400,0.6047470569610596
2401,0.5711577534675598
2402,0.38628914952278137
2403,0.7091259360313416
2404,0.5211783647537231
2405,0.6987912058830261
2406,0.6375702619552612
2407,0.23212729394435883
2408,0.62295001745224
2409,0.5014365911483765
2410,0.6559761762619019
2411,0.4355504512786865
2412,0.5871137976646423
2413,0.8185277581214905
2414,0.23001928627490997
2415,0.4020219147205353
2416,0.41055625677108765
2417,0.7170249223709106
2418,0.33999374508857727
2419,0.5366665124893188
2420,0.7394647002220154
2421,0.4636291265487671
2422,0.53040611743927
2423,0.77877277135849
2424,0.4476828873157501
2425,0.4862542748451233
2426,0.49645087122917175
2427,0.39506351947784424
2428,0.5608530640602112
2429,0.4835223853588104
2430,0.4815428853034973
2431,0.7262195348739624
2432,0.22569973766803741
2433,0.4034678339958191
2434,0.46701598167419434
2435,0.5095432996749878
2436,0.25946545600891113
2437,0.7597163319587708
2438,0.6765848398208618
2439,0.49510788917541504
2440,0.5519335269927979
2441,0.18263722956180573
2442,0.5132626891136169
2443,0.4284723401069641
2444,0.5476801991462708
2445,0.6223764419555664
2446,0.6838486790657043
2447,0.8036481738090515
2448,0.6582304239273071
2449,0.24986177682876587
2450,0.22227957844734192
2451,0.5674517154693604
2452,0.4807341992855072
2453,0.32997190952301025
2454,0.45309579372406006
2455,0.35436612367630005
2456,0.614291787147522
2457,0.6471983194351196
2458,0.2544492781162262
2459,0.5380418300628662
2460,0.39221468567848206
2461,0.29759636521339417
2462,0.4338676333427429
2463,0.5478472113609314
2464,0.2886577248573303
2465,0.8218837976455688
2466,0.6403871178627014
2467,0.49120935797691345
2468,0.5075139403343201
2469,0.3557685613632202
2470,0.24691614508628845
2471,0.32703298330307007
2472,0.44847485423088074
2473,0.3590516448020935
2474,0.2530016005039215
2475,0.45052042603492737
2476,0.18934494256973267
2477,0.43969184160232544
2478,0.46440064907073975
2479,0.2493380606174469
2480,0.39475589990615845
2481,0.2903500199317932
2482,0.3422558903694153
2483,0.5686172842979431
2484,0.6224005818367004
2485,0.25944793224334717
2486,0.5159124135971069
2487,0.21720142662525177
2488,0.3879167437553406
2489,0.459489107131958
2490,0.3955879509449005
2491,0.6348161697387695
2492,0.3800332844257355
2493,0.646425187587738
2494,0.395673006772995
2495,0.29522836208343506
2496,0.38964444398880005
2497,0.8269583582878113
2498,0.29148223996162415
2499,0.21660353243350983
2500,0.16473346948623657
2501,0.3277597427368164
2502,0.30747830867767334
2503,0.5749987363815308
2504,0.38536596298217773
2505,0.5107741951942444
2506,0.49410736560821533
2507,0.7485224604606628
2508,0.5564517378807068
2509,0.749358594417572
2510,0.5896148681640625
2511,0.5779908299446106
2512,0.22266024351119995
2513,0.32930147647857666
2514,0.5768056511878967
2515,0.35758668184280396
2516,0.7119351625442505
2517,0.7327718138694763
2518,0.5933043360710144
2519,0.503304660320282
2520,0.35892170667648315
2521,0.7784578800201416
2522,0.38701876997947693
2523,0.4467548727989197
2524,0.26943153142929077
2525,0.7137102484703064
2526,0.3073495924472809
2527,0.4027722477912903
2528,0.3081238269805908
2529,0.6133906245231628
2530,0.3863619267940521
2531,0.6805120706558228
2532,0.6332675814628601
2533,0.33328619599342346
2534,0.2865774631500244
2535,0.6945857405662537
2536,0.48245924711227417
2537,0.7004924416542053
2538,0.5268414616584778
2539,0.32631373405456543
2540,0.3225661516189575
2541,0.6083876490592957
2542,0.5037923455238342
2543,0.27900081872940063
2544,0.4301598370075226
2545,0.7136487364768982
2546,0.784354567527771
2547,0.359194815158844
2548,0.3501266539096832
2549,0.35733741521835327
2550,0.2818030118942261
2551,0.360920250415802
2552,0.20392143726348877
2553,0.5162891149520874
2554,0.371135413646698
2555,0.3593844771385193
2556,0.26015257835388184
2557,0.8014684319496155
2558,0.8007014393806458
2559,0.6905983090400696
2560,0.2969459891319275
2561,0.46667978167533875
2562,0.392356276512146
2563,0.23654766380786896
2564,0.3349382281303406
2565,0.5580316185951233
2566,0.8151665329933167
2567,0.23849548399448395
2568,0.34957706928253174
2569,0.6866288185119629
2570,0.6830328106880188
2571,0.5852808356285095
2572,0.4627576470375061
2573,0.4739706218242645
2574,0.3716205656528473
2575,0.4991164803504944
2576,0.472205251455307
2577,0.31964126229286194
2578,0.4660843014717102
2579,0.6986628174781799
2580,0.3015143871307373
2581,0.547252357006073
2582,0.6926735639572144
2583,0.674460768699646
2584,0.6151865124702454
2585,0.5386027097702026
2586,0.5672336220741272
2587,0.2866833209991455
2588,0.7187021374702454
2589,0.3090956509113312
2590,0.22320251166820526
2591,0.5723111629486084
2592,0.7309044599533081
2593,0.5664437413215637
2594,0.675634503364563
2595,0.3690984845161438
2596,0.20210376381874084
2597,0.7813206911087036
2598,0.5771958231925964
2599,0.2831866145133972
2600,0.4071682095527649
2601,0.22665905952453613
2602,0.5926928520202637
2603,0.4302932322025299
2604,0.2722214460372925
2605,0.7060217261314392
2606,0.4639761447906494
2607,0.3936886191368103
2608,0.3711082339286804
2609,0.2597256302833557
2610,0.41304272413253784
2611,0.3920133113861084
2612,0.4589906632900238
2613,0.43669024109840393
2614,0.3055970370769501
2615,0.4239303469657898
2616,0.5340312123298645
2617,0.4885748028755188
2618,0.743803083896637
2619,0.42806482315063477
2620,0.35084736347198486
2621,0.6511139273643494
2622,0.32549506425857544
2623,0.35568761825561523
2624,0.5829429030418396
2625,0.4005778729915619
2626,0.3753780126571655
2627,0.3811865448951721
2628,0.39501461386680603
2629,0.49871593713760376
2630,0.7224697470664978
2631,0.25668856501579285
2632,0.25271618366241455
2633,0.4710363447666168
2634,0.49796777963638306
2635,0.5548419952392578
2636,0.7975887656211853
2637,0.2955617904663086
2638,0.3082888126373291
2639,0.43821465969085693
2640,0.3906983733177185
2641,0.8098728060722351
2642,0.6236190795898438
2643,0.3621024489402771
2644,0.5000962615013123
2645,0.2773579955101013
2646,0.6529573798179626
2647,0.5695734024047852
2648,0.5734107494354248
2649,0.7598170638084412
2650,0.5637486577033997
2651,0.4080446660518646
2652,0.4738633632659912
2653,0.3918718695640564
2654,0.5282994508743286
2655,0.2084554135799408
2656,0.1808934062719345
2657,0.5020533204078674
2658,0.3702950179576874
2659,0.4896528720855713
2660,0.5209106206893921
2661,0.3569338321685791
2662,0.2747958302497864
2663,0.2921472191810608
2664,0.40785592794418335
2665,0.3794311285018921
2666,0.3785139322280884
2667,0.3920867443084717
2668,0.3849893808364868
2669,0.6047659516334534
2670,0.6323058009147644
2671,0.6399449706077576
2672,0.5002292394638062
2673,0.4052266478538513
2674,0.5896161198616028
2675,0.7340522408485413
2676,0.3077394962310791
2677,0.40703973174095154
2678,0.7360947132110596
2679,0.6693078875541687
2680,0.1941407024860382
2681,0.41750630736351013
2682,0.4720674455165863
2683,0.3871833384037018
2684,0.4031235873699188
2685,0.3465433716773987
2686,0.2801400423049927
2687,0.3260536193847656
2688,0.611915647983551
2689,0.5146177411079407
2690,0.4051574170589447
2691,0.47820883989334106
2692,0.6204007267951965
2693,0.5278940796852112
2694,0.5929825901985168
2695,0.782226026058197
2696,0.3609233498573303
2697,0.6035653948783875
2698,0.67682284116745
2699,0.6884924173355103
2700,0.69222092628479
2701,0.5784195065498352
2702,0.3166673481464386
2703,0.610709011554718
2704,0.5067743062973022
2705,0.567733645439148
2706,0.3941890597343445
2707,0.28199541568756104
2708,0.8255355954170227
2709,0.7432818412780762
2710,0.5362411737442017
2711,0.5040611624717712
2712,0.4971097707748413
2713,0.41863662004470825
2714,0.4334781765937805
2715,0.503562867641449
2716,0.4964064359664917
2717,0.5346432328224182
2718,0.5513298511505127
2719,0.34881293773651123
2720,0.5442996025085449
2721,0.17137876152992249
2722,0.480474591255188
2723,0.41737014055252075
2724,0.4075775742530823
2725,0.6423971056938171
2726,0.5567294955253601
2727,0.526451051235199
2728,0.42747068405151367
2729,0.521329402923584
2730,0.46251270174980164
2731,0.3710361123085022
2732,0.832442045211792
2733,0.4426891803741455
2734,0.6822646856307983
2735,0.5051130652427673
2736,0.4645341634750366
2737,0.5909963250160217
2738,0.6216623187065125
2739,0.7414140105247498
2740,0.6239972710609436
2741,0.7569119334220886
2742,0.30567029118537903
2743,0.387031614780426
2744,0.19030997157096863
2745,0.4026894271373749
2746,0.4518686532974243
2747,0.529761552810669
2748,0.3455598056316376
2749,0.520287811756134
2750,0.6204656362533569
2751,0.3209228515625
2752,0.5936512351036072
2753,0.5029812455177307
2754,0.578242301940918
2755,0.4053783416748047
2756,0.16426926851272583
2757,0.4198620915412903
2758,0.546043336391449
2759,0.482965886592865
2760,0.4865163564682007
2761,0.30024662613868713
2762,0.48818621039390564
2763,0.4821021556854248
2764,0.3729337453842163
2765,0.7516682744026184
2766,0.25780874490737915
2767,0.4139162003993988
2768,0.7734646201133728
2769,0.6835616230964661
2770,0.4358200430870056
2771,0.47684288024902344
2772,0.34849339723587036
2773,0.4234650433063507
2774,0.8347148895263672
2775,0.4599590599536896
2776,0.436941921710968
2777,0.5023450255393982
2778,0.8328299522399902
2779,0.27380049228668213
2780,0.7392497062683105
2781,0.2148936539888382
2782,0.6720470786094666
2783,0.3175646662712097
2784,0.8299280405044556
2785,0.47608867287635803
2786,0.6645134091377258
2787,0.5262685418128967
2788,0.5855430960655212
2789,0.38196060061454773
2790,0.3349755108356476
2791,0.43875420093536377
2792,0.30044686794281006
2793,0.8094726204872131
2794,0.41990363597869873
2795,0.5398344993591309
2796,0.3581451177597046
2797,0.38588958978652954
2798,0.3438066840171814
2799,0.57206791639328
2800,0.40068405866622925
2801,0.7418741583824158
2802,0.3594926595687866
2803,0.28319597244262695
2804,0.3807954788208008
2805,0.6754647493362427
2806,0.5201807618141174
2807,0.20182394981384277
2808,0.48485487699508667
2809,0.5738045573234558
2810,0.7235920429229736
2811,0.5294806957244873
2812,0.21824461221694946
2813,0.7080230116844177
2814,0.5523629784584045
2815,0.20109978318214417
2816,0.34463977813720703
2817,0.5190475583076477
2818,0.3937714695930481
2819,0.8005942106246948
2820,0.5150001049041748
2821,0.7547788023948669
2822,0.6926681399345398
2823,0.7447766661643982
2824,0.1783384382724762
2825,0.7107688784599304
2826,0.6009925007820129
2827,0.4650149643421173
2828,0.6059907078742981
2829,0.6124840378761292
2830,0.5354037284851074
2831,0.5776280164718628
2832,0.34796804189682007
2833,0.6438963413238525
2834,0.5947222709655762
2835,0.5525429844856262
2836,0.8226709365844727
2837,0.4966811239719391
2838,0.5350493788719177
2839,0.33320707082748413
2840,0.4003260135650635
2841,0.6264806389808655
2842,0.5524170398712158
2843,0.23254719376564026
2844,0.593816876411438
2845,0.6499401330947876
2846,0.44801995158195496
2847,0.8256170153617859
2848,0.23901613056659698
2849,0.8062736392021179
2850,0.27562496066093445
2851,0.36014243960380554
2852,0.21562761068344116
2853,0.5611035227775574
2854,0.2315511256456375
2855,0.4496719241142273
2856,0.456726998090744
2857,0.5875742435455322
2858,0.4664766192436218
2859,0.6909226179122925
2860,0.765564501285553
2861,0.4835365414619446
2862,0.27913886308670044
2863,0.2711361050605774
2864,0.3724116086959839
2865,0.22129416465759277
2866,0.279582679271698
2867,0.25406700372695923
2868,0.3483387529850006
2869,0.47114384174346924
2870,0.755160927772522
2871,0.5581256747245789
2872,0.2578147351741791
2873,0.3224961459636688
2874,0.7881404161453247
2875,0.3436874449253082
2876,0.5050068497657776
2877,0.5225681662559509
2878,0.7251320481300354
2879,0.5219759345054626
2880,0.33675771951675415
2881,0.28678762912750244
2882,0.16608266532421112
2883,0.5604652762413025
2884,0.6724346876144409
2885,0.3834161162376404
2886,0.22321954369544983
2887,0.22182685136795044
2888,0.701087236404419
2889,0.5603858232498169
2890,0.6037012934684753
2891,0.5402571558952332
2892,0.6874704360961914
2893,0.7954376935958862
2894,0.6753261685371399
2895,0.8373784422874451
2896,0.8263331651687622
2897,0.21739479899406433
2898,0.4687124490737915
2899,0.36630868911743164
2900,0.45344576239585876
2901,0.49103498458862305
2902,0.40659889578819275
2903,0.8095303177833557
2904,0.4167459011077881
2905,0.595127522945404
2906,0.40846818685531616
2907,0.47425633668899536
2908,0.6317870020866394
2909,0.5324495434761047
2910,0.2500249743461609
2911,0.6313053965568542
2912,0.7266557812690735
2913,0.3060851991176605
2914,0.30575335025787354
2915,0.6934216022491455
2916,0.6776310205459595
2917,0.5937420725822449
2918,0.5571389198303223
2919,0.7970406413078308
2920,0.2976304292678833
2921,0.659856379032135
2922,0.4207918643951416
2923,0.716926634311676
2924,0.6921015381813049
2925,0.36311858892440796
2926,0.22828397154808044
2927,0.611075758934021
2928,0.350444495677948
2929,0.5427964329719543
2930,0.44995301961898804
2931,0.43992340564727783
2932,0.5316092371940613
2933,0.24027332663536072
2934,0.26912519335746765
2935,0.7510227560997009
2936,0.604291558265686
2937,0.27810952067375183
2938,0.4957437515258789
2939,0.8204132914543152
2940,0.6239388585090637
2941,0.5582542419433594
2942,0.43153709173202515
2943,0.7032732367515564
2944,0.5210508704185486
2945,0.4828839898109436
2946,0.4358893036842346
2947,0.592040479183197
2948,0.34487640857696533
2949,0.6033803224563599
2950,0.34374934434890747
2951,0.41968029737472534
2952,0.5256905555725098
2953,0.7709150910377502
2954,0.410195529460907
2955,0.6286789178848267
2956,0.6665530800819397
2957,0.6189782023429871
2958,0.7846325635910034
2959,0.3454292416572571
2960,0.46201860904693604
2961,0.5650737881660461
2962,0.43591466546058655
2963,0.45682209730148315
2964,0.4251808822154999
2965,0.38517284393310547
2966,0.5703303813934326
2967,0.7767334580421448
2968,0.3880985677242279
2969,0.37738144397735596
2970,0.42576026916503906
2971,0.3255162537097931
2972,0.4321103096008301
2973,0.4370253086090088
2974,0.2645832896232605
2975,0.7537195086479187
2976,0.5290232300758362
2977,0.7144923806190491
2978,0.505956768989563
2979,0.2775883674621582
2980,0.7684336304664612
2981,0.37664124369621277
2982,0.34771719574928284
2983,0.5439809560775757
2984,0.36130663752555847
2985,0.22028836607933044
2986,0.5961644053459167
2987,0.21250206232070923
2988,0.2967294752597809
2989,0.5652803778648376
2990,0.44206416606903076
2991,0.42101603746414185
2992,0.32912880182266235
2993,0.7325822710990906
2994,0.701111912727356
2995,0.34274372458457947
2996,0.6419579386711121
2997,0.760219931602478
2998,0.7341508865356445
2999,0.6332890391349792
3000,0.1754869818687439
3001,0.7662407159805298
3002,0.7546379566192627
3003,0.3115167021751404
3004,0.5014457106590271
3005,0.5616151690483093
3006,0.3061719536781311
3007,0.5465372800827026
3008,0.40260452032089233
3009,0.516421914100647
3010,0.37522220611572266
3011,0.48722732067108154
3012,0.46307212114334106
3013,0.47473055124282837
3014,0.7964637279510498
3015,0.390864759683609
3016,0.28819549083709717
3017,0.2482832670211792
3018,0.7052909135818481
3019,0.2536478042602539
3020,0.17137876152992249
3021,0.43077945709228516
3022,0.5505797863006592
3023,0.22692221403121948
3024,0.35883861780166626
3025,0.6736269593238831
3026,0.4531419277191162
3027,0.7717530727386475
3028,0.5343318581581116
3029,0.5703388452529907
3030,0.5252102017402649
3031,0.5577643513679504
3032,0.7099153995513916
3033,0.5736176371574402
3034,0.5637723803520203
3035,0.600068986415863
3036,0.590222954750061
3037,0.5317604541778564
3038,0.41238000988960266
3039,0.5459144711494446
3040,0.5066339373588562
3041,0.3073875904083252
3042,0.7673419117927551
3043,0.6919806599617004
3044,0.7952184081077576
3045,0.7534633874893188
3046,0.5350775122642517
3047,0.7314752340316772
3048,0.4518371820449829
3049,0.3018660247325897
3050,0.4160415530204773
3051,0.4006398320198059
3052,0.5479413866996765
3053,0.5122841000556946
3054,0.823140025138855
3055,0.5250157117843628
3056,0.2890480160713196
3057,0.6482515335083008
3058,0.5703832507133484
3059,0.247938871383667
3060,0.24519959092140198
3061,0.16740047931671143
3062,0.5551988482475281
3063,0.39908790588378906
3064,0.7156171798706055
3065,0.23751024901866913
3066,0.47720593214035034
3067,0.2201075255870819
3068,0.2515864670276642
3069,0.45294374227523804
3070,0.38026896119117737
3071,0.48228514194488525
3072,0.4870840609073639
3073,0.5309022665023804
3074,0.4182749390602112
3075,0.7810648679733276
3076,0.6077501177787781
3077,0.3780571222305298
3078,0.2407541573047638
3079,0.773038923740387
3080,0.41965702176094055
3081,0.1698596179485321
3082,0.1920570582151413
3083,0.48131608963012695
3084,0.7256657481193542
3085,0.5965873599052429
3086,0.6230006217956543
3087,0.26111745834350586
3088,0.7005044221878052
3089,0.543407678604126
3090,0.33487898111343384
3091,0.5261754989624023
3092,0.7094151973724365
3093,0.32249605655670166
3094,0.6252690553665161
3095,0.4465778172016144
3096,0.6234765648841858
3097,0.36288702487945557
3098,0.15773074328899384
3099,0.3057328760623932
3100,0.8302870392799377
3101,0.518385112285614
3102,0.3803560137748718
3103,0.6773943305015564
3104,0.5561239123344421
3105,0.44033756852149963
3106,0.6749439835548401
3107,0.5266805291175842
3108,0.5053216814994812
3109,0.5603874325752258
3110,0.5336179733276367
3111,0.6142870783805847
3112,0.42387500405311584
3113,0.8299984335899353
3114,0.476226806640625
3115,0.42777955532073975
3116,0.4253574013710022
3117,0.2845684885978699
3118,0.7860814929008484
3119,0.24762125313282013
3120,0.36761415004730225
3121,0.3814556896686554
3122,0.8343070149421692
3123,0.3109530806541443
3124,0.5954716801643372
3125,0.4357157349586487
3126,0.2553679943084717
3127,0.33001837134361267
3128,0.7880258560180664
3129,0.18341663479804993
3130,0.2958664298057556
3131,0.7481417655944824
3132,0.7846187353134155
3133,0.7620944380760193
3134,0.292927622795105
3135,0.38851407170295715
3136,0.3285829424858093
3137,0.20250378549098969
3138,0.3852078318595886
3139,0.43074753880500793
3140,0.7566437125205994
3141,0.3177932798862457
3142,0.29750382900238037
3143,0.7411959767341614
3144,0.4887481927871704
3145,0.2858307957649231
3146,0.7402226328849792
3147,0.5499898791313171
3148,0.17710337042808533
3149,0.6431030631065369
3150,0.4361353814601898
3151,0.775553822517395
3152,0.21119368076324463
3153,0.24090507626533508
3154,0.5959041118621826
3155,0.6927831768989563
3156,0.6925557255744934
3157,0.18126033246517181
3158,0.22206610441207886
3159,0.6746895909309387
3160,0.5670838356018066
3161,0.6796769499778748
3162,0.8274969458580017
3163,0.4992239475250244
3164,0.41421937942504883
3165,0.2633591890335083
3166,0.4641147553920746
3167,0.5842905044555664
3168,0.5838584899902344
3169,0.31163305044174194
3170,0.8374888300895691
3171,0.24989068508148193
3172,0.8011326193809509
3173,0.5767571926116943
3174,0.24084413051605225
3175,0.4869411885738373
3176,0.5080164074897766
3177,0.6357773542404175
3178,0.6474044322967529
3179,0.6971147656440735
3180,0.30091923475265503
3181,0.20357628166675568
3182,0.670685887336731
3183,0.4511951208114624
3184,0.21188776195049286
3185,0.23640982806682587
3186,0.3914888799190521
3187,0.40575093030929565
3188,0.43676459789276123
3189,0.6763797402381897
3190,0.3234369456768036
3191,0.47531312704086304
3192,0.2821163237094879
3193,0.41752564907073975
3194,0.3648548722267151
3195,0.4200620651245117
3196,0.8060101866722107
3197,0.6413925290107727
3198,0.4620157480239868
3199,0.5372459888458252
3200,0.5950055718421936
3201,0.6925170421600342
3202,0.5701033473014832
3203,0.24744278192520142
3204,0.3903420865535736
3205,0.5189213752746582
3206,0.7346450686454773
3207,0.6444421410560608
3208,0.7100041508674622
3209,0.7251580953598022
3210,0.5670189261436462
3211,0.5512354969978333
3212,0.4669385850429535
3213,0.17423179745674133
3214,0.3768765330314636
3215,0.5592357516288757
3216,0.5157672166824341
3217,0.39738863706588745
3218,0.7860727906227112
3219,0.2861902713775635
3220,0.44442662596702576
3221,0.17456389963626862
3222,0.6376177668571472
3223,0.526599109172821
3224,0.3892935514450073
3225,0.3901200294494629
3226,0.41499996185302734
3227,0.44393718242645264
3228,0.3390682637691498
3229,0.5069408416748047
3230,0.6453724503517151
3231,0.3131158649921417
3232,0.2930489182472229
3233,0.21593821048736572
3234,0.6050810813903809
3235,0.6406391859054565
3236,0.4280867576599121
3237,0.16236990690231323
3238,0.24798762798309326
3239,0.26325052976608276
3240,0.227887824177742
3241,0.8101887106895447
3242,0.5293530821800232
3243,0.3539693057537079
3244,0.4772752821445465
3245,0.7147606015205383
3246,0.5390041470527649
3247,0.7044934630393982
3248,0.5161171555519104
3249,0.45902958512306213
3250,0.35195407271385193
3251,0.39643678069114685
3252,0.23038408160209656
3253,0.1850982904434204
3254,0.1962299644947052
3255,0.42234477400779724
3256,0.7062305212020874
3257,0.8211001753807068
3258,0.6298691630363464
3259,0.3493061065673828
3260,0.68218994140625
3261,0.6919074654579163
3262,0.28047800064086914
3263,0.2668437063694
3264,0.5166166424751282
3265,0.7558745741844177
3266,0.821650505065918
3267,0.6244288086891174
3268,0.338187575340271
3269,0.7972965240478516
3270,0.5024694800376892
3271,0.6453799605369568
3272,0.3839370012283325
3273,0.5125513076782227
3274,0.18827441334724426
3275,0.7097993493080139
3276,0.5477074980735779
3277,0.3402562737464905
3278,0.24147242307662964
3279,0.547230064868927
3280,0.4795793890953064
3281,0.7724202275276184
3282,0.5046269297599792
3283,0.3494061231613159
3284,0.44832977652549744
3285,0.607931911945343
3286,0.3408971428871155
3287,0.15684044361114502
3288,0.2732902765274048
3289,0.6692338585853577
3290,0.21738022565841675
3291,0.43329161405563354
3292,0.8278372287750244
3293,0.5975318551063538
3294,0.44840842485427856
3295,0.37194132804870605
3296,0.29475072026252747
3297,0.2680392265319824
3298,0.3918391466140747
3299,0.5837620496749878
3300,0.50039142370224
3301,0.7203711867332458
3302,0.8242871165275574
3303,0.5314769148826599
3304,0.7548455595970154
3305,0.5288650989532471
3306,0.49430644512176514
3307,0.5888575315475464
3308,0.5935478806495667
3309,0.8195876479148865
3310,0.2084740698337555
3311,0.195211723446846
3312,0.6159960031509399
3313,0.65860515832901
3314,0.4395848512649536
3315,0.35095083713531494
3316,0.4970884323120117
3317,0.47466713190078735
3318,0.526681125164032
3319,0.3987131714820862
3320,0.5282288789749146
3321,0.39568644762039185
3322,0.544337272644043
3323,0.31542879343032837
3324,0.7984876036643982
3325,0.4296101927757263
3326,0.7933160066604614
3327,0.4713899791240692
3328,0.7954427599906921
3329,0.48892295360565186
3330,0.3213384747505188
3331,0.42036378383636475
3332,0.6668019890785217
3333,0.8096268773078918
3334,0.4802452325820923
3335,0.6656254529953003
3336,0.39430445432662964
3337,0.5374959111213684
3338,0.5817877054214478
3339,0.2994380593299866
3340,0.3898848295211792
3341,0.4849410653114319
3342,0.6335017085075378
3343,0.3629682660102844
3344,0.43120723962783813
3345,0.517310380935669
3346,0.6422027945518494
3347,0.7659330368041992
3348,0.661798894405365
3349,0.741594135761261
3350,0.25760412216186523
3351,0.472781777381897
3352,0.44915831089019775
3353,0.573614776134491
3354,0.7748466730117798
3355,0.6118625998497009
3356,0.5603160262107849
3357,0.30329540371894836
3358,0.5719320178031921
3359,0.6666196584701538
3360,0.29565638303756714
3361,0.4284359812736511
3362,0.23099857568740845
3363,0.6830325722694397
3364,0.7071900963783264
3365,0.6770927309989929
3366,0.4266813397407532
3367,0.6203204989433289
3368,0.46235907077789307
3369,0.7607987523078918
3370,0.5986247658729553
3371,0.41177845001220703
3372,0.5458060503005981
3373,0.2808358669281006
3374,0.5859667658805847
3375,0.7170272469520569
3376,0.17996355891227722
3377,0.5176427364349365
3378,0.46497273445129395
3379,0.39051079750061035
3380,0.358623743057251
3381,0.6950687766075134
3382,0.4846212565898895
3383,0.7052903771400452
3384,0.661795973777771
3385,0.25580042600631714
3386,0.5751776695251465
3387,0.3009137809276581
3388,0.7558135390281677
3389,0.39628246426582336
3390,0.5496595501899719
3391,0.39283287525177
3392,0.6045792698860168
3393,0.19554567337036133
3394,0.3734869956970215
3395,0.22649088501930237
3396,0.3232749402523041
3397,0.7766690850257874
3398,0.7871313095092773
3399,0.1677250862121582
3400,0.3486795425415039
3401,0.7893143892288208
3402,0.757580578327179
3403,0.4768106937408447
3404,0.3180045485496521
3405,0.34256860613822937
3406,0.5006423592567444
3407,0.4676409065723419
3408,0.564821183681488
3409,0.3850647509098053
3410,0.5090955495834351
3411,0.6347604393959045
3412,0.7452535033226013
3413,0.5577282309532166
3414,0.7396480441093445
3415,0.3352994918823242
3416,0.32125046849250793
3417,0.5173088908195496
3418,0.5414891839027405
3419,0.6993429064750671
3420,0.3012208938598633
3421,0.6083564162254333
3422,0.34216105937957764
3423,0.43581655621528625
3424,0.32926851511001587
3425,0.4462369978427887
3426,0.4842321276664734
3427,0.4586207866668701
3428,0.22090989351272583
3429,0.7124671339988708
3430,0.3535026013851166
3431,0.638762891292572
3432,0.4487898051738739
3433,0.42348340153694153
3434,0.3450988233089447
3435,0.5575375556945801
3436,0.8380668759346008
3437,0.6093114018440247
3438,0.45925837755203247
3439,0.8089392185211182
3440,0.39118891954421997
3441,0.7212233543395996
3442,0.7442569136619568
3443,0.5970546007156372
3444,0.3731254041194916
3445,0.7712775468826294
3446,0.4576437175273895
3447,0.38378608226776123
3448,0.2658112049102783
3449,0.45404407382011414
3450,0.4582105875015259
3451,0.7072620987892151
3452,0.19450263679027557
3453,0.39258480072021484
3454,0.5676212310791016
3455,0.5550200343132019
3456,0.6218481659889221
3457,0.34441283345222473
3458,0.7091590762138367
3459,0.4136303961277008
3460,0.7104535698890686
3461,0.4270588755607605
3462,0.7008703947067261
3463,0.31295597553253174
3464,0.6231498122215271
3465,0.42259520292282104
3466,0.7180566191673279
3467,0.7507350444793701
3468,0.6633745431900024
3469,0.7031683325767517
3470,0.49348771572113037
3471,0.5813722610473633
3472,0.3816137909889221
3473,0.22085171937942505
3474,0.6551842093467712
3475,0.6424106359481812
3476,0.48969489336013794
3477,0.5872576236724854
3478,0.6687490940093994
3479,0.6210582852363586
3480,0.8037360310554504
3481,0.37233924865722656
3482,0.6491602063179016
3483,0.7791035175323486
3484,0.3284662067890167
3485,0.3036249279975891
3486,0.5844401121139526
3487,0.41465601325035095
3488,0.7492597699165344
3489,0.49511298537254333
3490,0.7743257880210876
3491,0.545094907283783
3492,0.8066244721412659
3493,0.5825029611587524
3494,0.2998538315296173
3495,0.40606164932250977
3496,0.375029057264328
3497,0.23607778549194336
3498,0.3004872798919678
3499,0.49657103419303894
3500,0.6179035305976868
3501,0.2726116180419922
3502,0.22375163435935974
3503,0.3148772716522217
3504,0.5375460982322693
3505,0.3684614598751068
3506,0.707512378692627
3507,0.35712310671806335
3508,0.5035757422447205
3509,0.39714285731315613
3510,0.7533950805664062
3511,0.27036207914352417
3512,0.29581764340400696
3513,0.6684960126876831
3514,0.8055307269096375
3515,0.45374035835266113
3516,0.7245702743530273
3517,0.404046893119812
3518,0.3206341564655304
3519,0.5716280937194824
3520,0.5198480486869812
3521,0.29911476373672485
3522,0.8101639151573181
3523,0.20323753356933594
3524,0.3230428099632263
3525,0.39992469549179077
3526,0.6805293560028076
3527,0.815482497215271
3528,0.6692774891853333
3529,0.24491220712661743
3530,0.3902670741081238
3531,0.2978397607803345
3532,0.5962428450584412
3533,0.40174469351768494
3534,0.479794979095459
3535,0.24423639476299286
3536,0.6600577235221863
3537,0.7054980993270874
3538,0.5305468440055847
3539,0.29552730917930603
3540,0.20220230519771576
3541,0.4979854226112366
3542,0.5315830707550049
3543,0.5094195008277893
3544,0.3548712134361267
3545,0.5058565735816956
3546,0.3492848873138428
3547,0.4882362484931946
3548,0.5513572096824646
3549,0.643606960773468
3550,0.42754673957824707
3551,0.48356592655181885
3552,0.3302127420902252
3553,0.36777937412261963
3554,0.4142587184906006
3555,0.5044341683387756
3556,0.40321940183639526
3557,0.5172609090805054
3558,0.50555020570755
3559,0.7338902950286865
3560,0.8258865475654602
3561,0.15231595933437347
3562,0.38451075553894043
3563,0.4107573330402374
3564,0.8300973773002625
3565,0.7015286684036255
3566,0.5209845304489136
3567,0.7163737416267395
3568,0.6706000566482544
3569,0.5281547904014587
3570,0.5877697467803955
3571,0.6311400532722473
3572,0.5704700350761414
3573,0.523652970790863
3574,0.5248787999153137
3575,0.20273186266422272
3576,0.30801764130592346
3577,0.6613044142723083
3578,0.7117121815681458
3579,0.23717080056667328
3580,0.44847139716148376
3581,0.25457149744033813
3582,0.5620351433753967
3583,0.5203056931495667
3584,0.31814348697662354
3585,0.4822392463684082
3586,0.5694003701210022
3587,0.5310104489326477
3588,0.24689693748950958
3589,0.45170456171035767
3590,0.3533129096031189
3591,0.5149393677711487
3592,0.5730115175247192
3593,0.6590436100959778
3594,0.5098395943641663
3595,0.2750125527381897
3596,0.4101715683937073
3597,0.7045801281929016
3598,0.5166992545127869
3599,0.6542262434959412
3600,0.27928656339645386
3601,0.2269723117351532
3602,0.47359105944633484
3603,0.5000517964363098
3604,0.696668267250061
3605,0.6801109910011292
3606,0.7188417315483093
3607,0.578284502029419
3608,0.589591383934021
3609,0.3774082362651825
3610,0.5501400828361511
3611,0.5781069397926331
3612,0.4364827871322632
3613,0.3384458124637604
3614,0.5532178282737732
3615,0.6978587508201599
3616,0.4267207384109497
3617,0.5589410066604614
3618,0.7579749822616577
3619,0.25998979806900024
3620,0.4291156530380249
3621,0.350541353225708
3622,0.32510480284690857
3623,0.24158240854740143
3624,0.43358832597732544
3625,0.8194435834884644
3626,0.28572049736976624
3627,0.814177930355072
3628,0.2539249658584595
3629,0.5762348771095276
3630,0.6769158244132996
3631,0.18924005329608917
3632,0.2248196005821228
3633,0.7603052854537964
3634,0.1918189972639084
3635,0.367681622505188
3636,0.5918411612510681
3637,0.5718721747398376
3638,0.555978000164032
3639,0.301517516374588
3640,0.6614566445350647
3641,0.3725717067718506
3642,0.32099249958992004
3643,0.40498197078704834
3644,0.6335919499397278
3645,0.49935418367385864
3646,0.3656688630580902
3647,0.5065711736679077
3648,0.4745289087295532
3649,0.5450981855392456
3650,0.38003310561180115
3651,0.1653863489627838
3652,0.5309843420982361
3653,0.7444812059402466
3654,0.6703032851219177
3655,0.22363945841789246
3656,0.37288230657577515
3657,0.5133556723594666
3658,0.4751052260398865
3659,0.7582264542579651
3660,0.5703914165496826
3661,0.27163565158843994
3662,0.3090131878852844
3663,0.3827097415924072
3664,0.4835652709007263
3665,0.2437579184770584
3666,0.5790876746177673
3667,0.38721776008605957
3668,0.4594199061393738
3669,0.39480826258659363
3670,0.4932261109352112
3671,0.380818635225296
3672,0.2573942542076111
3673,0.5850110054016113
3674,0.5468001365661621
3675,0.39626023173332214
3676,0.48340940475463867
3677,0.2990342378616333
3678,0.8163512945175171
3679,0.6210434436798096
3680,0.34203413128852844
3681,0.3497099280357361
3682,0.48510509729385376
3683,0.5460583567619324
3684,0.38254234194755554
3685,0.2672457695007324
3686,0.5463089346885681
3687,0.4035264849662781
3688,0.2743358016014099
3689,0.3692063093185425
3690,0.2654306888580322
3691,0.4614396095275879
3692,0.4646693468093872
3693,0.40376386046409607
3694,0.6410276889801025
3695,0.5993065237998962
3696,0.7669803500175476
3697,0.3953048586845398
3698,0.7572015523910522
3699,0.7872766852378845
3700,0.36542463302612305
3701,0.772822916507721
3702,0.1860365867614746
3703,0.7801883816719055
3704,0.6894803643226624
3705,0.24814385175704956
3706,0.5480279922485352
3707,0.6995118260383606
3708,0.3618929088115692
3709,0.7563058137893677
3710,0.6382196545600891
3711,0.4206273555755615
3712,0.6548497676849365
3713,0.42274242639541626
3714,0.29928329586982727
3715,0.4394190311431885
3716,0.8018913865089417
3717,0.5047085285186768
3718,0.8013544678688049
3719,0.7759529948234558
3720,0.21426928043365479
3721,0.3355920612812042
3722,0.4306507706642151
3723,0.4434959292411804
3724,0.2540704011917114
3725,0.4919440746307373
3726,0.20924526453018188
3727,0.731261134147644
3728,0.5317270755767822
3729,0.4635846018791199
3730,0.2815573215484619
3731,0.5366412997245789
3732,0.2826758027076721
3733,0.29222556948661804
3734,0.3495611548423767
3735,0.5049291253089905
3736,0.4060860872268677
3737,0.45550334453582764
3738,0.5590190887451172
3739,0.578266978263855
3740,0.2680838108062744
3741,0.2853267788887024
3742,0.7050493359565735
3743,0.3710829019546509
3744,0.47960489988327026
3745,0.5655348896980286
3746,0.39608192443847656
3747,0.24512143433094025
3748,0.8172459006309509
3749,0.4375344514846802
3750,0.2834737300872803
3751,0.19845542311668396
3752,0.2569388747215271
3753,0.30998048186302185
3754,0.31773149967193604
3755,0.4204617142677307
3756,0.7389593720436096
3757,0.2337845265865326
3758,0.5852842926979065
3759,0.6354567408561707
3760,0.3765442669391632
3761,0.8125278353691101
3762,0.4677748680114746
3763,0.5548980236053467
3764,0.2608967125415802
3765,0.6959096193313599
3766,0.566956102848053
3767,0.5236577391624451
3768,0.4173242449760437
3769,0.28589534759521484
3770,0.2665218114852905
3771,0.36008748412132263
3772,0.2980867326259613
3773,0.47769051790237427
3774,0.3409416675567627
3775,0.1830458641052246
3776,0.4189489483833313
3777,0.5301668047904968
3778,0.276623010635376
3779,0.38356444239616394
3780,0.2700502276420593
3781,0.8318477272987366
3782,0.4851894676685333
3783,0.6646808981895447
3784,0.2940237820148468
3785,0.6233256459236145
3786,0.22002172470092773
3787,0.3513949513435364
3788,0.4538570046424866
3789,0.216132253408432
3790,0.817258358001709
3791,0.5463432669639587
3792,0.373688668012619
3793,0.6686415672302246
3794,0.5022675395011902
3795,0.7072921395301819
3796,0.3060142993927002
3797,0.27288979291915894
3798,0.610577404499054
3799,0.6067313551902771
3800,0.6832194924354553
3801,0.7579785585403442
3802,0.4344397783279419
3803,0.7002946138381958
3804,0.4486638903617859
3805,0.5190556049346924
3806,0.3395906090736389
3807,0.7039906978607178
3808,0.7561019062995911
3809,0.23114246129989624
3810,0.4762449264526367
3811,0.73147052526474
3812,0.7388472557067871
3813,0.46382302045822144
3814,0.5826985239982605
3815,0.4028816223144531
3816,0.6308423280715942
3817,0.3888965845108032
3818,0.17775407433509827
3819,0.4602958858013153
3820,0.6018700003623962
3821,0.2881714999675751
3822,0.43258392810821533
3823,0.5623745918273926
3824,0.5120547413825989
3825,0.6259428858757019
3826,0.7008225321769714
3827,0.4193124771118164
3828,0.5531624555587769
3829,0.26479625701904297
3830,0.3235628306865692
3831,0.35993218421936035
3832,0.28271031379699707
3833,0.7050928473472595
3834,0.2106674611568451
3835,0.30992698669433594
3836,0.2175011932849884
3837,0.43988746404647827
3838,0.47216761112213135
3839,0.7452284693717957
3840,0.5131813287734985
3841,0.3383862376213074
3842,0.6955384612083435
3843,0.7599143385887146
3844,0.49104785919189453
3845,0.33529943227767944
3846,0.4152705669403076
3847,0.5892934203147888
3848,0.2024296224117279
3849,0.19058746099472046
3850,0.5067113041877747
3851,0.21013668179512024
3852,0.6933054327964783
3853,0.8051686882972717
3854,0.5304707884788513
3855,0.573150098323822
3856,0.2945409119129181
3857,0.36541327834129333
3858,0.5003331899642944
3859,0.46472325921058655
3860,0.523042619228363
3861,0.2071305364370346
3862,0.29288068413734436
3863,0.5780355930328369
3864,0.2238934487104416
3865,0.8168376088142395
3866,0.4923534095287323
3867,0.7552328705787659
3868,0.19885379076004028
3869,0.6314893960952759
3870,0.6237396597862244
3871,0.348196804523468
3872,0.6557595729827881
3873,0.6340385675430298
3874,0.23244062066078186
3875,0.5339828729629517
3876,0.253939688205719
3877,0.29307618737220764
3878,0.291836142539978
3879,0.4801798462867737
3880,0.47233662009239197
3881,0.30106663703918457
3882,0.611982524394989
3883,0.7204782366752625
3884,0.3629845976829529
3885,0.2022295594215393
3886,0.4722740650177002
3887,0.5014590620994568
3888,0.32682251930236816
3889,0.3942946493625641
3890,0.38593125343322754
3891,0.34620022773742676
3892,0.5911062359809875
3893,0.43074607849121094
3894,0.48246535658836365
3895,0.46838217973709106
3896,0.2337723821401596
3897,0.7379837036132812
3898,0.22268210351467133
3899,0.40912818908691406
3900,0.3376917541027069
3901,0.7187020182609558
3902,0.7807608246803284
3903,0.6904814839363098
3904,0.6872736215591431
3905,0.3333333432674408
3906,0.36971014738082886
3907,0.5236288905143738
3908,0.2183198630809784
3909,0.35632622241973877
3910,0.6643239855766296
3911,0.7579259872436523
3912,0.5611019730567932
3913,0.5691942572593689
3914,0.5942506194114685
3915,0.45751920342445374
3916,0.2216566652059555
3917,0.7020799517631531
3918,0.3171389102935791
3919,0.3923574388027191
3920,0.8247601389884949
3921,0.820768415927887
3922,0.4189709722995758
3923,0.6974003314971924
3924,0.8083826899528503
3925,0.24355344474315643
3926,0.33876317739486694
3927,0.5788336396217346
3928,0.635438859462738
3929,0.5224924087524414
3930,0.7966709136962891
3931,0.5605811476707458
3932,0.8084661960601807
3933,0.5866631865501404
3934,0.4631684422492981
3935,0.28452861309051514
3936,0.8358214497566223
3937,0.21727290749549866
3938,0.5430712699890137
3939,0.4328763484954834
3940,0.19628408551216125
3941,0.8197913765907288
3942,0.4972803294658661
3943,0.5678971409797668
3944,0.5347033143043518
3945,0.2409457266330719
3946,0.5427784323692322
3947,0.48888158798217773
3948,0.6386207938194275
3949,0.40472137928009033
3950,0.5098228454589844
3951,0.6338761448860168
3952,0.6462787985801697
3953,0.6912611126899719
3954,0.36909061670303345
3955,0.3566093444824219
3956,0.6481002569198608
3957,0.2165192812681198
3958,0.17177130281925201
3959,0.454949289560318
3960,0.5240134596824646
3961,0.25516825914382935
3962,0.21603569388389587
3963,0.648419201374054
3964,0.7627267241477966
3965,0.15489956736564636
3966,0.5225386023521423
3967,0.4366072416305542
3968,0.29238376021385193
3969,0.4726831912994385
3970,0.5466048121452332
3971,0.599647581577301
3972,0.3222452402114868
3973,0.3815056383609772
3974,0.6950838565826416
3975,0.8186677694320679
3976,0.5416404604911804
3977,0.46768638491630554
3978,0.7215000987052917
3979,0.2661323547363281
3980,0.2595353424549103
3981,0.7543920874595642
3982,0.575916588306427
3983,0.5954633355140686
3984,0.35728365182876587
3985,0.6541857123374939
3986,0.43048095703125
3987,0.7520277500152588
3988,0.5412610173225403
3989,0.8367430567741394
3990,0.7771592140197754
3991,0.5207101702690125
3992,0.8008732795715332
3993,0.7694196105003357
3994,0.7386026978492737
3995,0.560358464717865
3996,0.6116319298744202
3997,0.23795244097709656
3998,0.25629493594169617
3999,0.5588810443878174
4000,0.20574088394641876
4001,0.5348299145698547
4002,0.25402408838272095
4003,0.495426207780838
4004,0.6805897355079651
4005,0.15564538538455963
4006,0.21950498223304749
4007,0.6364567279815674
4008,0.4741749167442322
4009,0.262269526720047
4010,0.7014884352684021
4011,0.5910254716873169
4012,0.49292314052581787
4013,0.5848539471626282
4014,0.571455180644989
4015,0.3181910812854767
4016,0.38829928636550903
4017,0.43276920914649963
4018,0.4550173580646515
4019,0.5602049231529236
4020,0.7929831743240356
4021,0.38229089975357056
4022,0.2276761680841446
4023,0.6278418898582458
4024,0.36825305223464966
4025,0.5423576831817627
4026,0.6353001594543457
4027,0.570554792881012
4028,0.4293171167373657
4029,0.18753311038017273
4030,0.4117184579372406
4031,0.47296756505966187
4032,0.49303296208381653
4033,0.39135998487472534
4034,0.5706833004951477
4035,0.5605038404464722
4036,0.314249724149704
4037,0.35315966606140137
4038,0.2644786238670349
4039,0.5629509091377258
4040,0.15456917881965637
4041,0.4735686779022217
4042,0.7814911603927612
4043,0.479464054107666
4044,0.41252028942108154
4045,0.21222347021102905
4046,0.5319417119026184
4047,0.5624893307685852
4048,0.5190793871879578
4049,0.7093948125839233
4050,0.46886664628982544
4051,0.5700604319572449
4052,0.5716449618339539
4053,0.49185389280319214
4054,0.49629300832748413
4055,0.7525253891944885
4056,0.5185950994491577
4057,0.4538530111312866
4058,0.32496458292007446
4059,0.49562540650367737
4060,0.5940442681312561
4061,0.4891505241394043
4062,0.5593252778053284
4063,0.7551603317260742
4064,0.28505653142929077
4065,0.7960005402565002
4066,0.1636601984500885
4067,0.8389196395874023
4068,0.6752418875694275
4069,0.48676419258117676
4070,0.46447810530662537
4071,0.29354462027549744
4072,0.5621901154518127
4073,0.5059809684753418
4074,0.47193148732185364
4075,0.3732479214668274
4076,0.5786028504371643
4077,0.3974108099937439
4078,0.5378862023353577
4079,0.41570204496383667
4080,0.5536288619041443
4081,0.20893743634223938
4082,0.6815358996391296
4083,0.41528379917144775
4084,0.4127840995788574
4085,0.741447389125824
4086,0.700441837310791
4087,0.30944281816482544
4088,0.25908827781677246
4089,0.21196354925632477
4090,0.41377347707748413
4091,0.6089344620704651
4092,0.38991910219192505
4093,0.5464016795158386
4094,0.4230908155441284
4095,0.5787484049797058
4096,0.3728894591331482
4097,0.5399484634399414
4098,0.37804967164993286
4099,0.411823034286499
4100,0.588756263256073
4101,0.5149378776550293
4102,0.2948129177093506
4103,0.3699454069137573
4104,0.4823743999004364
4105,0.629504919052124
4106,0.2431982159614563
4107,0.2454538196325302
4108,0.4543769359588623
4109,0.6165348887443542
4110,0.4059329628944397
4111,0.5385560393333435
4112,0.3258410096168518
4113,0.45983099937438965
4114,0.7725151777267456
4115,0.47561487555503845
4116,0.30974841117858887
4117,0.5630123019218445
4118,0.3393181264400482
4119,0.5662633776664734
4120,0.8400909304618835
4121,0.7594056725502014
4122,0.6409885287284851
4123,0.45165249705314636
4124,0.7245184183120728
4125,0.34113365411758423
4126,0.2434244304895401
4127,0.5849528312683105
4128,0.627629816532135
4129,0.5138645172119141
4130,0.7268456816673279
4131,0.35442107915878296
4132,0.6355141401290894
4133,0.7635322213172913
4134,0.5054146647453308
4135,0.4878714680671692
4136,0.5448393225669861
4137,0.7797744870185852
4138,0.3843168020248413
4139,0.6768799424171448
4140,0.7058044075965881
4141,0.8325290083885193
4142,0.65683513879776
4143,0.7330541014671326
4144,0.6355146765708923
4145,0.5257812738418579
4146,0.24445469677448273
4147,0.3163476586341858
4148,0.4915146231651306
4149,0.43777942657470703
4150,0.5061241388320923
4151,0.66315096616745
4152,0.5669501423835754
4153,0.4956929683685303
4154,0.2744142413139343
4155,0.6164748668670654
4156,0.2992376387119293
4157,0.2074802815914154
4158,0.2456989586353302
4159,0.665011465549469
4160,0.7499200105667114
4161,0.3403405547142029
4162,0.8020841479301453
4163,0.8184826970100403
4164,0.35632067918777466
4165,0.5271437764167786
4166,0.4052971601486206
4167,0.45352110266685486
4168,0.4477040767669678
4169,0.7566958069801331
4170,0.4461519122123718
4171,0.5100550651550293
4172,0.6182811856269836
4173,0.31415998935699463
4174,0.28794199228286743
4175,0.5414316058158875
4176,0.5490112900733948
4177,0.662484884262085
4178,0.8347748517990112
4179,0.6804363131523132
4180,0.7942703366279602
4181,0.6264950633049011
4182,0.7287355065345764
4183,0.3502413034439087
4184,0.7743673920631409
4185,0.6353495717048645
4186,0.4093068540096283
4187,0.33226272463798523
4188,0.7251133322715759
4189,0.3594447076320648
4190,0.24706658720970154
4191,0.24574688076972961
4192,0.7478891015052795
4193,0.7305946946144104
4194,0.837067186832428
4195,0.30096352100372314
4196,0.7015298008918762
4197,0.6788516640663147
4198,0.5607804656028748
4199,0.2529897391796112
4200,0.7573899030685425
4201,0.7802387475967407
4202,0.3440053164958954
4203,0.42960411310195923
4204,0.6402409672737122
4205,0.484764039516449
4206,0.3597836196422577
4207,0.4625820517539978
4208,0.6805824041366577
4209,0.7648975253105164
4210,0.7322819828987122
4211,0.1862955391407013
4212,0.3588513731956482
4213,0.6226115822792053
4214,0.3430814743041992
4215,0.6674017310142517
4216,0.56917804479599
4217,0.5907639861106873
4218,0.34150430560112
4219,0.572031557559967
4220,0.5186293721199036
4221,0.5099082589149475
4222,0.2218933403491974
4223,0.47413623332977295
4224,0.8358479738235474
4225,0.30627793073654175
4226,0.52232426404953
4227,0.7503761053085327
4228,0.37551218271255493
4229,0.4574102759361267
4230,0.24997550249099731
4231,0.4767026901245117
4232,0.20690125226974487
4233,0.2015783190727234
4234,0.5927620530128479
4235,0.2560458481311798
4236,0.28959786891937256
4237,0.5430001020431519
4238,0.3243522644042969
4239,0.39035892486572266
4240,0.48235753178596497
4241,0.32969212532043457
4242,0.5643156170845032
4243,0.3747408092021942
4244,0.6213660836219788
4245,0.27192407846450806
4246,0.6078522801399231
4247,0.48201096057891846
4248,0.3794957101345062
4249,0.5157843232154846
4250,0.7985935807228088
4251,0.23735225200653076
4252,0.7175066471099854
4253,0.37469005584716797
4254,0.3779119849205017
4255,0.46138638257980347
4256,0.21496035158634186
4257,0.7292084693908691
4258,0.3520240783691406
4259,0.7400224804878235
4260,0.48091596364974976
4261,0.8122903108596802
4262,0.8037232756614685
4263,0.5478723645210266
4264,0.43867263197898865
4265,0.5452956557273865
4266,0.4044750928878784
4267,0.37305495142936707
4268,0.35602593421936035
4269,0.5098140835762024
4270,0.610785186290741
4271,0.3245045840740204
4272,0.7319559454917908
4273,0.3994431495666504
4274,0.2388816773891449
4275,0.8337709903717041
4276,0.6207392811775208
4277,0.2200378179550171
4278,0.5521865487098694
4279,0.7627221941947937
4280,0.26732584834098816
4281,0.3160700798034668
4282,0.30528706312179565
4283,0.21585111320018768
4284,0.43790674209594727
4285,0.3968452215194702
4286,0.4417422413825989
4287,0.5879071354866028
4288,0.4324989914894104
4289,0.6929082274436951
4290,0.3230607807636261
4291,0.5199398398399353
4292,0.3505643606185913
4293,0.4725595712661743
4294,0.34960004687309265
4295,0.5874873995780945
4296,0.20250865817070007
4297,0.3685680329799652
4298,0.24117866158485413
4299,0.5271525979042053
4300,0.7355850338935852
4301,0.7051737904548645
4302,0.6839136481285095
4303,0.6909040808677673
4304,0.5870187282562256
4305,0.3614959120750427
4306,0.3857254385948181
4307,0.4794917106628418
4308,0.26900872588157654
4309,0.2848735451698303
4310,0.7397005558013916
4311,0.40760037302970886
4312,0.18989843130111694
4313,0.6841445565223694
4314,0.3316935896873474
4315,0.6025176048278809
4316,0.5227367281913757
4317,0.6017932295799255
4318,0.753233015537262
4319,0.6819831132888794
4320,0.39653605222702026
4321,0.4908650517463684
4322,0.6686034798622131
4323,0.6716181635856628
4324,0.7163515686988831
4325,0.3214447498321533
4326,0.35021716356277466
4327,0.5140216946601868
4328,0.5943425297737122
4329,0.4183650016784668
4330,0.19948232173919678
4331,0.4222400188446045
4332,0.1686183214187622
4333,0.6987367272377014
4334,0.3910159468650818
4335,0.7631381750106812
4336,0.6698814630508423
4337,0.683702290058136
4338,0.7836523652076721
4339,0.21167705953121185
4340,0.5892627835273743
4341,0.5297785401344299
4342,0.33124762773513794
4343,0.29204079508781433
4344,0.3860788643360138
4345,0.43598616123199463
4346,0.1745280921459198
4347,0.24100211262702942
4348,0.8267671465873718
4349,0.7377792596817017
4350,0.4101547598838806
4351,0.8369866609573364
4352,0.3321689963340759
4353,0.7204189300537109
4354,0.48322707414627075
4355,0.4958711266517639
4356,0.5015023946762085
4357,0.18687663972377777
4358,0.37505415081977844
4359,0.8203316330909729
4360,0.5285840630531311
4361,0.7561635375022888
4362,0.42787787318229675
4363,0.4624420404434204
4364,0.3134569525718689
4365,0.7995204329490662
4366,0.2647671103477478
4367,0.731734573841095
4368,0.5281309485435486
4369,0.6212413311004639
4370,0.4069543778896332
4371,0.3575212061405182
4372,0.49287354946136475
4373,0.4120216965675354
4374,0.8117697834968567
4375,0.47824203968048096
4376,0.7834649682044983
4377,0.47584134340286255
4378,0.7639163732528687
4379,0.702031672000885
4380,0.7886292934417725
4381,0.45695313811302185
4382,0.568364679813385
4383,0.5528103709220886
4384,0.585116446018219
4385,0.4011929929256439
4386,0.822949230670929
4387,0.567186713218689
4388,0.37266796827316284
4389,0.29122376441955566
4390,0.3227323889732361
4391,0.5938969254493713
4392,0.17037434875965118
4393,0.39398133754730225
4394,0.5545961260795593
4395,0.8238369822502136
4396,0.4200718402862549
4397,0.3898669183254242
4398,0.8131837844848633
4399,0.40909039974212646
4400,0.5903427004814148
4401,0.5126046538352966
4402,0.5147495269775391
4403,0.41757461428642273
4404,0.1918037235736847
4405,0.7613049149513245
4406,0.4612613916397095
4407,0.2857109308242798
4408,0.2535775303840637
4409,0.7983813285827637
4410,0.3076023757457733
4411,0.5351826548576355
4412,0.7523648738861084
4413,0.7410056591033936
4414,0.647758424282074
4415,0.2171907275915146
4416,0.23427507281303406
4417,0.5721880793571472
4418,0.41711920499801636
4419,0.5248653292655945
4420,0.5356006026268005
4421,0.27888694405555725
4422,0.4903792142868042
4423,0.3708455562591553
4424,0.7525200247764587
4425,0.43106746673583984
4426,0.5405563712120056
4427,0.36716529726982117
4428,0.5266153812408447
4429,0.6388200521469116
4430,0.3370652198791504
4431,0.4830951392650604
4432,0.3474891483783722
4433,0.39584916830062866
4434,0.34599411487579346
4435,0.3209608793258667
4436,0.47107213735580444
4437,0.6241472363471985
4438,0.7167677283287048
4439,0.216399684548378
4440,0.21089641749858856
4441,0.5178291201591492
4442,0.4679449200630188
4443,0.3656781315803528
4444,0.639604389667511
4445,0.5394496321678162
4446,0.5487387776374817
4447,0.37369123101234436
4448,0.27037903666496277
4449,0.46789178252220154
4450,0.19550403952598572
4451,0.458310604095459
4452,0.4582700729370117
4453,0.5627769231796265
4454,0.6096516847610474
4455,0.6045103669166565
4456,0.3879585266113281
4457,0.7100934982299805
4458,0.43682897090911865
4459,0.3993587791919708
4460,0.39849230647087097
4461,0.7375660538673401
4462,0.3103744387626648
4463,0.14171168208122253
4464,0.454271137714386
4465,0.3939904570579529
4466,0.6433753967285156
4467,0.3355759382247925
4468,0.5847104787826538
4469,0.5535356402397156
4470,0.776157557964325
4471,0.40286099910736084
4472,0.6492499709129333
4473,0.2908218801021576
4474,0.4011128544807434
4475,0.5229893922805786
4476,0.3290897309780121
4477,0.618776798248291
4478,0.4216533303260803
4479,0.2682269215583801
4480,0.38817334175109863
4481,0.44060152769088745
4482,0.469245970249176
4483,0.549149215221405
4484,0.5043344497680664
4485,0.30815067887306213
4486,0.45367521047592163
4487,0.29121753573417664
4488,0.33215051889419556
4489,0.7049398422241211
4490,0.3616056442260742
4491,0.5039308071136475
4492,0.7741843461990356
4493,0.8157544732093811
4494,0.2148592621088028
4495,0.3910159468650818
4496,0.8032512664794922
4497,0.5238562226295471
4498,0.5577289462089539
4499,0.5361849069595337
4500,0.26863324642181396
4501,0.5301156640052795
4502,0.5208901166915894
4503,0.5909021496772766
4504,0.660508930683136
4505,0.7486521005630493
4506,0.3745785653591156
4507,0.4238336682319641
4508,0.5440861582756042
4509,0.45706379413604736
4510,0.4391830563545227
4511,0.697077751159668
4512,0.40777695178985596
4513,0.1435016244649887
4514,0.41637492179870605
4515,0.7302542328834534
4516,0.6901407837867737
4517,0.48667722940444946
4518,0.30981531739234924
4519,0.4823780953884125
4520,0.27226006984710693
4521,0.5791338086128235
4522,0.4121723771095276
4523,0.2838551998138428
4524,0.6972420811653137
4525,0.24883216619491577
4526,0.7950024008750916
4527,0.7066657543182373
4528,0.7895676493644714
4529,0.8121408224105835
4530,0.5578929781913757
4531,0.6785232424736023
4532,0.5448941588401794
4533,0.574390709400177
4534,0.5913669466972351
4535,0.5157620310783386
4536,0.41077372431755066
4537,0.44148045778274536
4538,0.7053099274635315
4539,0.6957272291183472
4540,0.21241480112075806
4541,0.5597579479217529
4542,0.2031843662261963
4543,0.774668276309967
4544,0.7831183075904846
4545,0.79701828956604
4546,0.7548448443412781
4547,0.3918256163597107
4548,0.49820321798324585
4549,0.2923550009727478
4550,0.3476353883743286
4551,0.8256779313087463
4552,0.3408714532852173
4553,0.47016143798828125
4554,0.5449996590614319
4555,0.6113383769989014
4556,0.7598150372505188
4557,0.5397390723228455
4558,0.7568404078483582
4559,0.48116737604141235
4560,0.5605424046516418
4561,0.39927104115486145
4562,0.6284652352333069
4563,0.6472405791282654
4564,0.49165183305740356
4565,0.6702066659927368
4566,0.3443946838378906
4567,0.31913483142852783
4568,0.397865355014801
4569,0.719361424446106
4570,0.6314854025840759
4571,0.6644911766052246
4572,0.5149145126342773
4573,0.4809160828590393
4574,0.8090203404426575
4575,0.646499514579773
4576,0.5678937435150146
4577,0.7860448956489563
4578,0.5500277876853943
4579,0.5462681651115417
4580,0.4495409429073334
4581,0.4892706573009491
4582,0.44658374786376953
4583,0.316173791885376
4584,0.4925341010093689
4585,0.48394614458084106
4586,0.5278674960136414
4587,0.5040497183799744
4588,0.263877272605896
4589,0.3398025929927826
4590,0.32364964485168457
4591,0.6536037921905518
4592,0.2741486430168152
4593,0.5720716118812561
4594,0.3573582172393799
4595,0.46340930461883545
4596,0.4116697311401367
4597,0.2795006334781647
4598,0.49141740798950195
4599,0.44943100214004517
4600,0.4180081784725189
4601,0.7021823525428772
4602,0.2604168653488159
4603,0.7501925230026245
4604,0.3177356719970703
4605,0.7303482890129089
4606,0.459847629070282
4607,0.5416327118873596
4608,0.4208106994628906
4609,0.2783631682395935
4610,0.6880014538764954
4611,0.45735177397727966
4612,0.49605536460876465
4613,0.22634950280189514
4614,0.20791655778884888
4615,0.47432756423950195
4616,0.8096467852592468
4617,0.3743942379951477
4618,0.6098183989524841
4619,0.5468509793281555
4620,0.6472976207733154
4621,0.4850034713745117
4622,0.8005766272544861
4623,0.24803203344345093
4624,0.31850701570510864
4625,0.48019471764564514
4626,0.4841720461845398
4627,0.6543066501617432
4628,0.32895776629447937
4629,0.3226086497306824
4630,0.8200801014900208
4631,0.565411388874054
4632,0.2583330571651459
4633,0.29101085662841797
4634,0.5626354813575745
4635,0.6214594841003418
4636,0.3617795705795288
4637,0.7946203947067261
4638,0.46519091725349426
4639,0.4495422840118408
4640,0.39262256026268005
4641,0.26219603419303894
4642,0.7388849258422852
4643,0.6878795027732849
4644,0.45166510343551636
4645,0.5301131010055542
4646,0.8064581751823425
4647,0.5138012766838074
4648,0.24506020545959473
4649,0.19310306012630463
4650,0.4135395884513855
4651,0.7112861275672913
4652,0.6592270135879517
4653,0.7570279240608215
4654,0.30008411407470703
4655,0.7931556701660156
4656,0.4092092514038086
4657,0.47106102108955383
4658,0.38255932927131653
4659,0.3826921582221985
4660,0.529290497303009
4661,0.5904871821403503
4662,0.5659534335136414
4663,0.2626971900463104
4664,0.45659950375556946
4665,0.487425833940506
4666,0.5912086367607117
4667,0.23307499289512634
4668,0.6737720370292664
4669,0.6921451687812805
4670,0.5481498837471008
4671,0.3596140146255493
4672,0.6463556885719299
4673,0.22042033076286316
4674,0.6265901327133179
4675,0.32002127170562744
4676,0.5596622824668884
4677,0.8077705502510071
4678,0.7678883075714111
4679,0.2985215187072754
4680,0.4025169014930725
4681,0.6512382626533508
4682,0.25777536630630493
4683,0.34755584597587585
4684,0.3258504271507263
4685,0.24599440395832062
4686,0.5124702453613281
4687,0.34586822986602783
4688,0.6459317803382874
4689,0.7037448287010193
4690,0.5414893627166748
4691,0.7418808937072754
4692,0.45256054401397705
4693,0.49048203229904175
4694,0.48637181520462036
4695,0.32611948251724243
4696,0.6281090378761292
4697,0.3800331652164459
4698,0.6172769665718079
4699,0.23548638820648193
4700,0.24957650899887085
4701,0.4738926291465759
4702,0.5933918356895447
4703,0.4116356372833252
4704,0.3009743094444275
4705,0.284085214138031
4706,0.7348791360855103
4707,0.2684454321861267
4708,0.5263210535049438
4709,0.7446984052658081
4710,0.34062883257865906
4711,0.4463038444519043
4712,0.734385073184967
4713,0.21766765415668488
4714,0.5329622030258179
4715,0.5248833298683167
4716,0.7803879380226135
4717,0.3831408619880676
4718,0.34304213523864746
4719,0.18715034425258636
4720,0.6402121782302856
4721,0.6549407243728638
4722,0.8227918744087219
4723,0.8291195631027222
4724,0.6158774495124817
4725,0.4057254195213318
4726,0.5238527059555054
4727,0.4226352572441101
4728,0.3582211136817932
4729,0.6161732077598572
4730,0.5932570695877075
4731,0.3386637270450592
4732,0.5637372732162476
4733,0.4181896448135376
4734,0.19663867354393005
4735,0.7726035714149475
4736,0.622330904006958
4737,0.5721777677536011
4738,0.4107432961463928
4739,0.6239027380943298
4740,0.3863680362701416
4741,0.4351489543914795
4742,0.6586465239524841
4743,0.325023889541626
4744,0.34937596321105957
4745,0.3750704526901245
4746,0.8076007962226868
4747,0.7818352580070496
4748,0.46965235471725464
4749,0.505914568901062
4750,0.5362328886985779
4751,0.8442373871803284
4752,0.23603379726409912
4753,0.6885417699813843
4754,0.38834717869758606
4755,0.7829113006591797
4756,0.46417346596717834
4757,0.4883838891983032
4758,0.5138829946517944
4759,0.3397826552391052
4760,0.19814857840538025
4761,0.42455604672431946
4762,0.3951111435890198
4763,0.18179112672805786
4764,0.5329611897468567
4765,0.2783210575580597
4766,0.4635626971721649
4767,0.37898242473602295
4768,0.7074077129364014
4769,0.5783684253692627
4770,0.467068612575531
4771,0.783547043800354
4772,0.5136260986328125
4773,0.32131528854370117
4774,0.4651571214199066
4775,0.441043883562088
4776,0.44772326946258545
4777,0.5711645483970642
4778,0.5673150420188904
4779,0.5785384774208069
4780,0.5631526112556458
4781,0.48499614000320435
4782,0.4884874224662781
4783,0.27462267875671387
4784,0.5590511560440063
4785,0.40961191058158875
4786,0.24193842709064484
4787,0.7974728941917419
4788,0.7139241099357605
4789,0.3722546696662903
4790,0.48509299755096436
4791,0.7859241366386414
4792,0.3663402795791626
4793,0.7195984125137329
4794,0.5253791213035583
4795,0.19386757910251617
4796,0.511474609375
4797,0.5568028092384338
4798,0.5447617173194885
4799,0.771551787853241
4800,0.33010590076446533
4801,0.7757523655891418
4802,0.27696698904037476
4803,0.6701157093048096
4804,0.6011613011360168
4805,0.36840158700942993
4806,0.5447403788566589
4807,0.5080594420433044
4808,0.28603196144104004
4809,0.28081458806991577
4810,0.3013846278190613
4811,0.557187557220459
4812,0.7442830801010132
4813,0.8159826397895813
4814,0.5448053479194641
4815,0.6167693138122559
4816,0.19767150282859802
4817,0.6001943349838257
4818,0.3633270859718323
4819,0.5631876587867737
4820,0.6094480752944946
4821,0.19935819506645203
4822,0.6012343168258667
4823,0.5302433371543884
4824,0.44449830055236816
4825,0.5336767435073853
4826,0.4343438148498535
4827,0.27717167139053345
4828,0.5322272181510925
4829,0.19414600729942322
4830,0.48166531324386597
4831,0.26631444692611694
4832,0.16918911039829254
4833,0.5639119744300842
4834,0.8403614163398743
4835,0.4411115050315857
4836,0.5650447010993958
4837,0.4791800081729889
4838,0.49702268838882446
4839,0.7856393456459045
4840,0.574898898601532
4841,0.3481405973434448
4842,0.21085017919540405
4843,0.6797236204147339
4844,0.6630846261978149
4845,0.35165244340896606
4846,0.6941407918930054
4847,0.5484088659286499
4848,0.5631762742996216
4849,0.7140109539031982
4850,0.6911433339118958
4851,0.7408746480941772
4852,0.3325975835323334
4853,0.7315235733985901
4854,0.7746818661689758
4855,0.5238916873931885
4856,0.2932969033718109
4857,0.3186436593532562
4858,0.7034578919410706
4859,0.7001917958259583
4860,0.44648289680480957
4861,0.7669236660003662
4862,0.613806962966919
4863,0.21749675273895264
4864,0.6912105679512024
4865,0.37917691469192505
4866,0.6279075741767883
4867,0.4489571154117584
4868,0.746001660823822
4869,0.575015127658844
4870,0.3640535771846771
4871,0.17863744497299194
4872,0.6494935154914856
4873,0.4690137207508087
4874,0.5287559628486633
4875,0.3328785300254822
4876,0.5101293921470642
4877,0.47687676548957825
4878,0.2943347990512848
4879,0.527086079120636
4880,0.68961101770401
4881,0.716949999332428
4882,0.5441181659698486
4883,0.6281971335411072
4884,0.5434240698814392
4885,0.5583589673042297
4886,0.4914041757583618
4887,0.49801331758499146
4888,0.3386702537536621
4889,0.7084118723869324
4890,0.18156281113624573
4891,0.4323815405368805
4892,0.540915310382843
4893,0.5373659133911133
4894,0.6042599081993103
4895,0.31632691621780396
4896,0.5108086466789246
4897,0.3278162479400635
4898,0.67527836561203
4899,0.44531169533729553
4900,0.4311298131942749
4901,0.2464098185300827
4902,0.26849210262298584
4903,0.6602898240089417
4904,0.36997511982917786
4905,0.4265076816082001
4906,0.40675267577171326
4907,0.42371276021003723
4908,0.5702679753303528
4909,0.5451112985610962
4910,0.6016753315925598
4911,0.7007908821105957
4912,0.2885403037071228
4913,0.8154982328414917
4914,0.46729469299316406
4915,0.5551876425743103
4916,0.5220087170600891
4917,0.7435222268104553
4918,0.8391345143318176
4919,0.38275009393692017
4920,0.5011760592460632
4921,0.3397347927093506
4922,0.6868994832038879
4923,0.5452805161476135
4924,0.3554150462150574
4925,0.4508250057697296
4926,0.8276438117027283
4927,0.7572258114814758
4928,0.6981960535049438
4929,0.4842219352722168
4930,0.5949364900588989
4931,0.28978514671325684
4932,0.6314025521278381
4933,0.7488454580307007
4934,0.3892335295677185
4935,0.6597497463226318
4936,0.4089399576187134
4937,0.18789637088775635
4938,0.810110867023468
4939,0.46057575941085815
4940,0.7370662689208984
4941,0.2331077605485916
4942,0.6121696829795837
4943,0.7978618741035461
4944,0.3190940320491791
4945,0.2754954695701599
4946,0.5142727494239807
4947,0.35693344473838806
4948,0.44306480884552
4949,0.42952826619148254
4950,0.2732827067375183
4951,0.1618521511554718
4952,0.3280242085456848
4953,0.22029487788677216
4954,0.30312657356262207
4955,0.8100665807723999
4956,0.4872530996799469
4957,0.19511981308460236
4958,0.5529758334159851
4959,0.22070099413394928
4960,0.4024766683578491
4961,0.35663682222366333
4962,0.5755521655082703
4963,0.5823363661766052
4964,0.5141651630401611
4965,0.5050819516181946
4966,0.45998716354370117
4967,0.375628799200058
4968,0.46531713008880615
4969,0.79763263463974
4970,0.6554674506187439
4971,0.8217400312423706
4972,0.4711432456970215
4973,0.7082094550132751
4974,0.7763552665710449
4975,0.4707263112068176
4976,0.7328614592552185
4977,0.7789498567581177
4978,0.7226201891899109
4979,0.6438981294631958
4980,0.38180649280548096
4981,0.4213893413543701
4982,0.7175768613815308
4983,0.37548714876174927
4984,0.48838523030281067
4985,0.42465147376060486
4986,0.682381272315979
4987,0.4772035777568817
4988,0.4483596086502075
4989,0.33683669567108154
4990,0.39401495456695557
4991,0.5966247916221619
4992,0.3251604437828064
4993,0.486112117767334
4994,0.5109701156616211
4995,0.39290574193000793
4996,0.34434831142425537
4997,0.26742517948150635
4998,0.30451732873916626
4999,0.7104682922363281
5000,0.48346370458602905
5001,0.665048360824585
5002,0.28846266865730286
5003,0.1755693107843399
5004,0.6974635720252991
5005,0.4244054853916168
5006,0.4622121751308441
5007,0.6121693253517151
5008,0.23080995678901672
5009,0.38301464915275574
5010,0.44052350521087646
5011,0.6094560027122498
5012,0.3350219130516052
5013,0.3537002205848694
5014,0.395516037940979
5015,0.39425939321517944
5016,0.6834147572517395
5017,0.48571738600730896
5018,0.41290467977523804
5019,0.19602006673812866
5020,0.6575387120246887
5021,0.5739941596984863
5022,0.5372371673583984
5023,0.36851099133491516
5024,0.4230690598487854
5025,0.5214572548866272
5026,0.8296913504600525
5027,0.6016750931739807
5028,0.7676021456718445
5029,0.1794043630361557
5030,0.5580049157142639
5031,0.25885432958602905
5032,0.45673227310180664
5033,0.45536839962005615
5034,0.755930483341217
5035,0.2845517098903656
5036,0.19256147742271423
5037,0.5583807826042175
5038,0.7553199529647827
5039,0.2526819109916687
5040,0.6098595857620239
5041,0.3492872714996338
5042,0.7681389451026917
5043,0.6561886072158813
5044,0.47286689281463623
5045,0.2656010687351227
5046,0.39783769845962524
5047,0.3934823274612427
5048,0.8002349138259888
5049,0.5570821166038513
5050,0.31914013624191284
5051,0.4700119197368622
5052,0.4534764587879181
5053,0.3197135329246521
5054,0.5546688437461853
5055,0.49544066190719604
5056,0.6211948990821838
5057,0.44231557846069336
5058,0.29810312390327454
5059,0.6999687552452087
5060,0.7108043432235718
5061,0.28296932578086853
5062,0.7195902466773987
5063,0.5434913039207458
5064,0.40431803464889526
5065,0.44005176424980164
5066,0.6778383851051331
5067,0.7767288088798523
5068,0.6377399563789368
5069,0.27623966336250305
5070,0.5218489170074463
5071,0.2931062579154968
5072,0.7833937406539917
5073,0.2380620241165161
5074,0.39963164925575256
5075,0.5384154915809631
5076,0.4251086711883545
5077,0.3204817473888397
5078,0.4082566499710083
5079,0.7700695991516113
5080,0.29362761974334717
5081,0.5882237553596497
5082,0.8005281090736389
5083,0.35781461000442505
5084,0.7487488389015198
5085,0.7336551547050476
5086,0.4237214922904968
5087,0.2367238998413086
5088,0.22565364837646484
5089,0.46029460430145264
5090,0.41348016262054443
5091,0.43448495864868164
5092,0.3969438672065735
5093,0.34133291244506836
5094,0.22865603864192963
5095,0.3252541422843933
5096,0.5575578808784485
5097,0.4760185480117798
5098,0.6330685019493103
5099,0.5778875946998596
5100,0.6940881609916687
5101,0.5128000378608704
5102,0.5775272250175476
5103,0.6099341511726379
5104,0.40340542793273926
5105,0.3312492370605469
5106,0.5319826006889343
5107,0.481570839881897
5108,0.2357451319694519
5109,0.6655791401863098
5110,0.7452185153961182
5111,0.6143970489501953
5112,0.6084620952606201
5113,0.24658040702342987
5114,0.6582750678062439
5115,0.7375690340995789
5116,0.6887673735618591
5117,0.7201693058013916
5118,0.5588788390159607
5119,0.27899932861328125
5120,0.36275625228881836
5121,0.739018976688385
5122,0.5549977421760559
5123,0.7157186269760132
5124,0.5330505967140198
5125,0.38492071628570557
5126,0.762588381767273
5127,0.7240259051322937
5128,0.22944673895835876
5129,0.5899050235748291
5130,0.780193567276001
5131,0.24978911876678467
5132,0.38698965311050415
5133,0.6736719012260437
5134,0.2959446310997009
5135,0.6410858035087585
5136,0.3970623016357422
5137,0.5055909752845764
5138,0.5673868656158447
5139,0.5367678999900818
5140,0.7754062414169312
5141,0.3804549276828766
5142,0.8023517727851868
5143,0.5188409090042114
5144,0.3891160488128662
5145,0.22877094149589539
5146,0.5628923773765564
5147,0.5804963111877441
5148,0.33895495533943176
5149,0.7065547108650208
5150,0.556121289730072
5151,0.5761197209358215
5152,0.5019481182098389
5153,0.34228432178497314
5154,0.6133466958999634
5155,0.3690848648548126
5156,0.766433596611023
5157,0.583929717540741
5158,0.44856518507003784
5159,0.23861835896968842
5160,0.7266358733177185
5161,0.6264943480491638
5162,0.40115684270858765
5163,0.6234708428382874
5164,0.7376151084899902
5165,0.31356531381607056
5166,0.5307239890098572
5167,0.5244334936141968
5168,0.25705787539482117
5169,0.7760249376296997
5170,0.4648216962814331
5171,0.6359466314315796
5172,0.5622984766960144
5173,0.5371670126914978
5174,0.21718475222587585
5175,0.23978044092655182
5176,0.3432428240776062
5177,0.5883747339248657
5178,0.5342234969139099
5179,0.6423735618591309
5180,0.2703200578689575
5181,0.1796032339334488
5182,0.4071754217147827
5183,0.40802428126335144
5184,0.6805369257926941
5185,0.29939231276512146
5186,0.2179265022277832
5187,0.5437895655632019
5188,0.8053292036056519
5189,0.192550390958786
5190,0.22468334436416626
5191,0.43315383791923523
5192,0.645212709903717
5193,0.807985782623291
5194,0.45735687017440796
5195,0.19956697523593903
5196,0.2265143096446991
5197,0.8184418082237244
5198,0.3662847578525543
5199,0.5747551321983337
5200,0.4856981635093689
5201,0.7651833891868591
5202,0.7721624970436096
5203,0.25737813115119934
5204,0.4693921208381653
5205,0.4025089740753174
5206,0.30529195070266724
5207,0.8125728964805603
5208,0.537752628326416
5209,0.22666482627391815
5210,0.462154746055603
5211,0.3456914722919464
5212,0.7810540795326233
5213,0.3973405361175537
5214,0.4093558192253113
5215,0.7441096305847168
5216,0.764406144618988
5217,0.6402052044868469
5218,0.6692422032356262
5219,0.5506020188331604
5220,0.3139394521713257
5221,0.5997775197029114
5222,0.20679879188537598
5223,0.4881562888622284
5224,0.34484779834747314
5225,0.4347720146179199
5226,0.5148674845695496
5227,0.24846065044403076
5228,0.19252309203147888
5229,0.391762375831604
5230,0.34525635838508606
5231,0.65590900182724
5232,0.8227153420448303
5233,0.2888898253440857
5234,0.6972967982292175
5235,0.804440975189209
5236,0.4016861319541931
5237,0.28920701146125793
5238,0.758115828037262
5239,0.19361302256584167
5240,0.4510110020637512
5241,0.6342687010765076
5242,0.5254653096199036
5243,0.6504762768745422
5244,0.691988468170166
5245,0.4459851384162903
5246,0.2630438208580017
5247,0.329202264547348
5248,0.8316349983215332
5249,0.39138659834861755
5250,0.5035941004753113
5251,0.4693464934825897
5252,0.7645396590232849
5253,0.541239321231842
5254,0.5158499479293823
5255,0.6576054692268372
5256,0.7019230723381042
5257,0.303430438041687
5258,0.6772180795669556
5259,0.7282034754753113
5260,0.24276749789714813
5261,0.41089412569999695
5262,0.4611409902572632
5263,0.3804900646209717
5264,0.36733946204185486
5265,0.39142996072769165
5266,0.8166800141334534
5267,0.5644150972366333
5268,0.6069430112838745
5269,0.33681467175483704
5270,0.4434683322906494
5271,0.6515417695045471
5272,0.5614665150642395
5273,0.27721285820007324
5274,0.4491782784461975
5275,0.5181573033332825
5276,0.22322379052639008
5277,0.29580333828926086
5278,0.513022243976593
5279,0.84047931432724
5280,0.37785887718200684
5281,0.5146991610527039
5282,0.42794010043144226
5283,0.21593861281871796
5284,0.6466013193130493
5285,0.5778066515922546
5286,0.44357573986053467
5287,0.4937393069267273
5288,0.8208949565887451
5289,0.5120596885681152
5290,0.4955044090747833
5291,0.20701542496681213
5292,0.31136155128479004
5293,0.5361487865447998
5294,0.48136305809020996
5295,0.5255091786384583
5296,0.36019545793533325
5297,0.4414619207382202
5298,0.5531614422798157
5299,0.3722311854362488
5300,0.6562115550041199
5301,0.3756822943687439
5302,0.8416468501091003
5303,0.458074688911438
5304,0.471021443605423
5305,0.35641294717788696
5306,0.2267509549856186
5307,0.5914626717567444
5308,0.319175124168396
5309,0.6585027575492859
5310,0.46796536445617676
5311,0.5807514786720276
5312,0.39970481395721436
5313,0.19004207849502563
5314,0.3477160930633545
5315,0.45563554763793945
5316,0.43291568756103516
5317,0.4891126751899719
5318,0.29664862155914307
5319,0.6281198859214783
5320,0.5999615788459778
5321,0.7556986212730408
5322,0.6574115753173828
5323,0.44615137577056885
5324,0.4412851333618164
5325,0.2754444181919098
5326,0.6709177494049072
5327,0.4033650755882263
5328,0.36477166414260864
5329,0.4559364318847656
5330,0.5552402138710022
5331,0.551340639591217
5332,0.3914543390274048
5333,0.8044875264167786
5334,0.6007223725318909
5335,0.8190303444862366
5336,0.5271811485290527
5337,0.7512038946151733
5338,0.237835094332695
5339,0.6856891512870789
5340,0.5820887684822083
5341,0.4836147427558899
5342,0.8055123686790466
5343,0.635212242603302
5344,0.8035197257995605
5345,0.5585576295852661
5346,0.4906705915927887
5347,0.5451645255088806
5348,0.6496615409851074
5349,0.3113778233528137
5350,0.8231955766677856
5351,0.4652850329875946
5352,0.2006336748600006
5353,0.48924967646598816
5354,0.5042564868927002
5355,0.43991464376449585
5356,0.2772878110408783
5357,0.3202882409095764
5358,0.3455294370651245
5359,0.8114463090896606
5360,0.3810140788555145
5361,0.30851322412490845
5362,0.357862651348114
5363,0.6779821515083313
5364,0.2982637286186218
5365,0.3258146047592163
5366,0.20725193619728088
5367,0.639235258102417
5368,0.6840548515319824
5369,0.4911625385284424
5370,0.6271988749504089
5371,0.3973538875579834
5372,0.6175687313079834
5373,0.38222384452819824
5374,0.6626900434494019
5375,0.7309178113937378
5376,0.36480188369750977
5377,0.37894749641418457
5378,0.6186727285385132
5379,0.6122957468032837
5380,0.4196895956993103
5381,0.7329550981521606
5382,0.3700818419456482
5383,0.6896838545799255
5384,0.7769153118133545
5385,0.5383017659187317
5386,0.5716047286987305
5387,0.6419291496276855
5388,0.23657438158988953
5389,0.5581419467926025
5390,0.5875362753868103
5391,0.25182339549064636
5392,0.23368924856185913
5393,0.4233708381652832
5394,0.44984838366508484
5395,0.7187259793281555
5396,0.5362375378608704
5397,0.8081220984458923
5398,0.5542875528335571
5399,0.7088918089866638
5400,0.4696648418903351
5401,0.8020209670066833
5402,0.5053594708442688
5403,0.3614257574081421
5404,0.7321417331695557
5405,0.3764009177684784
5406,0.44878309965133667
5407,0.4691835045814514
5408,0.6800513863563538
5409,0.518998384475708
5410,0.4024732708930969
5411,0.3729338049888611
5412,0.7010786533355713
5413,0.3958454132080078
5414,0.33542895317077637
5415,0.595275342464447
5416,0.7141042351722717
5417,0.5230008959770203
5418,0.5854081511497498
5419,0.506696879863739
5420,0.5353754162788391
5421,0.23157285153865814
5422,0.4154357314109802
5423,0.6438530087471008
5424,0.3729073405265808
5425,0.24978160858154297
5426,0.5247490406036377
5427,0.20497757196426392
5428,0.5360338687896729
5429,0.5983501076698303
5430,0.20781797170639038
5431,0.7278758883476257
5432,0.43391114473342896
5433,0.7449155449867249
5434,0.625687837600708
5435,0.19391997158527374
5436,0.36619019508361816
5437,0.48908159136772156
5438,0.4946669042110443
5439,0.6207029223442078
5440,0.5622987151145935
5441,0.263609915971756
5442,0.30199065804481506
5443,0.6637939810752869
5444,0.804848849773407
5445,0.5572376251220703
5446,0.5374436974525452
5447,0.6292946934700012
5448,0.6421743631362915
5449,0.5454248785972595
5450,0.4850614070892334
5451,0.7099379301071167
5452,0.43090713024139404
5453,0.8070828914642334
5454,0.50259929895401
5455,0.38514354825019836
5456,0.3827185034751892
5457,0.47608572244644165
5458,0.2770313322544098
5459,0.5134972333908081
5460,0.6193332076072693
5461,0.4826054871082306
5462,0.7926895618438721
5463,0.6234065890312195
5464,0.27085259556770325
5465,0.77989661693573
5466,0.3467652201652527
5467,0.4465863108634949
5468,0.36995744705200195
5469,0.48826882243156433
5470,0.43313848972320557
5471,0.42020681500434875
5472,0.6787073612213135
5473,0.5246003270149231
5474,0.5565720200538635
5475,0.6687639355659485
5476,0.42404288053512573
5477,0.36382365226745605
5478,0.6408036947250366
5479,0.3286038041114807
5480,0.8240702748298645
5481,0.42537733912467957
5482,0.7127555012702942
5483,0.46188199520111084
5484,0.6839979887008667
5485,0.37442415952682495
5486,0.39693695306777954
5487,0.4347132742404938
5488,0.548163115978241
5489,0.39679378271102905
5490,0.5489969849586487
5491,0.29064327478408813
5492,0.4072102904319763
5493,0.3866439461708069
5494,0.25748419761657715
5495,0.4331100881099701
5496,0.2496010661125183
5497,0.5321780443191528
5498,0.5695114731788635
5499,0.4769687056541443
5500,0.4947708249092102
5501,0.6058446168899536
5502,0.4483076333999634
5503,0.7554928064346313
5504,0.7740703821182251
5505,0.41146335005760193
5506,0.5927456617355347
5507,0.6324670314788818
5508,0.7318224310874939
5509,0.4062540531158447
5510,0.6302614808082581
5511,0.5047206878662109
5512,0.43674466013908386
5513,0.22633911669254303
5514,0.25095731019973755
5515,0.26945996284484863
5516,0.27239394187927246
5517,0.5224631428718567
5518,0.8401146531105042
5519,0.23736336827278137
5520,0.8213852047920227
5521,0.5164889693260193
5522,0.7398824095726013
5523,0.7461719512939453
5524,0.18663014471530914
5525,0.4800920784473419
5526,0.6046877503395081
5527,0.6649832129478455
5528,0.6915857195854187
5529,0.3949100971221924
5530,0.8289273381233215
5531,0.5978466272354126
5532,0.28788304328918457
5533,0.4539867639541626
5534,0.7947710156440735
5535,0.7811072468757629
5536,0.6383341550827026
5537,0.21835406124591827
5538,0.322221964597702
5539,0.3676908016204834
5540,0.730069637298584
5541,0.5496705174446106
5542,0.5667972564697266
5543,0.6574971079826355
5544,0.5574149489402771
5545,0.47253456711769104
5546,0.15548092126846313
5547,0.4678860306739807
5548,0.3130623996257782
5549,0.614056408405304
5550,0.38545188307762146
5551,0.5329827666282654
5552,0.40631258487701416
5553,0.6235980987548828
5554,0.709240198135376
5555,0.8194662928581238
5556,0.2327045351266861
5557,0.5590558648109436
5558,0.2505762577056885
5559,0.5917127132415771
5560,0.5365998148918152
5561,0.5228108763694763
5562,0.3370378911495209
5563,0.500819742679596
5564,0.27135950326919556
5565,0.40632668137550354
5566,0.4040856957435608
5567,0.4522339403629303
5568,0.5558915734291077
5569,0.4928104281425476
5570,0.6819668412208557
5571,0.3204267919063568
5572,0.28097325563430786
5573,0.49826645851135254
5574,0.3498014211654663
5575,0.5380172729492188
5576,0.49530401825904846
5577,0.35698577761650085
5578,0.4411485195159912
5579,0.7584337592124939
5580,0.3434663414955139
5581,0.4308862090110779
5582,0.3350997865200043
5583,0.41085919737815857
5584,0.17525698244571686
5585,0.4269763231277466
5586,0.8034860491752625
5587,0.5197272300720215
5588,0.2142556607723236
5589,0.6473195552825928
5590,0.3420219421386719
5591,0.3884068727493286
5592,0.4594796895980835
5593,0.7515118718147278
5594,0.6299490928649902
5595,0.719419002532959
5596,0.5649412274360657
5597,0.7365400195121765
5598,0.5878494381904602
5599,0.6385672688484192
5600,0.8339743614196777
5601,0.4321102201938629
5602,0.7418366074562073
5603,0.7019400000572205
5604,0.2973490357398987
5605,0.46403780579566956
5606,0.7849500775337219
5607,0.42909911274909973
5608,0.7485617995262146
5609,0.18456855416297913
5610,0.7936023473739624
5611,0.6144502758979797
5612,0.5842173099517822
5613,0.5284754037857056
5614,0.19989915192127228
5615,0.8150488138198853
5616,0.4483054280281067
5617,0.5906227231025696
5618,0.43451422452926636
5619,0.2462770938873291
5620,0.5886696577072144
5621,0.7857191562652588
5622,0.47167932987213135
5623,0.6582191586494446
5624,0.34080231189727783
5625,0.23458153009414673
5626,0.37415599822998047
5627,0.4021894633769989
5628,0.6012781262397766
5629,0.5676969885826111
5630,0.40981733798980713
5631,0.6221266388893127
5632,0.6540757417678833
5633,0.3463854491710663
5634,0.3322097361087799
5635,0.505619466304779
5636,0.5792025923728943
5637,0.8264046311378479
5638,0.6512224078178406
5639,0.251941442489624
5640,0.2494983673095703
5641,0.40741121768951416
5642,0.84501713514328
5643,0.7644253373146057
5644,0.5036401152610779
5645,0.8010753989219666
5646,0.17015716433525085
5647,0.7858290672302246
5648,0.27577173709869385
5649,0.35738182067871094
5650,0.6110198497772217
5651,0.7780667543411255
5652,0.23841559886932373
5653,0.7616457343101501
5654,0.24240180850028992
5655,0.6853535771369934
5656,0.4888424873352051
5657,0.6406886577606201
5658,0.2302675098180771
5659,0.3591301441192627
5660,0.2490386962890625
5661,0.364918053150177
5662,0.7361007332801819
5663,0.776549756526947
5664,0.20365582406520844
5665,0.3830263614654541
5666,0.5831809639930725
5667,0.6085087656974792
5668,0.3810414671897888
5669,0.4388054311275482
5670,0.4336690902709961
5671,0.7155904769897461
5672,0.455695241689682
5673,0.7187750935554504
5674,0.37389248609542847
5675,0.583856463432312
5676,0.33021268248558044
5677,0.6810212135314941
5678,0.4368201196193695
5679,0.28798454999923706
5680,0.48982688784599304
5681,0.4302735924720764
5682,0.5534443855285645
5683,0.4494464695453644
5684,0.7661495804786682
5685,0.4444401264190674
5686,0.30547261238098145
5687,0.6103646159172058
5688,0.7597033977508545
5689,0.3795974552631378
5690,0.4657188355922699
5691,0.33153295516967773
5692,0.7177289128303528
5693,0.5628304481506348
5694,0.3746599555015564
5695,0.8058611750602722
5696,0.8114141225814819
5697,0.6703305244445801
5698,0.6748712062835693
5699,0.42313021421432495
5700,0.4523950517177582
5701,0.25608885288238525
5702,0.16898207366466522
5703,0.6551771759986877
5704,0.19678178429603577
5705,0.31108370423316956
5706,0.39828819036483765
5707,0.29264312982559204
5708,0.5258086919784546
5709,0.42108023166656494
5710,0.7347880601882935
5711,0.41514402627944946
5712,0.5007270574569702
5713,0.17993056774139404
5714,0.637690007686615
5715,0.5380150079727173
5716,0.5904576182365417
5717,0.5305374264717102
5718,0.5403632521629333
5719,0.32532578706741333
5720,0.34998375177383423
5721,0.3039013147354126
5722,0.4053950905799866
5723,0.4980522394180298
5724,0.25001776218414307
5725,0.5733797550201416
5726,0.5553385019302368
5727,0.3797016739845276
5728,0.8284647464752197
5729,0.7817459106445312
5730,0.5593740344047546
5731,0.4538439214229584
5732,0.4570506811141968
5733,0.4763071537017822
5734,0.19713261723518372
5735,0.19535265862941742
5736,0.7007108330726624
5737,0.5877193808555603
5738,0.4210590124130249
5739,0.29704341292381287
5740,0.2811853885650635
5741,0.5772679448127747
5742,0.5689584612846375
5743,0.4112969636917114
5744,0.27434179186820984
5745,0.41361743211746216
5746,0.5700265765190125
5747,0.7709609866142273
5748,0.3764890432357788
5749,0.5763788819313049
5750,0.3415176272392273
5751,0.5934519171714783
5752,0.382121741771698
5753,0.48317334055900574
5754,0.36719590425491333
5755,0.8061599731445312
5756,0.5943344831466675
5757,0.40558889508247375
5758,0.2670940160751343
5759,0.7421144843101501
5760,0.26514095067977905
5761,0.8024542927742004
5762,0.34061065316200256
5763,0.29125094413757324
5764,0.35810017585754395
5765,0.37808340787887573
5766,0.3351174592971802
5767,0.4324473738670349
5768,0.7972320914268494
5769,0.2680850327014923
5770,0.7876257300376892
5771,0.5732627511024475
5772,0.26467496156692505
5773,0.46576863527297974
5774,0.29946428537368774
5775,0.3640315532684326
5776,0.45977818965911865
5777,0.16171814501285553
5778,0.3768935799598694
5779,0.7350040078163147
5780,0.28940337896347046
5781,0.6036286950111389
5782,0.5484933853149414
5783,0.5351685881614685
5784,0.578493058681488
5785,0.42631715536117554
5786,0.26979905366897583
5787,0.47662144899368286
5788,0.7470304369926453
5789,0.358468234539032
5790,0.32767611742019653
5791,0.3160093426704407
5792,0.7406461834907532
5793,0.3373858332633972
5794,0.38162654638290405
5795,0.505708634853363
5796,0.3479382395744324
5797,0.5346243977546692
5798,0.5305469036102295
5799,0.8258864879608154
5800,0.6640912294387817
5801,0.8183920979499817
5802,0.3720850944519043
5803,0.4038618803024292
5804,0.8083047270774841
5805,0.4042634069919586
5806,0.7150111198425293
5807,0.5541566014289856
5808,0.2717408835887909
5809,0.7327183485031128
5810,0.4060114622116089
5811,0.3293282687664032
5812,0.2692905068397522
5813,0.7076295614242554
5814,0.5362252593040466
5815,0.6751071810722351
5816,0.45376667380332947
5817,0.6682188510894775
5818,0.31747397780418396
5819,0.4782916009426117
5820,0.27012819051742554
5821,0.4005891680717468
5822,0.4902258515357971
5823,0.5439860224723816
5824,0.7970104813575745
5825,0.29213568568229675
5826,0.8019227981567383
5827,0.5822184085845947
5828,0.6629392504692078
5829,0.6873828172683716
5830,0.5933992862701416
5831,0.6630675196647644
5832,0.23081007599830627
5833,0.7202655673027039
5834,0.6682114005088806
5835,0.3509102463722229
5836,0.7164900898933411
5837,0.4703664183616638
5838,0.5918323993682861
5839,0.46308231353759766
5840,0.7716537117958069
5841,0.4954615831375122
5842,0.7694129943847656
5843,0.43816444277763367
5844,0.4869127869606018
5845,0.7377415299415588
5846,0.7767661213874817
5847,0.34389474987983704
5848,0.6209686994552612
5849,0.5563041567802429
5850,0.31430137157440186
5851,0.8125613331794739
5852,0.5187317132949829
5853,0.509428858757019
5854,0.6964359879493713
5855,0.711057186126709
5856,0.21499153971672058
5857,0.538231611251831
5858,0.5928186774253845
5859,0.5718492865562439
5860,0.21029232442378998
5861,0.44905853271484375
5862,0.5175761580467224
5863,0.33256101608276367
5864,0.4080032706260681
5865,0.43323031067848206
5866,0.8145782351493835
5867,0.5537635684013367
5868,0.6418053507804871
5869,0.3336338400840759
5870,0.6819912791252136
5871,0.553085446357727
5872,0.825994074344635
5873,0.7379418611526489
5874,0.4293178617954254
5875,0.5031786561012268
5876,0.5533074736595154
5877,0.7333948016166687
5878,0.27136778831481934
5879,0.8192040920257568
5880,0.823185384273529
5881,0.664873480796814
5882,0.7056771516799927
5883,0.733752429485321
5884,0.464199960231781
5885,0.18196231126785278
5886,0.8127984404563904
5887,0.558323323726654
5888,0.5316380858421326
5889,0.41045892238616943
5890,0.44483208656311035
5891,0.43183082342147827
5892,0.42593303322792053
5893,0.5228275656700134
5894,0.6150818467140198
5895,0.7629067301750183
5896,0.5690604448318481
5897,0.7692345976829529
5898,0.5562679171562195
5899,0.5220698714256287
5900,0.361108660697937
5901,0.811323344707489
5902,0.3607606887817383
5903,0.7967970967292786
5904,0.5161234736442566
5905,0.72066730260849
5906,0.5462580919265747
5907,0.39308497309684753
5908,0.4621800184249878
5909,0.39860349893569946
5910,0.8078133463859558
5911,0.7456811666488647
5912,0.35637569427490234
5913,0.27475541830062866
5914,0.2160382866859436
5915,0.4919089376926422
5916,0.6115205883979797
5917,0.38923197984695435
5918,0.3536858558654785
5919,0.767644464969635
5920,0.7289716005325317
5921,0.7921934127807617
5922,0.2943341135978699
5923,0.7759599685668945
5924,0.2910749912261963
5925,0.5266759395599365
5926,0.5826749205589294
5927,0.6797518730163574
5928,0.4105824828147888
5929,0.7000576853752136
5930,0.4201802909374237
5931,0.600091278553009
5932,0.7773371338844299
5933,0.4958761930465698
5934,0.38793742656707764
5935,0.7458245754241943
5936,0.4827747344970703
5937,0.48527228832244873
5938,0.656686007976532
5939,0.5160672068595886
5940,0.7200503945350647
5941,0.5809674263000488
5942,0.33801794052124023
5943,0.49694007635116577
5944,0.5366283059120178
5945,0.49646106362342834
5946,0.36284637451171875
5947,0.38554346561431885
5948,0.5129395127296448
5949,0.3528989851474762
5950,0.8286723494529724
5951,0.26656681299209595
5952,0.7866503596305847
5953,0.5724680423736572
5954,0.2445506602525711
5955,0.6966274380683899
5956,0.7613043785095215
5957,0.38846683502197266
5958,0.8139546513557434
5959,0.2814881503582001
5960,0.5124718546867371
5961,0.805894672870636
5962,0.7559860944747925
5963,0.7205410003662109
5964,0.39135730266571045
5965,0.5614219903945923
5966,0.5525376796722412
5967,0.45845234394073486
5968,0.36742883920669556
5969,0.45054739713668823
5970,0.47398442029953003
5971,0.7056373953819275
5972,0.23930370807647705
5973,0.7319915890693665
5974,0.6214500069618225
5975,0.4373028874397278
5976,0.814174473285675
5977,0.5365894436836243
5978,0.19583050906658173
5979,0.5196148157119751
5980,0.730263888835907
5981,0.7429772019386292
5982,0.43696725368499756
5983,0.3871222138404846
5984,0.5825923085212708
5985,0.5845463275909424
5986,0.6894350647926331
5987,0.2321580946445465
5988,0.3145070970058441
5989,0.7650614976882935
5990,0.5596848726272583
5991,0.4794212579727173
5992,0.44868338108062744
5993,0.23927108943462372
5994,0.8349024653434753
5995,0.7529675364494324
5996,0.6670838594436646
5997,0.752215564250946
5998,0.6120311617851257
5999,0.5528362393379211
6000,0.338489830493927
6001,0.44494783878326416
6002,0.787014365196228
6003,0.5549519062042236
6004,0.4857635498046875
6005,0.7568667531013489
6006,0.7659571170806885
6007,0.3589358925819397
6008,0.7642804980278015
6009,0.46561527252197266
6010,0.3577845096588135
6011,0.6399700045585632
6012,0.5984832644462585
6013,0.7016726136207581
6014,0.410713791847229
6015,0.31888511776924133
6016,0.3146005868911743
6017,0.7647395730018616
6018,0.29173743724823
6019,0.6722065210342407
6020,0.6431617736816406
6021,0.41646790504455566
6022,0.8130461573600769
6023,0.7173869013786316
6024,0.45259809494018555
6025,0.8159159421920776
6026,0.54108065366745
6027,0.3516855537891388
6028,0.28416794538497925
6029,0.22800679504871368
6030,0.6488139629364014
6031,0.401634156703949
6032,0.6024487614631653
6033,0.8214091658592224
6034,0.44341015815734863
6035,0.5689709186553955
6036,0.6702737212181091
6037,0.5352628231048584
6038,0.5704997777938843
6039,0.6733515858650208
6040,0.6000704169273376
6041,0.42234355211257935
6042,0.6033989191055298
6043,0.28318995237350464
6044,0.37182870507240295
6045,0.7037103772163391
6046,0.4313492774963379
6047,0.45838433504104614
6048,0.3828197121620178
6049,0.8035079836845398
6050,0.7546444535255432
6051,0.5788303017616272
6052,0.5602389574050903
6053,0.6897795796394348
6054,0.8085996508598328
6055,0.5101351141929626
6056,0.721646785736084
6057,0.43412771821022034
6058,0.7868151664733887
6059,0.4064454734325409
6060,0.5233301520347595
6061,0.17581897974014282
6062,0.6339123845100403
6063,0.47127625346183777
6064,0.7604169249534607
6065,0.7399622797966003
6066,0.8273535370826721
6067,0.45093870162963867
6068,0.8228524923324585
6069,0.5438585877418518
6070,0.5652584433555603
6071,0.8331636786460876
6072,0.5475491881370544
6073,0.651209831237793
6074,0.49734172224998474
6075,0.2066432535648346
6076,0.39253151416778564
6077,0.4845695495605469
6078,0.5610561966896057
6079,0.8135998249053955
6080,0.4061416983604431
6081,0.7700006365776062
6082,0.8159841895103455
6083,0.7627330422401428
6084,0.41691648960113525
6085,0.5326322913169861
6086,0.6951166987419128
6087,0.3996591567993164
6088,0.7732382416725159
6089,0.36867332458496094
6090,0.5484941601753235
6091,0.6717466711997986
6092,0.6677324771881104
6093,0.6735033392906189
6094,0.8281572461128235
6095,0.5544254183769226
6096,0.5321758389472961
6097,0.4717198312282562
6098,0.18312498927116394
6099,0.5419670939445496
6100,0.7954244017601013
6101,0.5238900780677795
6102,0.6474546790122986
6103,0.2003348171710968
6104,0.44707614183425903
6105,0.551112949848175
6106,0.23035955429077148
6107,0.711537778377533
6108,0.32924970984458923
6109,0.388985812664032
6110,0.20883704721927643
6111,0.4510694146156311
6112,0.36030030250549316
6113,0.8172494769096375
6114,0.7799375653266907
6115,0.513404905796051
6116,0.18556390702724457
6117,0.7780173420906067
6118,0.7859830260276794
6119,0.5382506251335144
6120,0.7134413719177246
6121,0.5386468768119812
6122,0.4739643633365631
6123,0.635834276676178
6124,0.2505905330181122
6125,0.31416213512420654
6126,0.736218273639679
6127,0.24631042778491974
6128,0.3767175078392029
6129,0.7198408842086792
6130,0.8202633261680603
6131,0.412306010723114
6132,0.45262575149536133
6133,0.33557558059692383
6134,0.5409824848175049
6135,0.2541952431201935
6136,0.7708233594894409
6137,0.4016808271408081
6138,0.5372092127799988
6139,0.40545815229415894
6140,0.42362332344055176
6141,0.7983981370925903
6142,0.6919258236885071
6143,0.5933811664581299
6144,0.8040476441383362
6145,0.5599551796913147
6146,0.2242053896188736
6147,0.7900907397270203
6148,0.3813527822494507
6149,0.4934988021850586
6150,0.49949079751968384
6151,0.44506150484085083
6152,0.5372893810272217
6153,0.2486627995967865
6154,0.6550626158714294
6155,0.7351118922233582
6156,0.5932232141494751
6157,0.5153670907020569
6158,0.4632459282875061
6159,0.35188716650009155
6160,0.45256197452545166
6161,0.6945127844810486
6162,0.5413574576377869
6163,0.5506995916366577
6164,0.741195023059845
6165,0.37117987871170044
6166,0.7215659022331238
6167,0.6480552554130554
6168,0.5788899064064026
6169,0.2574964761734009
6170,0.3599528670310974
6171,0.7604326605796814
6172,0.21589508652687073
6173,0.5295950770378113
6174,0.6701332926750183
6175,0.6342752575874329
6176,0.291542112827301
6177,0.8038545846939087
6178,0.6653510928153992
6179,0.35046297311782837
6180,0.27484166622161865
6181,0.7220655679702759
6182,0.7458318471908569
6183,0.5106865763664246
6184,0.38559776544570923
6185,0.21050459146499634
6186,0.5086521506309509
6187,0.4691793918609619
6188,0.5651870369911194
6189,0.7677810788154602
6190,0.5232445597648621
6191,0.45712795853614807
6192,0.7170533537864685
6193,0.5693628787994385
6194,0.287515252828598
6195,0.4696485996246338
6196,0.481842577457428
6197,0.22116895020008087
6198,0.3719111979007721
6199,0.31498169898986816
6200,0.48646289110183716
6201,0.3255479335784912
6202,0.4987178444862366
6203,0.4711921811103821
6204,0.38918769359588623
6205,0.3739525377750397
6206,0.5811915397644043
6207,0.5731674432754517
6208,0.5202532410621643
6209,0.570591390132904
6210,0.8088023066520691
6211,0.706507682800293
6212,0.2858411371707916
6213,0.38660797476768494
6214,0.5529621839523315
6215,0.6587653160095215
6216,0.3108801245689392
6217,0.7951262593269348
6218,0.6420076489448547
6219,0.3056883215904236
6220,0.3934493660926819
6221,0.7104660272598267
6222,0.219451904296875
6223,0.3815172016620636
6224,0.36899131536483765
6225,0.31201115250587463
6226,0.6378090977668762
6227,0.48194587230682373
6228,0.5767901539802551
6229,0.32166579365730286
6230,0.49769026041030884
6231,0.667367696762085
6232,0.6956039667129517
6233,0.7416039109230042
6234,0.43454188108444214
6235,0.25818923115730286
6236,0.307962566614151
6237,0.8270891308784485
6238,0.8048080801963806
6239,0.813783586025238
6240,0.48215892910957336
6241,0.3959237337112427
6242,0.20740482211112976
6243,0.7933245301246643
6244,0.2286374568939209
6245,0.7137900590896606
6246,0.43518155813217163
6247,0.6589092016220093
6248,0.8145198822021484
6249,0.5414476990699768
6250,0.2101217359304428
6251,0.2857600450515747
6252,0.30449622869491577
6253,0.4288088083267212
6254,0.2689724564552307
6255,0.8297768831253052
6256,0.5778182744979858
6257,0.3648173213005066
6258,0.7268083691596985
6259,0.639798104763031
6260,0.23267607390880585
6261,0.45555487275123596
6262,0.7747377753257751
6263,0.6777898073196411
6264,0.5820090770721436
6265,0.38731685280799866
6266,0.6872907280921936
6267,0.538074254989624
6268,0.5605042576789856
6269,0.3420252799987793
6270,0.7957581877708435
6271,0.45857924222946167
6272,0.8177142143249512
6273,0.5880386233329773
6274,0.17223717272281647
6275,0.2767077386379242
6276,0.41950273513793945
6277,0.6558477878570557
6278,0.5995280146598816
6279,0.2627968192100525
6280,0.6808210611343384
6281,0.24864432215690613
6282,0.3235308527946472
6283,0.25318068265914917
6284,0.4653241038322449
6285,0.16998112201690674
6286,0.5959393382072449
6287,0.7544636130332947
6288,0.5351340770721436
6289,0.6050681471824646
6290,0.4422461986541748
6291,0.19531451165676117
6292,0.47866928577423096
6293,0.4410468339920044
6294,0.832188069820404
6295,0.6354643702507019
6296,0.7436443567276001
6297,0.38991498947143555
6298,0.46337568759918213
6299,0.38237565755844116
6300,0.32244738936424255
6301,0.22564607858657837
6302,0.5131442546844482
6303,0.5758045315742493
6304,0.6375154852867126
6305,0.2505151033401489
6306,0.7082885503768921
6307,0.5351693034172058
6308,0.26071232557296753
6309,0.7752217650413513
6310,0.2760266661643982
6311,0.6878693103790283
6312,0.661708414554596
6313,0.6071204543113708
6314,0.47751283645629883
6315,0.39086511731147766
6316,0.29618924856185913
6317,0.7389501929283142
6318,0.5232121348381042
6319,0.6551539897918701
6320,0.766742467880249
6321,0.6852466464042664
6322,0.33583593368530273
6323,0.511600136756897
6324,0.5051966905593872
6325,0.4222943186759949
6326,0.2943340241909027
6327,0.5383819937705994
6328,0.6534145474433899
6329,0.3569199740886688
6330,0.41592204570770264
6331,0.36444091796875
6332,0.42670878767967224
6333,0.5079948902130127
6334,0.5134310722351074
6335,0.5869739651679993
6336,0.4621378183364868
6337,0.4796936810016632
6338,0.30487167835235596
6339,0.7517776489257812
6340,0.1936539262533188
6341,0.3110847473144531
6342,0.1975952386856079
6343,0.8006479144096375
6344,0.662714421749115
6345,0.234926238656044
6346,0.8025698661804199
6347,0.49048125743865967
6348,0.6932818293571472
6349,0.29392629861831665
6350,0.5164338946342468
6351,0.38927531242370605
6352,0.8043568730354309
6353,0.5540269613265991
6354,0.47948259115219116
6355,0.5442212820053101
6356,0.40740424394607544
6357,0.6896855235099792
6358,0.4168180823326111
6359,0.4029929041862488
6360,0.6570643782615662
6361,0.3098776638507843
6362,0.41037440299987793
6363,0.7739562392234802
6364,0.4043503999710083
6365,0.354644238948822
6366,0.4863618016242981
6367,0.387393593788147
6368,0.36577844619750977
6369,0.3469099700450897
6370,0.6911575198173523
6371,0.8452821373939514
6372,0.7057778239250183
6373,0.26475614309310913
6374,0.5879015922546387
6375,0.6649307608604431
6376,0.5412799715995789
6377,0.14367058873176575
6378,0.5692673325538635
6379,0.3682793080806732
6380,0.4582425355911255
6381,0.4462698698043823
6382,0.511854887008667
6383,0.5319997668266296
6384,0.32705485820770264
6385,0.6312387585639954
6386,0.36169034242630005
6387,0.4793257415294647
6388,0.4204636216163635
6389,0.20837321877479553
6390,0.27700692415237427
6391,0.7646164298057556
6392,0.3654915690422058
6393,0.5730813145637512
6394,0.6931159496307373
6395,0.22759121656417847
6396,0.5980654358863831
6397,0.31006181240081787
6398,0.4967052936553955
6399,0.6611821055412292
6400,0.4746688902378082
6401,0.7228878140449524
6402,0.3034557104110718
6403,0.42126840353012085
6404,0.4976654350757599
6405,0.6530959606170654
6406,0.5114371180534363
6407,0.33358874917030334
6408,0.4387761354446411
6409,0.6245957612991333
6410,0.5526890158653259
6411,0.4560029208660126
6412,0.5913019776344299
6413,0.6158791780471802
6414,0.6305763125419617
6415,0.7094647288322449
6416,0.20866410434246063
6417,0.5369537472724915
6418,0.8193888664245605
6419,0.45250755548477173
6420,0.8255530595779419
6421,0.3142034411430359
6422,0.8031612038612366
6423,0.7669194340705872
6424,0.3196536898612976
6425,0.7297019362449646
6426,0.5455841422080994
6427,0.3712926506996155
6428,0.42580896615982056
6429,0.4134160280227661
6430,0.6189315319061279
6431,0.5100851655006409
6432,0.7383094429969788
6433,0.1699467897415161
6434,0.5342861413955688
6435,0.8298635482788086
6436,0.2716831564903259
6437,0.7061891555786133
6438,0.5572441220283508
6439,0.3414852023124695
6440,0.4645099937915802
6441,0.7248064279556274
6442,0.4600223898887634
6443,0.5764612555503845
6444,0.2705029547214508
6445,0.49050173163414
6446,0.5774078965187073
6447,0.6749792098999023
6448,0.5520705580711365
6449,0.20683890581130981
6450,0.5374571681022644
6451,0.33666127920150757
6452,0.42488884925842285
6453,0.6116686463356018
6454,0.5666792392730713
6455,0.8203110694885254
6456,0.8382391929626465
6457,0.39408308267593384
6458,0.603042483329773
6459,0.5088966488838196
6460,0.430214524269104
6461,0.18737682700157166
6462,0.7787020802497864
6463,0.19935420155525208
6464,0.2903416156768799
6465,0.21442362666130066
6466,0.7879385352134705
6467,0.3569311499595642
6468,0.23319794237613678
6469,0.7606011629104614
6470,0.5620478987693787
6471,0.7856593728065491
6472,0.3838629722595215
6473,0.5877192616462708
6474,0.42424535751342773
6475,0.7061880230903625
6476,0.5186721682548523
6477,0.45651566982269287
6478,0.3385254442691803
6479,0.45392775535583496
6480,0.2451019585132599
6481,0.5406691431999207
6482,0.8130509853363037
6483,0.5424781441688538
6484,0.6038792133331299
6485,0.6022547483444214
6486,0.8084607720375061
6487,0.7580255270004272
6488,0.7559424638748169
6489,0.6587902307510376
6490,0.6507484912872314
6491,0.7484915852546692
6492,0.39798590540885925
6493,0.4285728335380554
6494,0.4941999912261963
6495,0.32133749127388
6496,0.43324416875839233
6497,0.6603173017501831
6498,0.5264537334442139
6499,0.5974135398864746
6500,0.5732730627059937
6501,0.5602681040763855
6502,0.216869056224823
6503,0.5307167768478394
6504,0.7309852242469788
6505,0.6940933465957642
6506,0.3605491518974304
6507,0.4207346737384796
6508,0.4320904016494751
6509,0.5332749485969543
6510,0.2845759987831116
6511,0.44308531284332275
6512,0.6528828740119934
6513,0.3786981701850891
6514,0.19163283705711365
6515,0.26469582319259644
6516,0.536318838596344
6517,0.8505153059959412
6518,0.24981695413589478
6519,0.5429658889770508
6520,0.3899456262588501
6521,0.3169098496437073
6522,0.3600505590438843
6523,0.6003620028495789
6524,0.6978692412376404
6525,0.581195056438446
6526,0.3122519850730896
6527,0.2509050965309143
6528,0.575644314289093
6529,0.428702712059021
6530,0.6850382685661316
6531,0.722126841545105
6532,0.17380207777023315
6533,0.5829847455024719
6534,0.324139267206192
6535,0.8144197463989258
6536,0.3853617310523987
6537,0.582066535949707
6538,0.7817143797874451
6539,0.35071542859077454
6540,0.46470433473587036
6541,0.4193114638328552
6542,0.5622978210449219
6543,0.7204366326332092
6544,0.34509673714637756
6545,0.651991069316864
6546,0.26566898822784424
6547,0.5264696478843689
6548,0.6901189684867859
6549,0.5660671591758728
6550,0.6984589695930481
6551,0.6850024461746216
6552,0.3311576843261719
6553,0.8255485892295837
6554,0.6411153078079224
6555,0.20289060473442078
6556,0.7325894236564636
6557,0.7029757499694824
6558,0.6687215566635132
6559,0.7178401350975037
6560,0.6628596782684326
6561,0.5687095522880554
6562,0.572198212146759
6563,0.4168388843536377
6564,0.727822482585907
6565,0.2237604856491089
6566,0.24947881698608398
6567,0.7035766243934631
6568,0.692814290523529
6569,0.524021565914154
6570,0.6172822713851929
6571,0.3849731683731079
6572,0.2311646044254303
6573,0.5096674561500549
6574,0.5010643601417542
6575,0.21534772217273712
6576,0.7816202044487
6577,0.7437819838523865
6578,0.6923237442970276
6579,0.4377562999725342
6580,0.78453528881073
6581,0.6620869040489197
6582,0.5304152369499207
6583,0.7301728129386902
6584,0.6413983702659607
6585,0.6026830077171326
6586,0.40209251642227173
6587,0.5151797533035278
6588,0.43737882375717163
6589,0.24552074074745178
6590,0.28953731060028076
6591,0.385841965675354
6592,0.41894224286079407
6593,0.6605406999588013
6594,0.7489314675331116
6595,0.34498298168182373
6596,0.7529397010803223
6597,0.2541528344154358
6598,0.6359188556671143
6599,0.40762829780578613
6600,0.21883158385753632
6601,0.5244064927101135
6602,0.43147528171539307
6603,0.6951817274093628
6604,0.22592851519584656
6605,0.3367709517478943
6606,0.1913088858127594
6607,0.7190214991569519
6608,0.33309406042099
6609,0.7499402165412903
6610,0.7712097764015198
6611,0.5164404511451721
6612,0.4579238295555115
6613,0.24007898569107056
6614,0.4573172330856323
6615,0.6345847249031067
6616,0.6268022656440735
6617,0.5877955555915833
6618,0.5047811269760132
6619,0.5308974385261536
6620,0.658147931098938
6621,0.7116449475288391
6622,0.7558044791221619
6623,0.4820161759853363
6624,0.5944980978965759
6625,0.5957555174827576
6626,0.7146300077438354
6627,0.522733747959137
6628,0.6499747037887573
6629,0.5145842432975769
6630,0.6918257474899292
6631,0.6681393980979919
6632,0.20051094889640808
6633,0.4731137752532959
6634,0.4570661187171936
6635,0.2637355327606201
6636,0.2035515159368515
6637,0.4851427674293518
6638,0.6383832097053528
6639,0.26786094903945923
6640,0.2572648227214813
6641,0.5451166033744812
6642,0.40586718916893005
6643,0.19873805344104767
6644,0.48935961723327637
6645,0.6713491678237915
6646,0.32712334394454956
6647,0.7860130071640015
6648,0.528465211391449
6649,0.5598886013031006
6650,0.5173208713531494
6651,0.3272570073604584
6652,0.24967843294143677
6653,0.7390571236610413
6654,0.5516657829284668
6655,0.3948425352573395
6656,0.42071664333343506
6657,0.6799739003181458
6658,0.6289226412773132
6659,0.6566503047943115
6660,0.6815196871757507
6661,0.20217595994472504
6662,0.6971401572227478
6663,0.15559186041355133
6664,0.822404146194458
6665,0.4117746949195862
6666,0.4366339445114136
6667,0.5605625510215759
6668,0.3213587999343872
6669,0.606819748878479
6670,0.7525593042373657
6671,0.5726460814476013
6672,0.7412127256393433
6673,0.22046872973442078
6674,0.7471668720245361
6675,0.6279317736625671
6676,0.6774486303329468
6677,0.7549695372581482
6678,0.4131662845611572
6679,0.5761266350746155
6680,0.4021294116973877
6681,0.6228682398796082
6682,0.3827318549156189
6683,0.4226999282836914
6684,0.5793988704681396
6685,0.44347670674324036
6686,0.5640207529067993
6687,0.5389779806137085
6688,0.5973061919212341
6689,0.39993128180503845
6690,0.27559417486190796
6691,0.5199976563453674
6692,0.5697692036628723
6693,0.7800172567367554
6694,0.2057534158229828
6695,0.28013837337493896
6696,0.4087215065956116
6697,0.7268137335777283
6698,0.5667222142219543
6699,0.8044626116752625
6700,0.2766866981983185
6701,0.26032912731170654
6702,0.5715922713279724
6703,0.7759863138198853
6704,0.8216081261634827
6705,0.5101318955421448
6706,0.47963523864746094
6707,0.38029807806015015
6708,0.5068013668060303
6709,0.844303548336029
6710,0.7050811052322388
6711,0.4831368923187256
6712,0.7293652296066284
6713,0.47145864367485046
6714,0.46912717819213867
6715,0.4977032542228699
6716,0.35633304715156555
6717,0.8162614107131958
6718,0.6477583646774292
6719,0.48011085391044617
6720,0.6457087397575378
6721,0.5662063956260681
6722,0.3115653991699219
6723,0.2563090920448303
6724,0.4247182607650757
6725,0.3134770691394806
6726,0.6507301330566406
6727,0.7050905823707581
6728,0.7709899544715881
6729,0.8409554362297058
6730,0.5159645676612854
6731,0.6857545971870422
6732,0.6886911988258362
6733,0.49985915422439575
6734,0.7481641173362732
6735,0.7308425903320312
6736,0.2729368209838867
6737,0.2146328091621399
6738,0.4722592532634735
6739,0.46513402462005615
6740,0.7465550899505615
6741,0.30594924092292786
6742,0.6254947781562805
6743,0.5471251606941223
6744,0.24930107593536377
6745,0.26283276081085205
6746,0.39508306980133057
6747,0.47137048840522766
6748,0.6929556131362915
6749,0.5134657025337219
6750,0.35881292819976807
6751,0.8168954253196716
6752,0.47115272283554077
6753,0.46916186809539795
6754,0.7070637941360474
6755,0.5648124814033508
6756,0.6594770550727844
6757,0.7317968010902405
6758,0.46670278906822205
6759,0.4680249094963074
6760,0.6465728282928467
6761,0.4129227101802826
6762,0.4019814133644104
6763,0.3520371913909912
6764,0.8263904452323914
6765,0.3764885365962982
6766,0.34510475397109985
6767,0.5515747666358948
6768,0.47282058000564575
6769,0.5597363114356995
6770,0.714362621307373
6771,0.7741864323616028
6772,0.46561089158058167
6773,0.5990264415740967
6774,0.7458986639976501
6775,0.3708072304725647
6776,0.544862687587738
6777,0.4051589369773865
6778,0.5438260436058044
6779,0.3049646317958832
6780,0.24099120497703552
6781,0.7348631024360657
6782,0.5123421549797058
6783,0.3216606676578522
6784,0.4391421973705292
6785,0.6959517598152161
6786,0.37505048513412476
6787,0.7265833616256714
6788,0.3101944923400879
6789,0.8136716485023499
6790,0.48779579997062683
6791,0.611889660358429
6792,0.33771705627441406
6793,0.5963786840438843
6794,0.4425008296966553
6795,0.3321639895439148
6796,0.3401724696159363
6797,0.7736793756484985
6798,0.35519492626190186
6799,0.6944564580917358
6800,0.759253740310669
6801,0.7316139340400696
6802,0.7484344840049744
6803,0.735935628414154
6804,0.8009239435195923
6805,0.38270026445388794
6806,0.3321564197540283
6807,0.19386757910251617
6808,0.7759047746658325
6809,0.37518829107284546
6810,0.4125938415527344
6811,0.4801453948020935
6812,0.6995272636413574
6813,0.48996055126190186
6814,0.3224925994873047
6815,0.5897266268730164
6816,0.7951623797416687
6817,0.4713059663772583
6818,0.758917510509491
6819,0.7084013819694519
6820,0.6342570185661316
6821,0.5559008717536926
6822,0.23254013061523438
6823,0.6253843903541565
6824,0.7996454834938049
6825,0.3685877323150635
6826,0.3479382395744324
6827,0.344215452671051
6828,0.6120248436927795
6829,0.46909937262535095
6830,0.46270033717155457
6831,0.4963100254535675
6832,0.48266226053237915
6833,0.5931051969528198
6834,0.2757669687271118
6835,0.3594084680080414
6836,0.4209849238395691
6837,0.3602678179740906
6838,0.5540645718574524
6839,0.8384241461753845
6840,0.81309574842453
6841,0.6414656639099121
6842,0.5830787420272827
6843,0.5222730040550232
6844,0.6498523354530334
6845,0.5631920099258423
6846,0.5413146615028381
6847,0.39719101786613464
6848,0.8199785947799683
6849,0.3317985534667969
6850,0.4623427987098694
6851,0.4664309024810791
6852,0.29599595069885254
6853,0.43226170539855957
6854,0.47259455919265747
6855,0.4873298108577728
6856,0.46005499362945557
6857,0.7319447994232178
6858,0.28783535957336426
6859,0.4989038109779358
6860,0.6457196474075317
6861,0.5422571897506714
6862,0.381270170211792
6863,0.43169930577278137
6864,0.3911004066467285
6865,0.4432617723941803
6866,0.7366049885749817
6867,0.5363346934318542
6868,0.26423442363739014
6869,0.3966316878795624
6870,0.8061583638191223
6871,0.2755369246006012
6872,0.3582202196121216
6873,0.4651884436607361
6874,0.3716208040714264
6875,0.5944798588752747
6876,0.36743319034576416
6877,0.8245123624801636
6878,0.4184761047363281
6879,0.7191817164421082
6880,0.6304307579994202
6881,0.45821046829223633
6882,0.4020352363586426
6883,0.6549217104911804
6884,0.5307615399360657
6885,0.6969495415687561
6886,0.6200653314590454
6887,0.5588306784629822
6888,0.5726669430732727
6889,0.4401726722717285
6890,0.3979067802429199
6891,0.527685821056366
6892,0.812648594379425
6893,0.3974050283432007
6894,0.602975070476532
6895,0.3088220953941345
6896,0.7996669411659241
6897,0.25931546092033386
6898,0.3561983108520508
6899,0.5379782319068909
6900,0.7099598050117493
6901,0.40839505195617676
6902,0.7737482190132141
6903,0.4106265902519226
6904,0.7723291516304016
6905,0.3630249500274658
6906,0.6142966151237488
6907,0.5004851222038269
6908,0.26765963435173035
6909,0.7512503862380981
6910,0.733090877532959
6911,0.5523847937583923
6912,0.40527084469795227
6913,0.5106052756309509
6914,0.5349786877632141
6915,0.6887043118476868
6916,0.8311278223991394
6917,0.5471062660217285
6918,0.7402120232582092
6919,0.6308791041374207
6920,0.5701739192008972
6921,0.7587125897407532
6922,0.6991654634475708
6923,0.7248265743255615
6924,0.25545409321784973
6925,0.43642911314964294
6926,0.5589221715927124
6927,0.6237066388130188
6928,0.6521029472351074
6929,0.41460132598876953
6930,0.5412676930427551
6931,0.6333845853805542
6932,0.4647594392299652
6933,0.758987307548523
6934,0.8073771595954895
6935,0.8026848435401917
6936,0.3465559780597687
6937,0.515023410320282
6938,0.7384424805641174
6939,0.265418142080307
6940,0.2625337243080139
6941,0.7246332764625549
6942,0.7240455150604248
6943,0.7425597310066223
6944,0.7640035152435303
6945,0.8202857375144958
6946,0.44329938292503357
6947,0.3220590353012085
6948,0.3186299204826355
6949,0.65214604139328
6950,0.5335221290588379
6951,0.5785611867904663
6952,0.5492544770240784
6953,0.4526809751987457
6954,0.5273348689079285
6955,0.481902539730072
6956,0.4101575016975403
6957,0.1705290973186493
6958,0.8108201622962952
6959,0.30591699481010437
6960,0.7231009006500244
6961,0.2518531382083893
6962,0.4237441420555115
6963,0.5046716332435608
6964,0.22079122066497803
6965,0.7833399176597595
6966,0.560177743434906
6967,0.826589822769165
6968,0.1869608461856842
6969,0.16851210594177246
6970,0.18065623939037323
6971,0.4000924825668335
6972,0.3364179730415344
6973,0.34098678827285767
6974,0.5826882719993591
6975,0.361425518989563
6976,0.23619791865348816
6977,0.5124652981758118
6978,0.3283987045288086
6979,0.21706481277942657
6980,0.5246716141700745
6981,0.585972249507904
6982,0.5397692918777466
6983,0.30386340618133545
6984,0.2993939518928528
6985,0.75673907995224
6986,0.36298108100891113
6987,0.6089113354682922
6988,0.4109361171722412
6989,0.5559765100479126
6990,0.6869199872016907
6991,0.37556684017181396
6992,0.6108477711677551
6993,0.3946921229362488
6994,0.29778826236724854
6995,0.565646231174469
6996,0.7363877296447754
6997,0.49089664220809937
6998,0.3952507972717285
6999,0.33125966787338257
7000,0.7979618906974792
7001,0.25917720794677734
7002,0.17694085836410522
7003,0.49013280868530273
7004,0.6217717528343201
7005,0.21955803036689758
7006,0.47295069694519043
7007,0.7525748014450073
7008,0.6723774075508118
7009,0.5312843918800354
7010,0.39819157123565674
7011,0.37906432151794434
7012,0.7660508155822754
7013,0.6102930903434753
7014,0.14554157853126526
7015,0.7466480731964111
7016,0.2029864341020584
7017,0.5073621869087219
7018,0.7605835199356079
7019,0.3162967264652252
7020,0.7590842843055725
7021,0.5524735450744629
7022,0.5326537489891052
7023,0.3520497679710388
7024,0.26480036973953247
7025,0.5912804007530212
7026,0.2884710431098938
7027,0.3165593147277832
7028,0.3267035484313965
7029,0.7294973134994507
7030,0.33909422159194946
7031,0.6710613369941711
7032,0.2418699711561203
7033,0.18889151513576508
7034,0.3336586058139801
7035,0.417657732963562
7036,0.7345103621482849
7037,0.5787147879600525
7038,0.564308226108551
7039,0.561540424823761
7040,0.5226114988327026
7041,0.8009968400001526
7042,0.7267553210258484
7043,0.7542531490325928
7044,0.4503512680530548
7045,0.7804001569747925
7046,0.36422038078308105
7047,0.35938265919685364
7048,0.48354071378707886
7049,0.34537190198898315
7050,0.40591496229171753
7051,0.4179532527923584
7052,0.4735317826271057
7053,0.752789318561554
7054,0.7672800421714783
7055,0.5369437336921692
7056,0.36645469069480896
7057,0.45723825693130493
7058,0.4442939758300781
7059,0.36504417657852173
7060,0.5257678627967834
7061,0.6159287691116333
7062,0.2996808588504791
7063,0.5076591372489929
7064,0.2180788815021515
7065,0.6429585814476013
7066,0.40168747305870056
7067,0.38242149353027344
7068,0.19466856122016907
7069,0.7851781249046326
7070,0.5696421265602112
7071,0.17438828945159912
7072,0.22010520100593567
7073,0.7922789454460144
7074,0.45408833026885986
7075,0.27828502655029297
7076,0.2151544690132141
7077,0.46582484245300293
7078,0.48360735177993774
7079,0.5602236390113831
7080,0.6751329898834229
7081,0.4999232292175293
7082,0.47945302724838257
7083,0.476901650428772
7084,0.46263423562049866
7085,0.44643113017082214
7086,0.38189423084259033
7087,0.43391481041908264
7088,0.6811517477035522
7089,0.31890374422073364
7090,0.5639775395393372
7091,0.6922559142112732
7092,0.6016254425048828
7093,0.5394922494888306
7094,0.8032900094985962
7095,0.2361171394586563
7096,0.5445807576179504
7097,0.7056736350059509
7098,0.780914306640625
7099,0.7223617434501648
7100,0.3744523525238037
7101,0.2520167827606201
7102,0.24534213542938232
7103,0.5489266514778137
7104,0.41941946744918823
7105,0.30391520261764526
7106,0.6413632035255432
7107,0.344564825296402
7108,0.67514568567276
7109,0.7526853680610657
7110,0.53631591796875
7111,0.2821464538574219
7112,0.5375452637672424
7113,0.6017780303955078
7114,0.5274868011474609
7115,0.3121527135372162
7116,0.7336542010307312
7117,0.4074826240539551
7118,0.45083552598953247
7119,0.611746609210968
7120,0.2807038426399231
7121,0.40851038694381714
7122,0.4108413755893707
7123,0.7314351201057434
7124,0.46867963671684265
7125,0.7261152863502502
7126,0.5347749590873718
7127,0.26158905029296875
7128,0.8164717555046082
7129,0.5522928833961487
7130,0.4442080855369568
7131,0.309293657541275
7132,0.3512924611568451
7133,0.6059331893920898
7134,0.2500535547733307
7135,0.3633820712566376
7136,0.45468592643737793
7137,0.48954713344573975
7138,0.7981843948364258
7139,0.523124635219574
7140,0.7626563310623169
7141,0.4538332223892212
7142,0.5496419072151184
7143,0.6214236617088318
7144,0.638691246509552
7145,0.22249236702919006
7146,0.43466946482658386
7147,0.3801098167896271
7148,0.3623456656932831
7149,0.4123653471469879
7150,0.28773394227027893
7151,0.592522144317627
7152,0.7648839950561523
7153,0.6328330636024475
7154,0.5423114895820618
7155,0.23998549580574036
7156,0.7847195267677307
7157,0.7957673072814941
7158,0.4582414925098419
7159,0.8319206833839417
7160,0.45729199051856995
7161,0.3511481285095215
7162,0.6089001297950745
7163,0.2840672731399536
7164,0.37582874298095703
7165,0.7022538781166077
7166,0.7391151785850525
7167,0.596078097820282
7168,0.6989929676055908
7169,0.2897675931453705
7170,0.6923063397407532
7171,0.30096617341041565
7172,0.5961675047874451
7173,0.4019952416419983
7174,0.7036339640617371
7175,0.5474266409873962
7176,0.6582793593406677
7177,0.3716490864753723
7178,0.4129244089126587
7179,0.2684066891670227
7180,0.2505587935447693
7181,0.5299740433692932
7182,0.7046658396720886
7183,0.8310802578926086
7184,0.4188902974128723
7185,0.3836326003074646
7186,0.4669637382030487
7187,0.5249974131584167
7188,0.44753971695899963
7189,0.6785493493080139
7190,0.26968783140182495
7191,0.5558748841285706
7192,0.6246982216835022
7193,0.4566452205181122
7194,0.46299678087234497
7195,0.7084949612617493
7196,0.26762855052948
7197,0.1880018413066864
7198,0.5948613286018372
7199,0.7001141905784607
7200,0.490201473236084
7201,0.45617514848709106
7202,0.3907528817653656
7203,0.8345196843147278
7204,0.5136547088623047
7205,0.7461078763008118
7206,0.7046460509300232
7207,0.5884456634521484
7208,0.4959156811237335
7209,0.5906417369842529
7210,0.5184944868087769
7211,0.6925212144851685
7212,0.3962023854255676
7213,0.17546288669109344
7214,0.8155959248542786
7215,0.4880107045173645
7216,0.4026474952697754
7217,0.21549515426158905
7218,0.28558439016342163
7219,0.4962906241416931
7220,0.636808454990387
7221,0.8022913932800293
7222,0.7364833950996399
7223,0.3516120910644531
7224,0.8292022347450256
7225,0.6713808178901672
7226,0.6840835809707642
7227,0.6708329916000366
7228,0.517170250415802
7229,0.37527698278427124
7230,0.47085297107696533
7231,0.29271388053894043
7232,0.6495910882949829
7233,0.3423232436180115
7234,0.6703299880027771
7235,0.5584555864334106
7236,0.3447002172470093
7237,0.6338896155357361
7238,0.7022764086723328
7239,0.69890296459198
7240,0.5654687285423279
7241,0.7637256979942322
7242,0.6613414287567139
7243,0.745002806186676
7244,0.6214156746864319
7245,0.6247933506965637
7246,0.6524056196212769
7247,0.2504645586013794
7248,0.4478622376918793
7249,0.39995884895324707
7250,0.7931119203567505
7251,0.5130693316459656
7252,0.4174380302429199
7253,0.35208529233932495
7254,0.34902212023735046
7255,0.2370813935995102
7256,0.7832581400871277
7257,0.44143080711364746
7258,0.5900662541389465
7259,0.8100950121879578
7260,0.28931331634521484
7261,0.5355226397514343
7262,0.4463440179824829
7263,0.3940303325653076
7264,0.8319151997566223
7265,0.610912024974823
7266,0.41548824310302734
7267,0.5420257449150085
7268,0.3713853061199188
7269,0.6136359572410583
7270,0.490872323513031
7271,0.627040684223175
7272,0.5700263977050781
7273,0.4281723201274872
7274,0.27568748593330383
7275,0.8431379199028015
7276,0.38539090752601624
7277,0.7907738089561462
7278,0.3885408043861389
7279,0.7466490864753723
7280,0.5524219274520874
7281,0.358883261680603
7282,0.42759668827056885
7283,0.7528443336486816
7284,0.5614398717880249
7285,0.38511306047439575
7286,0.572619616985321
7287,0.3496139645576477
7288,0.45912036299705505
7289,0.44437289237976074
7290,0.6784248948097229
7291,0.2027214765548706
7292,0.5547577142715454
7293,0.61247318983078
7294,0.44997090101242065
7295,0.6055513024330139
7296,0.5055238604545593
7297,0.5634158253669739
7298,0.8228603005409241
7299,0.2143746167421341
7300,0.6692419648170471
7301,0.5495582222938538
7302,0.5613409280776978
7303,0.4624615013599396
7304,0.6996979713439941
7305,0.673758327960968
7306,0.464592307806015
7307,0.4743756651878357
7308,0.6419161558151245
7309,0.6820672154426575
7310,0.7608652710914612
7311,0.4763301908969879
7312,0.8061771988868713
7313,0.8138796091079712
7314,0.5400323271751404
7315,0.5737490653991699
7316,0.5041082501411438
7317,0.35770392417907715
7318,0.3057883381843567
7319,0.7061802744865417
7320,0.4460240602493286
7321,0.48491227626800537
7322,0.41240426898002625
7323,0.6918923258781433
7324,0.7184637784957886
7325,0.4751768708229065
7326,0.6213318109512329
7327,0.8314431309700012
7328,0.3959695100784302
7329,0.3727010488510132
7330,0.4981650710105896
7331,0.4597543179988861
7332,0.40325939655303955
7333,0.4472942352294922
7334,0.8152583241462708
7335,0.6067656874656677
7336,0.5644516348838806
7337,0.26687121391296387
7338,0.3913973569869995
7339,0.45731741189956665
7340,0.20786595344543457
7341,0.7126327753067017
7342,0.5577935576438904
7343,0.5732807517051697
7344,0.4679011404514313
7345,0.5095579028129578
7346,0.41456300020217896
7347,0.6257777810096741
7348,0.38222160935401917
7349,0.40169379115104675
7350,0.6450276970863342
7351,0.258382648229599
7352,0.20850208401679993
7353,0.4445403516292572
7354,0.6129015684127808
7355,0.8158841729164124
7356,0.21088124811649323
7357,0.4751514494419098
7358,0.4613024592399597
7359,0.45337069034576416
7360,0.3774402141571045
7361,0.4625578820705414
7362,0.8240071535110474
7363,0.4450641870498657
7364,0.8012598156929016
7365,0.7262774705886841
7366,0.47208482027053833
7367,0.7050172090530396
7368,0.298173189163208
7369,0.770094096660614
7370,0.4526594877243042
7371,0.41961371898651123
7372,0.7351688742637634
7373,0.5981908440589905
7374,0.20494091510772705
7375,0.39223939180374146
7376,0.31501856446266174
7377,0.4916585087776184
7378,0.6104943752288818
7379,0.422301322221756
7380,0.33142590522766113
7381,0.6283723711967468
7382,0.28987380862236023
7383,0.5175021886825562
7384,0.8272537589073181
7385,0.7236841917037964
7386,0.39731118083000183
7387,0.5259968638420105
7388,0.45459991693496704
7389,0.7477450966835022
7390,0.43505075573921204
7391,0.5070326924324036
7392,0.52327561378479
7393,0.6502453684806824
7394,0.5449925065040588
7395,0.2516394555568695
7396,0.8013799786567688
7397,0.5164156556129456
7398,0.467589408159256
7399,0.29583752155303955
7400,0.6582216620445251
7401,0.46254804730415344
7402,0.4861160218715668
7403,0.47075527906417847
7404,0.2386557161808014
7405,0.2949501872062683
7406,0.21227577328681946
7407,0.5085705518722534
7408,0.5546615719795227
7409,0.4117562472820282
7410,0.6405143141746521
7411,0.2877483367919922
7412,0.2878750264644623
7413,0.8269856572151184
7414,0.5040188431739807
7415,0.29084980487823486
7416,0.8003453612327576
7417,0.6411889791488647
7418,0.8117040395736694
7419,0.4742830991744995
7420,0.7854762673377991
7421,0.5614931583404541
7422,0.6781333088874817
7423,0.4789865016937256
7424,0.7905066609382629
7425,0.28614553809165955
7426,0.32316917181015015
7427,0.58449786901474
7428,0.27385687828063965
7429,0.6645955443382263
7430,0.6826145052909851
7431,0.7623651623725891
7432,0.3255494236946106
7433,0.491508811712265
7434,0.19734835624694824
7435,0.6178787350654602
7436,0.6544329524040222
7437,0.2705332636833191
7438,0.4362812340259552
7439,0.5632331371307373
7440,0.6050389409065247
7441,0.3810083866119385
7442,0.47649693489074707
7443,0.6381085515022278
7444,0.7225351333618164
7445,0.5796744227409363
7446,0.35621118545532227
7447,0.7396275401115417
7448,0.6866206526756287
7449,0.5539608597755432
7450,0.3670932650566101
7451,0.5173606872558594
7452,0.7654204368591309
7453,0.7995723485946655
7454,0.26455017924308777
7455,0.506462037563324
7456,0.6801689863204956
7457,0.5511502623558044
7458,0.45449668169021606
7459,0.24007898569107056
7460,0.2515660226345062
7461,0.6856073141098022
7462,0.18178507685661316
7463,0.3599178194999695
7464,0.19748196005821228
7465,0.5210254192352295
7466,0.751303493976593
7467,0.5076769590377808
7468,0.4823959469795227
7469,0.4334120750427246
7470,0.4483236074447632
7471,0.37462860345840454
7472,0.4750833511352539
7473,0.4493269920349121
7474,0.5580814480781555
7475,0.6431652903556824
7476,0.7429255247116089
7477,0.6635931134223938
7478,0.7321555614471436
7479,0.8067597150802612
7480,0.3756486177444458
7481,0.3765407204627991
7482,0.38498884439468384
7483,0.6367486715316772
7484,0.31346040964126587
7485,0.5336665511131287
7486,0.34132304787635803
7487,0.3027973175048828
7488,0.44171831011772156
7489,0.7016653418540955
7490,0.45015519857406616
7491,0.7575523257255554
7492,0.3780531883239746
7493,0.3724084794521332
7494,0.6084504127502441
7495,0.17754535377025604
7496,0.5043618083000183
7497,0.47228848934173584
7498,0.7552077174186707
7499,0.45132941007614136
7500,0.7584348320960999
7501,0.2244778871536255
7502,0.695492684841156
7503,0.6355409026145935
7504,0.8010996580123901
7505,0.5797705054283142
7506,0.766150176525116
7507,0.5679807066917419
7508,0.3356822729110718
7509,0.558478832244873
7510,0.6472969055175781
7511,0.6979191303253174
7512,0.666631817817688
7513,0.46601730585098267
7514,0.6869522929191589
7515,0.43032851815223694
7516,0.7528979778289795
7517,0.4649357795715332
7518,0.6644430160522461
7519,0.3854507803916931
7520,0.47682344913482666
7521,0.5302306413650513
7522,0.7004283666610718
7523,0.2724034786224365
7524,0.4233272671699524
7525,0.3096383213996887
7526,0.3769499659538269
7527,0.7985096573829651
7528,0.5009468793869019
7529,0.24007385969161987
7530,0.29059091210365295
7531,0.7808657288551331
7532,0.8021866679191589
7533,0.41274189949035645
7534,0.6381352543830872
7535,0.5566208958625793
7536,0.637005627155304
7537,0.4310675859451294
7538,0.31110620498657227
7539,0.3285875916481018
7540,0.7501928210258484
7541,0.2768174409866333
7542,0.6992602944374084
7543,0.6959683895111084
7544,0.8247159123420715
7545,0.6171460747718811
7546,0.7299769520759583
7547,0.6904688477516174
7548,0.6575336456298828
7549,0.6632246971130371
7550,0.517726719379425
7551,0.3097122013568878
7552,0.44390133023262024
7553,0.5105686187744141
7554,0.3828386068344116
7555,0.6361886858940125
7556,0.38662219047546387
7557,0.5589404702186584
7558,0.7551531195640564
7559,0.7680723071098328
7560,0.4538693428039551
7561,0.5679184198379517
7562,0.3613708019256592
7563,0.6567621827125549
7564,0.47819381952285767
7565,0.46484243869781494
7566,0.5861982703208923
7567,0.40334373712539673
7568,0.7187302708625793
7569,0.6780009865760803
7570,0.39333218336105347
7571,0.37342238426208496
7572,0.7650085687637329
7573,0.5172848701477051
7574,0.7132876515388489
7575,0.4219459295272827
7576,0.5152196884155273
7577,0.31611666083335876
7578,0.17764869332313538
7579,0.6423476338386536
7580,0.38119637966156006
7581,0.4470924437046051
7582,0.43440139293670654
7583,0.6560030579566956
7584,0.22402450442314148
7585,0.7640559673309326
7586,0.61171555519104
7587,0.723888099193573
7588,0.2396506816148758
7589,0.3841879963874817
7590,0.49108582735061646
7591,0.7286661863327026
7592,0.6961919069290161
7593,0.436074823141098
7594,0.4161641001701355
7595,0.6170211434364319
7596,0.2568584680557251
7597,0.7287420034408569
7598,0.568937361240387
7599,0.633212149143219
7600,0.557987630367279
7601,0.7612883448600769
7602,0.5553568601608276
7603,0.48872309923171997
7604,0.6963024735450745
7605,0.4887467324733734
7606,0.43082764744758606
7607,0.283292293548584
7608,0.23631742596626282
7609,0.5613742470741272
7610,0.32292440533638
7611,0.7144010663032532
7612,0.5034318566322327
7613,0.5610352158546448
7614,0.6965004205703735
7615,0.18907931447029114
7616,0.6232863068580627
7617,0.5880131125450134
7618,0.3807423710823059
7619,0.4889534115791321
7620,0.5688923597335815
7621,0.3302125930786133
7622,0.826248824596405
7623,0.5484544038772583
7624,0.7203227281570435
7625,0.5302442908287048
7626,0.2710774540901184
7627,0.6441617012023926
7628,0.502680242061615
7629,0.7361219525337219
7630,0.18691213428974152
7631,0.515887975692749
7632,0.710328221321106
7633,0.4039146900177002
7634,0.5408931970596313
7635,0.8044623732566833
7636,0.444247841835022
7637,0.4678761959075928
7638,0.7126675248146057
7639,0.6665065884590149
7640,0.6007922887802124
7641,0.6339005827903748
7642,0.6096233129501343
7643,0.17881885170936584
7644,0.7654269933700562
7645,0.6494699120521545
7646,0.5473678708076477
7647,0.5657298564910889
7648,0.19626174867153168
7649,0.33953142166137695
7650,0.7011900544166565
7651,0.7763346433639526
7652,0.49163854122161865
7653,0.6902562975883484
7654,0.7897653579711914
7655,0.7255124449729919
7656,0.3127424418926239
7657,0.6055418252944946
7658,0.3785301148891449
7659,0.47127050161361694
7660,0.3518010973930359
7661,0.8038802742958069
7662,0.5149760842323303
7663,0.3951908349990845
7664,0.7921028733253479
7665,0.39656174182891846
7666,0.5969362854957581
7667,0.4488224685192108
7668,0.5165005326271057
7669,0.6233253479003906
7670,0.4627276062965393
7671,0.38542234897613525
7672,0.18093746900558472
7673,0.8288955092430115
7674,0.5070263743400574
7675,0.20559629797935486
7676,0.40979671478271484
7677,0.35480791330337524
7678,0.4288412928581238
7679,0.4030812978744507
7680,0.6314449906349182
7681,0.501753568649292
7682,0.6443918347358704
7683,0.27559447288513184
7684,0.6473881602287292
7685,0.6963552236557007
7686,0.40532803535461426
7687,0.33167585730552673
7688,0.37760135531425476
7689,0.34685903787612915
7690,0.6655024886131287
7691,0.786141574382782
7692,0.657839298248291
7693,0.461873859167099
7694,0.6391788125038147
7695,0.7087928652763367
7696,0.4373730421066284
7697,0.2558974027633667
7698,0.5832214951515198
7699,0.5756035447120667
7700,0.346668541431427
7701,0.5695670247077942
7702,0.7873761653900146
7703,0.5178040862083435
7704,0.5239651799201965
7705,0.6411358118057251
7706,0.4467045068740845
7707,0.6155475974082947
7708,0.38010257482528687
7709,0.5262559056282043
7710,0.3830045461654663
7711,0.31066563725471497
7712,0.5735178589820862
7713,0.3654072880744934
7714,0.7247018218040466
7715,0.4002842903137207
7716,0.31600767374038696
7717,0.7544128894805908
7718,0.5502938628196716
7719,0.23735485970973969
7720,0.6458837389945984
7721,0.6284337639808655
7722,0.3081137537956238
7723,0.2533157765865326
7724,0.5020818710327148
7725,0.2928730845451355
7726,0.41308847069740295
7727,0.41266894340515137
7728,0.6636695861816406
7729,0.6345177292823792
7730,0.3910159766674042
7731,0.3491188883781433
7732,0.58912593126297
7733,0.4125751852989197
7734,0.3597317934036255
7735,0.6961661577224731
7736,0.16852828860282898
7737,0.82038414478302
7738,0.32228851318359375
7739,0.725827693939209
7740,0.20701530575752258
7741,0.5116865634918213
7742,0.39696434140205383
7743,0.38219118118286133
7744,0.5547081232070923
7745,0.7524681687355042
7746,0.5581739544868469
7747,0.618914783000946
7748,0.5568133592605591
7749,0.41527557373046875
7750,0.43571725487709045
7751,0.1764141023159027
7752,0.3695136308670044
7753,0.6333200335502625
7754,0.5985982418060303
7755,0.3646090626716614
7756,0.3426375985145569
7757,0.7990750670433044
7758,0.7415961623191833
7759,0.6068161129951477
7760,0.4945099353790283
7761,0.3996695578098297
7762,0.2773780822753906
7763,0.4018433392047882
7764,0.5091241002082825
7765,0.5404776334762573
7766,0.4511044919490814
7767,0.6550276875495911
7768,0.5016474723815918
7769,0.17053155601024628
7770,0.28279948234558105
7771,0.19964078068733215
7772,0.631930947303772
7773,0.258230060338974
7774,0.3920951187610626
7775,0.8019611835479736
7776,0.731509804725647
7777,0.6253778338432312
7778,0.4220864474773407
7779,0.2017524391412735
7780,0.8249877691268921
7781,0.46696776151657104
7782,0.3499515652656555
7783,0.7983703017234802
7784,0.5727018117904663
7785,0.20217619836330414
7786,0.6542797088623047
7787,0.4021648168563843
7788,0.718721330165863
7789,0.36477306485176086
7790,0.33268478512763977
7791,0.5936011075973511
7792,0.2586028575897217
7793,0.3719974160194397
7794,0.727430522441864
7795,0.6201579570770264
7796,0.8019776940345764
7797,0.8162499666213989
7798,0.4005327820777893
7799,0.37611857056617737
7800,0.7298448085784912
7801,0.49441346526145935
7802,0.45296818017959595
7803,0.5865046381950378
7804,0.43530845642089844
7805,0.6570863127708435
7806,0.5492270588874817
7807,0.4525846242904663
7808,0.5302631258964539
7809,0.5996978878974915
7810,0.26795679330825806
7811,0.26596254110336304
7812,0.3052386939525604
7813,0.24924248456954956
7814,0.6439811587333679
7815,0.2956758141517639
7816,0.44003981351852417
7817,0.3582097291946411
7818,0.3780229091644287
7819,0.5522108674049377
7820,0.3994280695915222
7821,0.6191402673721313
7822,0.5487012267112732
7823,0.3362775444984436
7824,0.7481880187988281
7825,0.36790931224823
7826,0.5737375020980835
7827,0.3266298174858093
7828,0.7044331431388855
7829,0.44776612520217896
7830,0.5155267119407654
7831,0.7044546008110046
7832,0.780046284198761
7833,0.6320772767066956
7834,0.21581102907657623
7835,0.5366784930229187
7836,0.38716864585876465
7837,0.7467172741889954
7838,0.32563745975494385
7839,0.7019246220588684
7840,0.6521448493003845
7841,0.2289091944694519
7842,0.6928641200065613
7843,0.3796270787715912
7844,0.7470356225967407
7845,0.37355542182922363
7846,0.7545012831687927
7847,0.3847377896308899
7848,0.44430243968963623
7849,0.797942578792572
7850,0.5298253893852234
7851,0.5738398432731628
7852,0.49050527811050415
7853,0.4806208610534668
7854,0.3913862705230713
7855,0.701515793800354
7856,0.3755343556404114
7857,0.6794106364250183
7858,0.4561882019042969
7859,0.4825325012207031
7860,0.7541022896766663
7861,0.6206527352333069
7862,0.6704999804496765
7863,0.32759901881217957
7864,0.6813058853149414
7865,0.7819352746009827
7866,0.3349197506904602
7867,0.7298961877822876
7868,0.7706417441368103
7869,0.6576919555664062
7870,0.24405813217163086
7871,0.32895225286483765
7872,0.3535345196723938
7873,0.36941277980804443
7874,0.3135378360748291
7875,0.5163930654525757
7876,0.3203794062137604
7877,0.6949170231819153
7878,0.41995614767074585
7879,0.3803110122680664
7880,0.584981381893158
7881,0.6576712131500244
7882,0.6070781350135803
7883,0.3355865180492401
7884,0.34182482957839966
7885,0.611031711101532
7886,0.8390704989433289
7887,0.8453038334846497
7888,0.38754570484161377
7889,0.6785810589790344
7890,0.6413723826408386
7891,0.2350522130727768
7892,0.7697855234146118
7893,0.8104455471038818
7894,0.46878504753112793
7895,0.7332127690315247
7896,0.6598027348518372
7897,0.30793243646621704
7898,0.29104113578796387
7899,0.5179086327552795
7900,0.289243221282959
7901,0.35582566261291504
7902,0.3224959671497345
7903,0.5169212222099304
7904,0.6382552981376648
7905,0.39924412965774536
7906,0.4751010537147522
7907,0.1969892978668213
7908,0.4966411590576172
7909,0.5301893353462219
7910,0.6871969103813171
7911,0.8077293038368225
7912,0.27356576919555664
7913,0.3117747902870178
7914,0.8222745060920715
7915,0.25368237495422363
7916,0.6679812669754028
7917,0.35824039578437805
7918,0.5290077328681946
7919,0.45694226026535034
7920,0.2727198600769043
7921,0.8111216425895691
7922,0.38949573040008545
7923,0.6867833733558655
7924,0.674139678478241
7925,0.3727550804615021
7926,0.5306703448295593
7927,0.5886598229408264
7928,0.2542920410633087
7929,0.7537721991539001
7930,0.6380016207695007
7931,0.24691574275493622
7932,0.4117690324783325
7933,0.41825783252716064
7934,0.265937864780426
7935,0.533461332321167
7936,0.6314398646354675
7937,0.18163810670375824
7938,0.17262160778045654
7939,0.5126405358314514
7940,0.41062140464782715
7941,0.37720349431037903
7942,0.6911253333091736
7943,0.4458456039428711
7944,0.5280048251152039
7945,0.48790812492370605
7946,0.5601784586906433
7947,0.5477001667022705
7948,0.6348952651023865
7949,0.244157612323761
7950,0.7230527997016907
7951,0.7248544096946716
7952,0.5695905685424805
7953,0.39417311549186707
7954,0.5362403392791748
7955,0.7050163745880127
7956,0.4645755887031555
7957,0.44136863946914673
7958,0.23772406578063965
7959,0.5647373795509338
7960,0.7381721138954163
7961,0.5875722765922546
7962,0.6268687844276428
7963,0.18444228172302246
7964,0.4516375660896301
7965,0.27358347177505493
7966,0.6804640293121338
7967,0.5979365706443787
7968,0.5719758868217468
7969,0.4171455502510071
7970,0.7328005433082581
7971,0.2531447112560272
7972,0.5237725973129272
7973,0.7574983835220337
7974,0.5184264779090881
7975,0.31709080934524536
7976,0.3533709645271301
7977,0.3419108986854553
7978,0.3533356189727783
7979,0.1950589120388031
7980,0.5272266864776611
7981,0.5144786238670349
7982,0.6552477478981018
7983,0.6963346004486084
7984,0.44803905487060547
7985,0.4504193961620331
7986,0.1767556220293045
7987,0.5623576641082764
7988,0.5764532089233398
7989,0.5716075897216797
7990,0.5372759699821472
7991,0.8108559250831604
7992,0.3354671597480774
7993,0.5256921648979187
7994,0.2509755492210388
7995,0.5298736095428467
7996,0.37480372190475464
7997,0.34044963121414185
7998,0.568340003490448
7999,0.7135109901428223
8000,0.5982481837272644
8001,0.5350075364112854
8002,0.6004668474197388
8003,0.7285777926445007
8004,0.7574176788330078
8005,0.41034722328186035
8006,0.23322232067584991
8007,0.8168057799339294
8008,0.2323225736618042
8009,0.32735803723335266
8010,0.659163773059845
8011,0.7755252718925476
8012,0.43834584951400757
8013,0.4700179994106293
8014,0.25680577754974365
8015,0.6302327513694763
8016,0.6386760473251343
8017,0.798835277557373
8018,0.22257694602012634
8019,0.3748994469642639
8020,0.42282170057296753
8021,0.4909205138683319
8022,0.19228015840053558
8023,0.7634393572807312
8024,0.6825174689292908
8025,0.3513029217720032
8026,0.5691677331924438
8027,0.29174166917800903
8028,0.4819938540458679
8029,0.5402092337608337
8030,0.7397933602333069
8031,0.40097418427467346
8032,0.32380005717277527
8033,0.4629007875919342
8034,0.5559297204017639
8035,0.5025643706321716
8036,0.5266973972320557
8037,0.4289408326148987
8038,0.4712585210800171
8039,0.5862475633621216
8040,0.42792895436286926
8041,0.27881693840026855
8042,0.5495315790176392
8043,0.5887170433998108
8044,0.30813583731651306
8045,0.3954169750213623
8046,0.35180774331092834
8047,0.6873212456703186
8048,0.7439315319061279
8049,0.7044100165367126
8050,0.1860196888446808
8051,0.35812562704086304
8052,0.7689228653907776
8053,0.8276127576828003
8054,0.3684040307998657
8055,0.5627682209014893
8056,0.2443772852420807
8057,0.5155112147331238
8058,0.4423307180404663
8059,0.567121684551239
8060,0.2960737347602844
8061,0.3189970552921295
8062,0.5546337962150574
8063,0.7043343782424927
8064,0.7165484428405762
8065,0.5589320063591003
8066,0.3648031949996948
8067,0.7953593730926514
8068,0.3551541864871979
8069,0.39882469177246094
8070,0.7541176676750183
8071,0.3220363259315491
8072,0.5112164616584778
8073,0.47471097111701965
8074,0.2925097346305847
8075,0.5832081437110901
8076,0.6325995326042175
8077,0.6055559515953064
8078,0.6965915560722351
8079,0.37931200861930847
8080,0.5643017888069153
8081,0.46495985984802246
8082,0.4960770606994629
8083,0.40972355008125305
8084,0.8297964930534363
8085,0.3979243338108063
8086,0.15701907873153687
8087,0.45869290828704834
8088,0.5416021943092346
8089,0.8327282667160034
8090,0.20628517866134644
8091,0.25360190868377686
8092,0.43476366996765137
8093,0.29365190863609314
8094,0.18401141464710236
8095,0.3551449477672577
8096,0.4833887219429016
8097,0.7268462777137756
8098,0.22744779288768768
8099,0.2983354330062866
8100,0.39889419078826904
8101,0.34143227338790894
8102,0.8123759627342224
8103,0.5120024085044861
8104,0.5001655220985413
8105,0.616801917552948
8106,0.5643125176429749
8107,0.27310794591903687
8108,0.22025886178016663
8109,0.2918379008769989
8110,0.3745774030685425
8111,0.8317365050315857
8112,0.22479459643363953
8113,0.23650813102722168
8114,0.3647126853466034
8115,0.7641652226448059
8116,0.5345500707626343
8117,0.4085533022880554
8118,0.4140474200248718
8119,0.4910058379173279
8120,0.44602257013320923
8121,0.3734665513038635
8122,0.621400773525238
8123,0.6480139493942261
8124,0.5758603811264038
8125,0.8125935792922974
8126,0.3625783920288086
8127,0.6788347363471985
8128,0.4294222593307495
8129,0.5309171080589294
8130,0.6548448204994202
8131,0.649133026599884
8132,0.5229416489601135
8133,0.2755057215690613
8134,0.5043002963066101
8135,0.7159029841423035
8136,0.6452135443687439
8137,0.49757009744644165
8138,0.4712279736995697
8139,0.45195621252059937
8140,0.37509989738464355
8141,0.1778683066368103
8142,0.46342408657073975
8143,0.7933555245399475
8144,0.6512627005577087
8145,0.4124208092689514
8146,0.4182398021221161
8147,0.25884002447128296
8148,0.561041533946991
8149,0.7410497665405273
8150,0.3875168561935425
8151,0.7622226476669312
8152,0.4531975984573364
8153,0.5123643279075623
8154,0.20730818808078766
8155,0.8010391592979431
8156,0.20339630544185638
8157,0.6090957522392273
8158,0.514521062374115
8159,0.2548079490661621
8160,0.3757300078868866
8161,0.3393339514732361
8162,0.4746672511100769
8163,0.5204421281814575
8164,0.7980015277862549
8165,0.8132391571998596
8166,0.7496413588523865
8167,0.415854275226593
8168,0.5387971997261047
8169,0.7713785171508789
8170,0.5379338264465332
8171,0.6794512867927551
8172,0.5349509716033936
8173,0.6004325747489929
8174,0.6134350895881653
8175,0.19056841731071472
8176,0.309083491563797
8177,0.7511580586433411
8178,0.40624740719795227
8179,0.3498738706111908
8180,0.756949245929718
8181,0.6954749226570129
8182,0.39165008068084717
8183,0.6023702025413513
8184,0.4723690152168274
8185,0.36520856618881226
8186,0.709373414516449
8187,0.7593666911125183
8188,0.6186319589614868
8189,0.4124665856361389
8190,0.37737154960632324
8191,0.46329465508461
8192,0.7218587398529053
8193,0.5872780680656433
8194,0.6786817908287048
8195,0.6581760048866272
8196,0.17797279357910156
8197,0.5586569905281067
8198,0.6860055923461914
8199,0.5178797841072083
8200,0.508079469203949
8201,0.2526403069496155
8202,0.3562057912349701
8203,0.6987746357917786
8204,0.29441097378730774
8205,0.3327191472053528
8206,0.474284827709198
8207,0.35201412439346313
8208,0.4061477482318878
8209,0.8249867558479309
8210,0.1997072398662567
8211,0.5221688151359558
8212,0.7285442352294922
8213,0.72867351770401
8214,0.550430178642273
8215,0.5053055286407471
8216,0.3802143931388855
8217,0.6594212651252747
8218,0.1847522109746933
8219,0.548114001750946
8220,0.7985303997993469
8221,0.7695347666740417
8222,0.34539055824279785
8223,0.5879313349723816
8224,0.5717951655387878
8225,0.3534027636051178
8226,0.6130049228668213
8227,0.45789608359336853
8228,0.5762176513671875
8229,0.8088477849960327
8230,0.7411668300628662
8231,0.2701368033885956
8232,0.5088176727294922
8233,0.6586501598358154
8234,0.4202893376350403
8235,0.5218068361282349
8236,0.34935253858566284
8237,0.5118018984794617
8238,0.39582493901252747
8239,0.8180646300315857
8240,0.7047386765480042
8241,0.6224545836448669
8242,0.5845078825950623
8243,0.8233374953269958
8244,0.17699076235294342
8245,0.26543861627578735
8246,0.781574547290802
8247,0.30783918499946594
8248,0.4851047992706299
8249,0.49067825078964233
8250,0.6481382846832275
8251,0.3624372184276581
8252,0.5647861957550049
8253,0.607011079788208
8254,0.44624167680740356
8255,0.33078300952911377
8256,0.7065886855125427
8257,0.7028325796127319
8258,0.2577437162399292
8259,0.5343520641326904
8260,0.3076930046081543
8261,0.820797860622406
8262,0.5160076022148132
8263,0.5807260870933533
8264,0.23711663484573364
8265,0.8204362392425537
8266,0.3197809159755707
8267,0.18415850400924683
8268,0.6816033124923706
8269,0.4630380868911743
8270,0.7662572860717773
8271,0.44282403588294983
8272,0.529530942440033
8273,0.4720754027366638
8274,0.2597561180591583
8275,0.23268303275108337
8276,0.5449047684669495
8277,0.675042986869812
8278,0.6562485098838806
8279,0.5101149082183838
8280,0.35958147048950195
8281,0.48960065841674805
8282,0.4737247824668884
8283,0.833299994468689
8284,0.731722354888916
8285,0.4990578889846802
8286,0.2133481204509735
8287,0.3691365718841553
8288,0.6066710352897644
8289,0.7890058159828186
8290,0.45176324248313904
8291,0.30431103706359863
8292,0.3571071922779083
8293,0.20310845971107483
8294,0.5457045435905457
8295,0.507674515247345
8296,0.5513514876365662
8297,0.2035854458808899
8298,0.3938294053077698
8299,0.3620007634162903
8300,0.7992859482765198
8301,0.5437002778053284
8302,0.4625198245048523
8303,0.6477075219154358
8304,0.5355395674705505
8305,0.8228204846382141
8306,0.6384516358375549
8307,0.4264443814754486
8308,0.36205703020095825
8309,0.5105202794075012
8310,0.3802714943885803
8311,0.3004552125930786
8312,0.45088380575180054
8313,0.4790043532848358
8314,0.5328001379966736
8315,0.5441174507141113
8316,0.7022978663444519
8317,0.5451897978782654
8318,0.5446577668190002
8319,0.7105105519294739
8320,0.4017863869667053
8321,0.32193106412887573
8322,0.6379448771476746
8323,0.646396815776825
8324,0.6596037149429321
8325,0.8169733881950378
8326,0.24219703674316406
8327,0.5392799973487854
8328,0.20928794145584106
8329,0.718602180480957
8330,0.4541398584842682
8331,0.2024141252040863
8332,0.6221141219139099
8333,0.6210090517997742
8334,0.6848386526107788
8335,0.7390375733375549
8336,0.4758404493331909
8337,0.21775029599666595
8338,0.7886062860488892
8339,0.6127027869224548
8340,0.6577107310295105
8341,0.7664664387702942
8342,0.528758704662323
8343,0.3996014893054962
8344,0.36096706986427307
8345,0.32018113136291504
8346,0.7871828675270081
8347,0.35811400413513184
8348,0.3626652657985687
8349,0.6172609925270081
8350,0.32635974884033203
8351,0.44454920291900635
8352,0.6132127046585083
8353,0.6868939399719238
8354,0.7845484614372253
8355,0.5360768437385559
8356,0.3054255247116089
8357,0.6077973246574402
8358,0.27316564321517944
8359,0.7535724639892578
8360,0.4870395064353943
8361,0.6840922832489014
8362,0.6271564364433289
8363,0.43773290514945984
8364,0.2736372649669647
8365,0.7117545008659363
8366,0.4344854950904846
8367,0.3794768750667572
8368,0.19901598989963531
8369,0.6358378529548645
8370,0.5049605965614319
8371,0.43203625082969666
8372,0.4764585793018341
8373,0.6592286229133606
8374,0.39704158902168274
8375,0.36391860246658325
8376,0.7332026958465576
8377,0.5012742280960083
8378,0.6010804176330566
8379,0.7077507376670837
8380,0.3372536599636078
8381,0.18225039541721344
8382,0.354230672121048
8383,0.5231263041496277
8384,0.6359794735908508
8385,0.3146188259124756
8386,0.637150228023529
8387,0.594871997833252
8388,0.34540343284606934
8389,0.5455132722854614
8390,0.5216237902641296
8391,0.618913471698761
8392,0.5111212730407715
8393,0.6989284157752991
8394,0.5212746262550354
8395,0.4977714419364929
8396,0.3652692437171936
8397,0.8215110898017883
8398,0.2548472285270691
8399,0.8009667992591858
8400,0.5956453680992126
8401,0.7182279229164124
8402,0.5992843508720398
8403,0.8244902491569519
8404,0.5501357913017273
8405,0.5493955016136169
8406,0.22193461656570435
8407,0.7678935527801514
8408,0.41950470209121704
8409,0.3111858367919922
8410,0.4036749601364136
8411,0.4231770634651184
8412,0.6933481097221375
8413,0.693000078201294
8414,0.33424219489097595
8415,0.6398970484733582
8416,0.33536824584007263
8417,0.38326597213745117
8418,0.5251250267028809
8419,0.4086788296699524
8420,0.2656324803829193
8421,0.6055106520652771
8422,0.49700069427490234
8423,0.7405478358268738
8424,0.4386179745197296
8425,0.3921374976634979
8426,0.44094550609588623
8427,0.47634273767471313
8428,0.7756044268608093
8429,0.6722536087036133
8430,0.36042535305023193
8431,0.7394734621047974
8432,0.6572545170783997
8433,0.7248291373252869
8434,0.6571306586265564
8435,0.24250644445419312
8436,0.5636468529701233
8437,0.5280994176864624
8438,0.5087935328483582
8439,0.49408861994743347
8440,0.5020617842674255
8441,0.33818644285202026
8442,0.7544278502464294
8443,0.3571596145629883
8444,0.6803550124168396
8445,0.8229352831840515
8446,0.8215917944908142
8447,0.4975796043872833
8448,0.21164466440677643
8449,0.5136699080467224
8450,0.5280653834342957
8451,0.7656131386756897
8452,0.36189156770706177
8453,0.5225095748901367
8454,0.5674708485603333
8455,0.5987617373466492
8456,0.2862717807292938
8457,0.8187464475631714
8458,0.5081501603126526
8459,0.5918453335762024
8460,0.5672568678855896
8461,0.17981599271297455
8462,0.5658289790153503
8463,0.3978990912437439
8464,0.17119228839874268
8465,0.5123673677444458
8466,0.53189617395401
8467,0.48079508543014526
8468,0.5919498801231384
8469,0.31408917903900146
8470,0.5603737235069275
8471,0.7085543274879456
8472,0.5469067692756653
8473,0.45006540417671204
8474,0.2262718379497528
8475,0.4398171305656433
8476,0.7549254298210144
8477,0.5469439029693604
8478,0.677982747554779
8479,0.2572869658470154
8480,0.39802300930023193
8481,0.4279371500015259
8482,0.48971593379974365
8483,0.5157527923583984
8484,0.7705374360084534
8485,0.7477424144744873
8486,0.5800411105155945
8487,0.47219032049179077
8488,0.20784690976142883
8489,0.2533288896083832
8490,0.7161476016044617
8491,0.8248677849769592
8492,0.6932134032249451
8493,0.5488125681877136
8494,0.6666873693466187
8495,0.4777049422264099
8496,0.7351171374320984
8497,0.7138682007789612
8498,0.3112591803073883
8499,0.54961758852005
8500,0.47727084159851074
8501,0.5405704975128174
8502,0.6828773617744446
8503,0.2284049391746521
8504,0.3411768674850464
8505,0.7939987778663635
8506,0.5783337950706482
8507,0.7598106265068054
8508,0.32207998633384705
8509,0.4718340039253235
8510,0.396689236164093
8511,0.22528861463069916
8512,0.5109190940856934
8513,0.5402873754501343
8514,0.5602308511734009
8515,0.7334586977958679
8516,0.8100807070732117
8517,0.44880351424217224
8518,0.8221646547317505
8519,0.5841678380966187
8520,0.3189389407634735
8521,0.3770609498023987
8522,0.5754009485244751
8523,0.4816751480102539
8524,0.32536447048187256
8525,0.6921931505203247
8526,0.5073791742324829
8527,0.3763774037361145
8528,0.6834788918495178
8529,0.19848483800888062
8530,0.29923737049102783
8531,0.6912221312522888
8532,0.43844902515411377
8533,0.557403028011322
8534,0.23213015496730804
8535,0.528698205947876
8536,0.32401835918426514
8537,0.39870011806488037
8538,0.2920238673686981
8539,0.39522773027420044
8540,0.2959156632423401
8541,0.5897933840751648
8542,0.6606200933456421
8543,0.8126737475395203
8544,0.8001198768615723
8545,0.3090553283691406
8546,0.434451162815094
8547,0.6903170943260193
8548,0.7330691814422607
8549,0.5360262989997864
8550,0.7898589968681335
8551,0.38706257939338684
8552,0.6016338467597961
8553,0.8111131191253662
8554,0.47822752594947815
8555,0.5371237397193909
8556,0.17840906977653503
8557,0.2975800037384033
8558,0.5630300641059875
8559,0.31000298261642456
8560,0.3608652353286743
8561,0.5708630681037903
8562,0.7138965725898743
8563,0.3223765790462494
8564,0.4203159511089325
8565,0.38236624002456665
8566,0.5685999989509583
8567,0.7000374794006348
8568,0.22931519150733948
8569,0.4484502673149109
8570,0.29519233107566833
8571,0.37841731309890747
8572,0.40462106466293335
8573,0.7763458490371704
8574,0.7623919248580933
8575,0.590231716632843
8576,0.4033273458480835
8577,0.6701949238777161
8578,0.5083110928535461
8579,0.40216511487960815
8580,0.2939996123313904
8581,0.4827772378921509
8582,0.7045145630836487
8583,0.33566099405288696
8584,0.5634540915489197
8585,0.7717079520225525
8586,0.4774278700351715
8587,0.7017132043838501
8588,0.5904389023780823
8589,0.6674736142158508
8590,0.5409477353096008
8591,0.29712337255477905
8592,0.4520629644393921
8593,0.5353337526321411
8594,0.6375098824501038
8595,0.7191393375396729
8596,0.28640875220298767
8597,0.5803187489509583
8598,0.2171936333179474
8599,0.6890944838523865
8600,0.2979550063610077
8601,0.5013653039932251
8602,0.3690345287322998
8603,0.761736273765564
8604,0.5319969058036804
8605,0.7605927586555481
8606,0.22798161208629608
8607,0.6102267503738403
8608,0.5920132994651794
8609,0.779792845249176
8610,0.2564701735973358
8611,0.8399417996406555
8612,0.2667020559310913
8613,0.6156315803527832
8614,0.2186196744441986
8615,0.8111136555671692
8616,0.2604409456253052
8617,0.6648680567741394
8618,0.5702939629554749
8619,0.8256141543388367
8620,0.5677487850189209
8621,0.6040753126144409
8622,0.37640827894210815
8623,0.16280674934387207
8624,0.5678947567939758
8625,0.6470144391059875
8626,0.8312888741493225
8627,0.5571278929710388
8628,0.4364292025566101
8629,0.3781304359436035
8630,0.37138915061950684
8631,0.24510830640792847
8632,0.5298519730567932
8633,0.6041764616966248
8634,0.32986578345298767
8635,0.5546446442604065
8636,0.5201922655105591
8637,0.2545994520187378
8638,0.6088584661483765
8639,0.4056931734085083
8640,0.5587907433509827
8641,0.5338780879974365
8642,0.6763962507247925
8643,0.509273111820221
8644,0.2991577386856079
8645,0.42917537689208984
8646,0.3429720103740692
8647,0.29417771100997925
8648,0.19192902743816376
8649,0.49033474922180176
8650,0.5116205811500549
8651,0.25953125953674316
8652,0.35257840156555176
8653,0.2183959037065506
8654,0.451043039560318
8655,0.35679954290390015
8656,0.7129289507865906
8657,0.5216963291168213
8658,0.331307977437973
8659,0.5193196535110474
8660,0.1801089644432068
8661,0.5473189949989319
8662,0.4355713725090027
8663,0.40668922662734985
8664,0.7069909572601318
8665,0.7608173489570618
8666,0.6388082504272461
8667,0.2571137547492981
8668,0.6597534418106079
8669,0.23725324869155884
8670,0.24119074642658234
8671,0.46573078632354736
8672,0.3457246422767639
8673,0.8164687752723694
8674,0.3950566053390503
8675,0.485269159078598
8676,0.5823405385017395
8677,0.41521579027175903
8678,0.6201608777046204
8679,0.43878811597824097
8680,0.5936747193336487
8681,0.519503653049469
8682,0.5105115175247192
8683,0.49598681926727295
8684,0.35156333446502686
8685,0.8058821558952332
8686,0.5450860857963562
8687,0.36975187063217163
8688,0.38525164127349854
8689,0.6511773467063904
8690,0.5031652450561523
8691,0.589449405670166
8692,0.3907336890697479
8693,0.6735431551933289
8694,0.5792905688285828
8695,0.27839207649230957
8696,0.5448179244995117
8697,0.5417166948318481
8698,0.7942876219749451
8699,0.5280366539955139
8700,0.413673996925354
8701,0.6490482687950134
8702,0.7170011401176453
8703,0.8264158964157104
8704,0.4445834755897522
8705,0.26830095052719116
8706,0.5705892443656921
8707,0.7395039200782776
8708,0.24681887030601501
8709,0.26513248682022095
8710,0.559808611869812
8711,0.6509060859680176
8712,0.47663211822509766
8713,0.2545468211174011
8714,0.6324133276939392
8715,0.7336967587471008
8716,0.4671267569065094
8717,0.5766710638999939
8718,0.4643986225128174
8719,0.36790579557418823
8720,0.7231157422065735
8721,0.7639347910881042
8722,0.2073795050382614
8723,0.7090029716491699
8724,0.5281696319580078
8725,0.5607814192771912
8726,0.2525627017021179
8727,0.5973331928253174
8728,0.4841265380382538
8729,0.6428574919700623
8730,0.4263620674610138
8731,0.3404357433319092
8732,0.42964765429496765
8733,0.7176128625869751
8734,0.8102079629898071
8735,0.8242475390434265
8736,0.599596381187439
8737,0.7933679819107056
8738,0.18337775766849518
8739,0.366379976272583
8740,0.45870304107666016
8741,0.6846559047698975
8742,0.5106010437011719
8743,0.4475182294845581
8744,0.550350546836853
8745,0.40132391452789307
8746,0.5828208327293396
8747,0.28508618474006653
8748,0.5951538681983948
8749,0.46598386764526367
8750,0.7276934385299683
8751,0.713251531124115
8752,0.39696794748306274
8753,0.1543811857700348
8754,0.3322884440422058
8755,0.381662517786026
8756,0.4255616068840027
8757,0.29869550466537476
8758,0.6473402976989746
8759,0.7179210186004639
8760,0.36032813787460327
8761,0.20998995006084442
8762,0.40106528997421265
8763,0.5285019278526306
8764,0.6596036553382874
8765,0.6555114388465881
8766,0.39677125215530396
8767,0.31161606311798096
8768,0.7209054827690125
8769,0.39615577459335327
8770,0.8252024054527283
8771,0.5843197703361511
8772,0.5770483016967773
8773,0.3262977600097656
8774,0.6132142543792725
8775,0.6288681626319885
8776,0.5836389660835266
8777,0.38682204484939575
8778,0.5277774930000305
8779,0.46235164999961853
8780,0.6491155624389648
8781,0.6923962831497192
8782,0.4932389259338379
8783,0.2669595181941986
8784,0.7361260652542114
8785,0.6751062273979187
8786,0.5758697986602783
8787,0.6685625910758972
8788,0.32258445024490356
8789,0.4573900103569031
8790,0.42344236373901367
8791,0.24056454002857208
8792,0.7886945605278015
8793,0.7372633814811707
8794,0.5523777008056641
8795,0.534970223903656
8796,0.23293814063072205
8797,0.2376580536365509
8798,0.7058005928993225
8799,0.33455756306648254
8800,0.357357382774353
8801,0.46517109870910645
8802,0.6458854675292969
8803,0.4156336784362793
8804,0.755294680595398
8805,0.4024054706096649
8806,0.7315168976783752
8807,0.3857765197753906
8808,0.5305797457695007
8809,0.3377564549446106
8810,0.6289801001548767
8811,0.49499934911727905
8812,0.45079153776168823
8813,0.2627185583114624
8814,0.6993688941001892
8815,0.6361892223358154
8816,0.4219825863838196
8817,0.8435958623886108
8818,0.4359772801399231
8819,0.534155011177063
8820,0.22102737426757812
8821,0.23528161644935608
8822,0.8041236996650696
8823,0.731295108795166
8824,0.740035891532898
8825,0.20493090152740479
8826,0.3057469129562378
8827,0.41397878527641296
8828,0.7086110711097717
8829,0.4259291887283325
8830,0.5076321363449097
8831,0.4887375831604004
8832,0.3496397137641907
8833,0.6505517363548279
8834,0.826423704624176
8835,0.275119423866272
8836,0.6879550218582153
8837,0.7079879641532898
8838,0.7315812706947327
8839,0.23119929432868958
8840,0.35931962728500366
8841,0.5209696888923645
8842,0.5169196724891663
8843,0.7138201594352722
8844,0.5930989980697632
8845,0.4411078691482544
8846,0.6576646566390991
8847,0.6392484307289124
8848,0.39290887117385864
8849,0.5784556269645691
8850,0.5549221634864807
8851,0.42803511023521423
8852,0.761823296546936
8853,0.2725486159324646
8854,0.49053335189819336
8855,0.4976561367511749
8856,0.500194251537323
8857,0.4735635817050934
8858,0.5084376335144043
8859,0.40224575996398926
8860,0.5747848153114319
8861,0.7946974635124207
8862,0.6505684852600098
8863,0.469526469707489
8864,0.2951289415359497
8865,0.664513111114502
8866,0.5250068306922913
8867,0.7883291840553284
8868,0.2248845249414444
8869,0.2590230405330658
8870,0.5686458945274353
8871,0.3119892477989197
8872,0.7830036878585815
8873,0.3566284775733948
8874,0.8204922676086426
8875,0.3480459451675415
8876,0.6319584846496582
8877,0.39762455224990845
8878,0.39487695693969727
8879,0.5092237591743469
8880,0.4978659152984619
8881,0.8219382762908936
8882,0.7145037055015564
8883,0.52806156873703
8884,0.41214969754219055
8885,0.4345681071281433
8886,0.32037198543548584
8887,0.41844555735588074
8888,0.7972216606140137
8889,0.3713277578353882
8890,0.6176419854164124
8891,0.5375798940658569
8892,0.5432816743850708
8893,0.5865911841392517
8894,0.5931722521781921
8895,0.5297128558158875
8896,0.35925647616386414
8897,0.22014686465263367
8898,0.6034231185913086
8899,0.2718937397003174
8900,0.545379638671875
8901,0.6026094555854797
8902,0.3661215901374817
8903,0.8287653923034668
8904,0.2732866406440735
8905,0.6980598568916321
8906,0.5301113724708557
8907,0.588319718837738
8908,0.6719409823417664
8909,0.8389256000518799
8910,0.8125174641609192
8911,0.34579020738601685
8912,0.46182137727737427
8913,0.5787331461906433
8914,0.2608627676963806
8915,0.15693549811840057
8916,0.6186646819114685
8917,0.3214302659034729
8918,0.3967452049255371
8919,0.820556104183197
8920,0.4740045666694641
8921,0.5544120669364929
8922,0.42939478158950806
8923,0.7311142683029175
8924,0.576558530330658
8925,0.4407726526260376
8926,0.6187332272529602
8927,0.7858394980430603
8928,0.6222636103630066
8929,0.38553035259246826
8930,0.3631337881088257
8931,0.6106900572776794
8932,0.4329651892185211
8933,0.40415680408477783
8934,0.43644291162490845
8935,0.2229255735874176
8936,0.644895076751709
8937,0.566727876663208
8938,0.7372756600379944
8939,0.6975465416908264
8940,0.803034782409668
8941,0.5600717067718506
8942,0.2146085500717163
8943,0.3903818726539612
8944,0.7615583539009094
8945,0.6302887797355652
8946,0.5644479393959045
8947,0.5085106492042542
8948,0.7482408881187439
8949,0.16201144456863403
8950,0.47824984788894653
8951,0.7063571214675903
8952,0.3405662178993225
8953,0.40466737747192383
8954,0.8327823877334595
8955,0.4403412342071533
8956,0.43595778942108154
8957,0.6822367906570435
8958,0.6381438374519348
8959,0.39677101373672485
8960,0.334565669298172
8961,0.5051934123039246
8962,0.3720478415489197
8963,0.5194671750068665
8964,0.7276887893676758
8965,0.27042192220687866
8966,0.6763680577278137
8967,0.48950785398483276
8968,0.18071874976158142
8969,0.81745445728302
8970,0.3276054263114929
8971,0.481280118227005
8972,0.6681317090988159
8973,0.6761247515678406
8974,0.3633033037185669
8975,0.444023460149765
8976,0.6847354173660278
8977,0.40893110632896423
8978,0.23289914429187775
8979,0.8153149485588074
8980,0.6410979628562927
8981,0.4977074861526489
8982,0.4708678722381592
8983,0.5209449529647827
8984,0.614508330821991
8985,0.568789541721344
8986,0.6412181258201599
8987,0.4710163176059723
8988,0.6125869154930115
8989,0.4428197741508484
8990,0.5471171140670776
8991,0.36384332180023193
8992,0.7499884366989136
8993,0.3658831715583801
8994,0.774597704410553
8995,0.3022027313709259
8996,0.4095783233642578
8997,0.5436328649520874
8998,0.6796219944953918
8999,0.5328657627105713
9000,0.3176957070827484
9001,0.5320373773574829
9002,0.6972879767417908
9003,0.8116838335990906
9004,0.1911710500717163
9005,0.23642151057720184
9006,0.488722562789917
9007,0.14373895525932312
9008,0.7468640208244324
9009,0.21328848600387573
9010,0.6932291388511658
9011,0.34713929891586304
9012,0.6513067483901978
9013,0.2127295434474945
9014,0.49615177512168884
9015,0.7349231839179993
9016,0.43555259704589844
9017,0.7537344694137573
9018,0.7104182839393616
9019,0.7686042785644531
9020,0.35199421644210815
9021,0.25938206911087036
9022,0.6655288338661194
9023,0.4683885872364044
9024,0.16297288239002228
9025,0.7496752738952637
9026,0.8075451254844666
9027,0.8049978613853455
9028,0.38657146692276
9029,0.24513939023017883
9030,0.5000547766685486
9031,0.4174872040748596
9032,0.8142418265342712
9033,0.40335023403167725
9034,0.709174633026123
9035,0.4676381051540375
9036,0.43648648262023926
9037,0.6177282333374023
9038,0.48194795846939087
9039,0.7009416818618774
9040,0.36512237787246704
9041,0.23935844004154205
9042,0.4995121359825134
9043,0.33876654505729675
9044,0.5575512051582336
9045,0.751708447933197
9046,0.38224896788597107
9047,0.4183773994445801
9048,0.8147170543670654
9049,0.4885904788970947
9050,0.4509192705154419
9051,0.7784090638160706
9052,0.58949214220047
9053,0.7215918898582458
9054,0.6593501567840576
9055,0.38870495557785034
9056,0.6739017963409424
9057,0.27710917592048645
9058,0.7410098910331726
9059,0.36352628469467163
9060,0.434420108795166
9061,0.5601567625999451
9062,0.7496161460876465
9063,0.3808255195617676
9064,0.7984028458595276
9065,0.5266430974006653
9066,0.6677548289299011
9067,0.8273947834968567
9068,0.35722917318344116
9069,0.5212213397026062
9070,0.7466220259666443
9071,0.7753483057022095
9072,0.24712690711021423
9073,0.6792458295822144
9074,0.8189371228218079
9075,0.30825817584991455
9076,0.8069828748703003
9077,0.43724632263183594
9078,0.3237064778804779
9079,0.5095524191856384
9080,0.5868356823921204
9081,0.40852099657058716
9082,0.602572500705719
9083,0.2573329508304596
9084,0.3670993745326996
9085,0.8325926661491394
9086,0.21399733424186707
9087,0.2298392355442047
9088,0.4316403269767761
9089,0.41057130694389343
9090,0.6937560439109802
9091,0.4610642194747925
9092,0.6182970404624939
9093,0.31686931848526
9094,0.5285611152648926
9095,0.41043663024902344
9096,0.44473040103912354
9097,0.6310632228851318
9098,0.46826404333114624
9099,0.42615291476249695
9100,0.30185258388519287
9101,0.6270797848701477
9102,0.7158868908882141
9103,0.7224571108818054
9104,0.5574691295623779
9105,0.19090768694877625
9106,0.641566812992096
9107,0.5359772443771362
9108,0.31836965680122375
9109,0.47383254766464233
9110,0.2855246067047119
9111,0.3571624159812927
9112,0.6145678758621216
9113,0.32879161834716797
9114,0.7003082633018494
9115,0.3779887855052948
9116,0.2724339962005615
9117,0.6852368712425232
9118,0.382554829120636
9119,0.5378832221031189
9120,0.31122276186943054
9121,0.46197861433029175
9122,0.27530595660209656
9123,0.2250920534133911
9124,0.7259531021118164
9125,0.39625781774520874
9126,0.40387824177742004
9127,0.7452752590179443
9128,0.43974289298057556
9129,0.8218400478363037
9130,0.4366370141506195
9131,0.62833172082901
9132,0.5694400072097778
9133,0.4597122371196747
9134,0.4882396459579468
9135,0.6785195469856262
9136,0.3151635527610779
9137,0.48137539625167847
9138,0.5007685422897339
9139,0.6704652905464172
9140,0.24456389248371124
9141,0.36578482389450073
9142,0.27402937412261963
9143,0.7333667278289795
9144,0.8089353442192078
9145,0.6221596598625183
9146,0.44338351488113403
9147,0.5370217561721802
9148,0.31700074672698975
9149,0.30820411443710327
9150,0.5244454741477966
9151,0.4171985387802124
9152,0.4483027756214142
9153,0.594957172870636
9154,0.7803488969802856
9155,0.38727664947509766
9156,0.37208667397499084
9157,0.4728163778781891
9158,0.8228489756584167
9159,0.3333909511566162
9160,0.44622161984443665
9161,0.33775219321250916
9162,0.3801087737083435
9163,0.21746641397476196
9164,0.30786406993865967
9165,0.5722129940986633
9166,0.2685791850090027
9167,0.5652998089790344
9168,0.3312055170536041
9169,0.4637327790260315
9170,0.5245239734649658
9171,0.45579594373703003
9172,0.7299321889877319
9173,0.7542371153831482
9174,0.6462183594703674
9175,0.6952356696128845
9176,0.5633269548416138
9177,0.5773735642433167
9178,0.48313677310943604
9179,0.7692751288414001
9180,0.7089924216270447
9181,0.6486623883247375
9182,0.2737977206707001
9183,0.5678840279579163
9184,0.40626561641693115
9185,0.7974236011505127
9186,0.3632347285747528
9187,0.44161462783813477
9188,0.601105272769928
9189,0.593545138835907
9190,0.3546234369277954
9191,0.3119679391384125
9192,0.6555908918380737
9193,0.5316722989082336
9194,0.4868117570877075
9195,0.5243026614189148
9196,0.4876328408718109
9197,0.3261049687862396
9198,0.3940526843070984
9199,0.4862939715385437
9200,0.28008735179901123
9201,0.756234347820282
9202,0.4611157774925232
9203,0.30791139602661133
9204,0.39118635654449463
9205,0.7217318415641785
9206,0.37608659267425537
9207,0.5592465996742249
9208,0.20644333958625793
9209,0.7592111229896545
9210,0.6196580529212952
9211,0.6604248881340027
9212,0.6220518946647644
9213,0.40902090072631836
9214,0.22844654321670532
9215,0.45839259028434753
9216,0.23269230127334595
9217,0.7661758065223694
9218,0.6539784669876099
9219,0.1878863424062729
9220,0.7010967135429382
9221,0.7392608523368835
9222,0.5595886707305908
9223,0.38851630687713623
9224,0.5415964126586914
9225,0.8060064315795898
9226,0.23103275895118713
9227,0.5766075253486633
9228,0.5526204705238342
9229,0.44421887397766113
9230,0.8076289296150208
9231,0.2701402008533478
9232,0.537944495677948
9233,0.575434148311615
9234,0.7570704817771912
9235,0.32518893480300903
9236,0.6245113611221313
9237,0.5130555033683777
9238,0.8215590119361877
9239,0.6528269052505493
9240,0.5689709782600403
9241,0.8041239380836487
9242,0.8161415457725525
9243,0.7669985294342041
9244,0.5571176409721375
9245,0.7924426794052124
9246,0.41138988733291626
9247,0.35938942432403564
9248,0.41275614500045776
9249,0.3563140034675598
9250,0.6012863516807556
9251,0.3946656882762909
9252,0.5249535441398621
9253,0.17789696156978607
9254,0.7156507968902588
9255,0.38457322120666504
9256,0.7267665863037109
9257,0.24791310727596283
9258,0.49650901556015015
9259,0.26000797748565674
9260,0.2348245084285736
9261,0.565881073474884
9262,0.35301002860069275
9263,0.8282759785652161
9264,0.5371330380439758
9265,0.6899948716163635
9266,0.4731520712375641
9267,0.7856022715568542
9268,0.5571768283843994
9269,0.24040889739990234
9270,0.5898931622505188
9271,0.4727298319339752
9272,0.4769597053527832
9273,0.5246955752372742
9274,0.7293455004692078
9275,0.591050386428833
9276,0.8400798439979553
9277,0.5676766037940979
9278,0.3676382601261139
9279,0.6089767217636108
9280,0.6212324500083923
9281,0.5378172397613525
9282,0.6973230838775635
9283,0.5350049138069153
9284,0.3435073494911194
9285,0.7486631274223328
9286,0.2932327091693878
9287,0.3565637767314911
9288,0.5137514472007751
9289,0.7340520024299622
9290,0.7577986121177673
9291,0.6570332646369934
9292,0.8276334404945374
9293,0.518744945526123
9294,0.44241297245025635
9295,0.18530301749706268
9296,0.21092063188552856
9297,0.8189839720726013
9298,0.5341734886169434
9299,0.39878129959106445
9300,0.21972812712192535
9301,0.6241699457168579
9302,0.7939016222953796
9303,0.736889123916626
9304,0.689797580242157
9305,0.7096461653709412
9306,0.7345356345176697
9307,0.5498242378234863
9308,0.2719920873641968
9309,0.6283440589904785
9310,0.5007539987564087
9311,0.3368171453475952
9312,0.6047492623329163
9313,0.3497830033302307
9314,0.24743634462356567
9315,0.462071031332016
9316,0.19044406712055206
9317,0.3929295837879181
9318,0.27542823553085327
9319,0.32791951298713684
9320,0.7854406237602234
9321,0.27428290247917175
9322,0.47129762172698975
9323,0.4327639937400818
9324,0.37812310457229614
9325,0.8390277028083801
9326,0.4052372872829437
9327,0.33212804794311523
9328,0.7726841568946838
9329,0.7543972730636597
9330,0.19265535473823547
9331,0.31023234128952026
9332,0.48706895112991333
9333,0.26429617404937744
9334,0.6343185305595398
9335,0.6155039668083191
9336,0.6362170577049255
9337,0.7715273499488831
9338,0.7156814336776733
9339,0.24920159578323364
9340,0.5146802067756653
9341,0.17565752565860748
9342,0.29802143573760986
9343,0.24111434817314148
9344,0.4263521730899811
9345,0.344383180141449
9346,0.3988873362541199
9347,0.8265809416770935
9348,0.3237019181251526
9349,0.32192736864089966
9350,0.22792237997055054
9351,0.6117387413978577
9352,0.47999197244644165
9353,0.6361126899719238
9354,0.3625786006450653
9355,0.19877903163433075
9356,0.1856434941291809
9357,0.5906141996383667
9358,0.8423072099685669
9359,0.3673649728298187
9360,0.5012432932853699
9361,0.4825429320335388
9362,0.5929927825927734
9363,0.3584233522415161
9364,0.4490334391593933
9365,0.4303480386734009
9366,0.624805748462677
9367,0.2765792906284332
9368,0.5966809391975403
9369,0.2755575180053711
9370,0.49323219060897827
9371,0.567809522151947
9372,0.29041025042533875
9373,0.638222873210907
9374,0.4424826502799988
9375,0.2191592901945114
9376,0.6034182906150818
9377,0.7656572461128235
9378,0.7016807794570923
9379,0.401470810174942
9380,0.3727602958679199
9381,0.2999620735645294
9382,0.7261143326759338
9383,0.3624771237373352
9384,0.5663337111473083
9385,0.30900686979293823
9386,0.8080428242683411
9387,0.5448072552680969
9388,0.6816837787628174
9389,0.8206307291984558
9390,0.43444329500198364
9391,0.5782853364944458
9392,0.6231386661529541
9393,0.5656270384788513
9394,0.8250178694725037
9395,0.5985880494117737
9396,0.6625205874443054
9397,0.570110023021698
9398,0.6574769616127014
9399,0.39629629254341125
9400,0.26940274238586426
9401,0.3022688329219818
9402,0.4912745952606201
9403,0.2116260975599289
9404,0.7627497911453247
9405,0.5083025097846985
9406,0.5687639117240906
9407,0.466094970703125
9408,0.48240530490875244
9409,0.3849000036716461
9410,0.8362280130386353
9411,0.4023583233356476
9412,0.7905521392822266
9413,0.43704596161842346
9414,0.3278438150882721
9415,0.6568065285682678
9416,0.1343715786933899
9417,0.3086642622947693
9418,0.22062531113624573
9419,0.39563804864883423
9420,0.3053029477596283
9421,0.6195756793022156
9422,0.5072305798530579
9423,0.4878355860710144
9424,0.4353179335594177
9425,0.7033216953277588
9426,0.4168418049812317
9427,0.5362188816070557
9428,0.3511853814125061
9429,0.22318392992019653
9430,0.7820177674293518
9431,0.38504815101623535
9432,0.34955865144729614
9433,0.602756679058075
9434,0.7941147685050964
9435,0.7044612765312195
9436,0.4454405903816223
9437,0.7072537541389465
9438,0.4905025362968445
9439,0.2521103620529175
9440,0.6045545935630798
9441,0.432373583316803
9442,0.5041631460189819
9443,0.5331211686134338
9444,0.45230045914649963
9445,0.5931683778762817
9446,0.771040678024292
9447,0.4264971613883972
9448,0.48409441113471985
9449,0.3430725336074829
9450,0.5130386352539062
9451,0.6396636962890625
9452,0.8248212337493896
9453,0.34505146741867065
9454,0.3905613422393799
9455,0.3427550792694092
9456,0.31525707244873047
9457,0.792574942111969
9458,0.5066201686859131
9459,0.7682574391365051
9460,0.7904824614524841
9461,0.4338087737560272
9462,0.5416002869606018
9463,0.34991171956062317
9464,0.4732298254966736
9465,0.6777158379554749
9466,0.2628641724586487
9467,0.5275598764419556
9468,0.4696184992790222
9469,0.7221106290817261
9470,0.5206885933876038
9471,0.7791443467140198
9472,0.49341297149658203
9473,0.21669326722621918
9474,0.7619276642799377
9475,0.34334632754325867
9476,0.22289347648620605
9477,0.2742205262184143
9478,0.5375006794929504
9479,0.47887083888053894
9480,0.5358951687812805
9481,0.24361728131771088
9482,0.3596956431865692
9483,0.3751930892467499
9484,0.4607566297054291
9485,0.40093278884887695
9486,0.4635644257068634
9487,0.6311151385307312
9488,0.17928946018218994
9489,0.28114819526672363
9490,0.5427664518356323
9491,0.5774163603782654
9492,0.4109807312488556
9493,0.5073542594909668
9494,0.7434414029121399
9495,0.2831890881061554
9496,0.6487451791763306
9497,0.4879534840583801
9498,0.7108728289604187
9499,0.4621051847934723
9500,0.48645174503326416
9501,0.6929864287376404
9502,0.4467870891094208
9503,0.6540167927742004
9504,0.7149434089660645
9505,0.2864625155925751
9506,0.5389880537986755
9507,0.7840110659599304
9508,0.7811048030853271
9509,0.8086403012275696
9510,0.4897817373275757
9511,0.48660582304000854
9512,0.7836513519287109
9513,0.7438824772834778
9514,0.38950926065444946
9515,0.456715852022171
9516,0.5387504696846008
9517,0.82865971326828
9518,0.6238192319869995
9519,0.6228020191192627
9520,0.3788853883743286
9521,0.37895622849464417
9522,0.5104879140853882
9523,0.43181926012039185
9524,0.4351530075073242
9525,0.3722601532936096
9526,0.734674334526062
9527,0.3798040747642517
9528,0.5252020955085754
9529,0.4024784564971924
9530,0.3559173345565796
9531,0.7294541597366333
9532,0.4922102689743042
9533,0.6364870667457581
9534,0.7662199139595032
9535,0.6796519756317139
9536,0.6916553974151611
9537,0.3827481269836426
9538,0.5187602639198303
9539,0.32214561104774475
9540,0.22513030469417572
9541,0.4048904776573181
9542,0.7051361203193665
9543,0.5803007483482361
9544,0.5386051535606384
9545,0.25718772411346436
9546,0.7350655198097229
9547,0.5442065000534058
9548,0.5601503252983093
9549,0.5197269320487976
9550,0.40653175115585327
9551,0.1751370131969452
9552,0.4336124062538147
9553,0.577192485332489
9554,0.42792290449142456
9555,0.18479691445827484
9556,0.5259966254234314
9557,0.19754618406295776
9558,0.3200427293777466
9559,0.820306658744812
9560,0.5194603204727173
9561,0.7814117074012756
9562,0.8136292099952698
9563,0.3667490482330322
9564,0.6725807785987854
9565,0.5254409313201904
9566,0.8140967488288879
9567,0.4099733531475067
9568,0.2888292074203491
9569,0.6836358308792114
9570,0.7236217856407166
9571,0.42058107256889343
9572,0.8027299642562866
9573,0.3685058355331421
9574,0.3413318395614624
9575,0.3364182114601135
9576,0.568243682384491
9577,0.5123000741004944
9578,0.5037524700164795
9579,0.235494464635849
9580,0.2835473418235779
9581,0.3533388376235962
9582,0.5503825545310974
9583,0.28862830996513367
9584,0.31401702761650085
9585,0.39079949259757996
9586,0.8088703751564026
9587,0.414159893989563
9588,0.42039161920547485
9589,0.5373302102088928
9590,0.2408154457807541
9591,0.4919413626194
9592,0.40501272678375244
9593,0.5317069292068481
9594,0.52784663438797
9595,0.711276650428772
9596,0.4281001389026642
9597,0.2952127456665039
9598,0.483485609292984
9599,0.6151708960533142
9600,0.5088315606117249
9601,0.363322377204895
9602,0.5246496796607971
9603,0.7038719058036804
9604,0.41778290271759033
9605,0.7092506289482117
9606,0.3062290847301483
9607,0.3401052951812744
9608,0.3480944037437439
9609,0.6505545973777771
9610,0.4500654637813568
9611,0.7637497186660767
9612,0.29443979263305664
9613,0.566412627696991
9614,0.7846540212631226
9615,0.42589157819747925
9616,0.7782866358757019
9617,0.39195162057876587
9618,0.36661648750305176
9619,0.34511077404022217
9620,0.22826333343982697
9621,0.769798219203949
9622,0.543190062046051
9623,0.7499321103096008
9624,0.6158490777015686
9625,0.48223164677619934
9626,0.541606605052948
9627,0.7577025294303894
9628,0.5097000002861023
9629,0.3577273488044739
9630,0.7152586579322815
9631,0.4180067181587219
9632,0.7451792359352112
9633,0.6252909302711487
9634,0.2606385350227356
9635,0.4295313358306885
9636,0.45335525274276733
9637,0.6600825190544128
9638,0.5815678834915161
9639,0.21238009631633759
9640,0.562760055065155
9641,0.35431107878685
9642,0.31312522292137146
9643,0.26666268706321716
9644,0.16696703433990479
9645,0.4170353412628174
9646,0.6714437007904053
9647,0.7135972380638123
9648,0.45505329966545105
9649,0.3362199664115906
9650,0.4518202245235443
9651,0.7680663466453552
9652,0.39141082763671875
9653,0.3415663242340088
9654,0.7976651787757874
9655,0.4664950966835022
9656,0.22784847021102905
9657,0.7894601821899414
9658,0.2466919869184494
9659,0.722483217716217
9660,0.21805664896965027
9661,0.7910211682319641
9662,0.2015017420053482
9663,0.4847901463508606
9664,0.67568439245224
9665,0.30739259719848633
9666,0.5807401537895203
9667,0.28503552079200745
9668,0.40593287348747253
9669,0.8262801766395569
9670,0.7120705246925354
9671,0.6043884754180908
9672,0.33245205879211426
9673,0.5075176358222961
9674,0.4119669198989868
9675,0.7281901836395264
9676,0.2664412260055542
9677,0.292223185300827
9678,0.6653938889503479
9679,0.2009384036064148
9680,0.4018365144729614
9681,0.5661622285842896
9682,0.369479775428772
9683,0.22432394325733185
9684,0.6461118459701538
9685,0.6557815074920654
9686,0.1598948985338211
9687,0.27734169363975525
9688,0.6939591765403748
9689,0.28919363021850586
9690,0.377554714679718
9691,0.5611855983734131
9692,0.23269979655742645
9693,0.5567379593849182
9694,0.4830963611602783
9695,0.7175162434577942
9696,0.3613097369670868
9697,0.1937851905822754
9698,0.4883822202682495
9699,0.5215142369270325
9700,0.32767510414123535
9701,0.4840032458305359
9702,0.7800641655921936
9703,0.4905524253845215
9704,0.4141578674316406
9705,0.5138461589813232
9706,0.3706546723842621
9707,0.6424679160118103
9708,0.24627408385276794
9709,0.30592435598373413
9710,0.5097700953483582
9711,0.6042702794075012
9712,0.5857385396957397
9713,0.5771347880363464
9714,0.6578356027603149
9715,0.2734660506248474
9716,0.4646453857421875
9717,0.5070955157279968
9718,0.49561333656311035
9719,0.5629428029060364
9720,0.329019695520401
9721,0.6701741814613342
9722,0.5799422860145569
9723,0.41413813829421997
9724,0.5594154596328735
9725,0.6152430772781372
9726,0.6722744703292847
9727,0.2680456042289734
9728,0.39047637581825256
9729,0.4781941771507263
9730,0.6884694695472717
9731,0.49310189485549927
9732,0.19425106048583984
9733,0.7325035929679871
9734,0.7502445578575134
9735,0.7092685103416443
9736,0.5378692150115967
9737,0.7191762924194336
9738,0.5157280564308167
9739,0.7838311791419983
9740,0.3890395760536194
9741,0.5273483395576477
9742,0.5870208144187927
9743,0.8273637294769287
9744,0.4630548357963562
9745,0.8245333433151245
9746,0.3740345239639282
9747,0.5478646159172058
9748,0.48759695887565613
9749,0.30657288432121277
9750,0.4206986427307129
9751,0.313880056142807
9752,0.5636134743690491
9753,0.3952976167201996
9754,0.6710094809532166
9755,0.45167696475982666
9756,0.5681464672088623
9757,0.4904000163078308
9758,0.6978290677070618
9759,0.5528791546821594
9760,0.5126867294311523
9761,0.42802608013153076
9762,0.5209413170814514
9763,0.6093801856040955
9764,0.4191179871559143
9765,0.7935039401054382
9766,0.3218979835510254
9767,0.3069564700126648
9768,0.8259651064872742
9769,0.22523213922977448
9770,0.4848558306694031
9771,0.7734501957893372
9772,0.3943852186203003
9773,0.43681979179382324
9774,0.6205050349235535
9775,0.845272958278656
9776,0.37237733602523804
9777,0.8249710202217102
9778,0.2868974804878235
9779,0.4046032130718231
9780,0.678613007068634
9781,0.3109580874443054
9782,0.6818890571594238
9783,0.7824900150299072
9784,0.35219651460647583
9785,0.5799949169158936
9786,0.25717613101005554
9787,0.7694640159606934
9788,0.6350715756416321
9789,0.5353358387947083
9790,0.40857255458831787
9791,0.46434158086776733
9792,0.7264994978904724
9793,0.2709120810031891
9794,0.19671018421649933
9795,0.5321379899978638
9796,0.19628584384918213
9797,0.7163054943084717
9798,0.8470888733863831
9799,0.4038456678390503
9800,0.467729389667511
9801,0.578109622001648
9802,0.36248543858528137
9803,0.6588912606239319
9804,0.6154075264930725
9805,0.30332279205322266
9806,0.773920476436615
9807,0.6663767099380493
9808,0.21548344194889069
9809,0.5123265385627747
9810,0.22508469223976135
9811,0.7437028884887695
9812,0.6338632106781006
9813,0.3973219096660614
9814,0.3945310115814209
9815,0.24505522847175598
9816,0.6677250862121582
9817,0.2004236876964569
9818,0.6135936975479126
9819,0.36501839756965637
9820,0.6344397664070129
9821,0.4698719382286072
9822,0.5515019297599792
9823,0.362402081489563
9824,0.27194997668266296
9825,0.4915243983268738
9826,0.7906574606895447
9827,0.5170475244522095
9828,0.5180573463439941
9829,0.545722484588623
9830,0.7181747555732727
9831,0.38798946142196655
9832,0.6410955190658569
9833,0.3602234721183777
9834,0.5251592993736267
9835,0.6996994018554688
9836,0.7340980768203735
9837,0.47051146626472473
9838,0.2300553023815155
9839,0.5317785143852234
9840,0.8310464024543762
9841,0.33840978145599365
9842,0.1553606539964676
9843,0.45257091522216797
9844,0.34883302450180054
9845,0.5984479188919067
9846,0.46950840950012207
9847,0.5348228812217712
9848,0.5705926418304443
9849,0.4197969436645508
9850,0.3370524048805237
9851,0.7456799745559692
9852,0.6582219004631042
9853,0.5894302725791931
9854,0.5472807288169861
9855,0.49485456943511963
9856,0.8039801716804504
9857,0.7884334325790405
9858,0.38240426778793335
9859,0.8328526616096497
9860,0.5358700752258301
9861,0.43067479133605957
9862,0.8133442997932434
9863,0.5185108780860901
9864,0.5672053694725037
9865,0.8025133013725281
9866,0.5926229357719421
9867,0.4542965292930603
9868,0.2747730016708374
9869,0.43236154317855835
9870,0.5352916121482849
9871,0.5400949716567993
9872,0.761700451374054
9873,0.8168893456459045
9874,0.5501061081886292
9875,0.33471477031707764
9876,0.6887444257736206
9877,0.54424649477005
9878,0.39477652311325073
9879,0.5178152918815613
9880,0.3898897171020508
9881,0.22280679643154144
9882,0.4950089156627655
9883,0.5575011372566223
9884,0.20194748044013977
9885,0.5764670968055725
9886,0.463434100151062
9887,0.7381883263587952
9888,0.23958097398281097
9889,0.7699652314186096
9890,0.3642590641975403
9891,0.6736500859260559
9892,0.5295474529266357
9893,0.5398522019386292
9894,0.7345167398452759
9895,0.8182306289672852
9896,0.457385390996933
9897,0.43024447560310364
9898,0.6812716722488403
9899,0.6195750832557678
9900,0.34234994649887085
9901,0.6882847547531128
9902,0.49138695001602173
9903,0.5305032730102539
9904,0.2768362760543823
9905,0.24223384261131287
9906,0.4224624037742615
9907,0.5179148316383362
9908,0.5842246413230896
9909,0.4837085008621216
9910,0.4140523374080658
9911,0.30705544352531433
9912,0.8212396502494812
9913,0.3286791443824768
9914,0.3861209452152252
9915,0.28467899560928345
9916,0.6194751858711243
9917,0.6341731548309326
9918,0.4916849732398987
9919,0.3081270456314087
9920,0.8055768609046936
9921,0.5636985301971436
9922,0.29142042994499207
9923,0.23733550310134888
9924,0.48186540603637695
9925,0.3693036437034607
9926,0.6028636693954468
9927,0.46463942527770996
9928,0.3866848647594452
9929,0.6174277663230896
9930,0.6130813360214233
9931,0.35467344522476196
9932,0.5647396445274353
9933,0.5827949643135071
9934,0.5517600774765015
9935,0.4954695701599121
9936,0.4670635759830475
9937,0.5625689029693604
9938,0.4038265347480774
9939,0.5170475244522095
9940,0.4704129695892334
9941,0.4594572186470032
9942,0.47593408823013306
9943,0.46422046422958374
9944,0.5628036260604858
9945,0.4610195755958557
9946,0.2894766926765442
9947,0.17023298144340515
9948,0.7959659695625305
9949,0.49317845702171326
9950,0.5025874972343445
9951,0.7165504097938538
9952,0.7654484510421753
9953,0.6617985367774963
9954,0.5035384297370911
9955,0.2668810784816742
9956,0.5477035641670227
9957,0.4132688045501709
9958,0.5387031435966492
9959,0.3697362244129181
9960,0.34820181131362915
9961,0.4953996241092682
9962,0.19238337874412537
9963,0.5731530785560608
9964,0.4953324794769287
9965,0.5460401177406311
9966,0.3784556984901428
9967,0.39390653371810913
9968,0.6879871487617493
9969,0.4772645831108093
9970,0.23507922887802124
9971,0.565843403339386
9972,0.815660834312439
9973,0.816880464553833
9974,0.6888774633407593
9975,0.26421278715133667
9976,0.8013672232627869
9977,0.381278395652771
9978,0.4349557161331177
9979,0.5521770119667053
9980,0.3539886772632599
9981,0.4878828525543213
9982,0.5707510709762573
9983,0.5202240347862244
9984,0.7336364388465881
9985,0.2776091396808624
9986,0.6177923083305359
9987,0.5064898133277893
9988,0.45170706510543823
9989,0.5867937207221985
9990,0.4078825116157532
9991,0.47673410177230835
9992,0.7245177030563354
9993,0.717880368232727
9994,0.5978785157203674
9995,0.32506000995635986
9996,0.5948097109794617
9997,0.5488491654396057
9998,0.5605936646461487
9999,0.5082295536994934
10000,0.5440834164619446
10001,0.5169059634208679
10002,0.6153905391693115
10003,0.6395649313926697
10004,0.7279309630393982
10005,0.3701050281524658
10006,0.5027706623077393
10007,0.6878533363342285
10008,0.7603714466094971
10009,0.42265039682388306
10010,0.42297518253326416
10011,0.4615982472896576
10012,0.7597159743309021
10013,0.3236236274242401
10014,0.6462947726249695
10015,0.720138430595398
10016,0.6001812815666199
10017,0.37169772386550903
10018,0.7330461740493774
10019,0.5411183834075928
10020,0.5022608637809753
10021,0.31027284264564514
10022,0.7748410701751709
10023,0.2380908578634262
10024,0.8094645142555237
10025,0.6580896973609924
10026,0.6158484220504761
10027,0.30820319056510925
10028,0.5174240469932556
10029,0.5599494576454163
10030,0.5409561991691589
10031,0.4321187734603882
10032,0.7891709208488464
10033,0.4044203758239746
10034,0.3045613765716553
10035,0.3432604670524597
10036,0.7014784216880798
10037,0.32501843571662903
10038,0.24537824094295502
10039,0.2718442380428314
10040,0.5469968318939209
10041,0.34559136629104614
10042,0.5610039830207825
10043,0.4052812159061432
10044,0.1616724729537964
10045,0.3168429136276245
10046,0.4878789484500885
10047,0.6755077242851257
10048,0.5835980772972107
10049,0.5477834939956665
10050,0.548562228679657
10051,0.1985231339931488
10052,0.5072720646858215
10053,0.43729937076568604
10054,0.3626337945461273
10055,0.2555882930755615
10056,0.7755605578422546
10057,0.3056662082672119
10058,0.5175421833992004
10059,0.6485878825187683
10060,0.5066320300102234
10061,0.34138381481170654
10062,0.39181190729141235
10063,0.7465111613273621
10064,0.3624439835548401
10065,0.29225149750709534
10066,0.569529116153717
10067,0.3198748528957367
10068,0.5506393313407898
10069,0.2972222566604614
10070,0.6217973828315735
10071,0.8131853938102722
10072,0.6091395020484924
10073,0.19859297573566437
10074,0.36103230714797974
10075,0.7855717539787292
10076,0.7009657025337219
10077,0.7015458345413208
10078,0.278473824262619
10079,0.32588714361190796
10080,0.4731457531452179
10081,0.6843998432159424
10082,0.3774834871292114
10083,0.5864084362983704
10084,0.5288021564483643
10085,0.6723230481147766
10086,0.22679302096366882
10087,0.5451303720474243
10088,0.3320554792881012
10089,0.44060397148132324
10090,0.7267622947692871
10091,0.6919512748718262
10092,0.4151802361011505
10093,0.4340868592262268
10094,0.2676936686038971
10095,0.6342008709907532
10096,0.7913721799850464
10097,0.299683153629303
10098,0.45352429151535034
10099,0.6705248355865479
10100,0.3186291456222534
10101,0.39347589015960693
10102,0.8007978796958923
10103,0.33617788553237915
10104,0.5557795166969299
10105,0.6995418667793274
10106,0.5237215161323547
10107,0.3691577911376953
10108,0.43554988503456116
10109,0.3403543531894684
10110,0.5832709670066833
10111,0.34173935651779175
10112,0.6628487706184387
10113,0.3075174391269684
10114,0.7752677798271179
10115,0.4487117528915405
10116,0.4335862994194031
10117,0.22373120486736298
10118,0.5810966491699219
10119,0.6131259799003601
10120,0.41245782375335693
10121,0.6713060140609741
10122,0.368746280670166
10123,0.3407084047794342
10124,0.7466781735420227
10125,0.6447485685348511
10126,0.4693043529987335
10127,0.3070117235183716
10128,0.39711427688598633
10129,0.5665220618247986
10130,0.4115253686904907
10131,0.7008055448532104
10132,0.4984152615070343
10133,0.6919804215431213
10134,0.7872942686080933
10135,0.2873474955558777
10136,0.38434314727783203
10137,0.24697652459144592
10138,0.35953253507614136
10139,0.4530233144760132
10140,0.7889871597290039
10141,0.34435194730758667
10142,0.34174734354019165
10143,0.572066068649292
10144,0.5319600701332092
10145,0.7300805449485779
10146,0.6608664393424988
10147,0.8128541111946106
10148,0.4529081881046295
10149,0.46589991450309753
10150,0.42009299993515015
10151,0.4915601313114166
10152,0.3778614103794098
10153,0.33356595039367676
10154,0.7036822438240051
10155,0.2720026969909668
10156,0.6490346789360046
10157,0.5629415512084961
10158,0.6291487216949463
10159,0.3225846290588379
10160,0.34652310609817505
10161,0.2192239761352539
10162,0.7931739091873169
10163,0.5379526615142822
10164,0.5395789742469788
10165,0.24556317925453186
10166,0.4765026271343231
10167,0.5811387896537781
10168,0.39766567945480347
10169,0.3776634931564331
10170,0.3693108558654785
10171,0.8416516184806824
10172,0.5775889158248901
10173,0.38977140188217163
10174,0.7703452706336975
10175,0.3646230697631836
10176,0.608074963092804
10177,0.5652738213539124
10178,0.3857431709766388
10179,0.7214797139167786
10180,0.4540471136569977
10181,0.2976302206516266
10182,0.8263757824897766
10183,0.3150091767311096
10184,0.6565482020378113
10185,0.4970424771308899
10186,0.6352537274360657
10187,0.30117255449295044
10188,0.24943804740905762
10189,0.3386271595954895
10190,0.8099371790885925
10191,0.47433608770370483
10192,0.5415831804275513
10193,0.8211392760276794
10194,0.5641891360282898
10195,0.19602853059768677
10196,0.640466570854187
10197,0.576580822467804
10198,0.4450123608112335
10199,0.2227991819381714
10200,0.379835844039917
10201,0.5974416732788086
10202,0.20614632964134216
10203,0.6104654669761658
10204,0.6290613412857056
10205,0.6042956709861755
10206,0.613719642162323
10207,0.8180792927742004
10208,0.7665168642997742
10209,0.21307238936424255
10210,0.3786460757255554
10211,0.38579991459846497
10212,0.47936001420021057
10213,0.5852797031402588
10214,0.3713807761669159
10215,0.3123445510864258
10216,0.4517971873283386
10217,0.2832786440849304
10218,0.32696831226348877
10219,0.5688946843147278
10220,0.7249792814254761
10221,0.5485292673110962
10222,0.3168211579322815
10223,0.7204751372337341
10224,0.5532711148262024
10225,0.7075530290603638
10226,0.5306262373924255
10227,0.18063387274742126
10228,0.4160619378089905
10229,0.35680994391441345
10230,0.6615825295448303
10231,0.2452615648508072
10232,0.6196295022964478
10233,0.4814595878124237
10234,0.4272698163986206
10235,0.6427356600761414
10236,0.17379586398601532
10237,0.3809928297996521
10238,0.470580518245697
10239,0.5354514718055725
10240,0.32472169399261475
10241,0.3490743339061737
10242,0.37688905000686646
10243,0.50883948802948
10244,0.5622387528419495
10245,0.4636141359806061
10246,0.650705873966217
10247,0.5496901273727417
10248,0.573448121547699
10249,0.6317431330680847
10250,0.7481617331504822
10251,0.46666499972343445
10252,0.5098665952682495
10253,0.7591312527656555
10254,0.6871037483215332
10255,0.5694164633750916
10256,0.1613018810749054
10257,0.32171112298965454
10258,0.6091699600219727
10259,0.5659858584403992
10260,0.3757341802120209
10261,0.4669577181339264
10262,0.7861706614494324
10263,0.6982137560844421
10264,0.4576070308685303
10265,0.8217543959617615
10266,0.48501133918762207
10267,0.36170196533203125
10268,0.5094115138053894
10269,0.5022552013397217
10270,0.21874547004699707
10271,0.4836062788963318
10272,0.8214519619941711
10273,0.6329769492149353
10274,0.7595793008804321
10275,0.49606525897979736
10276,0.24008895456790924
10277,0.5012133717536926
10278,0.6761904358863831
10279,0.7638630867004395
10280,0.7050669193267822
10281,0.2441481202840805
10282,0.3322141170501709
10283,0.34058141708374023
10284,0.6277146339416504
10285,0.6972286701202393
10286,0.5674932599067688
10287,0.2282213270664215
10288,0.6097167134284973
10289,0.7010695338249207
10290,0.5294609069824219
10291,0.37724781036376953
10292,0.39296960830688477
10293,0.7853454947471619
10294,0.3927040696144104
10295,0.5428885817527771
10296,0.29237082600593567
10297,0.490780770778656
10298,0.2904130816459656
10299,0.6677687764167786
10300,0.22190873324871063
10301,0.4430164694786072
10302,0.5491732954978943
10303,0.7183427810668945
10304,0.6518600583076477
10305,0.6228436827659607
10306,0.26733285188674927
10307,0.5508196949958801
10308,0.711445152759552
10309,0.5735591053962708
10310,0.5318296551704407
10311,0.7590779662132263
10312,0.6811884641647339
10313,0.5494340062141418
10314,0.7397627234458923
10315,0.48092564940452576
10316,0.49188658595085144
10317,0.7462965846061707
10318,0.7028421759605408
10319,0.5188338756561279
10320,0.48356422781944275
10321,0.2568212151527405
10322,0.403769850730896
10323,0.5490862131118774
10324,0.6381989121437073
10325,0.2370646446943283
10326,0.6946690678596497
10327,0.5439966320991516
10328,0.7675620913505554
10329,0.7622960209846497
10330,0.22336497902870178
10331,0.42283958196640015
10332,0.576051652431488
10333,0.414634108543396
10334,0.3372081220149994
10335,0.4400889575481415
10336,0.490658164024353
10337,0.7533329129219055
10338,0.5695990920066833
10339,0.44739317893981934
10340,0.47251665592193604
10341,0.4880276322364807
10342,0.23078134655952454
10343,0.8416862487792969
10344,0.5519483685493469
10345,0.18990281224250793
10346,0.6493889689445496
10347,0.8047005534172058
10348,0.6171064376831055
10349,0.32657331228256226
10350,0.682596743106842
10351,0.46929311752319336
10352,0.5584058165550232
10353,0.7109306454658508
10354,0.29943615198135376
10355,0.5389396548271179
10356,0.5377957224845886
10357,0.6932980418205261
10358,0.6785799860954285
10359,0.6154972314834595
10360,0.5553861260414124
10361,0.49397221207618713
10362,0.7276855707168579
10363,0.21556523442268372
10364,0.4154461920261383
10365,0.7315233945846558
10366,0.3649359345436096
10367,0.39708423614501953
10368,0.6088134050369263
10369,0.6475092172622681
10370,0.5171486735343933
10371,0.5384831428527832
10372,0.6016752123832703
10373,0.7940659523010254
10374,0.33707836270332336
10375,0.8130694627761841
10376,0.34651026129722595
10377,0.6860848069190979
10378,0.7989959716796875
10379,0.5747562646865845
10380,0.6472597122192383
10381,0.4014623165130615
10382,0.7002730965614319
10383,0.6738643050193787
10384,0.6917333006858826
10385,0.790544331073761
10386,0.7013623714447021
10387,0.25602227449417114
10388,0.7721492648124695
10389,0.4281092882156372
10390,0.7067089080810547
10391,0.7342979311943054
10392,0.5780975222587585
10393,0.5365897417068481
10394,0.808906614780426
10395,0.22035063803195953
10396,0.5718122720718384
10397,0.6022595763206482
10398,0.41140392422676086
10399,0.6170458197593689
10400,0.3248339295387268
10401,0.41912174224853516
10402,0.5645962357521057
10403,0.508034348487854
10404,0.3209415674209595
10405,0.5449826121330261
10406,0.549338161945343
10407,0.5475220084190369
10408,0.48221373558044434
10409,0.47519785165786743
10410,0.33915722370147705
10411,0.824955403804779
10412,0.22718314826488495
10413,0.7914808988571167
10414,0.5292708277702332
10415,0.780154287815094
10416,0.320963978767395
10417,0.6215295791625977
10418,0.7057473659515381
10419,0.7037547826766968
10420,0.758915901184082
10421,0.3731730580329895
10422,0.5702948570251465
10423,0.30965664982795715
10424,0.5854490995407104
10425,0.4272370934486389
10426,0.468637615442276
10427,0.5856838822364807
10428,0.22041776776313782
10429,0.8042589426040649
10430,0.37701767683029175
10431,0.7391714453697205
10432,0.3449471592903137
10433,0.5850090980529785
10434,0.3425849676132202
10435,0.3774699568748474
10436,0.35659846663475037
10437,0.6285598874092102
10438,0.3351990580558777
10439,0.5330516695976257
10440,0.3601492643356323
10441,0.8152652382850647
10442,0.2299698293209076
10443,0.7923327684402466
10444,0.46145308017730713
10445,0.4630165696144104
10446,0.7074039578437805
10447,0.609274685382843
10448,0.6275034546852112
10449,0.6199005246162415
10450,0.3290941119194031
10451,0.6745110154151917
10452,0.6771439909934998
10453,0.6663646101951599
10454,0.19163653254508972
10455,0.5706049799919128
10456,0.651263415813446
10457,0.434082567691803
10458,0.3103536069393158
10459,0.21182335913181305
10460,0.48183733224868774
10461,0.5335121750831604
10462,0.3345180153846741
10463,0.7463065981864929
10464,0.7229294180870056
10465,0.6147372126579285
10466,0.19288431107997894
10467,0.8221165537834167
10468,0.7167173027992249
10469,0.37174519896507263
10470,0.2847408950328827
10471,0.5040871500968933
10472,0.7038190960884094
10473,0.5420003533363342
10474,0.40935617685317993
10475,0.3881566524505615
10476,0.41765594482421875
10477,0.575020968914032
10478,0.36458486318588257
10479,0.3771834969520569
10480,0.44845008850097656
10481,0.33528122305870056
10482,0.5590782165527344
10483,0.4913874566555023
10484,0.4933629035949707
10485,0.5421660542488098
10486,0.7602517008781433
10487,0.8305243253707886
10488,0.6961569786071777
10489,0.5886210203170776
10490,0.4476112723350525
10491,0.31632959842681885
10492,0.4382680058479309
10493,0.7366880774497986
10494,0.5678426623344421
10495,0.42821183800697327
10496,0.43122705817222595
10497,0.5448501706123352
10498,0.559015691280365
10499,0.6638137102127075
10500,0.31773099303245544
10501,0.2980044484138489
10502,0.8106905817985535
10503,0.827721118927002
10504,0.6695641279220581
10505,0.3431573212146759
10506,0.606384813785553
10507,0.6164341568946838
10508,0.24886131286621094
10509,0.2704159617424011
10510,0.735715925693512
10511,0.8214361071586609
10512,0.4052131175994873
10513,0.605032742023468
10514,0.2635313868522644
10515,0.4062270224094391
10516,0.6958784461021423
10517,0.37743204832077026
10518,0.311930775642395
10519,0.27111148834228516
10520,0.8221073150634766
10521,0.21923846006393433
10522,0.41296088695526123
10523,0.4444170594215393
10524,0.3421209156513214
10525,0.5182663798332214
10526,0.8380677103996277
10527,0.6900920271873474
10528,0.4313673675060272
10529,0.654445230960846
10530,0.8123745918273926
10531,0.40968209505081177
10532,0.2940422296524048
10533,0.5431104302406311
10534,0.33325880765914917
10535,0.7911983728408813
10536,0.6273627877235413
10537,0.6327112317085266
10538,0.6745237708091736
10539,0.6414411067962646
10540,0.5196781754493713
10541,0.5380379557609558
10542,0.8169713616371155
10543,0.4161626398563385
10544,0.46991440653800964
10545,0.6011344790458679
10546,0.5929803252220154
10547,0.554100513458252
10548,0.4536793529987335
10549,0.6391226649284363
10550,0.5876181721687317
10551,0.5150023102760315
10552,0.46232229471206665
10553,0.26073265075683594
10554,0.6034703850746155
10555,0.4843592047691345
10556,0.6616318821907043
10557,0.27511945366859436
10558,0.1957002878189087
10559,0.5868622660636902
10560,0.7263496518135071
10561,0.5159326195716858
10562,0.8106557130813599
10563,0.42781153321266174
10564,0.2894940674304962
10565,0.5681586861610413
10566,0.4607568085193634
10567,0.5834798216819763
10568,0.6755397915840149
10569,0.7494001984596252
10570,0.7799034118652344
10571,0.7719133496284485
10572,0.41339075565338135
10573,0.37465912103652954
10574,0.5116549730300903
10575,0.6761786341667175
10576,0.4501197934150696
10577,0.4675855040550232
10578,0.4708414077758789
10579,0.8216838240623474
10580,0.48298680782318115
10581,0.628225564956665
10582,0.6208418607711792
10583,0.575904905796051
10584,0.5367624163627625
10585,0.3433561325073242
10586,0.31644511222839355
10587,0.8251729607582092
10588,0.30200785398483276
10589,0.7815399765968323
10590,0.8225857615470886
10591,0.4755290150642395
10592,0.6344042420387268
10593,0.36760538816452026
10594,0.3322566747665405
10595,0.6027302742004395
10596,0.45622456073760986
10597,0.7852059602737427
10598,0.33277684450149536
10599,0.791279137134552
10600,0.512983500957489
10601,0.7655439972877502
10602,0.5841140747070312
10603,0.6087692379951477
10604,0.7254216074943542
10605,0.8020390272140503
10606,0.47571253776550293
10607,0.6572588086128235
10608,0.45584797859191895
10609,0.41569554805755615
10610,0.7472876310348511
10611,0.5523227453231812
10612,0.42877107858657837
10613,0.3008216917514801
10614,0.5285006761550903
10615,0.7783145308494568
10616,0.592966616153717
10617,0.5071911215782166
10618,0.2616105079650879
10619,0.43111658096313477
10620,0.37074369192123413
10621,0.5493404865264893
10622,0.44819164276123047
10623,0.48935413360595703
10624,0.6837844252586365
10625,0.8219069838523865
10626,0.4206950068473816
10627,0.5842844247817993
10628,0.6885647177696228
10629,0.29874205589294434
10630,0.7078244090080261
10631,0.6401567459106445
10632,0.5345669388771057
10633,0.8327597379684448
10634,0.45127177238464355
10635,0.21571612358093262
10636,0.5706741213798523
10637,0.3363242447376251
10638,0.2268798053264618
10639,0.7383411526679993
10640,0.5219206213951111
10641,0.79526686668396
10642,0.5038096308708191
10643,0.480385422706604
10644,0.5140823721885681
10645,0.6993222236633301
10646,0.4177868962287903
10647,0.2959691286087036
10648,0.4879792034626007
10649,0.30965667963027954
10650,0.42417824268341064
10651,0.5783476233482361
10652,0.6766524314880371
10653,0.18572558462619781
10654,0.2092878520488739
10655,0.4468289017677307
10656,0.8339748382568359
10657,0.16856403648853302
10658,0.7885429859161377
10659,0.4897792637348175
10660,0.2779128849506378
10661,0.47296780347824097
10662,0.3341192603111267
10663,0.8235272765159607
10664,0.5490140318870544
10665,0.3326230049133301
10666,0.5055266618728638
10667,0.20931284129619598
10668,0.16025644540786743
10669,0.47691965103149414
10670,0.7702046036720276
10671,0.4197360873222351
10672,0.6550963521003723
10673,0.3061605393886566
10674,0.5325817465782166
10675,0.1674211174249649
10676,0.309237003326416
10677,0.22841767966747284
10678,0.807226300239563
10679,0.4958172142505646
10680,0.48027437925338745
10681,0.7677794098854065
10682,0.46575993299484253
10683,0.8064170479774475
10684,0.8259280920028687
10685,0.22902148962020874
10686,0.5216997861862183
10687,0.4467853605747223
10688,0.5585587620735168
10689,0.3792726397514343
10690,0.7458639740943909
10691,0.3165362477302551
10692,0.4547958970069885
10693,0.7881022691726685
10694,0.7999153733253479
10695,0.8159839510917664
10696,0.6015680432319641
10697,0.2504429221153259
10698,0.6654565930366516
10699,0.809363842010498
10700,0.20237506926059723
10701,0.30831411480903625
10702,0.5476990342140198
10703,0.4951878786087036
10704,0.5543627142906189
10705,0.7125871181488037
10706,0.6737375855445862
10707,0.6432154178619385
10708,0.49942541122436523
10709,0.5181789994239807
10710,0.5600247979164124
10711,0.340457022190094
10712,0.4584016501903534
10713,0.49472445249557495
10714,0.40722382068634033
10715,0.1955745816230774
10716,0.5791196227073669
10717,0.3726983070373535
10718,0.5049256682395935
10719,0.4868737459182739
10720,0.38378334045410156
10721,0.4395185112953186
10722,0.663219690322876
10723,0.30041617155075073
10724,0.47106659412384033
10725,0.6609144806861877
10726,0.48958247900009155
10727,0.7825973629951477
10728,0.18670931458473206
10729,0.7013929486274719
10730,0.5856719613075256
10731,0.39110100269317627
10732,0.5086770057678223
10733,0.6424294114112854
10734,0.5377302169799805
10735,0.3802410364151001
10736,0.4860241413116455
10737,0.26626887917518616
10738,0.7872097492218018
10739,0.5737348198890686
10740,0.3488773703575134
10741,0.4546028971672058
10742,0.24874767661094666
10743,0.21545900404453278
10744,0.6662865281105042
10745,0.3733568489551544
10746,0.567010223865509
10747,0.49802732467651367
10748,0.5774081349372864
10749,0.4758298695087433
10750,0.6982952356338501
10751,0.5303358435630798
10752,0.4315662086009979
10753,0.45562607049942017
10754,0.43177270889282227
10755,0.6713259220123291
10756,0.6925246119499207
10757,0.5878071188926697
10758,0.4232960641384125
10759,0.7361170649528503
10760,0.4456478953361511
10761,0.6115220785140991
10762,0.6816889047622681
10763,0.5175659656524658
10764,0.7939777374267578
10765,0.40590420365333557
10766,0.5684552788734436
10767,0.6347129940986633
10768,0.7932820916175842
10769,0.22446326911449432
10770,0.41025403141975403
10771,0.6197553873062134
10772,0.5456073880195618
10773,0.5156986117362976
10774,0.2116684764623642
10775,0.6298761963844299
10776,0.7849845886230469
10777,0.5728064179420471
10778,0.5164745450019836
10779,0.7979367971420288
10780,0.36789005994796753
10781,0.2654089033603668
10782,0.33520472049713135
10783,0.7128899693489075
10784,0.5185224413871765
10785,0.7110258340835571
10786,0.4662659168243408
10787,0.5741652250289917
10788,0.3957907557487488
10789,0.7502972483634949
10790,0.2824803292751312
10791,0.49613019824028015
10792,0.5504266619682312
10793,0.6837362051010132
10794,0.6252335906028748
10795,0.2806624174118042
10796,0.6161757111549377
10797,0.4198523163795471
10798,0.5410858392715454
10799,0.3242057263851166
10800,0.2509557008743286
10801,0.4510076642036438
10802,0.5725312232971191
10803,0.7023649215698242
10804,0.7132022976875305
10805,0.5566096901893616
10806,0.5497167706489563
10807,0.5534299612045288
10808,0.4606645703315735
10809,0.8334930539131165
10810,0.43524378538131714
10811,0.6626449227333069
10812,0.548377275466919
10813,0.2045152634382248
10814,0.5784000158309937
10815,0.631335437297821
10816,0.29406648874282837
10817,0.46839696168899536
10818,0.5567743182182312
10819,0.32705503702163696
10820,0.38646185398101807
10821,0.7084251046180725
10822,0.478241503238678
10823,0.3021189570426941
10824,0.43420663475990295
10825,0.334248811006546
10826,0.48443180322647095
10827,0.23563510179519653
10828,0.20615112781524658
10829,0.4051148295402527
10830,0.3633769750595093
10831,0.8166619539260864
10832,0.6878123879432678
10833,0.4500109553337097
10834,0.5315386056900024
10835,0.4912872016429901
10836,0.609274685382843
10837,0.3493228554725647
10838,0.3248366117477417
10839,0.7799187898635864
10840,0.630510151386261
10841,0.6881512999534607
10842,0.4943926930427551
10843,0.3958780765533447
10844,0.8110284805297852
10845,0.680492639541626
10846,0.7593439817428589
10847,0.2461591362953186
10848,0.4647875130176544
10849,0.3941328823566437
10850,0.31056416034698486
10851,0.5653457641601562
10852,0.6538381576538086
10853,0.2662283182144165
10854,0.5767472982406616
10855,0.5677329897880554
10856,0.7413498163223267
10857,0.5426902174949646
10858,0.34165218472480774
10859,0.7496739029884338
10860,0.5780988335609436
10861,0.8303413987159729
10862,0.4756926894187927
10863,0.8090062737464905
10864,0.46577757596969604
10865,0.5144637227058411
10866,0.3710380792617798
10867,0.733569860458374
10868,0.5424465537071228
10869,0.6087955832481384
10870,0.4950164258480072
10871,0.26641082763671875
10872,0.7958240509033203
10873,0.7397753596305847
10874,0.7009544968605042
10875,0.5783838629722595
10876,0.39697548747062683
10877,0.5462547540664673
10878,0.3484554886817932
10879,0.5125433206558228
10880,0.8213688135147095
10881,0.3302127718925476
10882,0.4147375226020813
10883,0.2597962021827698
10884,0.38527417182922363
10885,0.6082561016082764
10886,0.35588538646698
10887,0.46641814708709717
10888,0.33973705768585205
10889,0.5206862092018127
10890,0.4219246506690979
10891,0.5463702082633972
10892,0.719700038433075
10893,0.5677526593208313
10894,0.36322540044784546
10895,0.6736857295036316
10896,0.7680107951164246
10897,0.628694474697113
10898,0.6807000041007996
10899,0.4373015761375427
10900,0.7073704600334167
10901,0.3278944492340088
10902,0.4729979634284973
10903,0.5709702968597412
10904,0.2905282974243164
10905,0.21890704333782196
10906,0.3924016058444977
10907,0.7369864583015442
10908,0.6030527949333191
10909,0.594272792339325
10910,0.43459558486938477
10911,0.7128329873085022
10912,0.5370126962661743
10913,0.41568857431411743
10914,0.4344804883003235
10915,0.3791738450527191
10916,0.25528469681739807
10917,0.7753637433052063
10918,0.29601699113845825
10919,0.5228168368339539
10920,0.23619040846824646
10921,0.7277940511703491
10922,0.8231637477874756
10923,0.4536893963813782
10924,0.5199632048606873
10925,0.22948157787322998
10926,0.6963115334510803
10927,0.8184123039245605
10928,0.734024703502655
10929,0.816520631313324
10930,0.27778109908103943
10931,0.4741942286491394
10932,0.4485427737236023
10933,0.4558296501636505
10934,0.5028625130653381
10935,0.8349625468254089
10936,0.7143679261207581
10937,0.39967209100723267
10938,0.7204352617263794
10939,0.6816174387931824
10940,0.7331392765045166
10941,0.7336847186088562
10942,0.43148452043533325
10943,0.28879112005233765
10944,0.4467851221561432
10945,0.6079778075218201
10946,0.67817622423172
10947,0.7056037783622742
10948,0.6435111165046692
10949,0.33357277512550354
10950,0.21378426253795624
10951,0.5415080189704895
10952,0.4883953332901001
10953,0.2784106135368347
10954,0.7870246767997742
10955,0.7652918696403503
10956,0.7999192476272583
10957,0.8111327290534973
10958,0.26717427372932434
10959,0.268459290266037
10960,0.5671831965446472
10961,0.7104026675224304
10962,0.22511745989322662
10963,0.17968592047691345
10964,0.47188234329223633
10965,0.7051487565040588
10966,0.2623876929283142
10967,0.6753934621810913
10968,0.29907554388046265
10969,0.4525197744369507
10970,0.6197457313537598
10971,0.4016745686531067
10972,0.37800151109695435
10973,0.7945094704627991
10974,0.5022209286689758
10975,0.7746134996414185
10976,0.4774780869483948
10977,0.23626548051834106
10978,0.7358053922653198
10979,0.5202637314796448
10980,0.5592537522315979
10981,0.7160584330558777
10982,0.6963797211647034
10983,0.5797717571258545
10984,0.2762198746204376
10985,0.27212733030319214
10986,0.2779010534286499
10987,0.19184483587741852
10988,0.6170743107795715
10989,0.6014925837516785
10990,0.7923286557197571
10991,0.8344045281410217
10992,0.6485111713409424
10993,0.8104090690612793
10994,0.6092703342437744
10995,0.6039381623268127
10996,0.45336639881134033
10997,0.17546793818473816
10998,0.616888701915741
10999,0.5877780914306641
11000,0.6358317732810974
11001,0.5469834804534912
11002,0.6086816787719727
11003,0.8002316355705261
11004,0.5198509097099304
11005,0.4191564917564392
11006,0.369489848613739
11007,0.7447299361228943
11008,0.4555421471595764
11009,0.3827897906303406
11010,0.32369264960289
11011,0.3930571973323822
11012,0.48442476987838745
11013,0.625756561756134
11014,0.5132439136505127
11015,0.45081835985183716
11016,0.710671067237854
11017,0.3934112787246704
11018,0.507116973400116
11019,0.2772301435470581
11020,0.4767083525657654
11021,0.3213537335395813
11022,0.5494667291641235
11023,0.5977305769920349
11024,0.19979453086853027
11025,0.6528212428092957
11026,0.3268551528453827
11027,0.649425745010376
11028,0.38633549213409424
11029,0.7899374961853027
11030,0.6921144127845764
11031,0.378806471824646
11032,0.47966641187667847
11033,0.35064104199409485
11034,0.6655991077423096
11035,0.352216899394989
11036,0.8028706908226013
11037,0.8152913451194763
11038,0.7052238583564758
11039,0.4518980085849762
11040,0.3667890429496765
11041,0.19012388586997986
11042,0.2429734170436859
11043,0.5505514740943909
11044,0.7334274649620056
11045,0.42699241638183594
11046,0.27521243691444397
11047,0.82049161195755
11048,0.4903867840766907
11049,0.7996026277542114
11050,0.5083269476890564
11051,0.6434329152107239
11052,0.30107569694519043
11053,0.5799133777618408
11054,0.5996878743171692
11055,0.6164166927337646
11056,0.7233331203460693
11057,0.6875126361846924
11058,0.44965100288391113
11059,0.33819153904914856
11060,0.5048893690109253
11061,0.5395359396934509
11062,0.5035730004310608
11063,0.48035794496536255
11064,0.46469420194625854
11065,0.42363041639328003
11066,0.1995082050561905
11067,0.45115625858306885
11068,0.34386569261550903
11069,0.5810126662254333
11070,0.18655870854854584
11071,0.565620481967926
11072,0.6388999223709106
11073,0.5592308640480042
11074,0.7535998225212097
11075,0.47048676013946533
11076,0.3121435344219208
11077,0.5670635104179382
11078,0.2785387635231018
11079,0.39653030037879944
11080,0.7328876852989197
11081,0.595370888710022
11082,0.5282263159751892
11083,0.6567562222480774
11084,0.49551665782928467
11085,0.42406052350997925
11086,0.2759517431259155
11087,0.4361591041088104
11088,0.26333561539649963
11089,0.5325576663017273
11090,0.218218132853508
11091,0.6641615629196167
11092,0.33673936128616333
11093,0.5806342959403992
11094,0.28739434480667114
11095,0.30583876371383667
11096,0.5152966380119324
11097,0.3292739987373352
11098,0.29980340600013733
11099,0.5330014824867249
11100,0.5456506609916687
11101,0.5060345530509949
11102,0.5654677748680115
11103,0.4933532178401947
11104,0.7235782146453857
11105,0.5579325556755066
11106,0.42741653323173523
11107,0.4924201965332031
11108,0.489847868680954
11109,0.2751694917678833
11110,0.4767887592315674
11111,0.3287806510925293
11112,0.4504266679286957
11113,0.3558675944805145
11114,0.43671607971191406
11115,0.26938313245773315
11116,0.2790539264678955
11117,0.7576655149459839
11118,0.7668588757514954
11119,0.558796226978302
11120,0.44721558690071106
11121,0.4772443175315857
11122,0.5627681612968445
11123,0.8032061457633972
11124,0.7798767685890198
11125,0.32209131121635437
11126,0.41384220123291016
11127,0.5093877911567688
11128,0.476429283618927
11129,0.6952776908874512
11130,0.5841699242591858
11131,0.8188074231147766
11132,0.21209430694580078
11133,0.47116178274154663
11134,0.5747078061103821
11135,0.5835132002830505
11136,0.8169582486152649
11137,0.4076359272003174
11138,0.2487141638994217
11139,0.6449170708656311
11140,0.3139250576496124
11141,0.5467504858970642
11142,0.648796796798706
11143,0.5920701622962952
11144,0.6659018397331238
11145,0.3961718678474426
11146,0.4814295172691345
11147,0.5693857073783875
11148,0.7415198683738708
11149,0.8333443403244019
11150,0.403083473443985
11151,0.45371347665786743
11152,0.7324212789535522
11153,0.49396464228630066
11154,0.4020136892795563
11155,0.5390990376472473
11156,0.42715564370155334
11157,0.47885560989379883
11158,0.46450066566467285
11159,0.4440452754497528
11160,0.5927947759628296
11161,0.7747081518173218
11162,0.31292489171028137
11163,0.7529973387718201
11164,0.39767417311668396
11165,0.6575114130973816
11166,0.5449650883674622
11167,0.6001682877540588
11168,0.17397871613502502
11169,0.38220295310020447
11170,0.5971642136573792
11171,0.18520823121070862
11172,0.7821381688117981
11173,0.535270094871521
11174,0.4744734764099121
11175,0.24722206592559814
11176,0.38655778765678406
11177,0.6033846139907837
11178,0.7378983497619629
11179,0.4274018704891205
11180,0.8206937909126282
11181,0.8223276734352112
11182,0.5432386994361877
11183,0.2830605208873749
11184,0.4349844455718994
11185,0.5548410415649414
11186,0.6369925141334534
11187,0.6624176502227783
11188,0.8139784336090088
11189,0.19120007753372192
11190,0.3563615083694458
11191,0.5275691151618958
11192,0.7358073592185974
11193,0.5811306238174438
11194,0.5366437435150146
11195,0.5192585587501526
11196,0.5984392166137695
11197,0.7227935194969177
11198,0.21138757467269897
11199,0.47719907760620117
11200,0.3917434811592102
11201,0.4761781096458435
11202,0.38361701369285583
11203,0.7467015385627747
11204,0.54677414894104
11205,0.5922709107398987
11206,0.5730558633804321
11207,0.7782759666442871
11208,0.7235062718391418
11209,0.46534961462020874
11210,0.49684762954711914
11211,0.37613967061042786
11212,0.4265226721763611
11213,0.7323516011238098
11214,0.574341356754303
11215,0.534232497215271
11216,0.3255422115325928
11217,0.3940272629261017
11218,0.2201785296201706
11219,0.5627095103263855
11220,0.1819709986448288
11221,0.49444401264190674
11222,0.31617558002471924
11223,0.32470786571502686
11224,0.2784896492958069
11225,0.8253071308135986
11226,0.5293310284614563
11227,0.4401227533817291
11228,0.5029017329216003
11229,0.6956499814987183
11230,0.529649019241333
11231,0.67000412940979
11232,0.6012365818023682
11233,0.30064502358436584
11234,0.6675512790679932
11235,0.6918646693229675
11236,0.37162065505981445
11237,0.4827890396118164
11238,0.837033212184906
11239,0.6748223304748535
11240,0.33937472105026245
11241,0.5247374176979065
11242,0.6463489532470703
11243,0.573201596736908
11244,0.42290204763412476
11245,0.5441877841949463
11246,0.2472900152206421
11247,0.41093868017196655
11248,0.46318724751472473
11249,0.4811534881591797
11250,0.7678661346435547
11251,0.4879761338233948
11252,0.4351729154586792
11253,0.624232292175293
11254,0.6763032674789429
11255,0.7180513143539429
11256,0.4020959138870239
11257,0.2417321503162384
11258,0.5703549385070801
11259,0.7182920575141907
11260,0.4050758481025696
11261,0.26462963223457336
11262,0.3043519854545593
11263,0.6288920640945435
11264,0.48880505561828613
11265,0.3753330409526825
11266,0.8313395380973816
11267,0.720995306968689
11268,0.5313014388084412
11269,0.7823871374130249
11270,0.6692965626716614
11271,0.4097864031791687
11272,0.5860583186149597
11273,0.7081519961357117
11274,0.4071515202522278
11275,0.605036199092865
11276,0.7952135801315308
11277,0.5465407967567444
11278,0.5468482375144958
11279,0.5558976531028748
11280,0.22102753818035126
11281,0.3711642622947693
11282,0.4093388617038727
11283,0.5218774676322937
11284,0.4233148694038391
11285,0.8256130218505859
11286,0.7983031868934631
11287,0.6617668867111206
11288,0.41389548778533936
11289,0.30567896366119385
11290,0.476407527923584
11291,0.6141334176063538
11292,0.7252301573753357
11293,0.7285315990447998
11294,0.42266184091567993
11295,0.6004764437675476
11296,0.4053868055343628
11297,0.6208164691925049
11298,0.27625030279159546
11299,0.8240818381309509
11300,0.566886305809021
11301,0.6165822744369507
11302,0.4950823485851288
11303,0.39159345626831055
11304,0.5297461152076721
11305,0.15175434947013855
11306,0.4483998119831085
11307,0.7383416295051575
11308,0.5048788189888
11309,0.6594099402427673
11310,0.7876030206680298
11311,0.8115106821060181
11312,0.362385094165802
11313,0.33121728897094727
11314,0.30661872029304504
11315,0.1758573055267334
11316,0.5424094796180725
11317,0.559238612651825
11318,0.7451911568641663
11319,0.34904545545578003
11320,0.4367081820964813
11321,0.7879114151000977
11322,0.21618245542049408
11323,0.660220742225647
11324,0.4454818367958069
11325,0.2504376173019409
11326,0.3345184326171875
11327,0.41553524136543274
11328,0.5384902358055115
11329,0.3205115795135498
11330,0.5019668340682983
11331,0.30709561705589294
11332,0.7226068377494812
11333,0.5673297047615051
11334,0.6709945797920227
11335,0.3080885410308838
11336,0.6783435940742493
11337,0.5765761733055115
11338,0.34795916080474854
11339,0.6922480463981628
11340,0.3748096525669098
11341,0.3662281334400177
11342,0.3339032530784607
11343,0.4249444007873535
11344,0.7267902493476868
11345,0.3795391619205475
11346,0.4228386878967285
11347,0.38286304473876953
11348,0.5018934607505798
11349,0.36296170949935913
11350,0.3796434700489044
11351,0.5952754616737366
11352,0.7160025238990784
11353,0.21471615135669708
11354,0.4841179847717285
11355,0.41714704036712646
11356,0.2729549705982208
11357,0.3614579439163208
11358,0.2322019338607788
11359,0.41804423928260803
11360,0.4464368224143982
11361,0.5719760060310364
11362,0.4544050693511963
11363,0.2776065468788147
11364,0.7852709889411926
11365,0.34085285663604736
11366,0.5580363869667053
11367,0.7937191128730774
11368,0.6244764924049377
11369,0.3227601945400238
11370,0.5125393271446228
11371,0.4182860851287842
11372,0.5421069264411926
11373,0.42053234577178955
11374,0.27816271781921387
11375,0.2575250566005707
11376,0.38178551197052
11377,0.3773360550403595
11378,0.2782938778400421
11379,0.5059260129928589
11380,0.31587499380111694
11381,0.33392614126205444
11382,0.2525767683982849
11383,0.1778476983308792
11384,0.591826319694519
11385,0.2565079629421234
11386,0.7417936325073242
11387,0.46064701676368713
11388,0.6130238175392151
11389,0.5666244626045227
11390,0.52120441198349
11391,0.3965490460395813
11392,0.4558425545692444
11393,0.7403994202613831
11394,0.4077117443084717
11395,0.49633464217185974
11396,0.5112180113792419
11397,0.8170139789581299
11398,0.4589725136756897
11399,0.5309316515922546
11400,0.3158010244369507
11401,0.7458162307739258
11402,0.30528438091278076
11403,0.4819900095462799
11404,0.2149033546447754
11405,0.4845063090324402
11406,0.5925658345222473
11407,0.39263302087783813
11408,0.7106152176856995
11409,0.6625111699104309
11410,0.7562380433082581
11411,0.5010507106781006
11412,0.40661415457725525
11413,0.2934369444847107
11414,0.7132429480552673
11415,0.8241055607795715
11416,0.40008544921875
11417,0.37245771288871765
11418,0.5947256684303284
11419,0.7357720732688904
11420,0.4473349452018738
11421,0.2273581176996231
11422,0.4538922905921936
11423,0.33463841676712036
11424,0.7773995995521545
11425,0.3312447965145111
11426,0.6746833920478821
11427,0.5782609581947327
11428,0.8432285189628601
11429,0.2845912575721741
11430,0.460510790348053
11431,0.3963104784488678
11432,0.4072974920272827
11433,0.21511781215667725
11434,0.4080038368701935
11435,0.7017553448677063
11436,0.44300055503845215
11437,0.48724934458732605
11438,0.24905610084533691
11439,0.3037135601043701
11440,0.6251153349876404
11441,0.732395589351654
11442,0.39337536692619324
11443,0.7419153451919556
11444,0.4270075559616089
11445,0.4275599718093872
11446,0.7820426225662231
11447,0.282648503780365
11448,0.2459563910961151
11449,0.28138941526412964
11450,0.5044213533401489
11451,0.5095309615135193
11452,0.654573917388916
11453,0.427348792552948
11454,0.8339546918869019
11455,0.39436399936676025
11456,0.25211453437805176
11457,0.5814914107322693
11458,0.471297949552536
11459,0.39291253685951233
11460,0.19150570034980774
11461,0.7005536556243896
11462,0.5180136561393738
11463,0.19975535571575165
11464,0.3853144943714142
11465,0.2208380401134491
11466,0.2620079815387726
11467,0.5600204467773438
11468,0.38092565536499023
11469,0.711353600025177
11470,0.8197771906852722
11471,0.41463884711265564
11472,0.7802436947822571
11473,0.6968362331390381
11474,0.726580023765564
11475,0.5720869898796082
11476,0.4048668146133423
11477,0.7116407752037048
11478,0.6180729269981384
11479,0.7303124070167542
11480,0.7692186832427979
11481,0.22559726238250732
11482,0.2927055358886719
11483,0.6101649403572083
11484,0.5108863711357117
11485,0.5034282803535461
11486,0.5688180923461914
11487,0.2287290245294571
11488,0.2112141251564026
11489,0.43073129653930664
11490,0.6234087944030762
11491,0.7489859461784363
11492,0.6618486642837524
11493,0.3614093065261841
11494,0.2860022187232971
11495,0.5350287556648254
11496,0.5651008486747742
11497,0.6537373065948486
11498,0.37471306324005127
11499,0.5431827902793884
11500,0.5091256499290466
11501,0.8355002999305725
11502,0.574781596660614
11503,0.37252628803253174
11504,0.36304786801338196
11505,0.37886112928390503
11506,0.38530683517456055
11507,0.5640115141868591
11508,0.398540198802948
11509,0.3890294134616852
11510,0.15117967128753662
11511,0.6109986901283264
11512,0.3253971040248871
11513,0.5568720698356628
11514,0.8110050559043884
11515,0.460050106048584
11516,0.5957643389701843
11517,0.49212151765823364
11518,0.5604211091995239
11519,0.694394052028656
11520,0.4375327229499817
11521,0.3152584135532379
11522,0.5673748254776001
11523,0.8197819590568542
11524,0.587057888507843
11525,0.5711081624031067
11526,0.2690291106700897
11527,0.4647350311279297
11528,0.5561896562576294
11529,0.5735746622085571
11530,0.37864238023757935
11531,0.5339692831039429
11532,0.5910351276397705
11533,0.5807974934577942
11534,0.47287458181381226
11535,0.18411970138549805
11536,0.548651933670044
11537,0.7313108444213867
11538,0.2594311833381653
11539,0.5680046677589417
11540,0.3842428922653198
11541,0.17795425653457642
11542,0.7415308356285095
11543,0.2595866024494171
11544,0.19518470764160156
11545,0.3612784147262573
11546,0.8376466631889343
11547,0.6357623338699341
11548,0.6847184896469116
11549,0.6485736966133118
11550,0.5230857729911804
11551,0.5522419810295105
11552,0.6453806161880493
11553,0.48241156339645386
11554,0.5192923545837402
11555,0.6041173338890076
11556,0.313649982213974
11557,0.5736281275749207
11558,0.5508940815925598
11559,0.46744251251220703
11560,0.44578102231025696
11561,0.3722514510154724
11562,0.2788373529911041
11563,0.5019317865371704
11564,0.4820927679538727
11565,0.6886789798736572
11566,0.3896445333957672
11567,0.19510462880134583
11568,0.8053556084632874
11569,0.3322708010673523
11570,0.38367095589637756
11571,0.3805425763130188
11572,0.732286274433136
11573,0.3271547555923462
11574,0.8021997809410095
11575,0.334820032119751
11576,0.7018381357192993
11577,0.4824930727481842
11578,0.35508060455322266
11579,0.3524957299232483
11580,0.5411785244941711
11581,0.348166823387146
11582,0.5558567643165588
11583,0.38185033202171326
11584,0.4034568667411804
11585,0.393351674079895
11586,0.5845733284950256
11587,0.3385704755783081
11588,0.4015073776245117
11589,0.5431340336799622
11590,0.20564159750938416
11591,0.3332180976867676
11592,0.3658364415168762
11593,0.30965644121170044
11594,0.30252042412757874
11595,0.7715715765953064
11596,0.5339171290397644
11597,0.6971532702445984
11598,0.4786646366119385
11599,0.21886880695819855
11600,0.2890753746032715
11601,0.5776559710502625
11602,0.3116445541381836
11603,0.1896190047264099
11604,0.6249870657920837
11605,0.3932279050350189
11606,0.5466136336326599
11607,0.36300209164619446
11608,0.2213292270898819
11609,0.5043575167655945
11610,0.5517104864120483
11611,0.5538609027862549
11612,0.5390942692756653
11613,0.7233001589775085
11614,0.4854018986225128
11615,0.7123317122459412
11616,0.544727623462677
11617,0.5081878304481506
11618,0.5302667021751404
11619,0.6808390021324158
11620,0.47755998373031616
11621,0.6853276491165161
11622,0.6814364790916443
11623,0.4415148198604584
11624,0.23410339653491974
11625,0.6533163189888
11626,0.40779590606689453
11627,0.7020794749259949
11628,0.5553785562515259
11629,0.7025421261787415
11630,0.6309649348258972
11631,0.2982126474380493
11632,0.5228428840637207
11633,0.605441153049469
11634,0.6482722163200378
11635,0.7258408069610596
11636,0.21669325232505798
11637,0.7688562273979187
11638,0.45178166031837463
11639,0.5529541373252869
11640,0.7335588335990906
11641,0.28477156162261963
11642,0.7857117652893066
11643,0.36516791582107544
11644,0.7168301343917847
11645,0.4696201980113983
11646,0.7224143147468567
11647,0.5401366353034973
11648,0.4571501314640045
11649,0.5350901484489441
11650,0.39982691407203674
11651,0.736761748790741
11652,0.7139294147491455
11653,0.6867262721061707
11654,0.5255924463272095
11655,0.8312156796455383
11656,0.2614254355430603
11657,0.44126155972480774
11658,0.7263094782829285
11659,0.3280404210090637
11660,0.5833451151847839
11661,0.63567054271698
11662,0.4310950040817261
11663,0.7187709808349609
11664,0.3792562484741211
11665,0.4954748749732971
11666,0.5556917786598206
11667,0.6915757060050964
11668,0.687168300151825
11669,0.2845456004142761
11670,0.6160019040107727
11671,0.49284082651138306
11672,0.7444342374801636
11673,0.6344119906425476
11674,0.7670121788978577
11675,0.3648080825805664
11676,0.39408665895462036
11677,0.7784944176673889
11678,0.6309686899185181
11679,0.4364970326423645
11680,0.27780216932296753
11681,0.16865158081054688
11682,0.18094158172607422
11683,0.5985283255577087
11684,0.800433874130249
11685,0.4730328917503357
11686,0.6815628409385681
11687,0.5309696793556213
11688,0.5306786894798279
11689,0.7306577563285828
11690,0.538754403591156
11691,0.7370836138725281
11692,0.30385899543762207
11693,0.6624982953071594
11694,0.4006319046020508
11695,0.6681188344955444
11696,0.42243504524230957
11697,0.34112298488616943
11698,0.39713364839553833
11699,0.5218298435211182
11700,0.5241186618804932
11701,0.304575115442276
11702,0.6528660655021667
11703,0.22328312695026398
11704,0.5894517302513123
11705,0.3284871578216553
11706,0.43236422538757324
11707,0.6246376037597656
11708,0.3367754817008972
11709,0.6722641587257385
11710,0.1845373958349228
11711,0.7449662685394287
11712,0.8149737119674683
11713,0.31633082032203674
11714,0.33232423663139343
11715,0.5570043921470642
11716,0.6867437362670898
11717,0.3964684009552002
11718,0.5716153383255005
11719,0.5865573287010193
11720,0.3038599491119385
11721,0.7816245555877686
11722,0.5754799246788025
11723,0.7620786428451538
11724,0.25520384311676025
11725,0.7123053669929504
11726,0.3202165961265564
11727,0.30451732873916626
11728,0.3680039644241333
11729,0.4494509696960449
11730,0.491921603679657
11731,0.8232026696205139
11732,0.5378762483596802
11733,0.4674221873283386
11734,0.35120081901550293
11735,0.40927374362945557
11736,0.1764202117919922
11737,0.4909769892692566
11738,0.2551459074020386
11739,0.6937877535820007
11740,0.3197968006134033
11741,0.5586991906166077
11742,0.5954856872558594
11743,0.6809820532798767
11744,0.40765291452407837
11745,0.7946828603744507
11746,0.7318292260169983
11747,0.7241955399513245
11748,0.7011952996253967
11749,0.6903108954429626
11750,0.707094669342041
11751,0.5998262166976929
11752,0.3567996025085449
11753,0.41082167625427246
11754,0.4115935266017914
11755,0.3308543562889099
11756,0.7694584727287292
11757,0.35332202911376953
11758,0.4050799608230591
11759,0.8239898681640625
11760,0.5411550998687744
11761,0.7773501873016357
11762,0.6991243362426758
11763,0.37506139278411865
11764,0.8170639872550964
11765,0.699772834777832
11766,0.7527953386306763
11767,0.6117390394210815
11768,0.45322051644325256
11769,0.3559339642524719
11770,0.272095263004303
11771,0.4868667423725128
11772,0.2726415693759918
11773,0.3965986371040344
11774,0.23348090052604675
11775,0.5485015511512756
11776,0.5801170468330383
11777,0.33203786611557007
11778,0.4089406728744507
11779,0.39205387234687805
11780,0.5031418800354004
11781,0.2016948163509369
11782,0.6185025572776794
11783,0.8152509331703186
11784,0.4111248850822449
11785,0.5907281041145325
11786,0.15969061851501465
11787,0.44572752714157104
11788,0.426790326833725
11789,0.4707888662815094
11790,0.2309076339006424
11791,0.6638944745063782
11792,0.815362811088562
11793,0.8006955981254578
11794,0.4992583394050598
11795,0.29258978366851807
11796,0.3531428873538971
11797,0.8296640515327454
11798,0.5137333869934082
11799,0.4468415677547455
11800,0.2994544804096222
11801,0.7439648509025574
11802,0.6814026832580566
11803,0.5243321657180786
11804,0.5537638664245605
11805,0.40894532203674316
11806,0.37539899349212646
11807,0.36569249629974365
11808,0.5570632815361023
11809,0.5297877788543701
11810,0.5261527895927429
11811,0.5808056592941284
11812,0.5120112895965576
11813,0.2885248064994812
11814,0.4647389352321625
11815,0.3704491853713989
11816,0.4956148564815521
11817,0.5147616863250732
11818,0.7671099305152893
11819,0.7292203903198242
11820,0.5240505933761597
11821,0.47498995065689087
11822,0.4693712592124939
11823,0.4737200140953064
11824,0.653606116771698
11825,0.6234922409057617
11826,0.7901126146316528
11827,0.6418030858039856
11828,0.6748234629631042
11829,0.8212618231773376
11830,0.543458104133606
11831,0.2920711934566498
11832,0.45619410276412964
11833,0.6811113357543945
11834,0.3803711533546448
11835,0.6456993222236633
11836,0.4587908387184143
11837,0.3589029908180237
11838,0.7985197305679321
11839,0.5893179178237915
11840,0.525891900062561
11841,0.3951246738433838
11842,0.48341667652130127
11843,0.8148139715194702
11844,0.45220714807510376
11845,0.25874802470207214
11846,0.6115542054176331
11847,0.5037919282913208
11848,0.28868743777275085
11849,0.7671196460723877
11850,0.6439835429191589
11851,0.5315128564834595
11852,0.16295655071735382
11853,0.6834407448768616
11854,0.3092171251773834
11855,0.193266361951828
11856,0.5499157905578613
11857,0.7038726210594177
11858,0.7972651124000549
11859,0.625191330909729
11860,0.32503920793533325
11861,0.2896903157234192
11862,0.31547585129737854
11863,0.3712040185928345
11864,0.5566441416740417
11865,0.603034257888794
11866,0.24072901904582977
11867,0.4944092631340027
11868,0.1958921104669571
11869,0.6932513117790222
11870,0.6807904243469238
11871,0.41930317878723145
11872,0.31180906295776367
11873,0.26078855991363525
11874,0.23088322579860687
11875,0.4210793375968933
11876,0.5052705407142639
11877,0.5603757500648499
11878,0.8331732153892517
11879,0.26955169439315796
11880,0.5664300918579102
11881,0.38202208280563354
11882,0.8062546253204346
11883,0.34526926279067993
11884,0.7588174939155579
11885,0.38841456174850464
11886,0.16844582557678223
11887,0.38893043994903564
11888,0.6203531622886658
11889,0.30632421374320984
11890,0.2562120854854584
11891,0.7156939506530762
11892,0.22784847021102905
11893,0.47701969742774963
11894,0.8341656923294067
11895,0.7968026399612427
11896,0.33816349506378174
11897,0.7936533093452454
11898,0.3030877411365509
11899,0.46239379048347473
11900,0.330058217048645
11901,0.2796149253845215
11902,0.3755585551261902
11903,0.15936075150966644
11904,0.5281813740730286
11905,0.6342772841453552
11906,0.4362599849700928
11907,0.4691237807273865
11908,0.6789631247520447
11909,0.31159260869026184
11910,0.3945753574371338
11911,0.6673477292060852
11912,0.6993266940116882
11913,0.24043461680412292
11914,0.5352954268455505
11915,0.5484611392021179
11916,0.812050998210907
11917,0.8304024934768677
11918,0.42668861150741577
11919,0.6005231738090515
11920,0.35687077045440674
11921,0.19903282821178436
11922,0.7311424016952515
11923,0.21893452107906342
11924,0.6428588032722473
11925,0.429962694644928
11926,0.3395892083644867
11927,0.6379664540290833
11928,0.5341607928276062
11929,0.674883246421814
11930,0.4557732939720154
11931,0.47437816858291626
11932,0.3455084562301636
11933,0.23001788556575775
11934,0.8183243274688721
11935,0.4923574924468994
11936,0.4894418716430664
11937,0.40967121720314026
11938,0.6732926368713379
11939,0.7365369200706482
11940,0.764710009098053
11941,0.39866310358047485
11942,0.40686529874801636
11943,0.2195890098810196
11944,0.40597158670425415
11945,0.20057618618011475
11946,0.4722457528114319
11947,0.4427708387374878
11948,0.46282199025154114
11949,0.5797716975212097
11950,0.8511393070220947
11951,0.7596716284751892
11952,0.3640347719192505
11953,0.7469298243522644
11954,0.7164741158485413
11955,0.4560281038284302
11956,0.5133650302886963
11957,0.4173784852027893
11958,0.6362764835357666
11959,0.5630485415458679
11960,0.7763738036155701
11961,0.5764698386192322
11962,0.5844053626060486
11963,0.7347458004951477
11964,0.5937580466270447
11965,0.7907275557518005
11966,0.8196361660957336
11967,0.6846985220909119
11968,0.5831254124641418
11969,0.7191101312637329
11970,0.48000389337539673
11971,0.4587937593460083
11972,0.7561261653900146
11973,0.6621209979057312
11974,0.33576521277427673
11975,0.7978216409683228
11976,0.4150741696357727
11977,0.37158071994781494
11978,0.6934251189231873
11979,0.7664265036582947
11980,0.49427372217178345
11981,0.6405397057533264
11982,0.785753607749939
11983,0.5803448557853699
11984,0.37783902883529663
11985,0.2845517098903656
11986,0.6073830723762512
11987,0.19424673914909363
11988,0.3640410006046295
11989,0.8141881823539734
11990,0.36564236879348755
11991,0.4280155897140503
11992,0.5217879414558411
11993,0.4961608052253723
11994,0.8364932537078857
11995,0.6481313109397888
11996,0.592803955078125
11997,0.38530200719833374
11998,0.700895369052887
11999,0.3376722037792206
12000,0.397356241941452
12001,0.4918377101421356
12002,0.23276083171367645
12003,0.3354037404060364
12004,0.6050625443458557
12005,0.20855391025543213
12006,0.4323704242706299
12007,0.6270167231559753
12008,0.42328208684921265
12009,0.5073160529136658
12010,0.7119898200035095
12011,0.366416335105896
12012,0.5390333533287048
12013,0.28717729449272156
12014,0.7494572997093201
12015,0.2512513995170593
12016,0.5972453951835632
12017,0.6170647740364075
12018,0.44001245498657227
12019,0.4657272696495056
12020,0.5497409701347351
12021,0.5003618001937866
12022,0.42098909616470337
12023,0.30925971269607544
12024,0.3092181086540222
12025,0.5114662647247314
12026,0.4030626714229584
12027,0.3874785304069519
12028,0.633422315120697
12029,0.4601668417453766
12030,0.5830609202384949
12031,0.3905898332595825
12032,0.5461186766624451
12033,0.28176844120025635
12034,0.4036239981651306
12035,0.5628369450569153
12036,0.43578603863716125
12037,0.7502346634864807
12038,0.5991341471672058
12039,0.8211165070533752
12040,0.7267246246337891
12041,0.3919525146484375
12042,0.36020007729530334
12043,0.6176846623420715
12044,0.3164363205432892
12045,0.6446644067764282
12046,0.391727089881897
12047,0.19773215055465698
12048,0.5637714862823486
12049,0.5910224914550781
12050,0.3320681154727936
12051,0.5614733695983887
12052,0.8107432723045349
12053,0.2961682677268982
12054,0.36861979961395264
12055,0.5340030193328857
12056,0.667314887046814
12057,0.6547509431838989
12058,0.37537166476249695
12059,0.5939435362815857
12060,0.26276347041130066
12061,0.33980047702789307
12062,0.600601315498352
12063,0.5572563409805298
12064,0.38033533096313477
12065,0.39873284101486206
12066,0.2303076982498169
12067,0.25625404715538025
12068,0.7329058647155762
12069,0.43292683362960815
12070,0.5776634812355042
12071,0.5329442024230957
12072,0.5200844407081604
12073,0.48022785782814026
12074,0.3887295424938202
12075,0.5390896201133728
12076,0.4995960593223572
12077,0.37041425704956055
12078,0.4723435938358307
12079,0.32318413257598877
12080,0.39668068289756775
12081,0.37897592782974243
12082,0.511442244052887
12083,0.3003256320953369
12084,0.7627526521682739
12085,0.6938254237174988
12086,0.5201210975646973
12087,0.2289227545261383
12088,0.6485907435417175
12089,0.6108923554420471
12090,0.8292986750602722
12091,0.22083745896816254
12092,0.5371495485305786
12093,0.7121284008026123
12094,0.5057879686355591
12095,0.37716054916381836
12096,0.5049629807472229
12097,0.25591954588890076
12098,0.3991054892539978
12099,0.8307721614837646
12100,0.7533184289932251
12101,0.6695759892463684
12102,0.7801111936569214
12103,0.5973839163780212
12104,0.6560091972351074
12105,0.35828718543052673
12106,0.5650734305381775
12107,0.4605090022087097
12108,0.34701859951019287
12109,0.603881299495697
12110,0.3101639151573181
12111,0.17922943830490112
12112,0.6183697581291199
12113,0.40683937072753906
12114,0.6992461085319519
12115,0.2586832642555237
12116,0.7081882953643799
12117,0.7430128455162048
12118,0.7360778450965881
12119,0.3432624936103821
12120,0.45048192143440247
12121,0.37323278188705444
12122,0.44949865341186523
12123,0.8311617970466614
12124,0.5283092856407166
12125,0.43616360425949097
12126,0.34078145027160645
12127,0.7414095401763916
12128,0.19399310648441315
12129,0.36335450410842896
12130,0.3897433876991272
12131,0.2732388377189636
12132,0.431735634803772
12133,0.4546690285205841
12134,0.29526033997535706
12135,0.5604469180107117
12136,0.6688442826271057
12137,0.6832942366600037
12138,0.43034183979034424
12139,0.23562127351760864
12140,0.6202340722084045
12141,0.7967743873596191
12142,0.5217795372009277
12143,0.6198176741600037
12144,0.761336624622345
12145,0.5435999035835266
12146,0.7479239106178284
12147,0.4678340554237366
12148,0.332331120967865
12149,0.6353921890258789
12150,0.33200663328170776
12151,0.3626105785369873
12152,0.373433381319046
12153,0.6965464949607849
12154,0.6973957419395447
12155,0.5558274984359741
12156,0.519346296787262
12157,0.7735248804092407
12158,0.5581628084182739
12159,0.4009711742401123
12160,0.5446678400039673
12161,0.4224487543106079
12162,0.30268752574920654
12163,0.4737412929534912
12164,0.5751063227653503
12165,0.43984854221343994
12166,0.8167620301246643
12167,0.5687187314033508
12168,0.3813213109970093
12169,0.7123774290084839
12170,0.8141984343528748
12171,0.7466168403625488
12172,0.5971619486808777
12173,0.3393251299858093
12174,0.3055369257926941
12175,0.641465425491333
12176,0.45479685068130493
12177,0.48731300234794617
12178,0.244564026594162
12179,0.4828174412250519
12180,0.7546036839485168
12181,0.6648539900779724
12182,0.6798279881477356
12183,0.4994205832481384
12184,0.4164331555366516
12185,0.5576612949371338
12186,0.7366127967834473
12187,0.6571518778800964
12188,0.5022686123847961
12189,0.7519193291664124
12190,0.7089909911155701
12191,0.2626515328884125
12192,0.8402206897735596
12193,0.45501428842544556
12194,0.3721453845500946
12195,0.2647464871406555
12196,0.6005071997642517
12197,0.637063205242157
12198,0.36014243960380554
12199,0.48580050468444824
12200,0.2408296763896942
12201,0.6156915426254272
12202,0.7244484424591064
12203,0.8280531167984009
12204,0.3314312994480133
12205,0.35365572571754456
12206,0.4015331268310547
12207,0.48959121108055115
12208,0.7432959079742432
12209,0.45270270109176636
12210,0.2571293115615845
12211,0.2272096574306488
12212,0.7599466443061829
12213,0.574299156665802
12214,0.6822307705879211
12215,0.5115424394607544
12216,0.5832342505455017
12217,0.8032849431037903
12218,0.618739902973175
12219,0.4927438199520111
12220,0.6109820008277893
12221,0.45266368985176086
12222,0.5106623768806458
12223,0.6986021995544434
12224,0.6964100003242493
12225,0.44705522060394287
12226,0.6290531158447266
12227,0.47448939085006714
12228,0.488414466381073
12229,0.6611838936805725
12230,0.46947604417800903
12231,0.3932671546936035
12232,0.42987000942230225
12233,0.3761513829231262
12234,0.46826890110969543
12235,0.5187456607818604
12236,0.7592048048973083
12237,0.2000608891248703
12238,0.4970526099205017
12239,0.5286423563957214
12240,0.5161190032958984
12241,0.672474205493927
12242,0.5028577446937561
12243,0.6404312252998352
12244,0.5948449969291687
12245,0.2201606035232544
12246,0.7039516568183899
12247,0.5961980223655701
12248,0.519304633140564
12249,0.7357568144798279
12250,0.3623836040496826
12251,0.42474812269210815
12252,0.5014887452125549
12253,0.6755502223968506
12254,0.5390462279319763
12255,0.4158779978752136
12256,0.5558611750602722
12257,0.829535186290741
12258,0.24129749834537506
12259,0.6420741677284241
12260,0.2513538897037506
12261,0.36893561482429504
12262,0.213844895362854
12263,0.6099548935890198
12264,0.5056753158569336
12265,0.6112520098686218
12266,0.6392841935157776
12267,0.5363892316818237
12268,0.2603657841682434
12269,0.23263366520404816
12270,0.8288059830665588
12271,0.7582722306251526
12272,0.6771070957183838
12273,0.641528308391571
12274,0.27869266271591187
12275,0.6969994306564331
12276,0.5163193941116333
12277,0.3833562731742859
12278,0.5868070721626282
12279,0.39487147331237793
12280,0.2723817229270935
12281,0.19780603051185608
12282,0.5150102972984314
12283,0.7436599135398865
12284,0.7029856443405151
12285,0.520739734172821
12286,0.531134307384491
12287,0.5431261658668518
12288,0.5982491970062256
12289,0.5538632869720459
12290,0.43406957387924194
12291,0.4606907367706299
12292,0.563132107257843
12293,0.7207636833190918
12294,0.5735721588134766
12295,0.6425225138664246
12296,0.20948898792266846
12297,0.4797588884830475
12298,0.3590009808540344
12299,0.2563535273075104
12300,0.7050371766090393
12301,0.22082434594631195
12302,0.395143985748291
12303,0.8075315356254578
12304,0.3294816315174103
12305,0.6458153128623962
12306,0.6585455536842346
12307,0.43957048654556274
12308,0.5290118455886841
12309,0.3324715495109558
12310,0.7240108251571655
12311,0.43350350856781006
12312,0.5661802887916565
12313,0.6122098565101624
12314,0.44717416167259216
12315,0.6979830861091614
12316,0.4460288882255554
12317,0.5093046426773071
12318,0.7734156847000122
12319,0.4012468755245209
12320,0.5484156012535095
12321,0.8031815886497498
12322,0.5138989090919495
12323,0.4197217524051666
12324,0.7855045795440674
12325,0.8310868740081787
12326,0.6748883128166199
12327,0.6693694591522217
12328,0.45876145362854004
12329,0.40811559557914734
12330,0.4335740804672241
12331,0.41145986318588257
12332,0.5532044768333435
12333,0.5822903513908386
12334,0.5602864027023315
12335,0.804117739200592
12336,0.6775798201560974
12337,0.6710803508758545
12338,0.5603824257850647
12339,0.5858296155929565
12340,0.25010910630226135
12341,0.21249614655971527
12342,0.6740666031837463
12343,0.5463241934776306
12344,0.41992467641830444
12345,0.3394635319709778
12346,0.45430946350097656
12347,0.30423593521118164
12348,0.6976788640022278
12349,0.40529149770736694
12350,0.6817106604576111
12351,0.6498871445655823
12352,0.5357316136360168
12353,0.380778968334198
12354,0.16522017121315002
12355,0.8250014781951904
12356,0.6450559496879578
12357,0.29565539956092834
12358,0.30292415618896484
12359,0.3216732442378998
12360,0.5480009317398071
12361,0.41530901193618774
12362,0.6963620781898499
12363,0.5542376637458801
12364,0.7352403998374939
12365,0.8140537142753601
12366,0.4262331426143646
12367,0.7048922181129456
12368,0.5824302434921265
12369,0.7463101744651794
12370,0.49466434121131897
12371,0.634292483329773
12372,0.2389976978302002
12373,0.7643439173698425
12374,0.3348875939846039
12375,0.8146862387657166
12376,0.7969129681587219
12377,0.3088277578353882
12378,0.4082818627357483
12379,0.7589754462242126
12380,0.588456392288208
12381,0.3789306879043579
12382,0.38377809524536133
12383,0.26238375902175903
12384,0.640769362449646
12385,0.44306549429893494
12386,0.5357639193534851
12387,0.3391752541065216
12388,0.3730888366699219
12389,0.7116838097572327
12390,0.6340197920799255
12391,0.7377085089683533
12392,0.699063241481781
12393,0.6540337204933167
12394,0.4307389259338379
12395,0.641211748123169
12396,0.41971296072006226
12397,0.4815515875816345
12398,0.3908849358558655
12399,0.26509904861450195
12400,0.3871895670890808
12401,0.520440399646759
12402,0.645350456237793
12403,0.48880940675735474
12404,0.6692090034484863
12405,0.3214414715766907
12406,0.24037699401378632
12407,0.680081307888031
12408,0.7123653888702393
12409,0.5183365345001221
12410,0.23557431995868683
12411,0.6508253812789917
12412,0.3738766312599182
12413,0.387535035610199
12414,0.49081793427467346
12415,0.5645851492881775
12416,0.3802412450313568
12417,0.7805208563804626
12418,0.7797771096229553
12419,0.5881993770599365
12420,0.17631112039089203
12421,0.3580425977706909
12422,0.5181552767753601
12423,0.4973231554031372
12424,0.43859386444091797
12425,0.792052686214447
12426,0.687732994556427
12427,0.35901373624801636
12428,0.23716866970062256
12429,0.4978039264678955
12430,0.45868346095085144
12431,0.7961947321891785
12432,0.49163132905960083
12433,0.40218842029571533
12434,0.27345597743988037
12435,0.749692440032959
12436,0.5328633785247803
12437,0.652836799621582
12438,0.4145818054676056
12439,0.5628780126571655
12440,0.44626307487487793
12441,0.5116498470306396
12442,0.7255558371543884
12443,0.7946754097938538
12444,0.6387675404548645
12445,0.22064682841300964
12446,0.6508349776268005
12447,0.3969275653362274
12448,0.7281890511512756
12449,0.501026451587677
12450,0.6831766366958618
12451,0.5695769190788269
12452,0.4988279640674591
12453,0.3468130826950073
12454,0.2507377564907074
12455,0.30307748913764954
12456,0.5208023190498352
12457,0.7146854996681213
12458,0.24182051420211792
12459,0.7779554724693298
12460,0.60890132188797
12461,0.19126828014850616
12462,0.7780436277389526
12463,0.8353109955787659
12464,0.23913654685020447
12465,0.834522545337677
12466,0.554575502872467
12467,0.20493191480636597
12468,0.606893002986908
12469,0.8231284618377686
12470,0.5352726578712463
12471,0.4242561459541321
12472,0.6932783722877502
12473,0.26724788546562195
12474,0.827053427696228
12475,0.5038310289382935
12476,0.39226439595222473
12477,0.3165525496006012
12478,0.7089178562164307
12479,0.4101511538028717
12480,0.3728732466697693
12481,0.4944959580898285
12482,0.7417420744895935
12483,0.43899065256118774
12484,0.43971920013427734
12485,0.30287599563598633
12486,0.42722615599632263
12487,0.7743843197822571
12488,0.21429835259914398
12489,0.4031679034233093
12490,0.7657000422477722
12491,0.45215940475463867
12492,0.3638266324996948
12493,0.28027698397636414
12494,0.6773000955581665
12495,0.6672974824905396
12496,0.643890917301178
12497,0.5502117276191711
12498,0.40856054425239563
12499,0.3014308214187622
12500,0.3903900980949402
12501,0.5116891264915466
12502,0.5497212409973145
12503,0.4174649119377136
12504,0.65090411901474
12505,0.21575497090816498
12506,0.33402374386787415
12507,0.21572710573673248
12508,0.2904500961303711
12509,0.4786694049835205
12510,0.27824297547340393
12511,0.5276507139205933
12512,0.7718529105186462
12513,0.47415488958358765
12514,0.5309577584266663
12515,0.5244287252426147
12516,0.45612961053848267
12517,0.40341222286224365
12518,0.8463979363441467
12519,0.3854568600654602
12520,0.32276690006256104
12521,0.22266735136508942
12522,0.5414894223213196
12523,0.5219789147377014
12524,0.26137739419937134
12525,0.4920506477355957
12526,0.7458935379981995
12527,0.5669971108436584
12528,0.724952220916748
12529,0.4965335726737976
12530,0.5361542105674744
12531,0.530549943447113
12532,0.3518144488334656
12533,0.2671433687210083
12534,0.75835782289505
12535,0.39559459686279297
12536,0.7160181999206543
12537,0.30206701159477234
12538,0.7485923767089844
12539,0.6398524045944214
12540,0.3497196435928345
12541,0.2581542432308197
12542,0.3190736770629883
12543,0.543586790561676
12544,0.5448921322822571
12545,0.23219487071037292
12546,0.6512648463249207
12547,0.46835845708847046
12548,0.40282633900642395
12549,0.3930593729019165
12550,0.29570111632347107
12551,0.47084081172943115
12552,0.49032172560691833
12553,0.27062422037124634
12554,0.34908053278923035
12555,0.23866619169712067
12556,0.5548654794692993
12557,0.5600975155830383
12558,0.7328224182128906
12559,0.5312137007713318
12560,0.8191869854927063
12561,0.7237651944160461
12562,0.7490814924240112
12563,0.7737694382667542
12564,0.7851110696792603
12565,0.7027522325515747
12566,0.583160936832428
12567,0.6131284832954407
12568,0.35311615467071533
12569,0.5444017648696899
12570,0.5607581734657288
12571,0.6378467082977295
12572,0.5152329206466675
12573,0.29425233602523804
12574,0.5176057815551758
12575,0.382773220539093
12576,0.6704550385475159
12577,0.43252360820770264
12578,0.2576274275779724
12579,0.34529703855514526
12580,0.4337258040904999
12581,0.3845147490501404
12582,0.6249554753303528
12583,0.36197054386138916
12584,0.36913537979125977
12585,0.5629749894142151
12586,0.5817674994468689
12587,0.8089360594749451
12588,0.5266770720481873
12589,0.6749091744422913
12590,0.33640509843826294
12591,0.2437833994626999
12592,0.4609757959842682
12593,0.37258630990982056
12594,0.23931501805782318
12595,0.3867526948451996
12596,0.24331039190292358
12597,0.42926061153411865
12598,0.21210575103759766
12599,0.4111412763595581
12600,0.7139353156089783
12601,0.8145084977149963
12602,0.5711494088172913
12603,0.4395310580730438
12604,0.8054230809211731
12605,0.32108592987060547
12606,0.7560294270515442
12607,0.21954207122325897
12608,0.8320963978767395
12609,0.8360093235969543
12610,0.19843262434005737
12611,0.2773415446281433
12612,0.6985811591148376
12613,0.7287883162498474
12614,0.6832728981971741
12615,0.68062424659729
12616,0.24149182438850403
12617,0.6177844405174255
12618,0.32094335556030273
12619,0.7845950126647949
12620,0.8237302899360657
12621,0.8151405453681946
12622,0.8216243982315063
12623,0.7269901037216187
12624,0.8000721335411072
12625,0.5596243739128113
12626,0.7252424359321594
12627,0.4441717565059662
12628,0.5613528490066528
12629,0.42691290378570557
12630,0.3673402667045593
12631,0.20700177550315857
12632,0.3435763716697693
12633,0.4153470993041992
12634,0.3835843801498413
12635,0.6593578457832336
12636,0.4704016447067261
12637,0.47641128301620483
12638,0.5506676435470581
12639,0.5385424494743347
12640,0.40855497121810913
12641,0.3683755397796631
12642,0.408647358417511
12643,0.5312746167182922
12644,0.5071162581443787
12645,0.4372333288192749
12646,0.5592674612998962
12647,0.22376702725887299
12648,0.49811887741088867
12649,0.17377710342407227
12650,0.8217406272888184
12651,0.3556097149848938
12652,0.40245240926742554
12653,0.26206856966018677
12654,0.5756818652153015
12655,0.2537441849708557
12656,0.30873599648475647
12657,0.7761906385421753
12658,0.6978662014007568
12659,0.5049628615379333
12660,0.7682452201843262
12661,0.5316869616508484
12662,0.5750635862350464
12663,0.5379772782325745
12664,0.4766989052295685
12665,0.7800125479698181
12666,0.32722920179367065
12667,0.20997503399848938
12668,0.3847786784172058
12669,0.4479941725730896
12670,0.5611127018928528
12671,0.7474905252456665
12672,0.7486914992332458
12673,0.3772433400154114
12674,0.4624125361442566
12675,0.6215710043907166
12676,0.3909018039703369
12677,0.492759644985199
12678,0.21171605587005615
12679,0.7276850938796997
12680,0.6847975254058838
12681,0.2612643241882324
12682,0.48972952365875244
12683,0.3844546675682068
12684,0.47669583559036255
12685,0.6396734714508057
12686,0.7404515147209167
12687,0.46991032361984253
12688,0.8172519207000732
12689,0.6303732395172119
12690,0.7488277554512024
12691,0.6721439361572266
12692,0.45571833848953247
12693,0.21356523036956787
12694,0.43221110105514526
12695,0.7972139716148376
12696,0.6081271767616272
12697,0.5661011934280396
12698,0.3216225504875183
12699,0.47613972425460815
12700,0.7040109634399414
12701,0.6795634031295776
12702,0.35244274139404297
12703,0.6714449524879456
12704,0.5157586336135864
12705,0.4271044135093689
12706,0.7846992015838623
12707,0.5985992550849915
12708,0.394845187664032
12709,0.18919527530670166
12710,0.515831470489502
12711,0.3603551387786865
12712,0.7721257209777832
12713,0.6289164423942566
12714,0.4359123110771179
12715,0.83713299036026
12716,0.676324725151062
12717,0.7922565340995789
12718,0.567233681678772
12719,0.7557999491691589
12720,0.39823004603385925
12721,0.6667327284812927
12722,0.27127593755722046
12723,0.7702242732048035
12724,0.28753313422203064
12725,0.5334955453872681
12726,0.5947900414466858
12727,0.421281099319458
12728,0.24477988481521606
12729,0.3303319811820984
12730,0.6893166899681091
12731,0.44295448064804077
12732,0.5251671671867371
12733,0.7048887610435486
12734,0.23660072684288025
12735,0.5314525961875916
12736,0.6405903697013855
12737,0.4639926850795746
12738,0.5054958462715149
12739,0.5607011914253235
12740,0.625545084476471
12741,0.3671567142009735
12742,0.667076826095581
12743,0.40267235040664673
12744,0.6044949293136597
12745,0.29528623819351196
12746,0.37847235798835754
12747,0.5232835412025452
12748,0.26919540762901306
12749,0.7545987367630005
12750,0.7974811792373657
12751,0.7985628247261047
12752,0.525881826877594
12753,0.5110642313957214
12754,0.20099839568138123
12755,0.3786693215370178
12756,0.6153897643089294
12757,0.8146582245826721
12758,0.5228573679924011
12759,0.23665496706962585
12760,0.44321948289871216
12761,0.36141932010650635
12762,0.4274400472640991
12763,0.5947884321212769
12764,0.7681803107261658
12765,0.3090403079986572
12766,0.5958924889564514
12767,0.24122357368469238
12768,0.2027113288640976
12769,0.7057196497917175
12770,0.21339203417301178
12771,0.5207139849662781
12772,0.42134833335876465
12773,0.8009694218635559
12774,0.535621702671051
12775,0.5393544435501099
12776,0.4393724203109741
12777,0.7067168354988098
12778,0.4726639986038208
12779,0.7506048083305359
12780,0.7064002752304077
12781,0.3573944568634033
12782,0.5126161575317383
12783,0.44741687178611755
12784,0.7018163204193115
12785,0.2969885468482971
12786,0.639177143573761
12787,0.8112388849258423
12788,0.7906855940818787
12789,0.46397560834884644
12790,0.6927056908607483
12791,0.4025743901729584
12792,0.6386004090309143
12793,0.754429042339325
12794,0.801539421081543
12795,0.42748817801475525
12796,0.7625790238380432
12797,0.35410141944885254
12798,0.3723578453063965
12799,0.24686266481876373
12800,0.7761167287826538
12801,0.5442021489143372
12802,0.4484213590621948
12803,0.6745173335075378
12804,0.8423689007759094
12805,0.4889375865459442
12806,0.47465944290161133
12807,0.2542808949947357
12808,0.29586461186408997
12809,0.6349602937698364
12810,0.4973079562187195
12811,0.4982755780220032
12812,0.2905815839767456
12813,0.4927977919578552
12814,0.4057614803314209
12815,0.4492684602737427
12816,0.6493873000144958
12817,0.5625773072242737
12818,0.41415032744407654
12819,0.42151105403900146
12820,0.8003241419792175
12821,0.8045276999473572
12822,0.3594786822795868
12823,0.30140188336372375
12824,0.6671919822692871
12825,0.8211072087287903
12826,0.5474783182144165
12827,0.5693246722221375
12828,0.5076567530632019
12829,0.37765446305274963
12830,0.6118709444999695
12831,0.3789166212081909
12832,0.8035961985588074
12833,0.6063074469566345
12834,0.5253835320472717
12835,0.27769210934638977
12836,0.5130658149719238
12837,0.446041464805603
12838,0.475085973739624
12839,0.28044193983078003
12840,0.5705333352088928
12841,0.5351976156234741
12842,0.8223070502281189
12843,0.4979260563850403
12844,0.6445924639701843
12845,0.33181387186050415
12846,0.48022305965423584
12847,0.4270171523094177
12848,0.44596418738365173
12849,0.5680996775627136
12850,0.6137723922729492
12851,0.20483627915382385
12852,0.7432042956352234
12853,0.7262850999832153
12854,0.3136308193206787
12855,0.8171560168266296
12856,0.5272833108901978
12857,0.342456191778183
12858,0.33486324548721313
12859,0.35494405031204224
12860,0.6277316212654114
12861,0.8263598680496216
12862,0.7302612662315369
12863,0.37657031416893005
12864,0.4611636996269226
12865,0.5538150072097778
12866,0.7883588671684265
12867,0.5892782211303711
12868,0.7297526001930237
12869,0.4454764127731323
12870,0.4167020320892334
12871,0.4225183129310608
12872,0.5611029863357544
12873,0.557766318321228
12874,0.5384910702705383
12875,0.552162230014801
12876,0.30128300189971924
12877,0.34646421670913696
12878,0.821356475353241
12879,0.6992895603179932
12880,0.25038230419158936
12881,0.357150673866272
12882,0.5094539523124695
12883,0.4418421685695648
12884,0.7130820751190186
12885,0.7151675820350647
12886,0.20229628682136536
12887,0.6247454881668091
12888,0.29872769117355347
12889,0.47625207901000977
12890,0.43376994132995605
12891,0.6526899933815002
12892,0.6117948293685913
12893,0.7403412461280823
12894,0.4019130766391754
12895,0.5763410329818726
12896,0.6868556141853333
12897,0.8193333745002747
12898,0.452195405960083
12899,0.8287532329559326
12900,0.26732754707336426
12901,0.5540075898170471
12902,0.18593677878379822
12903,0.38127535581588745
12904,0.175749272108078
12905,0.47135335206985474
12906,0.7133890390396118
12907,0.6851721405982971
12908,0.7112792134284973
12909,0.3511975109577179
12910,0.3921154737472534
12911,0.23984985053539276
12912,0.42162320017814636
12913,0.692138671875
12914,0.3916088938713074
12915,0.35260850191116333
12916,0.4675021767616272
12917,0.2874566912651062
12918,0.4342133700847626
12919,0.599216639995575
12920,0.42204731702804565
12921,0.21322417259216309
12922,0.501542866230011
12923,0.38882866501808167
12924,0.8332024216651917
12925,0.4579121768474579
12926,0.4409753084182739
12927,0.5523043274879456
12928,0.7097074389457703
12929,0.7246208786964417
12930,0.6663645505905151
12931,0.5643766522407532
12932,0.4869615435600281
12933,0.7018995881080627
12934,0.6635263562202454
12935,0.29636162519454956
12936,0.5875003337860107
12937,0.4875296354293823
12938,0.5688185691833496
12939,0.5149450898170471
12940,0.43639349937438965
12941,0.5326244235038757
12942,0.7368713021278381
12943,0.2614797353744507
12944,0.303236722946167
12945,0.21343961358070374
12946,0.77830970287323
12947,0.45932549238204956
12948,0.26830732822418213
12949,0.2667877674102783
12950,0.6315647959709167
12951,0.5391485095024109
12952,0.5473725199699402
12953,0.7447965145111084
12954,0.632953405380249
12955,0.38705551624298096
12956,0.3967200517654419
12957,0.8235053420066833
12958,0.6304976344108582
12959,0.3227109909057617
12960,0.18669778108596802
12961,0.47622326016426086
12962,0.46560001373291016
12963,0.8220576047897339
12964,0.3855934143066406
12965,0.35946574807167053
12966,0.16867955029010773
12967,0.5921974182128906
12968,0.35347825288772583
12969,0.46702343225479126
12970,0.22031977772712708
12971,0.6756435036659241
12972,0.3607597351074219
12973,0.23874732851982117
12974,0.48438167572021484
12975,0.7633569836616516
12976,0.5870049595832825
12977,0.349325954914093
12978,0.5210278034210205
12979,0.3489503860473633
12980,0.504254937171936
12981,0.6664527058601379
12982,0.21538639068603516
12983,0.801196277141571
12984,0.7427790760993958
12985,0.41307133436203003
12986,0.3407440185546875
12987,0.5460646748542786
12988,0.6370297074317932
12989,0.5302428603172302
12990,0.8059662580490112
12991,0.41531091928482056
12992,0.3267862796783447
12993,0.7464211583137512
12994,0.2545418441295624
12995,0.7617165446281433
12996,0.5597670674324036
12997,0.4642561078071594
12998,0.6861384510993958
12999,0.6420419812202454
13000,0.7365632653236389
13001,0.2802889347076416
13002,0.392017126083374
13003,0.7211310267448425
13004,0.6202543377876282
13005,0.43931281566619873
13006,0.4916306138038635
13007,0.29995375871658325
13008,0.42019814252853394
13009,0.5049854516983032
13010,0.4838448166847229
13011,0.22972658276557922
13012,0.5283939242362976
13013,0.32390260696411133
13014,0.8163783550262451
13015,0.44735389947891235
13016,0.47703269124031067
13017,0.668252170085907
13018,0.5227842926979065
13019,0.40508586168289185
13020,0.773027777671814
13021,0.42354679107666016
13022,0.50971519947052
13023,0.7424865365028381
13024,0.4855842888355255
13025,0.6884632706642151
13026,0.7730268836021423
13027,0.4985058903694153
13028,0.6080259680747986
13029,0.6656253337860107
13030,0.256112277507782
13031,0.5097295641899109
13032,0.22489047050476074
13033,0.4657977819442749
13034,0.4036238193511963
13035,0.5285335183143616
13036,0.4284467101097107
13037,0.20379415154457092
13038,0.5638565421104431
13039,0.8280426263809204
13040,0.23357242345809937
13041,0.8348985910415649
13042,0.4100415110588074
13043,0.2923964858055115
13044,0.45330771803855896
13045,0.763889729976654
13046,0.7220656275749207
13047,0.555155336856842
13048,0.44581952691078186
13049,0.6341720223426819
13050,0.3215833902359009
13051,0.3257761597633362
13052,0.7193987965583801
13053,0.6802961230278015
13054,0.42922210693359375
13055,0.5473644733428955
13056,0.7639619708061218
13057,0.6520524621009827
13058,0.7790881991386414
13059,0.7165194749832153
13060,0.6266079545021057
13061,0.6982169151306152
13062,0.27370408177375793
13063,0.6753941178321838
13064,0.2741420567035675
13065,0.8200832009315491
13066,0.8175564408302307
13067,0.49949854612350464
13068,0.2763276696205139
13069,0.35853657126426697
13070,0.5301882028579712
13071,0.40470659732818604
13072,0.22707049548625946
13073,0.3260008692741394
13074,0.6947670578956604
13075,0.6693865656852722
13076,0.4940316677093506
13077,0.3943254351615906
13078,0.6824397444725037
13079,0.32369986176490784
13080,0.7705234885215759
13081,0.5605489611625671
13082,0.7457131743431091
13083,0.2538224458694458
13084,0.6885274052619934
13085,0.815941572189331
13086,0.7144212126731873
13087,0.52980637550354
13088,0.33675068616867065
13089,0.3078762888908386
13090,0.2781798243522644
13091,0.18238124251365662
13092,0.24140742421150208
13093,0.32822972536087036
13094,0.7573192119598389
13095,0.23093855381011963
13096,0.3236949145793915
13097,0.47116005420684814
13098,0.7094432711601257
13099,0.5523184537887573
13100,0.12490831315517426
13101,0.4004834294319153
13102,0.5748201012611389
13103,0.7233899235725403
13104,0.5276514291763306
13105,0.36812448501586914
13106,0.7778651714324951
13107,0.4361949563026428
13108,0.41024720668792725
13109,0.367140531539917
13110,0.577003538608551
13111,0.4956285357475281
13112,0.5586043000221252
13113,0.5294328331947327
13114,0.7064546346664429
13115,0.5390889644622803
13116,0.20187640190124512
13117,0.44753867387771606
13118,0.40546053647994995
13119,0.7194628715515137
13120,0.48243170976638794
13121,0.4767267107963562
13122,0.6414962410926819
13123,0.6263890862464905
13124,0.7594714164733887
13125,0.8389561176300049
13126,0.6143321394920349
13127,0.5038343667984009
13128,0.5283586978912354
13129,0.5353049635887146
13130,0.6868252158164978
13131,0.3631933331489563
13132,0.42380374670028687
13133,0.5357829928398132
13134,0.7257716655731201
13135,0.5396201014518738
13136,0.5859599113464355
13137,0.6336595416069031
13138,0.793119490146637
13139,0.334430456161499
13140,0.2606526017189026
13141,0.63289874792099
13142,0.4214930832386017
13143,0.5421232581138611
13144,0.7258651852607727
13145,0.345365434885025
13146,0.5729817748069763
13147,0.6926135420799255
13148,0.25378280878067017
13149,0.6320199370384216
13150,0.6771579384803772
13151,0.4531031847000122
13152,0.5942100882530212
13153,0.6927329897880554
13154,0.8274354338645935
13155,0.6235372424125671
13156,0.4453679323196411
13157,0.7036164999008179
13158,0.3861857056617737
13159,0.7134800553321838
13160,0.4855602979660034
13161,0.4973604083061218
13162,0.6324167847633362
13163,0.44469547271728516
13164,0.31983229517936707
13165,0.2959215044975281
13166,0.4983912706375122
13167,0.4385486841201782
13168,0.7306007742881775
13169,0.46984246373176575
13170,0.2603091299533844
13171,0.24248576164245605
13172,0.42362070083618164
13173,0.5340430736541748
13174,0.4442652761936188
13175,0.13635118305683136
13176,0.31993764638900757
13177,0.3011019229888916
13178,0.8127345442771912
13179,0.8334787487983704
13180,0.29372984170913696
13181,0.39225298166275024
13182,0.3758798837661743
13183,0.42869657278060913
13184,0.5757954120635986
13185,0.4831923842430115
13186,0.4097246527671814
13187,0.7525938749313354
13188,0.2207137644290924
13189,0.6117242574691772
13190,0.23046743869781494
13191,0.26809370517730713
13192,0.31013408303260803
13193,0.8109449148178101
13194,0.3785455822944641
13195,0.17688283324241638
13196,0.47235631942749023
13197,0.3467978239059448
13198,0.5197951793670654
13199,0.16375496983528137
13200,0.35314691066741943
13201,0.32486867904663086
13202,0.7728835344314575
13203,0.7510496973991394
13204,0.3013294041156769
13205,0.7970655560493469
13206,0.491388738155365
13207,0.4563423991203308
13208,0.7249719500541687
13209,0.712496280670166
13210,0.5016446709632874
13211,0.4738682508468628
13212,0.8178853988647461
13213,0.47617071866989136
13214,0.7660201191902161
13215,0.4685481786727905
13216,0.33541327714920044
13217,0.8251545429229736
13218,0.3416970372200012
13219,0.7142152190208435
13220,0.7246704697608948
13221,0.5495370030403137
13222,0.7776899933815002
13223,0.5334235429763794
13224,0.39949119091033936
13225,0.553808867931366
13226,0.5752731561660767
13227,0.8259705901145935
13228,0.5171051621437073
13229,0.33301717042922974
13230,0.23012171685695648
13231,0.3187407851219177
13232,0.6375975012779236
13233,0.5211852788925171
13234,0.5851936340332031
13235,0.5493246912956238
13236,0.33436816930770874
13237,0.18864627182483673
13238,0.43262094259262085
13239,0.8286831378936768
13240,0.8035959005355835
13241,0.2667325735092163
13242,0.408194363117218
13243,0.36444246768951416
13244,0.7877493500709534
13245,0.6312510967254639
13246,0.5775260925292969
13247,0.3271244764328003
13248,0.48111212253570557
13249,0.44653433561325073
13250,0.7321963906288147
13251,0.6035565733909607
13252,0.5618481040000916
13253,0.539723813533783
13254,0.5890848636627197
13255,0.7143579125404358
13256,0.4231606721878052
13257,0.5093143582344055
13258,0.6533141732215881
13259,0.46069493889808655
13260,0.23764267563819885
13261,0.5250136256217957
13262,0.5335662961006165
13263,0.5755065083503723
13264,0.17096498608589172
13265,0.6432785987854004
13266,0.5254183411598206
13267,0.7056652903556824
13268,0.5280361771583557
13269,0.8281835913658142
13270,0.45702874660491943
13271,0.4941699504852295
13272,0.5359112024307251
13273,0.38043874502182007
13274,0.6826733350753784
13275,0.46970847249031067
13276,0.28793448209762573
13277,0.40965354442596436
13278,0.6050776243209839
13279,0.788175642490387
13280,0.47176283597946167
13281,0.3846520185470581
13282,0.6900008320808411
13283,0.4593726694583893
13284,0.41293421387672424
13285,0.35728365182876587
13286,0.20779162645339966
13287,0.4157785177230835
13288,0.7128588557243347
13289,0.6141707301139832
13290,0.766296923160553
13291,0.2956721782684326
13292,0.5136898159980774
13293,0.7150677442550659
13294,0.43406665325164795
13295,0.42190057039260864
13296,0.24677544832229614
13297,0.737049400806427
13298,0.6320543885231018
13299,0.6799191236495972
13300,0.5184867978096008
13301,0.8046541810035706
13302,0.6325978636741638
13303,0.3779471516609192
13304,0.5339593291282654
13305,0.35078293085098267
13306,0.31317830085754395
13307,0.7290669679641724
13308,0.352521151304245
13309,0.5162876844406128
13310,0.1930762231349945
13311,0.45104867219924927
13312,0.36518603563308716
13313,0.44649747014045715
13314,0.5569190382957458
13315,0.6953607201576233
13316,0.5698947310447693
13317,0.5593599677085876
13318,0.40863823890686035
13319,0.766659140586853
13320,0.6621920466423035
13321,0.567354679107666
13322,0.6821593642234802
13323,0.35840946435928345
13324,0.21100744605064392
13325,0.2952573895454407
13326,0.39983487129211426
13327,0.3908771276473999
13328,0.684882640838623
13329,0.3701289892196655
13330,0.4296795725822449
13331,0.2926095128059387
13332,0.46307921409606934
13333,0.7768077254295349
13334,0.3090503215789795
13335,0.4662075936794281
13336,0.6170962452888489
13337,0.3432248830795288
13338,0.22986990213394165
13339,0.562999963760376
13340,0.33220213651657104
13341,0.5217534303665161
13342,0.5352122187614441
13343,0.502251386642456
13344,0.40173202753067017
13345,0.297363817691803
13346,0.5838775634765625
13347,0.3939811587333679
13348,0.5809261202812195
13349,0.21685408055782318
13350,0.5465942621231079
13351,0.38517284393310547
13352,0.7569560408592224
13353,0.4865029752254486
13354,0.4792488217353821
13355,0.5669397115707397
13356,0.409243106842041
13357,0.6218612790107727
13358,0.4684959650039673
13359,0.5810822248458862
13360,0.3182821273803711
13361,0.38933929800987244
13362,0.48185229301452637
13363,0.6494659781455994
13364,0.45274585485458374
13365,0.43767213821411133
13366,0.7905970811843872
13367,0.4363957643508911
13368,0.793195366859436
13369,0.3799157738685608
13370,0.6266889572143555
13371,0.6057236790657043
13372,0.7855460047721863
13373,0.5565833449363708
13374,0.6746894121170044
13375,0.42845866084098816
13376,0.5413916707038879
13377,0.5616962313652039
13378,0.8193870186805725
13379,0.5155654549598694
13380,0.6843337416648865
13381,0.6161374449729919
13382,0.3981489837169647
13383,0.7824869751930237
13384,0.6198654770851135
13385,0.70110023021698
13386,0.483967125415802
13387,0.5742653012275696
13388,0.2982448935508728
13389,0.7505848407745361
13390,0.49357759952545166
13391,0.33470287919044495
13392,0.7305909991264343
13393,0.4470568597316742
13394,0.182082399725914
13395,0.4308968782424927
13396,0.3587665259838104
13397,0.5460026264190674
13398,0.20041155815124512
13399,0.5529953837394714
13400,0.7145807147026062
13401,0.4052402973175049
13402,0.5526890158653259
13403,0.5828896164894104
13404,0.33882877230644226
13405,0.48282065987586975
13406,0.4759342670440674
13407,0.6647265553474426
13408,0.5592532753944397
13409,0.7823830246925354
13410,0.7974560856819153
13411,0.29997456073760986
13412,0.37590664625167847
13413,0.21939174830913544
13414,0.5412006974220276
13415,0.30646395683288574
13416,0.37245655059814453
13417,0.4113817811012268
13418,0.8382377624511719
13419,0.7743770480155945
13420,0.2228466421365738
13421,0.4295536279678345
13422,0.5242226719856262
13423,0.5659180283546448
13424,0.4741344451904297
13425,0.3290364146232605
13426,0.5030382871627808
13427,0.39035433530807495
13428,0.4714559018611908
13429,0.34008094668388367
13430,0.6443666815757751
13431,0.5130729675292969
13432,0.23296502232551575
13433,0.8053083419799805
13434,0.40748897194862366
13435,0.32411420345306396
13436,0.8324301242828369
13437,0.46102917194366455
13438,0.7097095847129822
13439,0.20652124285697937
13440,0.8301196098327637
13441,0.6809601187705994
13442,0.38203516602516174
13443,0.47336867451667786
13444,0.8403446674346924
13445,0.34951192140579224
13446,0.2844296395778656
13447,0.32328033447265625
13448,0.6350736021995544
13449,0.5094277858734131
13450,0.5546038746833801
13451,0.3876354992389679
13452,0.5760866403579712
13453,0.5647213459014893
13454,0.5473268628120422
13455,0.4787863790988922
13456,0.835165798664093
13457,0.26236557960510254
13458,0.8199489116668701
13459,0.6035141944885254
13460,0.3538687825202942
13461,0.6763453483581543
13462,0.5123292803764343
13463,0.4653555154800415
13464,0.24606771767139435
13465,0.7470847964286804
13466,0.6528993248939514
13467,0.7662360668182373
13468,0.5355371236801147
13469,0.3079225420951843
13470,0.34937912225723267
13471,0.38463735580444336
13472,0.5458490252494812
13473,0.4188326597213745
13474,0.5552157163619995
13475,0.20622041821479797
13476,0.553985059261322
13477,0.5879833698272705
13478,0.24904775619506836
13479,0.3826881945133209
13480,0.2375517040491104
13481,0.7260512709617615
13482,0.6199223399162292
13483,0.38874754309654236
13484,0.7306557893753052
13485,0.6970840096473694
13486,0.4108020067214966
13487,0.38235241174697876
13488,0.4008547067642212
13489,0.6682334542274475
13490,0.4705383777618408
13491,0.48311519622802734
13492,0.7325201630592346
13493,0.42458072304725647
13494,0.3462829291820526
13495,0.31143033504486084
13496,0.44732964038848877
13497,0.5731367468833923
13498,0.5198414325714111
13499,0.21500150859355927
13500,0.6229183673858643
13501,0.7480146288871765
13502,0.4320504665374756
13503,0.5151723027229309
13504,0.5815188884735107
13505,0.7665637731552124
13506,0.5653699636459351
13507,0.7893339991569519
13508,0.5742862224578857
13509,0.4047408103942871
13510,0.45980367064476013
13511,0.3285234570503235
13512,0.56044602394104
13513,0.23447240889072418
13514,0.5813276171684265
13515,0.2225305736064911
13516,0.42451876401901245
13517,0.34569162130355835
13518,0.1923345923423767
13519,0.6905137896537781
13520,0.8113014698028564
13521,0.6152858138084412
13522,0.6799522042274475
13523,0.22295622527599335
13524,0.4221569895744324
13525,0.6431446671485901
13526,0.5366039872169495
13527,0.6656076312065125
13528,0.4809516668319702
13529,0.47305750846862793
13530,0.33375340700149536
13531,0.7335768938064575
13532,0.6674630641937256
13533,0.5187090039253235
13534,0.7591711282730103
13535,0.4981881380081177
13536,0.4940708875656128
13537,0.5016339421272278
13538,0.6847162842750549
13539,0.7932644486427307
13540,0.26850426197052
13541,0.4433855414390564
13542,0.28109586238861084
13543,0.4750251770019531
13544,0.8269657492637634
13545,0.36910220980644226
13546,0.4849684238433838
13547,0.5674981474876404
13548,0.3011321425437927
13549,0.48627611994743347
13550,0.383087694644928
13551,0.6694148182868958
13552,0.4247853755950928
13553,0.5449506640434265
13554,0.693678081035614
13555,0.45068883895874023
13556,0.5597559213638306
13557,0.4867004156112671
13558,0.7825830578804016
13559,0.5378358364105225
13560,0.4207476079463959
13561,0.572737991809845
13562,0.6361425518989563
13563,0.4455660581588745
13564,0.6348463296890259
13565,0.4024119973182678
13566,0.6858092546463013
13567,0.8269492983818054
13568,0.6376709342002869
13569,0.3393464684486389
13570,0.4249744415283203
13571,0.28156793117523193
13572,0.48305991291999817
13573,0.29683125019073486
13574,0.7757548689842224
13575,0.3534303307533264
13576,0.7878291606903076
13577,0.663116991519928
13578,0.5297700762748718
13579,0.6651796698570251
13580,0.585074245929718
13581,0.5454223155975342
13582,0.7900184988975525
13583,0.4163687229156494
13584,0.7618635296821594
13585,0.6693878769874573
13586,0.5058255791664124
13587,0.20314839482307434
13588,0.6294863820075989
13589,0.7165414094924927
13590,0.7539075613021851
13591,0.6256574988365173
13592,0.5577525496482849
13593,0.25661537051200867
13594,0.21926525235176086
13595,0.3980477750301361
13596,0.3509737253189087
13597,0.37571024894714355
13598,0.3726363480091095
13599,0.8210970759391785
13600,0.21926100552082062
13601,0.7273131608963013
13602,0.4766231179237366
13603,0.5818944573402405
13604,0.5471677184104919
13605,0.5167927145957947
13606,0.67490154504776
13607,0.7706109881401062
13608,0.8049326539039612
13609,0.340290367603302
13610,0.7468302845954895
13611,0.40663009881973267
13612,0.33093705773353577
13613,0.48706600069999695
13614,0.7046353220939636
13615,0.743909478187561
13616,0.23998531699180603
13617,0.3446856141090393
13618,0.5524914264678955
13619,0.18906991183757782
13620,0.2965107560157776
13621,0.4872667193412781
13622,0.38213443756103516
13623,0.6193240284919739
13624,0.3423198461532593
13625,0.7956190705299377
13626,0.3541455864906311
13627,0.35706090927124023
13628,0.49628275632858276
13629,0.5382788777351379
13630,0.652905285358429
13631,0.7733295559883118
13632,0.545864999294281
13633,0.6211695075035095
13634,0.670143187046051
13635,0.22626973688602448
13636,0.5614973902702332
13637,0.3087897002696991
13638,0.8285971283912659
13639,0.6571073532104492
13640,0.19218280911445618
13641,0.4310170114040375
13642,0.5156705379486084
13643,0.17645174264907837
13644,0.45372456312179565
13645,0.8395636677742004
13646,0.2692699730396271
13647,0.4615316092967987
13648,0.7461240291595459
13649,0.6286476254463196
13650,0.5478968024253845
13651,0.639396607875824
13652,0.7827417254447937
13653,0.7521929144859314
13654,0.4211914539337158
13655,0.4783651828765869
13656,0.7642062306404114
13657,0.5499280095100403
13658,0.30089542269706726
13659,0.8311497569084167
13660,0.6291643381118774
13661,0.4756144881248474
13662,0.21356645226478577
13663,0.2916566729545593
13664,0.3902308940887451
13665,0.7489871978759766
13666,0.4610619843006134
13667,0.40085089206695557
13668,0.5457186102867126
13669,0.32656556367874146
13670,0.4292772710323334
13671,0.5675651431083679
13672,0.7225186228752136
13673,0.6516227722167969
13674,0.5731126666069031
13675,0.5416333079338074
13676,0.38122260570526123
13677,0.4697018265724182
13678,0.397439181804657
13679,0.2400095909833908
13680,0.8226318359375
13681,0.5194666385650635
13682,0.5117958188056946
13683,0.4196247458457947
13684,0.8148064613342285
13685,0.45659339427948
13686,0.5600966215133667
13687,0.5432725548744202
13688,0.4152093827724457
13689,0.2707369923591614
13690,0.8344665169715881
13691,0.24063068628311157
13692,0.5401908159255981
13693,0.30606287717819214
13694,0.8216937780380249
13695,0.44379258155822754
13696,0.5020570158958435
13697,0.716423749923706
13698,0.6996132135391235
13699,0.4988895058631897
13700,0.7185168266296387
13701,0.5105152726173401
13702,0.6118960976600647
13703,0.4233749508857727
13704,0.6989713907241821
13705,0.6367239952087402
13706,0.2763711214065552
13707,0.6359674334526062
13708,0.6071590781211853
13709,0.24755853414535522
13710,0.5801329612731934
13711,0.7193475961685181
13712,0.5220345854759216
13713,0.7036072015762329
13714,0.5680676102638245
13715,0.28990456461906433
13716,0.6649701595306396
13717,0.5284426212310791
13718,0.7006183862686157
13719,0.6002075672149658
13720,0.6155841946601868
13721,0.3262872099876404
13722,0.64498370885849
13723,0.5797280073165894
13724,0.3826782703399658
13725,0.724073588848114
13726,0.20607902109622955
13727,0.3691561222076416
13728,0.6271370053291321
13729,0.239207923412323
13730,0.7236793041229248
13731,0.40313905477523804
13732,0.8360639214515686
13733,0.47459113597869873
13734,0.38119223713874817
13735,0.41068732738494873
13736,0.5308035016059875
13737,0.43053752183914185
13738,0.33067142963409424
13739,0.6453415751457214
13740,0.44381657242774963
13741,0.7160370349884033
13742,0.2983778119087219
13743,0.5844876170158386
13744,0.7354469895362854
13745,0.42377349734306335
13746,0.5764898061752319
13747,0.2562079131603241
13748,0.5800975561141968
13749,0.4014059901237488
13750,0.32128891348838806
13751,0.5692782402038574
13752,0.22871915996074677
13753,0.6482041478157043
13754,0.19520920515060425
13755,0.8226260542869568
13756,0.23509946465492249
13757,0.4810335040092468
13758,0.42994481325149536
13759,0.6368896961212158
13760,0.292926549911499
13761,0.22185389697551727
13762,0.7347230315208435
13763,0.5422654747962952
13764,0.3889314830303192
13765,0.5534520745277405
13766,0.7550111413002014
13767,0.5021910071372986
13768,0.46953409910202026
13769,0.2581864595413208
13770,0.6922442317008972
13771,0.4982653260231018
13772,0.40180039405822754
13773,0.22008571028709412
13774,0.2936807870864868
13775,0.5836884379386902
13776,0.5487510561943054
13777,0.1910679191350937
13778,0.5320953726768494
13779,0.6138888597488403
13780,0.46389228105545044
13781,0.8024279475212097
13782,0.7476154565811157
13783,0.4806998372077942
13784,0.5611602663993835
13785,0.607847273349762
13786,0.32041260600090027
13787,0.5789443850517273
13788,0.5201084017753601
13789,0.40477418899536133
13790,0.2326183021068573
13791,0.2621338367462158
13792,0.2003338485956192
13793,0.35602420568466187
13794,0.7326331734657288
13795,0.3579680323600769
13796,0.446283221244812
13797,0.4363769590854645
13798,0.5468663573265076
13799,0.3126438856124878
13800,0.4939146935939789
13801,0.6719838380813599
13802,0.4061884880065918
13803,0.5263233184814453
13804,0.22109468281269073
13805,0.47871682047843933
13806,0.6623427271842957
13807,0.7975991368293762
13808,0.8327785730361938
13809,0.23775142431259155
13810,0.6523687243461609
13811,0.49029842019081116
13812,0.26696693897247314
13813,0.5444520711898804
13814,0.22491125762462616
13815,0.5969352722167969
13816,0.21282708644866943
13817,0.5193689465522766
13818,0.21652084589004517
13819,0.3337770700454712
13820,0.44286006689071655
13821,0.8107789754867554
13822,0.4114355146884918
13823,0.20890557765960693
13824,0.705833911895752
13825,0.6368536949157715
13826,0.6887550950050354
13827,0.4834684133529663
13828,0.18822601437568665
13829,0.5130901336669922
13830,0.47816646099090576
13831,0.5904106497764587
13832,0.7645992040634155
13833,0.6662327647209167
13834,0.6023348569869995
13835,0.3744775652885437
13836,0.5122846961021423
13837,0.4514107406139374
13838,0.3051949441432953
13839,0.29415640234947205
13840,0.8343702554702759
13841,0.47033703327178955
13842,0.6304937601089478
13843,0.25741130113601685
13844,0.7273148894309998
13845,0.7996275424957275
13846,0.38066428899765015
13847,0.8180060386657715
13848,0.7701684236526489
13849,0.7465712428092957
13850,0.8266719579696655
13851,0.39343273639678955
13852,0.7647268772125244
13853,0.506549596786499
13854,0.3311369717121124
13855,0.7303104996681213
13856,0.38254594802856445
13857,0.2771228849887848
13858,0.6573610901832581
13859,0.3760302662849426
13860,0.6387676000595093
13861,0.4874841868877411
13862,0.3947489261627197
13863,0.4190065264701843
13864,0.2970618009567261
13865,0.7142158150672913
13866,0.41669172048568726
13867,0.6556048393249512
13868,0.6501506567001343
13869,0.6773847937583923
13870,0.3320350646972656
13871,0.777323305606842
13872,0.6917058229446411
13873,0.39376264810562134
13874,0.4200115501880646
13875,0.5682584047317505
13876,0.747664213180542
13877,0.5193715691566467
13878,0.5737444758415222
13879,0.37603142857551575
13880,0.8165845274925232
13881,0.4611806571483612
13882,0.40793895721435547
13883,0.43808555603027344
13884,0.7775412201881409
13885,0.6610047221183777
13886,0.34619882702827454
13887,0.3497561812400818
13888,0.7261013388633728
13889,0.27613145112991333
13890,0.33604443073272705
13891,0.8086833357810974
13892,0.5231761932373047
13893,0.8306949138641357
13894,0.8083096146583557
13895,0.29452282190322876
13896,0.8121252655982971
13897,0.5463722944259644
13898,0.26530566811561584
13899,0.45976585149765015
13900,0.5738897919654846
13901,0.3124871253967285
13902,0.7669413089752197
13903,0.5225798487663269
13904,0.41779428720474243
13905,0.6691002249717712
13906,0.5013322234153748
13907,0.30457305908203125
13908,0.32546764612197876
13909,0.5456077456474304
13910,0.5598588585853577
13911,0.4374704360961914
13912,0.5343044400215149
13913,0.7705716490745544
13914,0.5973438620567322
13915,0.4357210695743561
13916,0.4313790798187256
13917,0.758183479309082
13918,0.4357299208641052
13919,0.564216673374176
13920,0.6396951675415039
13921,0.6263346076011658
13922,0.6572871804237366
13923,0.4883849024772644
13924,0.5283479690551758
13925,0.5434665083885193
13926,0.717640221118927
13927,0.41020452976226807
13928,0.2633633017539978
13929,0.545248806476593
13930,0.4234730899333954
13931,0.5002651810646057
13932,0.7469516396522522
13933,0.7783899903297424
13934,0.3772478997707367
13935,0.7690370678901672
13936,0.5111578106880188
13937,0.5615997910499573
13938,0.5159227848052979
13939,0.24245554208755493
13940,0.399654746055603
13941,0.48094654083251953
13942,0.593426525592804
13943,0.5391179919242859
13944,0.44678130745887756
13945,0.4454403817653656
13946,0.3572835624217987
13947,0.3442966639995575
13948,0.7290681004524231
13949,0.5014388561248779
13950,0.6127651929855347
13951,0.7507209181785583
13952,0.45380210876464844
13953,0.44072192907333374
13954,0.5253188610076904
13955,0.7330735325813293
13956,0.4685899615287781
13957,0.2842230200767517
13958,0.5179587006568909
13959,0.3917738199234009
13960,0.2630482316017151
13961,0.23004159331321716
13962,0.6036913990974426
13963,0.5101336240768433
13964,0.4238075017929077
13965,0.4240821897983551
13966,0.35313886404037476
13967,0.7962223887443542
13968,0.5757365226745605
13969,0.5007553696632385
13970,0.5872071385383606
13971,0.6143155694007874
13972,0.552651584148407
13973,0.49781736731529236
13974,0.679835319519043
13975,0.45790937542915344
13976,0.8242267370223999
13977,0.5864135026931763
13978,0.7197175025939941
13979,0.38404273986816406
13980,0.2885679006576538
13981,0.5011269450187683
13982,0.48213568329811096
13983,0.3075416684150696
13984,0.2657577097415924
13985,0.6106666922569275
13986,0.28606143593788147
13987,0.5794712901115417
13988,0.6317315101623535
13989,0.6352783441543579
13990,0.29030752182006836
13991,0.26710718870162964
13992,0.1954335719347
13993,0.31220611929893494
13994,0.5569677948951721
13995,0.7986903786659241
13996,0.5376594662666321
13997,0.800777018070221
13998,0.8310114741325378
13999,0.5009869933128357
14000,0.5481114983558655
14001,0.8177796602249146
14002,0.7630457282066345
14003,0.458949476480484
14004,0.42593520879745483
14005,0.5421432256698608
14006,0.4572293758392334
14007,0.7820538282394409
14008,0.5615767240524292
14009,0.4277717173099518
14010,0.25199979543685913
14011,0.6805034279823303
14012,0.6417414546012878
14013,0.572793185710907
14014,0.4573078453540802
14015,0.27999716997146606
14016,0.3616012930870056
14017,0.5010505318641663
14018,0.5998356342315674
14019,0.6892284154891968
14020,0.4619542360305786
14021,0.3539998531341553
14022,0.5338212847709656
14023,0.29708874225616455
14024,0.257201611995697
14025,0.6427891850471497
14026,0.6770097017288208
14027,0.5000553727149963
14028,0.4461180567741394
14029,0.7357056736946106
14030,0.740755021572113
14031,0.3685378432273865
14032,0.7681205868721008
14033,0.383933961391449
14034,0.8095572590827942
14035,0.6220750212669373
14036,0.7063819766044617
14037,0.5378761887550354
14038,0.22317218780517578
14039,0.5409344434738159
14040,0.5292308926582336
14041,0.4627629220485687
14042,0.8286145925521851
14043,0.5039616227149963
14044,0.623643696308136
14045,0.7047320604324341
14046,0.5081194043159485
14047,0.45708736777305603
14048,0.3478427529335022
14049,0.22655197978019714
14050,0.6156424283981323
14051,0.6597391963005066
14052,0.394972562789917
14053,0.21016117930412292
14054,0.83519047498703
14055,0.808612048625946
14056,0.5265582203865051
14057,0.3203439712524414
14058,0.45116281509399414
14059,0.2140987664461136
14060,0.7311373353004456
14061,0.1767185926437378
14062,0.78554767370224
14063,0.2715035080909729
14064,0.37243348360061646
14065,0.4035640358924866
14066,0.5374475717544556
14067,0.75855952501297
14068,0.6714879870414734
14069,0.6361958384513855
14070,0.6688546538352966
14071,0.6078488230705261
14072,0.5991388559341431
14073,0.2478223741054535
14074,0.2666025757789612
14075,0.2507382035255432
14076,0.397999107837677
14077,0.5559859871864319
14078,0.2982996702194214
14079,0.6255819797515869
14080,0.3600287437438965
14081,0.46248579025268555
14082,0.3163129687309265
14083,0.7576754093170166
14084,0.4896920323371887
14085,0.28771501779556274
14086,0.573777973651886
14087,0.736985445022583
14088,0.38076281547546387
14089,0.7377225160598755
14090,0.7415400147438049
14091,0.4082975387573242
14092,0.5289640426635742
14093,0.3452783524990082
14094,0.37460803985595703
14095,0.758280873298645
14096,0.5741963982582092
14097,0.6406453251838684
14098,0.404010534286499
14099,0.7156885266304016
14100,0.3077141046524048
14101,0.7820571660995483
14102,0.3962351679801941
14103,0.635428786277771
14104,0.7389683723449707
14105,0.2785996198654175
14106,0.4067302346229553
14107,0.22717858850955963
14108,0.4321279525756836
14109,0.8075127005577087
14110,0.22855238616466522
14111,0.46859055757522583
14112,0.5054270625114441
14113,0.28773200511932373
14114,0.45767027139663696
14115,0.1949726641178131
14116,0.7290971279144287
14117,0.5328772664070129
14118,0.7385528683662415
14119,0.6608415246009827
14120,0.31973254680633545
14121,0.4724191129207611
14122,0.6046381592750549
14123,0.3784117102622986
14124,0.5458164215087891
14125,0.33227604627609253
14126,0.4715020954608917
14127,0.268269807100296
14128,0.741282045841217
14129,0.3643357753753662
14130,0.7492123246192932
14131,0.3992100954055786
14132,0.4478355646133423
14133,0.4376557469367981
14134,0.34988999366760254
14135,0.5972265601158142
14136,0.6459724307060242
14137,0.7192965149879456
14138,0.6569388508796692
14139,0.6079732775688171
14140,0.5040076971054077
14141,0.45024770498275757
14142,0.5473100543022156
14143,0.288149893283844
14144,0.211098775267601
14145,0.8100517392158508
14146,0.312852144241333
14147,0.23123317956924438
14148,0.506634533405304
14149,0.7741042971611023
14150,0.48527011275291443
14151,0.5684836506843567
14152,0.2720041871070862
14153,0.4538800120353699
14154,0.8183758854866028
14155,0.27463817596435547
14156,0.5583457946777344
14157,0.25429683923721313
14158,0.6699723601341248
14159,0.2733895778656006
14160,0.2896251082420349
14161,0.4797917604446411
14162,0.32275134325027466
14163,0.7296620011329651
14164,0.4188571274280548
14165,0.4447512924671173
14166,0.3565574288368225
14167,0.39908987283706665
14168,0.6941356658935547
14169,0.7620108723640442
14170,0.621640682220459
14171,0.4692263901233673
14172,0.21908073127269745
14173,0.4554467797279358
14174,0.674123227596283
14175,0.6118521690368652
14176,0.5214281678199768
14177,0.4190633296966553
14178,0.5975720286369324
14179,0.6658414006233215
14180,0.31999197602272034
14181,0.6753897070884705
14182,0.6700490713119507
14183,0.4757183790206909
14184,0.14933477342128754
14185,0.30878663063049316
14186,0.5633019804954529
14187,0.6217429637908936
14188,0.8204641938209534
14189,0.4954523742198944
14190,0.259939581155777
14191,0.8007790446281433
14192,0.6724516153335571
14193,0.426373153924942
14194,0.5398725271224976
14195,0.5597949624061584
14196,0.3583245575428009
14197,0.41025394201278687
14198,0.3970680236816406
14199,0.3846500515937805
14200,0.7400639653205872
14201,0.4475376009941101
14202,0.6986259818077087
14203,0.5133665204048157
14204,0.6224616169929504
14205,0.5026499629020691
14206,0.6572302579879761
14207,0.7494714856147766
14208,0.8211657404899597
14209,0.5429118275642395
14210,0.2252320647239685
14211,0.5106582045555115
14212,0.8118532299995422
14213,0.7230328321456909
14214,0.4576282799243927
14215,0.24970722198486328
14216,0.33755916357040405
14217,0.40493321418762207
14218,0.4500099718570709
14219,0.18717356026172638
14220,0.28586041927337646
14221,0.25785011053085327
14222,0.7521804571151733
14223,0.3952164351940155
14224,0.744975745677948
14225,0.6424663662910461
14226,0.5289320945739746
14227,0.20093752443790436
14228,0.7876213788986206
14229,0.3504365086555481
14230,0.42737847566604614
14231,0.6410883069038391
14232,0.6938362717628479
14233,0.6199515461921692
14234,0.7086982131004333
14235,0.4558376669883728
14236,0.4284258782863617
14237,0.5785121321678162
14238,0.37577617168426514
14239,0.5198080539703369
14240,0.7814657092094421
14241,0.6546356678009033
14242,0.5296739935874939
14243,0.4357314705848694
14244,0.1904018521308899
14245,0.5878345370292664
14246,0.17381851375102997
14247,0.7733109593391418
14248,0.514190673828125
14249,0.6297572255134583
14250,0.3625132441520691
14251,0.2015017420053482
14252,0.7728803753852844
14253,0.7363885641098022
14254,0.4257780909538269
14255,0.380412220954895
14256,0.5928834080696106
14257,0.3113763928413391
14258,0.5935551524162292
14259,0.6937640309333801
14260,0.8016193509101868
14261,0.5132720470428467
14262,0.16650335490703583
14263,0.469524085521698
14264,0.5685598850250244
14265,0.6283363699913025
14266,0.40642011165618896
14267,0.38469165563583374
14268,0.2588040828704834
14269,0.5491055846214294
14270,0.5020245313644409
14271,0.20686450600624084
14272,0.7223950624465942
14273,0.5352956652641296
14274,0.6122713088989258
14275,0.8180708885192871
14276,0.6486350893974304
14277,0.4991839528083801
14278,0.6254802346229553
14279,0.4684734344482422
14280,0.8330174088478088
14281,0.5955246090888977
14282,0.7721390128135681
14283,0.44623690843582153
14284,0.35451745986938477
14285,0.7764126658439636
14286,0.2342071533203125
14287,0.48672160506248474
14288,0.8314670920372009
14289,0.6774351000785828
14290,0.4983561336994171
14291,0.3829464912414551
14292,0.5699201822280884
14293,0.2919238209724426
14294,0.7595140933990479
14295,0.23685957491397858
14296,0.48860964179039
14297,0.25203824043273926
14298,0.5813121199607849
14299,0.2886950969696045
14300,0.6198198199272156
14301,0.22863493859767914
14302,0.642824113368988
14303,0.7640201449394226
14304,0.7318440079689026
14305,0.8190567493438721
14306,0.4111996293067932
14307,0.8035202622413635
14308,0.5677970051765442
14309,0.33098822832107544
14310,0.6107997894287109
14311,0.3213587999343872
14312,0.45840683579444885
14313,0.7972981333732605
14314,0.6544080972671509
14315,0.6125994324684143
14316,0.7742782235145569
14317,0.3154826760292053
14318,0.1908728927373886
14319,0.460557222366333
14320,0.49272897839546204
14321,0.21788190305233002
14322,0.5585638880729675
14323,0.4451535940170288
14324,0.540449321269989
14325,0.8209617733955383
14326,0.6211814880371094
14327,0.5693701505661011
14328,0.6481807231903076
14329,0.4946443438529968
14330,0.5362153649330139
14331,0.4655812382698059
14332,0.47561025619506836
14333,0.5531034469604492
14334,0.44969475269317627
14335,0.6293253898620605
14336,0.5330221056938171
14337,0.38971781730651855
14338,0.4048413038253784
14339,0.582975447177887
14340,0.8058071732521057
14341,0.5510348081588745
14342,0.24319355189800262
14343,0.5375658869743347
14344,0.5483944416046143
14345,0.591414213180542
14346,0.42573344707489014
14347,0.37252718210220337
14348,0.4243164658546448
14349,0.42733627557754517
14350,0.6589201092720032
14351,0.7697386145591736
14352,0.387107253074646
14353,0.37175875902175903
14354,0.8036413788795471
14355,0.7289503216743469
14356,0.3892367482185364
14357,0.4687495529651642
14358,0.4552065134048462
14359,0.826376736164093
14360,0.8104018568992615
14361,0.3960404396057129
14362,0.4770239591598511
14363,0.6781670451164246
14364,0.5720059275627136
14365,0.4965631365776062
14366,0.36418628692626953
14367,0.635384738445282
14368,0.61399906873703
14369,0.32277750968933105
14370,0.20776772499084473
14371,0.7564793229103088
14372,0.8117416501045227
14373,0.38814690709114075
14374,0.17173302173614502
14375,0.464790403842926
14376,0.8163813948631287
14377,0.5726246237754822
14378,0.2964461147785187
14379,0.5228871703147888
14380,0.5469798445701599
14381,0.46714287996292114
14382,0.7957512736320496
14383,0.4353071451187134
14384,0.6158245801925659
14385,0.41974371671676636
14386,0.7648329734802246
14387,0.6664307713508606
14388,0.19054444134235382
14389,0.4597878158092499
14390,0.7448949217796326
14391,0.7693825960159302
14392,0.5330283045768738
14393,0.524003267288208
14394,0.24831566214561462
14395,0.7810589075088501
14396,0.3198988139629364
14397,0.7130891680717468
14398,0.5151958465576172
14399,0.35725581645965576
14400,0.41610482335090637
14401,0.38616010546684265
14402,0.364760160446167
14403,0.3881976008415222
14404,0.5907788872718811
14405,0.22088482975959778
14406,0.34235572814941406
14407,0.24943560361862183
14408,0.29224956035614014
14409,0.32187098264694214
14410,0.49720999598503113
14411,0.7943184971809387
14412,0.7836065888404846
14413,0.8354307413101196
14414,0.6683967709541321
14415,0.7794936895370483
14416,0.4860071837902069
14417,0.7928364872932434
14418,0.5522040724754333
14419,0.43170279264450073
14420,0.5427088141441345
14421,0.5954052805900574
14422,0.7600643038749695
14423,0.3258783519268036
14424,0.32162103056907654
14425,0.8271408677101135
14426,0.7297520041465759
14427,0.5678161978721619
14428,0.3030553460121155
14429,0.7677333354949951
14430,0.4243943393230438
14431,0.4253494143486023
14432,0.3109894096851349
14433,0.538533091545105
14434,0.2712717652320862
14435,0.5622094869613647
14436,0.7601447701454163
14437,0.20285269618034363
14438,0.3709103465080261
14439,0.7277663946151733
14440,0.7342514395713806
14441,0.38084518909454346
14442,0.4423333704471588
14443,0.4735003113746643
14444,0.3801751732826233
14445,0.48131632804870605
14446,0.2313116192817688
14447,0.42143553495407104
14448,0.45100733637809753
14449,0.3598167300224304
14450,0.7848314046859741
14451,0.682873010635376
14452,0.32210710644721985
14453,0.6481676697731018
14454,0.5122461915016174
14455,0.6899113059043884
14456,0.3520456552505493
14457,0.7174620628356934
14458,0.429355651140213
14459,0.27255475521087646
14460,0.6098578572273254
14461,0.3927561640739441
14462,0.4576648771762848
14463,0.7851536870002747
14464,0.41818681359291077
14465,0.822504997253418
14466,0.5531428456306458
14467,0.6495291590690613
14468,0.5516095757484436
14469,0.43577611446380615
14470,0.523001492023468
14471,0.2968737781047821
14472,0.3190276026725769
14473,0.6445231437683105
14474,0.5691131353378296
14475,0.4394163191318512
14476,0.8175578713417053
14477,0.6285344958305359
14478,0.6383045315742493
14479,0.6310576796531677
14480,0.5598006248474121
14481,0.5520327091217041
14482,0.7547691464424133
14483,0.6505342721939087
14484,0.6946302056312561
14485,0.5194887518882751
14486,0.5933923125267029
14487,0.7221955060958862
14488,0.5838552117347717
14489,0.7403462529182434
14490,0.28557127714157104
14491,0.7327303886413574
14492,0.29733502864837646
14493,0.38539934158325195
14494,0.7454603314399719
14495,0.25438928604125977
14496,0.5606417655944824
14497,0.2382097989320755
14498,0.41964656114578247
14499,0.7932625412940979
14500,0.5093099474906921
14501,0.4403148889541626
14502,0.34946203231811523
14503,0.7435024976730347
14504,0.45761048793792725
14505,0.7266154885292053
14506,0.6045253872871399
14507,0.3370792865753174
14508,0.45894020795822144
14509,0.640463650226593
14510,0.2535829544067383
14511,0.42120611667633057
14512,0.6290526986122131
14513,0.3332272171974182
14514,0.7486531138420105
14515,0.5923474431037903
14516,0.4185967445373535
14517,0.5077093243598938
14518,0.4768947958946228
14519,0.8195332884788513
14520,0.5493744015693665
14521,0.5372675657272339
14522,0.4544040262699127
14523,0.47205421328544617
14524,0.3904886543750763
14525,0.42386460304260254
14526,0.32265233993530273
14527,0.7425243258476257
14528,0.3715333044528961
14529,0.8318769931793213
14530,0.5647044777870178
14531,0.29585111141204834
14532,0.7738610506057739
14533,0.253399133682251
14534,0.655413031578064
14535,0.45306193828582764
14536,0.3395918905735016
14537,0.5188681483268738
14538,0.2526901960372925
14539,0.4723367989063263
14540,0.5124534368515015
14541,0.4374229907989502
14542,0.8056082129478455
14543,0.2761005759239197
14544,0.5858333110809326
14545,0.238117516040802
14546,0.4495024085044861
14547,0.2974030673503876
14548,0.7794542908668518
14549,0.6721642017364502
14550,0.2688368260860443
14551,0.5332263112068176
14552,0.6098904013633728
14553,0.4260195195674896
14554,0.8122598528862
14555,0.23924945294857025
14556,0.5188133120536804
14557,0.5468161106109619
14558,0.5607339143753052
14559,0.5761377811431885
14560,0.7807580232620239
14561,0.6168736815452576
14562,0.454218327999115
14563,0.39326316118240356
14564,0.5637789368629456
14565,0.7119364142417908
14566,0.4977889060974121
14567,0.36230599880218506
14568,0.21072278916835785
14569,0.29247501492500305
14570,0.4735165238380432
14571,0.7501140236854553
14572,0.6703286170959473
14573,0.612630307674408
14574,0.34303927421569824
14575,0.6247479319572449
14576,0.3715025782585144
14577,0.5004647374153137
14578,0.37409669160842896
14579,0.464566707611084
14580,0.19627855718135834
14581,0.5856996774673462
14582,0.38127604126930237
14583,0.325404554605484
14584,0.21150296926498413
14585,0.18545451760292053
14586,0.3570866584777832
14587,0.4027400016784668
14588,0.24609503149986267
14589,0.5194739103317261
14590,0.508127748966217
14591,0.29761791229248047
14592,0.5983814597129822
14593,0.2699089050292969
14594,0.16841523349285126
14595,0.36915549635887146
14596,0.5946303606033325
14597,0.38748615980148315
14598,0.31627798080444336
14599,0.3802199363708496
14600,0.5112641453742981
14601,0.4469704329967499
14602,0.30432987213134766
14603,0.40537917613983154
14604,0.19966481626033783
14605,0.357895165681839
14606,0.2945314645767212
14607,0.6297720670700073
14608,0.7112520933151245
14609,0.8049647808074951
14610,0.5894785523414612
14611,0.7702794075012207
14612,0.733199417591095
14613,0.6098495125770569
14614,0.39190253615379333
14615,0.7567296624183655
14616,0.5560290813446045
14617,0.286577045917511
14618,0.25598108768463135
14619,0.6212128400802612
14620,0.5428573489189148
14621,0.6949357986450195
14622,0.27473366260528564
14623,0.7483876347541809
14624,0.5125347971916199
14625,0.36732110381126404
14626,0.46360594034194946
14627,0.4326799809932709
14628,0.3084764778614044
14629,0.4436432421207428
14630,0.2421068251132965
14631,0.2756786346435547
14632,0.699913501739502
14633,0.26667436957359314
14634,0.6170188784599304
14635,0.8155840039253235
14636,0.2561808228492737
14637,0.776135265827179
14638,0.33168745040893555
14639,0.5992135405540466
14640,0.2722274661064148
14641,0.6364865303039551
14642,0.5085182785987854
14643,0.3062598407268524
14644,0.4021938741207123
14645,0.71186763048172
14646,0.501828134059906
14647,0.6918216347694397
14648,0.5194051265716553
14649,0.45457348227500916
14650,0.663949728012085
14651,0.6606612801551819
14652,0.40068989992141724
14653,0.489246666431427
14654,0.7960178852081299
14655,0.8087975382804871
14656,0.5357607007026672
14657,0.5156508684158325
14658,0.26984673738479614
14659,0.6437191367149353
14660,0.7585444450378418
14661,0.7273300886154175
14662,0.606055498123169
14663,0.402121901512146
14664,0.5006314516067505
14665,0.2352149784564972
14666,0.7199839353561401
14667,0.3495204448699951
14668,0.7477903962135315
14669,0.7524878978729248
14670,0.5193923115730286
14671,0.45586153864860535
14672,0.679070234298706
14673,0.7233464121818542
14674,0.3831900358200073
14675,0.4024973511695862
14676,0.8223656415939331
14677,0.4583158791065216
14678,0.3580232560634613
14679,0.6463344693183899
14680,0.39167889952659607
14681,0.2543664574623108
14682,0.42458805441856384
14683,0.37707260251045227
14684,0.786591112613678
14685,0.6590177416801453
14686,0.3322695195674896
14687,0.7007089257240295
14688,0.5579250454902649
14689,0.5147886872291565
14690,0.823664128780365
14691,0.4925267696380615
14692,0.6096457839012146
14693,0.49786895513534546
14694,0.5165789723396301
14695,0.38783663511276245
14696,0.26404517889022827
14697,0.2287612110376358
14698,0.2677271366119385
14699,0.5646498799324036
14700,0.8250442147254944
14701,0.6383072733879089
14702,0.4878551661968231
14703,0.6049981713294983
14704,0.5613884329795837
14705,0.21875542402267456
14706,0.31473225355148315
14707,0.49156010150909424
14708,0.7128831744194031
14709,0.5421850085258484
14710,0.3950129747390747
14711,0.38529685139656067
14712,0.6567919850349426
14713,0.4134548008441925
14714,0.3480818271636963
14715,0.76802659034729
14716,0.344098836183548
14717,0.16321370005607605
14718,0.7112687230110168
14719,0.44504478573799133
14720,0.3598169982433319
14721,0.5193061232566833
14722,0.25161677598953247
14723,0.7956333160400391
14724,0.3663826882839203
14725,0.5272761583328247
14726,0.22903582453727722
14727,0.35888516902923584
14728,0.810853123664856
14729,0.6671668887138367
14730,0.6613895297050476
14731,0.49976015090942383
14732,0.7386172413825989
14733,0.2670597434043884
14734,0.25526195764541626
14735,0.7215411067008972
14736,0.7816864848136902
14737,0.44115281105041504
14738,0.27120068669319153
14739,0.5880067944526672
14740,0.2751164734363556
14741,0.42150795459747314
14742,0.4546482563018799
14743,0.8264108896255493
14744,0.3303396701812744
14745,0.515718400478363
14746,0.4289916157722473
14747,0.4049950838088989
14748,0.3031961917877197
14749,0.7589128017425537
14750,0.21933947503566742
14751,0.3540022373199463
14752,0.8224759697914124
14753,0.39018142223358154
14754,0.24132630228996277
14755,0.6734151840209961
14756,0.5886942744255066
14757,0.6638268232345581
14758,0.3947269022464752
14759,0.7713786959648132
14760,0.5049134492874146
14761,0.2477419078350067
14762,0.6039297580718994
14763,0.36701202392578125
14764,0.5294134616851807
14765,0.40329957008361816
14766,0.717140793800354
14767,0.348771870136261
14768,0.7632623910903931
14769,0.45968198776245117
14770,0.31146013736724854
14771,0.4865673780441284
14772,0.6709101796150208
14773,0.33866453170776367
14774,0.625332236289978
14775,0.5653266310691833
14776,0.35066550970077515
14777,0.3232416808605194
14778,0.6780259609222412
14779,0.4112485945224762
14780,0.4077867865562439
14781,0.6054189801216125
14782,0.5654175281524658
14783,0.5131877064704895
14784,0.2695029377937317
14785,0.5996553897857666
14786,0.4364932179450989
14787,0.5687584280967712
14788,0.8310782313346863
14789,0.6569578647613525
14790,0.5139236450195312
14791,0.7352846264839172
14792,0.16383282840251923
14793,0.6314768195152283
14794,0.4906492829322815
14795,0.336499959230423
14796,0.6513345837593079
14797,0.4775581955909729
14798,0.587480366230011
14799,0.7200216054916382
14800,0.5854780673980713
14801,0.28071004152297974
14802,0.5263418555259705
14803,0.562037467956543
14804,0.5303564071655273
14805,0.6397212147712708
14806,0.3238353133201599
14807,0.656808078289032
14808,0.747380793094635
14809,0.6555169820785522
14810,0.7151373028755188
14811,0.4373444616794586
14812,0.41669532656669617
14813,0.5180057883262634
14814,0.7391893267631531
14815,0.3842884600162506
14816,0.3530624508857727
14817,0.6257466673851013
14818,0.7693849205970764
14819,0.6394324898719788
14820,0.2928493916988373
14821,0.2188219428062439
14822,0.4590147137641907
14823,0.78657066822052
14824,0.5790798664093018
14825,0.20474302768707275
14826,0.42074841260910034
14827,0.775767982006073
14828,0.4054814279079437
14829,0.2867446541786194
14830,0.7795814871788025
14831,0.4703666865825653
14832,0.6053144931793213
14833,0.737869918346405
14834,0.222660094499588
14835,0.44420838356018066
14836,0.8136886954307556
14837,0.7206401228904724
14838,0.7764167785644531
14839,0.7762430906295776
14840,0.5798065066337585
14841,0.7418841123580933
14842,0.7419204115867615
14843,0.7759863138198853
14844,0.6761724948883057
14845,0.5418972373008728
14846,0.41381245851516724
14847,0.5134202837944031
14848,0.4006310701370239
14849,0.7717413306236267
14850,0.575190007686615
14851,0.292879581451416
14852,0.39148274064064026
14853,0.40234965085983276
14854,0.49898087978363037
14855,0.6111525893211365
14856,0.26252949237823486
14857,0.25478142499923706
14858,0.597017228603363
14859,0.8125452399253845
14860,0.45622602105140686
14861,0.32879409193992615
14862,0.5016655325889587
14863,0.450798362493515
14864,0.7224906086921692
14865,0.2692054808139801
14866,0.8331417441368103
14867,0.561615526676178
14868,0.6992759704589844
14869,0.1858883798122406
14870,0.8076876997947693
14871,0.27433040738105774
14872,0.28739792108535767
14873,0.709516167640686
14874,0.5496972799301147
14875,0.2197192907333374
14876,0.4340400993824005
14877,0.258139967918396
14878,0.5610936284065247
14879,0.4092910587787628
14880,0.35014787316322327
14881,0.3070870637893677
14882,0.4916294515132904
14883,0.32635027170181274
14884,0.8320867419242859
14885,0.7488058805465698
14886,0.3689365088939667
14887,0.3889542818069458
14888,0.5460701584815979
14889,0.5570772886276245
14890,0.7477165460586548
14891,0.35182347893714905
14892,0.4030628204345703
14893,0.2525967061519623
14894,0.6100605130195618
14895,0.7683479189872742
14896,0.5120463967323303
14897,0.4747759699821472
14898,0.6652122735977173
14899,0.6470210552215576
14900,0.8293982148170471
14901,0.686638593673706
14902,0.8120988011360168
14903,0.4290458559989929
14904,0.7556310296058655
14905,0.6824043989181519
14906,0.21466216444969177
14907,0.3990445137023926
14908,0.33128249645233154
14909,0.5294128060340881
14910,0.4430418908596039
14911,0.5569218397140503
14912,0.820184051990509
14913,0.4652844965457916
14914,0.584087610244751
14915,0.5496726632118225
14916,0.4349910318851471
14917,0.23175683617591858
14918,0.510343611240387
14919,0.4561334550380707
14920,0.5737137198448181
14921,0.3697088360786438
14922,0.37988758087158203
14923,0.7668967247009277
14924,0.4126341938972473
14925,0.6849300265312195
14926,0.803509533405304
14927,0.4722900986671448
14928,0.6304326057434082
14929,0.5863394141197205
14930,0.6207162141799927
14931,0.4441738426685333
14932,0.388971745967865
14933,0.43004554510116577
14934,0.7070212960243225
14935,0.5657088756561279
14936,0.43470752239227295
14937,0.45664846897125244
14938,0.5429527163505554
14939,0.4575001001358032
14940,0.5821651816368103
14941,0.5977502465248108
14942,0.22114531695842743
14943,0.4997931122779846
14944,0.692477822303772
14945,0.43718403577804565
14946,0.606174111366272
14947,0.22255325317382812
14948,0.5813905596733093
14949,0.674749493598938
14950,0.5795724987983704
14951,0.5123196840286255
14952,0.4496978521347046
14953,0.26418453454971313
14954,0.717869222164154
14955,0.3659186065196991
14956,0.3233868181705475
14957,0.3490683436393738
14958,0.6396637558937073
14959,0.8111737966537476
14960,0.5278292894363403
14961,0.38708263635635376
14962,0.7035660147666931
14963,0.7960561513900757
14964,0.7948745489120483
14965,0.4885132312774658
14966,0.3839702010154724
14967,0.749011218547821
14968,0.8320208191871643
14969,0.4640514552593231
14970,0.6437540054321289
14971,0.3660128116607666
14972,0.5542532801628113
14973,0.4988163113594055
14974,0.8115425109863281
14975,0.3523673713207245
14976,0.3113422989845276
14977,0.6194955110549927
14978,0.4403280019760132
14979,0.47640007734298706
14980,0.4662914276123047
14981,0.26818209886550903
14982,0.36612021923065186
14983,0.5164148211479187
14984,0.5244454741477966
14985,0.4170856773853302
14986,0.7447763085365295
14987,0.38992980122566223
14988,0.6530168056488037
14989,0.803394079208374
14990,0.7304031252861023
14991,0.4768211245536804
14992,0.4523956775665283
14993,0.5648569464683533
14994,0.7038620114326477
14995,0.2541145384311676
14996,0.6187881231307983
14997,0.4172658622264862
14998,0.6966806054115295
14999,0.423626571893692
15000,0.6664573550224304
15001,0.6887854933738708
15002,0.7495272755622864
15003,0.8162317276000977
15004,0.7927260398864746
15005,0.2813948690891266
15006,0.7984346747398376
15007,0.347831666469574
15008,0.7557154297828674
15009,0.3845958411693573
15010,0.43467384576797485
15011,0.29821133613586426
15012,0.34867024421691895
15013,0.7993744611740112
15014,0.30943745374679565
15015,0.5188950896263123
15016,0.8037052750587463
15017,0.29945915937423706
15018,0.3486177325248718
15019,0.4902784824371338
15020,0.5354187488555908
15021,0.48121947050094604
15022,0.5883147716522217
15023,0.5201023817062378
15024,0.7146158814430237
15025,0.4801933765411377
15026,0.5552821159362793
15027,0.3097078204154968
15028,0.7916609644889832
15029,0.618102490901947
15030,0.409041166305542
15031,0.6939718723297119
15032,0.5885658264160156
15033,0.48571234941482544
15034,0.29069364070892334
15035,0.23001810908317566
15036,0.40296822786331177
15037,0.3511977791786194
15038,0.3774316906929016
15039,0.2511887550354004
15040,0.5732758045196533
15041,0.5624240040779114
15042,0.5496333241462708
15043,0.5646357536315918
15044,0.8196197152137756
15045,0.8165722489356995
15046,0.6616460680961609
15047,0.6857680082321167
15048,0.39978981018066406
15049,0.6560260653495789
15050,0.36258071660995483
15051,0.41650837659835815
15052,0.3227875232696533
15053,0.49390941858291626
15054,0.7550541758537292
15055,0.45619136095046997
15056,0.4957731366157532
15057,0.23404929041862488
15058,0.7054789662361145
15059,0.21479058265686035
15060,0.7435303330421448
15061,0.3337618112564087
15062,0.25500744581222534
15063,0.3677822947502136
15064,0.8174558877944946
15065,0.8426077365875244
15066,0.621731162071228
15067,0.5467503666877747
15068,0.3977186679840088
15069,0.46606534719467163
15070,0.5692307353019714
15071,0.2701597213745117
15072,0.7482112050056458
15073,0.3600009083747864
15074,0.6368950009346008
15075,0.15697455406188965
15076,0.4959174692630768
15077,0.7739419341087341
15078,0.17237251996994019
15079,0.222431942820549
15080,0.47544586658477783
15081,0.3354305028915405
15082,0.5081087946891785
15083,0.20901203155517578
15084,0.821596086025238
15085,0.1887279450893402
15086,0.5301726460456848
15087,0.5105857849121094
15088,0.6322387456893921
15089,0.664933979511261
15090,0.22845952212810516
15091,0.5006903409957886
15092,0.5942228436470032
15093,0.8097377419471741
15094,0.7513787150382996
15095,0.38292816281318665
15096,0.5188582539558411
15097,0.7786327600479126
15098,0.6906346678733826
15099,0.5471120476722717
15100,0.4708924889564514
15101,0.53888338804245
15102,0.5354966521263123
15103,0.48931053280830383
15104,0.35891348123550415
15105,0.4626823961734772
15106,0.4165465235710144
15107,0.40251970291137695
15108,0.6653153300285339
15109,0.713252604007721
15110,0.40809348225593567
15111,0.28777876496315
15112,0.2771930694580078
15113,0.7386291027069092
15114,0.5115200877189636
15115,0.7537857890129089
15116,0.5415498614311218
15117,0.5423123836517334
15118,0.6729391813278198
15119,0.7223297953605652
15120,0.5420380234718323
15121,0.36010491847991943
15122,0.5040971636772156
15123,0.36995357275009155
15124,0.28565236926078796
15125,0.24443551898002625
15126,0.5157376527786255
15127,0.4322464168071747
15128,0.5303846597671509
15129,0.6392564177513123
15130,0.3662656247615814
15131,0.30539470911026
15132,0.3255525529384613
15133,0.6143792271614075
15134,0.3516191840171814
15135,0.22222459316253662
15136,0.33962756395339966
15137,0.5684730410575867
15138,0.8327820897102356
15139,0.8247209787368774
15140,0.7552669048309326
15141,0.21995809674263
15142,0.7291512489318848
15143,0.40342384576797485
15144,0.6928144097328186
15145,0.373746395111084
15146,0.49924027919769287
15147,0.8419173359870911
15148,0.489054799079895
15149,0.4041708707809448
15150,0.7590017914772034
15151,0.3478652238845825
15152,0.5129948854446411
15153,0.7953646779060364
15154,0.4841424524784088
15155,0.43665164709091187
15156,0.4376739263534546
15157,0.5041816234588623
15158,0.6523184180259705
15159,0.6808040738105774
15160,0.7957098484039307
15161,0.47409144043922424
15162,0.8148487210273743
15163,0.368060439825058
15164,0.7007110118865967
15165,0.48486649990081787
15166,0.29470646381378174
15167,0.48615124821662903
15168,0.45632606744766235
15169,0.8013482093811035
15170,0.7266464829444885
15171,0.669701337814331
15172,0.6849441528320312
15173,0.18048949539661407
15174,0.5174723863601685
15175,0.5763999819755554
15176,0.2640588581562042
15177,0.7012702822685242
15178,0.736039400100708
15179,0.3967853784561157
15180,0.7550345063209534
15181,0.5236105918884277
15182,0.4286153316497803
15183,0.5767253637313843
15184,0.44301486015319824
15185,0.7006719708442688
15186,0.5694010853767395
15187,0.4629666209220886
15188,0.609285295009613
15189,0.6234858632087708
15190,0.2735947370529175
15191,0.7116056084632874
15192,0.4735390543937683
15193,0.19028723239898682
15194,0.4011251628398895
15195,0.4648885130882263
15196,0.396372526884079
15197,0.3384906053543091
15198,0.320487380027771
15199,0.5228351950645447
15200,0.3648173213005066
15201,0.8231500387191772
15202,0.6275707483291626
15203,0.7671064138412476
15204,0.7102084159851074
15205,0.2293248474597931
15206,0.695297360420227
15207,0.5079088807106018
15208,0.24897414445877075
15209,0.2867833077907562
15210,0.5339301824569702
15211,0.6172097325325012
15212,0.19439883530139923
15213,0.5631710886955261
15214,0.476084440946579
15215,0.8271657824516296
15216,0.48364031314849854
15217,0.25201016664505005
15218,0.33860427141189575
15219,0.27872997522354126
15220,0.5367094278335571
15221,0.45315760374069214
15222,0.5302740931510925
15223,0.35830768942832947
15224,0.5144140124320984
15225,0.39734959602355957
15226,0.36817240715026855
15227,0.5441065430641174
15228,0.21360129117965698
15229,0.8195904493331909
15230,0.6582047939300537
15231,0.820091187953949
15232,0.38332080841064453
15233,0.48404258489608765
15234,0.4939526319503784
15235,0.4329780340194702
15236,0.5909066796302795
15237,0.555431067943573
15238,0.4530578553676605
15239,0.2802331745624542
15240,0.5673495531082153
15241,0.4146976172924042
15242,0.8290504217147827
15243,0.3176652193069458
15244,0.3785628080368042
15245,0.5198482275009155
15246,0.8290058374404907
15247,0.6271750330924988
15248,0.34690970182418823
15249,0.22114194929599762
15250,0.5644469261169434
15251,0.33685392141342163
15252,0.4131174087524414
15253,0.5829281806945801
15254,0.3455054461956024
15255,0.4759427309036255
15256,0.392805278301239
15257,0.7871100902557373
15258,0.21581445634365082
15259,0.2984520196914673
15260,0.6848845481872559
15261,0.45573535561561584
15262,0.1874062567949295
15263,0.8258264064788818
15264,0.6829339265823364
15265,0.206211656332016
15266,0.5379128456115723
15267,0.24104905128479004
15268,0.5025434494018555
15269,0.6779170036315918
15270,0.274601548910141
15271,0.6455652117729187
15272,0.4477466344833374
15273,0.293418824672699
15274,0.33932968974113464
15275,0.6987701058387756
15276,0.7784786224365234
15277,0.549333393573761
15278,0.41631096601486206
15279,0.6748934984207153
15280,0.2407492697238922
15281,0.4178606867790222
15282,0.44480687379837036
15283,0.635657548904419
15284,0.8175337910652161
15285,0.7412731647491455
15286,0.5273691415786743
15287,0.4720273017883301
15288,0.6659983992576599
15289,0.39310622215270996
15290,0.8001028895378113
15291,0.48978927731513977
15292,0.41684961318969727
15293,0.5257795453071594
15294,0.5689710378646851
15295,0.8084800243377686
15296,0.4551921486854553
15297,0.4423912763595581
15298,0.5249966382980347
15299,0.4896496832370758
15300,0.5485200881958008
15301,0.5238091349601746
15302,0.39607250690460205
15303,0.7211523652076721
15304,0.6801843047142029
15305,0.42444849014282227
15306,0.4663318991661072
15307,0.7016392946243286
15308,0.42451024055480957
15309,0.7442997097969055
15310,0.820645809173584
15311,0.5633160471916199
15312,0.6376498341560364
15313,0.336533784866333
15314,0.4560755491256714
15315,0.5038546919822693
15316,0.29540228843688965
15317,0.6078360080718994
15318,0.33741456270217896
15319,0.5278151631355286
15320,0.6229540705680847
15321,0.30977964401245117
15322,0.8277880549430847
15323,0.21976524591445923
15324,0.49730992317199707
15325,0.5664370656013489
15326,0.5933851599693298
15327,0.5389351844787598
15328,0.4329632520675659
15329,0.3009163439273834
15330,0.5615721344947815
15331,0.2882589101791382
15332,0.5684844851493835
15333,0.7764483094215393
15334,0.6963414549827576
15335,0.594965398311615
15336,0.6949374675750732
15337,0.2667924761772156
15338,0.24126330018043518
15339,0.26466262340545654
15340,0.2561163306236267
15341,0.47800949215888977
15342,0.3979724645614624
15343,0.8309439420700073
15344,0.5415006279945374
15345,0.22023595869541168
15346,0.606248140335083
15347,0.581743061542511
15348,0.7819547057151794
15349,0.5601649880409241
15350,0.3941013813018799
15351,0.6148386001586914
15352,0.5051677823066711
15353,0.45722973346710205
15354,0.6939080357551575
15355,0.3714190721511841
15356,0.5509805083274841
15357,0.29631635546684265
15358,0.4430907368659973
15359,0.5904278755187988
15360,0.5703826546669006
15361,0.6441875100135803
15362,0.364979088306427
15363,0.5586232542991638
15364,0.2140609174966812
15365,0.5586270689964294
15366,0.466571569442749
15367,0.2961190640926361
15368,0.6459173560142517
15369,0.6761108636856079
15370,0.2610405385494232
15371,0.7791343927383423
15372,0.3192577362060547
15373,0.364729106426239
15374,0.3203902244567871
15375,0.33031290769577026
15376,0.5771088600158691
15377,0.23586542904376984
15378,0.3892363905906677
15379,0.4290919303894043
15380,0.4861741065979004
15381,0.5683066844940186
15382,0.8161132335662842
15383,0.8131606578826904
15384,0.38887131214141846
15385,0.4336627721786499
15386,0.7131520509719849
15387,0.6278311610221863
15388,0.7027578949928284
15389,0.3985402584075928
15390,0.7879042625427246
15391,0.8074063062667847
15392,0.821044921875
15393,0.5522687435150146
15394,0.19537292420864105
15395,0.7267792820930481
15396,0.5650820732116699
15397,0.5786831378936768
15398,0.7542111873626709
15399,0.23333054780960083
15400,0.4712725877761841
15401,0.8041896224021912
15402,0.5350539684295654
15403,0.5722605586051941
15404,0.759192705154419
15405,0.6853430271148682
15406,0.5833622813224792
15407,0.732215404510498
15408,0.7795208692550659
15409,0.32914602756500244
15410,0.5759289860725403
15411,0.6809675693511963
15412,0.4266427159309387
15413,0.4727909564971924
15414,0.48354142904281616
15415,0.399257630109787
15416,0.21029159426689148
15417,0.52045738697052
15418,0.5222501158714294
15419,0.24109411239624023
15420,0.38477659225463867
15421,0.39178407192230225
15422,0.30258604884147644
15423,0.5099170804023743
15424,0.7477952837944031
15425,0.7449776530265808
15426,0.556057870388031
15427,0.5538155436515808
15428,0.8063879609107971
15429,0.8124434351921082
15430,0.3219020366668701
15431,0.6152336001396179
15432,0.666650116443634
15433,0.6908018589019775
15434,0.6150134205818176
15435,0.6590651869773865
15436,0.7848311066627502
15437,0.6030121445655823
15438,0.6195318102836609
15439,0.5328568816184998
15440,0.5865519642829895
15441,0.6622385382652283
15442,0.5217628479003906
15443,0.7379310131072998
15444,0.4508221745491028
15445,0.2731742858886719
15446,0.7968084216117859
15447,0.18702653050422668
15448,0.2612093687057495
15449,0.19276438653469086
15450,0.2879253625869751
15451,0.6126689910888672
15452,0.24354510009288788
15453,0.5703473687171936
15454,0.20537956058979034
15455,0.8243141174316406
15456,0.35369110107421875
15457,0.5017139911651611
15458,0.33682721853256226
15459,0.37019363045692444
15460,0.546101987361908
15461,0.8248069882392883
15462,0.69691002368927
15463,0.43789371848106384
15464,0.2873843312263489
15465,0.28662943840026855
15466,0.7458257079124451
15467,0.5155108571052551
15468,0.21640318632125854
15469,0.49677765369415283
15470,0.2800314426422119
15471,0.1828686147928238
15472,0.4830070734024048
15473,0.6016842722892761
15474,0.7680962681770325
15475,0.7223819494247437
15476,0.5703192949295044
15477,0.45130857825279236
15478,0.7519105076789856
15479,0.5285136103630066
15480,0.2832034230232239
15481,0.5024960041046143
15482,0.44020092487335205
15483,0.7126420140266418
15484,0.6846958994865417
15485,0.2658483386039734
15486,0.23188410699367523
15487,0.2453760802745819
15488,0.5929829478263855
15489,0.48340919613838196
15490,0.4200161099433899
15491,0.3938142657279968
15492,0.32375529408454895
15493,0.6582857370376587
15494,0.3935769200325012
15495,0.6485835313796997
15496,0.5693091750144958
15497,0.339902400970459
15498,0.8071144223213196
15499,0.8250741362571716
15500,0.7491459250450134
15501,0.4500499963760376
15502,0.7822675108909607
15503,0.552996039390564
15504,0.35684388875961304
15505,0.4627169966697693
15506,0.8189935088157654
15507,0.2316005825996399
15508,0.5003218650817871
15509,0.6152186989784241
15510,0.2509940266609192
15511,0.5944713354110718
15512,0.5090214610099792
15513,0.7227328419685364
15514,0.6400389075279236
15515,0.5369139313697815
15516,0.25249236822128296
15517,0.4570293426513672
15518,0.6328470706939697
15519,0.20138674974441528
15520,0.18587736785411835
15521,0.270868182182312
15522,0.7022544741630554
15523,0.6228310465812683
15524,0.5540841221809387
15525,0.21063238382339478
15526,0.40083473920822144
15527,0.818127453327179
15528,0.6981928944587708
15529,0.5666318535804749
15530,0.422667533159256
15531,0.62553471326828
15532,0.7024659514427185
15533,0.6105414032936096
15534,0.5612984299659729
15535,0.7112792134284973
15536,0.7488622665405273
15537,0.2985982894897461
15538,0.35794901847839355
15539,0.6581317782402039
15540,0.3594857156276703
15541,0.5754393935203552
15542,0.5264413356781006
15543,0.601698637008667
15544,0.4020758867263794
15545,0.6364908814430237
15546,0.5484880805015564
15547,0.7856041789054871
15548,0.3141404390335083
15549,0.5294217467308044
15550,0.3892159163951874
15551,0.5999029278755188
15552,0.5473478436470032
15553,0.2791064381599426
15554,0.5978129506111145
15555,0.3384808897972107
15556,0.2443387806415558
15557,0.4384163022041321
15558,0.5930461883544922
15559,0.511256992816925
15560,0.6078449487686157
15561,0.5426073670387268
15562,0.5219933986663818
15563,0.6398826241493225
15564,0.23780734837055206
15565,0.7251378297805786
15566,0.3908120095729828
15567,0.5104623436927795
15568,0.304113507270813
15569,0.644566535949707
15570,0.6806921362876892
15571,0.7268999814987183
15572,0.40010690689086914
15573,0.36757779121398926
15574,0.42305463552474976
15575,0.8193509578704834
15576,0.34689605236053467
15577,0.2559693455696106
15578,0.2665979862213135
15579,0.6209824681282043
15580,0.7908816337585449
15581,0.7985994219779968
15582,0.5217236876487732
15583,0.33436986804008484
15584,0.2890968322753906
15585,0.7698821425437927
15586,0.32036393880844116
15587,0.539027750492096
15588,0.4615051746368408
15589,0.3131866157054901
15590,0.22360694408416748
15591,0.5661119818687439
15592,0.7101441025733948
15593,0.3862827718257904
15594,0.5764531493186951
15595,0.45819950103759766
15596,0.5626623034477234
15597,0.3558256924152374
15598,0.5540674328804016
15599,0.6041572093963623
15600,0.5352410674095154
15601,0.22944657504558563
15602,0.2218114137649536
15603,0.45877447724342346
15604,0.7236737012863159
15605,0.42544159293174744
15606,0.6528268456459045
15607,0.4951479434967041
15608,0.7511852383613586
15609,0.4234515130519867
15610,0.5139094591140747
15611,0.765420138835907
15612,0.7133843302726746
15613,0.7398810982704163
15614,0.666742742061615
15615,0.3631492257118225
15616,0.8310917019844055
15617,0.6090856194496155
15618,0.5712339282035828
15619,0.36954355239868164
15620,0.5996272563934326
15621,0.5611518025398254
15622,0.3799282908439636
15623,0.32523679733276367
15624,0.5172279477119446
15625,0.5393504500389099
15626,0.704013466835022
15627,0.3619493544101715
15628,0.3178814947605133
15629,0.6839577555656433
15630,0.5275822281837463
15631,0.810211718082428
15632,0.5357930064201355
15633,0.3840441405773163
15634,0.6116213798522949
15635,0.32991763949394226
15636,0.35276728868484497
15637,0.1918274313211441
15638,0.3603779375553131
15639,0.44827812910079956
15640,0.6263970732688904
15641,0.6493225693702698
15642,0.636225700378418
15643,0.4200989305973053
15644,0.6845650672912598
15645,0.27886196970939636
15646,0.5208925604820251
15647,0.6850782632827759
15648,0.3444843888282776
15649,0.8174277544021606
15650,0.5253338813781738
15651,0.6318286657333374
15652,0.5241135358810425
15653,0.5160283446311951
15654,0.5805957317352295
15655,0.5100781321525574
15656,0.39808517694473267
15657,0.46494829654693604
15658,0.270896852016449
15659,0.28825026750564575
15660,0.3145521581172943
15661,0.4452167749404907
15662,0.6400081515312195
15663,0.4526534378528595
15664,0.22939743101596832
15665,0.6028317213058472
15666,0.5805502533912659
15667,0.5437939763069153
15668,0.25904786586761475
15669,0.40374577045440674
15670,0.6458460092544556
15671,0.2168726921081543
15672,0.5706341862678528
15673,0.5778887867927551
15674,0.22972926497459412
15675,0.5936231017112732
15676,0.38518816232681274
15677,0.37738102674484253
15678,0.7642262578010559
15679,0.5775014758110046
15680,0.4030376076698303
15681,0.7209684252738953
15682,0.3935200273990631
15683,0.7447687983512878
15684,0.33133819699287415
15685,0.4326362609863281
15686,0.7240403294563293
15687,0.8088708519935608
15688,0.3913528025150299
15689,0.17167800664901733
15690,0.7857904434204102
15691,0.38302791118621826
15692,0.3515462875366211
15693,0.7189329266548157
15694,0.8375910520553589
15695,0.791412889957428
15696,0.3900286555290222
15697,0.3946704864501953
15698,0.4328905940055847
15699,0.41903042793273926
15700,0.22324199974536896
15701,0.7549195885658264
15702,0.6763661503791809
15703,0.39804404973983765
15704,0.7303581833839417
15705,0.5597721934318542
15706,0.6555925011634827
15707,0.6060381531715393
15708,0.21803030371665955
15709,0.7805884480476379
15710,0.4341985583305359
15711,0.21376724541187286
15712,0.18868647515773773
15713,0.4253479838371277
15714,0.6173578500747681
15715,0.22242751717567444
15716,0.26111575961112976
15717,0.2916068434715271
15718,0.7875837683677673
15719,0.4417160153388977
15720,0.7193124890327454
15721,0.5522891879081726
15722,0.7782848477363586
15723,0.587853729724884
15724,0.44096261262893677
15725,0.5302536487579346
15726,0.42787307500839233
15727,0.22389599680900574
15728,0.3308543562889099
15729,0.4576564431190491
15730,0.3445283770561218
15731,0.22003352642059326
15732,0.3678183853626251
15733,0.8299314379692078
15734,0.6149739623069763
15735,0.5296301245689392
15736,0.5727977156639099
15737,0.7572031021118164
15738,0.6389583945274353
15739,0.5257269740104675
15740,0.7640125155448914
15741,0.31501132249832153
15742,0.6510561108589172
15743,0.16492895781993866
15744,0.825896680355072
15745,0.6299819350242615
15746,0.40082085132598877
15747,0.5571110844612122
15748,0.5102746486663818
15749,0.7024818062782288
15750,0.6506664752960205
15751,0.7188738584518433
15752,0.5234324932098389
15753,0.8187217712402344
15754,0.4732174277305603
15755,0.8128872513771057
15756,0.5696238875389099
15757,0.4688863754272461
15758,0.4078659117221832
15759,0.5420934557914734
15760,0.20034635066986084
15761,0.7694004774093628
15762,0.23521824181079865
15763,0.577523410320282
15764,0.33403074741363525
15765,0.8347321152687073
15766,0.8274239897727966
15767,0.40161484479904175
15768,0.6347278952598572
15769,0.7830228805541992
15770,0.5591968894004822
15771,0.5032718777656555
15772,0.36832958459854126
15773,0.20766720175743103
15774,0.4873712658882141
15775,0.6958318948745728
15776,0.689638078212738
15777,0.2479172945022583
15778,0.5698915719985962
15779,0.7657056450843811
15780,0.5011627674102783
15781,0.29680219292640686
15782,0.8250213265419006
15783,0.624650776386261
15784,0.47198474407196045
15785,0.7072739601135254
15786,0.4422084093093872
15787,0.6610088348388672
15788,0.5202347040176392
15789,0.20140381157398224
15790,0.7469600439071655
15791,0.28985780477523804
15792,0.38620448112487793
15793,0.30821821093559265
15794,0.7988548278808594
15795,0.7123322486877441
15796,0.6452557444572449
15797,0.2738605737686157
15798,0.36247357726097107
15799,0.7722252607345581
15800,0.3451310396194458
15801,0.20933742821216583
15802,0.7566605806350708
15803,0.22727830708026886
15804,0.7111488580703735
15805,0.5873410105705261
15806,0.31910622119903564
15807,0.19424720108509064
15808,0.42545056343078613
15809,0.49253493547439575
15810,0.4981968402862549
15811,0.5113041996955872
15812,0.40960466861724854
15813,0.749101459980011
15814,0.4079659581184387
15815,0.6866676211357117
15816,0.48562270402908325
15817,0.33743393421173096
15818,0.42180535197257996
15819,0.66352778673172
15820,0.6053911447525024
15821,0.5944280624389648
15822,0.29267534613609314
15823,0.8238107562065125
15824,0.737406313419342
15825,0.3142082393169403
15826,0.2923051416873932
15827,0.37978482246398926
15828,0.5704699158668518
15829,0.5805444121360779
15830,0.5084308385848999
15831,0.6515888571739197
15832,0.49220776557922363
15833,0.6926847100257874
15834,0.7755311131477356
15835,0.5502335429191589
15836,0.7658073306083679
15837,0.3760976195335388
15838,0.6596571207046509
15839,0.38905927538871765
15840,0.5309798121452332
15841,0.14860659837722778
15842,0.3877268433570862
15843,0.4948953688144684
15844,0.6171827912330627
15845,0.4816308319568634
15846,0.37504953145980835
15847,0.49598515033721924
15848,0.6636483073234558
15849,0.46607181429862976
15850,0.1965847909450531
15851,0.33720171451568604
15852,0.32946842908859253
15853,0.6947951316833496
15854,0.4148125648498535
15855,0.5266646146774292
15856,0.6549192667007446
15857,0.5058889985084534
15858,0.6827236413955688
15859,0.6646501421928406
15860,0.5765202641487122
15861,0.40534842014312744
15862,0.831068754196167
15863,0.30286329984664917
15864,0.49646034836769104
15865,0.6513990163803101
15866,0.4526696503162384
15867,0.6773607730865479
15868,0.4009644091129303
15869,0.7761273980140686
15870,0.2718276381492615
15871,0.48809105157852173
15872,0.6109737753868103
15873,0.6461668610572815
15874,0.27324575185775757
15875,0.5202210545539856
15876,0.8340715765953064
15877,0.2741023302078247
15878,0.5971227288246155
15879,0.5523502826690674
15880,0.4665619134902954
15881,0.24632054567337036
15882,0.4176602363586426
15883,0.6763970255851746
15884,0.6866037249565125
15885,0.5154402852058411
15886,0.22660289704799652
15887,0.35903894901275635
15888,0.5906872153282166
15889,0.8212503790855408
15890,0.26068562269210815
15891,0.2688479423522949
15892,0.5649630427360535
15893,0.39267587661743164
15894,0.5545530319213867
15895,0.7483298778533936
15896,0.4178858995437622
15897,0.7767756581306458
15898,0.4811903238296509
15899,0.5464947819709778
15900,0.43903234601020813
15901,0.3139563202857971
15902,0.4267207384109497
15903,0.265973836183548
15904,0.2743074297904968
15905,0.4395271837711334
15906,0.6943587064743042
15907,0.41000497341156006
15908,0.22567415237426758
15909,0.7699365019798279
15910,0.4752659201622009
15911,0.6668707132339478
15912,0.4122084975242615
15913,0.3082466125488281
15914,0.7746875286102295
15915,0.43627074360847473
15916,0.460297167301178
15917,0.6564711332321167
15918,0.3501940071582794
15919,0.4471738338470459
15920,0.6672414541244507
15921,0.5331445336341858
15922,0.5231946706771851
15923,0.507530689239502
15924,0.29727303981781006
15925,0.4155554175376892
15926,0.24371564388275146
15927,0.3852253556251526
15928,0.5530588030815125
15929,0.5728735327720642
15930,0.4022938907146454
15931,0.4724232852458954
15932,0.6962777972221375
15933,0.6939108967781067
15934,0.5962380170822144
15935,0.6557452082633972
15936,0.6729253530502319
15937,0.7986121773719788
15938,0.4393925070762634
15939,0.7004483342170715
15940,0.5283480286598206
15941,0.5229600071907043
15942,0.36009925603866577
15943,0.39783719182014465
15944,0.2308427393436432
15945,0.5520375370979309
15946,0.7230716943740845
15947,0.5478492975234985
15948,0.597358763217926
15949,0.8311421275138855
15950,0.5370698571205139
15951,0.32130736112594604
15952,0.19369396567344666
15953,0.2652640640735626
15954,0.5993525385856628
15955,0.6850146651268005
15956,0.42001914978027344
15957,0.1494227796792984
15958,0.3967180550098419
15959,0.24526447057724
15960,0.5545105338096619
15961,0.20149418711662292
15962,0.6892508864402771
15963,0.21879853308200836
15964,0.7799578309059143
15965,0.7950523495674133
15966,0.37190675735473633
15967,0.8016591668128967
15968,0.3728356957435608
15969,0.34929895401000977
15970,0.2131866067647934
15971,0.3610420227050781
15972,0.57960444688797
15973,0.7030239105224609
15974,0.316575825214386
15975,0.7077265977859497
15976,0.5224084854125977
15977,0.20967161655426025
15978,0.8253383040428162
15979,0.4827384948730469
15980,0.5694827437400818
15981,0.4757179021835327
15982,0.30738377571105957
15983,0.5972116589546204
15984,0.2780049741268158
15985,0.27809417247772217
15986,0.8483901619911194
15987,0.8108198046684265
15988,0.8259432911872864
15989,0.7130224704742432
15990,0.2790525257587433
15991,0.7676805257797241
15992,0.3301650583744049
15993,0.42807185649871826
15994,0.6866366863250732
15995,0.6714202761650085
15996,0.6918323636054993
15997,0.6794925332069397
15998,0.3468474745750427
15999,0.6171048879623413
16000,0.5879934430122375
16001,0.5630486607551575
16002,0.7031258344650269
16003,0.42440134286880493
16004,0.4866259694099426
16005,0.4654977321624756
16006,0.3940945267677307
16007,0.3719727396965027
16008,0.5131913423538208
16009,0.1733441948890686
16010,0.26229923963546753
16011,0.686398446559906
16012,0.16690276563167572
16013,0.36006098985671997
16014,0.3784481883049011
16015,0.33118537068367004
16016,0.41714853048324585
16017,0.6282508969306946
16018,0.6797947287559509
16019,0.40758466720581055
16020,0.5251703858375549
16021,0.24123072624206543
16022,0.333726167678833
16023,0.7841490507125854
16024,0.43721091747283936
16025,0.3366416096687317
16026,0.6989635229110718
16027,0.17957454919815063
16028,0.35989221930503845
16029,0.47395965456962585
16030,0.5900222659111023
16031,0.5490341782569885
16032,0.3631380796432495
16033,0.3869439363479614
16034,0.6681193113327026
16035,0.5494750142097473
16036,0.2570721507072449
16037,0.16782233119010925
16038,0.17228472232818604
16039,0.7069135904312134
16040,0.4719742238521576
16041,0.5426979064941406
16042,0.42461735010147095
16043,0.2619592547416687
16044,0.5455173254013062
16045,0.611994206905365
16046,0.6182044148445129
16047,0.47640329599380493
16048,0.6863927245140076
16049,0.6602283716201782
16050,0.7569988369941711
16051,0.40960586071014404
16052,0.44826650619506836
16053,0.7072843909263611
16054,0.7894806861877441
16055,0.4896535277366638
16056,0.16415736079216003
16057,0.771961510181427
16058,0.613990068435669
16059,0.47736856341362
16060,0.5164365172386169
16061,0.48322129249572754
16062,0.20929360389709473
16063,0.78880774974823
16064,0.565060555934906
16065,0.26838037371635437
16066,0.5008083581924438
16067,0.4110453426837921
16068,0.6742801070213318
16069,0.41274771094322205
16070,0.51820969581604
16071,0.21945473551750183
16072,0.2727653980255127
16073,0.5807327032089233
16074,0.6077162027359009
16075,0.5326614379882812
16076,0.43606844544410706
16077,0.1796511858701706
16078,0.3870692253112793
16079,0.33924829959869385
16080,0.4673154354095459
16081,0.6422250866889954
16082,0.17966358363628387
16083,0.42149239778518677
16084,0.7757904529571533
16085,0.48985394835472107
16086,0.4266258478164673
16087,0.2551025152206421
16088,0.44261258840560913
16089,0.47132235765457153
16090,0.5620493292808533
16091,0.8122215867042542
16092,0.40753623843193054
16093,0.6636043190956116
16094,0.46173417568206787
16095,0.5180370211601257
16096,0.7368690371513367
16097,0.6015722155570984
16098,0.47999322414398193
16099,0.6172690987586975
16100,0.3539790213108063
16101,0.5826831459999084
16102,0.440765917301178
16103,0.7350524067878723
16104,0.6762625575065613
16105,0.3087920844554901
16106,0.6106670498847961
16107,0.37821632623672485
16108,0.536607027053833
16109,0.3509759306907654
16110,0.3111986517906189
16111,0.5851334929466248
16112,0.30854111909866333
16113,0.7646389603614807
16114,0.7294004559516907
16115,0.2731349766254425
16116,0.5855908393859863
16117,0.47026878595352173
16118,0.7438568472862244
16119,0.6913103461265564
16120,0.3600994646549225
16121,0.2777678966522217
16122,0.5935723185539246
16123,0.5071410536766052
16124,0.5820329189300537
16125,0.5513163208961487
16126,0.28828001022338867
16127,0.6249516010284424
16128,0.38480329513549805
16129,0.24251128733158112
16130,0.2632623314857483
16131,0.8053730130195618
16132,0.3425968289375305
16133,0.3088342845439911
16134,0.7098298668861389
16135,0.7619013786315918
16136,0.4575112462043762
16137,0.5207306742668152
16138,0.53315269947052
16139,0.6838851571083069
16140,0.8223021626472473
16141,0.48581045866012573
16142,0.5153575539588928
16143,0.3460237979888916
16144,0.6222624182701111
16145,0.5621214509010315
16146,0.7258227467536926
16147,0.5056287050247192
16148,0.5507371425628662
16149,0.6531699895858765
16150,0.551241934299469
16151,0.5576511025428772
16152,0.33841627836227417
16153,0.6662816405296326
16154,0.5208849310874939
16155,0.4785018861293793
16156,0.5445747375488281
16157,0.4523985981941223
16158,0.36031830310821533
16159,0.7213501334190369
16160,0.23077160120010376
16161,0.4454314708709717
16162,0.6199246048927307
16163,0.23119543492794037
16164,0.291236937046051
16165,0.3318062722682953
16166,0.4507649838924408
16167,0.20452751219272614
16168,0.39708179235458374
16169,0.5112897753715515
16170,0.3950982093811035
16171,0.43596798181533813
16172,0.8215200901031494
16173,0.6923364400863647
16174,0.38816016912460327
16175,0.7465917468070984
16176,0.7855969667434692
16177,0.2862226963043213
16178,0.7752363085746765
16179,0.5003084540367126
16180,0.22411951422691345
16181,0.6115281581878662
16182,0.47132962942123413
16183,0.3909025192260742
16184,0.5551759600639343
16185,0.22812432050704956
16186,0.33788418769836426
16187,0.5125600099563599
16188,0.36642420291900635
16189,0.31123989820480347
16190,0.7094523310661316
16191,0.2822505235671997
16192,0.4930013120174408
16193,0.7154756188392639
16194,0.5304215550422668
16195,0.5017688274383545
16196,0.6170130372047424
16197,0.24837911128997803
16198,0.6925712823867798
16199,0.725249707698822
16200,0.6464457511901855
16201,0.25771862268447876
16202,0.35622066259384155
16203,0.37966832518577576
16204,0.24516236782073975
16205,0.2437581568956375
16206,0.7628160119056702
16207,0.5590805411338806
16208,0.44676488637924194
16209,0.6978978514671326
16210,0.4662874937057495
16211,0.4067348837852478
16212,0.4168422222137451
16213,0.7636512517929077
16214,0.24246610701084137
16215,0.6235377788543701
16216,0.21003374457359314
16217,0.6436873078346252
16218,0.670482873916626
16219,0.27750885486602783
16220,0.8215423822402954
16221,0.46769118309020996
16222,0.46234825253486633
16223,0.5874302983283997
16224,0.578723132610321
16225,0.32086169719696045
16226,0.7796815633773804
16227,0.7833557724952698
16228,0.21004419028759003
16229,0.7724934220314026
16230,0.6598606705665588
16231,0.569929838180542
16232,0.6604425311088562
16233,0.6633594036102295
16234,0.3499637246131897
16235,0.4940284490585327
16236,0.7736112475395203
16237,0.535858690738678
16238,0.7342008948326111
16239,0.3095706105232239
16240,0.4967660903930664
16241,0.4638478755950928
16242,0.6548587679862976
16243,0.38945645093917847
16244,0.5357924103736877
16245,0.19328400492668152
16246,0.6000468134880066
16247,0.664932906627655
16248,0.6610794067382812
16249,0.7326151728630066
16250,0.8260106444358826
16251,0.5192959904670715
16252,0.511179506778717
16253,0.5582542419433594
16254,0.2893170714378357
16255,0.4990864396095276
16256,0.6869298815727234
16257,0.7245470881462097
16258,0.3467535972595215
16259,0.5463408827781677
16260,0.2468884140253067
16261,0.724403440952301
16262,0.5819238424301147
16263,0.6885805130004883
16264,0.18204601109027863
16265,0.8304707407951355
16266,0.4733266234397888
16267,0.3979933559894562
16268,0.41638222336769104
16269,0.6153910756111145
16270,0.47537529468536377
16271,0.8215873837471008
16272,0.39083003997802734
16273,0.3995847702026367
16274,0.5772700905799866
16275,0.44434815645217896
16276,0.7183529734611511
16277,0.5451707243919373
16278,0.6957880258560181
16279,0.7047047019004822
16280,0.6002001166343689
16281,0.19505253434181213
16282,0.5753183960914612
16283,0.5320515036582947
16284,0.7953311204910278
16285,0.1883995085954666
16286,0.5660154223442078
16287,0.7753553986549377
16288,0.41152724623680115
16289,0.6581977605819702
16290,0.25714755058288574
16291,0.2714341878890991
16292,0.43017104268074036
16293,0.8232436776161194
16294,0.8202319741249084
16295,0.49708226323127747
16296,0.35714012384414673
16297,0.29430192708969116
16298,0.4076411724090576
16299,0.6948489546775818
16300,0.49817144870758057
16301,0.744419276714325
16302,0.7213646769523621
16303,0.534538209438324
16304,0.26730775833129883
16305,0.37191617488861084
16306,0.7235808968544006
16307,0.7503657937049866
16308,0.4085719585418701
16309,0.3171706795692444
16310,0.45027458667755127
16311,0.5592272281646729
16312,0.8196275234222412
16313,0.2733794152736664
16314,0.601886510848999
16315,0.7250288724899292
16316,0.1912214607000351
16317,0.39619433879852295
16318,0.6725271940231323
16319,0.6100387573242188
16320,0.45661303400993347
16321,0.777606189250946
16322,0.32364827394485474
16323,0.288986474275589
16324,0.3345382809638977
16325,0.583610475063324
16326,0.4951997995376587
16327,0.7091846466064453
16328,0.4158046245574951
16329,0.306288480758667
16330,0.2404075562953949
16331,0.4579354524612427
16332,0.3057047426700592
16333,0.36408692598342896
16334,0.7227991223335266
16335,0.5343132615089417
16336,0.6339614987373352
16337,0.7667014002799988
16338,0.38796505331993103
16339,0.4172978401184082
16340,0.21514178812503815
16341,0.8173118233680725
16342,0.4580308794975281
16343,0.3856639266014099
16344,0.36028334498405457
16345,0.7609601616859436
16346,0.16387087106704712
16347,0.47465941309928894
16348,0.6965696215629578
16349,0.6890655159950256
16350,0.4881898760795593
16351,0.3826602101325989
16352,0.43387049436569214
16353,0.3898574113845825
16354,0.6023020148277283
16355,0.830068051815033
16356,0.5937183499336243
16357,0.7159513831138611
16358,0.36575061082839966
16359,0.40517091751098633
16360,0.4567562937736511
16361,0.8310593366622925
16362,0.5409315228462219
16363,0.7972766160964966
16364,0.7276859283447266
16365,0.43784767389297485
16366,0.6199030876159668
16367,0.640954315662384
16368,0.32862362265586853
16369,0.20075029134750366
16370,0.41314029693603516
16371,0.4368351101875305
16372,0.6815765500068665
16373,0.7455440163612366
16374,0.5358635783195496
16375,0.28311729431152344
16376,0.5505357980728149
16377,0.29911476373672485
16378,0.18220436573028564
16379,0.54775470495224
16380,0.8106868863105774
16381,0.43955761194229126
16382,0.7536054253578186
16383,0.21490977704524994
16384,0.5233154892921448
16385,0.33123236894607544
16386,0.47074997425079346
16387,0.8367040753364563
16388,0.6724880337715149
16389,0.325907826423645
16390,0.2987596094608307
16391,0.3718193769454956
16392,0.21866700053215027
16393,0.41432642936706543
16394,0.702658474445343
16395,0.4983885586261749
16396,0.7086406350135803
16397,0.494916707277298
16398,0.30280137062072754
16399,0.3925771713256836
16400,0.5328407883644104
16401,0.42374664545059204
16402,0.4232974052429199
16403,0.30632802844047546
16404,0.3994855284690857
16405,0.5603618025779724
16406,0.35083311796188354
16407,0.8058040738105774
16408,0.41121891140937805
16409,0.5755234956741333
16410,0.563593327999115
16411,0.6510879397392273
16412,0.42224666476249695
16413,0.2771757245063782
16414,0.3302966356277466
16415,0.34632009267807007
16416,0.6078067421913147
16417,0.42592018842697144
16418,0.4913142919540405
16419,0.6891176700592041
16420,0.5472723841667175
16421,0.29727739095687866
16422,0.8038530945777893
16423,0.25909966230392456
16424,0.43389907479286194
16425,0.5578187108039856
16426,0.525173544883728
16427,0.4110701382160187
16428,0.5370448231697083
16429,0.2033146619796753
16430,0.48893773555755615
16431,0.6009953022003174
16432,0.412106990814209
16433,0.45588672161102295
16434,0.5818418264389038
16435,0.36766600608825684
16436,0.27937498688697815
16437,0.6566402316093445
16438,0.5402414798736572
16439,0.7842175960540771
16440,0.5186038613319397
16441,0.717215359210968
16442,0.2425883412361145
16443,0.5752000212669373
16444,0.4362674951553345
16445,0.34909993410110474
16446,0.7535356879234314
16447,0.5330180525779724
16448,0.4090474843978882
16449,0.4414401650428772
16450,0.18781456351280212
16451,0.6408655643463135
16452,0.5541306138038635
16453,0.7592146396636963
16454,0.7066958546638489
16455,0.36371856927871704
16456,0.5402548909187317
16457,0.613764762878418
16458,0.5515505075454712
16459,0.7955514788627625
16460,0.3121025562286377
16461,0.4160071909427643
16462,0.4666483700275421
16463,0.7309903502464294
16464,0.808214545249939
16465,0.6249145865440369
16466,0.33106178045272827
16467,0.4971219599246979
16468,0.6263943314552307
16469,0.2885900139808655
16470,0.7798678874969482
16471,0.5697180032730103
16472,0.3697565197944641
16473,0.7230814695358276
16474,0.30513715744018555
16475,0.259412556886673
16476,0.5839360952377319
16477,0.4018780589103699
16478,0.7256191372871399
16479,0.6696535348892212
16480,0.3108068108558655
16481,0.6939273476600647
16482,0.4464476704597473
16483,0.3828110098838806
16484,0.6732106804847717
16485,0.6017432808876038
16486,0.2860035002231598
16487,0.4755755662918091
16488,0.5528483986854553
16489,0.5633339285850525
16490,0.5492293238639832
16491,0.5877701044082642
16492,0.6496210694313049
16493,0.5863250494003296
16494,0.5831876397132874
16495,0.7474071383476257
16496,0.37112492322921753
16497,0.3396560549736023
16498,0.4088676869869232
16499,0.3909827172756195
16500,0.31939107179641724
16501,0.513519287109375
16502,0.6993429660797119
16503,0.5319045186042786
16504,0.31962889432907104
16505,0.21944208443164825
16506,0.4384012222290039
16507,0.5208423733711243
16508,0.5016212463378906
16509,0.3969111442565918
16510,0.5649654865264893
16511,0.6229754090309143
16512,0.8147115111351013
16513,0.7727444767951965
16514,0.3746260106563568
16515,0.7791898846626282
16516,0.5654445290565491
16517,0.4619027376174927
16518,0.7517425417900085
16519,0.830061674118042
16520,0.7387836575508118
16521,0.5670227408409119
16522,0.288428395986557
16523,0.31257346272468567
16524,0.47438475489616394
16525,0.6169831156730652
16526,0.6324917674064636
16527,0.5600478053092957
16528,0.3507201075553894
16529,0.34021878242492676
16530,0.7103956341743469
16531,0.4558495879173279
16532,0.4716273248195648
16533,0.6844008564949036
16534,0.31242620944976807
16535,0.4742375612258911
16536,0.7172621488571167
16537,0.5312730669975281
16538,0.4363531172275543
16539,0.7583304047584534
16540,0.44638580083847046
16541,0.359295129776001
16542,0.21848522126674652
16543,0.7755976319313049
16544,0.7410317659378052
16545,0.6475129723548889
16546,0.6158620715141296
16547,0.8041841387748718
16548,0.40236881375312805
16549,0.2514212727546692
16550,0.37070542573928833
16551,0.4228218197822571
16552,0.7342141270637512
16553,0.5445893406867981
16554,0.4735684394836426
16555,0.47658872604370117
16556,0.5207899212837219
16557,0.39286109805107117
16558,0.4981786012649536
16559,0.7316545844078064
16560,0.29468756914138794
16561,0.3404166102409363
16562,0.49519267678260803
16563,0.5359606146812439
16564,0.7103003263473511
16565,0.34624606370925903
16566,0.2819426953792572
16567,0.8044652342796326
16568,0.4742715358734131
16569,0.6882993578910828
16570,0.537417471408844
16571,0.17388463020324707
16572,0.2003350853919983
16573,0.5955600142478943
16574,0.38684436678886414
16575,0.47321635484695435
16576,0.745058000087738
16577,0.5385341048240662
16578,0.4273082911968231
16579,0.5682372450828552
16580,0.4841371178627014
16581,0.4469258189201355
16582,0.3470299243927002
16583,0.3949011564254761
16584,0.5499841570854187
16585,0.7225739359855652
16586,0.6875768899917603
16587,0.77585369348526
16588,0.5065510869026184
16589,0.328523188829422
16590,0.4353114366531372
16591,0.6431160569190979
16592,0.3071531653404236
16593,0.6853194236755371
16594,0.2874024510383606
16595,0.7412868142127991
16596,0.7158221006393433
16597,0.6693918108940125
16598,0.34001195430755615
16599,0.7571510672569275
16600,0.1817808449268341
16601,0.7660509347915649
16602,0.5184083580970764
16603,0.5608274340629578
16604,0.40844863653182983
16605,0.42035406827926636
16606,0.3829209804534912
16607,0.4591023325920105
16608,0.6700115203857422
16609,0.5319636464118958
16610,0.8241031169891357
16611,0.6474617123603821
16612,0.5936846137046814
16613,0.4215514361858368
16614,0.46446308493614197
16615,0.7944245934486389
16616,0.516408383846283
16617,0.29530712962150574
16618,0.5718646049499512
16619,0.4613986909389496
16620,0.4460023045539856
16621,0.825002908706665
16622,0.5170334577560425
16623,0.7721884846687317
16624,0.43480584025382996
16625,0.4559609293937683
16626,0.4231067895889282
16627,0.6742720603942871
16628,0.24669215083122253
16629,0.5094054937362671
16630,0.5853878259658813
16631,0.2838919460773468
16632,0.3515828251838684
16633,0.45603427290916443
16634,0.6680561900138855
16635,0.7672882080078125
16636,0.7106793522834778
16637,0.7445650696754456
16638,0.3220440745353699
16639,0.32605552673339844
16640,0.5310782790184021
16641,0.7384533286094666
16642,0.8310772180557251
16643,0.6832429766654968
16644,0.30759280920028687
16645,0.6585041880607605
16646,0.5941921472549438
16647,0.5540006756782532
16648,0.7378992438316345
16649,0.43900179862976074
16650,0.4093402326107025
16651,0.3724280297756195
16652,0.5749653577804565
16653,0.30705946683883667
16654,0.7367748022079468
16655,0.2714371681213379
16656,0.6048581600189209
16657,0.7035990953445435
16658,0.5375944375991821
16659,0.5651306509971619
16660,0.5557151436805725
16661,0.4297545552253723
16662,0.6985575556755066
16663,0.5284072756767273
16664,0.49821221828460693
16665,0.5035013556480408
16666,0.7133234143257141
16667,0.518114447593689
16668,0.5406050086021423
16669,0.42708033323287964
16670,0.6960588097572327
16671,0.2510731816291809
16672,0.3619014620780945
16673,0.5477649569511414
16674,0.7566661238670349
16675,0.4827805161476135
16676,0.4430588483810425
16677,0.4739725589752197
16678,0.41816407442092896
16679,0.5845096707344055
16680,0.4734093248844147
16681,0.3022637963294983
16682,0.6210180521011353
16683,0.4869757294654846
16684,0.5343753695487976
16685,0.6105149984359741
16686,0.46011626720428467
16687,0.2932767868041992
16688,0.18312585353851318
16689,0.6863101124763489
16690,0.5290116667747498
16691,0.49665939807891846
16692,0.32388758659362793
16693,0.4889931082725525
16694,0.5416737198829651
16695,0.4075413942337036
16696,0.7026862502098083
16697,0.2740579843521118
16698,0.6771668791770935
16699,0.6323379874229431
16700,0.8105046153068542
16701,0.5267671942710876
16702,0.6477969288825989
16703,0.3253985345363617
16704,0.4611223042011261
16705,0.560774028301239
16706,0.3955274820327759
16707,0.38476690649986267
16708,0.46731722354888916
16709,0.25001806020736694
16710,0.37930727005004883
16711,0.28505659103393555
16712,0.5995252132415771
16713,0.5421958565711975
16714,0.7089018225669861
16715,0.519139289855957
16716,0.5493058562278748
16717,0.2893817722797394
16718,0.26274609565734863
16719,0.8050603270530701
16720,0.2383948266506195
16721,0.8099686503410339
16722,0.805280327796936
16723,0.8048924207687378
16724,0.4857448935508728
16725,0.4258430004119873
16726,0.3481435775756836
16727,0.4359082877635956
16728,0.3855195641517639
16729,0.2859783172607422
16730,0.22188782691955566
16731,0.3083401322364807
16732,0.19185784459114075
16733,0.5496906042098999
16734,0.6234506368637085
16735,0.34537196159362793
16736,0.7743788361549377
16737,0.5669754147529602
16738,0.7570035457611084
16739,0.4753354787826538
16740,0.32902583479881287
16741,0.2203027606010437
16742,0.3349875211715698
16743,0.3990486264228821
16744,0.5182793140411377
16745,0.5566396713256836
16746,0.6354586482048035
16747,0.8121543526649475
16748,0.24430465698242188
16749,0.6079137921333313
16750,0.4427120089530945
16751,0.712772786617279
16752,0.819580614566803
16753,0.41884058713912964
16754,0.6887466311454773
16755,0.8251729607582092
16756,0.19138634204864502
16757,0.6717073321342468
16758,0.7042314410209656
16759,0.307890385389328
16760,0.5260021686553955
16761,0.6812288165092468
16762,0.2273126244544983
16763,0.31102168560028076
16764,0.733387291431427
16765,0.6406484842300415
16766,0.504790723323822
16767,0.5815319418907166
16768,0.4426264762878418
16769,0.7063388228416443
16770,0.6963018774986267
16771,0.6219841837882996
16772,0.5667640566825867
16773,0.6681109070777893
16774,0.4919061064720154
16775,0.5735378861427307
16776,0.42244234681129456
16777,0.4398243725299835
16778,0.517609179019928
16779,0.3245471119880676
16780,0.7215251326560974
16781,0.519082248210907
16782,0.5404238104820251
16783,0.8258659243583679
16784,0.42457765340805054
16785,0.3844171166419983
16786,0.3287773132324219
16787,0.41369345784187317
16788,0.14340706169605255
16789,0.5074291229248047
16790,0.31771647930145264
16791,0.39356499910354614
16792,0.46186363697052
16793,0.5666492581367493
16794,0.5980116128921509
16795,0.4618569314479828
16796,0.4391801357269287
16797,0.7172511219978333
16798,0.35314351320266724
16799,0.590246856212616
16800,0.47892412543296814
16801,0.5567291975021362
16802,0.7955924868583679
16803,0.17873407900333405
16804,0.5736131072044373
16805,0.6358748078346252
16806,0.5225116014480591
16807,0.46715831756591797
16808,0.3000853359699249
16809,0.6489430665969849
16810,0.6345992684364319
16811,0.6179922223091125
16812,0.5774549841880798
16813,0.6522685289382935
16814,0.45374441146850586
16815,0.35505908727645874
16816,0.5912290215492249
16817,0.4873697757720947
16818,0.51906418800354
16819,0.5448291301727295
16820,0.6665218472480774
16821,0.5958741903305054
16822,0.8352484107017517
16823,0.3669711947441101
16824,0.3069836497306824
16825,0.4894067049026489
16826,0.7449021935462952
16827,0.7345436811447144
16828,0.48667627573013306
16829,0.42989295721054077
16830,0.5527658462524414
16831,0.36419594287872314
16832,0.40775638818740845
16833,0.28808003664016724
16834,0.19898943603038788
16835,0.3188781142234802
16836,0.2938384413719177
16837,0.5114451050758362
16838,0.5503930449485779
16839,0.40939265489578247
16840,0.6247149705886841
16841,0.5446140170097351
16842,0.366752952337265
16843,0.7217839360237122
16844,0.4318332374095917
16845,0.4385952353477478
16846,0.34914812445640564
16847,0.4524979889392853
16848,0.8311964273452759
16849,0.21812835335731506
16850,0.34424835443496704
16851,0.25927963852882385
16852,0.6167850494384766
16853,0.544065535068512
16854,0.4992508888244629
16855,0.7374587655067444
16856,0.5027623176574707
16857,0.3316378593444824
16858,0.4174104332923889
16859,0.4565885663032532
16860,0.34223634004592896
16861,0.4449310600757599
16862,0.20755647122859955
16863,0.5584290623664856
16864,0.29977476596832275
16865,0.647730827331543
16866,0.5386384725570679
16867,0.3918915390968323
16868,0.43589264154434204
16869,0.7956291437149048
16870,0.5575476288795471
16871,0.7698704600334167
16872,0.41687822341918945
16873,0.17308107018470764
16874,0.6306006908416748
16875,0.47648561000823975
16876,0.7345820665359497
16877,0.6158693432807922
16878,0.8147108554840088
16879,0.5388163328170776
16880,0.479848176240921
16881,0.6806126832962036
16882,0.6944031715393066
16883,0.32272541522979736
16884,0.3597809374332428
16885,0.5733814239501953
16886,0.27880609035491943
16887,0.5510667562484741
16888,0.7129988074302673
16889,0.26316386461257935
16890,0.7260957956314087
16891,0.6213013529777527
16892,0.6336219906806946
16893,0.7712141871452332
16894,0.6465402841567993
16895,0.4787205159664154
16896,0.7866899371147156
16897,0.2064284235239029
16898,0.46781712770462036
16899,0.31853562593460083
16900,0.6444551348686218
16901,0.6342719793319702
16902,0.8240628838539124
16903,0.7432950139045715
16904,0.7414352297782898
16905,0.30428558588027954
16906,0.5352818369865417
16907,0.415998250246048
16908,0.5820968747138977
16909,0.7510973215103149
16910,0.771677553653717
16911,0.782041609287262
16912,0.7879610657691956
16913,0.6435650587081909
16914,0.536727786064148
16915,0.5662529468536377
16916,0.41021329164505005
16917,0.2764458656311035
16918,0.5139318704605103
16919,0.5870727896690369
16920,0.3815002143383026
16921,0.45006561279296875
16922,0.461015522480011
16923,0.43027758598327637
16924,0.5332009196281433
16925,0.3733394742012024
16926,0.31577396392822266
16927,0.5077424645423889
16928,0.4623725116252899
16929,0.8078033328056335
16930,0.4010769724845886
16931,0.3546420931816101
16932,0.6594164967536926
16933,0.7738773822784424
16934,0.19076856970787048
16935,0.4916154742240906
16936,0.16983294486999512
16937,0.3271220922470093
16938,0.32893019914627075
16939,0.7239158749580383
16940,0.6464529037475586
16941,0.5688427090644836
16942,0.7513483166694641
16943,0.5438085794448853
16944,0.192666694521904
16945,0.8354294896125793
16946,0.32715481519699097
16947,0.31041842699050903
16948,0.4947793185710907
16949,0.7985525131225586
16950,0.27907270193099976
16951,0.62425297498703
16952,0.5814664959907532
16953,0.34763044118881226
16954,0.7968803644180298
16955,0.7441862225532532
16956,0.5131637454032898
16957,0.4165288805961609
16958,0.5254860520362854
16959,0.45596542954444885
16960,0.7724453806877136
16961,0.6700019240379333
16962,0.4917147755622864
16963,0.2349565029144287
16964,0.41746723651885986
16965,0.1885269731283188
16966,0.6992016434669495
16967,0.4403126835823059
16968,0.7213766574859619
16969,0.8110660910606384
16970,0.8105653524398804
16971,0.5367854237556458
16972,0.5853232145309448
16973,0.7123921513557434
16974,0.2973472774028778
16975,0.7972539067268372
16976,0.46770310401916504
16977,0.578548789024353
16978,0.8067896962165833
16979,0.4860836863517761
16980,0.46207207441329956
16981,0.3153521716594696
16982,0.712833821773529
16983,0.6945610046386719
16984,0.4392891228199005
16985,0.7563163042068481
16986,0.6884798407554626
16987,0.49153000116348267
16988,0.48632723093032837
16989,0.310941219329834
16990,0.7224043011665344
16991,0.41567015647888184
16992,0.7175045609474182
16993,0.7274366021156311
16994,0.6595026850700378
16995,0.5741839408874512
16996,0.4474533498287201
16997,0.30693650245666504
16998,0.388174831867218
16999,0.6395101547241211
17000,0.5426065325737
17001,0.6506864428520203
17002,0.6798310875892639
17003,0.47665122151374817
17004,0.7302624583244324
17005,0.24005408585071564
17006,0.4816766381263733
17007,0.6745134592056274
17008,0.43193140625953674
17009,0.44274038076400757
17010,0.3896389603614807
17011,0.35505491495132446
17012,0.3601771593093872
17013,0.6502813696861267
17014,0.7104940414428711
17015,0.49808406829833984
17016,0.4163922667503357
17017,0.643254280090332
17018,0.2876627445220947
17019,0.17088858783245087
17020,0.5937957167625427
17021,0.257784903049469
17022,0.7723809480667114
17023,0.45422419905662537
17024,0.40562719106674194
17025,0.5804572105407715
17026,0.7181575298309326
17027,0.5218693017959595
17028,0.4695791006088257
17029,0.6192598938941956
17030,0.4345574378967285
17031,0.5203251242637634
17032,0.46012675762176514
17033,0.28939542174339294
17034,0.3409135341644287
17035,0.44835135340690613
17036,0.5190971493721008
17037,0.554291307926178
17038,0.6834660172462463
17039,0.680803120136261
17040,0.8355693221092224
17041,0.5720744132995605
17042,0.3596838712692261
17043,0.29486674070358276
17044,0.47431480884552
17045,0.42993685603141785
17046,0.6958944201469421
17047,0.3607909679412842
17048,0.4090311527252197
17049,0.24792811274528503
17050,0.5116650462150574
17051,0.7268162369728088
17052,0.68314528465271
17053,0.8346911072731018
17054,0.6527834534645081
17055,0.30209627747535706
17056,0.3573600947856903
17057,0.2936885356903076
17058,0.4038580060005188
17059,0.3554378151893616
17060,0.2312048375606537
17061,0.8188544511795044
17062,0.7601025700569153
17063,0.19119088351726532
17064,0.3577105402946472
17065,0.4609275758266449
17066,0.48453646898269653
17067,0.4051266312599182
17068,0.7719146609306335
17069,0.18460549414157867
17070,0.8392406702041626
17071,0.3038506805896759
17072,0.395657479763031
17073,0.569659411907196
17074,0.6490336060523987
17075,0.2298053503036499
17076,0.255123496055603
17077,0.4599239230155945
17078,0.7530749440193176
17079,0.5255182385444641
17080,0.5083394646644592
17081,0.8191624879837036
17082,0.2113601565361023
17083,0.7123766541481018
17084,0.7663634419441223
17085,0.325929194688797
17086,0.3030412197113037
17087,0.46339794993400574
17088,0.35595011711120605
17089,0.7710022926330566
17090,0.3819372057914734
17091,0.5735071897506714
17092,0.5124261975288391
17093,0.4682682454586029
17094,0.4502784013748169
17095,0.7351968288421631
17096,0.7942705750465393
17097,0.7786762714385986
17098,0.8011456727981567
17099,0.5654392838478088
17100,0.5453094840049744
17101,0.373745322227478
17102,0.36956673860549927
17103,0.8298449516296387
17104,0.44746291637420654
17105,0.38148629665374756
17106,0.42511653900146484
17107,0.3024064600467682
17108,0.476828932762146
17109,0.3040960729122162
17110,0.24810191988945007
17111,0.6979069113731384
17112,0.5693740844726562
17113,0.29317960143089294
17114,0.8281790018081665
17115,0.39220869541168213
17116,0.4879601299762726
17117,0.26339849829673767
17118,0.7405766248703003
17119,0.33602505922317505
17120,0.5768831968307495
17121,0.4463762044906616
17122,0.3714257478713989
17123,0.7352813482284546
17124,0.7740347981452942
17125,0.4078129827976227
17126,0.4895724058151245
17127,0.44949114322662354
17128,0.5824623107910156
17129,0.34264516830444336
17130,0.7827398180961609
17131,0.23820184171199799
17132,0.7890626788139343
17133,0.351905882358551
17134,0.5064025521278381
17135,0.582584798336029
17136,0.3606976270675659
17137,0.47568511962890625
17138,0.501770555973053
17139,0.5158305168151855
17140,0.3264583945274353
17141,0.4414319097995758
17142,0.28399503231048584
17143,0.31552982330322266
17144,0.4951896667480469
17145,0.2658118009567261
17146,0.44539162516593933
17147,0.5017523169517517
17148,0.3923839330673218
17149,0.25200241804122925
17150,0.5565266609191895
17151,0.659562885761261
17152,0.5084681510925293
17153,0.5430760383605957
17154,0.7201180458068848
17155,0.4566953480243683
17156,0.7204691767692566
17157,0.8150777220726013
17158,0.5132396817207336
17159,0.27755215764045715
17160,0.21343614161014557
17161,0.546379029750824
17162,0.7590203881263733
17163,0.7145373821258545
17164,0.6723614931106567
17165,0.44442838430404663
17166,0.44763848185539246
17167,0.3663337826728821
17168,0.21217352151870728
17169,0.8325391411781311
17170,0.3405216932296753
17171,0.5502412915229797
17172,0.46496665477752686
17173,0.5083470940589905
17174,0.696275532245636
17175,0.5023416876792908
17176,0.5591802000999451
17177,0.5995634198188782
17178,0.38252192735671997
17179,0.4177461862564087
17180,0.208211287856102
17181,0.7176209092140198
17182,0.7790504097938538
17183,0.5531256794929504
17184,0.33932578563690186
17185,0.6907879114151001
17186,0.5067720413208008
17187,0.48484763503074646
17188,0.6056357622146606
17189,0.7696508169174194
17190,0.3471868336200714
17191,0.796930193901062
17192,0.33409205079078674
17193,0.4756695330142975
17194,0.5566262006759644
17195,0.7269100546836853
17196,0.41211676597595215
17197,0.4751776456832886
17198,0.3171962797641754
17199,0.8445557355880737
17200,0.5282616019248962
17201,0.6720337867736816
17202,0.28279349207878113
17203,0.5572291016578674
17204,0.2609555721282959
17205,0.6806426048278809
17206,0.33945798873901367
17207,0.49933815002441406
17208,0.7083994746208191
17209,0.5492449402809143
17210,0.5242967009544373
17211,0.5451703667640686
17212,0.29415303468704224
17213,0.5301545858383179
17214,0.21471238136291504
17215,0.5639809966087341
17216,0.26563388109207153
17217,0.6625033020973206
17218,0.4574025273323059
17219,0.40604597330093384
17220,0.4454819858074188
17221,0.4939965605735779
17222,0.2260846048593521
17223,0.5099202990531921
17224,0.7076793909072876
17225,0.3686385154724121
17226,0.7566928863525391
17227,0.8094130158424377
17228,0.36538106203079224
17229,0.4114522933959961
17230,0.7084343433380127
17231,0.5629429221153259
17232,0.6091856956481934
17233,0.5225246548652649
17234,0.20693063735961914
17235,0.30655473470687866
17236,0.6133195757865906
17237,0.5910519957542419
17238,0.5442327260971069
17239,0.5531713366508484
17240,0.3627190589904785
17241,0.7042695879936218
17242,0.4163409173488617
17243,0.2646082937717438
17244,0.4761885404586792
17245,0.7938327193260193
17246,0.27338364720344543
17247,0.6575977802276611
17248,0.2950528860092163
17249,0.19502681493759155
17250,0.44119125604629517
17251,0.5236498117446899
17252,0.5067556500434875
17253,0.22467771172523499
17254,0.5353690385818481
17255,0.6792206168174744
17256,0.26357030868530273
17257,0.34259435534477234
17258,0.5480472445487976
17259,0.7944769263267517
17260,0.42624831199645996
17261,0.735401451587677
17262,0.47459858655929565
17263,0.5076510906219482
17264,0.49313268065452576
17265,0.5732072591781616
17266,0.30900871753692627
17267,0.3382856845855713
17268,0.22288356721401215
17269,0.2091139853000641
17270,0.5133045315742493
17271,0.5347834229469299
17272,0.7637907862663269
17273,0.3945292830467224
17274,0.5858860611915588
17275,0.38975584506988525
17276,0.7286505103111267
17277,0.26033902168273926
17278,0.3365725576877594
17279,0.8181897401809692
17280,0.7221572995185852
17281,0.33177608251571655
17282,0.7192770838737488
17283,0.2191394567489624
17284,0.2584936022758484
17285,0.4807721972465515
17286,0.4500771164894104
17287,0.4876103401184082
17288,0.53864985704422
17289,0.2723062038421631
17290,0.6803232431411743
17291,0.40835845470428467
17292,0.5827829241752625
17293,0.6625543832778931
17294,0.25816673040390015
17295,0.40806710720062256
17296,0.44492924213409424
17297,0.4976925253868103
17298,0.6391289234161377
17299,0.5469000935554504
17300,0.2275317907333374
17301,0.5711529850959778
17302,0.40017399191856384
17303,0.3771045506000519
17304,0.4795622229576111
17305,0.5337323546409607
17306,0.548753559589386
17307,0.45259201526641846
17308,0.3747248649597168
17309,0.7104962468147278
17310,0.5633590817451477
17311,0.6517559885978699
17312,0.3681434988975525
17313,0.8244418501853943
17314,0.5615206360816956
17315,0.6055364012718201
17316,0.7462160587310791
17317,0.280519962310791
17318,0.2008059024810791
17319,0.44904452562332153
17320,0.3688090443611145
17321,0.6582801938056946
17322,0.5391954779624939
17323,0.5660647749900818
17324,0.42477065324783325
17325,0.559872031211853
17326,0.5356503129005432
17327,0.5810872316360474
17328,0.34996578097343445
17329,0.6123361587524414
17330,0.5084559917449951
17331,0.23595905303955078
17332,0.5263660550117493
17333,0.7179509997367859
17334,0.6460745930671692
17335,0.3544687032699585
17336,0.7441568970680237
17337,0.44741201400756836
17338,0.5610683560371399
17339,0.4943408966064453
17340,0.2858751118183136
17341,0.5480586886405945
17342,0.3011060059070587
17343,0.4233033061027527
17344,0.245192751288414
17345,0.4474340081214905
17346,0.44057923555374146
17347,0.3077476918697357
17348,0.19981136918067932
17349,0.5548525452613831
17350,0.6788252592086792
17351,0.47586390376091003
17352,0.23883306980133057
17353,0.47674620151519775
17354,0.25782495737075806
17355,0.3839579224586487
17356,0.5633698105812073
17357,0.8266980648040771
17358,0.4072992205619812
17359,0.48683926463127136
17360,0.3995929956436157
17361,0.37963008880615234
17362,0.23187945783138275
17363,0.33266955614089966
17364,0.5676791071891785
17365,0.6239218711853027
17366,0.6592695116996765
17367,0.5183120965957642
17368,0.4031139016151428
17369,0.7459520697593689
17370,0.2836955785751343
17371,0.5824488401412964
17372,0.6963877081871033
17373,0.5274832844734192
17374,0.34421950578689575
17375,0.5739465951919556
17376,0.6447218656539917
17377,0.36896347999572754
17378,0.5204102396965027
17379,0.412393182516098
17380,0.3870517909526825
17381,0.620625913143158
17382,0.35773539543151855
17383,0.8248903155326843
17384,0.425912082195282
17385,0.48758482933044434
17386,0.6762614846229553
17387,0.8287835121154785
17388,0.5151821970939636
17389,0.7121378779411316
17390,0.2522656321525574
17391,0.24821414053440094
17392,0.5234205722808838
17393,0.26063039898872375
17394,0.49950456619262695
17395,0.2782917022705078
17396,0.19304059445858002
17397,0.5082684755325317
17398,0.35681962966918945
17399,0.667962372303009
17400,0.4323941469192505
17401,0.38501811027526855
17402,0.6669219136238098
17403,0.603295087814331
17404,0.6457775235176086
17405,0.3122587203979492
17406,0.32335707545280457
17407,0.43201881647109985
17408,0.6781502962112427
17409,0.4027825891971588
17410,0.8435749411582947
17411,0.6761758923530579
17412,0.5503475666046143
17413,0.6343390345573425
17414,0.5104107856750488
17415,0.6358810663223267
17416,0.4099287986755371
17417,0.29654255509376526
17418,0.34370654821395874
17419,0.6346113085746765
17420,0.30339354276657104
17421,0.33496853709220886
17422,0.5515443682670593
17423,0.4922857880592346
17424,0.7113210558891296
17425,0.26730406284332275
17426,0.7243253588676453
17427,0.5144614577293396
17428,0.8073427677154541
17429,0.49238336086273193
17430,0.4220905005931854
17431,0.6200161576271057
17432,0.7575806975364685
17433,0.73275226354599
17434,0.5586273074150085
17435,0.6399073600769043
17436,0.4219951927661896
17437,0.6882820725440979
17438,0.34422051906585693
17439,0.7136288285255432
17440,0.19623520970344543
17441,0.33370763063430786
17442,0.6886338591575623
17443,0.5875993371009827
17444,0.7399449944496155
17445,0.5262172818183899
17446,0.49980032444000244
17447,0.37346333265304565
17448,0.2680264711380005
17449,0.5005742311477661
17450,0.3439179062843323
17451,0.5079237818717957
17452,0.3502179980278015
17453,0.7149714231491089
17454,0.540821373462677
17455,0.8280104398727417
17456,0.24016642570495605
17457,0.2939305305480957
17458,0.7480413317680359
17459,0.5243991017341614
17460,0.829158365726471
17461,0.35709917545318604
17462,0.4087064862251282
17463,0.5712496042251587
17464,0.6484037041664124
17465,0.2684040069580078
17466,0.25695908069610596
17467,0.7471087574958801
17468,0.43114036321640015
17469,0.7075019478797913
17470,0.3233908712863922
17471,0.2653657793998718
17472,0.5442460179328918
17473,0.7428712248802185
17474,0.40308859944343567
17475,0.6865541934967041
17476,0.4830366373062134
17477,0.40403950214385986
17478,0.7372961640357971
17479,0.5836679935455322
17480,0.48416221141815186
17481,0.7785005569458008
17482,0.3634699881076813
17483,0.21025247871875763
17484,0.7194238901138306
17485,0.43711933493614197
17486,0.6972120404243469
17487,0.5169885754585266
17488,0.8299879431724548
17489,0.5146729946136475
17490,0.47405534982681274
17491,0.4991840720176697
17492,0.5663769841194153
17493,0.32376980781555176
17494,0.7687932848930359
17495,0.4084535837173462
17496,0.3573436141014099
17497,0.7450365424156189
17498,0.5731697678565979
17499,0.1842661201953888
17500,0.5085870623588562
17501,0.7902615666389465
17502,0.831403911113739
17503,0.6591972708702087
17504,0.39300963282585144
17505,0.40879178047180176
17506,0.4633133113384247
17507,0.17391322553157806
17508,0.4873706102371216
17509,0.42237794399261475
17510,0.5355743765830994
17511,0.350014865398407
17512,0.4001849889755249
17513,0.7107671499252319
17514,0.3712082505226135
17515,0.5698743462562561
17516,0.6353402733802795
17517,0.8154656291007996
17518,0.3335838317871094
17519,0.42534032464027405
17520,0.812338650226593
17521,0.4592076539993286
17522,0.3747754693031311
17523,0.524409830570221
17524,0.2825118601322174
17525,0.6884056925773621
17526,0.7224820256233215
17527,0.7730389833450317
17528,0.5134291052818298
17529,0.32260942459106445
17530,0.428637832403183
17531,0.6955238580703735
17532,0.37362825870513916
17533,0.3518083989620209
17534,0.23743416368961334
17535,0.7313394546508789
17536,0.31307005882263184
17537,0.5528728365898132
17538,0.7804368138313293
17539,0.5227935314178467
17540,0.3768617808818817
17541,0.3232285976409912
17542,0.3864268362522125
17543,0.5539087653160095
17544,0.6249251365661621
17545,0.6243460178375244
17546,0.39423465728759766
17547,0.44786256551742554
17548,0.6973759531974792
17549,0.5838080048561096
17550,0.6014918684959412
17551,0.5513415932655334
17552,0.3652236759662628
17553,0.5173319578170776
17554,0.6639406085014343
17555,0.780141294002533
17556,0.25713810324668884
17557,0.6790556311607361
17558,0.46558016538619995
17559,0.3301658630371094
17560,0.5661606192588806
17561,0.7565414309501648
17562,0.577552855014801
17563,0.46951133012771606
17564,0.32002460956573486
17565,0.33419859409332275
17566,0.829657793045044
17567,0.2451191246509552
17568,0.42529141902923584
17569,0.42024457454681396
17570,0.35463011264801025
17571,0.7373003363609314
17572,0.7780713438987732
17573,0.36427608132362366
17574,0.5463075041770935
17575,0.5535339713096619
17576,0.6631040573120117
17577,0.366022527217865
17578,0.3188008964061737
17579,0.34167417883872986
17580,0.15713874995708466
17581,0.22804205119609833
17582,0.7461983561515808
17583,0.547120988368988
17584,0.38192522525787354
17585,0.2277888059616089
17586,0.5160571932792664
17587,0.7343364357948303
17588,0.5813707709312439
17589,0.28838592767715454
17590,0.2387874722480774
17591,0.7285815477371216
17592,0.41715073585510254
17593,0.2961961627006531
17594,0.3730868697166443
17595,0.8234034180641174
17596,0.4681665003299713
17597,0.31723374128341675
17598,0.44058290123939514
17599,0.8045333027839661
17600,0.2688020169734955
17601,0.5884019732475281
17602,0.6498836874961853
17603,0.3619855046272278
17604,0.6954717636108398
17605,0.49521273374557495
17606,0.3677818775177002
17607,0.338893860578537
17608,0.5913942456245422
17609,0.49107885360717773
17610,0.41344356536865234
17611,0.7582453489303589
17612,0.7959709763526917
17613,0.7937130331993103
17614,0.27959221601486206
17615,0.4600652754306793
17616,0.6160764098167419
17617,0.2041207253932953
17618,0.2106061726808548
17619,0.4565446078777313
17620,0.42930418252944946
17621,0.5716151595115662
17622,0.7923767566680908
17623,0.3967037796974182
17624,0.2913585901260376
17625,0.6165977120399475
17626,0.7059739232063293
17627,0.25221335887908936
17628,0.4894493520259857
17629,0.6184635162353516
17630,0.5725191235542297
17631,0.7046921253204346
17632,0.48397311568260193
17633,0.3519059121608734
17634,0.4487701654434204
17635,0.24647024273872375
17636,0.6372448205947876
17637,0.47474241256713867
17638,0.4833546578884125
17639,0.5427664518356323
17640,0.4235163629055023
17641,0.7436813116073608
17642,0.4947206974029541
17643,0.2760876417160034
17644,0.7521913051605225
17645,0.49359023571014404
17646,0.44307827949523926
17647,0.8026686310768127
17648,0.7589111924171448
17649,0.297052800655365
17650,0.5413267612457275
17651,0.6049689650535583
17652,0.5875234603881836
17653,0.5998894572257996
17654,0.39155566692352295
17655,0.40094947814941406
17656,0.2580988109111786
17657,0.47830671072006226
17658,0.7117735743522644
17659,0.19867244362831116
17660,0.6781603693962097
17661,0.6106297373771667
17662,0.8273815512657166
17663,0.537945568561554
17664,0.4326452612876892
17665,0.25617265701293945
17666,0.6860788464546204
17667,0.3197944164276123
17668,0.8046137690544128
17669,0.4875497817993164
17670,0.5633248686790466
17671,0.6072254776954651
17672,0.28349602222442627
17673,0.5588037371635437
17674,0.41917896270751953
17675,0.7415907382965088
17676,0.7367874979972839
17677,0.6178785562515259
17678,0.5327900052070618
17679,0.6508150696754456
17680,0.5061365365982056
17681,0.4581623673439026
17682,0.407078355550766
17683,0.36568987369537354
17684,0.459794819355011
17685,0.3570077121257782
17686,0.7251811027526855
17687,0.3932022452354431
17688,0.3197995126247406
17689,0.34540891647338867
17690,0.5200471878051758
17691,0.3902868628501892
17692,0.47752973437309265
17693,0.5426738858222961
17694,0.34493863582611084
17695,0.28535574674606323
17696,0.363063782453537
17697,0.5574997663497925
17698,0.8146290183067322
17699,0.47314393520355225
17700,0.5984600186347961
17701,0.6874869465827942
17702,0.30295783281326294
17703,0.8224931955337524
17704,0.8237257599830627
17705,0.5458320379257202
17706,0.17100036144256592
17707,0.6009382009506226
17708,0.38614124059677124
17709,0.20757463574409485
17710,0.6096262335777283
17711,0.4438591003417969
17712,0.3940337300300598
17713,0.7290111184120178
17714,0.47894054651260376
17715,0.6906335353851318
17716,0.35128283500671387
17717,0.3692936897277832
17718,0.6074002385139465
17719,0.3517639636993408
17720,0.3087533414363861
17721,0.5691139101982117
17722,0.5844744443893433
17723,0.5118855834007263
17724,0.39821019768714905
17725,0.47175246477127075
17726,0.7724080681800842
17727,0.3829682171344757
17728,0.499702513217926
17729,0.7461797595024109
17730,0.7221075892448425
17731,0.3943702280521393
17732,0.4062943458557129
17733,0.308786541223526
17734,0.4374372959136963
17735,0.27446621656417847
17736,0.222425639629364
17737,0.28962427377700806
17738,0.8221462965011597
17739,0.3907705247402191
17740,0.3663175702095032
17741,0.28404828906059265
17742,0.5155981183052063
17743,0.48787325620651245
17744,0.21234534680843353
17745,0.2220924198627472
17746,0.5183926224708557
17747,0.39933329820632935
17748,0.40145403146743774
17749,0.45067375898361206
17750,0.6603847146034241
17751,0.6877497434616089
17752,0.3959517776966095
17753,0.7961503863334656
17754,0.5347145199775696
17755,0.25551462173461914
17756,0.54274982213974
17757,0.3820309042930603
17758,0.597234308719635
17759,0.5063690543174744
17760,0.16298164427280426
17761,0.50127112865448
17762,0.2177242487668991
17763,0.48631200194358826
17764,0.6588843464851379
17765,0.445080041885376
17766,0.47272276878356934
17767,0.2908877730369568
17768,0.5669324994087219
17769,0.6947704553604126
17770,0.3416648507118225
17771,0.8250768780708313
17772,0.7166740298271179
17773,0.463187038898468
17774,0.5004423260688782
17775,0.8004588484764099
17776,0.26062774658203125
17777,0.40771767497062683
17778,0.510964035987854
17779,0.4669452905654907
17780,0.40834125876426697
17781,0.5234693884849548
17782,0.3393901586532593
17783,0.20423296093940735
17784,0.7284576296806335
17785,0.5579462647438049
17786,0.6366631388664246
17787,0.454383909702301
17788,0.43576183915138245
17789,0.630439817905426
17790,0.3974272608757019
17791,0.4335368871688843
17792,0.4849333167076111
17793,0.6599961519241333
17794,0.826714038848877
17795,0.45246317982673645
17796,0.5818307399749756
17797,0.7345148921012878
17798,0.31070569157600403
17799,0.5290241241455078
17800,0.2967897057533264
17801,0.37155354022979736
17802,0.532347559928894
17803,0.3922479748725891
17804,0.5661682486534119
17805,0.5394553542137146
17806,0.4342271089553833
17807,0.6431381106376648
17808,0.7060909271240234
17809,0.4122755527496338
17810,0.41989660263061523
17811,0.42910605669021606
17812,0.45632079243659973
17813,0.571989119052887
17814,0.4553779363632202
17815,0.4585176706314087
17816,0.54448401927948
17817,0.28473952412605286
17818,0.6464632153511047
17819,0.5942990183830261
17820,0.5048279762268066
17821,0.7219910621643066
17822,0.5812176465988159
17823,0.24580442905426025
17824,0.5301094651222229
17825,0.5295011401176453
17826,0.37716543674468994
17827,0.1867304891347885
17828,0.533439040184021
17829,0.20065584778785706
17830,0.43350547552108765
17831,0.488792359828949
17832,0.6127980947494507
17833,0.5473784804344177
17834,0.3762391209602356
17835,0.42275094985961914
17836,0.6805657148361206
17837,0.8281879425048828
17838,0.4066004455089569
17839,0.6847783923149109
17840,0.7939752340316772
17841,0.37620657682418823
17842,0.4525819420814514
17843,0.49855124950408936
17844,0.31591904163360596
17845,0.4807232618331909
17846,0.46499350666999817
17847,0.5601664781570435
17848,0.3849482834339142
17849,0.33475929498672485
17850,0.6792661547660828
17851,0.6324619650840759
17852,0.48825347423553467
17853,0.22938397526741028
17854,0.6049550771713257
17855,0.4885169267654419
17856,0.7159810662269592
17857,0.5615091919898987
17858,0.45214635133743286
17859,0.3815244138240814
17860,0.2766220271587372
17861,0.4477325677871704
17862,0.4811703860759735
17863,0.4438706338405609
17864,0.5845595002174377
17865,0.4822666645050049
17866,0.32946687936782837
17867,0.4575454592704773
17868,0.3592122495174408
17869,0.5809894800186157
17870,0.22580981254577637
17871,0.5340185165405273
17872,0.689714252948761
17873,0.43916499614715576
17874,0.4866933822631836
17875,0.33687257766723633
17876,0.3501599431037903
17877,0.6103434562683105
17878,0.468711793422699
17879,0.6239821314811707
17880,0.24429363012313843
17881,0.7655953764915466
17882,0.4307808578014374
17883,0.45398280024528503
17884,0.28712013363838196
17885,0.654897153377533
17886,0.4082608222961426
17887,0.419379860162735
17888,0.6366076469421387
17889,0.584879457950592
17890,0.7832412123680115
17891,0.26502716541290283
17892,0.16907092928886414
17893,0.4379279315471649
17894,0.4938558340072632
17895,0.5125471353530884
17896,0.471096396446228
17897,0.491405189037323
17898,0.623379647731781
17899,0.46652743220329285
17900,0.49814146757125854
17901,0.5031953454017639
17902,0.2563091516494751
17903,0.49753817915916443
17904,0.7919875979423523
17905,0.44959384202957153
17906,0.49160224199295044
17907,0.3816635310649872
17908,0.7189942002296448
17909,0.74400395154953
17910,0.6355447769165039
17911,0.769220769405365
17912,0.2808695137500763
17913,0.8142119646072388
17914,0.5610424280166626
17915,0.3716432750225067
17916,0.34424132108688354
17917,0.2694084644317627
17918,0.4099528193473816
17919,0.6138860583305359
17920,0.7756133079528809
17921,0.3499371409416199
17922,0.7349996566772461
17923,0.26714664697647095
17924,0.3379584550857544
17925,0.4815859794616699
17926,0.8130123615264893
17927,0.5294451117515564
17928,0.5923706293106079
17929,0.2630242109298706
17930,0.3850301504135132
17931,0.3491763472557068
17932,0.6257314085960388
17933,0.7270984649658203
17934,0.6865198016166687
17935,0.4975461959838867
17936,0.49045050144195557
17937,0.34244418144226074
17938,0.62773597240448
17939,0.5504708886146545
17940,0.5573737025260925
17941,0.20368528366088867
17942,0.4977680742740631
17943,0.5074620246887207
17944,0.20542806386947632
17945,0.2654202878475189
17946,0.5044559240341187
17947,0.5095195770263672
17948,0.2872799038887024
17949,0.563896119594574
17950,0.703639805316925
17951,0.5029934644699097
17952,0.27567604184150696
17953,0.6632644534111023
17954,0.6345345377922058
17955,0.5550296306610107
17956,0.2885424494743347
17957,0.26391786336898804
17958,0.3129650056362152
17959,0.6415646076202393
17960,0.7349616885185242
17961,0.5151724815368652
17962,0.6413378119468689
17963,0.3998550772666931
17964,0.2920592427253723
17965,0.4480937421321869
17966,0.4351213574409485
17967,0.371650755405426
17968,0.246824249625206
17969,0.3678276538848877
17970,0.26746487617492676
17971,0.7730241417884827
17972,0.689659595489502
17973,0.30796757340431213
17974,0.5699718594551086
17975,0.40215611457824707
17976,0.7244641780853271
17977,0.8401954770088196
17978,0.3041822910308838
17979,0.5459608435630798
17980,0.4986875355243683
17981,0.6869683861732483
17982,0.7541200518608093
17983,0.5612675547599792
17984,0.6651427149772644
17985,0.5555988550186157
17986,0.35692957043647766
17987,0.24218979477882385
17988,0.5261489748954773
17989,0.7858608365058899
17990,0.7742857933044434
17991,0.5781497359275818
17992,0.41032183170318604
17993,0.7310914397239685
17994,0.16258738934993744
17995,0.6841881275177002
17996,0.4767551124095917
17997,0.5773751735687256
17998,0.2831946611404419
17999,0.18929383158683777
18000,0.8022121787071228
18001,0.5097527503967285
18002,0.22967565059661865
18003,0.3890920579433441
18004,0.2771958112716675
18005,0.5769235491752625
18006,0.42808622121810913
18007,0.6540749073028564
18008,0.5755313038825989
18009,0.6637650728225708
18010,0.645431399345398
18011,0.2435792088508606
18012,0.49898308515548706
18013,0.530728280544281
18014,0.7775509357452393
18015,0.5805619955062866
18016,0.45919907093048096
18017,0.6927651762962341
18018,0.6758831143379211
18019,0.6989362239837646
18020,0.5781643390655518
18021,0.2751273214817047
18022,0.3641975522041321
18023,0.414580374956131
18024,0.20349808037281036
18025,0.48015400767326355
18026,0.2710976004600525
18027,0.3369327187538147
18028,0.6372678279876709
18029,0.4300820231437683
18030,0.4553767442703247
18031,0.6389805674552917
18032,0.19268472492694855
18033,0.7359943985939026
18034,0.7448540329933167
18035,0.6935228109359741
18036,0.4644673466682434
18037,0.3934226632118225
18038,0.5370864272117615
18039,0.427688330411911
18040,0.5818827748298645
18041,0.6253799796104431
18042,0.43272265791893005
18043,0.3312909007072449
18044,0.40336328744888306
18045,0.21603362262248993
18046,0.8041990399360657
18047,0.4957045912742615
18048,0.7832849621772766
18049,0.6590495705604553
18050,0.3425680994987488
18051,0.3182562589645386
18052,0.7050871253013611
18053,0.4340122938156128
18054,0.41811949014663696
18055,0.5099160075187683
18056,0.4106670618057251
18057,0.5727511048316956
18058,0.5314161777496338
18059,0.22773154079914093
18060,0.41304633021354675
18061,0.7418650984764099
18062,0.7181606888771057
18063,0.21348248422145844
18064,0.5712807178497314
18065,0.43622899055480957
18066,0.7251297235488892
18067,0.36509889364242554
18068,0.3639690577983856
18069,0.5607428550720215
18070,0.41567862033843994
18071,0.653705894947052
18072,0.5217170119285583
18073,0.44653671979904175
18074,0.5173813700675964
18075,0.2620518207550049
18076,0.3857351541519165
18077,0.3801446557044983
18078,0.7047597765922546
18079,0.21468429267406464
18080,0.8225802779197693
18081,0.20243918895721436
18082,0.34569162130355835
18083,0.17597702145576477
18084,0.7464531660079956
18085,0.4537329375743866
18086,0.5717746019363403
18087,0.48507723212242126
18088,0.5470823645591736
18089,0.4931153953075409
18090,0.4499996304512024
18091,0.43997615575790405
18092,0.4732641875743866
18093,0.6712883114814758
18094,0.8182005286216736
18095,0.22848722338676453
18096,0.8125551342964172
18097,0.6554251313209534
18098,0.3250344693660736
18099,0.8153299689292908
18100,0.6162348389625549
18101,0.40145403146743774
18102,0.44310706853866577
18103,0.3026893138885498
18104,0.4012760519981384
18105,0.36290234327316284
18106,0.5017032623291016
18107,0.4155079126358032
18108,0.5552816987037659
18109,0.5589404702186584
18110,0.49511340260505676
18111,0.35339194536209106
18112,0.5484625697135925
18113,0.6943989992141724
18114,0.505942702293396
18115,0.6976802945137024
18116,0.2376890480518341
18117,0.4786771535873413
18118,0.20195794105529785
18119,0.6948971748352051
18120,0.78813636302948
18121,0.4963388442993164
18122,0.7361154556274414
18123,0.3991445302963257
18124,0.5687053799629211
18125,0.5553718209266663
18126,0.5111522078514099
18127,0.25839680433273315
18128,0.5669546127319336
18129,0.5967102646827698
18130,0.4826035499572754
18131,0.3204919397830963
18132,0.7603121995925903
18133,0.26299870014190674
18134,0.7540744543075562
18135,0.26698222756385803
18136,0.3403482437133789
18137,0.6174103617668152
18138,0.6505586504936218
18139,0.3292134404182434
18140,0.715236246585846
18141,0.20744413137435913
18142,0.3513423800468445
18143,0.5129541158676147
18144,0.6799411773681641
18145,0.42598000168800354
18146,0.7224550843238831
18147,0.4517495632171631
18148,0.4428386986255646
18149,0.3145297169685364
18150,0.7256026268005371
18151,0.19312867522239685
18152,0.3374062776565552
18153,0.7089428901672363
18154,0.49749425053596497
18155,0.3972770571708679
18156,0.4835338592529297
18157,0.19703741371631622
18158,0.39192599058151245
18159,0.6235120892524719
18160,0.4824923872947693
18161,0.7424784302711487
18162,0.6526157259941101
18163,0.42585811018943787
18164,0.7432696223258972
18165,0.7144784927368164
18166,0.2583386301994324
18167,0.6807239651679993
18168,0.5983065366744995
18169,0.6250393986701965
18170,0.5387967228889465
18171,0.3187086582183838
18172,0.3248167932033539
18173,0.34322094917297363
18174,0.4962612986564636
18175,0.6715087890625
18176,0.5407512187957764
18177,0.4383881092071533
18178,0.41927051544189453
18179,0.618080198764801
18180,0.3535165786743164
18181,0.24887321889400482
18182,0.5857171416282654
18183,0.7914444208145142
18184,0.34829825162887573
18185,0.3536449372768402
18186,0.6292453408241272
18187,0.748910129070282
18188,0.6536526679992676
18189,0.599633514881134
18190,0.3132150173187256
18191,0.343569278717041
18192,0.4789537787437439
18193,0.46385061740875244
18194,0.2920638918876648
18195,0.4107171297073364
18196,0.22879131138324738
18197,0.21791742742061615
18198,0.3341183662414551
18199,0.687409520149231
18200,0.7522333860397339
18201,0.4107058048248291
18202,0.6043524742126465
18203,0.6396452188491821
18204,0.4028857350349426
18205,0.51386958360672
18206,0.5119017958641052
18207,0.5287352204322815
18208,0.3395964503288269
18209,0.8214883208274841
18210,0.3348274827003479
18211,0.2432764768600464
18212,0.4070870280265808
18213,0.4841032326221466
18214,0.17495989799499512
18215,0.3606046140193939
18216,0.3402023911476135
18217,0.7132612466812134
18218,0.3044286370277405
18219,0.29297932982444763
18220,0.4600309133529663
18221,0.5170267224311829
18222,0.30965670943260193
18223,0.584100067615509
18224,0.41901177167892456
18225,0.386617511510849
18226,0.4162389636039734
18227,0.6594873070716858
18228,0.6931434273719788
18229,0.29278600215911865
18230,0.8157795071601868
18231,0.41161638498306274
18232,0.7012606859207153
18233,0.5551537871360779
18234,0.8322153091430664
18235,0.38380396366119385
18236,0.8151682019233704
18237,0.48117178678512573
18238,0.29487448930740356
18239,0.241568922996521
18240,0.550466775894165
18241,0.2526102364063263
18242,0.8231351375579834
18243,0.4941686689853668
18244,0.5766782164573669
18245,0.550848662853241
18246,0.3157467842102051
18247,0.7506820559501648
18248,0.6823868155479431
18249,0.3847784996032715
18250,0.521876871585846
18251,0.6675094962120056
18252,0.4862949252128601
18253,0.30369532108306885
18254,0.33650892972946167
18255,0.7554643750190735
18256,0.2784063518047333
18257,0.43545395135879517
18258,0.22813862562179565
18259,0.35148096084594727
18260,0.7993089556694031
18261,0.6725535988807678
18262,0.366617888212204
18263,0.3774283230304718
18264,0.5776471495628357
18265,0.3747832477092743
18266,0.539264440536499
18267,0.23656371235847473
18268,0.5319833159446716
18269,0.6311766505241394
18270,0.7860066294670105
18271,0.5935956835746765
18272,0.27641215920448303
18273,0.3634304404258728
18274,0.8181294798851013
18275,0.5681549310684204
18276,0.5022957921028137
18277,0.7539857029914856
18278,0.5251140594482422
18279,0.48393356800079346
18280,0.5364320874214172
18281,0.5123721957206726
18282,0.5414367318153381
18283,0.6024231314659119
18284,0.8037105798721313
18285,0.2928631901741028
18286,0.4782772660255432
18287,0.3854169249534607
18288,0.18650875985622406
18289,0.5218070149421692
18290,0.3234225809574127
18291,0.2887830138206482
18292,0.7741589546203613
18293,0.28725916147232056
18294,0.5461665987968445
18295,0.4946597218513489
18296,0.6409445405006409
18297,0.2764395475387573
18298,0.3843432664871216
18299,0.3491154909133911
18300,0.6551441550254822
18301,0.714060366153717
18302,0.811014711856842
18303,0.44810548424720764
18304,0.4295778274536133
18305,0.35299843549728394
18306,0.5683791041374207
18307,0.7009970545768738
18308,0.38256216049194336
18309,0.766471803188324
18310,0.40478822588920593
18311,0.4044753909111023
18312,0.8326079845428467
18313,0.6366055607795715
18314,0.5768955945968628
18315,0.587094783782959
18316,0.31214696168899536
18317,0.4140208065509796
18318,0.3804510831832886
18319,0.692875862121582
18320,0.18876850605010986
18321,0.4763721227645874
18322,0.30440741777420044
18323,0.2338474541902542
18324,0.3046247065067291
18325,0.5007315278053284
18326,0.8138963580131531
18327,0.34362342953681946
18328,0.43865522742271423
18329,0.18944768607616425
18330,0.6623234748840332
18331,0.49438437819480896
18332,0.20479486882686615
18333,0.20151473581790924
18334,0.5318077206611633
18335,0.21024522185325623
18336,0.23837673664093018
18337,0.28386497497558594
18338,0.34430158138275146
18339,0.49468791484832764
18340,0.7643452286720276
18341,0.46182000637054443
18342,0.4819906949996948
18343,0.37062907218933105
18344,0.6312869191169739
18345,0.4559837579727173
18346,0.4620925784111023
18347,0.7421286106109619
18348,0.8290358781814575
18349,0.8114124536514282
18350,0.21112120151519775
18351,0.39775311946868896
18352,0.6966015100479126
18353,0.49930089712142944
18354,0.45340630412101746
18355,0.4647732973098755
18356,0.526365339756012
18357,0.5825914144515991
18358,0.519870936870575
18359,0.4061412215232849
18360,0.7651576399803162
18361,0.6417113542556763
18362,0.7562572360038757
18363,0.2189498245716095
18364,0.19687549769878387
18365,0.3714636564254761
18366,0.2168416976928711
18367,0.230475053191185
18368,0.4457535147666931
18369,0.42117559909820557
18370,0.4453437328338623
18371,0.23188403248786926
18372,0.5602527260780334
18373,0.4737771153450012
18374,0.29736214876174927
18375,0.23756098747253418
18376,0.8211994767189026
18377,0.6116554141044617
18378,0.4952857792377472
18379,0.37633535265922546
18380,0.233077272772789
18381,0.5524964332580566
18382,0.40353402495384216
18383,0.7990420460700989
18384,0.438142329454422
18385,0.6367595791816711
18386,0.7774855494499207
18387,0.6857084631919861
18388,0.6548963189125061
18389,0.4269251823425293
18390,0.47435611486434937
18391,0.542212963104248
18392,0.22063499689102173
18393,0.6401650309562683
18394,0.601042628288269
18395,0.2737236022949219
18396,0.5498189330101013
18397,0.5762839913368225
18398,0.5413575172424316
18399,0.561846911907196
18400,0.7220141291618347
18401,0.26457446813583374
18402,0.6889409422874451
18403,0.7982953190803528
18404,0.4764636158943176
18405,0.2516051232814789
18406,0.42041015625
18407,0.7429054379463196
18408,0.7069942355155945
18409,0.5441808104515076
18410,0.43757134675979614
18411,0.8159712553024292
18412,0.7725754380226135
18413,0.7871023416519165
18414,0.6033632159233093
18415,0.21786732971668243
18416,0.46870648860931396
18417,0.4654960036277771
18418,0.425039678812027
18419,0.24122287333011627
18420,0.7565926313400269
18421,0.4322974681854248
18422,0.7087341547012329
18423,0.37457728385925293
18424,0.19231289625167847
18425,0.5723283886909485
18426,0.7288565039634705
18427,0.3652894198894501
18428,0.44371497631073
18429,0.19170279800891876
18430,0.47330451011657715
18431,0.5287266969680786
18432,0.6905178427696228
18433,0.2728830575942993
18434,0.47225695848464966
18435,0.4175189733505249
18436,0.6018105149269104
18437,0.41153213381767273
18438,0.7027362585067749
18439,0.6608107686042786
18440,0.29756832122802734
18441,0.8043776154518127
18442,0.47702112793922424
18443,0.38381654024124146
18444,0.8277980089187622
18445,0.22975949943065643
18446,0.32266831398010254
18447,0.4626314043998718
18448,0.5488260984420776
18449,0.6410158276557922
18450,0.530384361743927
18451,0.7879586219787598
18452,0.7894387245178223
18453,0.31588852405548096
18454,0.7080866098403931
18455,0.4698355793952942
18456,0.7163077592849731
18457,0.4504290819168091
18458,0.22260132431983948
18459,0.29949620366096497
18460,0.4874648451805115
18461,0.7559069991111755
18462,0.3578222393989563
18463,0.7902258038520813
18464,0.37560558319091797
18465,0.6011453866958618
18466,0.5723565220832825
18467,0.7370752692222595
18468,0.5827121138572693
18469,0.3947087824344635
18470,0.21659305691719055
18471,0.37361258268356323
18472,0.18776848912239075
18473,0.5393027663230896
18474,0.38836777210235596
18475,0.2470889687538147
18476,0.7895392775535583
18477,0.2890166640281677
18478,0.6900908350944519
18479,0.5458549857139587
18480,0.2631126344203949
18481,0.8060749173164368
18482,0.45685142278671265
18483,0.5723682641983032
18484,0.36799710988998413
18485,0.30327534675598145
18486,0.5197790861129761
18487,0.22881771624088287
18488,0.530811607837677
18489,0.27676355838775635
18490,0.2733404040336609
18491,0.2515887916088104
18492,0.38882017135620117
18493,0.32652634382247925
18494,0.4053780138492584
18495,0.45360010862350464
18496,0.728621780872345
18497,0.45651400089263916
18498,0.2871288061141968
18499,0.6072312593460083
18500,0.3734838366508484
18501,0.530468761920929
18502,0.41184353828430176
18503,0.4739360213279724
18504,0.2649032175540924
18505,0.4709939956665039
18506,0.5161341428756714
18507,0.536682665348053
18508,0.3660813570022583
18509,0.4810129702091217
18510,0.39073681831359863
18511,0.3668730854988098
18512,0.5532565712928772
18513,0.40148571133613586
18514,0.526017427444458
18515,0.5612842440605164
18516,0.40849095582962036
18517,0.40379178524017334
18518,0.7695721983909607
18519,0.44603314995765686
18520,0.4324374794960022
18521,0.5968839526176453
18522,0.5808708071708679
18523,0.5315520167350769
18524,0.7240833640098572
18525,0.7536416053771973
18526,0.23965218663215637
18527,0.3332655131816864
18528,0.605252206325531
18529,0.7346674799919128
18530,0.7051354050636292
18531,0.22671259939670563
18532,0.5296369194984436
18533,0.32975244522094727
18534,0.5281491279602051
18535,0.24869731068611145
18536,0.2934543788433075
18537,0.6949360370635986
18538,0.7691059708595276
18539,0.17465238273143768
18540,0.5912181735038757
18541,0.33652836084365845
18542,0.6761186718940735
18543,0.7895737886428833
18544,0.29048091173171997
18545,0.5167014002799988
18546,0.4502474069595337
18547,0.3459034562110901
18548,0.8144071698188782
18549,0.6067773103713989
18550,0.305949330329895
18551,0.6519620418548584
18552,0.4483305811882019
18553,0.17482714354991913
18554,0.48616164922714233
18555,0.7092975378036499
18556,0.6199158430099487
18557,0.7765321135520935
18558,0.5716150403022766
18559,0.3954978585243225
18560,0.8107725977897644
18561,0.6320587992668152
18562,0.16550187766551971
18563,0.4954432249069214
18564,0.5619540214538574
18565,0.6243700385093689
18566,0.31656327843666077
18567,0.27115970849990845
18568,0.4494644105434418
18569,0.16844061017036438
18570,0.617525577545166
18571,0.2821815013885498
18572,0.346498966217041
18573,0.5856402516365051
18574,0.8197507858276367
18575,0.39355701208114624
18576,0.49597519636154175
18577,0.22783178091049194
18578,0.6563590168952942
18579,0.589819610118866
18580,0.48911577463150024
18581,0.24135972559452057
18582,0.4831603169441223
18583,0.47592693567276
18584,0.7076416611671448
18585,0.7648642659187317
18586,0.24627938866615295
18587,0.4935051202774048
18588,0.6777414083480835
18589,0.5499144792556763
18590,0.7758581042289734
18591,0.2414582222700119
18592,0.4163385331630707
18593,0.3514658808708191
18594,0.7015862464904785
18595,0.22986099123954773
18596,0.46877196431159973
18597,0.4104529619216919
18598,0.608225405216217
18599,0.5410628318786621
18600,0.6056190133094788
18601,0.44847941398620605
18602,0.4537712335586548
18603,0.6526807546615601
18604,0.726382315158844
18605,0.7122693061828613
18606,0.46120351552963257
18607,0.6784939169883728
18608,0.5402717590332031
18609,0.4102541208267212
18610,0.2750048041343689
18611,0.1928766667842865
18612,0.49520736932754517
18613,0.5217127203941345
18614,0.224666565656662
18615,0.7699349522590637
18616,0.29455626010894775
18617,0.21627472341060638
18618,0.5104478001594543
18619,0.33708953857421875
18620,0.28929808735847473
18621,0.5899205803871155
18622,0.5642474293708801
18623,0.44421887397766113
18624,0.3879925012588501
18625,0.5771492123603821
18626,0.4228968620300293
18627,0.5090257525444031
18628,0.6882985830307007
18629,0.4845924377441406
18630,0.7900925278663635
18631,0.4585812985897064
18632,0.41680553555488586
18633,0.6743696331977844
18634,0.7134111523628235
18635,0.5635302066802979
18636,0.7180142998695374
18637,0.39927607774734497
18638,0.513568103313446
18639,0.21623316407203674
18640,0.5872752070426941
18641,0.47165238857269287
18642,0.3665662407875061
18643,0.5755569338798523
18644,0.4885740280151367
18645,0.5305019021034241
18646,0.4295284152030945
18647,0.30800533294677734
18648,0.3892463445663452
18649,0.5057318210601807
18650,0.4130329489707947
18651,0.6431835889816284
18652,0.5748732089996338
18653,0.24396637082099915
18654,0.7965584397315979
18655,0.5494211316108704
18656,0.5178793668746948
18657,0.2460017204284668
18658,0.18402689695358276
18659,0.1819627285003662
18660,0.28264573216438293
18661,0.4472278356552124
18662,0.740917980670929
18663,0.2205241471529007
18664,0.2586154341697693
18665,0.5528815984725952
18666,0.40567442774772644
18667,0.6741390228271484
18668,0.5074074864387512
18669,0.30249887704849243
18670,0.4842458963394165
18671,0.4642065763473511
18672,0.2912312150001526
18673,0.46761924028396606
18674,0.22403153777122498
18675,0.5233609080314636
18676,0.8249514698982239
18677,0.5898127555847168
18678,0.6203147768974304
18679,0.3092128038406372
18680,0.20812001824378967
18681,0.5514469742774963
18682,0.5644577145576477
18683,0.4880963861942291
18684,0.22629967331886292
18685,0.7324731945991516
18686,0.42823198437690735
18687,0.24135573208332062
18688,0.5102199912071228
18689,0.3784794509410858
18690,0.24222949147224426
18691,0.6006902456283569
18692,0.6792787313461304
18693,0.7156707644462585
18694,0.4561953544616699
18695,0.4822271168231964
18696,0.7587621212005615
18697,0.5193572044372559
18698,0.46211478114128113
18699,0.5247008800506592
18700,0.8365373611450195
18701,0.6274534463882446
18702,0.42130282521247864
18703,0.824420154094696
18704,0.5099664926528931
18705,0.5629957914352417
18706,0.771293580532074
18707,0.4658401906490326
18708,0.6717996001243591
18709,0.43710529804229736
18710,0.6188952922821045
18711,0.26805031299591064
18712,0.30047088861465454
18713,0.6637328863143921
18714,0.6731880307197571
18715,0.4941284656524658
18716,0.6173049807548523
18717,0.769562304019928
18718,0.5383226871490479
18719,0.39929163455963135
18720,0.5759032368659973
18721,0.3259757161140442
18722,0.1923145055770874
18723,0.3205380141735077
18724,0.42723363637924194
18725,0.6295154690742493
18726,0.32838132977485657
18727,0.4084673821926117
18728,0.19841445982456207
18729,0.836955189704895
18730,0.34227365255355835
18731,0.36302343010902405
18732,0.519564688205719
18733,0.612069308757782
18734,0.419880211353302
18735,0.8027306199073792
18736,0.6619154214859009
18737,0.5268937945365906
18738,0.6324517726898193
18739,0.4131527245044708
18740,0.686561644077301
18741,0.721219003200531
18742,0.3333958685398102
18743,0.2165052890777588
18744,0.5846999883651733
18745,0.20556187629699707
18746,0.22226816415786743
18747,0.4461919069290161
18748,0.3790489733219147
18749,0.6661288738250732
18750,0.5499643683433533
18751,0.3866935670375824
18752,0.6321180462837219
18753,0.4557363986968994
18754,0.40429913997650146
18755,0.2653069496154785
18756,0.3166658878326416
18757,0.5468108057975769
18758,0.5384224057197571
18759,0.5096694827079773
18760,0.7508517503738403
18761,0.4522412419319153
18762,0.45661354064941406
18763,0.17695486545562744
18764,0.3440718948841095
18765,0.5718110203742981
18766,0.23453979194164276
18767,0.49531835317611694
18768,0.7556371092796326
18769,0.7536704540252686
18770,0.48992204666137695
18771,0.5554637312889099
18772,0.3819335401058197
18773,0.3986230492591858
18774,0.5462265610694885
18775,0.822396457195282
18776,0.1981654167175293
18777,0.4615498185157776
18778,0.23627984523773193
18779,0.5547649264335632
18780,0.5890200734138489
18781,0.6191279292106628
18782,0.3783809542655945
18783,0.16547277569770813
18784,0.37441420555114746
18785,0.6173662543296814
18786,0.5140025019645691
18787,0.4255233407020569
18788,0.4940333366394043
18789,0.7599166035652161
18790,0.7860310673713684
18791,0.3192223310470581
18792,0.3341740369796753
18793,0.7843621373176575
18794,0.552056074142456
18795,0.5376707315444946
18796,0.5036455988883972
18797,0.8155778050422668
18798,0.2789943814277649
18799,0.32454538345336914
18800,0.5535492897033691
18801,0.19787143170833588
18802,0.3413075804710388
18803,0.35245853662490845
18804,0.3596193790435791
18805,0.8129435777664185
18806,0.2677420973777771
18807,0.5757393836975098
18808,0.7005541324615479
18809,0.47765958309173584
18810,0.5380825400352478
18811,0.23319292068481445
18812,0.3536052703857422
18813,0.310857355594635
18814,0.20480740070343018
18815,0.5560358166694641
18816,0.6091234087944031
18817,0.7927219271659851
18818,0.4365485906600952
18819,0.3498569130897522
18820,0.42078739404678345
18821,0.4665250778198242
18822,0.3564807176589966
18823,0.3733857572078705
18824,0.8466535806655884
18825,0.5172060132026672
18826,0.3720852732658386
18827,0.3345578908920288
18828,0.5422906875610352
18829,0.3253513276576996
18830,0.7272350192070007
18831,0.45944881439208984
18832,0.6220647096633911
18833,0.7313293218612671
18834,0.39333006739616394
18835,0.7661489844322205
18836,0.21593758463859558
18837,0.23043207824230194
18838,0.4867466688156128
18839,0.5055335164070129
18840,0.36932894587516785
18841,0.7028836011886597
18842,0.6885185837745667
18843,0.2735674977302551
18844,0.23000569641590118
18845,0.24121297895908356
18846,0.46321672201156616
18847,0.7463744878768921
18848,0.37434425950050354
18849,0.5353162288665771
18850,0.5254785418510437
18851,0.19154131412506104
18852,0.5376902222633362
18853,0.8367316126823425
18854,0.3184530735015869
18855,0.4697323739528656
18856,0.8048189282417297
18857,0.39262083172798157
18858,0.2211930900812149
18859,0.4793819487094879
18860,0.2608538866043091
18861,0.5033949017524719
18862,0.6121018528938293
18863,0.7858992218971252
18864,0.259666383266449
18865,0.4501645565032959
18866,0.25995633006095886
18867,0.4032171070575714
18868,0.2922981381416321
18869,0.6028622388839722
18870,0.4139760136604309
18871,0.5727380514144897
18872,0.5216659307479858
18873,0.6005373001098633
18874,0.4779547452926636
18875,0.7461562156677246
18876,0.5160310864448547
18877,0.24163886904716492
18878,0.6331672668457031
18879,0.47431105375289917
18880,0.5845606923103333
18881,0.48717576265335083
18882,0.7496123909950256
18883,0.4451231360435486
18884,0.8309949040412903
18885,0.6010169386863708
18886,0.3283868432044983
18887,0.45945215225219727
18888,0.41573601961135864
18889,0.4921925663948059
18890,0.5185189247131348
18891,0.6419785618782043
18892,0.8151853084564209
18893,0.7174087762832642
18894,0.49133026599884033
18895,0.629655122756958
18896,0.4680272936820984
18897,0.3243701756000519
18898,0.2910192012786865
18899,0.4070575535297394
18900,0.7482951879501343
18901,0.7588719129562378
18902,0.5420712828636169
18903,0.5979029536247253
18904,0.526804506778717
18905,0.5100648403167725
18906,0.47849294543266296
18907,0.22545652091503143
18908,0.6907519698143005
18909,0.5435672998428345
18910,0.6932544112205505
18911,0.3844647705554962
18912,0.6592174172401428
18913,0.5093961358070374
18914,0.33394426107406616
18915,0.3588620126247406
18916,0.34263551235198975
18917,0.40574517846107483
18918,0.26619982719421387
18919,0.44498780369758606
18920,0.2532443106174469
18921,0.3102916479110718
18922,0.4762204885482788
18923,0.46694469451904297
18924,0.2360776960849762
18925,0.7607972621917725
18926,0.19815407693386078
18927,0.334938108921051
18928,0.395366907119751
18929,0.3599303662776947
18930,0.3276906907558441
18931,0.5704637169837952
18932,0.8158116936683655
18933,0.6744114756584167
18934,0.8308399319648743
18935,0.2198701798915863
18936,0.663537323474884
18937,0.8068079352378845
18938,0.5187714695930481
18939,0.3138945698738098
18940,0.7873848080635071
18941,0.46723201870918274
18942,0.41049689054489136
18943,0.303536057472229
18944,0.18664179742336273
18945,0.632682740688324
18946,0.48440808057785034
18947,0.283203661441803
18948,0.415685772895813
18949,0.28331074118614197
18950,0.4252640902996063
18951,0.6962022185325623
18952,0.46294647455215454
18953,0.5593780875205994
18954,0.2963208258152008
18955,0.5924951434135437
18956,0.42506980895996094
18957,0.6076806783676147
18958,0.3805931806564331
18959,0.2507934272289276
18960,0.30914199352264404
18961,0.6333666443824768
18962,0.5249350666999817
18963,0.7778202891349792
18964,0.32276034355163574
18965,0.23779159784317017
18966,0.7784225940704346
18967,0.517030656337738
18968,0.7025003433227539
18969,0.34049761295318604
18970,0.3196025490760803
18971,0.553902268409729
18972,0.7157800197601318
18973,0.6424977779388428
18974,0.34299856424331665
18975,0.5065768361091614
18976,0.7100816965103149
18977,0.5537003874778748
18978,0.28244680166244507
18979,0.19393153488636017
18980,0.558514416217804
18981,0.4859659671783447
18982,0.6026276350021362
18983,0.40028810501098633
18984,0.4583880305290222
18985,0.25578200817108154
18986,0.4301537275314331
18987,0.6972406506538391
18988,0.4614143371582031
18989,0.5680230259895325
18990,0.18185338377952576
18991,0.20870178937911987
18992,0.22306540608406067
18993,0.21601618826389313
18994,0.4376833736896515
18995,0.8287370800971985
18996,0.5459403395652771
18997,0.3245481252670288
18998,0.3291879892349243
18999,0.6083449721336365
19000,0.4602247476577759
19001,0.6327088475227356
19002,0.4552116394042969
19003,0.3121621906757355
19004,0.4833184480667114
19005,0.4981416165828705
19006,0.5533329248428345
19007,0.6151441931724548
19008,0.4624490737915039
19009,0.4206785559654236
19010,0.6836835145950317
19011,0.763236939907074
19012,0.7059122920036316
19013,0.44864702224731445
19014,0.22956237196922302
19015,0.4569794535636902
19016,0.6866599917411804
19017,0.3212254047393799
19018,0.44810354709625244
19019,0.5400153994560242
19020,0.7519762516021729
19021,0.6650846004486084
19022,0.5846384763717651
19023,0.6988151669502258
19024,0.45588308572769165
19025,0.4097386598587036
19026,0.7900620102882385
19027,0.44432970881462097
19028,0.45549988746643066
19029,0.6634987592697144
19030,0.3317805528640747
19031,0.419506311416626
19032,0.4262925386428833
19033,0.21871161460876465
19034,0.5734254121780396
19035,0.5664680004119873
19036,0.4873984456062317
19037,0.673223078250885
19038,0.6938397288322449
19039,0.6297982335090637
19040,0.564060389995575
19041,0.3445512652397156
19042,0.20301859080791473
19043,0.4377162456512451
19044,0.31218159198760986
19045,0.36938220262527466
19046,0.5704301595687866
19047,0.4749335050582886
19048,0.42220452427864075
19049,0.7997907996177673
19050,0.4088612496852875
19051,0.265311062335968
19052,0.6412150263786316
19053,0.8151100277900696
19054,0.4300121068954468
19055,0.41416507959365845
19056,0.39326542615890503
19057,0.22558310627937317
19058,0.41251686215400696
19059,0.22200393676757812
19060,0.640692949295044
19061,0.28782474994659424
19062,0.6775803565979004
19063,0.350170761346817
19064,0.47352373600006104
19065,0.4971331059932709
19066,0.6085399389266968
19067,0.2566184103488922
19068,0.46843236684799194
19069,0.5133875012397766
19070,0.48221853375434875
19071,0.6657364964485168
19072,0.7909612655639648
19073,0.6422805190086365
19074,0.5344188809394836
19075,0.7910691499710083
19076,0.5713995099067688
19077,0.5379946827888489
19078,0.7315848469734192
19079,0.44353824853897095
19080,0.2538638114929199
19081,0.4807177186012268
19082,0.7241379618644714
19083,0.8157280087471008
19084,0.6954098343849182
19085,0.486100435256958
19086,0.540733277797699
19087,0.4552559554576874
19088,0.20409458875656128
19089,0.765842854976654
19090,0.7890810370445251
19091,0.46840280294418335
19092,0.4554505944252014
19093,0.3421555161476135
19094,0.5899445414543152
19095,0.2975928783416748
19096,0.5585336089134216
19097,0.27117669582366943
19098,0.7070713043212891
19099,0.6930368542671204
19100,0.24365171790122986
19101,0.22519958019256592
19102,0.5688352584838867
19103,0.2870635390281677
19104,0.5878055095672607
19105,0.4376380443572998
19106,0.4934478998184204
19107,0.7148377299308777
19108,0.35326606035232544
19109,0.49501556158065796
19110,0.503275990486145
19111,0.2530423104763031
19112,0.4527626633644104
19113,0.4186650514602661
19114,0.4275560677051544
19115,0.32568785548210144
19116,0.5756593346595764
19117,0.4746837615966797
19118,0.4761623740196228
19119,0.34439849853515625
19120,0.5980657339096069
19121,0.30462026596069336
19122,0.4532763659954071
19123,0.7439525127410889
19124,0.8018527626991272
19125,0.6091824173927307
19126,0.5303753018379211
19127,0.7876240611076355
19128,0.32405075430870056
19129,0.4541390836238861
19130,0.7031036615371704
19131,0.3794066905975342
19132,0.5823485255241394
19133,0.5779740214347839
19134,0.5663638710975647
19135,0.27624833583831787
19136,0.6146461963653564
19137,0.7058202624320984
19138,0.8291122317314148
19139,0.6548272371292114
19140,0.604472279548645
19141,0.7476025819778442
19142,0.6494084596633911
19143,0.483653724193573
19144,0.5038031935691833
19145,0.5346744656562805
19146,0.38906967639923096
19147,0.39966487884521484
19148,0.722934365272522
19149,0.6973865032196045
19150,0.8083935379981995
19151,0.6018528342247009
19152,0.7951529026031494
19153,0.5026693344116211
19154,0.49915051460266113
19155,0.4451182186603546
19156,0.45823025703430176
19157,0.36526644229888916
19158,0.2770410478115082
19159,0.5113046765327454
19160,0.5208675265312195
19161,0.7241647243499756
19162,0.6680272817611694
19163,0.3070046305656433
19164,0.674213707447052
19165,0.4469933807849884
19166,0.6573312282562256
19167,0.39450401067733765
19168,0.5972104668617249
19169,0.5371245741844177
19170,0.37179744243621826
19171,0.775119423866272
19172,0.4017478823661804
19173,0.3752889633178711
19174,0.446649968624115
19175,0.7048978209495544
19176,0.572631299495697
19177,0.6545943021774292
19178,0.7978351712226868
19179,0.29357314109802246
19180,0.5714284777641296
19181,0.6446138620376587
19182,0.23952122032642365
19183,0.22897934913635254
19184,0.6750468015670776
19185,0.6421851515769958
19186,0.6907991170883179
19187,0.8232546448707581
19188,0.7890348434448242
19189,0.4607190787792206
19190,0.742144763469696
19191,0.7162707448005676
19192,0.6985131502151489
19193,0.4088026285171509
19194,0.4650126099586487
19195,0.5104779601097107
19196,0.40257084369659424
19197,0.2848668098449707
19198,0.26055386662483215
19199,0.3001449704170227
19200,0.7392787337303162
19201,0.8218399882316589
19202,0.4390833079814911
19203,0.4040866494178772
19204,0.3089500069618225
19205,0.32686591148376465
19206,0.7102527618408203
19207,0.8083176612854004
19208,0.5497245192527771
19209,0.24103239178657532
19210,0.5399160385131836
19211,0.3206883668899536
19212,0.639333963394165
19213,0.815481424331665
19214,0.6889730095863342
19215,0.36137980222702026
19216,0.22726702690124512
19217,0.529167890548706
19218,0.44211530685424805
19219,0.6483234763145447
19220,0.5366555452346802
19221,0.40201234817504883
19222,0.7701082825660706
19223,0.691064715385437
19224,0.5547598004341125
19225,0.7670246958732605
19226,0.27610817551612854
19227,0.431594580411911
19228,0.682639479637146
19229,0.6830350160598755
19230,0.21600143611431122
19231,0.36133939027786255
19232,0.819665253162384
19233,0.5850360989570618
19234,0.35205477476119995
19235,0.3978753685951233
19236,0.5383597016334534
19237,0.7640920877456665
19238,0.2157476842403412
19239,0.5755125284194946
19240,0.3939492702484131
19241,0.4264417886734009
19242,0.8277884721755981
19243,0.7316275238990784
19244,0.6224491000175476
19245,0.33458325266838074
19246,0.3160848617553711
19247,0.5237651467323303
19248,0.1917739063501358
19249,0.430335134267807
19250,0.3324606120586395
19251,0.7767291069030762
19252,0.45666563510894775
19253,0.593670666217804
19254,0.4173659682273865
19255,0.43344664573669434
19256,0.7108380198478699
19257,0.3750663995742798
19258,0.5946492552757263
19259,0.29670214653015137
19260,0.25926676392555237
19261,0.3344913125038147
19262,0.5297617316246033
19263,0.7420333027839661
19264,0.6942402720451355
19265,0.5739564895629883
19266,0.7698887586593628
19267,0.38314613699913025
19268,0.34251752495765686
19269,0.32105550169944763
19270,0.2162952423095703
19271,0.6254938244819641
19272,0.5310766696929932
19273,0.7155598998069763
19274,0.7138199210166931
19275,0.4154624044895172
19276,0.3665674030780792
19277,0.27213433384895325
19278,0.19987940788269043
19279,0.5792163014411926
19280,0.7603558897972107
19281,0.4115529954433441
19282,0.19312600791454315
19283,0.713696300983429
19284,0.41401076316833496
19285,0.36605411767959595
19286,0.2807861864566803
19287,0.23706796765327454
19288,0.5773381590843201
19289,0.8058809041976929
19290,0.24654091894626617
19291,0.6466229557991028
19292,0.37558916211128235
19293,0.40596669912338257
19294,0.5461239218711853
19295,0.8168567419052124
19296,0.3249382972717285
19297,0.27384600043296814
19298,0.6897096037864685
19299,0.4683926999568939
19300,0.4063062369823456
19301,0.7859514355659485
19302,0.5168527960777283
19303,0.16747871041297913
19304,0.8086633086204529
19305,0.373019814491272
19306,0.4579605460166931
19307,0.311707079410553
19308,0.6955105662345886
19309,0.5776198506355286
19310,0.7093611359596252
19311,0.5371488928794861
19312,0.4828813672065735
19313,0.639308512210846
19314,0.37434378266334534
19315,0.4589725136756897
19316,0.8108822703361511
19317,0.4310151934623718
19318,0.7188916206359863
19319,0.4480006694793701
19320,0.789372980594635
19321,0.6751309037208557
19322,0.7452153563499451
19323,0.7985513806343079
19324,0.25644296407699585
19325,0.21873855590820312
19326,0.6810139417648315
19327,0.7009063363075256
19328,0.8156653642654419
19329,0.6778079867362976
19330,0.4884503483772278
19331,0.7264028191566467
19332,0.6465825438499451
19333,0.6418918967247009
19334,0.43112432956695557
19335,0.31380772590637207
19336,0.7514253854751587
19337,0.3878793716430664
19338,0.4283372163772583
19339,0.4805009961128235
19340,0.46109604835510254
19341,0.3974471688270569
19342,0.49333739280700684
19343,0.5080993175506592
19344,0.23381486535072327
19345,0.14563409984111786
19346,0.23747029900550842
19347,0.5370944142341614
19348,0.5648365020751953
19349,0.5714430212974548
19350,0.4288402199745178
19351,0.7251325249671936
19352,0.7234693169593811
19353,0.6970580220222473
19354,0.5124314427375793
19355,0.5135647654533386
19356,0.4446604549884796
19357,0.4004548490047455
19358,0.3654175400733948
19359,0.3882356882095337
19360,0.6481190919876099
19361,0.688560962677002
19362,0.33552470803260803
19363,0.3845895230770111
19364,0.5155604481697083
19365,0.684414803981781
19366,0.7819440960884094
19367,0.6776837110519409
19368,0.7725977301597595
19369,0.48483219742774963
19370,0.551958441734314
19371,0.44388750195503235
19372,0.7205818891525269
19373,0.7680116891860962
19374,0.4054318070411682
19375,0.3204113245010376
19376,0.4222007691860199
19377,0.5317956805229187
19378,0.5000538229942322
19379,0.47669512033462524
19380,0.22809286415576935
19381,0.3883950710296631
19382,0.4751123785972595
19383,0.3346414268016815
19384,0.41025418043136597
19385,0.2630922794342041
19386,0.6550381183624268
19387,0.4377164840698242
19388,0.2414340376853943
19389,0.3942801356315613
19390,0.5374954342842102
19391,0.4199633300304413
19392,0.30284053087234497
19393,0.44703784584999084
19394,0.7838613986968994
19395,0.1952803134918213
19396,0.19618165493011475
19397,0.6330954432487488
19398,0.24936282634735107
19399,0.2654934823513031
19400,0.2073054164648056
19401,0.41589200496673584
19402,0.40909501910209656
19403,0.38168466091156006
19404,0.33522921800613403
19405,0.6214849352836609
19406,0.48800110816955566
19407,0.6792176961898804
19408,0.5737435221672058
19409,0.8192880749702454
19410,0.5185309052467346
19411,0.7445467710494995
19412,0.6988824009895325
19413,0.45681583881378174
19414,0.3737519085407257
19415,0.6443657875061035
19416,0.6460761427879333
19417,0.4499579071998596
19418,0.5077781677246094
19419,0.5361930727958679
19420,0.720747172832489
19421,0.44866567850112915
19422,0.6024612188339233
19423,0.3687654137611389
19424,0.6049196124076843
19425,0.2975018620491028
19426,0.4560402035713196
19427,0.4497647285461426
19428,0.5501026511192322
19429,0.3352079391479492
19430,0.3188449740409851
19431,0.5359832644462585
19432,0.436839759349823
19433,0.668978750705719
19434,0.5494640469551086
19435,0.4204891324043274
19436,0.43674352765083313
19437,0.7804993987083435
19438,0.5797299146652222
19439,0.8287622928619385
19440,0.5102359652519226
19441,0.4988051950931549
19442,0.314110666513443
19443,0.6839752197265625
19444,0.4030025005340576
19445,0.7276452779769897
19446,0.33469367027282715
19447,0.7991992235183716
19448,0.49173659086227417
19449,0.7223055362701416
19450,0.6933568716049194
19451,0.5427607893943787
19452,0.7175198197364807
19453,0.5509474873542786
19454,0.3700888752937317
19455,0.351107120513916
19456,0.5538777709007263
19457,0.3881171941757202
19458,0.4506492018699646
19459,0.3393743634223938
19460,0.2192455530166626
19461,0.5534952282905579
19462,0.41318023204803467
19463,0.8049196600914001
19464,0.3434543013572693
19465,0.6151365041732788
19466,0.2796648144721985
19467,0.6018081903457642
19468,0.30963075160980225
19469,0.8156332969665527
19470,0.7619033455848694
19471,0.5847076177597046
19472,0.5865832567214966
19473,0.3075265884399414
19474,0.16792994737625122
19475,0.4480177164077759
19476,0.6539172530174255
19477,0.2119448184967041
19478,0.3858599066734314
19479,0.2928459048271179
19480,0.6730267405509949
19481,0.3317720890045166
19482,0.5068824291229248
19483,0.2066689282655716
19484,0.1832117885351181
19485,0.5038498640060425
19486,0.7285924553871155
19487,0.4461268186569214
19488,0.23461002111434937
19489,0.5418898463249207
19490,0.7061437368392944
19491,0.5738546252250671
19492,0.24044251441955566
19493,0.5920854210853577
19494,0.6796148419380188
19495,0.3357506990432739
19496,0.3661285936832428
19497,0.7385039329528809
19498,0.7108322381973267
19499,0.4147350788116455
19500,0.4123825430870056
19501,0.7107577919960022
19502,0.23263326287269592
19503,0.4437556862831116
19504,0.7216845154762268
19505,0.36087095737457275
19506,0.7852976322174072
19507,0.3334513306617737
19508,0.34086406230926514
19509,0.502801239490509
19510,0.669490396976471
19511,0.3979860544204712
19512,0.7970514893531799
19513,0.4572174549102783
19514,0.7718483209609985
19515,0.42172521352767944
19516,0.5368170738220215
19517,0.2598639726638794
19518,0.4268406629562378
19519,0.2313082069158554
19520,0.3409985899925232
19521,0.6608025431632996
19522,0.3639468848705292
19523,0.19753970205783844
19524,0.5794878005981445
19525,0.7113805413246155
19526,0.25829994678497314
19527,0.5074561238288879
19528,0.5445223450660706
19529,0.5055646896362305
19530,0.6543864011764526
19531,0.28117287158966064
19532,0.6709744930267334
19533,0.42312800884246826
19534,0.2394779473543167
19535,0.5628324151039124
19536,0.5378444194793701
19537,0.5742990374565125
19538,0.7545435428619385
19539,0.43301922082901
19540,0.25586241483688354
19541,0.37133681774139404
19542,0.5322646498680115
19543,0.6887029409408569
19544,0.1968744546175003
19545,0.6983982920646667
19546,0.770963728427887
19547,0.43799901008605957
19548,0.5687041878700256
19549,0.4430087208747864
19550,0.7790775895118713
19551,0.5365603566169739
19552,0.5544499158859253
19553,0.5773078799247742
19554,0.7897899150848389
19555,0.3476622700691223
19556,0.4314478933811188
19557,0.40949195623397827
19558,0.35873943567276
19559,0.35733094811439514
19560,0.5153372287750244
19561,0.4800502359867096
19562,0.4729825258255005
19563,0.4741889536380768
19564,0.48273611068725586
19565,0.6582315564155579
19566,0.5140610337257385
19567,0.49029988050460815
19568,0.36768221855163574
19569,0.48817360401153564
19570,0.6263360381126404
19571,0.35255885124206543
19572,0.41280651092529297
19573,0.6075443625450134
19574,0.39943748712539673
19575,0.5615275502204895
19576,0.3899758458137512
19577,0.39019739627838135
19578,0.4743642210960388
19579,0.42066532373428345
19580,0.645758330821991
19581,0.21444424986839294
19582,0.5933254361152649
19583,0.3949296474456787
19584,0.2889504134654999
19585,0.31263747811317444
19586,0.4930652976036072
19587,0.6178444027900696
19588,0.36047887802124023
19589,0.22141653299331665
19590,0.44427376985549927
19591,0.4856749176979065
19592,0.5308235883712769
19593,0.3401787579059601
19594,0.7366355657577515
19595,0.6479489207267761
19596,0.5267331004142761
19597,0.3369191288948059
19598,0.5386602282524109
19599,0.6117888689041138
19600,0.5343746542930603
19601,0.29428035020828247
19602,0.2708670496940613
19603,0.33143097162246704
19604,0.7490480542182922
19605,0.43939048051834106
19606,0.4067671298980713
19607,0.36821818351745605
19608,0.2903665602207184
19609,0.8249197006225586
19610,0.26127806305885315
19611,0.631035566329956
19612,0.35850977897644043
19613,0.7807913422584534
19614,0.7731267809867859
19615,0.4962579011917114
19616,0.23505645990371704
19617,0.5219101309776306
19618,0.49010664224624634
19619,0.709510862827301
19620,0.7575196027755737
19621,0.361624538898468
19622,0.2652251124382019
19623,0.8088241219520569
19624,0.6346983313560486
19625,0.5251787900924683
19626,0.40094906091690063
19627,0.4949789047241211
19628,0.642231285572052
19629,0.4857323169708252
19630,0.6017084121704102
19631,0.35060805082321167
19632,0.8009735941886902
19633,0.8085464239120483
19634,0.713740885257721
19635,0.23211070895195007
19636,0.24424652755260468
19637,0.3157200217247009
19638,0.43337300419807434
19639,0.7435974478721619
19640,0.8160253167152405
19641,0.4972226619720459
19642,0.7800245881080627
19643,0.48902398347854614
19644,0.6464119553565979
19645,0.8185768723487854
19646,0.5209305882453918
19647,0.40908029675483704
19648,0.7644378542900085
19649,0.207069993019104
19650,0.39364299178123474
19651,0.786026656627655
19652,0.7235283255577087
19653,0.26649370789527893
19654,0.2003818154335022
19655,0.22112762928009033
19656,0.6760367155075073
19657,0.6740273237228394
19658,0.6891668438911438
19659,0.5979598760604858
19660,0.3509559631347656
19661,0.3846246302127838
19662,0.778590738773346
19663,0.6429572105407715
19664,0.4634917974472046
19665,0.2474014312028885
19666,0.5595653653144836
19667,0.5850667357444763
19668,0.6559576988220215
19669,0.48933127522468567
19670,0.4913153648376465
19671,0.49090009927749634
19672,0.505942165851593
19673,0.5112160444259644
19674,0.43952345848083496
19675,0.547471284866333
19676,0.3080483675003052
19677,0.7271814942359924
19678,0.6737796068191528
19679,0.4160262942314148
19680,0.5009283423423767
19681,0.4779340624809265
19682,0.4388505220413208
19683,0.4713701605796814
19684,0.33356773853302
19685,0.5003141760826111
19686,0.7700426578521729
19687,0.2040882259607315
19688,0.6102576851844788
19689,0.5519480109214783
19690,0.7122126221656799
19691,0.5418104529380798
19692,0.687476634979248
19693,0.42521557211875916
19694,0.6085132956504822
19695,0.6901047825813293
19696,0.6282967925071716
19697,0.8176974654197693
19698,0.6873908042907715
19699,0.45252153277397156
19700,0.3569910526275635
19701,0.2460942268371582
19702,0.36699178814888
19703,0.5452633500099182
19704,0.6185891628265381
19705,0.5521916747093201
19706,0.5302753448486328
19707,0.5041967630386353
19708,0.530005931854248
19709,0.6629106402397156
19710,0.5288700461387634
19711,0.6618945002555847
19712,0.36851003766059875
19713,0.39262792468070984
19714,0.34085220098495483
19715,0.6902902126312256
19716,0.7518947720527649
19717,0.667534351348877
19718,0.21889886260032654
19719,0.36412978172302246
19720,0.7325374484062195
19721,0.2945158779621124
19722,0.2274065911769867
19723,0.745678186416626
19724,0.8274193406105042
19725,0.35612255334854126
19726,0.7212578654289246
19727,0.19653262197971344
19728,0.4410010278224945
19729,0.5355316996574402
19730,0.45765164494514465
19731,0.5621849298477173
19732,0.829071581363678
19733,0.3647726774215698
19734,0.7913153767585754
19735,0.41828832030296326
19736,0.534110963344574
19737,0.24969804286956787
19738,0.7809730172157288
19739,0.33867377042770386
19740,0.6968052983283997
19741,0.5651357769966125
19742,0.5533083081245422
19743,0.35991472005844116
19744,0.21849235892295837
19745,0.46267831325531006
19746,0.3404430150985718
19747,0.6692694425582886
19748,0.7508173584938049
19749,0.5711151361465454
19750,0.7752482295036316
19751,0.35884547233581543
19752,0.756417453289032
19753,0.4132564067840576
19754,0.44673609733581543
19755,0.5478450655937195
19756,0.4072445034980774
19757,0.7705146670341492
19758,0.5819829702377319
19759,0.45039212703704834
19760,0.6174907684326172
19761,0.6582845449447632
19762,0.700523853302002
19763,0.5479556918144226
19764,0.507624089717865
19765,0.6284732222557068
19766,0.5356521606445312
19767,0.8426140546798706
19768,0.5392480492591858
19769,0.4940045475959778
19770,0.3208079934120178
19771,0.8305153250694275
19772,0.776521623134613
19773,0.4523051977157593
19774,0.23613205552101135
19775,0.45180240273475647
19776,0.2617167532444
19777,0.2156381607055664
19778,0.7640324234962463
19779,0.5221524834632874
19780,0.5014669895172119
19781,0.7161964178085327
19782,0.6265360713005066
19783,0.7817507982254028
19784,0.680234968662262
19785,0.764226496219635
19786,0.5469629168510437
19787,0.609250009059906
19788,0.5002201199531555
19789,0.5946043133735657
19790,0.6117904782295227
19791,0.48230841755867004
19792,0.32390064001083374
19793,0.30614176392555237
19794,0.4622849225997925
19795,0.6543339490890503
19796,0.3501970171928406
19797,0.21827058494091034
19798,0.552636444568634
19799,0.44047021865844727
19800,0.3788331151008606
19801,0.7033295631408691
19802,0.5100690722465515
19803,0.652162492275238
19804,0.41002166271209717
19805,0.6563732028007507
19806,0.8342304825782776
19807,0.5614103674888611
19808,0.46342650055885315
19809,0.3235577940940857
19810,0.5428603291511536
19811,0.20797714591026306
19812,0.6535260677337646
19813,0.5268357396125793
19814,0.4670780301094055
19815,0.7202965617179871
19816,0.7125043869018555
19817,0.4459556043148041
19818,0.4934363067150116
19819,0.33430615067481995
19820,0.30381298065185547
19821,0.35405904054641724
19822,0.3988962173461914
19823,0.4319037199020386
19824,0.653278112411499
19825,0.4670361876487732
19826,0.39095085859298706
19827,0.7896974682807922
19828,0.4193323850631714
19829,0.46184253692626953
19830,0.36096006631851196
19831,0.7298136353492737
19832,0.3617200255393982
19833,0.8096969723701477
19834,0.3936734199523926
19835,0.21743133664131165
19836,0.56440269947052
19837,0.548525869846344
19838,0.19011999666690826
19839,0.3624701499938965
19840,0.8366801142692566
19841,0.772214949131012
19842,0.738689124584198
19843,0.44813811779022217
19844,0.39532411098480225
19845,0.508050262928009
19846,0.8308870196342468
19847,0.6647639870643616
19848,0.35580283403396606
19849,0.7053750157356262
19850,0.7966089844703674
19851,0.636911153793335
19852,0.25591981410980225
19853,0.3313966691493988
19854,0.5069190263748169
19855,0.5797209739685059
19856,0.3424232006072998
19857,0.315494179725647
19858,0.8060956597328186
19859,0.43668824434280396
19860,0.3259671926498413
19861,0.6796472072601318
19862,0.6534781455993652
19863,0.7189967632293701
19864,0.4777884781360626
19865,0.7847435474395752
19866,0.5003312230110168
19867,0.2747558355331421
19868,0.35254141688346863
19869,0.44685885310173035
19870,0.48672717809677124
19871,0.6501392722129822
19872,0.5172761082649231
19873,0.27138179540634155
19874,0.47671040892601013
19875,0.5504608154296875
19876,0.5099115967750549
19877,0.5459555387496948
19878,0.5255231261253357
19879,0.8011009097099304
19880,0.5244366526603699
19881,0.692610502243042
19882,0.3934475779533386
19883,0.7058442831039429
19884,0.3812769651412964
19885,0.18115976452827454
19886,0.5870141983032227
19887,0.6792848706245422
19888,0.27019086480140686
19889,0.7658677697181702
19890,0.5761653184890747
19891,0.7026819586753845
19892,0.4242951273918152
19893,0.6074314117431641
19894,0.4526415467262268
19895,0.44084465503692627
19896,0.6307736039161682
19897,0.35372644662857056
19898,0.3826872706413269
19899,0.7850630879402161
19900,0.687877357006073
19901,0.821380615234375
19902,0.32736092805862427
19903,0.3522033095359802
19904,0.17621955275535583
19905,0.6784829497337341
19906,0.46786171197891235
19907,0.6410127282142639
19908,0.3083009719848633
19909,0.29086363315582275
19910,0.8002301454544067
19911,0.1915232241153717
19912,0.37162041664123535
19913,0.2654840350151062
19914,0.6167338490486145
19915,0.33037638664245605
19916,0.6746274828910828
19917,0.6753699779510498
19918,0.5314550995826721
19919,0.4376097619533539
19920,0.7063704133033752
19921,0.6244685053825378
19922,0.570293128490448
19923,0.6048926115036011
19924,0.6527048349380493
19925,0.37049591541290283
19926,0.7312943339347839
19927,0.4956775903701782
19928,0.7164965867996216
19929,0.5039171576499939
19930,0.8028155565261841
19931,0.5709490180015564
19932,0.5659675002098083
19933,0.3748236894607544
19934,0.4367934465408325
19935,0.4070504307746887
19936,0.5974880456924438
19937,0.33872368931770325
19938,0.5030685067176819
19939,0.5514883399009705
19940,0.3181696832180023
19941,0.7501224875450134
19942,0.8146281838417053
19943,0.6758543252944946
19944,0.41684824228286743
19945,0.34742847084999084
19946,0.6026970744132996
19947,0.3002794682979584
19948,0.24642714858055115
19949,0.3557273745536804
19950,0.8090190887451172
19951,0.5579362511634827
19952,0.42452698945999146
19953,0.3286832869052887
19954,0.40518537163734436
19955,0.8145489692687988
19956,0.27820098400115967
19957,0.5211911201477051
19958,0.7273964881896973
19959,0.4979093074798584
19960,0.44434309005737305
19961,0.37398990988731384
19962,0.6701543927192688
19963,0.3296963572502136
19964,0.6300628781318665
19965,0.17661835253238678
19966,0.5304467082023621
19967,0.313437819480896
19968,0.6570821404457092
19969,0.39357757568359375
19970,0.8051773309707642
19971,0.5296875238418579
19972,0.17849931120872498
19973,0.5992721915245056
19974,0.5079156756401062
19975,0.27597594261169434
19976,0.30090251564979553
19977,0.5002667903900146
19978,0.7796103358268738
19979,0.7331897616386414
19980,0.33674800395965576
19981,0.674261212348938
19982,0.7378197312355042
19983,0.662482738494873
19984,0.2555798888206482
19985,0.6891627907752991
19986,0.34467822313308716
19987,0.5215980410575867
19988,0.2917398512363434
19989,0.4930631220340729
19990,0.5567103028297424
19991,0.5544962286949158
19992,0.3889182507991791
19993,0.6893712282180786
19994,0.38018497824668884
19995,0.7156729698181152
19996,0.5019827485084534
19997,0.7035460472106934
19998,0.2818628251552582
19999,0.3505557179450989
20000,0.4725203812122345
20001,0.25109362602233887
20002,0.6555272340774536
20003,0.31037282943725586
20004,0.7339080572128296
20005,0.6681272387504578
20006,0.18743139505386353
20007,0.5595542788505554
20008,0.48021915555000305
20009,0.2683940529823303
20010,0.7822362184524536
20011,0.5380588173866272
20012,0.38440269231796265
20013,0.8119791150093079
20014,0.19672958552837372
20015,0.5919994711875916
20016,0.4986138939857483
20017,0.21033388376235962
20018,0.2865973114967346
20019,0.366052508354187
20020,0.5131056904792786
20021,0.7507740259170532
20022,0.7676976323127747
20023,0.41352882981300354
20024,0.3304893970489502
20025,0.310482382774353
20026,0.38601788878440857
20027,0.5681331753730774
20028,0.7970953583717346
20029,0.5492397546768188
20030,0.33718326687812805
20031,0.5141926407814026
20032,0.43644580245018005
20033,0.351291298866272
20034,0.31146225333213806
20035,0.4840220808982849
20036,0.8212144374847412
20037,0.4734077453613281
20038,0.8016672730445862
20039,0.1991463452577591
20040,0.4127180576324463
20041,0.4208867847919464
20042,0.791522204875946
20043,0.5069349408149719
20044,0.5157182812690735
20045,0.5097954273223877
20046,0.48847654461860657
20047,0.7779651880264282
20048,0.2439490407705307
20049,0.2655887007713318
20050,0.273806631565094
20051,0.3904023766517639
20052,0.5437091588973999
20053,0.2893376648426056
20054,0.42423051595687866
20055,0.4798157513141632
20056,0.30979838967323303
20057,0.6679498553276062
20058,0.6335961222648621
20059,0.5255552530288696
20060,0.6639453768730164
20061,0.4744160771369934
20062,0.33896932005882263
20063,0.3069387674331665
20064,0.4668543338775635
20065,0.23069795966148376
20066,0.5608885884284973
20067,0.3986332416534424
20068,0.44507360458374023
20069,0.7599692940711975
20070,0.38867858052253723
20071,0.4527498483657837
20072,0.8197006583213806
20073,0.5660715103149414
20074,0.2515386939048767
20075,0.5881879925727844
20076,0.661091148853302
20077,0.4418814778327942
20078,0.5008240342140198
20079,0.4842357635498047
20080,0.6780399084091187
20081,0.26286745071411133
20082,0.3695792555809021
20083,0.5461831092834473
20084,0.2594202160835266
20085,0.5527058839797974
20086,0.7222161889076233
20087,0.6449756026268005
20088,0.30258816480636597
20089,0.6691141724586487
20090,0.3698095679283142
20091,0.29692041873931885
20092,0.18427662551403046
20093,0.7415256500244141
20094,0.6849522590637207
20095,0.5243081450462341
20096,0.42068374156951904
20097,0.6222421526908875
20098,0.5780687928199768
20099,0.8227333426475525
20100,0.4041714072227478
20101,0.45449504256248474
20102,0.7087791562080383
20103,0.49816954135894775
20104,0.6376219391822815
20105,0.36612844467163086
20106,0.7047256827354431
20107,0.35655272006988525
20108,0.5773699879646301
20109,0.40241384506225586
20110,0.25941669940948486
20111,0.38822677731513977
20112,0.5357243418693542
20113,0.5586535334587097
20114,0.3638235926628113
20115,0.6607559323310852
20116,0.5209370255470276
20117,0.40279608964920044
20118,0.42808687686920166
20119,0.648271381855011
20120,0.5493643879890442
20121,0.25270718336105347
20122,0.5586333870887756
20123,0.6286957859992981
20124,0.5102579593658447
20125,0.4410790801048279
20126,0.571142852306366
20127,0.2842113971710205
20128,0.5238082408905029
20129,0.7413540482521057
20130,0.4854384660720825
20131,0.5412608981132507
20132,0.5196654796600342
20133,0.3906770646572113
20134,0.6780688762664795
20135,0.7275469899177551
20136,0.6485567688941956
20137,0.5561763644218445
20138,0.7874297499656677
20139,0.7675032615661621
20140,0.44415634870529175
20141,0.3259202539920807
20142,0.39000409841537476
20143,0.44601187109947205
20144,0.4530984163284302
20145,0.8388379812240601
20146,0.45189571380615234
20147,0.7921586036682129
20148,0.28891998529434204
20149,0.398457407951355
20150,0.7067757248878479
20151,0.7372865080833435
20152,0.5000601410865784
20153,0.35434049367904663
20154,0.781305193901062
20155,0.5339454412460327
20156,0.6043323874473572
20157,0.2747102677822113
20158,0.23216921091079712
20159,0.4858309030532837
20160,0.285273015499115
20161,0.29175233840942383
20162,0.5218068361282349
20163,0.82774418592453
20164,0.6568775177001953
20165,0.2050747573375702
20166,0.5462825298309326
20167,0.8228588700294495
20168,0.5680060982704163
20169,0.7412641644477844
20170,0.5160838961601257
20171,0.40846526622772217
20172,0.41283470392227173
20173,0.38651251792907715
20174,0.6561704277992249
20175,0.4470871090888977
20176,0.3513791859149933
20177,0.5603904724121094
20178,0.6383090019226074
20179,0.5795028805732727
20180,0.29499542713165283
20181,0.536778450012207
20182,0.4329087734222412
20183,0.22136864066123962
20184,0.2978383004665375
20185,0.47606706619262695
20186,0.45166414976119995
20187,0.5078598856925964
20188,0.2360803782939911
20189,0.24884824454784393
20190,0.7576772570610046
20191,0.8384225964546204
20192,0.5109813213348389
20193,0.510522186756134
20194,0.8136276006698608
20195,0.18959940969944
20196,0.762096643447876
20197,0.8061230778694153
20198,0.8279109001159668
20199,0.3822287917137146
20200,0.7465656399726868
20201,0.7808836102485657
20202,0.4569033682346344
20203,0.32903051376342773
20204,0.48972344398498535
20205,0.5795449018478394
20206,0.3982703685760498
20207,0.5327722430229187
20208,0.7714552879333496
20209,0.6498807072639465
20210,0.5133461952209473
20211,0.4275675117969513
20212,0.5613493323326111
20213,0.3967621624469757
20214,0.7767860293388367
20215,0.6102489233016968
20216,0.4199991524219513
20217,0.5581814050674438
20218,0.37641340494155884
20219,0.32614123821258545
20220,0.343952476978302
20221,0.49154892563819885
20222,0.2537888288497925
20223,0.464438259601593
20224,0.33306705951690674
20225,0.4533250033855438
20226,0.4621793031692505
20227,0.697949230670929
20228,0.31452444195747375
20229,0.2975510358810425
20230,0.5424013733863831
20231,0.8260647654533386
20232,0.2081366926431656
20233,0.25318682193756104
20234,0.22508534789085388
20235,0.5243334174156189
20236,0.34447067975997925
20237,0.28371015191078186
20238,0.4095309376716614
20239,0.6990145444869995
20240,0.5364112854003906
20241,0.6174771189689636
20242,0.47764360904693604
20243,0.8174998760223389
20244,0.8209447264671326
20245,0.516724705696106
20246,0.4123693108558655
20247,0.3297629952430725
20248,0.3671104609966278
20249,0.5316216349601746
20250,0.5040768980979919
20251,0.24597540497779846
20252,0.5375753045082092
20253,0.5077817440032959
20254,0.6726579070091248
20255,0.8152191638946533
20256,0.3086952567100525
20257,0.4381024241447449
20258,0.5612576007843018
20259,0.6225845217704773
20260,0.706623375415802
20261,0.6870418787002563
20262,0.3081103563308716
20263,0.4873494803905487
20264,0.659429132938385
20265,0.2638835608959198
20266,0.5754141211509705
20267,0.5715769529342651
20268,0.3365798592567444
20269,0.7188018560409546
20270,0.814577579498291
20271,0.2974688410758972
20272,0.2055307924747467
20273,0.2086973488330841
20274,0.5827439427375793
20275,0.33114758133888245
20276,0.4675714075565338
20277,0.8067601323127747
20278,0.37080681324005127
20279,0.40351033210754395
20280,0.41916781663894653
20281,0.5409453511238098
20282,0.7388362288475037
20283,0.536796510219574
20284,0.4499971568584442
20285,0.43214794993400574
20286,0.7656897902488708
20287,0.7114817500114441
20288,0.47657132148742676
20289,0.6670321822166443
20290,0.3835591673851013
20291,0.536206066608429
20292,0.4908045530319214
20293,0.8237146735191345
20294,0.6382097601890564
20295,0.6224777698516846
20296,0.6504338383674622
20297,0.23557478189468384
20298,0.32598429918289185
20299,0.7523706555366516
20300,0.22539333999156952
20301,0.43421801924705505
20302,0.26401838660240173
20303,0.36140018701553345
20304,0.4641432464122772
20305,0.45217108726501465
20306,0.549291729927063
20307,0.4761757552623749
20308,0.2649788558483124
20309,0.4247410297393799
20310,0.5088387131690979
20311,0.6224531531333923
20312,0.7280678153038025
20313,0.4670136868953705
20314,0.7439387440681458
20315,0.5569953322410583
20316,0.8264211416244507
20317,0.6656115055084229
20318,0.7469568848609924
20319,0.44393250346183777
20320,0.6368510127067566
20321,0.5061705112457275
20322,0.4221569895744324
20323,0.4789460599422455
20324,0.4818423092365265
20325,0.41057902574539185
20326,0.3283468186855316
20327,0.3832405209541321
20328,0.1789988875389099
20329,0.3560219407081604
20330,0.39656388759613037
20331,0.4835174083709717
20332,0.5217431783676147
20333,0.3810352087020874
20334,0.8104153275489807
20335,0.2940447926521301
20336,0.3882594108581543
20337,0.8184945583343506
20338,0.5579817891120911
20339,0.6219410300254822
20340,0.2723196744918823
20341,0.37215638160705566
20342,0.5043255686759949
20343,0.35196924209594727
20344,0.6508766412734985
20345,0.3817675709724426
20346,0.5619397163391113
20347,0.7408058047294617
20348,0.43546634912490845
20349,0.3272882401943207
20350,0.7149720191955566
20351,0.4478996992111206
20352,0.6109897494316101
20353,0.6432231068611145
20354,0.5620172023773193
20355,0.3246682286262512
20356,0.5044249892234802
20357,0.4486818015575409
20358,0.28612977266311646
20359,0.4745272099971771
20360,0.19139648973941803
20361,0.3403981328010559
20362,0.6794210076332092
20363,0.6257622838020325
20364,0.6373003125190735
20365,0.5716903209686279
20366,0.31225019693374634
20367,0.29648351669311523
20368,0.7852248549461365
20369,0.34319543838500977
20370,0.570573091506958
20371,0.4136691689491272
20372,0.30764442682266235
20373,0.6280392408370972
20374,0.6190469861030579
20375,0.6506062150001526
20376,0.7020280361175537
20377,0.5704370141029358
20378,0.5397220253944397
20379,0.24269816279411316
20380,0.7780848145484924
20381,0.6876833438873291
20382,0.2997019290924072
20383,0.24610647559165955
20384,0.5326176881790161
20385,0.37269526720046997
20386,0.3368891477584839
20387,0.6282938122749329
20388,0.5803629755973816
20389,0.3597443401813507
20390,0.24720771610736847
20391,0.2760992646217346
20392,0.8345291614532471
20393,0.24318793416023254
20394,0.395813524723053
20395,0.46919888257980347
20396,0.25249963998794556
20397,0.8123814463615417
20398,0.4967355728149414
20399,0.80714350938797
20400,0.787235677242279
20401,0.3650384545326233
20402,0.7892767786979675
20403,0.6657667756080627
20404,0.22482721507549286
20405,0.5455578565597534
20406,0.5534570217132568
20407,0.16987738013267517
20408,0.6967551708221436
20409,0.8291212320327759
20410,0.28463035821914673
20411,0.5458377003669739
20412,0.6652593016624451
20413,0.7903952598571777
20414,0.754498302936554
20415,0.4262518882751465
20416,0.56487637758255
20417,0.726312518119812
20418,0.3830011487007141
20419,0.24582409858703613
20420,0.504605233669281
20421,0.4274803400039673
20422,0.5117573142051697
20423,0.7637820839881897
20424,0.526043713092804
20425,0.4797256290912628
20426,0.6233745217323303
20427,0.5629014372825623
20428,0.8258057236671448
20429,0.3144584894180298
20430,0.6921902894973755
20431,0.3740386962890625
20432,0.5432990789413452
20433,0.2134350836277008
20434,0.48317891359329224
20435,0.6628925800323486
20436,0.5423421859741211
20437,0.7391408681869507
20438,0.4375474452972412
20439,0.34667032957077026
20440,0.823255717754364
20441,0.8200859427452087
20442,0.6364462375640869
20443,0.4726420044898987
20444,0.4376237690448761
20445,0.6626358032226562
20446,0.2704758644104004
20447,0.6285757422447205
20448,0.5329627394676208
20449,0.6344214081764221
20450,0.42620721459388733
20451,0.725619375705719
20452,0.6584581732749939
20453,0.2165624350309372
20454,0.4205535054206848
20455,0.2889530062675476
20456,0.42498260736465454
20457,0.3149391710758209
20458,0.36707714200019836
20459,0.37077638506889343
20460,0.2507805824279785
20461,0.6554318070411682
20462,0.4029473066329956
20463,0.25366461277008057
20464,0.7277666926383972
20465,0.5350947380065918
20466,0.5033395886421204
20467,0.6513599157333374
20468,0.47076350450515747
20469,0.6738488674163818
20470,0.6657807230949402
20471,0.49764928221702576
20472,0.514951229095459
20473,0.40517085790634155
20474,0.6369519829750061
20475,0.5910520553588867
20476,0.4360896348953247
20477,0.8169854879379272
20478,0.3666486144065857
20479,0.3330667018890381
20480,0.49014365673065186
20481,0.37869682908058167
20482,0.2142261564731598
20483,0.509558379650116
20484,0.5014522671699524
20485,0.39350855350494385
20486,0.5760135054588318
20487,0.5527041554450989
20488,0.5200671553611755
20489,0.8358938097953796
20490,0.7619143128395081
20491,0.4081692099571228
20492,0.34300193190574646
20493,0.2910325229167938
20494,0.5529004335403442
20495,0.2875906229019165
20496,0.6841410994529724
20497,0.7603439688682556
20498,0.5215404033660889
20499,0.42647066712379456
20500,0.6033008694648743
20501,0.5679864287376404
20502,0.3448787331581116
20503,0.5933478474617004
20504,0.5220799446105957
20505,0.2576777935028076
20506,0.6907891631126404
20507,0.7757778167724609
20508,0.2012220323085785
20509,0.4773257076740265
20510,0.8104522228240967
20511,0.5299729108810425
20512,0.5821680426597595
20513,0.5331469178199768
20514,0.5790050625801086
20515,0.8004236817359924
20516,0.3855409026145935
20517,0.42084771394729614
20518,0.35074520111083984
20519,0.7037800550460815
20520,0.4409782886505127
20521,0.5439472198486328
20522,0.4732402563095093
20523,0.6657365560531616
20524,0.7288085222244263
20525,0.527718722820282
20526,0.24695400893688202
20527,0.2375398725271225
20528,0.4046110212802887
20529,0.48035067319869995
20530,0.6049788594245911
20531,0.7350360751152039
20532,0.6978608965873718
20533,0.5191493630409241
20534,0.37284761667251587
20535,0.39831677079200745
20536,0.20892581343650818
20537,0.2923010587692261
20538,0.5420110821723938
20539,0.7961242198944092
20540,0.5878838896751404
20541,0.38716351985931396
20542,0.49670785665512085
20543,0.5013887286186218
20544,0.36423057317733765
20545,0.727209746837616
20546,0.7669375538825989
20547,0.8079449534416199
20548,0.43588554859161377
20549,0.5310253500938416
20550,0.5472699999809265
20551,0.7888777852058411
20552,0.25604647397994995
20553,0.6078097820281982
20554,0.7507570385932922
20555,0.4485511779785156
20556,0.5112190842628479
20557,0.3922446668148041
20558,0.33236661553382874
20559,0.6743414998054504
20560,0.3539885878562927
20561,0.30460721254348755
20562,0.683181881904602
20563,0.7161022424697876
20564,0.42736515402793884
20565,0.4506915807723999
20566,0.4597872793674469
20567,0.7156376242637634
20568,0.4424822926521301
20569,0.373873770236969
20570,0.45237037539482117
20571,0.7656370997428894
20572,0.7294124364852905
20573,0.4783347249031067
20574,0.2527341842651367
20575,0.6384297609329224
20576,0.7827627062797546
20577,0.5765978693962097
20578,0.4849206209182739
20579,0.19896510243415833
20580,0.2736482322216034
20581,0.4696993827819824
20582,0.18742236495018005
20583,0.2716359794139862
20584,0.4604465067386627
20585,0.5972341895103455
20586,0.48140257596969604
20587,0.2614150047302246
20588,0.29915735125541687
20589,0.49088865518569946
20590,0.37354576587677
20591,0.1754472255706787
20592,0.2783031463623047
20593,0.6970391273498535
20594,0.3950737714767456
20595,0.6516093611717224
20596,0.25115883350372314
20597,0.47893399000167847
20598,0.2986270487308502
20599,0.5102666020393372
20600,0.5057498812675476
20601,0.4792068302631378
20602,0.3750562369823456
20603,0.5027907490730286
20604,0.6107181906700134
20605,0.575600802898407
20606,0.39771902561187744
20607,0.2979740500450134
20608,0.39215323328971863
20609,0.702279269695282
20610,0.4442483186721802
20611,0.8252623677253723
20612,0.3638702929019928
20613,0.7001415491104126
20614,0.6289793848991394
20615,0.7238809466362
20616,0.5443663001060486
20617,0.6877274513244629
20618,0.2637785077095032
20619,0.5500134229660034
20620,0.4606209993362427
20621,0.7549988627433777
20622,0.5654445290565491
20623,0.2890416979789734
20624,0.2458387017250061
20625,0.5446786880493164
20626,0.4015893340110779
20627,0.30556637048721313
20628,0.5281688570976257
20629,0.4948461651802063
20630,0.7487741112709045
20631,0.5380032062530518
20632,0.49594223499298096
20633,0.2834027409553528
20634,0.2012878805398941
20635,0.47188800573349
20636,0.4012738764286041
20637,0.4111969470977783
20638,0.562910258769989
20639,0.5245892405509949
20640,0.545522928237915
20641,0.5106117129325867
20642,0.2387349158525467
20643,0.3416522741317749
20644,0.7232943177223206
20645,0.3298766016960144
20646,0.5845523476600647
20647,0.5543767809867859
20648,0.5028666853904724
20649,0.6279575228691101
20650,0.4852484464645386
20651,0.6056405305862427
20652,0.7953263521194458
20653,0.5097474455833435
20654,0.2882689833641052
20655,0.4476083517074585
20656,0.6325974464416504
20657,0.8202059864997864
20658,0.4802902936935425
20659,0.6703937649726868
20660,0.41738200187683105
20661,0.668136477470398
20662,0.5918607711791992
20663,0.5336412191390991
20664,0.27476245164871216
20665,0.6796923279762268
20666,0.7671492695808411
20667,0.2119760513305664
20668,0.371415913105011
20669,0.7265542149543762
20670,0.6981832981109619
20671,0.30091172456741333
20672,0.5977320075035095
20673,0.44604939222335815
20674,0.34767991304397583
20675,0.28161200881004333
20676,0.1918538212776184
20677,0.4311305284500122
20678,0.45954346656799316
20679,0.19966086745262146
20680,0.6887949109077454
20681,0.37696218490600586
20682,0.2415778934955597
20683,0.33621326088905334
20684,0.7198548913002014
20685,0.303560733795166
20686,0.6429538726806641
20687,0.7675306797027588
20688,0.7534123659133911
20689,0.22211860120296478
20690,0.5843091011047363
20691,0.3008536100387573
20692,0.6839203238487244
20693,0.6944026947021484
20694,0.3972737789154053
20695,0.5062480568885803
20696,0.4539144039154053
20697,0.4123719036579132
20698,0.7272548079490662
20699,0.39157378673553467
20700,0.4244242310523987
20701,0.7258604764938354
20702,0.6385628581047058
20703,0.5951777100563049
20704,0.26023679971694946
20705,0.55503910779953
20706,0.7861425280570984
20707,0.7350149154663086
20708,0.5632122755050659
20709,0.15672972798347473
20710,0.5085013508796692
20711,0.6856340765953064
20712,0.32525017857551575
20713,0.3387717008590698
20714,0.8056228756904602
20715,0.6128632426261902
20716,0.46699368953704834
20717,0.8260030150413513
20718,0.438965380191803
20719,0.7337624430656433
20720,0.5152028203010559
20721,0.4245032072067261
20722,0.6234045028686523
20723,0.5237331986427307
20724,0.5021108984947205
20725,0.3514096736907959
20726,0.17508003115653992
20727,0.22908249497413635
20728,0.5412006378173828
20729,0.22357423603534698
20730,0.7612625956535339
20731,0.536385178565979
20732,0.5478030443191528
20733,0.720251739025116
20734,0.5024532079696655
20735,0.2726094722747803
20736,0.3447571396827698
20737,0.21652556955814362
20738,0.6153498888015747
20739,0.3440321087837219
20740,0.4061446785926819
20741,0.3731645345687866
20742,0.46068835258483887
20743,0.7305904626846313
20744,0.7245336174964905
20745,0.6015011668205261
20746,0.34170883893966675
20747,0.5134530067443848
20748,0.42780911922454834
20749,0.5134336352348328
20750,0.5464060306549072
20751,0.44942915439605713
20752,0.47861719131469727
20753,0.40982818603515625
20754,0.616378903388977
20755,0.46182215213775635
20756,0.5842471122741699
20757,0.7261589765548706
20758,0.6258551478385925
20759,0.2401909977197647
20760,0.24363353848457336
20761,0.39300936460494995
20762,0.257946252822876
20763,0.5722553133964539
20764,0.4977337121963501
20765,0.20277972519397736
20766,0.8229925036430359
20767,0.23446564376354218
20768,0.7158834338188171
20769,0.8137964606285095
20770,0.7230861783027649
20771,0.23852452635765076
20772,0.28428977727890015
20773,0.6997771263122559
20774,0.3520890772342682
20775,0.4842921495437622
20776,0.4354236423969269
20777,0.7837567329406738
20778,0.3847564458847046
20779,0.3066670894622803
20780,0.5149341225624084
20781,0.4953595697879791
20782,0.4131804406642914
20783,0.7500218749046326
20784,0.49426111578941345
20785,0.28875869512557983
20786,0.5705121755599976
20787,0.6053004860877991
20788,0.20842976868152618
20789,0.4309871792793274
20790,0.4332412779331207
20791,0.8096310496330261
20792,0.6569737792015076
20793,0.6648620963096619
20794,0.5770209431648254
20795,0.2142045497894287
20796,0.5440683364868164
20797,0.6628302335739136
20798,0.5880305171012878
20799,0.8212305307388306
20800,0.4659278392791748
20801,0.24038654565811157
20802,0.837393045425415
20803,0.2137695550918579
20804,0.7277711629867554
20805,0.43145206570625305
20806,0.21092313528060913
20807,0.41211721301078796
20808,0.29104849696159363
20809,0.6727911829948425
20810,0.6895256638526917
20811,0.5956056118011475
20812,0.39903390407562256
20813,0.5931668877601624
20814,0.4865025281906128
20815,0.7901567816734314
20816,0.6235684752464294
20817,0.6473634839057922
20818,0.4142061471939087
20819,0.24728624522686005
20820,0.2627014219760895
20821,0.5610598921775818
20822,0.1891372948884964
20823,0.34976136684417725
20824,0.5221962928771973
20825,0.4344053864479065
20826,0.5140620470046997
20827,0.43328145146369934
20828,0.7743118405342102
20829,0.5517590641975403
20830,0.259531170129776
20831,0.4424760937690735
20832,0.4363486170768738
20833,0.33714979887008667
20834,0.32676535844802856
20835,0.3623851537704468
20836,0.6249175667762756
20837,0.4661743640899658
20838,0.44083544611930847
20839,0.49272871017456055
20840,0.6677740812301636
20841,0.4931809902191162
20842,0.26092666387557983
20843,0.32664740085601807
20844,0.30814337730407715
20845,0.3752656579017639
20846,0.16874104738235474
20847,0.33980661630630493
20848,0.4476805031299591
20849,0.44506973028182983
20850,0.4638406038284302
20851,0.7930381298065186
20852,0.5139114856719971
20853,0.37783628702163696
20854,0.6335098147392273
20855,0.7306081652641296
20856,0.2528995871543884
20857,0.24844464659690857
20858,0.31963294744491577
20859,0.46910038590431213
20860,0.4142898917198181
20861,0.4686960279941559
20862,0.4385039806365967
20863,0.4172274172306061
20864,0.4937286972999573
20865,0.48051169514656067
20866,0.2955225110054016
20867,0.36053916811943054
20868,0.4089663326740265
20869,0.49606871604919434
20870,0.5682111978530884
20871,0.5168030261993408
20872,0.40681761503219604
20873,0.7352780699729919
20874,0.37323611974716187
20875,0.2155148833990097
20876,0.8092644214630127
20877,0.46435368061065674
20878,0.5920894145965576
20879,0.19787561893463135
20880,0.3529418706893921
20881,0.325539231300354
20882,0.2820187211036682
20883,0.7324994206428528
20884,0.514038622379303
20885,0.6429118514060974
20886,0.8251672983169556
20887,0.4395332336425781
20888,0.2694474160671234
20889,0.1832379400730133
20890,0.741163969039917
20891,0.6167259812355042
20892,0.45288756489753723
20893,0.5003882050514221
20894,0.418218731880188
20895,0.4998254179954529
20896,0.4959689974784851
20897,0.5537506937980652
20898,0.42906245589256287
20899,0.6113768815994263
20900,0.7825538516044617
20901,0.40984871983528137
20902,0.27264443039894104
20903,0.35900115966796875
20904,0.3317931294441223
20905,0.7844884991645813
20906,0.2864763140678406
20907,0.35699018836021423
20908,0.5047588348388672
20909,0.8122686743736267
20910,0.8315288424491882
20911,0.5893005728721619
20912,0.23305805027484894
20913,0.5085879564285278
20914,0.39118492603302
20915,0.31912660598754883
20916,0.5012513995170593
20917,0.34633177518844604
20918,0.7805390357971191
20919,0.4692784547805786
20920,0.39316216111183167
20921,0.331512987613678
20922,0.7814599871635437
20923,0.36375951766967773
20924,0.5314880013465881
20925,0.5234031081199646
20926,0.3564392328262329
20927,0.5655010938644409
20928,0.5374041199684143
20929,0.39785951375961304
20930,0.24782636761665344
20931,0.6320549845695496
20932,0.3581596612930298
20933,0.32714730501174927
20934,0.28209036588668823
20935,0.3901309669017792
20936,0.3737534284591675
20937,0.5340974926948547
20938,0.5174355506896973
20939,0.22918322682380676
20940,0.7444632649421692
20941,0.747908353805542
20942,0.7519823908805847
20943,0.8179788589477539
20944,0.7709875702857971
20945,0.4760177433490753
20946,0.4828794598579407
20947,0.23472246527671814
20948,0.23064768314361572
20949,0.29078593850135803
20950,0.5601113438606262
20951,0.3120483458042145
20952,0.27933239936828613
20953,0.7076252102851868
20954,0.3867602050304413
20955,0.5281346440315247
20956,0.35105183720588684
20957,0.506971538066864
20958,0.30374589562416077
20959,0.6384738683700562
20960,0.7374213337898254
20961,0.5816152095794678
20962,0.25497686862945557
20963,0.7587824463844299
20964,0.7239788174629211
20965,0.6929625272750854
20966,0.4433021545410156
20967,0.2923271059989929
20968,0.5601949095726013
20969,0.6629347205162048
20970,0.32734325528144836
20971,0.5181681513786316
20972,0.5510161519050598
20973,0.38877952098846436
20974,0.8162233233451843
20975,0.6879799365997314
20976,0.39006927609443665
20977,0.6274746060371399
20978,0.24250024557113647
20979,0.3965911567211151
20980,0.4012215733528137
20981,0.41231295466423035
20982,0.2288069725036621
20983,0.5931006073951721
20984,0.7705775499343872
20985,0.5406542420387268
20986,0.5003542304039001
20987,0.45647934079170227
20988,0.768568217754364
20989,0.5185663104057312
20990,0.2548946142196655
20991,0.3102908134460449
20992,0.6279420852661133
20993,0.2409050315618515
20994,0.7945111989974976
20995,0.37925589084625244
20996,0.731580913066864
20997,0.6085483431816101
20998,0.7278153300285339
20999,0.38497692346572876
21000,0.736816942691803
21001,0.4227696657180786
21002,0.2536684572696686
21003,0.6050259470939636
21004,0.5591393113136292
21005,0.5737016797065735
21006,0.8262163400650024
21007,0.5264031291007996
21008,0.2474028766155243
21009,0.4884112775325775
21010,0.7735533714294434
21011,0.8242570757865906
21012,0.6314136385917664
21013,0.7063723206520081
21014,0.27457988262176514
21015,0.44695016741752625
21016,0.43685847520828247
21017,0.4144473969936371
21018,0.4385756254196167
21019,0.4785609245300293
21020,0.5809198021888733
21021,0.45476317405700684
21022,0.19427458941936493
21023,0.15794406831264496
21024,0.20279616117477417
21025,0.2183689922094345
21026,0.4261224567890167
21027,0.7105037569999695
21028,0.41341543197631836
21029,0.607502281665802
21030,0.511287271976471
21031,0.33638155460357666
21032,0.4250409007072449
21033,0.3516188859939575
21034,0.3483099341392517
21035,0.4050633907318115
21036,0.36453646421432495
21037,0.7614434361457825
21038,0.5077314376831055
21039,0.7627795934677124
21040,0.44851937890052795
21041,0.5752546191215515
21042,0.3123473823070526
21043,0.5607401728630066
21044,0.5040635466575623
21045,0.5668383240699768
21046,0.26433125138282776
21047,0.6466415524482727
21048,0.31449389457702637
21049,0.7666924595832825
21050,0.5596643090248108
21051,0.27154695987701416
21052,0.39509716629981995
21053,0.47659730911254883
21054,0.33246636390686035
21055,0.5726003646850586
21056,0.5002102255821228
21057,0.44638335704803467
21058,0.5245457291603088
21059,0.3666462302207947
21060,0.4245636463165283
21061,0.8017289638519287
21062,0.2634279131889343
21063,0.4620901942253113
21064,0.351620614528656
21065,0.4628344178199768
21066,0.3222123682498932
21067,0.3764045238494873
21068,0.5480653047561646
21069,0.5664506554603577
21070,0.28603577613830566
21071,0.26682817935943604
21072,0.22187575697898865
21073,0.4721129536628723
21074,0.6992252469062805
21075,0.6392931342124939
21076,0.6645737290382385
21077,0.644245982170105
21078,0.2846229076385498
21079,0.44777363538742065
21080,0.795517086982727
21081,0.39130961894989014
21082,0.5201506614685059
21083,0.4885522127151489
21084,0.34068870544433594
21085,0.4151839017868042
21086,0.5737711787223816
21087,0.7896869778633118
21088,0.3691168427467346
21089,0.2626118063926697
21090,0.34763801097869873
21091,0.35282570123672485
21092,0.7100314497947693
21093,0.7351112961769104
21094,0.4603217840194702
21095,0.8157088160514832
21096,0.5533302426338196
21097,0.7770530581474304
21098,0.2161792665719986
21099,0.49119096994400024
21100,0.5541820526123047
21101,0.7408463358879089
21102,0.30685150623321533
21103,0.4755699634552002
21104,0.5291641354560852
21105,0.17606611549854279
21106,0.7615631222724915
21107,0.5084457397460938
21108,0.5133607983589172
21109,0.46828198432922363
21110,0.7030482292175293
21111,0.8345053791999817
21112,0.29036372900009155
21113,0.21655520796775818
21114,0.25609657168388367
21115,0.21640419960021973
21116,0.6248371601104736
21117,0.19331161677837372
21118,0.4995959401130676
21119,0.4103354811668396
21120,0.5613574385643005
21121,0.4469885528087616
21122,0.6041176915168762
21123,0.36203062534332275
21124,0.31153321266174316
21125,0.42210835218429565
21126,0.561767041683197
21127,0.46276867389678955
21128,0.31258195638656616
21129,0.4700267016887665
21130,0.6870887875556946
21131,0.5590320825576782
21132,0.6179629564285278
21133,0.24887321889400482
21134,0.44361478090286255
21135,0.24864007532596588
21136,0.7763873934745789
21137,0.6237930655479431
21138,0.7047973871231079
21139,0.3258012533187866
21140,0.3545762002468109
21141,0.4805213212966919
21142,0.2757951319217682
21143,0.35152333974838257
21144,0.34927985072135925
21145,0.5679523944854736
21146,0.21008414030075073
21147,0.6973583102226257
21148,0.4451839327812195
21149,0.37904486060142517
21150,0.6369099020957947
21151,0.6050892472267151
21152,0.2706243395805359
21153,0.35316336154937744
21154,0.22723734378814697
21155,0.24337054789066315
21156,0.5660181045532227
21157,0.8051242232322693
21158,0.4694620370864868
21159,0.5448041558265686
21160,0.757863461971283
21161,0.3952031135559082
21162,0.3592512607574463
21163,0.46612024307250977
21164,0.47764086723327637
21165,0.2310691475868225
21166,0.44179967045783997
21167,0.3967103660106659
21168,0.6032986044883728
21169,0.8081255555152893
21170,0.6425665020942688
21171,0.5286498665809631
21172,0.7619439959526062
21173,0.4536671042442322
21174,0.4682443141937256
21175,0.25946110486984253
21176,0.4153706729412079
21177,0.3033987879753113
21178,0.7140328884124756
21179,0.48672378063201904
21180,0.2974275052547455
21181,0.5714264512062073
21182,0.18952423334121704
21183,0.20654365420341492
21184,0.45146358013153076
21185,0.33955270051956177
21186,0.38420677185058594
21187,0.2561304271221161
21188,0.5157354474067688
21189,0.1917756348848343
21190,0.49879398941993713
21191,0.16026903688907623
21192,0.7462080121040344
21193,0.35138067603111267
21194,0.5222657322883606
21195,0.5988221764564514
21196,0.544722855091095
21197,0.5048297047615051
21198,0.7155259251594543
21199,0.821432888507843
21200,0.8041107058525085
21201,0.5631632208824158
21202,0.29304254055023193
21203,0.38710734248161316
21204,0.23598699271678925
21205,0.7530907988548279
21206,0.20346291363239288
21207,0.24077533185482025
21208,0.7394864559173584
21209,0.4033570885658264
21210,0.5805001258850098
21211,0.8131878972053528
21212,0.3544604182243347
21213,0.4439220130443573
21214,0.48958325386047363
21215,0.5703216791152954
21216,0.6382129192352295
21217,0.5228806138038635
21218,0.6874573826789856
21219,0.39488357305526733
21220,0.47838926315307617
21221,0.6721643209457397
21222,0.6928342580795288
21223,0.3689896762371063
21224,0.5247227549552917
21225,0.6025968790054321
21226,0.5004959106445312
21227,0.7978802919387817
21228,0.17281706631183624
21229,0.5271437764167786
21230,0.2602219581604004
21231,0.5350150465965271
21232,0.5606903433799744
21233,0.7216214537620544
21234,0.5166338682174683
21235,0.3524671792984009
21236,0.7690388560295105
21237,0.5148066878318787
21238,0.5049400925636292
21239,0.201694518327713
21240,0.4850529432296753
21241,0.5216600298881531
21242,0.4022124409675598
21243,0.8388720154762268
21244,0.4280596971511841
21245,0.49944180250167847
21246,0.396708607673645
21247,0.5166407823562622
21248,0.8059987425804138
21249,0.4491655230522156
21250,0.7605172991752625
21251,0.5905971527099609
21252,0.7134789228439331
21253,0.7060918211936951
21254,0.6380138993263245
21255,0.47681915760040283
21256,0.4939383864402771
21257,0.525401771068573
21258,0.6454377770423889
21259,0.6145191788673401
21260,0.40195196866989136
21261,0.7982185482978821
21262,0.4688456058502197
21263,0.3579028248786926
21264,0.3921970725059509
21265,0.5805633068084717
21266,0.2614321708679199
21267,0.6165664196014404
21268,0.3098759055137634
21269,0.8126624226570129
21270,0.2729255259037018
21271,0.6364399790763855
21272,0.25581592321395874
21273,0.26443764567375183
21274,0.6821154356002808
21275,0.22694265842437744
21276,0.587321400642395
21277,0.45304998755455017
21278,0.3558671772480011
21279,0.5878946781158447
21280,0.8184179663658142
21281,0.2811545729637146
21282,0.3962782323360443
21283,0.8135823607444763
21284,0.4023955464363098
21285,0.7295968532562256
21286,0.3979741930961609
21287,0.5728874802589417
21288,0.20171751081943512
21289,0.30574095249176025
21290,0.5231183767318726
21291,0.2437303364276886
21292,0.23186464607715607
21293,0.8126522302627563
21294,0.6014357209205627
21295,0.40738189220428467
21296,0.40422195196151733
21297,0.6535465717315674
21298,0.6362118721008301
21299,0.6002345085144043
21300,0.4449780583381653
21301,0.6505883932113647
21302,0.7351436018943787
21303,0.627109706401825
21304,0.5678175091743469
21305,0.5690236687660217
21306,0.405850887298584
21307,0.607895016670227
21308,0.41487863659858704
21309,0.26662343740463257
21310,0.7960426807403564
21311,0.7707430720329285
21312,0.8247448205947876
21313,0.7291138768196106
21314,0.25570106506347656
21315,0.42815983295440674
21316,0.30224037170410156
21317,0.29553329944610596
21318,0.3569403886795044
21319,0.6850789189338684
21320,0.604319155216217
21321,0.36865657567977905
21322,0.6645689606666565
21323,0.4369845390319824
21324,0.662312924861908
21325,0.8382525444030762
21326,0.23547586798667908
21327,0.4665416479110718
21328,0.8053203821182251
21329,0.7738738656044006
21330,0.2469218224287033
21331,0.5152364373207092
21332,0.5504440665245056
21333,0.3790742754936218
21334,0.28421396017074585
21335,0.2999277710914612
21336,0.46227532625198364
21337,0.30754518508911133
21338,0.5256243348121643
21339,0.48429030179977417
21340,0.43934935331344604
21341,0.41667550802230835
21342,0.34996020793914795
21343,0.254383385181427
21344,0.4188327193260193
21345,0.53583163022995
21346,0.4689472019672394
21347,0.667996346950531
21348,0.5241633057594299
21349,0.4695526659488678
21350,0.7975049614906311
21351,0.27833086252212524
21352,0.47207212448120117
21353,0.6079762578010559
21354,0.384648859500885
21355,0.5636340975761414
21356,0.36382970213890076
21357,0.7307022213935852
21358,0.3083866536617279
21359,0.5909661650657654
21360,0.3722377121448517
21361,0.3675990402698517
21362,0.21756885945796967
21363,0.6288283467292786
21364,0.4101563096046448
21365,0.770103394985199
21366,0.7914450168609619
21367,0.4702354371547699
21368,0.38105881214141846
21369,0.30157262086868286
21370,0.36365562677383423
21371,0.7446473240852356
21372,0.3054566979408264
21373,0.7213144302368164
21374,0.46637746691703796
21375,0.28092795610427856
21376,0.6395474076271057
21377,0.8314645886421204
21378,0.45462289452552795
21379,0.6299340724945068
21380,0.8289725184440613
21381,0.2578158974647522
21382,0.5542255640029907
21383,0.21700644493103027
21384,0.39128363132476807
21385,0.42001086473464966
21386,0.5754547715187073
21387,0.6241022944450378
21388,0.48323267698287964
21389,0.3640757203102112
21390,0.7099244594573975
21391,0.27229398488998413
21392,0.4131728410720825
21393,0.36788278818130493
21394,0.7024930715560913
21395,0.6958971619606018
21396,0.48478296399116516
21397,0.5103838443756104
21398,0.2325654774904251
21399,0.43652069568634033
21400,0.8086966872215271
21401,0.6675437092781067
21402,0.3675413727760315
21403,0.8187249898910522
21404,0.25882822275161743
21405,0.22767649590969086
21406,0.2693822979927063
21407,0.2819429039955139
21408,0.7361119389533997
21409,0.37394922971725464
21410,0.7659470438957214
21411,0.5025341510772705
21412,0.7167479395866394
21413,0.8055863976478577
21414,0.3799041509628296
21415,0.30349043011665344
21416,0.47064146399497986
21417,0.24728503823280334
21418,0.761243999004364
21419,0.34610819816589355
21420,0.30321016907691956
21421,0.5520996451377869
21422,0.47666484117507935
21423,0.2471376210451126
21424,0.3283095359802246
21425,0.606814444065094
21426,0.23577499389648438
21427,0.8145831227302551
21428,0.7801105380058289
21429,0.5972463488578796
21430,0.7773982882499695
21431,0.5470810532569885
21432,0.5349612236022949
21433,0.7716893553733826
21434,0.44054996967315674
21435,0.3163415789604187
21436,0.3052173852920532
21437,0.7404600977897644
21438,0.7752547860145569
21439,0.3776117265224457
21440,0.44515034556388855
21441,0.5174453258514404
21442,0.7140256762504578
21443,0.1639455258846283
21444,0.2741738557815552
21445,0.3601732552051544
21446,0.8089618682861328
21447,0.42123356461524963
21448,0.2922471761703491
21449,0.4079388678073883
21450,0.3864073157310486
21451,0.500012218952179
21452,0.571649968624115
21453,0.33270925283432007
21454,0.25993213057518005
21455,0.6125417351722717
21456,0.5598134994506836
21457,0.3744197189807892
21458,0.4408167600631714
21459,0.6082668304443359
21460,0.3801878094673157
21461,0.2976824641227722
21462,0.4082958698272705
21463,0.4797552824020386
21464,0.34475234150886536
21465,0.4165242910385132
21466,0.642203688621521
21467,0.6465824842453003
21468,0.7482271194458008
21469,0.5026962757110596
21470,0.4058155417442322
21471,0.4495016932487488
21472,0.7588180899620056
21473,0.5128243565559387
21474,0.5691155791282654
21475,0.4320215880870819
21476,0.8455531001091003
21477,0.7708472609519958
21478,0.4850204586982727
21479,0.35378336906433105
21480,0.27798449993133545
21481,0.6123011708259583
21482,0.5761076211929321
21483,0.7702639698982239
21484,0.2383071631193161
21485,0.33288711309432983
21486,0.36326518654823303
21487,0.4163045585155487
21488,0.24788150191307068
21489,0.4131097197532654
21490,0.5824478268623352
21491,0.5020472407341003
21492,0.3882765769958496
21493,0.35229164361953735
21494,0.7916023135185242
21495,0.7508381605148315
21496,0.3349253535270691
21497,0.3518373370170593
21498,0.7799600958824158
21499,0.27337032556533813
21500,0.6738390922546387
21501,0.42079830169677734
21502,0.3040444254875183
21503,0.252308189868927
21504,0.3745580315589905
21505,0.38807791471481323
21506,0.6715343594551086
21507,0.2176380455493927
21508,0.6746769547462463
21509,0.5282933115959167
21510,0.1938154548406601
21511,0.5893068909645081
21512,0.22622181475162506
21513,0.3874036371707916
21514,0.42370039224624634
21515,0.7925138473510742
21516,0.4160781502723694
21517,0.3178749084472656
21518,0.4512457847595215
21519,0.4159366488456726
21520,0.1808919459581375
21521,0.5144553780555725
21522,0.29909729957580566
21523,0.3729255497455597
21524,0.5235551595687866
21525,0.42737674713134766
21526,0.4059661030769348
21527,0.35484740138053894
21528,0.4836089611053467
21529,0.6003779172897339
21530,0.20970489084720612
21531,0.28426945209503174
21532,0.5637649893760681
21533,0.35555973649024963
21534,0.5854001641273499
21535,0.20379194617271423
21536,0.6089045405387878
21537,0.5336807370185852
21538,0.7298328280448914
21539,0.5243353247642517
21540,0.7099691033363342
21541,0.4422578811645508
21542,0.44221872091293335
21543,0.17683449387550354
21544,0.7004982233047485
21545,0.5433306097984314
21546,0.8215268850326538
21547,0.4752839505672455
21548,0.459659218788147
21549,0.5284088253974915
21550,0.5418239235877991
21551,0.7084290385246277
21552,0.3997199833393097
21553,0.38729041814804077
21554,0.4644654095172882
21555,0.2939796447753906
21556,0.32957717776298523
21557,0.2527550756931305
21558,0.4909076690673828
21559,0.6937232613563538
21560,0.43658778071403503
21561,0.267368882894516
21562,0.6810247302055359
21563,0.32582521438598633
21564,0.2947806417942047
21565,0.7514479160308838
21566,0.5251016020774841
21567,0.5047352313995361
21568,0.47791725397109985
21569,0.49100804328918457
21570,0.46482449769973755
21571,0.2618032991886139
21572,0.608984649181366
21573,0.46408742666244507
21574,0.20314905047416687
21575,0.36389851570129395
21576,0.7503910660743713
21577,0.34522008895874023
21578,0.6970687508583069
21579,0.4152076840400696
21580,0.772613525390625
21581,0.4110904932022095
21582,0.5164518356323242
21583,0.7629908919334412
21584,0.4510844945907593
21585,0.6361103653907776
21586,0.6923523545265198
21587,0.48646247386932373
21588,0.3958657383918762
21589,0.644496738910675
21590,0.7717248797416687
21591,0.7983432412147522
21592,0.36808693408966064
21593,0.8145487308502197
21594,0.23532354831695557
21595,0.4335205852985382
21596,0.4214876890182495
21597,0.23511797189712524
21598,0.4790540039539337
21599,0.3872527778148651
21600,0.7744365334510803
21601,0.33079949021339417
21602,0.25627484917640686
21603,0.3346997797489166
21604,0.26221340894699097
21605,0.7781388759613037
21606,0.2958017587661743
21607,0.7466888427734375
21608,0.5622325539588928
21609,0.5228430032730103
21610,0.25755205750465393
21611,0.5819739699363708
21612,0.25352346897125244
21613,0.6202123761177063
21614,0.6722913980484009
21615,0.46245715022087097
21616,0.31662681698799133
21617,0.3775503635406494
21618,0.8149851560592651
21619,0.3076387643814087
21620,0.6772572994232178
21621,0.7023180723190308
21622,0.7746774554252625
21623,0.34113380312919617
21624,0.4135524034500122
21625,0.22957850992679596
21626,0.7155438661575317
21627,0.7937943339347839
21628,0.4641342759132385
21629,0.20121949911117554
21630,0.5534783601760864
21631,0.5605449676513672
21632,0.5457231402397156
21633,0.3992350697517395
21634,0.6717540621757507
21635,0.35381656885147095
21636,0.433833509683609
21637,0.1814984828233719
21638,0.2636452317237854
21639,0.5385858416557312
21640,0.4361325204372406
21641,0.3437786102294922
21642,0.49076157808303833
21643,0.4221058487892151
21644,0.36138293147087097
21645,0.5464426875114441
21646,0.32826751470565796
21647,0.46893149614334106
21648,0.7520092725753784
21649,0.20794323086738586
21650,0.5761749148368835
21651,0.3885086178779602
21652,0.6670147776603699
21653,0.3695388436317444
21654,0.7467371225357056
21655,0.6214705109596252
21656,0.6146765351295471
21657,0.3222906291484833
21658,0.2017631083726883
21659,0.3570648431777954
21660,0.516728937625885
21661,0.7804051041603088
21662,0.6774493455886841
21663,0.6829314827919006
21664,0.5634282827377319
21665,0.5802982449531555
21666,0.716590940952301
21667,0.46611228585243225
21668,0.6378881335258484
21669,0.5283052325248718
21670,0.8168342709541321
21671,0.7654603123664856
21672,0.3686542809009552
21673,0.7974777817726135
21674,0.25516554713249207
21675,0.24629993736743927
21676,0.4025071859359741
21677,0.35222870111465454
21678,0.6937040686607361
21679,0.22376708686351776
21680,0.5781124830245972
21681,0.3934439420700073
21682,0.7204504609107971
21683,0.24538850784301758
21684,0.2554265260696411
21685,0.44716906547546387
21686,0.2709387540817261
21687,0.4430686831474304
21688,0.5731330513954163
21689,0.2594979405403137
21690,0.2930750250816345
21691,0.32596635818481445
21692,0.3484194278717041
21693,0.7345842719078064
21694,0.7488464713096619
21695,0.282447874546051
21696,0.7167776226997375
21697,0.6686163544654846
21698,0.6637175679206848
21699,0.5128302574157715
21700,0.80519038438797
21701,0.5811877250671387
21702,0.5271894335746765
21703,0.7491660714149475
21704,0.7874733805656433
21705,0.24978286027908325
21706,0.42917999625205994
21707,0.36254674196243286
21708,0.5450994968414307
21709,0.7565796375274658
21710,0.43625974655151367
21711,0.374128520488739
21712,0.5165830254554749
21713,0.5656417608261108
21714,0.6339885592460632
21715,0.6075193881988525
21716,0.65535968542099
21717,0.20499342679977417
21718,0.4940096139907837
21719,0.6972352266311646
21720,0.7940340638160706
21721,0.6546350121498108
21722,0.6818823218345642
21723,0.5176176428794861
21724,0.30439579486846924
21725,0.8133707046508789
21726,0.3327164947986603
21727,0.2078571915626526
21728,0.4719337821006775
21729,0.8166136145591736
21730,0.29639706015586853
21731,0.5661923289299011
21732,0.2952565550804138
21733,0.2393023669719696
21734,0.34782248735427856
21735,0.6652721762657166
21736,0.6404067873954773
21737,0.6397395133972168
21738,0.4306338429450989
21739,0.5956490635871887
21740,0.4205419421195984
21741,0.31946319341659546
21742,0.7042526602745056
21743,0.42139381170272827
21744,0.6846335530281067
21745,0.26875820755958557
21746,0.38313114643096924
21747,0.5578336119651794
21748,0.4303606152534485
21749,0.7051684856414795
21750,0.21911868453025818
21751,0.6325459480285645
21752,0.5486543774604797
21753,0.6693034768104553
21754,0.3230265974998474
21755,0.3754664957523346
21756,0.3052489161491394
21757,0.4962991178035736
21758,0.7217743992805481
21759,0.33223944902420044
21760,0.2732046842575073
21761,0.4891115427017212
21762,0.23158419132232666
21763,0.4144996106624603
21764,0.4666247069835663
21765,0.6335431337356567
21766,0.8304821848869324
21767,0.4538328945636749
21768,0.22357332706451416
21769,0.6917441487312317
21770,0.7031250596046448
21771,0.6658700108528137
21772,0.5206602811813354
21773,0.8110312819480896
21774,0.6188429594039917
21775,0.3737914562225342
21776,0.5077571868896484
21777,0.2549755573272705
21778,0.20726801455020905
21779,0.36745089292526245
21780,0.8293243646621704
21781,0.3460690975189209
21782,0.25692152976989746
21783,0.4232099652290344
21784,0.27463042736053467
21785,0.35178497433662415
21786,0.43514284491539
21787,0.41833579540252686
21788,0.5321745276451111
21789,0.4365686774253845
21790,0.4543362259864807
21791,0.520939290523529
21792,0.8026980757713318
21793,0.6335904598236084
21794,0.40560948848724365
21795,0.30454951524734497
21796,0.5452888011932373
21797,0.7599588632583618
21798,0.7402176260948181
21799,0.5032393336296082
21800,0.5274550318717957
21801,0.33639073371887207
21802,0.514576256275177
21803,0.3178100287914276
21804,0.4559217095375061
21805,0.23691809177398682
21806,0.4713722765445709
21807,0.8016621470451355
21808,0.746589720249176
21809,0.291323184967041
21810,0.31117719411849976
21811,0.5063205361366272
21812,0.6197227835655212
21813,0.4908645749092102
21814,0.5489888191223145
21815,0.5656875967979431
21816,0.7766236662864685
21817,0.24907445907592773
21818,0.6987807750701904
21819,0.7178645133972168
21820,0.8318601250648499
21821,0.5422914624214172
21822,0.5180779099464417
21823,0.6585054397583008
21824,0.5649546384811401
21825,0.29374566674232483
21826,0.3771824836730957
21827,0.6139407753944397
21828,0.7752301096916199
21829,0.292697012424469
21830,0.47217413783073425
21831,0.6941642761230469
21832,0.6383653879165649
21833,0.4099428057670593
21834,0.5695463418960571
21835,0.23377427458763123
21836,0.3492717742919922
21837,0.5422269701957703
21838,0.736958920955658
21839,0.2530554234981537
21840,0.5623258948326111
21841,0.7442752122879028
21842,0.707054078578949
21843,0.28748008608818054
21844,0.5348944067955017
21845,0.739863932132721
21846,0.174697607755661
21847,0.3522701859474182
21848,0.7067217230796814
21849,0.49981290102005005
21850,0.5278712511062622
21851,0.4716634750366211
21852,0.6575531363487244
21853,0.6218453645706177
21854,0.496199369430542
21855,0.40399169921875
21856,0.6881740093231201
21857,0.5908188223838806
21858,0.36808881163597107
21859,0.510128915309906
21860,0.5597569346427917
21861,0.2798767387866974
21862,0.3839406967163086
21863,0.2829556465148926
21864,0.7123518586158752
21865,0.7449776530265808
21866,0.5072683095932007
21867,0.37021172046661377
21868,0.5789293646812439
21869,0.46628499031066895
21870,0.48636043071746826
21871,0.23173266649246216
21872,0.21723802387714386
21873,0.28982704877853394
21874,0.424931138753891
21875,0.42477720975875854
21876,0.3597729802131653
21877,0.703339695930481
21878,0.44236212968826294
21879,0.4964701235294342
21880,0.7290917038917542
21881,0.38690850138664246
21882,0.5261092782020569
21883,0.37895530462265015
21884,0.68541020154953
21885,0.6762727499008179
21886,0.16330277919769287
21887,0.8336501121520996
21888,0.6683074235916138
21889,0.427756130695343
21890,0.3160032331943512
21891,0.41722458600997925
21892,0.5610255002975464
21893,0.676629900932312
21894,0.46245867013931274
21895,0.32328367233276367
21896,0.40956681966781616
21897,0.3816487491130829
21898,0.5543938875198364
21899,0.527423083782196
21900,0.2538342773914337
21901,0.25202304124832153
21902,0.5795720219612122
21903,0.6381101012229919
21904,0.7480277419090271
21905,0.6617635488510132
21906,0.4669013023376465
21907,0.6733167767524719
21908,0.8029401302337646
21909,0.3603309392929077
21910,0.4130231440067291
21911,0.7049595713615417
21912,0.33637380599975586
21913,0.4761844277381897
21914,0.502008318901062
21915,0.5336984395980835
21916,0.2807401120662689
21917,0.5233283638954163
21918,0.17567825317382812
21919,0.5563191175460815
21920,0.7746473550796509
21921,0.6764034032821655
21922,0.5247060656547546
21923,0.3167935311794281
21924,0.1732812374830246
21925,0.4452117085456848
21926,0.44217315316200256
21927,0.7466214895248413
21928,0.7323075532913208
21929,0.6591743230819702
21930,0.7153071761131287
21931,0.4647427201271057
21932,0.7484504580497742
21933,0.594033420085907
21934,0.5347970128059387
21935,0.7618716955184937
21936,0.3234485387802124
21937,0.3787091076374054
21938,0.6564663052558899
21939,0.4113540053367615
21940,0.3841056525707245
21941,0.5002195239067078
21942,0.2521628737449646
21943,0.608345091342926
21944,0.45669299364089966
21945,0.35242217779159546
21946,0.7711266875267029
21947,0.23261871933937073
21948,0.38727328181266785
21949,0.5552704930305481
21950,0.20573171973228455
21951,0.8194005489349365
21952,0.7670509219169617
21953,0.46013951301574707
21954,0.5325700044631958
21955,0.2802125811576843
21956,0.5586259961128235
21957,0.35882988572120667
21958,0.3573571443557739
21959,0.556433379650116
21960,0.6543480157852173
21961,0.4470333456993103
21962,0.8120293021202087
21963,0.4700697362422943
21964,0.25634220242500305
21965,0.3547380566596985
21966,0.43270713090896606
21967,0.22757428884506226
21968,0.6853417754173279
21969,0.5550327897071838
21970,0.5357272028923035
21971,0.8080715537071228
21972,0.2948920726776123
21973,0.5331141352653503
21974,0.6542090773582458
21975,0.5935401320457458
21976,0.8225446343421936
21977,0.3686809539794922
21978,0.7687048316001892
21979,0.45889735221862793
21980,0.4962398409843445
21981,0.6684252023696899
21982,0.5882567167282104
21983,0.257182240486145
21984,0.8045972585678101
21985,0.2811712622642517
21986,0.7129947543144226
21987,0.26680904626846313
21988,0.2747970521450043
21989,0.37079042196273804
21990,0.33055830001831055
21991,0.31972938776016235
21992,0.3084537982940674
21993,0.6819080114364624
21994,0.6358503699302673
21995,0.5086832642555237
21996,0.56802898645401
21997,0.2726925015449524
21998,0.5946173071861267
21999,0.8434173464775085
22000,0.41385984420776367
22001,0.5820987820625305
22002,0.5574551820755005
22003,0.4418792128562927
22004,0.38114064931869507
22005,0.7559176087379456
22006,0.6226000189781189
22007,0.7080327868461609
22008,0.49776357412338257
22009,0.3273990750312805
22010,0.5684708952903748
22011,0.5006828904151917
22012,0.39396706223487854
22013,0.7581536769866943
22014,0.46862366795539856
22015,0.6868807673454285
22016,0.7233472466468811
22017,0.4173106551170349
22018,0.516182005405426
22019,0.3525037467479706
22020,0.2870497405529022
22021,0.4830927848815918
22022,0.8329914808273315
22023,0.6364841461181641
22024,0.6626713871955872
22025,0.8128015398979187
22026,0.5153717994689941
22027,0.4740203619003296
22028,0.40789100527763367
22029,0.641078770160675
22030,0.5333443284034729
22031,0.28285354375839233
22032,0.32395854592323303
22033,0.4090815782546997
22034,0.4725884795188904
22035,0.21532760560512543
22036,0.8176453709602356
22037,0.46201279759407043
22038,0.7391836643218994
22039,0.5634536147117615
22040,0.32932817935943604
22041,0.746273934841156
22042,0.5490900874137878
22043,0.6572877764701843
22044,0.3371351361274719
22045,0.4630334675312042
22046,0.3531809449195862
22047,0.67355877161026
22048,0.4986819624900818
22049,0.752590537071228
22050,0.5418003797531128
22051,0.285149484872818
22052,0.827104926109314
22053,0.18422730267047882
22054,0.47218313813209534
22055,0.2889717221260071
22056,0.5837933421134949
22057,0.4740046560764313
22058,0.5383614897727966
22059,0.3924344480037689
22060,0.39788350462913513
22061,0.6688939332962036
22062,0.4691516160964966
22063,0.17741228640079498
22064,0.29402244091033936
22065,0.6535025238990784
22066,0.44763264060020447
22067,0.4299744963645935
22068,0.7398792505264282
22069,0.2980150580406189
22070,0.475685179233551
22071,0.372935950756073
22072,0.4746612310409546
22073,0.18340127170085907
22074,0.7090465426445007
22075,0.40042614936828613
22076,0.15599676966667175
22077,0.4038316011428833
22078,0.4835081696510315
22079,0.5658004879951477
22080,0.5639528632164001
22081,0.5456003546714783
22082,0.6224815249443054
22083,0.6037729382514954
22084,0.39086318016052246
22085,0.5723363161087036
22086,0.5657612681388855
22087,0.29691678285598755
22088,0.6737431287765503
22089,0.18573924899101257
22090,0.5126479268074036
22091,0.5916429162025452
22092,0.8231135606765747
22093,0.1933566778898239
22094,0.5670115351676941
22095,0.7178815007209778
22096,0.47836238145828247
22097,0.5644329190254211
22098,0.5718507170677185
22099,0.44849255681037903
22100,0.8163869380950928
22101,0.6921060085296631
22102,0.8418830633163452
22103,0.5895964503288269
22104,0.5151087641716003
22105,0.3917834758758545
22106,0.6301924586296082
22107,0.6971055865287781
22108,0.5471131801605225
22109,0.6122780442237854
22110,0.2075570523738861
22111,0.8180497288703918
22112,0.5607588887214661
22113,0.5648737549781799
22114,0.5564612746238708
22115,0.6564717888832092
22116,0.4294055104255676
22117,0.44596946239471436
22118,0.6952328681945801
22119,0.39797845482826233
22120,0.3863658010959625
22121,0.5209575295448303
22122,0.47013068199157715
22123,0.3758905231952667
22124,0.5063023567199707
22125,0.4811617434024811
22126,0.3429918885231018
22127,0.7662368416786194
22128,0.8176664710044861
22129,0.3908268213272095
22130,0.5570206046104431
22131,0.5788125395774841
22132,0.6386191248893738
22133,0.3057272434234619
22134,0.485867440700531
22135,0.3948407769203186
22136,0.26424074172973633
22137,0.5236482620239258
22138,0.41394737362861633
22139,0.41185668110847473
22140,0.5629838705062866
22141,0.49787384271621704
22142,0.4141283631324768
22143,0.5021989941596985
22144,0.5920370817184448
22145,0.3001934289932251
22146,0.6151250004768372
22147,0.8164982199668884
22148,0.4174838066101074
22149,0.22648899257183075
22150,0.7787728309631348
22151,0.5640731453895569
22152,0.6380102038383484
22153,0.8252108693122864
22154,0.23101578652858734
22155,0.5095846056938171
22156,0.6472117304801941
22157,0.8064847588539124
22158,0.816375732421875
22159,0.8060588836669922
22160,0.594000518321991
22161,0.4935416579246521
22162,0.547260582447052
22163,0.5800341963768005
22164,0.43348610401153564
22165,0.38796427845954895
22166,0.37302470207214355
22167,0.5244103074073792
22168,0.4289662837982178
22169,0.6756345629692078
22170,0.34761831164360046
22171,0.5678004622459412
22172,0.3855271339416504
22173,0.7561386227607727
22174,0.8128037452697754
22175,0.4255751967430115
22176,0.7292548418045044
22177,0.3101181983947754
22178,0.5655869245529175
22179,0.6444169878959656
22180,0.3763904869556427
22181,0.564240574836731
22182,0.29822903871536255
22183,0.4354010820388794
22184,0.7158507108688354
22185,0.2272041290998459
22186,0.5910728573799133
22187,0.3839448094367981
22188,0.26355183124542236
22189,0.1986522078514099
22190,0.771962583065033
22191,0.4680512249469757
22192,0.16926130652427673
22193,0.256425142288208
22194,0.34353336691856384
22195,0.4836031198501587
22196,0.18432587385177612
22197,0.5308851599693298
22198,0.3352474272251129
22199,0.6082423329353333
22200,0.34471258521080017
22201,0.2452419400215149
22202,0.6862890124320984
22203,0.5500420928001404
22204,0.6011945605278015
22205,0.6247717142105103
22206,0.23146098852157593
22207,0.7909671664237976
22208,0.6534741520881653
22209,0.6967903971672058
22210,0.7877528667449951
22211,0.3133639097213745
22212,0.8067476153373718
22213,0.6165948510169983
22214,0.230782151222229
22215,0.8078406453132629
22216,0.214084655046463
22217,0.2937266230583191
22218,0.39793768525123596
22219,0.5686550736427307
22220,0.6843023896217346
22221,0.6094062924385071
22222,0.6946828365325928
22223,0.5138768553733826
22224,0.31456512212753296
22225,0.6417078375816345
22226,0.5584248304367065
22227,0.37172365188598633
22228,0.49862003326416016
22229,0.8467355966567993
22230,0.31340375542640686
22231,0.4715381860733032
22232,0.736067533493042
22233,0.4907529950141907
22234,0.34546858072280884
22235,0.22809255123138428
22236,0.5031728148460388
22237,0.7378195524215698
22238,0.3761110305786133
22239,0.5277101397514343
22240,0.3059269189834595
22241,0.8081373572349548
22242,0.4028814435005188
22243,0.28540879487991333
22244,0.49706587195396423
22245,0.3351861834526062
22246,0.7626692652702332
22247,0.3831467032432556
22248,0.35884925723075867
22249,0.5229936242103577
22250,0.5498560667037964
22251,0.6079950332641602
22252,0.193528413772583
22253,0.21148812770843506
22254,0.29887986183166504
22255,0.16501931846141815
22256,0.6858207583427429
22257,0.382774293422699
22258,0.36187267303466797
22259,0.46062976121902466
22260,0.38560694456100464
22261,0.784395694732666
22262,0.5119651556015015
22263,0.3323834240436554
22264,0.8277866244316101
22265,0.499600887298584
22266,0.5080315470695496
22267,0.35507896542549133
22268,0.6597182154655457
22269,0.397580087184906
22270,0.6190399527549744
22271,0.7986088991165161
22272,0.4505753219127655
22273,0.7705268263816833
22274,0.5066338181495667
22275,0.35104092955589294
22276,0.4992368817329407
22277,0.3175552487373352
22278,0.7484551072120667
22279,0.40210670232772827
22280,0.5346937775611877
22281,0.4826408624649048
22282,0.2707878351211548
22283,0.8077540993690491
22284,0.6560020446777344
22285,0.44029366970062256
22286,0.43715354800224304
22287,0.7332231402397156
22288,0.29230135679244995
22289,0.6689223051071167
22290,0.33763980865478516
22291,0.6238657832145691
22292,0.578581690788269
22293,0.8247092962265015
22294,0.7257343530654907
22295,0.8233734369277954
22296,0.4069741368293762
22297,0.2450648695230484
22298,0.5341224074363708
22299,0.5926492810249329
22300,0.7894445657730103
22301,0.39187222719192505
22302,0.762788712978363
22303,0.4551685154438019
22304,0.8081284165382385
22305,0.1652679741382599
22306,0.5896435379981995
22307,0.7873587608337402
22308,0.32562899589538574
22309,0.5707809925079346
22310,0.5729337334632874
22311,0.5858978629112244
22312,0.400382936000824
22313,0.7537159323692322
22314,0.7893578410148621
22315,0.3884221315383911
22316,0.48524564504623413
22317,0.31133097410202026
22318,0.2954101264476776
22319,0.6441446542739868
22320,0.5990665555000305
22321,0.19443221390247345
22322,0.3875652253627777
22323,0.35874614119529724
22324,0.7620773911476135
22325,0.4898794889450073
22326,0.3473544120788574
22327,0.2640776038169861
22328,0.6733418703079224
22329,0.43724992871284485
22330,0.5385821461677551
22331,0.7798543572425842
22332,0.23399153351783752
22333,0.788748025894165
22334,0.2376956343650818
22335,0.7211440801620483
22336,0.6232410669326782
22337,0.4210107922554016
22338,0.6639178991317749
22339,0.43952274322509766
22340,0.463950514793396
22341,0.811987578868866
22342,0.40026217699050903
22343,0.763367772102356
22344,0.49933046102523804
22345,0.5807666182518005
22346,0.6880363821983337
22347,0.22413331270217896
22348,0.27198541164398193
22349,0.3226546049118042
22350,0.44398069381713867
22351,0.3001476526260376
22352,0.3623082935810089
22353,0.44805651903152466
22354,0.403709352016449
22355,0.6604293584823608
22356,0.5317384600639343
22357,0.7144720554351807
22358,0.6901387572288513
22359,0.42034709453582764
22360,0.650127112865448
22361,0.1924269199371338
22362,0.3424299657344818
22363,0.4948500692844391
22364,0.7892856597900391
22365,0.8153948783874512
22366,0.4736174941062927
22367,0.5421932339668274
22368,0.732437789440155
22369,0.39509090781211853
22370,0.7068349719047546
22371,0.3173277676105499
22372,0.36211156845092773
22373,0.5883457064628601
22374,0.7442881464958191
22375,0.5901831984519958
22376,0.44758903980255127
22377,0.6921581625938416
22378,0.3435455560684204
22379,0.7202662825584412
22380,0.35892507433891296
22381,0.24037818610668182
22382,0.6513320207595825
22383,0.5064541697502136
22384,0.23106998205184937
22385,0.2231387346982956
22386,0.4900134801864624
22387,0.47519421577453613
22388,0.5395713448524475
22389,0.3930410146713257
22390,0.2210896760225296
22391,0.4123651385307312
22392,0.4455474615097046
22393,0.5110641121864319
22394,0.4603702425956726
22395,0.3678516149520874
22396,0.766120970249176
22397,0.7507663369178772
22398,0.7600873112678528
22399,0.7417871356010437
22400,0.33095234632492065
22401,0.31904345750808716
22402,0.6010913252830505
22403,0.18654222786426544
22404,0.5807524919509888
22405,0.4222688674926758
22406,0.5550639033317566
22407,0.5281253457069397
22408,0.7251842021942139
22409,0.7104471325874329
22410,0.8184037804603577
22411,0.43206876516342163
22412,0.4923304319381714
22413,0.334952712059021
22414,0.4425073266029358
22415,0.28131383657455444
22416,0.6724971532821655
22417,0.7042688727378845
22418,0.3083891272544861
22419,0.4216143786907196
22420,0.24260222911834717
22421,0.8292800188064575
22422,0.21489566564559937
22423,0.7205554842948914
22424,0.5764189958572388
22425,0.5947065353393555
22426,0.7484909296035767
22427,0.6756176352500916
22428,0.3935813307762146
22429,0.5772977471351624
22430,0.7086215019226074
22431,0.6486726999282837
22432,0.3065572679042816
22433,0.6627689003944397
22434,0.43554872274398804
22435,0.7655216455459595
22436,0.3223276734352112
22437,0.5544600486755371
22438,0.6058104634284973
22439,0.2590908706188202
22440,0.3721967935562134
22441,0.454848051071167
22442,0.30783289670944214
22443,0.42361074686050415
22444,0.6584773063659668
22445,0.8079517483711243
22446,0.7307981848716736
22447,0.39428818225860596
22448,0.6656161546707153
22449,0.4727746248245239
22450,0.3808126449584961
22451,0.5444742441177368
22452,0.5940825343132019
22453,0.5462439656257629
22454,0.3566740155220032
22455,0.4258924722671509
22456,0.5509670972824097
22457,0.47763556241989136
22458,0.5660260319709778
22459,0.6131192445755005
22460,0.23669150471687317
22461,0.3922114968299866
22462,0.5248461365699768
22463,0.6725738048553467
22464,0.18387724459171295
22465,0.6296704411506653
22466,0.3201602101325989
22467,0.21892784535884857
22468,0.5578543543815613
22469,0.530314028263092
22470,0.7154093384742737
22471,0.30412957072257996
22472,0.6394848227500916
22473,0.5614766478538513
22474,0.687739908695221
22475,0.5198658108711243
22476,0.38147103786468506
22477,0.5128592252731323
22478,0.5571715831756592
22479,0.5792431235313416
22480,0.2140808403491974
22481,0.724170982837677
22482,0.22165925800800323
22483,0.5702827572822571
22484,0.4400821924209595
22485,0.42668280005455017
22486,0.790310800075531
22487,0.5347920060157776
22488,0.457112193107605
22489,0.36536848545074463
22490,0.2383536547422409
22491,0.6637626886367798
22492,0.5727326273918152
22493,0.4636828601360321
22494,0.5106107592582703
22495,0.7795766592025757
22496,0.817434549331665
22497,0.224228635430336
22498,0.7591944336891174
22499,0.2195519059896469
22500,0.3954924941062927
22501,0.3385922610759735
22502,0.7278661131858826
22503,0.40457409620285034
22504,0.5961650013923645
22505,0.5900095105171204
22506,0.5360550284385681
22507,0.7433013916015625
22508,0.3761337995529175
22509,0.312831848859787
22510,0.720607340335846
22511,0.8015013337135315
22512,0.68233722448349
22513,0.5522413849830627
22514,0.8089199662208557
22515,0.4427988529205322
22516,0.6041685342788696
22517,0.44475603103637695
22518,0.5664984583854675
22519,0.6191849112510681
22520,0.25372469425201416
22521,0.4094667434692383
22522,0.18302322924137115
22523,0.42789649963378906
22524,0.45100563764572144
22525,0.3797546625137329
22526,0.3488829731941223
22527,0.33775967359542847
22528,0.5753973126411438
22529,0.1673998087644577
22530,0.34206870198249817
22531,0.5274564623832703
22532,0.46674883365631104
22533,0.19555357098579407
22534,0.5043306946754456
22535,0.6337042450904846
22536,0.4925997853279114
22537,0.31554967164993286
22538,0.4915832579135895
22539,0.3159748911857605
22540,0.36538946628570557
22541,0.28699761629104614
22542,0.3715135157108307
22543,0.4666200280189514
22544,0.4522680640220642
22545,0.28995758295059204
22546,0.3631834387779236
22547,0.3481118679046631
22548,0.3007848262786865
22549,0.4023977518081665
22550,0.21956191956996918
22551,0.3645063042640686
22552,0.3295709490776062
22553,0.7141843438148499
22554,0.5539231300354004
22555,0.6113274097442627
22556,0.6480310559272766
22557,0.46544283628463745
22558,0.5208657383918762
22559,0.5464206337928772
22560,0.8268232345581055
22561,0.36067140102386475
22562,0.3246990442276001
22563,0.42142948508262634
22564,0.4438248872756958
22565,0.5302428603172302
22566,0.5557274222373962
22567,0.3119858205318451
22568,0.4078795611858368
22569,0.7223930954933167
22570,0.7321242690086365
22571,0.4075866937637329
22572,0.5070677399635315
22573,0.42218631505966187
22574,0.6136380434036255
22575,0.4518585503101349
22576,0.8411377668380737
22577,0.5837904214859009
22578,0.7593807578086853
22579,0.4627154469490051
22580,0.17275673151016235
22581,0.171550452709198
22582,0.5185189247131348
22583,0.5044891834259033
22584,0.7512771487236023
22585,0.5407683253288269
22586,0.8049303889274597
22587,0.8173683285713196
22588,0.6072281002998352
22589,0.6446244120597839
22590,0.7192113995552063
22591,0.47703713178634644
22592,0.6187618970870972
22593,0.37874001264572144
22594,0.6293907761573792
22595,0.38472461700439453
22596,0.8298434615135193
22597,0.3442726731300354
22598,0.7878626585006714
22599,0.627571165561676
22600,0.33389049768447876
22601,0.6148008704185486
22602,0.6513394117355347
22603,0.26921892166137695
22604,0.1969829946756363
22605,0.3285231590270996
22606,0.7515001893043518
22607,0.27896422147750854
22608,0.518155038356781
22609,0.477729856967926
22610,0.4477185308933258
22611,0.38046538829803467
22612,0.7846561074256897
22613,0.7344340085983276
22614,0.5415709614753723
22615,0.36158549785614014
22616,0.25158190727233887
22617,0.544829785823822
22618,0.4692574441432953
22619,0.5294612646102905
22620,0.22828012704849243
22621,0.6702402234077454
22622,0.6972679495811462
22623,0.43185633420944214
22624,0.8042032718658447
22625,0.7701842188835144
22626,0.437359094619751
22627,0.35873943567276
22628,0.5167121887207031
22629,0.3788287043571472
22630,0.8217149972915649
22631,0.49693405628204346
22632,0.5245601534843445
22633,0.4212508201599121
22634,0.4683687686920166
22635,0.3590696454048157
22636,0.45078182220458984
22637,0.43510138988494873
22638,0.28637585043907166
22639,0.46676746010780334
22640,0.6991027593612671
22641,0.5373695492744446
22642,0.423641175031662
22643,0.4931342899799347
22644,0.7708355784416199
22645,0.6406057476997375
22646,0.26289281249046326
22647,0.4427785277366638
22648,0.3753975033760071
22649,0.3652096390724182
22650,0.6288209557533264
22651,0.49134838581085205
22652,0.25526872277259827
22653,0.5445349812507629
22654,0.47379249334335327
22655,0.5662903189659119
22656,0.4865517020225525
22657,0.3306617736816406
22658,0.24674801528453827
22659,0.7616608142852783
22660,0.6576058268547058
22661,0.3346557021141052
22662,0.3981074094772339
22663,0.6365252137184143
22664,0.22974005341529846
22665,0.4213947057723999
22666,0.18303532898426056
22667,0.509134829044342
22668,0.7182651162147522
22669,0.3777775168418884
22670,0.31977957487106323
22671,0.2694743871688843
22672,0.5639287829399109
22673,0.7289550304412842
22674,0.44232040643692017
22675,0.44972044229507446
22676,0.28600817918777466
22677,0.5751177668571472
22678,0.2513618767261505
22679,0.34820079803466797
22680,0.8038650155067444
22681,0.7508063316345215
22682,0.7273480892181396
22683,0.7112836241722107
22684,0.5420042872428894
22685,0.4397357702255249
22686,0.6522113680839539
22687,0.5575307607650757
22688,0.6473760008811951
22689,0.7769383192062378
22690,0.16572722792625427
22691,0.4555780291557312
22692,0.6870032548904419
22693,0.5924122333526611
22694,0.7478721141815186
22695,0.20393893122673035
22696,0.39896389842033386
22697,0.4158865809440613
22698,0.7830140590667725
22699,0.27434974908828735
22700,0.40328842401504517
22701,0.5833401679992676
22702,0.6978384852409363
22703,0.4831112325191498
22704,0.28272080421447754
22705,0.32146501541137695
22706,0.5652883052825928
22707,0.5525630116462708
22708,0.7932262420654297
22709,0.3401758074760437
22710,0.642000675201416
22711,0.3681371808052063
22712,0.32213032245635986
22713,0.4636681377887726
22714,0.31843942403793335
22715,0.4171292781829834
22716,0.39476248621940613
22717,0.43130457401275635
22718,0.43202120065689087
22719,0.6095293164253235
22720,0.5112070441246033
22721,0.8270464539527893
22722,0.525860071182251
22723,0.5857860445976257
22724,0.6679361462593079
22725,0.4234183430671692
22726,0.25189951062202454
22727,0.2843892276287079
22728,0.715536892414093
22729,0.1878703236579895
22730,0.35499560832977295
22731,0.5117710828781128
22732,0.6961784958839417
22733,0.2341846525669098
22734,0.46113359928131104
22735,0.5253803133964539
22736,0.6895241141319275
22737,0.5134053826332092
22738,0.29010656476020813
22739,0.4543384313583374
22740,0.23787373304367065
22741,0.2422584593296051
22742,0.5937113165855408
22743,0.4709611237049103
22744,0.7688918709754944
22745,0.5949552655220032
22746,0.38979876041412354
22747,0.7424656748771667
22748,0.21536220610141754
22749,0.5014055371284485
22750,0.5496328473091125
22751,0.8166634440422058
22752,0.38506263494491577
22753,0.5797709226608276
22754,0.570932924747467
22755,0.37034523487091064
22756,0.590651273727417
22757,0.7143107056617737
22758,0.5633301138877869
22759,0.2749972939491272
22760,0.8099589347839355
22761,0.407414972782135
22762,0.32557761669158936
22763,0.40488678216934204
22764,0.5078356862068176
22765,0.3116978108882904
22766,0.7675589919090271
22767,0.4589504301548004
22768,0.6102342009544373
22769,0.49252381920814514
22770,0.6442996263504028
22771,0.6367371678352356
22772,0.39086493849754333
22773,0.4702099561691284
22774,0.6625154614448547
22775,0.49962759017944336
22776,0.3863014876842499
22777,0.40498727560043335
22778,0.5122211575508118
22779,0.4253697395324707
22780,0.2649685740470886
22781,0.28823769092559814
22782,0.41043615341186523
22783,0.7622307538986206
22784,0.37843838334083557
22785,0.5298873782157898
22786,0.552440345287323
22787,0.26992520689964294
22788,0.39863455295562744
22789,0.6245878338813782
22790,0.7710889577865601
22791,0.3132926821708679
22792,0.4050891399383545
22793,0.5170565843582153
22794,0.458473265171051
22795,0.268755167722702
22796,0.4197774827480316
22797,0.49143949151039124
22798,0.6404245495796204
22799,0.3231644630432129
22800,0.4780595600605011
22801,0.6272768378257751
22802,0.4787813127040863
22803,0.5786173939704895
22804,0.44213980436325073
22805,0.6763316988945007
22806,0.30769816040992737
22807,0.5932939648628235
22808,0.7389588356018066
22809,0.4500362277030945
22810,0.573453426361084
22811,0.4035870134830475
22812,0.7161747217178345
22813,0.40199729800224304
22814,0.5531137585639954
22815,0.6107621192932129
22816,0.22720204293727875
22817,0.6869090795516968
22818,0.3342202305793762
22819,0.7038154006004333
22820,0.6062892079353333
22821,0.3339843153953552
22822,0.43707048892974854
22823,0.5152596831321716
22824,0.47307008504867554
22825,0.517718493938446
22826,0.4714513123035431
22827,0.5148518085479736
22828,0.23953716456890106
22829,0.4263676404953003
22830,0.4510542154312134
22831,0.5081623196601868
22832,0.26975828409194946
22833,0.2834591269493103
22834,0.6943373680114746
22835,0.7034581899642944
22836,0.44745638966560364
22837,0.49285975098609924
22838,0.5212453007698059
22839,0.4757048189640045
22840,0.15673816204071045
22841,0.6315729022026062
22842,0.3847644031047821
22843,0.3706939220428467
22844,0.5288935303688049
22845,0.1515548974275589
22846,0.5351115465164185
22847,0.4835100769996643
22848,0.7472042441368103
22849,0.4271475076675415
22850,0.7317703366279602
22851,0.4043484628200531
22852,0.6733094453811646
22853,0.4514726996421814
22854,0.7262576222419739
22855,0.3000660538673401
22856,0.7463286519050598
22857,0.20287847518920898
22858,0.4712909460067749
22859,0.32721632719039917
22860,0.6359040141105652
22861,0.1675521433353424
22862,0.6203046441078186
22863,0.7998863458633423
22864,0.48305776715278625
22865,0.2895470857620239
22866,0.5332748293876648
22867,0.3478643596172333
22868,0.4667634665966034
22869,0.412985622882843
22870,0.5758882164955139
22871,0.8197544813156128
22872,0.29042214155197144
22873,0.48781073093414307
22874,0.6037159562110901
22875,0.7661805152893066
22876,0.8251031637191772
22877,0.794023334980011
22878,0.3700016736984253
22879,0.5691167116165161
22880,0.2788853645324707
22881,0.7020173668861389
22882,0.4928293228149414
22883,0.4771732687950134
22884,0.5243543386459351
22885,0.37410175800323486
22886,0.22106006741523743
22887,0.6575344204902649
22888,0.5418539643287659
22889,0.21483555436134338
22890,0.7199950218200684
22891,0.3963075280189514
22892,0.6382095813751221
22893,0.40993237495422363
22894,0.6122438907623291
22895,0.5262095928192139
22896,0.25458914041519165
22897,0.21335917711257935
22898,0.6098907589912415
22899,0.6225380301475525
22900,0.5625703930854797
22901,0.5893191695213318
22902,0.6348609328269958
22903,0.5541051030158997
22904,0.7365714907646179
22905,0.7887161374092102
22906,0.7995738387107849
22907,0.8089490532875061
22908,0.417533278465271
22909,0.6033173203468323
22910,0.6620613932609558
22911,0.6728087663650513
22912,0.5673314332962036
22913,0.7406634092330933
22914,0.4214622974395752
22915,0.615026593208313
22916,0.513133704662323
22917,0.668109118938446
22918,0.8268483877182007
22919,0.3688846826553345
22920,0.5736539959907532
22921,0.5140958428382874
22922,0.5172037482261658
22923,0.4057140350341797
22924,0.5976198315620422
22925,0.2415200173854828
22926,0.7772599458694458
22927,0.5277304649353027
22928,0.8195589184761047
22929,0.5234220623970032
22930,0.6810049414634705
22931,0.3940531611442566
22932,0.7182435393333435
22933,0.3720394968986511
22934,0.6473292112350464
22935,0.5783728957176208
22936,0.6511407494544983
22937,0.21509629487991333
22938,0.49528762698173523
22939,0.23584336042404175
22940,0.6726714372634888
22941,0.7744386792182922
22942,0.23732590675354004
22943,0.41633784770965576
22944,0.24584373831748962
22945,0.6023160815238953
22946,0.32177239656448364
22947,0.2983143627643585
22948,0.5397314429283142
22949,0.1415404975414276
22950,0.4771865904331207
22951,0.5500278472900391
22952,0.5004756450653076
22953,0.6346578001976013
22954,0.3794235587120056
22955,0.3288654088973999
22956,0.34953445196151733
22957,0.6753519177436829
22958,0.5704445838928223
22959,0.6349685788154602
22960,0.6509868502616882
22961,0.5306611657142639
22962,0.5312119126319885
22963,0.495004802942276
22964,0.8366707563400269
22965,0.3921174705028534
22966,0.5032866597175598
22967,0.19298674166202545
22968,0.6860418915748596
22969,0.3295171856880188
22970,0.3785931468009949
22971,0.3168896436691284
22972,0.8017035722732544
22973,0.5266013741493225
22974,0.4833136200904846
22975,0.3087446093559265
22976,0.36375588178634644
22977,0.3339589834213257
22978,0.38756662607192993
22979,0.2560398280620575
22980,0.3992699384689331
22981,0.5272671580314636
22982,0.28428366780281067
22983,0.1855325847864151
22984,0.6903126239776611
22985,0.4060136675834656
22986,0.43425244092941284
22987,0.25830042362213135
22988,0.5444081425666809
22989,0.3364388644695282
22990,0.360085666179657
22991,0.734283983707428
22992,0.301630437374115
22993,0.779617965221405
22994,0.37875211238861084
22995,0.31981223821640015
22996,0.49225467443466187
22997,0.5581356287002563
22998,0.8194793462753296
22999,0.5451069474220276
23000,0.3311273455619812
23001,0.5607576370239258
23002,0.36094096302986145
23003,0.32023656368255615
23004,0.5943559408187866
23005,0.5636699199676514
23006,0.4550083875656128
23007,0.7186742424964905
23008,0.503994882106781
23009,0.2714076042175293
23010,0.43504786491394043
23011,0.4443610906600952
23012,0.5129490494728088
23013,0.639955461025238
23014,0.2156381905078888
23015,0.5247685313224792
23016,0.5574809908866882
23017,0.6303111910820007
23018,0.6840181350708008
23019,0.6444206237792969
23020,0.4653581976890564
23021,0.3654926121234894
23022,0.5853070616722107
23023,0.36815500259399414
23024,0.32624995708465576
23025,0.4533851742744446
23026,0.3061925172805786
23027,0.4400096833705902
23028,0.6931890845298767
23029,0.2867245376110077
23030,0.665632426738739
23031,0.44726336002349854
23032,0.7926483154296875
23033,0.2929529547691345
23034,0.7148606181144714
23035,0.37332046031951904
23036,0.5073085427284241
23037,0.4884428381919861
23038,0.5494254231452942
23039,0.5319656133651733
23040,0.42290154099464417
23041,0.7358249425888062
23042,0.31593620777130127
23043,0.5181006193161011
23044,0.1753324717283249
23045,0.31872284412384033
23046,0.731863260269165
23047,0.2283194661140442
23048,0.526360809803009
23049,0.6921384930610657
23050,0.8369320034980774
23051,0.25971662998199463
23052,0.7893093228340149
23053,0.32352715730667114
23054,0.7672061324119568
23055,0.5198250412940979
23056,0.5035200119018555
23057,0.43175143003463745
23058,0.40727269649505615
23059,0.7007756233215332
23060,0.40989816188812256
23061,0.41107550263404846
23062,0.5260074138641357
23063,0.24985605478286743
23064,0.3417503237724304
23065,0.1739690750837326
23066,0.5084308385848999
23067,0.39033812284469604
23068,0.830642819404602
23069,0.8190601468086243
23070,0.5434938669204712
23071,0.6017450094223022
23072,0.19623643159866333
23073,0.4139465391635895
23074,0.5347769856452942
23075,0.5409287810325623
23076,0.2957465946674347
23077,0.5917635560035706
23078,0.5107349753379822
23079,0.5263981223106384
23080,0.7649903297424316
23081,0.28821638226509094
23082,0.28371816873550415
23083,0.3883010447025299
23084,0.4891589879989624
23085,0.3122957944869995
23086,0.543880045413971
23087,0.7743431925773621
23088,0.4344441294670105
23089,0.4940516948699951
23090,0.745369017124176
23091,0.19236549735069275
23092,0.32629990577697754
23093,0.4111263155937195
23094,0.39036452770233154
23095,0.5924033522605896
23096,0.3690877854824066
23097,0.45828694105148315
23098,0.3085872232913971
23099,0.526401937007904
23100,0.5891335606575012
23101,0.5747515559196472
23102,0.5931617021560669
23103,0.6549825072288513
23104,0.4029480516910553
23105,0.37857452034950256
23106,0.6336738467216492
23107,0.5499959588050842
23108,0.4286668002605438
23109,0.3207429051399231
23110,0.802185595035553
23111,0.6501233577728271
23112,0.7290205359458923
23113,0.702854573726654
23114,0.3664802610874176
23115,0.3587271571159363
23116,0.6641903519630432
23117,0.2935108542442322
23118,0.43011176586151123
23119,0.4702988862991333
23120,0.3720794916152954
23121,0.797701895236969
23122,0.27598175406455994
23123,0.321144700050354
23124,0.7848682999610901
23125,0.5724566578865051
23126,0.6892891526222229
23127,0.6457065939903259
23128,0.7584444880485535
23129,0.43534255027770996
23130,0.5825778841972351
23131,0.5257025361061096
23132,0.500091552734375
23133,0.6182483434677124
23134,0.6884884834289551
23135,0.2280685007572174
23136,0.5663649439811707
23137,0.6118237376213074
23138,0.6428122520446777
23139,0.6864640116691589
23140,0.20279616117477417
23141,0.5646851658821106
23142,0.28293371200561523
23143,0.3476927876472473
23144,0.338487446308136
23145,0.4721270203590393
23146,0.6698073744773865
23147,0.6176169514656067
23148,0.6331332325935364
23149,0.6511792540550232
23150,0.6406128406524658
23151,0.8054444789886475
23152,0.24674390256404877
23153,0.7237290143966675
23154,0.49831634759902954
23155,0.5681871771812439
23156,0.6831871271133423
23157,0.22011983394622803
23158,0.7951728105545044
23159,0.6906884908676147
23160,0.4232983887195587
23161,0.8229358792304993
23162,0.6226076483726501
23163,0.8065018057823181
23164,0.3261236548423767
23165,0.42747247219085693
23166,0.34557923674583435
23167,0.3095717430114746
23168,0.3348466157913208
23169,0.6013570427894592
23170,0.6991499662399292
23171,0.5472573041915894
23172,0.6821531653404236
23173,0.5502883791923523
23174,0.6452774405479431
23175,0.5720221400260925
23176,0.704678475856781
23177,0.32346320152282715
23178,0.3013153374195099
23179,0.4013265371322632
23180,0.3662409484386444
23181,0.41232728958129883
23182,0.33229562640190125
23183,0.38764166831970215
23184,0.30990666151046753
23185,0.6300474405288696
23186,0.36571797728538513
23187,0.822327196598053
23188,0.40598219633102417
23189,0.30969974398612976
23190,0.23541204631328583
23191,0.5880284905433655
23192,0.3282914161682129
23193,0.6368762850761414
23194,0.5656970143318176
23195,0.506658136844635
23196,0.7378770112991333
23197,0.530547559261322
23198,0.42210155725479126
23199,0.7682543396949768
23200,0.7724651098251343
23201,0.18095466494560242
23202,0.7390874624252319
23203,0.5157216787338257
23204,0.7254889011383057
23205,0.6283559799194336
23206,0.30388426780700684
23207,0.6651962399482727
23208,0.32371461391448975
23209,0.3449079990386963
23210,0.36857396364212036
23211,0.6518240571022034
23212,0.42969048023223877
23213,0.5320354104042053
23214,0.76924067735672
23215,0.5880230069160461
23216,0.39376503229141235
23217,0.6438301205635071
23218,0.7399358749389648
23219,0.5014270544052124
23220,0.20541758835315704
23221,0.3173377513885498
23222,0.3799809217453003
23223,0.5235094428062439
23224,0.5390647649765015
23225,0.48466506600379944
23226,0.25674378871917725
23227,0.6046099066734314
23228,0.3680206537246704
23229,0.5656974911689758
23230,0.4454713761806488
23231,0.7220466136932373
23232,0.24037858843803406
23233,0.7853456735610962
23234,0.6049605011940002
23235,0.2783188223838806
23236,0.5158615112304688
23237,0.5026994943618774
23238,0.39705461263656616
23239,0.23865006864070892
23240,0.3228076696395874
23241,0.5310806632041931
23242,0.3724747896194458
23243,0.27708953619003296
23244,0.8332064151763916
23245,0.41734862327575684
23246,0.17536388337612152
23247,0.27903151512145996
23248,0.5495848655700684
23249,0.7941468358039856
23250,0.4494170546531677
23251,0.7981320023536682
23252,0.4418465495109558
23253,0.34283447265625
23254,0.4680536687374115
23255,0.44281747937202454
23256,0.3908524811267853
23257,0.32373684644699097
23258,0.5047701001167297
23259,0.5500189661979675
23260,0.2847177982330322
23261,0.603979229927063
23262,0.4889296889305115
23263,0.4801955819129944
23264,0.5212568640708923
23265,0.6420604586601257
23266,0.808280885219574
23267,0.25722557306289673
23268,0.4789358377456665
23269,0.5808154344558716
23270,0.7350324988365173
23271,0.3061223030090332
23272,0.6745532751083374
23273,0.24620699882507324
23274,0.535914957523346
23275,0.4824864864349365
23276,0.5408325791358948
23277,0.5306963324546814
23278,0.36368846893310547
23279,0.39601433277130127
23280,0.41354191303253174
23281,0.615810215473175
23282,0.4461721181869507
23283,0.6858478784561157
23284,0.7651442289352417
23285,0.5567425489425659
23286,0.48074519634246826
23287,0.22468124330043793
23288,0.6755673885345459
23289,0.8117029666900635
23290,0.24641622602939606
23291,0.24681933224201202
23292,0.35656267404556274
23293,0.7613304257392883
23294,0.5649471282958984
23295,0.6959078311920166
23296,0.1788804531097412
23297,0.40644770860671997
23298,0.6403563618659973
23299,0.4079388380050659
23300,0.833852231502533
23301,0.5328013300895691
23302,0.4337920546531677
23303,0.4563135504722595
23304,0.474050372838974
23305,0.5221995115280151
23306,0.7316951155662537
23307,0.239210307598114
23308,0.46511054039001465
23309,0.7240880131721497
23310,0.3103344440460205
23311,0.5332241654396057
23312,0.5585532784461975
23313,0.5232059955596924
23314,0.8162593841552734
23315,0.5708172917366028
23316,0.4084329307079315
23317,0.6597866415977478
23318,0.4575507342815399
23319,0.28563565015792847
23320,0.6554780006408691
23321,0.565123438835144
23322,0.5835205316543579
23323,0.37276896834373474
23324,0.4380287528038025
23325,0.39167356491088867
23326,0.2368314266204834
23327,0.7238597869873047
23328,0.35014474391937256
23329,0.7229087948799133
23330,0.5077657103538513
23331,0.481273353099823
23332,0.5292704701423645
23333,0.8064079284667969
23334,0.6746276021003723
23335,0.5590727925300598
23336,0.5558401346206665
23337,0.565999448299408
23338,0.552570641040802
23339,0.47229304909706116
23340,0.3746504783630371
23341,0.5627301931381226
23342,0.38823723793029785
23343,0.828463613986969
23344,0.7722873687744141
23345,0.7039523720741272
23346,0.5491852164268494
23347,0.22380192577838898
23348,0.5977110862731934
23349,0.6479968428611755
23350,0.7417386174201965
23351,0.43875133991241455
23352,0.35180872678756714
23353,0.4549238681793213
23354,0.7454075217247009
23355,0.5320034027099609
23356,0.35201817750930786
23357,0.2297312617301941
23358,0.5582496523857117
23359,0.4086015224456787
23360,0.34688323736190796
23361,0.5825017094612122
23362,0.23569855093955994
23363,0.6142407655715942
23364,0.6901108622550964
23365,0.3271038830280304
23366,0.5194093585014343
23367,0.2814023792743683
23368,0.7346192598342896
23369,0.4599924087524414
23370,0.18672114610671997
23371,0.44801095128059387
23372,0.28777819871902466
23373,0.5722622275352478
23374,0.2634051740169525
23375,0.6213706731796265
23376,0.4155293405056
23377,0.7195227742195129
23378,0.4664878845214844
23379,0.45324885845184326
23380,0.30216145515441895
23381,0.4895033538341522
23382,0.2686312198638916
23383,0.5657843351364136
23384,0.5140026211738586
23385,0.22167623043060303
23386,0.6036804914474487
23387,0.30291515588760376
23388,0.44517505168914795
23389,0.7037169337272644
23390,0.4528484344482422
23391,0.6599450707435608
23392,0.46941548585891724
23393,0.7895098328590393
23394,0.4589637517929077
23395,0.7174795269966125
23396,0.7510936856269836
23397,0.816450297832489
23398,0.39652228355407715
23399,0.5304563641548157
23400,0.6873747110366821
23401,0.8418656587600708
23402,0.7650377750396729
23403,0.533358633518219
23404,0.5385385751724243
23405,0.5278235077857971
23406,0.748320996761322
23407,0.535372793674469
23408,0.4050438106060028
23409,0.7985434532165527
23410,0.542888879776001
23411,0.2867870330810547
23412,0.37846916913986206
23413,0.4113374352455139
23414,0.4019607901573181
23415,0.4707208275794983
23416,0.8178910613059998
23417,0.4777428209781647
23418,0.6846616268157959
23419,0.6746911406517029
23420,0.27511733770370483
23421,0.2718650698661804
23422,0.5551475286483765
23423,0.4105862081050873
23424,0.5981293320655823
23425,0.7570627927780151
23426,0.32882651686668396
23427,0.5912614464759827
23428,0.31507784128189087
23429,0.6837788224220276
23430,0.4809715151786804
23431,0.2653267979621887
23432,0.6274662613868713
23433,0.5005033612251282
23434,0.24508246779441833
23435,0.4829608201980591
23436,0.4529556334018707
23437,0.2155941128730774
23438,0.23157240450382233
23439,0.8183877468109131
23440,0.6884120106697083
23441,0.316862016916275
23442,0.7230088114738464
23443,0.20118281245231628
23444,0.5145689249038696
23445,0.5749364495277405
23446,0.3876791000366211
23447,0.41667699813842773
23448,0.593563973903656
23449,0.6296999454498291
23450,0.5081306099891663
23451,0.8275050520896912
23452,0.6539405584335327
23453,0.5726392269134521
23454,0.4633702039718628
23455,0.6605108380317688
23456,0.6551723480224609
23457,0.4441177546977997
23458,0.7813034653663635
23459,0.25007501244544983
23460,0.6409316658973694
23461,0.38101726770401
23462,0.5311149954795837
23463,0.4274229407310486
23464,0.3379627764225006
23465,0.7294580936431885
23466,0.3049122095108032
23467,0.3755643367767334
23468,0.3130148649215698
23469,0.6134935021400452
23470,0.21964076161384583
23471,0.29361963272094727
23472,0.6346614360809326
23473,0.33633100986480713
23474,0.6109471321105957
23475,0.48079973459243774
23476,0.47952479124069214
23477,0.6879079341888428
23478,0.6544755697250366
23479,0.5549656748771667
23480,0.3921632170677185
23481,0.8424990177154541
23482,0.7351725697517395
23483,0.3990670442581177
23484,0.3946155309677124
23485,0.33263465762138367
23486,0.6747332811355591
23487,0.5692247748374939
23488,0.36565253138542175
23489,0.4165589213371277
23490,0.47720229625701904
23491,0.5325289368629456
23492,0.3480542302131653
23493,0.3940880298614502
23494,0.5653823018074036
23495,0.7735521197319031
23496,0.2566814124584198
23497,0.3770948350429535
23498,0.3897448480129242
23499,0.4812004268169403
23500,0.21806088089942932
23501,0.5175623893737793
23502,0.5520419478416443
23503,0.7131518721580505
23504,0.8141411542892456
23505,0.43609440326690674
23506,0.49578261375427246
23507,0.47725754976272583
23508,0.3469697833061218
23509,0.24632519483566284
23510,0.5453909635543823
23511,0.40735235810279846
23512,0.3575711250305176
23513,0.6580615639686584
23514,0.42412126064300537
23515,0.6597402691841125
23516,0.5638015866279602
23517,0.5838088393211365
23518,0.4365297853946686
23519,0.5438957810401917
23520,0.3681678771972656
23521,0.5118655562400818
23522,0.7115837931632996
23523,0.5210753679275513
23524,0.8062382340431213
23525,0.40031614899635315
23526,0.5620597004890442
23527,0.710284948348999
23528,0.3472211956977844
23529,0.29166877269744873
23530,0.545564591884613
23531,0.26392531394958496
23532,0.7101625800132751
23533,0.5104358792304993
23534,0.511445939540863
23535,0.306768536567688
23536,0.5356484651565552
23537,0.19054535031318665
23538,0.7516230940818787
23539,0.5220769047737122
23540,0.5038915872573853
23541,0.7541273236274719
23542,0.3809620141983032
23543,0.49854332208633423
23544,0.8072823882102966
23545,0.3792484402656555
23546,0.5750990509986877
23547,0.4851318895816803
23548,0.534281313419342
23549,0.18702085316181183
23550,0.22701476514339447
23551,0.7314399480819702
23552,0.7785813212394714
23553,0.5288592576980591
23554,0.42773720622062683
23555,0.30325227975845337
23556,0.2427125722169876
23557,0.5572795271873474
23558,0.30658626556396484
23559,0.19095078110694885
23560,0.7641162276268005
23561,0.6521210670471191
23562,0.7492858171463013
23563,0.5950003266334534
23564,0.5828757882118225
23565,0.8166007399559021
23566,0.8219864964485168
23567,0.8223497867584229
23568,0.2887713611125946
23569,0.3418692648410797
23570,0.22099454700946808
23571,0.3219875395298004
23572,0.7745898365974426
23573,0.453849196434021
23574,0.44083666801452637
23575,0.23979736864566803
23576,0.45335838198661804
23577,0.5949479341506958
23578,0.4080272912979126
23579,0.6022772192955017
23580,0.7335898280143738
23581,0.4064103662967682
23582,0.34635674953460693
23583,0.7322714924812317
23584,0.3739367127418518
23585,0.6561418175697327
23586,0.5261881947517395
23587,0.49332326650619507
23588,0.30190417170524597
23589,0.8254636526107788
23590,0.7954307794570923
23591,0.3581848740577698
23592,0.3700282573699951
23593,0.738265872001648
23594,0.3668175935745239
23595,0.24621981382369995
23596,0.6567652821540833
23597,0.8317870497703552
23598,0.8243659138679504
23599,0.47671622037887573
23600,0.2702285647392273
23601,0.4270874857902527
23602,0.42233604192733765
23603,0.2706035375595093
23604,0.5108163356781006
23605,0.7959476709365845
23606,0.2908444404602051
23607,0.21053887903690338
23608,0.78350830078125
23609,0.4874349534511566
23610,0.31939584016799927
23611,0.4876795709133148
23612,0.4156182110309601
23613,0.5735448598861694
23614,0.3405025005340576
23615,0.4887227416038513
23616,0.327536404132843
23617,0.24465402960777283
23618,0.750250518321991
23619,0.3340313136577606
23620,0.42885780334472656
23621,0.7476167678833008
23622,0.5244600176811218
23623,0.58834308385849
23624,0.6676850914955139
23625,0.8114285469055176
23626,0.6613509058952332
23627,0.4623340368270874
23628,0.140181764960289
23629,0.43950194120407104
23630,0.3087533712387085
23631,0.2714464068412781
23632,0.41814303398132324
23633,0.33622387051582336
23634,0.5019873976707458
23635,0.8167699575424194
23636,0.34945395588874817
23637,0.3581620156764984
23638,0.5534061193466187
23639,0.5369474291801453
23640,0.6126196980476379
23641,0.7701787352561951
23642,0.4079986810684204
23643,0.5719758868217468
23644,0.4380439817905426
23645,0.6097196340560913
23646,0.6776925325393677
23647,0.375773549079895
23648,0.49006885290145874
23649,0.48970556259155273
23650,0.5153549313545227
23651,0.6751386523246765
23652,0.29624703526496887
23653,0.36587417125701904
23654,0.2727728486061096
23655,0.34206774830818176
23656,0.25858861207962036
23657,0.5525677800178528
23658,0.6787993907928467
23659,0.29906779527664185
23660,0.5647469162940979
23661,0.42048534750938416
23662,0.713426947593689
23663,0.5330638289451599
23664,0.5183102488517761
23665,0.5490041375160217
23666,0.20956091582775116
23667,0.1935442090034485
23668,0.8333627581596375
23669,0.47962135076522827
23670,0.22409655153751373
23671,0.6290724277496338
23672,0.6299675107002258
23673,0.40564101934432983
23674,0.7034828066825867
23675,0.4419001638889313
23676,0.7193509340286255
23677,0.4354747235774994
23678,0.5682021975517273
23679,0.41278982162475586
23680,0.5623324513435364
23681,0.5472573637962341
23682,0.24915987253189087
23683,0.7609262466430664
23684,0.5377168655395508
23685,0.5710938572883606
23686,0.3195376396179199
23687,0.268449604511261
23688,0.298530250787735
23689,0.3302028775215149
23690,0.7322686314582825
23691,0.3346228003501892
23692,0.7833818793296814
23693,0.4387316107749939
23694,0.5010142922401428
23695,0.4736603796482086
23696,0.3556394577026367
23697,0.657809317111969
23698,0.44833970069885254
23699,0.4691610634326935
23700,0.4359149634838104
23701,0.4058651924133301
23702,0.5333176255226135
23703,0.7796356081962585
23704,0.540570080280304
23705,0.18685081601142883
23706,0.5667965412139893
23707,0.38689833879470825
23708,0.7918824553489685
23709,0.8355275988578796
23710,0.8277619481086731
23711,0.49471908807754517
23712,0.6659177541732788
23713,0.4182828664779663
23714,0.7267553210258484
23715,0.5576849579811096
23716,0.25173988938331604
23717,0.6705006957054138
23718,0.4666125774383545
23719,0.2895551919937134
23720,0.3356468677520752
23721,0.5003575682640076
23722,0.4955611824989319
23723,0.635136067867279
23724,0.8181375861167908
23725,0.8151927590370178
23726,0.6648341417312622
23727,0.453734815120697
23728,0.2101738452911377
23729,0.2930488884449005
23730,0.4326055347919464
23731,0.4201127886772156
23732,0.5085214972496033
23733,0.5487236380577087
23734,0.3304077386856079
23735,0.46420496702194214
23736,0.2649987041950226
23737,0.592250645160675
23738,0.5057633519172668
23739,0.36195674538612366
23740,0.37469249963760376
23741,0.7442214488983154
23742,0.4035820960998535
23743,0.5802685022354126
23744,0.3842318654060364
23745,0.8162270188331604
23746,0.46433737874031067
23747,0.30931949615478516
23748,0.3835461437702179
23749,0.6457337737083435
23750,0.6732861399650574
23751,0.6532144546508789
23752,0.4925350546836853
23753,0.20801901817321777
23754,0.5209900736808777
23755,0.25423434376716614
23756,0.30158764123916626
23757,0.5017982125282288
23758,0.500904381275177
23759,0.5451618432998657
23760,0.6983707547187805
23761,0.5500189661979675
23762,0.814639687538147
23763,0.41230547428131104
23764,0.23112015426158905
23765,0.3828870952129364
23766,0.35217714309692383
23767,0.40590959787368774
23768,0.4906717836856842
23769,0.31445977091789246
23770,0.8315326571464539
23771,0.763622522354126
23772,0.8055349588394165
23773,0.6363146901130676
23774,0.5963448286056519
23775,0.7148481607437134
23776,0.565726101398468
23777,0.1921789050102234
23778,0.7483591437339783
23779,0.5582941174507141
23780,0.41076135635375977
23781,0.8151376843452454
23782,0.33073389530181885
23783,0.6633160710334778
23784,0.3551539182662964
23785,0.4071267247200012
23786,0.3959931433200836
23787,0.49030762910842896
23788,0.5493155121803284
23789,0.5095809698104858
23790,0.3116520047187805
23791,0.46477842330932617
23792,0.5354433655738831
23793,0.21391160786151886
23794,0.8238562941551208
23795,0.6104608774185181
23796,0.7283115983009338
23797,0.7613190412521362
23798,0.39309167861938477
23799,0.4965857267379761
23800,0.770689845085144
23801,0.5305054187774658
23802,0.26493117213249207
23803,0.5295594334602356
23804,0.5145955681800842
23805,0.7462953925132751
23806,0.7664898633956909
23807,0.2818094491958618
23808,0.5585486888885498
23809,0.31509310007095337
23810,0.8186578154563904
23811,0.2982918620109558
23812,0.3516605794429779
23813,0.714420735836029
23814,0.43944597244262695
23815,0.8345609903335571
23816,0.7217680811882019
23817,0.44353213906288147
23818,0.3521788716316223
23819,0.6574691534042358
23820,0.45206016302108765
23821,0.6847081780433655
23822,0.4214041233062744
23823,0.4407544434070587
23824,0.6526597142219543
23825,0.5974424481391907
23826,0.7376090288162231
23827,0.35971102118492126
23828,0.5325318574905396
23829,0.6925927400588989
23830,0.4722822904586792
23831,0.34537309408187866
23832,0.2580605149269104
23833,0.46499204635620117
23834,0.4322342276573181
23835,0.2357102483510971
23836,0.4524407386779785
23837,0.5873151421546936
23838,0.6295948028564453
23839,0.30722546577453613
23840,0.7706696391105652
23841,0.6202244162559509
23842,0.7988804578781128
23843,0.30491021275520325
23844,0.44958657026290894
23845,0.5703373551368713
23846,0.5576295852661133
23847,0.715398371219635
23848,0.3790052533149719
23849,0.5734405517578125
23850,0.5120581388473511
23851,0.6041094660758972
23852,0.23311930894851685
23853,0.2623879313468933
23854,0.18820005655288696
23855,0.6757802367210388
23856,0.6408502459526062
23857,0.48642590641975403
23858,0.5119227766990662
23859,0.19173267483711243
23860,0.16033649444580078
23861,0.7824421525001526
23862,0.6016750931739807
23863,0.8112269639968872
23864,0.3574206233024597
23865,0.6795605421066284
23866,0.7978691458702087
23867,0.5265257954597473
23868,0.3003247380256653
23869,0.8239922523498535
23870,0.5390540361404419
23871,0.7192845940589905
23872,0.42211711406707764
23873,0.6543751955032349
23874,0.49579107761383057
23875,0.4985966682434082
23876,0.24147562682628632
23877,0.20172163844108582
23878,0.392576664686203
23879,0.7476920485496521
23880,0.4063926935195923
23881,0.3536436855792999
23882,0.4564036428928375
23883,0.34984278678894043
23884,0.4516315162181854
23885,0.7190482020378113
23886,0.29061394929885864
23887,0.3482683598995209
23888,0.7693584561347961
23889,0.6956321001052856
23890,0.545654296875
23891,0.7249782085418701
23892,0.8136335015296936
23893,0.6732469797134399
23894,0.4260959029197693
23895,0.36648985743522644
23896,0.5107114315032959
23897,0.6965157389640808
23898,0.556504487991333
23899,0.6896085739135742
23900,0.3534547984600067
23901,0.6627458333969116
23902,0.4005465805530548
23903,0.2568475604057312
23904,0.4618428647518158
23905,0.40015238523483276
23906,0.3978407680988312
23907,0.22874413430690765
23908,0.46046650409698486
23909,0.5302756428718567
23910,0.698773205280304
23911,0.3847317695617676
23912,0.3280482292175293
23913,0.38057366013526917
23914,0.5170129537582397
23915,0.42520761489868164
23916,0.5078862905502319
23917,0.7932441234588623
23918,0.48750925064086914
23919,0.4254068434238434
23920,0.7411786317825317
23921,0.5776738524436951
23922,0.44675666093826294
23923,0.27068135142326355
23924,0.5559968948364258
23925,0.8074223399162292
23926,0.30202531814575195
23927,0.6613777875900269
23928,0.2683156728744507
23929,0.4456291198730469
23930,0.43101024627685547
23931,0.5958824753761292
23932,0.6956394910812378
23933,0.47791948914527893
23934,0.46004170179367065
23935,0.3311077952384949
23936,0.7820723652839661
23937,0.7382133603096008
23938,0.5072976350784302
23939,0.4238038659095764
23940,0.8159425854682922
23941,0.7712236046791077
23942,0.520051121711731
23943,0.32015663385391235
23944,0.4285653829574585
23945,0.5030968189239502
23946,0.5182395577430725
23947,0.533689022064209
23948,0.331076443195343
23949,0.3509390950202942
23950,0.7207043766975403
23951,0.24633774161338806
23952,0.27332985401153564
23953,0.8273951411247253
23954,0.41592511534690857
23955,0.567902684211731
23956,0.4865807294845581
23957,0.3493614196777344
23958,0.7036179900169373
23959,0.5774471163749695
23960,0.8145260214805603
23961,0.765435516834259
23962,0.3371180295944214
23963,0.31576961278915405
23964,0.5189803838729858
23965,0.7450700402259827
23966,0.4193163812160492
23967,0.541975200176239
23968,0.8183746337890625
23969,0.44164636731147766
23970,0.43149515986442566
23971,0.3239940106868744
23972,0.5441843867301941
23973,0.2988792657852173
23974,0.4421127438545227
23975,0.5036450624465942
23976,0.24693220853805542
23977,0.5215212106704712
23978,0.7481987476348877
23979,0.6986697316169739
23980,0.4241056442260742
23981,0.8037481307983398
23982,0.4951641261577606
23983,0.5324991941452026
23984,0.44009023904800415
23985,0.21404430270195007
23986,0.46962082386016846
23987,0.2922177314758301
23988,0.8160422444343567
23989,0.8126906752586365
23990,0.20464873313903809
23991,0.22397485375404358
23992,0.8087515234947205
23993,0.46153494715690613
23994,0.18047399818897247
23995,0.2492339313030243
23996,0.21907353401184082
23997,0.33670109510421753
23998,0.5105966925621033
23999,0.3268943727016449
24000,0.38767194747924805
24001,0.35147449374198914
24002,0.3816126585006714
24003,0.2492578625679016
24004,0.5406230092048645
24005,0.5819315314292908
24006,0.27287572622299194
24007,0.618924617767334
24008,0.6288135647773743
24009,0.537065327167511
24010,0.546480119228363
24011,0.22873100638389587
24012,0.7974061369895935
24013,0.6769935488700867
24014,0.6194595694541931
24015,0.7308585047721863
24016,0.42053794860839844
24017,0.7117536067962646
24018,0.5417090058326721
24019,0.5446687340736389
24020,0.5871734619140625
24021,0.5400875210762024
24022,0.8190167546272278
24023,0.5496557950973511
24024,0.4024726450443268
24025,0.4957180321216583
24026,0.7505970597267151
24027,0.2868589162826538
24028,0.42239654064178467
24029,0.7944273352622986
24030,0.7367262244224548
24031,0.4524986743927002
24032,0.8194890022277832
24033,0.22381719946861267
24034,0.7674421668052673
24035,0.24651676416397095
24036,0.4444674253463745
24037,0.7555118203163147
24038,0.2539081275463104
24039,0.16522958874702454
24040,0.5061219334602356
24041,0.752178966999054
24042,0.579971432685852
24043,0.7172581553459167
24044,0.18046829104423523
24045,0.5373974442481995
24046,0.5635504126548767
24047,0.5196422934532166
24048,0.5164880156517029
24049,0.4257734715938568
24050,0.3190973103046417
24051,0.37839803099632263
24052,0.5763702988624573
24053,0.5413652062416077
24054,0.43159085512161255
24055,0.7410317659378052
24056,0.22613099217414856
24057,0.6892960071563721
24058,0.5640552639961243
24059,0.3665087819099426
24060,0.6067842841148376
24061,0.6865061521530151
24062,0.6210175156593323
24063,0.4537229835987091
24064,0.5208227038383484
24065,0.7190426588058472
24066,0.3365398645401001
24067,0.5039615035057068
24068,0.3963993191719055
24069,0.5670642256736755
24070,0.5710664391517639
24071,0.6112947463989258
24072,0.606277346611023
24073,0.20483477413654327
24074,0.6043935418128967
24075,0.5521015524864197
24076,0.6963521242141724
24077,0.6317557692527771
24078,0.8141798377037048
24079,0.8289848566055298
24080,0.5691677927970886
24081,0.8263928890228271
24082,0.5060487985610962
24083,0.20951750874519348
24084,0.8270082473754883
24085,0.4460405707359314
24086,0.5581110119819641
24087,0.3817070424556732
24088,0.659619152545929
24089,0.5350569486618042
24090,0.32525184750556946
24091,0.5212039947509766
24092,0.5720950961112976
24093,0.7417759299278259
24094,0.46191319823265076
24095,0.7632273435592651
24096,0.7173606753349304
24097,0.44152310490608215
24098,0.6280232071876526
24099,0.29309701919555664
24100,0.2512471079826355
24101,0.6496488451957703
24102,0.28456100821495056
24103,0.6439492106437683
24104,0.445972204208374
24105,0.4590538740158081
24106,0.2262294888496399
24107,0.4690672755241394
24108,0.2267795205116272
24109,0.28657326102256775
24110,0.4913095235824585
24111,0.7225024104118347
24112,0.23147152364253998
24113,0.38080453872680664
24114,0.6202827095985413
24115,0.34907299280166626
24116,0.47248753905296326
24117,0.6296647191047668
24118,0.44962504506111145
24119,0.4672407805919647
24120,0.45701685547828674
24121,0.4291267693042755
24122,0.24946945905685425
24123,0.4097477197647095
24124,0.3823492228984833
24125,0.23745198547840118
24126,0.35823720693588257
24127,0.4564675986766815
24128,0.35832393169403076
24129,0.49639391899108887
24130,0.7476112246513367
24131,0.7686352729797363
24132,0.7640272378921509
24133,0.42585617303848267
24134,0.2983880937099457
24135,0.4738219380378723
24136,0.5269336104393005
24137,0.5174921154975891
24138,0.597675621509552
24139,0.3721628487110138
24140,0.24158012866973877
24141,0.543279230594635
24142,0.29207131266593933
24143,0.4981158375740051
24144,0.4511765241622925
24145,0.21907031536102295
24146,0.48132389783859253
24147,0.7976223826408386
24148,0.46624982357025146
24149,0.519916296005249
24150,0.5557077527046204
24151,0.3478981554508209
24152,0.27448195219039917
24153,0.7395528554916382
24154,0.3211691975593567
24155,0.7956953644752502
24156,0.7057235240936279
24157,0.4232819080352783
24158,0.43271511793136597
24159,0.3457217812538147
24160,0.7152824401855469
24161,0.39882031083106995
24162,0.36377155780792236
24163,0.6625844240188599
24164,0.7536971569061279
24165,0.792802095413208
24166,0.4032951891422272
24167,0.7434160113334656
24168,0.335701048374176
24169,0.23661470413208008
24170,0.6028609275817871
24171,0.7285596132278442
24172,0.6342598795890808
24173,0.46416884660720825
24174,0.5687890648841858
24175,0.14702847599983215
24176,0.5683550238609314
24177,0.5526890158653259
24178,0.38313740491867065
24179,0.7288523316383362
24180,0.6417384743690491
24181,0.6666350960731506
24182,0.4636801481246948
24183,0.33252033591270447
24184,0.5389518737792969
24185,0.5328992605209351
24186,0.6967264413833618
24187,0.6611369848251343
24188,0.38668060302734375
24189,0.5290629863739014
24190,0.4511816203594208
24191,0.5298409461975098
24192,0.7913867831230164
24193,0.4798792004585266
24194,0.48994767665863037
24195,0.6099448800086975
24196,0.48876193165779114
24197,0.707958459854126
24198,0.4685300588607788
24199,0.49247264862060547
24200,0.46394801139831543
24201,0.582752525806427
24202,0.7311548590660095
24203,0.5027323961257935
24204,0.5904236435890198
24205,0.6001366972923279
24206,0.5566396117210388
24207,0.3524036109447479
24208,0.6025852560997009
24209,0.49918824434280396
24210,0.7328020334243774
24211,0.6476810574531555
24212,0.39391130208969116
24213,0.24425512552261353
24214,0.5691133141517639
24215,0.44693148136138916
24216,0.4905870258808136
24217,0.4008680284023285
24218,0.21502041816711426
24219,0.3619781732559204
24220,0.3185359239578247
24221,0.7092745304107666
24222,0.18450990319252014
24223,0.5729710459709167
24224,0.4673337936401367
24225,0.20262154936790466
24226,0.6916795969009399
24227,0.5655487179756165
24228,0.35396715998649597
24229,0.3801884651184082
24230,0.43511253595352173
24231,0.5409955382347107
24232,0.4818585515022278
24233,0.54646235704422
24234,0.35285279154777527
24235,0.8022220134735107
24236,0.5485020279884338
24237,0.41981828212738037
24238,0.41799160838127136
24239,0.6617943644523621
24240,0.3154054880142212
24241,0.2808617949485779
24242,0.4964119791984558
24243,0.5386699438095093
24244,0.17906102538108826
24245,0.2540263831615448
24246,0.5969164371490479
24247,0.7430170774459839
24248,0.28875643014907837
24249,0.8475301861763
24250,0.294208824634552
24251,0.6419568657875061
24252,0.398586630821228
24253,0.4655735492706299
24254,0.3134358525276184
24255,0.3724128007888794
24256,0.49897247552871704
24257,0.5240181684494019
24258,0.600269615650177
24259,0.37355494499206543
24260,0.6714372038841248
24261,0.7169352173805237
24262,0.443317174911499
24263,0.4276356101036072
24264,0.4354519844055176
24265,0.6679064631462097
24266,0.2850322723388672
24267,0.47862476110458374
24268,0.2100440263748169
24269,0.5615289211273193
24270,0.42356619238853455
24271,0.6639664769172668
24272,0.20199866592884064
24273,0.6593857407569885
24274,0.21717096865177155
24275,0.5047234892845154
24276,0.5121092796325684
24277,0.3239786624908447
24278,0.5188540816307068
24279,0.4549592137336731
24280,0.4963610768318176
24281,0.5927616357803345
24282,0.340268075466156
24283,0.8206332921981812
24284,0.35020431876182556
24285,0.7090347409248352
24286,0.24001355469226837
24287,0.35924670100212097
24288,0.7974202036857605
24289,0.4181116223335266
24290,0.343680202960968
24291,0.32476627826690674
24292,0.4402769207954407
24293,0.7545470595359802
24294,0.5447993278503418
24295,0.3620308041572571
24296,0.5316484570503235
24297,0.2527298927307129
24298,0.4364529848098755
24299,0.4777386784553528
24300,0.3365648686885834
24301,0.3815345764160156
24302,0.569439709186554
24303,0.8334491848945618
24304,0.4841650128364563
24305,0.307807058095932
24306,0.785528838634491
24307,0.7583035826683044
24308,0.46235987544059753
24309,0.4087871313095093
24310,0.5291132926940918
24311,0.354055792093277
24312,0.6289712190628052
24313,0.16942761838436127
24314,0.5137422680854797
24315,0.49229544401168823
24316,0.7580345273017883
24317,0.2624582052230835
24318,0.24368977546691895
24319,0.4576960802078247
24320,0.607660710811615
24321,0.2700009346008301
24322,0.47772252559661865
24323,0.19322703778743744
24324,0.25169748067855835
24325,0.3679959774017334
24326,0.1362369954586029
24327,0.7181328535079956
24328,0.30194398760795593
24329,0.5647959113121033
24330,0.49968111515045166
24331,0.6017256379127502
24332,0.3794260621070862
24333,0.351958692073822
24334,0.5046493411064148
24335,0.5293465256690979
24336,0.5431485176086426
24337,0.5432867407798767
24338,0.23301663994789124
24339,0.3003898561000824
24340,0.5755476355552673
24341,0.5923699736595154
24342,0.6795075535774231
24343,0.5893679261207581
24344,0.2812386751174927
24345,0.2955036759376526
24346,0.3930273652076721
24347,0.5960426926612854
24348,0.3503585457801819
24349,0.3341794013977051
24350,0.24712516367435455
24351,0.7749643921852112
24352,0.6058496832847595
24353,0.3052050769329071
24354,0.7160211801528931
24355,0.4615069031715393
24356,0.328718900680542
24357,0.5856524109840393
24358,0.40508905053138733
24359,0.2725774943828583
24360,0.34028148651123047
24361,0.561134934425354
24362,0.32445067167282104
24363,0.21203702688217163
24364,0.36844947934150696
24365,0.6784939169883728
24366,0.6372463703155518
24367,0.37893393635749817
24368,0.589660108089447
24369,0.4868704676628113
24370,0.45318910479545593
24371,0.7197530269622803
24372,0.5113232731819153
24373,0.5239148736000061
24374,0.4331932067871094
24375,0.6817836761474609
24376,0.47701960802078247
24377,0.5493794083595276
24378,0.6823065280914307
24379,0.4493139982223511
24380,0.6900519728660583
24381,0.5279811024665833
24382,0.7425661683082581
24383,0.5496131777763367
24384,0.5934203267097473
24385,0.19450122117996216
24386,0.44386836886405945
24387,0.3479103446006775
24388,0.357776939868927
24389,0.39007896184921265
24390,0.5203476548194885
24391,0.7805236577987671
24392,0.5491840243339539
24393,0.6296094059944153
24394,0.6865658164024353
24395,0.43818795680999756
24396,0.49281418323516846
24397,0.4083225131034851
24398,0.4302101135253906
24399,0.25336721539497375
24400,0.48199108242988586
24401,0.6602241396903992
24402,0.25886136293411255
24403,0.6839829087257385
24404,0.6334470510482788
24405,0.7022733092308044
24406,0.4314521551132202
24407,0.5251432657241821
24408,0.42713290452957153
24409,0.4142739176750183
24410,0.4416387677192688
24411,0.270255446434021
24412,0.5549281239509583
24413,0.2629920244216919
24414,0.5086119771003723
24415,0.5765457153320312
24416,0.2747488021850586
24417,0.38794654607772827
24418,0.26427626609802246
24419,0.5105896592140198
24420,0.49666041135787964
24421,0.47040456533432007
24422,0.7147827744483948
24423,0.1830456554889679
24424,0.6923272013664246
24425,0.3583833575248718
24426,0.3005058467388153
24427,0.3138235807418823
24428,0.6203145384788513
24429,0.4629361629486084
24430,0.5587365627288818
24431,0.33124738931655884
24432,0.5701473355293274
24433,0.3737829923629761
24434,0.3789576292037964
24435,0.23303520679473877
24436,0.2707679271697998
24437,0.5658696293830872
24438,0.5737457871437073
24439,0.5698575377464294
24440,0.8131605386734009
24441,0.7151013612747192
24442,0.4416919946670532
24443,0.6642106175422668
24444,0.2896803021430969
24445,0.7101787328720093
24446,0.3128218650817871
24447,0.36788997054100037
24448,0.5757961869239807
24449,0.6049084067344666
24450,0.2810872793197632
24451,0.46238845586776733
24452,0.5560992956161499
24453,0.4975769519805908
24454,0.8075112700462341
24455,0.2671983540058136
24456,0.2645052671432495
24457,0.29147422313690186
24458,0.7396995425224304
24459,0.6969788670539856
24460,0.82197505235672
24461,0.5278902053833008
24462,0.6367563605308533
24463,0.18196211755275726
24464,0.5588807463645935
24465,0.5617288947105408
24466,0.3881078362464905
24467,0.4384181499481201
24468,0.8388374447822571
24469,0.34294593334198
24470,0.5953837037086487
24471,0.48775023221969604
24472,0.4255524277687073
24473,0.7139660716056824
24474,0.4363853633403778
24475,0.3886207342147827
24476,0.3507094383239746
24477,0.27550825476646423
24478,0.6638304591178894
24479,0.531853199005127
24480,0.33899974822998047
24481,0.6915594935417175
24482,0.3406601548194885
24483,0.6076099276542664
24484,0.4790235757827759
24485,0.2843114733695984
24486,0.6306152939796448
24487,0.3588862419128418
24488,0.5668908357620239
24489,0.542924702167511
24490,0.4963968098163605
24491,0.5262604355812073
24492,0.7269840240478516
24493,0.818255603313446
24494,0.7351896166801453
24495,0.5028955340385437
24496,0.6947410702705383
24497,0.6578071713447571
24498,0.24946686625480652
24499,0.3543854355812073
24500,0.2969566583633423
24501,0.5821182727813721
24502,0.32859277725219727
24503,0.7050901055335999
24504,0.43308326601982117
24505,0.8253582119941711
24506,0.2214914858341217
24507,0.7822786569595337
24508,0.42669472098350525
24509,0.2763831615447998
24510,0.19113217294216156
24511,0.5514287352561951
24512,0.5514815449714661
24513,0.3280012011528015
24514,0.42540243268013
24515,0.8188758492469788
24516,0.7246184349060059
24517,0.46505600214004517
24518,0.43301427364349365
24519,0.22789371013641357
24520,0.5654987096786499
24521,0.6178972125053406
24522,0.22517244517803192
24523,0.7686552405357361
24524,0.24182502925395966
24525,0.3325730562210083
24526,0.1982787847518921
24527,0.49799782037734985
24528,0.5465326905250549
24529,0.6047394871711731
24530,0.5995368361473083
24531,0.7595929503440857
24532,0.505402147769928
24533,0.4505492150783539
24534,0.8107995986938477
24535,0.5450970530509949
24536,0.48637139797210693
24537,0.8043016195297241
24538,0.7594103813171387
24539,0.2652379274368286
24540,0.24151578545570374
24541,0.680931031703949
24542,0.8253574967384338
24543,0.5542731881141663
24544,0.7071302533149719
24545,0.8274654746055603
24546,0.5601593852043152
24547,0.2880083918571472
24548,0.4787166714668274
24549,0.3424714505672455
24550,0.5979976654052734
24551,0.7257959246635437
24552,0.3886062502861023
24553,0.40198373794555664
24554,0.33715569972991943
24555,0.22559678554534912
24556,0.6898268461227417
24557,0.6386576890945435
24558,0.30473554134368896
24559,0.1707279086112976
24560,0.5546957850456238
24561,0.281588077545166
24562,0.31492626667022705
24563,0.7482550740242004
24564,0.5579331517219543
24565,0.5047348737716675
24566,0.8169564008712769
24567,0.4499149024486542
24568,0.3638894557952881
24569,0.3795057535171509
24570,0.620003879070282
24571,0.6654733419418335
24572,0.46836501359939575
24573,0.20000381767749786
24574,0.22831541299819946
24575,0.7684117555618286
24576,0.267836332321167
24577,0.6421140432357788
24578,0.30732402205467224
24579,0.6600132584571838
24580,0.5125131011009216
24581,0.3386671543121338
24582,0.6107999682426453
24583,0.5150726437568665
24584,0.8188864588737488
24585,0.5507591366767883
24586,0.16744627058506012
24587,0.7631466388702393
24588,0.5661664009094238
24589,0.5201603770256042
24590,0.47362375259399414
24591,0.6305223107337952
24592,0.7722594738006592
24593,0.759601354598999
24594,0.4474359154701233
24595,0.3797285854816437
24596,0.8052728772163391
24597,0.207893505692482
24598,0.7988192439079285
24599,0.3023618459701538
24600,0.7542332410812378
24601,0.782905638217926
24602,0.4696747660636902
24603,0.7214902639389038
24604,0.3915107548236847
24605,0.4107615351676941
24606,0.37687087059020996
24607,0.4773368239402771
24608,0.7589724659919739
24609,0.42286646366119385
24610,0.635554313659668
24611,0.5028175711631775
24612,0.45545974373817444
24613,0.4247835874557495
24614,0.5131978988647461
24615,0.5699619054794312
24616,0.23878785967826843
24617,0.540338933467865
24618,0.41634833812713623
24619,0.4156225323677063
24620,0.35135555267333984
24621,0.46700090169906616
24622,0.3679471015930176
24623,0.3850386142730713
24624,0.6622908115386963
24625,0.522256076335907
24626,0.3865252435207367
24627,0.34380239248275757
24628,0.591729998588562
24629,0.41411763429641724
24630,0.3848751485347748
24631,0.5525254607200623
24632,0.38832664489746094
24633,0.5119393467903137
24634,0.7764105200767517
24635,0.5352768898010254
24636,0.6788286566734314
24637,0.48381760716438293
24638,0.24676939845085144
24639,0.4438588619232178
24640,0.2509084939956665
24641,0.16955538094043732
24642,0.38915568590164185
24643,0.640678346157074
24644,0.40775781869888306
24645,0.6187743544578552
24646,0.44791126251220703
24647,0.43124106526374817
24648,0.6974294781684875
24649,0.38428717851638794
24650,0.4623250365257263
24651,0.5323325991630554
24652,0.7146986126899719
24653,0.3964000344276428
24654,0.4666272699832916
24655,0.39224153757095337
24656,0.32356494665145874
24657,0.5532928109169006
24658,0.5380955934524536
24659,0.73912113904953
24660,0.5115660429000854
24661,0.7757943272590637
24662,0.2955019772052765
24663,0.4521840214729309
24664,0.4715731739997864
24665,0.36696988344192505
24666,0.48079025745391846
24667,0.3420126438140869
24668,0.8154460191726685
24669,0.19076856970787048
24670,0.6199533343315125
24671,0.32425981760025024
24672,0.444518119096756
24673,0.410814106464386
24674,0.373635858297348
24675,0.28864586353302
24676,0.4408286511898041
24677,0.23090651631355286
24678,0.5674809813499451
24679,0.18967409431934357
24680,0.5078206062316895
24681,0.4276033043861389
24682,0.34315747022628784
24683,0.26238369941711426
24684,0.6722227931022644
24685,0.6898011565208435
24686,0.3456552028656006
24687,0.6416928172111511
24688,0.5001956224441528
24689,0.38065946102142334
24690,0.49796968698501587
24691,0.682386577129364
24692,0.5927411317825317
24693,0.7743560671806335
24694,0.45607367157936096
24695,0.34103643894195557
24696,0.7375683188438416
24697,0.35415685176849365
24698,0.27690672874450684
24699,0.4994235634803772
24700,0.7090554237365723
24701,0.2615281641483307
24702,0.48922812938690186
24703,0.41009771823883057
24704,0.5525239706039429
24705,0.2379331886768341
24706,0.2636650502681732
24707,0.5182049870491028
24708,0.541222095489502
24709,0.3289553225040436
24710,0.41646894812583923
24711,0.7763559222221375
24712,0.564371645450592
24713,0.750145673751831
24714,0.23824448883533478
24715,0.38072508573532104
24716,0.4512302577495575
24717,0.4172077178955078
24718,0.3960344195365906
24719,0.2219422161579132
24720,0.47757983207702637
24721,0.3191506564617157
24722,0.2960383892059326
24723,0.7001807689666748
24724,0.6325196623802185
24725,0.45237648487091064
24726,0.26167502999305725
24727,0.28322747349739075
24728,0.7173818945884705
24729,0.3707377314567566
24730,0.3338119089603424
24731,0.39885926246643066
24732,0.34422680735588074
24733,0.22042246162891388
24734,0.4963858127593994
24735,0.39567816257476807
24736,0.7327769994735718
24737,0.7625707983970642
24738,0.5336829423904419
24739,0.6840245127677917
24740,0.8258277773857117
24741,0.5293903946876526
24742,0.5022805333137512
24743,0.2948443293571472
24744,0.6841986179351807
24745,0.6052740216255188
24746,0.4792417883872986
24747,0.4300108551979065
24748,0.29907476902008057
24749,0.21266606450080872
24750,0.2795183062553406
24751,0.5497071146965027
24752,0.48828524351119995
24753,0.39731788635253906
24754,0.46720847487449646
24755,0.2791154384613037
24756,0.5287715792655945
24757,0.6016843318939209
24758,0.8124796748161316
24759,0.4004610776901245
24760,0.6908295750617981
24761,0.6172568202018738
24762,0.5930103659629822
24763,0.32664570212364197
24764,0.39928585290908813
24765,0.7244054675102234
24766,0.50117427110672
24767,0.6151577234268188
24768,0.540537416934967
24769,0.2589375376701355
24770,0.41076552867889404
24771,0.5363619327545166
24772,0.312089741230011
24773,0.7636328339576721
24774,0.6600568294525146
24775,0.23626121878623962
24776,0.22264453768730164
24777,0.26907816529273987
24778,0.44129252433776855
24779,0.4534323215484619
24780,0.4207516610622406
24781,0.2973825931549072
24782,0.40162980556488037
24783,0.5562993884086609
24784,0.4771376848220825
24785,0.29755470156669617
24786,0.5344473719596863
24787,0.766779363155365
24788,0.20876199007034302
24789,0.4135202467441559
24790,0.3593890070915222
24791,0.7935199737548828
24792,0.6192013621330261
24793,0.4946141541004181
24794,0.17033058404922485
24795,0.42812326550483704
24796,0.47590816020965576
24797,0.3751829266548157
24798,0.5240536332130432
24799,0.48376184701919556
24800,0.2412397861480713
24801,0.8201602697372437
24802,0.8231301307678223
24803,0.28415101766586304
24804,0.5676501393318176
24805,0.2536872327327728
24806,0.2735699713230133
24807,0.547800600528717
24808,0.8193889260292053
24809,0.7140316367149353
24810,0.42919349670410156
24811,0.17515739798545837
24812,0.4843500852584839
24813,0.669599175453186
24814,0.3903149962425232
24815,0.35588210821151733
24816,0.3261975646018982
24817,0.5553674101829529
24818,0.424724280834198
24819,0.8011276721954346
24820,0.574996292591095
24821,0.5130849480628967
24822,0.20590320229530334
24823,0.3975663483142853
24824,0.674821138381958
24825,0.5223525166511536
24826,0.36219650506973267
24827,0.3782307207584381
24828,0.5079559087753296
24829,0.6569686532020569
24830,0.5683932900428772
24831,0.48866087198257446
24832,0.7203603386878967
24833,0.8302561640739441
24834,0.6292327046394348
24835,0.6145992875099182
24836,0.5464959740638733
24837,0.7140390276908875
24838,0.4509845972061157
24839,0.5727226734161377
24840,0.36324578523635864
24841,0.40536028146743774
24842,0.40042567253112793
24843,0.7869874238967896
24844,0.3142971694469452
24845,0.735794723033905
24846,0.25285252928733826
24847,0.43410903215408325
24848,0.7361031174659729
24849,0.5446012616157532
24850,0.44875699281692505
24851,0.4271332025527954
24852,0.3260340988636017
24853,0.46454060077667236
24854,0.5430560111999512
24855,0.6938586831092834
24856,0.2718936502933502
24857,0.7558918595314026
24858,0.19126060605049133
24859,0.7248857617378235
24860,0.25966477394104004
24861,0.6169127225875854
24862,0.4939301013946533
24863,0.5749817490577698
24864,0.5233466625213623
24865,0.4022456705570221
24866,0.37194371223449707
24867,0.2736351490020752
24868,0.4421280026435852
24869,0.39376839995384216
24870,0.548180103302002
24871,0.5832482576370239
24872,0.5413950085639954
24873,0.20031923055648804
24874,0.7472535967826843
24875,0.5847477316856384
24876,0.515125572681427
24877,0.30942198634147644
24878,0.5024697780609131
24879,0.430095911026001
24880,0.18117918074131012
24881,0.6118725538253784
24882,0.6484453678131104
24883,0.4321973919868469
24884,0.705719530582428
24885,0.5550792217254639
24886,0.7887752652168274
24887,0.4316554367542267
24888,0.6988579630851746
24889,0.547400951385498
24890,0.29455482959747314
24891,0.5832400321960449
24892,0.3839532136917114
24893,0.4908019006252289
24894,0.20597100257873535
24895,0.4274762272834778
24896,0.7000483274459839
24897,0.46914926171302795
24898,0.74867844581604
24899,0.4568988084793091
24900,0.3675954043865204
24901,0.707476794719696
24902,0.538654088973999
24903,0.528317928314209
24904,0.2759131193161011
24905,0.630305826663971
24906,0.8127255439758301
24907,0.6596389412879944
24908,0.7871562242507935
24909,0.5035695433616638
24910,0.5288402438163757
24911,0.6479963660240173
24912,0.2839711308479309
24913,0.5285390615463257
24914,0.35057759284973145
24915,0.3312748372554779
24916,0.5961272716522217
24917,0.7923054099082947
24918,0.6137608885765076
24919,0.45612090826034546
24920,0.5260595679283142
24921,0.31144195795059204
24922,0.5807667374610901
24923,0.8318848013877869
24924,0.3844207525253296
24925,0.5335366129875183
24926,0.44270843267440796
24927,0.7850339412689209
24928,0.6201232671737671
24929,0.5271714925765991
24930,0.5306320786476135
24931,0.40985041856765747
24932,0.5002372860908508
24933,0.8195838332176208
24934,0.8299843072891235
24935,0.3828016519546509
24936,0.3254658281803131
24937,0.5469632744789124
24938,0.4033457636833191
24939,0.3590788245201111
24940,0.47506335377693176
24941,0.5146300196647644
24942,0.6747575402259827
24943,0.6785898804664612
24944,0.24057158827781677
24945,0.3795461058616638
24946,0.7550377249717712
24947,0.47647398710250854
24948,0.6562380790710449
24949,0.8187498450279236
24950,0.4766375422477722
24951,0.5221699476242065
24952,0.5495800375938416
24953,0.40444067120552063
24954,0.3904210925102234
24955,0.7521641254425049
24956,0.556606650352478
24957,0.4583223760128021
24958,0.5681642293930054
24959,0.5262838006019592
24960,0.5184629559516907
24961,0.6819408535957336
24962,0.6003683805465698
24963,0.7779739499092102
24964,0.4029861390590668
24965,0.2593473196029663
24966,0.3665774464607239
24967,0.530869722366333
24968,0.5629096031188965
24969,0.2252480685710907
24970,0.5796732902526855
24971,0.16387805342674255
24972,0.5422568917274475
24973,0.3926663398742676
24974,0.5462305545806885
24975,0.4517285227775574
24976,0.26745206117630005
24977,0.21986836194992065
24978,0.39628273248672485
24979,0.5396530032157898
24980,0.393845796585083
24981,0.3099566698074341
24982,0.8299933075904846
24983,0.5484998822212219
24984,0.6815622448921204
24985,0.5333454012870789
24986,0.3848729133605957
24987,0.49668440222740173
24988,0.3264109492301941
24989,0.6214001774787903
24990,0.8068484663963318
24991,0.4301369786262512
24992,0.4339121878147125
24993,0.5408188700675964
24994,0.27670490741729736
24995,0.23929357528686523
24996,0.3158813416957855
24997,0.5636809468269348
24998,0.4194718599319458
24999,0.6940111517906189
25000,0.5007506608963013
25001,0.48925843834877014
25002,0.3066636323928833
25003,0.740074634552002
25004,0.6478678584098816
25005,0.41978901624679565
25006,0.7367036938667297
25007,0.36859822273254395
25008,0.4390496015548706
25009,0.8145003318786621
25010,0.7977574467658997
25011,0.4989060163497925
25012,0.196994349360466
25013,0.5333665013313293
25014,0.5227633118629456
25015,0.591256320476532
25016,0.3571930527687073
25017,0.413895845413208
25018,0.41145315766334534
25019,0.21958480775356293
25020,0.7321064472198486
25021,0.519281804561615
25022,0.8179343342781067
25023,0.6633481383323669
25024,0.22721344232559204
25025,0.5048127770423889
25026,0.5166719555854797
25027,0.6762869954109192
25028,0.6238027215003967
25029,0.5459445118904114
25030,0.40377599000930786
25031,0.18313609063625336
25032,0.22624877095222473
25033,0.6010940074920654
25034,0.8115622401237488
25035,0.25814878940582275
25036,0.44163408875465393
25037,0.42341479659080505
25038,0.4144647717475891
25039,0.8228490948677063
25040,0.46248531341552734
25041,0.19544577598571777
25042,0.763471782207489
25043,0.44278645515441895
25044,0.5707045197486877
25045,0.6515887379646301
25046,0.3106210231781006
25047,0.4127452075481415
25048,0.4025695025920868
25049,0.28361982107162476
25050,0.6653308272361755
25051,0.649670422077179
25052,0.39127153158187866
25053,0.48295485973358154
25054,0.408616304397583
25055,0.5701737403869629
25056,0.44952839612960815
25057,0.3976573348045349
25058,0.709157407283783
25059,0.4035080075263977
25060,0.8019062876701355
25061,0.6004744172096252
25062,0.549843966960907
25063,0.4805453419685364
25064,0.24399465322494507
25065,0.2881428599357605
25066,0.7401024103164673
25067,0.5683431625366211
25068,0.7132479548454285
25069,0.3180093467235565
25070,0.20788617432117462
25071,0.41496527194976807
25072,0.3889613747596741
25073,0.36456161737442017
25074,0.5298345685005188
25075,0.5689194798469543
25076,0.33613866567611694
25077,0.3676721751689911
25078,0.7098246216773987
25079,0.1696692407131195
25080,0.3642768859863281
25081,0.782238245010376
25082,0.3194736838340759
25083,0.6058361530303955
25084,0.5875517725944519
25085,0.4205707609653473
25086,0.6049768328666687
25087,0.3866100013256073
25088,0.2689557671546936
25089,0.47018933296203613
25090,0.24436548352241516
25091,0.3125079870223999
25092,0.456379771232605
25093,0.42764800786972046
25094,0.5507920980453491
25095,0.2623004913330078
25096,0.737813413143158
25097,0.39261114597320557
25098,0.26852747797966003
25099,0.6872761845588684
25100,0.49634960293769836
25101,0.7640019059181213
25102,0.5928493738174438
25103,0.6303803324699402
25104,0.8182609677314758
25105,0.36254483461380005
25106,0.5150914788246155
25107,0.7173789143562317
25108,0.7169646620750427
25109,0.7757322192192078
25110,0.2567426264286041
25111,0.6810044646263123
25112,0.2583313584327698
25113,0.6511714458465576
25114,0.34253719449043274
25115,0.22264665365219116
25116,0.28035908937454224
25117,0.5533798933029175
25118,0.37823131680488586
25119,0.5196727514266968
25120,0.36737456917762756
25121,0.22130097448825836
25122,0.6353814005851746
25123,0.39620766043663025
25124,0.7231366038322449
25125,0.5266880393028259
25126,0.5665185451507568
25127,0.27622395753860474
25128,0.7871093153953552
25129,0.759125828742981
25130,0.7545369267463684
25131,0.4772621989250183
25132,0.4101436734199524
25133,0.3969041705131531
25134,0.5478695034980774
25135,0.24846665561199188
25136,0.3275822401046753
25137,0.7056615948677063
25138,0.317067950963974
25139,0.7950164675712585
25140,0.4716598391532898
25141,0.5436025261878967
25142,0.5668237805366516
25143,0.5480281710624695
25144,0.24665042757987976
25145,0.5600787401199341
25146,0.5695445537567139
25147,0.30948957800865173
25148,0.44193023443222046
25149,0.23495683073997498
25150,0.5296785831451416
25151,0.5666812658309937
25152,0.25872528553009033
25153,0.8227260112762451
25154,0.5624785423278809
25155,0.5389924645423889
25156,0.5952993035316467
25157,0.502914309501648
25158,0.36180949211120605
25159,0.4766593873500824
25160,0.4812183976173401
25161,0.4438384175300598
25162,0.7297113537788391
25163,0.6002069115638733
25164,0.18767160177230835
25165,0.5548257827758789
25166,0.27146998047828674
25167,0.5315077304840088
25168,0.23872235417366028
25169,0.5357223153114319
25170,0.6291114091873169
25171,0.5387880802154541
25172,0.6362826228141785
25173,0.46166980266571045
25174,0.44432762265205383
25175,0.5919672846794128
25176,0.6559255719184875
25177,0.3501526117324829
25178,0.39102980494499207
25179,0.21317529678344727
25180,0.35587263107299805
25181,0.6339483857154846
25182,0.39614900946617126
25183,0.6580833196640015
25184,0.45650726556777954
25185,0.7140666842460632
25186,0.19745513796806335
25187,0.6433750987052917
25188,0.7062724232673645
25189,0.39705055952072144
25190,0.3411557078361511
25191,0.27255871891975403
25192,0.34714794158935547
25193,0.7623592019081116
25194,0.7031077742576599
25195,0.4329036474227905
25196,0.6482930183410645
25197,0.7230218648910522
25198,0.20835928618907928
25199,0.21138885617256165
25200,0.4562212824821472
25201,0.42488959431648254
25202,0.7745005488395691
25203,0.4203042685985565
25204,0.4875889718532562
25205,0.545902669429779
25206,0.21517911553382874
25207,0.34968218207359314
25208,0.7198705673217773
25209,0.5033327341079712
25210,0.6172846555709839
25211,0.34591710567474365
25212,0.7471575736999512
25213,0.45225465297698975
25214,0.2996975779533386
25215,0.7547917366027832
25216,0.7187833189964294
25217,0.5400190949440002
25218,0.5517854690551758
25219,0.4978329539299011
25220,0.4938865602016449
25221,0.335679292678833
25222,0.6307372450828552
25223,0.5800633430480957
25224,0.22943787276744843
25225,0.6849212646484375
25226,0.20058029890060425
25227,0.6986478567123413
25228,0.28374239802360535
25229,0.7751598954200745
25230,0.5492239594459534
25231,0.2127666026353836
25232,0.6524037718772888
25233,0.6955232620239258
25234,0.44895505905151367
25235,0.6070648431777954
25236,0.5837122201919556
25237,0.40723711252212524
25238,0.7220252156257629
25239,0.7237151265144348
25240,0.7834237217903137
25241,0.46561211347579956
25242,0.6133177876472473
25243,0.4795454144477844
25244,0.6051968336105347
25245,0.38070523738861084
25246,0.3387441337108612
25247,0.7838106155395508
25248,0.7276899218559265
25249,0.7290681600570679
25250,0.46743762493133545
25251,0.7225150465965271
25252,0.410757839679718
25253,0.4803839325904846
25254,0.27494901418685913
25255,0.6914595365524292
25256,0.8107663989067078
25257,0.5811449289321899
25258,0.6009381413459778
25259,0.383020281791687
25260,0.4944053292274475
25261,0.3563981056213379
25262,0.6891641020774841
25263,0.7504130005836487
25264,0.34526771306991577
25265,0.3490064740180969
25266,0.3907955288887024
25267,0.6039913296699524
25268,0.4452161192893982
25269,0.32088059186935425
25270,0.4173832833766937
25271,0.690127432346344
25272,0.6757605671882629
25273,0.6655344367027283
25274,0.6596118807792664
25275,0.5265898108482361
25276,0.5533210635185242
25277,0.8240683674812317
25278,0.44568127393722534
25279,0.28897058963775635
25280,0.3917476236820221
25281,0.43939200043678284
25282,0.29065459966659546
25283,0.4813331961631775
25284,0.6500733494758606
25285,0.7913777828216553
25286,0.7565105557441711
25287,0.42203083634376526
25288,0.1789281815290451
25289,0.556786298751831
25290,0.6154232621192932
25291,0.5766922831535339
25292,0.8208730816841125
25293,0.6364321708679199
25294,0.8218764066696167
25295,0.21269962191581726
25296,0.7076223492622375
25297,0.7212417125701904
25298,0.48433002829551697
25299,0.28137171268463135
25300,0.2238437831401825
25301,0.19648759067058563
25302,0.6815141439437866
25303,0.4267253875732422
25304,0.39006683230400085
25305,0.3843531012535095
25306,0.24741020798683167
25307,0.5376823544502258
25308,0.5940991044044495
25309,0.45987820625305176
25310,0.4037054479122162
25311,0.3469523787498474
25312,0.5065012574195862
25313,0.6697197556495667
25314,0.41328397393226624
25315,0.654456615447998
25316,0.4898151159286499
25317,0.5116267800331116
25318,0.7112336754798889
25319,0.16009394824504852
25320,0.6430285573005676
25321,0.3192096948623657
25322,0.22936765849590302
25323,0.4738386869430542
25324,0.6072050929069519
25325,0.6587831377983093
25326,0.29352760314941406
25327,0.35834410786628723
25328,0.5456002354621887
25329,0.5850407481193542
25330,0.5606779456138611
25331,0.5267542004585266
25332,0.7277478575706482
25333,0.226168692111969
25334,0.8227508664131165
25335,0.7168824076652527
25336,0.7186738848686218
25337,0.3513239026069641
25338,0.5918492674827576
25339,0.44242924451828003
25340,0.4138171970844269
25341,0.4485042095184326
25342,0.5169196724891663
25343,0.5688970685005188
25344,0.35607850551605225
25345,0.45823508501052856
25346,0.2924807369709015
25347,0.8292719721794128
25348,0.4399363100528717
25349,0.29859644174575806
25350,0.5486360192298889
25351,0.4869536757469177
25352,0.3688698410987854
25353,0.30102890729904175
25354,0.3586348295211792
25355,0.4107159376144409
25356,0.46306201815605164
25357,0.5724749565124512
25358,0.6628060936927795
25359,0.42705804109573364
25360,0.5450714230537415
25361,0.3540550470352173
25362,0.4306209087371826
25363,0.3558536171913147
25364,0.577856719493866
25365,0.5688274502754211
25366,0.20256160199642181
25367,0.39740750193595886
25368,0.24946391582489014
25369,0.7604047656059265
25370,0.5571426153182983
25371,0.6339133381843567
25372,0.540439784526825
25373,0.7306321263313293
25374,0.3280356824398041
25375,0.43360635638237
25376,0.8076815605163574
25377,0.5318828225135803
25378,0.37249547243118286
25379,0.5651587843894958
25380,0.5114910006523132
25381,0.2507707476615906
25382,0.2762824296951294
25383,0.7167589068412781
25384,0.4030037522315979
25385,0.5333943367004395
25386,0.519618570804596
25387,0.6495911478996277
25388,0.8239913582801819
25389,0.6391436457633972
25390,0.4598237872123718
25391,0.6188945174217224
25392,0.43614500761032104
25393,0.6856882572174072
25394,0.4806094765663147
25395,0.39524802565574646
25396,0.33141008019447327
25397,0.5319790244102478
25398,0.22855891287326813
25399,0.45197248458862305
25400,0.677575409412384
25401,0.18483075499534607
25402,0.6169849634170532
25403,0.3806256353855133
25404,0.49637192487716675
25405,0.8021363615989685
25406,0.4342850148677826
25407,0.27280473709106445
25408,0.7551831007003784
25409,0.7513474225997925
25410,0.8047705888748169
25411,0.6442710757255554
25412,0.7984901666641235
25413,0.5744587779045105
25414,0.18537145853042603
25415,0.20151272416114807
25416,0.3851625323295593
25417,0.42810988426208496
25418,0.3457408547401428
25419,0.43359845876693726
25420,0.563485324382782
25421,0.36454248428344727
25422,0.38588088750839233
25423,0.4918730854988098
25424,0.3706185221672058
25425,0.4407936930656433
25426,0.530038058757782
25427,0.2461736500263214
25428,0.4828561842441559
25429,0.3326578736305237
25430,0.8260365128517151
25431,0.5987075567245483
25432,0.34614884853363037
25433,0.6679981350898743
25434,0.656123697757721
25435,0.5237782597541809
25436,0.2881968021392822
25437,0.20021863281726837
25438,0.24810819327831268
25439,0.3739112913608551
25440,0.3029141426086426
25441,0.23215611279010773
25442,0.7706175446510315
25443,0.4479389190673828
25444,0.16284793615341187
25445,0.5856098532676697
25446,0.27795493602752686
25447,0.8170255422592163
25448,0.4938591718673706
25449,0.7173483967781067
25450,0.4379165768623352
25451,0.5168401002883911
25452,0.3390944004058838
25453,0.34194329380989075
25454,0.45240432024002075
25455,0.5168021321296692
25456,0.6689053773880005
25457,0.5286852121353149
25458,0.4356536865234375
25459,0.7023932337760925
25460,0.2998860478401184
25461,0.47242799401283264
25462,0.481814980506897
25463,0.5671112537384033
25464,0.7740370035171509
25465,0.2950011193752289
25466,0.4222724437713623
25467,0.5084518790245056
25468,0.4642162322998047
25469,0.6080709099769592
25470,0.5463317036628723
25471,0.21287105977535248
25472,0.48102128505706787
25473,0.3787420392036438
25474,0.44555288553237915
25475,0.1848214566707611
25476,0.6954116225242615
25477,0.2747143507003784
25478,0.41405537724494934
25479,0.45914366841316223
25480,0.4126718044281006
25481,0.4407329559326172
25482,0.6721351742744446
25483,0.5549452900886536
25484,0.8212575316429138
25485,0.5130308866500854
25486,0.40024274587631226
25487,0.6031899452209473
25488,0.195267453789711
25489,0.36838841438293457
25490,0.1661021113395691
25491,0.4237097501754761
25492,0.532023012638092
25493,0.579234778881073
25494,0.35488229990005493
25495,0.5633249878883362
25496,0.5975950360298157
25497,0.520575225353241
25498,0.5032694339752197
25499,0.22198215126991272
25500,0.22910194098949432
25501,0.34680527448654175
25502,0.4629654586315155
25503,0.44761282205581665
25504,0.8054521679878235
25505,0.7244055867195129
25506,0.6846722960472107
25507,0.6395175457000732
25508,0.3759622573852539
25509,0.3177613317966461
25510,0.5170138478279114
25511,0.8016062378883362
25512,0.6868193745613098
25513,0.5431243777275085
25514,0.23646728694438934
25515,0.5995561480522156
25516,0.3298540413379669
25517,0.6740080714225769
25518,0.6180034875869751
25519,0.703171968460083
25520,0.32680511474609375
25521,0.5637099742889404
25522,0.6332430243492126
25523,0.36518675088882446
25524,0.6830031871795654
25525,0.7195131182670593
25526,0.29093217849731445
25527,0.32938677072525024
25528,0.8222193717956543
25529,0.2950829267501831
25530,0.43120741844177246
25531,0.573783278465271
25532,0.40631890296936035
25533,0.6004128456115723
25534,0.3554116487503052
25535,0.7992809414863586
25536,0.535871148109436
25537,0.21069756150245667
25538,0.41196781396865845
25539,0.7868907451629639
25540,0.6598939299583435
25541,0.4061175286769867
25542,0.5173295140266418
25543,0.3613826036453247
25544,0.8241479396820068
25545,0.4289145767688751
25546,0.774152934551239
25547,0.6602243781089783
25548,0.5414109826087952
25549,0.5922231078147888
25550,0.554451048374176
25551,0.33810752630233765
25552,0.5583652853965759
25553,0.19846373796463013
25554,0.7412709593772888
25555,0.44442158937454224
25556,0.15703549981117249
25557,0.2404414713382721
25558,0.3931621313095093
25559,0.42109376192092896
25560,0.5581367611885071
25561,0.2721489667892456
25562,0.4938202500343323
25563,0.33999401330947876
25564,0.21958480775356293
25565,0.48373717069625854
25566,0.8226417899131775
25567,0.5823873281478882
25568,0.41507697105407715
25569,0.5959528088569641
25570,0.5131829977035522
25571,0.5507351756095886
25572,0.41802287101745605
25573,0.3784596621990204
25574,0.559841513633728
25575,0.5484727025032043
25576,0.4748455882072449
25577,0.7892630696296692
25578,0.5618749260902405
25579,0.36823832988739014
25580,0.4392808675765991
25581,0.4839523434638977
25582,0.2831658720970154
25583,0.8354445099830627
25584,0.5218597054481506
25585,0.4622590243816376
25586,0.30231308937072754
25587,0.6870538592338562
25588,0.6764587759971619
25589,0.48232710361480713
25590,0.28168025612831116
25591,0.7094969749450684
25592,0.8168632388114929
25593,0.365789532661438
25594,0.5982224941253662
25595,0.35445743799209595
25596,0.8213727474212646
25597,0.6978231072425842
25598,0.3231438994407654
25599,0.843095600605011
25600,0.526030957698822
25601,0.2940354347229004
25602,0.35358595848083496
25603,0.4170535206794739
25604,0.5798925161361694
25605,0.6966182589530945
25606,0.5362963676452637
25607,0.36312341690063477
25608,0.23656786978244781
25609,0.2403532862663269
25610,0.295268177986145
25611,0.4201854467391968
25612,0.6305446028709412
25613,0.5508149862289429
25614,0.5385710597038269
25615,0.2150147557258606
25616,0.38305383920669556
25617,0.32652825117111206
25618,0.3487362861633301
25619,0.7322663068771362
25620,0.3068763017654419
25621,0.41727620363235474
25622,0.18041914701461792
25623,0.25825706124305725
25624,0.474620521068573
25625,0.7371240854263306
25626,0.4227747321128845
25627,0.3035012483596802
25628,0.42441412806510925
25629,0.7053463459014893
25630,0.5350258946418762
25631,0.41848331689834595
25632,0.4124153256416321
25633,0.5177821516990662
25634,0.4179822504520416
25635,0.4826672077178955
25636,0.5523355603218079
25637,0.5606033205986023
25638,0.19702588021755219
25639,0.54579758644104
25640,0.4872743487358093
25641,0.38284632563591003
25642,0.5876554846763611
25643,0.7581653594970703
25644,0.6122417449951172
25645,0.43540358543395996
25646,0.8326168060302734
25647,0.5073398947715759
25648,0.48436665534973145
25649,0.3528699278831482
25650,0.43291524052619934
25651,0.7309811115264893
25652,0.5848377346992493
25653,0.23622500896453857
25654,0.4770199656486511
25655,0.4402044415473938
25656,0.5579703450202942
25657,0.37461233139038086
25658,0.2202848345041275
25659,0.3465231657028198
25660,0.5120662450790405
25661,0.17754900455474854
25662,0.6518312692642212
25663,0.45248663425445557
25664,0.7754666209220886
25665,0.803630530834198
25666,0.2360408753156662
25667,0.7771544456481934
25668,0.5218039155006409
25669,0.21304035186767578
25670,0.5626682639122009
25671,0.42950674891471863
25672,0.4156374931335449
25673,0.23682785034179688
25674,0.3508443832397461
25675,0.21840927004814148
25676,0.39047080278396606
25677,0.37561285495758057
25678,0.5917872190475464
25679,0.4614151120185852
25680,0.32491353154182434
25681,0.4458186626434326
25682,0.2366216480731964
25683,0.5206477046012878
25684,0.4117962121963501
25685,0.19096776843070984
25686,0.20408523082733154
25687,0.6441874504089355
25688,0.18479207158088684
25689,0.7702632546424866
25690,0.5436896681785583
25691,0.703126847743988
25692,0.342151939868927
25693,0.7121545672416687
25694,0.7705898880958557
25695,0.40443700551986694
25696,0.26152992248535156
25697,0.5282407402992249
25698,0.45079565048217773
25699,0.8345369100570679
25700,0.81759113073349
25701,0.3205488324165344
25702,0.7490275502204895
25703,0.4009607434272766
25704,0.2740648090839386
25705,0.5357022285461426
25706,0.4006844460964203
25707,0.3868866562843323
25708,0.35961997509002686
25709,0.7157960534095764
25710,0.2070920318365097
25711,0.4259174168109894
25712,0.7316820025444031
25713,0.2288995087146759
25714,0.7722232937812805
25715,0.49057430028915405
25716,0.4353339374065399
25717,0.47984814643859863
25718,0.4909459948539734
25719,0.7635090947151184
25720,0.46534955501556396
25721,0.5027474761009216
25722,0.5029020309448242
25723,0.295851469039917
25724,0.23207497596740723
25725,0.6136592030525208
25726,0.4309900104999542
25727,0.567837119102478
25728,0.5562846064567566
25729,0.5097651481628418
25730,0.4868946075439453
25731,0.5650436282157898
25732,0.2150229811668396
25733,0.5770723819732666
25734,0.26167672872543335
25735,0.28934070467948914
25736,0.3051217794418335
25737,0.3723776936531067
25738,0.2613461911678314
25739,0.4048405587673187
25740,0.8410722017288208
25741,0.5884969830513
25742,0.6940410137176514
25743,0.4525236487388611
25744,0.7943958044052124
25745,0.3438701629638672
25746,0.37091460824012756
25747,0.34412604570388794
25748,0.6639778017997742
25749,0.8094634413719177
25750,0.5168866515159607
25751,0.6803889274597168
25752,0.36265361309051514
25753,0.37744632363319397
25754,0.5949508547782898
25755,0.34741830825805664
25756,0.4611697793006897
25757,0.37940752506256104
25758,0.4764050543308258
25759,0.22090573608875275
25760,0.6473096013069153
25761,0.4441722631454468
25762,0.7633678317070007
25763,0.8290953040122986
25764,0.2605370879173279
25765,0.32547420263290405
25766,0.3559097647666931
25767,0.4693145751953125
25768,0.7030016779899597
25769,0.488437294960022
25770,0.7834578156471252
25771,0.40444305539131165
25772,0.3078635036945343
25773,0.24620097875595093
25774,0.44661933183670044
25775,0.2987663745880127
25776,0.7056892514228821
25777,0.688209593296051
25778,0.4512605369091034
25779,0.5031875967979431
25780,0.45728373527526855
25781,0.5303941369056702
25782,0.5187489986419678
25783,0.5996090173721313
25784,0.2944318354129791
25785,0.6587231755256653
25786,0.36097535490989685
25787,0.34986454248428345
25788,0.550258994102478
25789,0.5353170037269592
25790,0.6251634955406189
25791,0.5826062560081482
25792,0.478995680809021
25793,0.3084487020969391
25794,0.5987415313720703
25795,0.24411676824092865
25796,0.7494676113128662
25797,0.81997150182724
25798,0.49931907653808594
25799,0.5061210989952087
25800,0.5766923427581787
25801,0.44218647480010986
25802,0.5400637984275818
25803,0.30265235900878906
25804,0.6484870314598083
25805,0.1397024244070053
25806,0.34301549196243286
25807,0.18295033276081085
25808,0.3412300944328308
25809,0.2536125183105469
25810,0.6645427942276001
25811,0.24577778577804565
25812,0.7949237823486328
25813,0.402913361787796
25814,0.333665132522583
25815,0.4672091007232666
25816,0.5656936764717102
25817,0.5989039540290833
25818,0.6728975176811218
25819,0.39849600195884705
25820,0.7591396570205688
25821,0.5323900580406189
25822,0.28748559951782227
25823,0.5629134774208069
25824,0.4347926080226898
25825,0.2641143202781677
25826,0.7318980693817139
25827,0.41462913155555725
25828,0.5675286650657654
25829,0.5166398286819458
25830,0.5438898205757141
25831,0.3539590537548065
25832,0.7287905812263489
25833,0.18878445029258728
25834,0.3803459405899048
25835,0.5253333449363708
25836,0.7798956036567688
25837,0.5627900958061218
25838,0.47196686267852783
25839,0.33662524819374084
25840,0.5146830081939697
25841,0.3127984404563904
25842,0.41217106580734253
25843,0.19319932162761688
25844,0.41812413930892944
25845,0.686163604259491
25846,0.4219816029071808
25847,0.30565810203552246
25848,0.5437568426132202
25849,0.7197363972663879
25850,0.4283548593521118
25851,0.7555381655693054
25852,0.5598384737968445
25853,0.7699069976806641
25854,0.5078715682029724
25855,0.32881662249565125
25856,0.30229705572128296
25857,0.4484517574310303
25858,0.6314133405685425
25859,0.6699987649917603
25860,0.251556396484375
25861,0.7227699756622314
25862,0.4277656078338623
25863,0.5271270275115967
25864,0.179449200630188
25865,0.3715161979198456
25866,0.3722301125526428
25867,0.30692732334136963
25868,0.6300156712532043
25869,0.6409420967102051
25870,0.6164865493774414
25871,0.5650034546852112
25872,0.509473979473114
25873,0.3829384446144104
25874,0.5135509371757507
25875,0.6900562644004822
25876,0.3580104112625122
25877,0.579152524471283
25878,0.35086116194725037
25879,0.3208070397377014
25880,0.4916185140609741
25881,0.5253627896308899
25882,0.8209661841392517
25883,0.45814868807792664
25884,0.8226768374443054
25885,0.45589256286621094
25886,0.27536022663116455
25887,0.31996819376945496
25888,0.3470813035964966
25889,0.17931532859802246
25890,0.7655311226844788
25891,0.45307791233062744
25892,0.6380825638771057
25893,0.5905710458755493
25894,0.5487715601921082
25895,0.7778395414352417
25896,0.27737540006637573
25897,0.2407752275466919
25898,0.6746630072593689
25899,0.31230443716049194
25900,0.2944038510322571
25901,0.38571053743362427
25902,0.8132416009902954
25903,0.5236101746559143
25904,0.2700374722480774
25905,0.5882839560508728
25906,0.8249334692955017
25907,0.7103826403617859
25908,0.476603239774704
25909,0.4904510974884033
25910,0.3376121520996094
25911,0.36653000116348267
25912,0.3899032473564148
25913,0.5194014310836792
25914,0.5372176766395569
25915,0.5704110264778137
25916,0.3876607418060303
25917,0.42132043838500977
25918,0.4322567880153656
25919,0.5408250093460083
25920,0.6363651156425476
25921,0.6772026419639587
25922,0.4185727834701538
25923,0.34654319286346436
25924,0.41706639528274536
25925,0.3631012439727783
25926,0.5100329518318176
25927,0.3458593487739563
25928,0.18691416084766388
25929,0.5766287446022034
25930,0.38929998874664307
25931,0.30645158886909485
25932,0.7889575958251953
25933,0.5546056628227234
25934,0.22830292582511902
25935,0.3099903464317322
25936,0.7762417197227478
25937,0.38410162925720215
25938,0.7953656911849976
25939,0.30010735988616943
25940,0.507850706577301
25941,0.4457560181617737
25942,0.6190201640129089
25943,0.5008681416511536
25944,0.5241307616233826
25945,0.6255698204040527
25946,0.5523916482925415
25947,0.5730851292610168
25948,0.5186818242073059
25949,0.5076385140419006
25950,0.23324346542358398
25951,0.4723668396472931
25952,0.4815893769264221
25953,0.8307861685752869
25954,0.39735662937164307
25955,0.4701061248779297
25956,0.7172287702560425
25957,0.3895455598831177
25958,0.5390539169311523
25959,0.7885258793830872
25960,0.5772276520729065
25961,0.5623922348022461
25962,0.7920944094657898
25963,0.2069280594587326
25964,0.5911888480186462
25965,0.5009979605674744
25966,0.7162039279937744
25967,0.46208953857421875
25968,0.4064999520778656
25969,0.3100906014442444
25970,0.5469809174537659
25971,0.3753780126571655
25972,0.32281494140625
25973,0.7281742095947266
25974,0.6470475196838379
25975,0.3729889690876007
25976,0.4703918397426605
25977,0.32230144739151
25978,0.39003485441207886
25979,0.2864689826965332
25980,0.5902716517448425
25981,0.5416625142097473
25982,0.16633740067481995
25983,0.368247926235199
25984,0.5214928984642029
25985,0.3775283694267273
25986,0.21207892894744873
25987,0.3117412328720093
25988,0.36359989643096924
25989,0.44495072960853577
25990,0.6258233189582825
25991,0.8026934862136841
25992,0.4008406400680542
25993,0.3199816942214966
25994,0.3720589280128479
25995,0.794341504573822
25996,0.2508610486984253
25997,0.28939974308013916
25998,0.23867905139923096
25999,0.24932366609573364
26000,0.5514739155769348
26001,0.43571150302886963
26002,0.5601902604103088
26003,0.641976535320282
26004,0.34515997767448425
26005,0.4751541018486023
26006,0.7283108234405518
26007,0.40993350744247437
26008,0.27861520648002625
26009,0.5364075899124146
26010,0.3748178482055664
26011,0.46320661902427673
26012,0.690947949886322
26013,0.21062149107456207
26014,0.18506115674972534
26015,0.20387837290763855
26016,0.5492889881134033
26017,0.809127151966095
26018,0.4473932385444641
26019,0.46031486988067627
26020,0.583162784576416
26021,0.5777339935302734
26022,0.40235650539398193
26023,0.7445298433303833
26024,0.7151448726654053
26025,0.22365829348564148
26026,0.2546922564506531
26027,0.5853385925292969
26028,0.4987058639526367
26029,0.42421215772628784
26030,0.7505371570587158
26031,0.4226394295692444
26032,0.23906183242797852
26033,0.32020050287246704
26034,0.403079092502594
26035,0.4326574206352234
26036,0.29432544112205505
26037,0.4183269739151001
26038,0.32136380672454834
26039,0.2613181471824646
26040,0.28749656677246094
26041,0.5744362473487854
26042,0.17523086071014404
26043,0.6011812686920166
26044,0.6441908478736877
26045,0.3742348551750183
26046,0.5585724711418152
26047,0.6441193222999573
26048,0.3877289891242981
26049,0.6549097299575806
26050,0.4009207785129547
26051,0.44031983613967896
26052,0.7587414383888245
26053,0.7454124093055725
26054,0.7144905924797058
26055,0.33976441621780396
26056,0.3116205036640167
26057,0.24900561571121216
26058,0.4955798387527466
26059,0.6920477747917175
26060,0.6969389319419861
26061,0.6813531517982483
26062,0.8445076942443848
26063,0.6469102501869202
26064,0.6784921288490295
26065,0.6292099356651306
26066,0.4987133741378784
26067,0.5844473242759705
26068,0.5084170699119568
26069,0.29464107751846313
26070,0.5259531140327454
26071,0.7589568495750427
26072,0.5548428893089294
26073,0.439445823431015
26074,0.37248891592025757
26075,0.3212539553642273
26076,0.5875349044799805
26077,0.5861140489578247
26078,0.21210408210754395
26079,0.5333859324455261
26080,0.4198586940765381
26081,0.32716095447540283
26082,0.5705005526542664
26083,0.32688355445861816
26084,0.5224729180335999
26085,0.4555889368057251
26086,0.8307092785835266
26087,0.3269195854663849
26088,0.6238382458686829
26089,0.4461355209350586
26090,0.42009252309799194
26091,0.19226351380348206
26092,0.36021292209625244
26093,0.27630650997161865
26094,0.19327764213085175
26095,0.7278271913528442
26096,0.22379247844219208
26097,0.4149022698402405
26098,0.5789459943771362
26099,0.40794503688812256
26100,0.6853957772254944
26101,0.43407589197158813
26102,0.5305007100105286
26103,0.20024490356445312
26104,0.6301608681678772
26105,0.7581959366798401
26106,0.5638274550437927
26107,0.7556030750274658
26108,0.19659964740276337
26109,0.291547954082489
26110,0.4245959520339966
26111,0.53178471326828
26112,0.5007274150848389
26113,0.3050113022327423
26114,0.651394784450531
26115,0.8114959597587585
26116,0.5387733578681946
26117,0.33291566371917725
26118,0.47770893573760986
26119,0.20583128929138184
26120,0.7223353981971741
26121,0.45843958854675293
26122,0.6031718254089355
26123,0.687413215637207
26124,0.6251600384712219
26125,0.27919209003448486
26126,0.28551679849624634
26127,0.4473082423210144
26128,0.5760372281074524
26129,0.4952974021434784
26130,0.3582301735877991
26131,0.15355835855007172
26132,0.20138664543628693
26133,0.6158232092857361
26134,0.8089486360549927
26135,0.5315834879875183
26136,0.16890671849250793
26137,0.3458296060562134
26138,0.7696103453636169
26139,0.512931764125824
26140,0.49122512340545654
26141,0.4123755693435669
26142,0.26473626494407654
26143,0.6131759285926819
26144,0.5996300578117371
26145,0.7000903487205505
26146,0.3026536703109741
26147,0.4783094525337219
26148,0.2804705798625946
26149,0.563278317451477
26150,0.6962399482727051
26151,0.713865339756012
26152,0.5684210658073425
26153,0.6499043107032776
26154,0.8256940245628357
26155,0.3467162847518921
26156,0.7775004506111145
26157,0.6166321635246277
26158,0.33993828296661377
26159,0.6637248396873474
26160,0.3452138304710388
26161,0.20079189538955688
26162,0.3788089156150818
26163,0.7885591387748718
26164,0.543699324131012
26165,0.47066426277160645
26166,0.6265574097633362
26167,0.649096667766571
26168,0.6457121968269348
26169,0.46292752027511597
26170,0.4519732594490051
26171,0.3973200023174286
26172,0.5432546138763428
26173,0.46799027919769287
26174,0.5726459622383118
26175,0.6428987979888916
26176,0.6280342936515808
26177,0.40690964460372925
26178,0.23743782937526703
26179,0.33334600925445557
26180,0.5633851885795593
26181,0.5661970973014832
26182,0.5836002826690674
26183,0.5899491906166077
26184,0.6039534211158752
26185,0.5209646224975586
26186,0.1740240752696991
26187,0.42775553464889526
26188,0.8132495880126953
26189,0.3679404854774475
26190,0.49198591709136963
26191,0.19740556180477142
26192,0.629449188709259
26193,0.2899974286556244
26194,0.5331407785415649
26195,0.2926800847053528
26196,0.4192713499069214
26197,0.7325511574745178
26198,0.3627930283546448
26199,0.4700971841812134
26200,0.6306737661361694
26201,0.21644391119480133
26202,0.823684811592102
26203,0.36021333932876587
26204,0.23377719521522522
26205,0.8153886198997498
26206,0.5833572745323181
26207,0.3323565721511841
26208,0.4905546307563782
26209,0.37890976667404175
26210,0.35053908824920654
26211,0.3921894133090973
26212,0.42979833483695984
26213,0.6811804175376892
26214,0.3429430425167084
26215,0.7368857860565186
26216,0.2354222685098648
26217,0.4285988509654999
26218,0.48438188433647156
26219,0.3050272464752197
26220,0.2828461527824402
26221,0.5672033429145813
26222,0.8095082640647888
26223,0.3293934166431427
26224,0.31172895431518555
26225,0.49712106585502625
26226,0.47955483198165894
26227,0.24694538116455078
26228,0.6914492249488831
26229,0.5997138619422913
26230,0.48616650700569153
26231,0.539491593837738
26232,0.49244192242622375
26233,0.4622876048088074
26234,0.5637289881706238
26235,0.7130993604660034
26236,0.523634672164917
26237,0.5326115489006042
26238,0.21531833708286285
26239,0.2077130526304245
26240,0.6461941003799438
26241,0.18371286988258362
26242,0.512549877166748
26243,0.5918948650360107
26244,0.4820705056190491
26245,0.49817293882369995
26246,0.650795042514801
26247,0.48833179473876953
26248,0.8188720941543579
26249,0.7463139891624451
26250,0.3880420923233032
26251,0.5631038546562195
26252,0.21203704178333282
26253,0.7873899936676025
26254,0.3467596769332886
26255,0.5425289273262024
26256,0.6233649849891663
26257,0.7936555743217468
26258,0.5639289021492004
26259,0.37942975759506226
26260,0.2977731227874756
26261,0.4167230427265167
26262,0.27817559242248535
26263,0.5432459712028503
26264,0.48734354972839355
26265,0.3901751637458801
26266,0.5607553124427795
26267,0.6772902607917786
26268,0.6503124833106995
26269,0.20491370558738708
26270,0.71237713098526
26271,0.8154169321060181
26272,0.18358179926872253
26273,0.648369312286377
26274,0.441969633102417
26275,0.36120304465293884
26276,0.39827102422714233
26277,0.7026976943016052
26278,0.5307665467262268
26279,0.402913898229599
26280,0.2896427810192108
26281,0.8152239918708801
26282,0.4857293367385864
26283,0.23211130499839783
26284,0.5019243955612183
26285,0.3147328495979309
26286,0.41126030683517456
26287,0.2784452736377716
26288,0.3107338547706604
26289,0.5849132537841797
26290,0.5760795474052429
26291,0.7590298056602478
26292,0.32242655754089355
26293,0.2773468494415283
26294,0.5054847598075867
26295,0.40382546186447144
26296,0.2991662621498108
26297,0.5601245760917664
26298,0.578563392162323
26299,0.39157870411872864
26300,0.7819892764091492
26301,0.32944393157958984
26302,0.5606181025505066
26303,0.5089938640594482
26304,0.49363744258880615
26305,0.8278225064277649
26306,0.5112859010696411
26307,0.43747198581695557
26308,0.2802429795265198
26309,0.4801345467567444
26310,0.401560515165329
26311,0.7121989727020264
26312,0.3068501353263855
26313,0.6097808480262756
26314,0.6019545197486877
26315,0.4220072031021118
26316,0.6788429617881775
26317,0.1954437643289566
26318,0.24971461296081543
26319,0.5100099444389343
26320,0.6776317954063416
26321,0.4962928891181946
26322,0.45256704092025757
26323,0.40282464027404785
26324,0.7451863884925842
26325,0.21901634335517883
26326,0.37003979086875916
26327,0.42048099637031555
26328,0.568851888179779
26329,0.24668583273887634
26330,0.516328752040863
26331,0.7276241779327393
26332,0.5681434869766235
26333,0.420632004737854
26334,0.19433674216270447
26335,0.46588006615638733
26336,0.31847190856933594
26337,0.24034303426742554
26338,0.26310110092163086
26339,0.240342378616333
26340,0.288624107837677
26341,0.7829387187957764
26342,0.4048733711242676
26343,0.32408857345581055
26344,0.7595729827880859
26345,0.7854796051979065
26346,0.5302525162696838
26347,0.5273573994636536
26348,0.6341668963432312
26349,0.5164944529533386
26350,0.49671682715415955
26351,0.4074556231498718
26352,0.5062658786773682
26353,0.7832412719726562
26354,0.4366511106491089
26355,0.71688312292099
26356,0.45137232542037964
26357,0.4974837005138397
26358,0.4816268980503082
26359,0.3561169505119324
26360,0.6069702506065369
26361,0.3748914897441864
26362,0.4695965349674225
26363,0.7651675343513489
26364,0.5375460982322693
26365,0.4298804998397827
26366,0.5594813227653503
26367,0.4198995530605316
26368,0.5943259000778198
26369,0.5404996871948242
26370,0.36282292008399963
26371,0.4214876890182495
26372,0.3783525824546814
26373,0.52564936876297
26374,0.7578998804092407
26375,0.5820432305335999
26376,0.4365510642528534
26377,0.18756785988807678
26378,0.5069186687469482
26379,0.27074694633483887
26380,0.445941299200058
26381,0.4942726492881775
26382,0.2637558579444885
26383,0.3841763734817505
26384,0.5164230465888977
26385,0.44356411695480347
26386,0.6738482117652893
26387,0.47753697633743286
26388,0.7728295922279358
26389,0.6181808114051819
26390,0.4026474356651306
26391,0.5673652291297913
26392,0.20528072118759155
26393,0.6842966079711914
26394,0.6833720803260803
26395,0.252053827047348
26396,0.42848843336105347
26397,0.4510825276374817
26398,0.8132396936416626
26399,0.2737680673599243
26400,0.26997923851013184
26401,0.778030514717102
26402,0.7633618712425232
26403,0.6892594695091248
26404,0.22009588778018951
26405,0.4721749424934387
26406,0.72530597448349
26407,0.2890883684158325
26408,0.4568483233451843
26409,0.5188474059104919
26410,0.7561229467391968
26411,0.7537732720375061
26412,0.7301602959632874
26413,0.28851550817489624
26414,0.6112525463104248
26415,0.4686386287212372
26416,0.7603870034217834
26417,0.5368151068687439
26418,0.5181717276573181
26419,0.397541344165802
26420,0.349772572517395
26421,0.622649073600769
26422,0.7254791855812073
26423,0.5638153553009033
26424,0.36263424158096313
26425,0.6114383339881897
26426,0.5202310681343079
26427,0.4320254325866699
26428,0.3969758450984955
26429,0.3626500368118286
26430,0.46306341886520386
26431,0.27744531631469727
26432,0.5378458499908447
26433,0.42171990871429443
26434,0.6010841727256775
26435,0.6672753691673279
26436,0.40355122089385986
26437,0.4460310935974121
26438,0.49929511547088623
26439,0.29453128576278687
26440,0.6967289447784424
26441,0.7462404370307922
26442,0.46814393997192383
26443,0.6373431086540222
26444,0.8197826147079468
26445,0.69578617811203
26446,0.6760738492012024
26447,0.556704044342041
26448,0.6992131471633911
26449,0.36136746406555176
26450,0.6073367595672607
26451,0.5554010272026062
26452,0.7237117290496826
26453,0.37563663721084595
26454,0.46375197172164917
26455,0.2585986852645874
26456,0.5380611419677734
26457,0.3134074807167053
26458,0.597292423248291
26459,0.20713934302330017
26460,0.2947312593460083
26461,0.5107662081718445
26462,0.3390035629272461
26463,0.7613270878791809
26464,0.5319196581840515
26465,0.17497365176677704
26466,0.5147994160652161
26467,0.6870805621147156
26468,0.7656921148300171
26469,0.7342751026153564
26470,0.5016674399375916
26471,0.5134844183921814
26472,0.5493770241737366
26473,0.7043027877807617
26474,0.6548307538032532
26475,0.3741299510002136
26476,0.7650852799415588
26477,0.6042374968528748
26478,0.2845401167869568
26479,0.40249645709991455
26480,0.35071954131126404
26481,0.3931836485862732
26482,0.741299033164978
26483,0.7142910957336426
26484,0.4155271053314209
26485,0.6767480969429016
26486,0.7954047918319702
26487,0.32435762882232666
26488,0.2769904136657715
26489,0.5615879893302917
26490,0.6522811055183411
26491,0.22740517556667328
26492,0.5832386612892151
26493,0.24252840876579285
26494,0.6501419544219971
26495,0.8026064038276672
26496,0.6307465434074402
26497,0.40935802459716797
26498,0.5646254420280457
26499,0.7004688382148743
26500,0.555582582950592
26501,0.4197190999984741
26502,0.4460964798927307
26503,0.7040737867355347
26504,0.614248514175415
26505,0.3423501253128052
26506,0.26503729820251465
26507,0.5027773976325989
26508,0.5165141224861145
26509,0.5240110754966736
26510,0.31374621391296387
26511,0.5146694779396057
26512,0.4433635473251343
26513,0.39004838466644287
26514,0.2825796604156494
26515,0.7658919095993042
26516,0.7941661477088928
26517,0.5532622337341309
26518,0.23789535462856293
26519,0.1701662242412567
26520,0.5167112350463867
26521,0.5062615275382996
26522,0.21813401579856873
26523,0.39582550525665283
26524,0.7290348410606384
26525,0.38891130685806274
26526,0.6984801292419434
26527,0.5273038744926453
26528,0.46616631746292114
26529,0.4881385266780853
26530,0.19367116689682007
26531,0.5258576273918152
26532,0.5707276463508606
26533,0.22716203331947327
26534,0.49794095754623413
26535,0.5829773545265198
26536,0.5747401118278503
26537,0.29837754368782043
26538,0.2970183491706848
26539,0.37695473432540894
26540,0.47030287981033325
26541,0.3138708472251892
26542,0.5449535846710205
26543,0.4421519339084625
26544,0.4741660952568054
26545,0.28635111451148987
26546,0.5204734206199646
26547,0.35770276188850403
26548,0.5340710282325745
26549,0.8384894132614136
26550,0.6095597147941589
26551,0.5437011122703552
26552,0.3520652949810028
26553,0.6602157950401306
26554,0.6751438975334167
26555,0.5434504151344299
26556,0.3112599849700928
26557,0.18674063682556152
26558,0.297663152217865
26559,0.41376638412475586
26560,0.5453223586082458
26561,0.2025487720966339
26562,0.27610301971435547
26563,0.36770063638687134
26564,0.4197428524494171
26565,0.7369215488433838
26566,0.44783636927604675
26567,0.5382506847381592
26568,0.44182562828063965
26569,0.5473689436912537
26570,0.3242933452129364
26571,0.3246605098247528
26572,0.6866552233695984
26573,0.5810324549674988
26574,0.25834161043167114
26575,0.24742601811885834
26576,0.32264137268066406
26577,0.713108241558075
26578,0.7212619185447693
26579,0.24824842810630798
26580,0.7719102501869202
26581,0.4905698299407959
26582,0.5709653496742249
26583,0.8192762136459351
26584,0.46648818254470825
26585,0.8033470511436462
26586,0.3056183457374573
26587,0.4926009774208069
26588,0.5010356307029724
26589,0.36899691820144653
26590,0.442914217710495
26591,0.32866621017456055
26592,0.2752261757850647
26593,0.3072856068611145
26594,0.5623076558113098
26595,0.41872072219848633
26596,0.21217221021652222
26597,0.726889431476593
26598,0.7165178060531616
26599,0.17370614409446716
26600,0.4437726140022278
26601,0.309568852186203
26602,0.6699111461639404
26603,0.13147133588790894
26604,0.20111151039600372
26605,0.6693137288093567
26606,0.19278055429458618
26607,0.6051068305969238
26608,0.6861563324928284
26609,0.8417701721191406
26610,0.7291852235794067
26611,0.37755727767944336
26612,0.7305868268013
26613,0.29899293184280396
26614,0.19602742791175842
26615,0.3364006280899048
26616,0.3537555932998657
26617,0.8138266801834106
26618,0.49122655391693115
26619,0.23442333936691284
26620,0.30917176604270935
26621,0.21602916717529297
26622,0.6897719502449036
26623,0.21190975606441498
26624,0.5938461422920227
26625,0.5324176549911499
26626,0.40098661184310913
26627,0.839303731918335
26628,0.7613219618797302
26629,0.3848611116409302
26630,0.481864869594574
26631,0.2947675585746765
26632,0.8218249082565308
26633,0.517673671245575
26634,0.35635000467300415
26635,0.3546534776687622
26636,0.5239077210426331
26637,0.7941706776618958
26638,0.44235432147979736
26639,0.6075790524482727
26640,0.7792789936065674
26641,0.692249596118927
26642,0.5804421305656433
26643,0.6860349178314209
26644,0.5100281834602356
26645,0.4771665334701538
26646,0.7789762616157532
26647,0.39903831481933594
26648,0.3335060179233551
26649,0.7120833396911621
26650,0.691840648651123
26651,0.542063295841217
26652,0.387256920337677
26653,0.518622100353241
26654,0.35610878467559814
26655,0.5940249562263489
26656,0.34524476528167725
26657,0.2691180109977722
26658,0.41474485397338867
26659,0.7420691847801208
26660,0.5509275794029236
26661,0.5742236971855164
26662,0.48201096057891846
26663,0.49588581919670105
26664,0.7010266184806824
26665,0.5173162817955017
26666,0.26062631607055664
26667,0.3243612051010132
26668,0.780849277973175
26669,0.29299044609069824
26670,0.6056804060935974
26671,0.5766032338142395
26672,0.546586811542511
26673,0.5462104678153992
26674,0.7260515093803406
26675,0.23720683157444
26676,0.45474758744239807
26677,0.2936161756515503
26678,0.6602700352668762
26679,0.3047328293323517
26680,0.3944777250289917
26681,0.269336462020874
26682,0.40950533747673035
26683,0.6406517624855042
26684,0.3814290165901184
26685,0.8397892713546753
26686,0.7799672484397888
26687,0.45661652088165283
26688,0.494122177362442
26689,0.7636491060256958
26690,0.7686826586723328
26691,0.6622843742370605
26692,0.4308432936668396
26693,0.7917020320892334
26694,0.7485089898109436
26695,0.23978352546691895
26696,0.23582494258880615
26697,0.6233323216438293
26698,0.3294459283351898
26699,0.7231166958808899
26700,0.31271302700042725
26701,0.2661275267601013
26702,0.6833816766738892
26703,0.5869942307472229
26704,0.36866137385368347
26705,0.4290226399898529
26706,0.2318648099899292
26707,0.2942054867744446
26708,0.29621443152427673
26709,0.4258991777896881
26710,0.411637544631958
26711,0.3966347575187683
26712,0.5868456959724426
26713,0.6959003210067749
26714,0.3840934634208679
26715,0.4098477363586426
26716,0.6215518712997437
26717,0.5320581793785095
26718,0.41708987951278687
26719,0.6433663964271545
26720,0.3042636513710022
26721,0.4472426474094391
26722,0.5384671092033386
26723,0.20238350331783295
26724,0.6798394322395325
26725,0.5308451056480408
26726,0.7071359157562256
26727,0.5689782500267029
26728,0.33502620458602905
26729,0.28819388151168823
26730,0.42587387561798096
26731,0.5309588313102722
26732,0.6103925108909607
26733,0.32202020287513733
26734,0.5714492201805115
26735,0.33550915122032166
26736,0.5653116106987
26737,0.328040212392807
26738,0.3968380391597748
26739,0.6874388456344604
26740,0.3634319603443146
26741,0.42533057928085327
26742,0.508039653301239
26743,0.7204270958900452
26744,0.41064727306365967
26745,0.20338501036167145
26746,0.6796505451202393
26747,0.4007861614227295
26748,0.6003660559654236
26749,0.5872750878334045
26750,0.4338655471801758
26751,0.6492745280265808
26752,0.4851401746273041
26753,0.7772528529167175
26754,0.48269814252853394
26755,0.2146226167678833
26756,0.7168962359428406
26757,0.4043910801410675
26758,0.33761048316955566
26759,0.3308008313179016
26760,0.5300456285476685
26761,0.5613389611244202
26762,0.31993746757507324
26763,0.43395110964775085
26764,0.2490428388118744
26765,0.7000015377998352
26766,0.22408519685268402
26767,0.4164859652519226
26768,0.289974182844162
26769,0.7156791687011719
26770,0.17766818404197693
26771,0.5136039853096008
26772,0.7676214575767517
26773,0.43649667501449585
26774,0.7908033728599548
26775,0.555407702922821
26776,0.47141000628471375
26777,0.7547280192375183
26778,0.22650966048240662
26779,0.4500182867050171
26780,0.7292441725730896
26781,0.38233092427253723
26782,0.6374750137329102
26783,0.4904681444168091
26784,0.5498796701431274
26785,0.6920130848884583
26786,0.5410546660423279
26787,0.7801584005355835
26788,0.8071046471595764
26789,0.29655560851097107
26790,0.5420517325401306
26791,0.27267634868621826
26792,0.18906241655349731
26793,0.3610333502292633
26794,0.19797936081886292
26795,0.39900800585746765
26796,0.21647793054580688
26797,0.5900394320487976
26798,0.6672313809394836
26799,0.7149084806442261
26800,0.4334648549556732
26801,0.6723527312278748
26802,0.5244209170341492
26803,0.7645612955093384
26804,0.6207135319709778
26805,0.44703409075737
26806,0.7844159603118896
26807,0.5416305065155029
26808,0.5383821129798889
26809,0.47577908635139465
26810,0.44615358114242554
26811,0.7560452818870544
26812,0.5228085517883301
26813,0.7579640746116638
26814,0.46544742584228516
26815,0.2709156274795532
26816,0.8310168981552124
26817,0.5346197485923767
26818,0.3878938555717468
26819,0.32404816150665283
26820,0.27994808554649353
26821,0.5509673953056335
26822,0.5058878660202026
26823,0.5677829384803772
26824,0.28943920135498047
26825,0.6004881262779236
26826,0.37915223836898804
26827,0.1861259490251541
26828,0.2767273187637329
26829,0.1751950979232788
26830,0.45041489601135254
26831,0.29523998498916626
26832,0.6115246415138245
26833,0.7424314618110657
26834,0.8141204714775085
26835,0.6764159798622131
26836,0.8301555514335632
26837,0.41923362016677856
26838,0.5590986013412476
26839,0.8213546872138977
26840,0.6876365542411804
26841,0.5567079186439514
26842,0.3033481240272522
26843,0.6635043025016785
26844,0.5427641272544861
26845,0.2539050579071045
26846,0.3112756013870239
26847,0.44637900590896606
26848,0.5980755686759949
26849,0.4566580653190613
26850,0.4141208529472351
26851,0.5645630955696106
26852,0.6510767936706543
26853,0.20023414492607117
26854,0.41101741790771484
26855,0.6442142724990845
26856,0.7943707704544067
26857,0.4501453936100006
26858,0.7853108048439026
26859,0.7246910929679871
26860,0.5747584700584412
26861,0.18518103659152985
26862,0.6012334227561951
26863,0.5578100085258484
26864,0.5116497874259949
26865,0.37478119134902954
26866,0.6580846309661865
26867,0.5346863865852356
26868,0.3081958293914795
26869,0.5295857787132263
26870,0.33550846576690674
26871,0.8124791979789734
26872,0.46148642897605896
26873,0.6009507775306702
26874,0.3594951629638672
26875,0.6371628642082214
26876,0.6906665563583374
26877,0.5398179888725281
26878,0.8304329514503479
26879,0.4359723925590515
26880,0.7960498929023743
26881,0.415318101644516
26882,0.5624837279319763
26883,0.4153568744659424
26884,0.6037366390228271
26885,0.4340129494667053
26886,0.7481349110603333
26887,0.371238648891449
26888,0.520104169845581
26889,0.4679356813430786
26890,0.27365750074386597
26891,0.38097691535949707
26892,0.2760492265224457
26893,0.28213682770729065
26894,0.46757400035858154
26895,0.2950010299682617
26896,0.5134902596473694
26897,0.325062096118927
26898,0.5872476100921631
26899,0.6846876740455627
26900,0.2653641700744629
26901,0.5423541069030762
26902,0.6907586455345154
26903,0.2760728895664215
26904,0.4331495463848114
26905,0.24756520986557007
26906,0.5532072186470032
26907,0.8359256982803345
26908,0.4790438413619995
26909,0.4562375545501709
26910,0.5686731934547424
26911,0.808398962020874
26912,0.43912217020988464
26913,0.532217800617218
26914,0.7500138878822327
26915,0.31004345417022705
26916,0.24825842678546906
26917,0.37707018852233887
26918,0.5763818025588989
26919,0.27419739961624146
26920,0.7544878125190735
26921,0.5417500734329224
26922,0.33028852939605713
26923,0.6634729504585266
26924,0.4798339009284973
26925,0.5882415175437927
26926,0.17050231993198395
26927,0.5848079919815063
26928,0.6721057295799255
26929,0.5754224061965942
26930,0.43889760971069336
26931,0.5648751854896545
26932,0.20263433456420898
26933,0.3644980192184448
26934,0.43417781591415405
26935,0.7362949252128601
26936,0.746306836605072
26937,0.519119143486023
26938,0.5927229523658752
26939,0.4521702826023102
26940,0.5826825499534607
26941,0.506087064743042
26942,0.6972911357879639
26943,0.752549409866333
26944,0.23612292110919952
26945,0.7700785994529724
26946,0.33642297983169556
26947,0.4985485076904297
26948,0.46387672424316406
26949,0.3239785432815552
26950,0.3952649235725403
26951,0.25202876329421997
26952,0.5395041704177856
26953,0.15701910853385925
26954,0.47865229845046997
26955,0.5586223006248474
26956,0.6732406616210938
26957,0.34672456979751587
26958,0.727191150188446
26959,0.4440388083457947
26960,0.5170326828956604
26961,0.7331281304359436
26962,0.4503438472747803
26963,0.7372762560844421
26964,0.6377968788146973
26965,0.6319720149040222
26966,0.4446313977241516
26967,0.6808818578720093
26968,0.5828935503959656
26969,0.31210222840309143
26970,0.7058613300323486
26971,0.7427363991737366
26972,0.42286819219589233
26973,0.8292174935340881
26974,0.5246174931526184
26975,0.28592273592948914
26976,0.6473788619041443
26977,0.4299668073654175
26978,0.6682038307189941
26979,0.8257865309715271
26980,0.27027201652526855
26981,0.4082055687904358
26982,0.23955363035202026
26983,0.49696192145347595
26984,0.3516293168067932
26985,0.6236457228660583
26986,0.7858355045318604
26987,0.5032029151916504
26988,0.19181084632873535
26989,0.42187079787254333
26990,0.24582265317440033
26991,0.7780342698097229
26992,0.6545706987380981
26993,0.5600825548171997
26994,0.46341586112976074
26995,0.4803887903690338
26996,0.18042874336242676
26997,0.48766446113586426
26998,0.5744469165802002
26999,0.6950529217720032
27000,0.2643585503101349
27001,0.5491488575935364
27002,0.42744553089141846
27003,0.20927953720092773
27004,0.5493889451026917
27005,0.46257221698760986
27006,0.21637466549873352
27007,0.39766421914100647
27008,0.7125583291053772
27009,0.5329092144966125
27010,0.49672457575798035
27011,0.719346284866333
27012,0.6541337966918945
27013,0.33558812737464905
27014,0.2997077703475952
27015,0.5585585236549377
27016,0.8051819205284119
27017,0.33303162455558777
27018,0.20647981762886047
27019,0.5953356623649597
27020,0.5332252979278564
27021,0.703467071056366
27022,0.7073569297790527
27023,0.6036803126335144
27024,0.23013335466384888
27025,0.4652392566204071
27026,0.3701455593109131
27027,0.6894208788871765
27028,0.5643063187599182
27029,0.21013319492340088
27030,0.18216335773468018
27031,0.39292776584625244
27032,0.6154596209526062
27033,0.3420323133468628
27034,0.834050714969635
27035,0.7522699236869812
27036,0.618962824344635
27037,0.5539101958274841
27038,0.7248937487602234
27039,0.3788023591041565
27040,0.7143182158470154
27041,0.36459511518478394
27042,0.22009378671646118
27043,0.4089955985546112
27044,0.4836077094078064
27045,0.5237051844596863
27046,0.18553279340267181
27047,0.6666166186332703
27048,0.35303544998168945
27049,0.4821341037750244
27050,0.5707071423530579
27051,0.3006995916366577
27052,0.42259740829467773
27053,0.7366260290145874
27054,0.7136368751525879
27055,0.32146650552749634
27056,0.5944424271583557
27057,0.3799128830432892
27058,0.24765527248382568
27059,0.5603939890861511
27060,0.1891223043203354
27061,0.25349554419517517
27062,0.7163428664207458
27063,0.46141958236694336
27064,0.2122032642364502
27065,0.47664767503738403
27066,0.23470142483711243
27067,0.8203786015510559
27068,0.2729586660861969
27069,0.4781652092933655
27070,0.5356946587562561
27071,0.5673496723175049
27072,0.7796342968940735
27073,0.2889631986618042
27074,0.450930655002594
27075,0.5668236613273621
27076,0.7530244588851929
27077,0.5328138470649719
27078,0.3302706778049469
27079,0.19861729443073273
27080,0.4872111678123474
27081,0.8279464244842529
27082,0.8262009024620056
27083,0.6064144968986511
27084,0.46577322483062744
27085,0.2952994108200073
27086,0.5111718773841858
27087,0.3290993571281433
27088,0.31634312868118286
27089,0.4702615439891815
27090,0.6683609485626221
27091,0.7675284743309021
27092,0.25353819131851196
27093,0.46288084983825684
27094,0.41954272985458374
27095,0.5246165990829468
27096,0.5038413405418396
27097,0.3248765468597412
27098,0.4246952533721924
27099,0.46121248602867126
27100,0.3825605511665344
27101,0.7015926241874695
27102,0.6099317073822021
27103,0.3836609721183777
27104,0.530156672000885
27105,0.23645749688148499
27106,0.23845252394676208
27107,0.23694489896297455
27108,0.1685883104801178
27109,0.513625979423523
27110,0.3479452133178711
27111,0.5084221959114075
27112,0.3190602660179138
27113,0.7657712697982788
27114,0.5427691340446472
27115,0.6229817271232605
27116,0.7000574469566345
27117,0.5513823628425598
27118,0.429973304271698
27119,0.6963478326797485
27120,0.39983201026916504
27121,0.3793010115623474
27122,0.39706629514694214
27123,0.462995320558548
27124,0.6284037232398987
27125,0.4174765944480896
27126,0.38315385580062866
27127,0.7225104570388794
27128,0.5530551075935364
27129,0.6062982678413391
27130,0.3454963266849518
27131,0.3937647342681885
27132,0.3610154688358307
27133,0.5373186469078064
27134,0.570471465587616
27135,0.4240206182003021
27136,0.5031989216804504
27137,0.354428231716156
27138,0.5541594624519348
27139,0.5585295557975769
27140,0.2872496247291565
27141,0.49112069606781006
27142,0.45384007692337036
27143,0.5681309700012207
27144,0.7398967146873474
27145,0.49871107935905457
27146,0.5569620728492737
27147,0.7056381106376648
27148,0.18154999613761902
27149,0.8152762055397034
27150,0.37262797355651855
27151,0.4910423755645752
27152,0.2652040719985962
27153,0.769547700881958
27154,0.4732280373573303
27155,0.34581270813941956
27156,0.5241792798042297
27157,0.6798719763755798
27158,0.2806316614151001
27159,0.5046389698982239
27160,0.6950592398643494
27161,0.3591766059398651
27162,0.30275097489356995
27163,0.6077348589897156
27164,0.2650453448295593
27165,0.824632465839386
27166,0.6620891690254211
27167,0.735235869884491
27168,0.41028672456741333
27169,0.35237395763397217
27170,0.612829864025116
27171,0.5420112609863281
27172,0.41270291805267334
27173,0.42904800176620483
27174,0.48633283376693726
27175,0.7307190895080566
27176,0.5660108923912048
27177,0.5107696652412415
27178,0.2663729190826416
27179,0.680126428604126
27180,0.24337707459926605
27181,0.34193241596221924
27182,0.4261590540409088
27183,0.5279987454414368
27184,0.5924004912376404
27185,0.27735239267349243
27186,0.38403409719467163
27187,0.6877378821372986
27188,0.29379895329475403
27189,0.705297589302063
27190,0.38050752878189087
27191,0.2832145690917969
27192,0.34093526005744934
27193,0.46277523040771484
27194,0.662930965423584
27195,0.3819549083709717
27196,0.6245394349098206
27197,0.520659327507019
27198,0.542725145816803
27199,0.3362942337989807
27200,0.4605114758014679
27201,0.3467297852039337
27202,0.7650133371353149
27203,0.3876020610332489
27204,0.5321260094642639
27205,0.6568232178688049
27206,0.3976627588272095
27207,0.5084925889968872
27208,0.4503591060638428
27209,0.6343703866004944
27210,0.48351743817329407
27211,0.5628392696380615
27212,0.7127803564071655
27213,0.7118872404098511
27214,0.5439179539680481
27215,0.3431050479412079
27216,0.231569305062294
27217,0.36836642026901245
27218,0.49335333704948425
27219,0.5103059411048889
27220,0.7106159329414368
27221,0.812468945980072
27222,0.25476986169815063
27223,0.1848372220993042
27224,0.42488664388656616
27225,0.2723371088504791
27226,0.71952223777771
27227,0.24365170300006866
27228,0.564163327217102
27229,0.5557166934013367
27230,0.6962065100669861
27231,0.6074735522270203
27232,0.3507874011993408
27233,0.7175427079200745
27234,0.3472067713737488
27235,0.7939155101776123
27236,0.3179161548614502
27237,0.4336843490600586
27238,0.7771042585372925
27239,0.619455873966217
27240,0.8143061399459839
27241,0.689781904220581
27242,0.3185029625892639
27243,0.6462322473526001
27244,0.1961105316877365
27245,0.6081307530403137
27246,0.4063032269477844
27247,0.482805073261261
27248,0.7943601608276367
27249,0.4982771873474121
27250,0.19828633964061737
27251,0.27641868591308594
27252,0.45074599981307983
27253,0.28695011138916016
27254,0.4319462776184082
27255,0.24725767970085144
27256,0.6282104849815369
27257,0.5504764318466187
27258,0.6179913282394409
27259,0.5190527439117432
27260,0.3526619076728821
27261,0.6243126392364502
27262,0.282049298286438
27263,0.5971429944038391
27264,0.508111298084259
27265,0.8085225224494934
27266,0.4389408230781555
27267,0.7203170657157898
27268,0.5542643666267395
27269,0.256580650806427
27270,0.32183516025543213
27271,0.38741785287857056
27272,0.48556607961654663
27273,0.45480281114578247
27274,0.30664554238319397
27275,0.32787758111953735
27276,0.7602367401123047
27277,0.6572802662849426
27278,0.5021228790283203
27279,0.5932086110115051
27280,0.6924521327018738
27281,0.37543126940727234
27282,0.5062651038169861
27283,0.7215479016304016
27284,0.681044340133667
27285,0.3749282956123352
27286,0.3776713013648987
27287,0.42273473739624023
27288,0.5444638133049011
27289,0.7343827486038208
27290,0.4632241725921631
27291,0.597021758556366
27292,0.8214662671089172
27293,0.6088883280754089
27294,0.24071043729782104
27295,0.6339824795722961
27296,0.24053727090358734
27297,0.41908901929855347
27298,0.33584779500961304
27299,0.22531630098819733
27300,0.756966233253479
27301,0.5434385538101196
27302,0.5993489623069763
27303,0.40336716175079346
27304,0.29536622762680054
27305,0.7563003897666931
27306,0.46470409631729126
27307,0.4947853684425354
27308,0.1975851058959961
27309,0.22302037477493286
27310,0.471468448638916
27311,0.49706459045410156
27312,0.6604476571083069
27313,0.7330626845359802
27314,0.5221965909004211
27315,0.26090672612190247
27316,0.806227445602417
27317,0.6381952166557312
27318,0.5573366284370422
27319,0.3464270830154419
27320,0.6575309038162231
27321,0.4080185890197754
27322,0.44863826036453247
27323,0.6883683204650879
27324,0.7168977856636047
27325,0.5822349190711975
27326,0.55318284034729
27327,0.18747928738594055
27328,0.4554758667945862
27329,0.3364788889884949
27330,0.4913330078125
27331,0.4334431290626526
27332,0.3909168839454651
27333,0.407939076423645
27334,0.4244764447212219
27335,0.6562773585319519
27336,0.652275562286377
27337,0.7998722195625305
27338,0.5553497672080994
27339,0.1718442589044571
27340,0.6164426207542419
27341,0.623565673828125
27342,0.2416970580816269
27343,0.46631160378456116
27344,0.6082659363746643
27345,0.48142433166503906
27346,0.2659919261932373
27347,0.25055205821990967
27348,0.26188331842422485
27349,0.5084277391433716
27350,0.44709742069244385
27351,0.6667748093605042
27352,0.47964078187942505
27353,0.19738225638866425
27354,0.362319678068161
27355,0.7937575578689575
27356,0.7045620679855347
27357,0.4968406856060028
27358,0.4980542063713074
27359,0.522473156452179
27360,0.33217495679855347
27361,0.3598088026046753
27362,0.8225250840187073
27363,0.5790228247642517
27364,0.19606806337833405
27365,0.38166069984436035
27366,0.4514557123184204
27367,0.32679736614227295
27368,0.4088391661643982
27369,0.8098556399345398
27370,0.8376566767692566
27371,0.4862842857837677
27372,0.17376409471035004
27373,0.362845242023468
27374,0.7657634019851685
27375,0.49827706813812256
27376,0.6573912501335144
27377,0.8144749999046326
27378,0.5248452425003052
27379,0.33515989780426025
27380,0.2642870247364044
27381,0.6917086839675903
27382,0.23867613077163696
27383,0.40952372550964355
27384,0.5460371375083923
27385,0.8255310654640198
27386,0.42780953645706177
27387,0.3970504403114319
27388,0.6938588619232178
27389,0.32060176134109497
27390,0.3874920606613159
27391,0.3140076994895935
27392,0.5818620324134827
27393,0.7900131940841675
27394,0.6052618622779846
27395,0.32479387521743774
27396,0.33439961075782776
27397,0.5923276543617249
27398,0.6433393955230713
27399,0.4009297490119934
27400,0.28039583563804626
27401,0.7736383676528931
27402,0.6993405222892761
27403,0.5404323935508728
27404,0.19368791580200195
27405,0.24135032296180725
27406,0.3466002345085144
27407,0.33031800389289856
27408,0.6538376212120056
27409,0.7908613681793213
27410,0.368516206741333
27411,0.7309331297874451
27412,0.5038203597068787
27413,0.32149428129196167
27414,0.38475313782691956
27415,0.7459788918495178
27416,0.7326763868331909
27417,0.22485823929309845
27418,0.4700607359409332
27419,0.3201329708099365
27420,0.5154969096183777
27421,0.38060101866722107
27422,0.4448959231376648
27423,0.3780127465724945
27424,0.35908186435699463
27425,0.42762327194213867
27426,0.5356605648994446
27427,0.4272209703922272
27428,0.4298957586288452
27429,0.2700183093547821
27430,0.29157906770706177
27431,0.7363805770874023
27432,0.3187313675880432
27433,0.3072071373462677
27434,0.41650742292404175
27435,0.48768025636672974
27436,0.3245464265346527
27437,0.6005907654762268
27438,0.23636659979820251
27439,0.30398744344711304
27440,0.553321897983551
27441,0.47428151965141296
27442,0.703711986541748
27443,0.566571056842804
27444,0.6923487186431885
27445,0.5531429052352905
27446,0.19113294780254364
27447,0.44646286964416504
27448,0.45234304666519165
27449,0.39603981375694275
27450,0.24613656103610992
27451,0.6781582236289978
27452,0.2086278200149536
27453,0.29050788283348083
27454,0.8190825581550598
27455,0.8082566857337952
27456,0.5049363374710083
27457,0.4673907160758972
27458,0.8419284224510193
27459,0.720567524433136
27460,0.5879897475242615
27461,0.3987063765525818
27462,0.8105037212371826
27463,0.7216687798500061
27464,0.523049533367157
27465,0.8035523295402527
27466,0.5659227967262268
27467,0.758625864982605
27468,0.2872167229652405
27469,0.452655166387558
27470,0.46704888343811035
27471,0.3560370206832886
27472,0.6805975437164307
27473,0.2775614857673645
27474,0.420569509267807
27475,0.3591146767139435
27476,0.5344445109367371
27477,0.5844749212265015
27478,0.38843220472335815
27479,0.6339631080627441
27480,0.8344367146492004
27481,0.3318997323513031
27482,0.8061738610267639
27483,0.6913489103317261
27484,0.5218022465705872
27485,0.3729742765426636
27486,0.599926769733429
27487,0.5737292766571045
27488,0.31307971477508545
27489,0.779427707195282
27490,0.5113416910171509
27491,0.5540837645530701
27492,0.5254377722740173
27493,0.8120656609535217
27494,0.6216157078742981
27495,0.5344039797782898
27496,0.5494707226753235
27497,0.6745663285255432
27498,0.7727956175804138
27499,0.2629286050796509
27500,0.463027685880661
27501,0.6321316957473755
27502,0.3757316768169403
27503,0.3564760386943817
27504,0.3431272506713867
27505,0.5216912627220154
27506,0.8024322986602783
27507,0.29720190167427063
27508,0.6026667952537537
27509,0.7149139046669006
27510,0.7070700526237488
27511,0.5056933760643005
27512,0.5599710941314697
27513,0.4833846986293793
27514,0.8305965065956116
27515,0.6560310125350952
27516,0.5111646056175232
27517,0.8307605385780334
27518,0.8073169589042664
27519,0.5925948619842529
27520,0.4152866005897522
27521,0.49409186840057373
27522,0.6061881184577942
27523,0.7142751812934875
27524,0.5233660340309143
27525,0.4773218035697937
27526,0.36995089054107666
27527,0.4834672212600708
27528,0.2824088931083679
27529,0.3234707713127136
27530,0.39972198009490967
27531,0.3356929421424866
27532,0.7215794920921326
27533,0.49540218710899353
27534,0.2545976936817169
27535,0.29886776208877563
27536,0.48383966088294983
27537,0.5007525086402893
27538,0.22230744361877441
27539,0.4598411023616791
27540,0.2797290086746216
27541,0.37755346298217773
27542,0.41405433416366577
27543,0.5482133030891418
27544,0.36044842004776
27545,0.5938358902931213
27546,0.29836007952690125
27547,0.5813004374504089
27548,0.4905681312084198
27549,0.6467655301094055
27550,0.5792214274406433
27551,0.4761655032634735
27552,0.5063802003860474
27553,0.40004444122314453
27554,0.26408809423446655
27555,0.5743342041969299
27556,0.495014488697052
27557,0.4309142231941223
27558,0.21426597237586975
27559,0.6552098989486694
27560,0.27453604340553284
27561,0.5273563861846924
27562,0.49757301807403564
27563,0.7563413381576538
27564,0.7992567420005798
27565,0.4219181537628174
27566,0.33327269554138184
27567,0.3355090618133545
27568,0.4355970621109009
27569,0.34743279218673706
27570,0.5873156189918518
27571,0.22337734699249268
27572,0.6780038475990295
27573,0.24551525712013245
27574,0.39060452580451965
27575,0.2129395455121994
27576,0.590151309967041
27577,0.5515690445899963
27578,0.4670611321926117
27579,0.2490696907043457
27580,0.1495373249053955
27581,0.30894994735717773
27582,0.8477821350097656
27583,0.7651492357254028
27584,0.22430412471294403
27585,0.49661073088645935
27586,0.22608309984207153
27587,0.5924142003059387
27588,0.4517247676849365
27589,0.4458691477775574
27590,0.6303585171699524
27591,0.4962784945964813
27592,0.43896132707595825
27593,0.49176913499832153
27594,0.6795300841331482
27595,0.7015384435653687
27596,0.5931171774864197
27597,0.634610116481781
27598,0.25456702709198
27599,0.2644350230693817
27600,0.8105881810188293
27601,0.7909747362136841
27602,0.7233487367630005
27603,0.5906429886817932
27604,0.5413175225257874
27605,0.6264718770980835
27606,0.21931570768356323
27607,0.7359825372695923
27608,0.22183354198932648
27609,0.23567087948322296
27610,0.6577963829040527
27611,0.3653365671634674
27612,0.6601007580757141
27613,0.5167462229728699
27614,0.5356457233428955
27615,0.45768773555755615
27616,0.4158441722393036
27617,0.4496455788612366
27618,0.39399492740631104
27619,0.5822781324386597
27620,0.4706471562385559
27621,0.6502045392990112
27622,0.8013408184051514
27623,0.8346484303474426
27624,0.3929906487464905
27625,0.3729431629180908
27626,0.19346044957637787
27627,0.510952889919281
27628,0.4531744122505188
27629,0.3310314118862152
27630,0.1645854115486145
27631,0.5545091032981873
27632,0.5288044214248657
27633,0.4070650339126587
27634,0.22593754529953003
27635,0.8089665174484253
27636,0.22712576389312744
27637,0.6014353632926941
27638,0.7287282943725586
27639,0.684989869594574
27640,0.6293535828590393
27641,0.40618279576301575
27642,0.5550099015235901
27643,0.5065116286277771
27644,0.739871084690094
27645,0.7808931469917297
27646,0.4974273443222046
27647,0.44897064566612244
27648,0.6364563703536987
27649,0.32177454233169556
27650,0.63726407289505
27651,0.4116555154323578
27652,0.2964930236339569
27653,0.48039495944976807
27654,0.4203248620033264
27655,0.3330365717411041
27656,0.5523539185523987
27657,0.605980634689331
27658,0.39990678429603577
27659,0.678665280342102
27660,0.42276543378829956
27661,0.7690920233726501
27662,0.25966009497642517
27663,0.7505338788032532
27664,0.7474122047424316
27665,0.5489798784255981
27666,0.7679895162582397
27667,0.5073561072349548
27668,0.45353955030441284
27669,0.3621659576892853
27670,0.5808485150337219
27671,0.4009239077568054
27672,0.7170597314834595
27673,0.7538850903511047
27674,0.7757991552352905
27675,0.42610040307044983
27676,0.7988587617874146
27677,0.7441271543502808
27678,0.3042089343070984
27679,0.4582597017288208
27680,0.4532349109649658
27681,0.20685280859470367
27682,0.7185211777687073
27683,0.524705171585083
27684,0.6090131402015686
27685,0.26727786660194397
27686,0.3804619312286377
27687,0.5074439644813538
27688,0.5522319078445435
27689,0.6982258558273315
27690,0.7364303469657898
27691,0.4685536026954651
27692,0.2922191321849823
27693,0.44979843497276306
27694,0.6198939681053162
27695,0.7623849511146545
27696,0.710119903087616
27697,0.6976727843284607
27698,0.41640275716781616
27699,0.5117846131324768
27700,0.5790661573410034
27701,0.6654731631278992
27702,0.6240041255950928
27703,0.6983538269996643
27704,0.33647215366363525
27705,0.3719012439250946
27706,0.46560513973236084
27707,0.818229615688324
27708,0.2984094023704529
27709,0.6851370930671692
27710,0.7410240769386292
27711,0.6472612023353577
27712,0.37058115005493164
27713,0.5241616368293762
27714,0.6394937634468079
27715,0.4595358967781067
27716,0.46189239621162415
27717,0.7481207251548767
27718,0.35518571734428406
27719,0.4966413378715515
27720,0.7427738308906555
27721,0.23150451481342316
27722,0.5675562620162964
27723,0.29936087131500244
27724,0.4167240560054779
27725,0.7989991903305054
27726,0.5776210427284241
27727,0.6773857474327087
27728,0.4514632821083069
27729,0.5306848883628845
27730,0.7534189224243164
27731,0.48288753628730774
27732,0.71343994140625
27733,0.21671763062477112
27734,0.7285717129707336
27735,0.5269613265991211
27736,0.3617161512374878
27737,0.5309463143348694
27738,0.6591199040412903
27739,0.7017415165901184
27740,0.5613273978233337
27741,0.395854115486145
27742,0.22544753551483154
27743,0.5450281500816345
27744,0.4182071089744568
27745,0.29869556427001953
27746,0.2669758200645447
27747,0.6955888867378235
27748,0.5825273990631104
27749,0.45267748832702637
27750,0.3679816722869873
27751,0.45252305269241333
27752,0.3658934235572815
27753,0.32591357827186584
27754,0.8068021535873413
27755,0.6675732731819153
27756,0.5115267634391785
27757,0.729473888874054
27758,0.4059462249279022
27759,0.4828678369522095
27760,0.31354862451553345
27761,0.8233334422111511
27762,0.37861090898513794
27763,0.42698967456817627
27764,0.34416961669921875
27765,0.4414956867694855
27766,0.42022693157196045
27767,0.4376841187477112
27768,0.5480578541755676
27769,0.2404811531305313
27770,0.8045327663421631
27771,0.5683393478393555
27772,0.24016599357128143
27773,0.2493029534816742
27774,0.5467370748519897
27775,0.4763936400413513
27776,0.24546509981155396
27777,0.24541327357292175
27778,0.7361879944801331
27779,0.3865467309951782
27780,0.6379997730255127
27781,0.37339797616004944
27782,0.3619881868362427
27783,0.594970166683197
27784,0.744111955165863
27785,0.5241156220436096
27786,0.31090933084487915
27787,0.5212969183921814
27788,0.32541030645370483
27789,0.49779415130615234
27790,0.4647505283355713
27791,0.4474778175354004
27792,0.7532656788825989
27793,0.6120415329933167
27794,0.5953710675239563
27795,0.5993610620498657
27796,0.6072830557823181
27797,0.7640171647071838
27798,0.7563740611076355
27799,0.666909396648407
27800,0.39209067821502686
27801,0.40586209297180176
27802,0.5718300938606262
27803,0.4276421070098877
27804,0.5329656004905701
27805,0.5176448822021484
27806,0.5403580665588379
27807,0.44908881187438965
27808,0.2991209924221039
27809,0.3157459795475006
27810,0.8054865002632141
27811,0.7107141613960266
27812,0.44314655661582947
27813,0.23306331038475037
27814,0.441081702709198
27815,0.5609980225563049
27816,0.5528417229652405
27817,0.2913677394390106
27818,0.5814140439033508
27819,0.4704911708831787
27820,0.5002930760383606
27821,0.5540896058082581
27822,0.6280220150947571
27823,0.7438433170318604
27824,0.7198092341423035
27825,0.7261529564857483
27826,0.2183678150177002
27827,0.3950328528881073
27828,0.31024783849716187
27829,0.48849573731422424
27830,0.5073301196098328
27831,0.8333653211593628
27832,0.8078069686889648
27833,0.5163405537605286
27834,0.8049443364143372
27835,0.5619699358940125
27836,0.646980345249176
27837,0.3449121117591858
27838,0.5326263308525085
27839,0.21982619166374207
27840,0.8138330578804016
27841,0.5263050198554993
27842,0.5172516107559204
27843,0.5078093409538269
27844,0.37403416633605957
27845,0.458523154258728
27846,0.4939786195755005
27847,0.7700138688087463
27848,0.49102091789245605
27849,0.44805121421813965
27850,0.5467765927314758
27851,0.3773108124732971
27852,0.6726788878440857
27853,0.5742098689079285
27854,0.6621484756469727
27855,0.690518319606781
27856,0.7249260544776917
27857,0.39607036113739014
27858,0.3832085132598877
27859,0.25580036640167236
27860,0.361613005399704
27861,0.46445828676223755
27862,0.7417469024658203
27863,0.4942198395729065
27864,0.6666666269302368
27865,0.6499839425086975
27866,0.5978525876998901
27867,0.5160022377967834
27868,0.5163788795471191
27869,0.5648726224899292
27870,0.6398122906684875
27871,0.32579854130744934
27872,0.6589308381080627
27873,0.7417736649513245
27874,0.3698495030403137
27875,0.4440397620201111
27876,0.7439161539077759
27877,0.8421910405158997
27878,0.47070378065109253
27879,0.6142761707305908
27880,0.5233778953552246
27881,0.32675665616989136
27882,0.4870075285434723
27883,0.5608420372009277
27884,0.5761009454727173
27885,0.6962999105453491
27886,0.6898704767227173
27887,0.31196480989456177
27888,0.8348459005355835
27889,0.709739089012146
27890,0.5624188780784607
27891,0.4572579860687256
27892,0.5319003462791443
27893,0.7768381237983704
27894,0.6086806654930115
27895,0.3633344769477844
27896,0.2814726233482361
27897,0.1937885284423828
27898,0.5228593349456787
27899,0.22333943843841553
27900,0.5866381525993347
27901,0.5471085906028748
27902,0.4787525236606598
27903,0.7056167125701904
27904,0.7301615476608276
27905,0.6627598404884338
27906,0.7005712985992432
27907,0.3292824625968933
27908,0.8406491279602051
27909,0.4373124837875366
27910,0.4807942807674408
27911,0.5644487738609314
27912,0.75212562084198
27913,0.36809515953063965
27914,0.23031216859817505
27915,0.5090692043304443
27916,0.3763246536254883
27917,0.48623305559158325
27918,0.24293555319309235
27919,0.6654208898544312
27920,0.21649251878261566
27921,0.3126232922077179
27922,0.5418972969055176
27923,0.5342907905578613
27924,0.42030444741249084
27925,0.6829879879951477
27926,0.22698499262332916
27927,0.7257369160652161
27928,0.799407958984375
27929,0.5270352363586426
27930,0.8405894637107849
27931,0.3869180977344513
27932,0.5143718123435974
27933,0.4933609962463379
27934,0.5521106719970703
27935,0.5853776335716248
27936,0.5033777952194214
27937,0.5695022940635681
27938,0.7137300372123718
27939,0.42309752106666565
27940,0.33287203311920166
27941,0.5479351878166199
27942,0.3522082567214966
27943,0.5763358473777771
27944,0.39977219700813293
27945,0.6520736813545227
27946,0.6207624077796936
27947,0.8315814137458801
27948,0.6688389182090759
27949,0.22155657410621643
27950,0.621725857257843
27951,0.496576189994812
27952,0.5100759863853455
27953,0.8199915289878845
27954,0.3258472979068756
27955,0.21259605884552002
27956,0.7337271571159363
27957,0.760786235332489
27958,0.29544055461883545
27959,0.35855811834335327
27960,0.37875914573669434
27961,0.6597059369087219
27962,0.5118326544761658
27963,0.5123932957649231
27964,0.5939882397651672
27965,0.7157076001167297
27966,0.6547638177871704
27967,0.3180437684059143
27968,0.4426549971103668
27969,0.41651636362075806
27970,0.29587745666503906
27971,0.39318594336509705
27972,0.35715508460998535
27973,0.3061007857322693
27974,0.6301659941673279
27975,0.3248511552810669
27976,0.19894616305828094
27977,0.46704596281051636
27978,0.5138294100761414
27979,0.7112853527069092
27980,0.7764875292778015
27981,0.5861801505088806
27982,0.2881915867328644
27983,0.5523660778999329
27984,0.47002124786376953
27985,0.3724951148033142
27986,0.18858706951141357
27987,0.5616880059242249
27988,0.4475463926792145
27989,0.2656935453414917
27990,0.8185627460479736
27991,0.5590977668762207
27992,0.3067035675048828
27993,0.3325870931148529
27994,0.3634488582611084
27995,0.4218713045120239
27996,0.3812919855117798
27997,0.8011896014213562
27998,0.6806728839874268
27999,0.508010983467102
28000,0.5919532179832458
28001,0.4598936438560486
28002,0.24331034719944
28003,0.3593361973762512
28004,0.40154969692230225
28005,0.5090919733047485
28006,0.42839276790618896
28007,0.7390192151069641
28008,0.2884601950645447
28009,0.6878261566162109
28010,0.4912121295928955
28011,0.6395965814590454
28012,0.3713233470916748
28013,0.45237457752227783
28014,0.4700770974159241
28015,0.27460384368896484
28016,0.3605315089225769
28017,0.4636837840080261
28018,0.6993648409843445
28019,0.6874656081199646
28020,0.560719907283783
28021,0.6531645655632019
28022,0.6578125357627869
28023,0.47158539295196533
28024,0.6327808499336243
28025,0.4322161376476288
28026,0.26795196533203125
28027,0.5214982628822327
28028,0.6767082810401917
28029,0.43763571977615356
28030,0.7542250752449036
28031,0.5079147219657898
28032,0.3567597270011902
28033,0.1825372725725174
28034,0.797137975692749
28035,0.48045027256011963
28036,0.5164787769317627
28037,0.3184812664985657
28038,0.7073107957839966
28039,0.4975714683532715
28040,0.28805112838745117
28041,0.5073865652084351
28042,0.6067172288894653
28043,0.5475237369537354
28044,0.4235604405403137
28045,0.4544716477394104
28046,0.7930899858474731
28047,0.7184282541275024
28048,0.5052658319473267
28049,0.24464455246925354
28050,0.5715520977973938
28051,0.3294657766819
28052,0.328619122505188
28053,0.39263302087783813
28054,0.5218990445137024
28055,0.4777050018310547
28056,0.3811196982860565
28057,0.2782682180404663
28058,0.5656396746635437
28059,0.4580354690551758
28060,0.5452002286911011
28061,0.27506324648857117
28062,0.332202285528183
28063,0.3774985074996948
28064,0.8127440810203552
28065,0.294371634721756
28066,0.3708224892616272
28067,0.6534741520881653
28068,0.8247993588447571
28069,0.6281227469444275
28070,0.5351492762565613
28071,0.3471505045890808
28072,0.8276824355125427
28073,0.5821234583854675
28074,0.693875789642334
28075,0.6672817468643188
28076,0.26343247294425964
28077,0.2215932011604309
28078,0.8084444403648376
28079,0.5909904837608337
28080,0.7838571071624756
28081,0.499242901802063
28082,0.4545722007751465
28083,0.604178249835968
28084,0.21271511912345886
28085,0.38944339752197266
28086,0.5995989441871643
28087,0.5746214985847473
28088,0.3686279356479645
28089,0.4865679144859314
28090,0.828361988067627
28091,0.7786415219306946
28092,0.2015785276889801
28093,0.18044373393058777
28094,0.4189242422580719
28095,0.6846272945404053
28096,0.37866872549057007
28097,0.2766392230987549
28098,0.5682646632194519
28099,0.48116299510002136
28100,0.6943477988243103
28101,0.21773096919059753
28102,0.473507285118103
28103,0.4664803743362427
28104,0.2832450270652771
28105,0.7733696699142456
28106,0.4037860929965973
28107,0.3327127993106842
28108,0.7165816426277161
28109,0.5967063307762146
28110,0.33664751052856445
28111,0.5739794373512268
28112,0.34617847204208374
28113,0.6318764090538025
28114,0.6357965469360352
28115,0.4625716209411621
28116,0.23383691906929016
28117,0.476234495639801
28118,0.3465542793273926
28119,0.34464672207832336
28120,0.5736841559410095
28121,0.23251543939113617
28122,0.37009668350219727
28123,0.38579419255256653
28124,0.7852067351341248
28125,0.7474564909934998
28126,0.3595619797706604
28127,0.4651818871498108
28128,0.512814998626709
28129,0.7082802057266235
28130,0.23752030730247498
28131,0.5244958996772766
28132,0.8268086910247803
28133,0.8347432613372803
28134,0.815050482749939
28135,0.34680598974227905
28136,0.5699636340141296
28137,0.7472606301307678
28138,0.521901547908783
28139,0.37601327896118164
28140,0.38630783557891846
28141,0.24027620255947113
28142,0.5216600894927979
28143,0.2839125990867615
28144,0.7726508378982544
28145,0.6118039488792419
28146,0.3827784061431885
28147,0.24090957641601562
28148,0.8187150955200195
28149,0.3390316367149353
28150,0.7836591005325317
28151,0.7646657824516296
28152,0.7492855191230774
28153,0.34581753611564636
28154,0.7790921330451965
28155,0.3196922540664673
28156,0.2953323721885681
28157,0.22887501120567322
28158,0.26383015513420105
28159,0.3879970908164978
28160,0.48548808693885803
28161,0.34841305017471313
28162,0.6478300094604492
28163,0.4199751317501068
28164,0.6799324154853821
28165,0.6600027084350586
28166,0.4713982343673706
28167,0.7043048739433289
28168,0.4826269745826721
28169,0.40099331736564636
28170,0.5046238899230957
28171,0.8176237940788269
28172,0.40264517068862915
28173,0.5368179678916931
28174,0.7066768407821655
28175,0.21103744208812714
28176,0.4348571300506592
28177,0.48250702023506165
28178,0.2438032627105713
28179,0.41056376695632935
28180,0.6517766714096069
28181,0.6045680642127991
28182,0.5550923943519592
28183,0.39613959193229675
28184,0.38386741280555725
28185,0.284553200006485
28186,0.7892164587974548
28187,0.6056186556816101
28188,0.5104295015335083
28189,0.5895888209342957
28190,0.5798012614250183
28191,0.6598334312438965
28192,0.4386386275291443
28193,0.5186743140220642
28194,0.7147928476333618
28195,0.7506934404373169
28196,0.3034030795097351
28197,0.7995368838310242
28198,0.45522576570510864
28199,0.3756178915500641
28200,0.612526535987854
28201,0.4941837787628174
28202,0.6979408860206604
28203,0.7344067096710205
28204,0.6386681199073792
28205,0.7582488059997559
28206,0.5435239672660828
28207,0.6796582341194153
28208,0.4638359844684601
28209,0.8216601014137268
28210,0.5022855401039124
28211,0.35194745659828186
28212,0.5248913168907166
28213,0.19452087581157684
28214,0.32600459456443787
28215,0.44421619176864624
28216,0.7198865413665771
28217,0.7123467326164246
28218,0.6896286606788635
28219,0.5904931426048279
28220,0.30109903216362
28221,0.4621100425720215
28222,0.5668604969978333
28223,0.18730582296848297
28224,0.5888553261756897
28225,0.6740069389343262
28226,0.8328278660774231
28227,0.38892483711242676
28228,0.7994826436042786
28229,0.5502583384513855
28230,0.21580533683300018
28231,0.2603786587715149
28232,0.7333874702453613
28233,0.2212284803390503
28234,0.569327175617218
28235,0.2638956904411316
28236,0.7256975769996643
28237,0.8203892111778259
28238,0.5513421893119812
28239,0.22049014270305634
28240,0.5732913613319397
28241,0.28471606969833374
28242,0.6384741067886353
28243,0.47562384605407715
28244,0.3378123641014099
28245,0.3573177456855774
28246,0.3723013699054718
28247,0.36347225308418274
28248,0.41661879420280457
28249,0.5206711888313293
28250,0.3234747648239136
28251,0.7357390522956848
28252,0.4455734193325043
28253,0.4594672918319702
28254,0.40626394748687744
28255,0.8032286167144775
28256,0.4471074342727661
28257,0.48745664954185486
28258,0.6297820806503296
28259,0.5228126049041748
28260,0.37752899527549744
28261,0.4294993579387665
28262,0.5364433526992798
28263,0.43458157777786255
28264,0.34137022495269775
28265,0.385084867477417
28266,0.8060349822044373
28267,0.39773333072662354
28268,0.33758744597435
28269,0.6971197724342346
28270,0.6869909167289734
28271,0.6627364754676819
28272,0.806301474571228
28273,0.75838303565979
28274,0.29816770553588867
28275,0.505333662033081
28276,0.32537269592285156
28277,0.48605334758758545
28278,0.5093114972114563
28279,0.707738995552063
28280,0.5195493698120117
28281,0.6073365211486816
28282,0.6475419402122498
28283,0.32207465171813965
28284,0.36233532428741455
28285,0.2825704514980316
28286,0.3218485116958618
28287,0.7333860993385315
28288,0.44772177934646606
28289,0.8311317563056946
28290,0.26962512731552124
28291,0.6525492072105408
28292,0.41922447085380554
28293,0.23829776048660278
28294,0.7580000162124634
28295,0.4437676668167114
28296,0.5155027508735657
28297,0.37531977891921997
28298,0.5844636559486389
28299,0.821159303188324
28300,0.5171037316322327
28301,0.3941272795200348
28302,0.6197066903114319
28303,0.2832990288734436
28304,0.22123463451862335
28305,0.5281380414962769
28306,0.5019214153289795
28307,0.7083275318145752
28308,0.5940088629722595
28309,0.17507882416248322
28310,0.3115898370742798
28311,0.22672605514526367
28312,0.4047302007675171
28313,0.5676493048667908
28314,0.7194755673408508
28315,0.5621878504753113
28316,0.2941308617591858
28317,0.7559348940849304
28318,0.6011452078819275
28319,0.42712169885635376
28320,0.44097864627838135
28321,0.8152344226837158
28322,0.5062796473503113
28323,0.2588579058647156
28324,0.5596722960472107
28325,0.15598738193511963
28326,0.6055325865745544
28327,0.6683368682861328
28328,0.5895097851753235
28329,0.5938835144042969
28330,0.7680277228355408
28331,0.558228611946106
28332,0.6269052624702454
28333,0.6473020315170288
28334,0.2202460765838623
28335,0.3928208351135254
28336,0.42783430218696594
28337,0.5331507325172424
28338,0.6343521475791931
28339,0.7691619396209717
28340,0.2833220362663269
28341,0.41055795550346375
28342,0.3890596628189087
28343,0.4997096657752991
28344,0.6076571941375732
28345,0.46395546197891235
28346,0.39714205265045166
28347,0.5670812726020813
28348,0.42228439450263977
28349,0.7356280088424683
28350,0.25966477394104004
28351,0.2732687294483185
28352,0.2791493535041809
28353,0.5794832110404968
28354,0.44934797286987305
28355,0.8056402206420898
28356,0.7560530304908752
28357,0.4470691382884979
28358,0.3774261474609375
28359,0.7761843800544739
28360,0.275773286819458
28361,0.6676126718521118
28362,0.6601647734642029
28363,0.814967930316925
28364,0.7146176695823669
28365,0.26353731751441956
28366,0.5351282358169556
28367,0.48137038946151733
28368,0.418448269367218
28369,0.4202498495578766
28370,0.6440086960792542
28371,0.2264127880334854
28372,0.40076786279678345
28373,0.7621447443962097
28374,0.4607449769973755
28375,0.4603593945503235
28376,0.7025032639503479
28377,0.7821917533874512
28378,0.7167312502861023
28379,0.7434214949607849
28380,0.5797123312950134
28381,0.3649037480354309
28382,0.3593459725379944
28383,0.7829714417457581
28384,0.5525222420692444
28385,0.5133394598960876
28386,0.7990931272506714
28387,0.34910422563552856
28388,0.3547908067703247
28389,0.31890833377838135
28390,0.7537508010864258
28391,0.6073518395423889
28392,0.6978973746299744
28393,0.3333321511745453
28394,0.768743097782135
28395,0.5814163088798523
28396,0.7564722299575806
28397,0.438697874546051
28398,0.7048874497413635
28399,0.48878228664398193
28400,0.2675323784351349
28401,0.6445053219795227
28402,0.459207683801651
28403,0.7210890650749207
28404,0.8164781928062439
28405,0.7175986170768738
28406,0.48619240522384644
28407,0.5499173998832703
28408,0.6627344489097595
28409,0.5222845673561096
28410,0.6124607920646667
28411,0.5879307389259338
28412,0.2578725218772888
28413,0.4986865818500519
28414,0.5905587077140808
28415,0.3013836443424225
28416,0.7044389843940735
28417,0.5934309363365173
28418,0.27582278847694397
28419,0.3191204369068146
28420,0.6492273211479187
28421,0.7531113028526306
28422,0.548372209072113
28423,0.34486156702041626
28424,0.5724415183067322
28425,0.5061960816383362
28426,0.5841581225395203
28427,0.35434919595718384
28428,0.653877317905426
28429,0.4433930814266205
28430,0.3917800486087799
28431,0.6144498586654663
28432,0.35998010635375977
28433,0.29389798641204834
28434,0.41435322165489197
28435,0.6643927693367004
28436,0.4957622289657593
28437,0.4978583753108978
28438,0.8289981484413147
28439,0.6891350150108337
28440,0.188820943236351
28441,0.515242338180542
28442,0.814312756061554
28443,0.5358179211616516
28444,0.4397643804550171
28445,0.2851085066795349
28446,0.5840124487876892
28447,0.296761155128479
28448,0.5099705457687378
28449,0.19924084842205048
28450,0.2643129229545593
28451,0.19864559173583984
28452,0.4560409188270569
28453,0.3614589273929596
28454,0.4661281704902649
28455,0.3673032224178314
28456,0.6176295280456543
28457,0.6974589824676514
28458,0.38135167956352234
28459,0.42077571153640747
28460,0.8468824625015259
28461,0.8133019804954529
28462,0.6164745688438416
28463,0.35193535685539246
28464,0.26547396183013916
28465,0.3346732258796692
28466,0.6853552460670471
28467,0.5351577401161194
28468,0.796986997127533
28469,0.29845213890075684
28470,0.37366920709609985
28471,0.3185003697872162
28472,0.4910011887550354
28473,0.35795944929122925
28474,0.4289362132549286
28475,0.6890652775764465
28476,0.6870505809783936
28477,0.45971643924713135
28478,0.3396199941635132
28479,0.5694286227226257
28480,0.6361832022666931
28481,0.3652070164680481
28482,0.31687259674072266
28483,0.5048822164535522
28484,0.4432463049888611
28485,0.44269949197769165
28486,0.3470105528831482
28487,0.33897560834884644
28488,0.7576918601989746
28489,0.31792837381362915
28490,0.7113390564918518
28491,0.5141636729240417
28492,0.7870362401008606
28493,0.3499910831451416
28494,0.5333428382873535
28495,0.4961410164833069
28496,0.40814101696014404
28497,0.5186851620674133
28498,0.6181173324584961
28499,0.44080787897109985
28500,0.7160020470619202
28501,0.7393971085548401
28502,0.4679155945777893
28503,0.5116459727287292
28504,0.25740113854408264
28505,0.49435514211654663
28506,0.5097104907035828
28507,0.4417946934700012
28508,0.31691715121269226
28509,0.33815473318099976
28510,0.6219752430915833
28511,0.3812837302684784
28512,0.6555969715118408
28513,0.43398162722587585
28514,0.6563609838485718
28515,0.18753543496131897
28516,0.31332939863204956
28517,0.29047971963882446
28518,0.23342052102088928
28519,0.4977806508541107
28520,0.3753853738307953
28521,0.19974862039089203
28522,0.8034741878509521
28523,0.22789020836353302
28524,0.1839282512664795
28525,0.39136675000190735
28526,0.7136700749397278
28527,0.3059617578983307
28528,0.5001271963119507
28529,0.5434842705726624
28530,0.6583269834518433
28531,0.20720338821411133
28532,0.39157867431640625
28533,0.2813442051410675
28534,0.28235137462615967
28535,0.5933114886283875
28536,0.46635115146636963
28537,0.7373157739639282
28538,0.5338737964630127
28539,0.6386643648147583
28540,0.6782586574554443
28541,0.8047006726264954
28542,0.44010838866233826
28543,0.3756246864795685
28544,0.4098234176635742
28545,0.2071739137172699
28546,0.25952616333961487
28547,0.32559776306152344
28548,0.6428954005241394
28549,0.4423133134841919
28550,0.38449448347091675
28551,0.8137494921684265
28552,0.6304436922073364
28553,0.4876903295516968
28554,0.5838233232498169
28555,0.4734655022621155
28556,0.3680381178855896
28557,0.4966173470020294
28558,0.4452342391014099
28559,0.4579622745513916
28560,0.42001861333847046
28561,0.2387809157371521
28562,0.36367490887641907
28563,0.7662397623062134
28564,0.5671656727790833
28565,0.6232849955558777
28566,0.5914514660835266
28567,0.3852902948856354
28568,0.48822328448295593
28569,0.7816312909126282
28570,0.3911808729171753
28571,0.36536407470703125
28572,0.1510874629020691
28573,0.2939319312572479
28574,0.5818410515785217
28575,0.5464043021202087
28576,0.22569967806339264
28577,0.7105931043624878
28578,0.4498794972896576
28579,0.3443244695663452
28580,0.3461627960205078
28581,0.39423978328704834
28582,0.6939618587493896
28583,0.21850799024105072
28584,0.736707866191864
28585,0.20416420698165894
28586,0.7022150754928589
28587,0.18972474336624146
28588,0.6661548614501953
28589,0.6304371953010559
28590,0.4544001519680023
28591,0.8081436157226562
28592,0.5100512504577637
28593,0.45991140604019165
28594,0.7164992690086365
28595,0.18279629945755005
28596,0.8111256957054138
28597,0.24227693676948547
28598,0.5885294079780579
28599,0.25916287302970886
28600,0.684912383556366
28601,0.1690935641527176
28602,0.315707802772522
28603,0.48240748047828674
28604,0.18697655200958252
28605,0.20064017176628113
28606,0.24470379948616028
28607,0.3305465579032898
28608,0.8122350573539734
28609,0.6517207026481628
28610,0.3979372978210449
28611,0.2623518109321594
28612,0.5506748557090759
28613,0.7326597571372986
28614,0.5908650755882263
28615,0.19071486592292786
28616,0.27873602509498596
28617,0.35938405990600586
28618,0.7566976547241211
28619,0.25002700090408325
28620,0.2719014883041382
28621,0.3912864029407501
28622,0.7550032734870911
28623,0.368923544883728
28624,0.5256057381629944
28625,0.6296553015708923
28626,0.7306165099143982
28627,0.5400989055633545
28628,0.5756480097770691
28629,0.3220765292644501
28630,0.3435664474964142
28631,0.47280246019363403
28632,0.7173159122467041
28633,0.45324069261550903
28634,0.2709963023662567
28635,0.45548054575920105
28636,0.6113236546516418
28637,0.5665398240089417
28638,0.5449828505516052
28639,0.602912962436676
28640,0.2871197462081909
28641,0.47892269492149353
28642,0.3488224148750305
28643,0.7526575326919556
28644,0.8005247712135315
28645,0.2510322332382202
28646,0.7472032308578491
28647,0.7469826936721802
28648,0.24260124564170837
28649,0.4177696108818054
28650,0.5917069315910339
28651,0.3208606243133545
28652,0.6427814364433289
28653,0.7953988313674927
28654,0.341949999332428
28655,0.5061575770378113
28656,0.513815701007843
28657,0.7676973342895508
28658,0.49602511525154114
28659,0.3937286138534546
28660,0.24975615739822388
28661,0.30909955501556396
28662,0.7120847702026367
28663,0.6052108407020569
28664,0.39880043268203735
28665,0.6019249558448792
28666,0.461769700050354
28667,0.41881757974624634
28668,0.7119188904762268
28669,0.3173310160636902
28670,0.3282596468925476
28671,0.34108319878578186
28672,0.5362936854362488
28673,0.3898206651210785
28674,0.6761230826377869
28675,0.46913284063339233
28676,0.4884762465953827
28677,0.41372859477996826
28678,0.2893572747707367
28679,0.469502717256546
28680,0.3675227165222168
28681,0.58297199010849
28682,0.223830446600914
28683,0.2870528995990753
28684,0.47010964155197144
28685,0.3314826488494873
28686,0.41115573048591614
28687,0.6334264874458313
28688,0.5715146660804749
28689,0.4067997336387634
28690,0.3241605758666992
28691,0.6881548762321472
28692,0.7493939995765686
28693,0.34468358755111694
28694,0.38791459798812866
28695,0.3903476595878601
28696,0.4798998534679413
28697,0.4795902967453003
28698,0.4064232409000397
28699,0.4356647729873657
28700,0.6885502338409424
28701,0.7712319493293762
28702,0.267520546913147
28703,0.3777366876602173
28704,0.27030155062675476
28705,0.278363436460495
28706,0.30821430683135986
28707,0.6459038853645325
28708,0.677506148815155
28709,0.3566538691520691
28710,0.6377005577087402
28711,0.7722163796424866
28712,0.5325719118118286
28713,0.6884678602218628
28714,0.4918704032897949
28715,0.24505561590194702
28716,0.36413758993148804
28717,0.6884515881538391
28718,0.6780438423156738
28719,0.45839136838912964
28720,0.47392934560775757
28721,0.7385974526405334
28722,0.4224643111228943
28723,0.7438188195228577
28724,0.48357921838760376
28725,0.6217206716537476
28726,0.41492849588394165
28727,0.6800975203514099
28728,0.6803839206695557
28729,0.713743269443512
28730,0.6032286286354065
28731,0.33116763830184937
28732,0.3138456344604492
28733,0.3840762972831726
28734,0.36032068729400635
28735,0.46314090490341187
28736,0.6359798312187195
28737,0.39714691042900085
28738,0.2634981870651245
28739,0.34910163283348083
28740,0.586966335773468
28741,0.5728011727333069
28742,0.45685893297195435
28743,0.5482193827629089
28744,0.39592695236206055
28745,0.5645495057106018
28746,0.8300121426582336
28747,0.8030940890312195
28748,0.8411645293235779
28749,0.6553099751472473
28750,0.6805683970451355
28751,0.4766380488872528
28752,0.3647093176841736
28753,0.6224237680435181
28754,0.43236613273620605
28755,0.5488463640213013
28756,0.24022862315177917
28757,0.5341042876243591
28758,0.7764139771461487
28759,0.4773126244544983
28760,0.38860875368118286
28761,0.22461408376693726
28762,0.6360501646995544
28763,0.7160503268241882
28764,0.7272444367408752
28765,0.567797064781189
28766,0.764478862285614
28767,0.3858444094657898
28768,0.20537815988063812
28769,0.5909353494644165
28770,0.28330790996551514
28771,0.7629340887069702
28772,0.593894898891449
28773,0.44578415155410767
28774,0.5662770867347717
28775,0.4102620482444763
28776,0.30307093262672424
28777,0.5772001147270203
28778,0.552115261554718
28779,0.4414990544319153
28780,0.17775577306747437
28781,0.2236548811197281
28782,0.46947434544563293
28783,0.3833140730857849
28784,0.4311145544052124
28785,0.2344874143600464
28786,0.3801760971546173
28787,0.6481814384460449
28788,0.8207428455352783
28789,0.6848065257072449
28790,0.6600615382194519
28791,0.692205011844635
28792,0.541945219039917
28793,0.7833128571510315
28794,0.5963453650474548
28795,0.6871916055679321
28796,0.6918076872825623
28797,0.20789386332035065
28798,0.5122361779212952
28799,0.23056672513484955
28800,0.19232270121574402
28801,0.28064388036727905
28802,0.20603209733963013
28803,0.3388133645057678
28804,0.550376296043396
28805,0.4413245916366577
28806,0.49033328890800476
28807,0.457827091217041
28808,0.6266472339630127
28809,0.5180163979530334
28810,0.5445342063903809
28811,0.6467729210853577
28812,0.19801682233810425
28813,0.2383131980895996
28814,0.549792468547821
28815,0.743939220905304
28816,0.4030008316040039
28817,0.7376411557197571
28818,0.6414374709129333
28819,0.30156904458999634
28820,0.26292121410369873
28821,0.394833505153656
28822,0.5689151883125305
28823,0.24906978011131287
28824,0.7272730469703674
28825,0.7163715362548828
28826,0.5449609160423279
28827,0.44784075021743774
28828,0.47104737162590027
28829,0.20024211704730988
28830,0.7645449638366699
28831,0.3393501937389374
28832,0.3633628785610199
28833,0.30858510732650757
28834,0.6818290948867798
28835,0.5211109519004822
28836,0.4176234006881714
28837,0.5589994788169861
28838,0.22109921276569366
28839,0.3701814115047455
28840,0.8094794154167175
28841,0.7984130382537842
28842,0.7153677344322205
28843,0.3502000570297241
28844,0.4826924800872803
28845,0.23500512540340424
28846,0.6607781052589417
28847,0.3863106369972229
28848,0.6874098777770996
28849,0.7414553761482239
28850,0.8051596879959106
28851,0.7050691843032837
28852,0.5133553147315979
28853,0.35566943883895874
28854,0.5509021878242493
28855,0.41021406650543213
28856,0.7323365807533264
28857,0.2944067716598511
28858,0.46872076392173767
28859,0.26938438415527344
28860,0.7636958360671997
28861,0.2595149278640747
28862,0.5576258897781372
28863,0.6764291524887085
28864,0.26841169595718384
28865,0.3895641565322876
28866,0.3061717748641968
28867,0.40852946043014526
28868,0.5702515840530396
28869,0.316040575504303
28870,0.2761140465736389
28871,0.366019606590271
28872,0.2595527172088623
28873,0.5333309769630432
28874,0.5497955679893494
28875,0.6970962882041931
28876,0.5347331762313843
28877,0.6710096001625061
28878,0.25619202852249146
28879,0.36311060190200806
28880,0.5906906127929688
28881,0.46226072311401367
28882,0.6863453984260559
28883,0.34431830048561096
28884,0.3711778223514557
28885,0.3996986448764801
28886,0.6291826963424683
28887,0.3491840958595276
28888,0.46700435876846313
28889,0.5887399911880493
28890,0.5330510139465332
28891,0.23747989535331726
28892,0.8314495086669922
28893,0.3278524875640869
28894,0.5614385008811951
28895,0.34055453538894653
28896,0.5909331440925598
28897,0.24416989088058472
28898,0.4512309432029724
28899,0.5620103478431702
28900,0.39522287249565125
28901,0.7972403168678284
28902,0.7770351767539978
28903,0.47688665986061096
28904,0.5296922922134399
28905,0.42480412125587463
28906,0.37991124391555786
28907,0.3810602128505707
28908,0.23523415625095367
28909,0.4330673813819885
28910,0.49865400791168213
28911,0.5150627493858337
28912,0.34611451625823975
28913,0.3884578347206116
28914,0.2946450710296631
28915,0.28871583938598633
28916,0.79259192943573
28917,0.3254442811012268
28918,0.46996575593948364
28919,0.4496975541114807
28920,0.39771607518196106
28921,0.19495761394500732
28922,0.4061104953289032
28923,0.4855271577835083
28924,0.5348012447357178
28925,0.4268864393234253
28926,0.2561193108558655
28927,0.6176277995109558
28928,0.33807989954948425
28929,0.3959905803203583
28930,0.7079579830169678
28931,0.5369530916213989
28932,0.38486915826797485
28933,0.6486443281173706
28934,0.34062811732292175
28935,0.4009672999382019
28936,0.7351686358451843
28937,0.2852465510368347
28938,0.7627163529396057
28939,0.5547898411750793
28940,0.3698619604110718
28941,0.45084115862846375
28942,0.24197399616241455
28943,0.23230694234371185
28944,0.35171109437942505
28945,0.5540314316749573
28946,0.47737401723861694
28947,0.7074043154716492
28948,0.4895396828651428
28949,0.5656609535217285
28950,0.24945035576820374
28951,0.23992948234081268
28952,0.47299855947494507
28953,0.555689811706543
28954,0.2890104651451111
28955,0.7362222671508789
28956,0.37067174911499023
28957,0.1912495493888855
28958,0.3254532217979431
28959,0.594049334526062
28960,0.432999849319458
28961,0.8243033289909363
28962,0.18513566255569458
28963,0.4550003409385681
28964,0.2810925543308258
28965,0.8047388195991516
28966,0.3978489637374878
28967,0.4473179280757904
28968,0.5493619441986084
28969,0.18687105178833008
28970,0.5240446329116821
28971,0.385578989982605
28972,0.5262858271598816
28973,0.7465116381645203
28974,0.31125062704086304
28975,0.5369483828544617
28976,0.24880832433700562
28977,0.5015888214111328
28978,0.8418736457824707
28979,0.3304518163204193
28980,0.5404295921325684
28981,0.20456643402576447
28982,0.44146615266799927
28983,0.524081289768219
28984,0.5848302245140076
28985,0.39913812279701233
28986,0.5934972763061523
28987,0.34087803959846497
28988,0.3133029341697693
28989,0.5113558769226074
28990,0.7424829006195068
28991,0.5110889077186584
28992,0.6714680194854736
28993,0.6889879703521729
28994,0.19614090025424957
28995,0.16525371372699738
28996,0.38050711154937744
28997,0.35175251960754395
28998,0.5685397386550903
28999,0.4817555248737335
29000,0.6306363940238953
29001,0.5630360245704651
29002,0.45966607332229614
29003,0.7418138980865479
29004,0.4815449118614197
29005,0.22871622443199158
29006,0.49643468856811523
29007,0.27360042929649353
29008,0.3251194953918457
29009,0.4181049168109894
29010,0.5779361128807068
29011,0.5623361468315125
29012,0.2441451996564865
29013,0.5338839888572693
29014,0.5346590280532837
29015,0.2976306676864624
29016,0.568762481212616
29017,0.5516908168792725
29018,0.33960121870040894
29019,0.3856295645236969
29020,0.40824589133262634
29021,0.23138900101184845
29022,0.7318246364593506
29023,0.8095666170120239
29024,0.5897793173789978
29025,0.8290672302246094
29026,0.46895021200180054
29027,0.5520773530006409
29028,0.318462073802948
29029,0.7680932879447937
29030,0.4099239706993103
29031,0.2409893274307251
29032,0.43139952421188354
29033,0.68766850233078
29034,0.7266251444816589
29035,0.746005654335022
29036,0.6894320845603943
29037,0.3686754107475281
29038,0.38630327582359314
29039,0.7625520825386047
29040,0.6539120078086853
29041,0.5038639307022095
29042,0.30229178071022034
29043,0.6906609535217285
29044,0.2886681854724884
29045,0.29979151487350464
29046,0.5712155699729919
29047,0.24226263165473938
29048,0.5060015320777893
29049,0.33604902029037476
29050,0.20209750533103943
29051,0.44654104113578796
29052,0.5431070923805237
29053,0.39691248536109924
29054,0.5465735197067261
29055,0.758787214756012
29056,0.6166203618049622
29057,0.4820619225502014
29058,0.4506494402885437
29059,0.32277989387512207
29060,0.3560430407524109
29061,0.33947399258613586
29062,0.7171496748924255
29063,0.7090104818344116
29064,0.5615425705909729
29065,0.5844054818153381
29066,0.2579791843891144
29067,0.6452928185462952
29068,0.5593265295028687
29069,0.47441962361335754
29070,0.7048168182373047
29071,0.3800123631954193
29072,0.5386802554130554
29073,0.4938439428806305
29074,0.4802153706550598
29075,0.8221986293792725
29076,0.7121440768241882
29077,0.8228121399879456
29078,0.7151840925216675
29079,0.32668256759643555
29080,0.5167902112007141
29081,0.5659664273262024
29082,0.45368921756744385
29083,0.3584664463996887
29084,0.37243497371673584
29085,0.39663076400756836
29086,0.4463042616844177
29087,0.3882784843444824
29088,0.5662696957588196
29089,0.4162980318069458
29090,0.4207254648208618
29091,0.7965502738952637
29092,0.5579233765602112
29093,0.6932839751243591
29094,0.43091076612472534
29095,0.6555514931678772
29096,0.22047159075737
29097,0.6319875121116638
29098,0.7552017569541931
29099,0.4909517467021942
29100,0.14365559816360474
29101,0.2819371819496155
29102,0.23008710145950317
29103,0.8172718286514282
29104,0.8275073170661926
29105,0.5108979344367981
29106,0.762985348701477
29107,0.24148422479629517
29108,0.3044644594192505
29109,0.41958087682724
29110,0.5591118931770325
29111,0.45635974407196045
29112,0.40784770250320435
29113,0.7550075650215149
29114,0.43948572874069214
29115,0.38493382930755615
29116,0.4023154079914093
29117,0.7213210463523865
29118,0.47284287214279175
29119,0.567762553691864
29120,0.7145463824272156
29121,0.551319420337677
29122,0.4697999656200409
29123,0.6744939684867859
29124,0.6389802098274231
29125,0.7374483942985535
29126,0.4909869432449341
29127,0.24563643336296082
29128,0.5569986701011658
29129,0.5799999237060547
29130,0.7516458630561829
29131,0.7487469911575317
29132,0.5811470150947571
29133,0.7157066464424133
29134,0.4938430190086365
29135,0.6430118680000305
29136,0.2190990149974823
29137,0.5729592442512512
29138,0.4179045557975769
29139,0.5502092838287354
29140,0.3257569670677185
29141,0.21104556322097778
29142,0.7610626220703125
29143,0.38757386803627014
29144,0.5263309478759766
29145,0.5204648971557617
29146,0.7611165642738342
29147,0.7931180596351624
29148,0.3615279793739319
29149,0.7668137550354004
29150,0.6669332981109619
29151,0.5377246737480164
29152,0.3462003767490387
29153,0.297991544008255
29154,0.21008455753326416
29155,0.44380617141723633
29156,0.2827971577644348
29157,0.27539584040641785
29158,0.39002037048339844
29159,0.43492329120635986
29160,0.39870280027389526
29161,0.263649582862854
29162,0.5929709076881409
29163,0.5531255602836609
29164,0.2169879972934723
29165,0.5575306415557861
29166,0.48120373487472534
29167,0.395025372505188
29168,0.4255540370941162
29169,0.2959402799606323
29170,0.39787954092025757
29171,0.4000585079193115
29172,0.26269030570983887
29173,0.3608143925666809
29174,0.730022132396698
29175,0.3682563602924347
29176,0.4994540214538574
29177,0.5505324006080627
29178,0.3807757496833801
29179,0.21266919374465942
29180,0.3173803389072418
29181,0.17215651273727417
29182,0.6700395345687866
29183,0.2470482885837555
29184,0.3832833170890808
29185,0.4765723645687103
29186,0.33862221240997314
29187,0.26175665855407715
29188,0.4491397738456726
29189,0.43199753761291504
29190,0.606002926826477
29191,0.3460300862789154
29192,0.34903717041015625
29193,0.5295518040657043
29194,0.478458046913147
29195,0.5363523364067078
29196,0.7147744297981262
29197,0.5541090369224548
29198,0.5539882779121399
29199,0.188897043466568
29200,0.3509061336517334
29201,0.3175109326839447
29202,0.3479915261268616
29203,0.6243851184844971
29204,0.19860665500164032
29205,0.29600954055786133
29206,0.74643474817276
29207,0.2659705877304077
29208,0.5368489027023315
29209,0.8085338473320007
29210,0.7975680828094482
29211,0.4593275785446167
29212,0.5796507000923157
29213,0.36995989084243774
29214,0.7353072166442871
29215,0.4698382019996643
29216,0.33482953906059265
29217,0.30336248874664307
29218,0.3624083399772644
29219,0.7581957578659058
29220,0.7688730359077454
29221,0.28708532452583313
29222,0.7111480236053467
29223,0.3315170705318451
29224,0.49535953998565674
29225,0.649599015712738
29226,0.646552324295044
29227,0.295462042093277
29228,0.7457401156425476
29229,0.3423927426338196
29230,0.5120010375976562
29231,0.3508591949939728
29232,0.48738205432891846
29233,0.5610588192939758
29234,0.3951447010040283
29235,0.6670258045196533
29236,0.38528311252593994
29237,0.7977193593978882
29238,0.4867624342441559
29239,0.4497385025024414
29240,0.4799152910709381
29241,0.413683146238327
29242,0.35947948694229126
29243,0.8304405808448792
29244,0.7980318665504456
29245,0.6753190755844116
29246,0.45948526263237
29247,0.27455800771713257
29248,0.3336622416973114
29249,0.5913540124893188
29250,0.30783185362815857
29251,0.4956844449043274
29252,0.7054688334465027
29253,0.2889750599861145
29254,0.5848941206932068
29255,0.721041202545166
29256,0.2630905508995056
29257,0.6049630045890808
29258,0.4715210497379303
29259,0.551704466342926
29260,0.21918118000030518
29261,0.803464949131012
29262,0.7094473242759705
29263,0.513539731502533
29264,0.6608277559280396
29265,0.47854042053222656
29266,0.8240007758140564
29267,0.5132085084915161
29268,0.4470064640045166
29269,0.4768299460411072
29270,0.40933918952941895
29271,0.5574347376823425
29272,0.60750812292099
29273,0.5006875395774841
29274,0.6389786601066589
29275,0.32697534561157227
29276,0.6983723044395447
29277,0.7228367924690247
29278,0.7747040390968323
29279,0.3364045321941376
29280,0.602584719657898
29281,0.48911434412002563
29282,0.2520001232624054
29283,0.4310622215270996
29284,0.6156200170516968
29285,0.23180048167705536
29286,0.5517399907112122
29287,0.8102294206619263
29288,0.47651147842407227
29289,0.7367513179779053
29290,0.5311307311058044
29291,0.26237380504608154
29292,0.24719154834747314
29293,0.3541983664035797
29294,0.2905898690223694
29295,0.49799802899360657
29296,0.250175416469574
29297,0.5144833326339722
29298,0.4208810329437256
29299,0.5502061247825623
29300,0.8174869418144226
29301,0.35134583711624146
29302,0.548604428768158
29303,0.3451664447784424
29304,0.5792297720909119
29305,0.3247585594654083
29306,0.4360501170158386
29307,0.5600684285163879
29308,0.5213803052902222
29309,0.6778971552848816
29310,0.5450591444969177
29311,0.816792368888855
29312,0.760416567325592
29313,0.8061550259590149
29314,0.49021846055984497
29315,0.5404090285301208
29316,0.7101595997810364
29317,0.43145060539245605
29318,0.6446232199668884
29319,0.48859018087387085
29320,0.5429574847221375
29321,0.4483191967010498
29322,0.29892539978027344
29323,0.6669012904167175
29324,0.7345659136772156
29325,0.5144385695457458
29326,0.3911452293395996
29327,0.371157169342041
29328,0.6262714266777039
29329,0.826065719127655
29330,0.35273095965385437
29331,0.5228142142295837
29332,0.43874531984329224
29333,0.46434134244918823
29334,0.3163287043571472
29335,0.7502651214599609
29336,0.37577110528945923
29337,0.4643027186393738
29338,0.6596113443374634
29339,0.49664586782455444
29340,0.6851316690444946
29341,0.3774645924568176
29342,0.25423234701156616
29343,0.4540555477142334
29344,0.7295964956283569
29345,0.6630877256393433
29346,0.26830679178237915
29347,0.6317249536514282
29348,0.6718657612800598
29349,0.41264116764068604
29350,0.6719462871551514
29351,0.6990682482719421
29352,0.2507826089859009
29353,0.39156681299209595
29354,0.36621585488319397
29355,0.28896576166152954
29356,0.2534852623939514
29357,0.7407460808753967
29358,0.4386727213859558
29359,0.7350372672080994
29360,0.7421040534973145
29361,0.7889214754104614
29362,0.4136558175086975
29363,0.25168541073799133
29364,0.5487377047538757
29365,0.4693247079849243
29366,0.8019156455993652
29367,0.5575878024101257
29368,0.7960429191589355
29369,0.16558587551116943
29370,0.4318299889564514
29371,0.5611914992332458
29372,0.24370701611042023
29373,0.4033879339694977
29374,0.3570553660392761
29375,0.8303763270378113
29376,0.7322600483894348
29377,0.5957565903663635
29378,0.45508092641830444
29379,0.4089227616786957
29380,0.800150454044342
29381,0.3943873643875122
29382,0.6146605610847473
29383,0.5860227942466736
29384,0.3196360468864441
29385,0.6031470894813538
29386,0.4483376145362854
29387,0.1925537884235382
29388,0.3732089102268219
29389,0.5084757804870605
29390,0.325191468000412
29391,0.6849530339241028
29392,0.6592537760734558
29393,0.5425679087638855
29394,0.48732003569602966
29395,0.39151448011398315
29396,0.7280362248420715
29397,0.5826261639595032
29398,0.3633515238761902
29399,0.38707005977630615
29400,0.8306869864463806
29401,0.7724571228027344
29402,0.7341656684875488
29403,0.38437625765800476
29404,0.5790029168128967
29405,0.3218052089214325
29406,0.5341047644615173
29407,0.8006544709205627
29408,0.7117645740509033
29409,0.812492311000824
29410,0.22014081478118896
29411,0.48226112127304077
29412,0.40875980257987976
29413,0.7749421000480652
29414,0.34999820590019226
29415,0.4163510501384735
29416,0.6456556916236877
29417,0.35446396470069885
29418,0.4839212894439697
29419,0.6035197377204895
29420,0.28644248843193054
29421,0.4717356562614441
29422,0.5672046542167664
29423,0.5722663998603821
29424,0.3726855516433716
29425,0.2669055461883545
29426,0.6102555394172668
29427,0.3055534362792969
29428,0.6655495762825012
29429,0.4642121493816376
29430,0.8161085247993469
29431,0.48031455278396606
29432,0.5768418908119202
29433,0.7312107682228088
29434,0.5537752509117126
29435,0.5597774386405945
29436,0.2335985004901886
29437,0.399161159992218
29438,0.505188524723053
29439,0.30487409234046936
29440,0.364315390586853
29441,0.4771384596824646
29442,0.7102974653244019
29443,0.7112830877304077
29444,0.4050072729587555
29445,0.38404858112335205
29446,0.22563524544239044
29447,0.35688072443008423
29448,0.6390052437782288
29449,0.5909044146537781
29450,0.798827588558197
29451,0.6951152086257935
29452,0.7051875591278076
29453,0.5438918471336365
29454,0.8285381197929382
29455,0.53641277551651
29456,0.2721816897392273
29457,0.2197950780391693
29458,0.788874089717865
29459,0.42270922660827637
29460,0.5841134190559387
29461,0.724162757396698
29462,0.6250930428504944
29463,0.1946708709001541
29464,0.40578627586364746
29465,0.7530093193054199
29466,0.3209110498428345
29467,0.5350111722946167
29468,0.22331629693508148
29469,0.38519370555877686
29470,0.6833913922309875
29471,0.3954956531524658
29472,0.7375554442405701
29473,0.2566683292388916
29474,0.7088218927383423
29475,0.7119148373603821
29476,0.3375464677810669
29477,0.3665868043899536
29478,0.6585137844085693
29479,0.46895521879196167
29480,0.5526589155197144
29481,0.4252886176109314
29482,0.2768023610115051
29483,0.6008111834526062
29484,0.2632736563682556
29485,0.6484376788139343
29486,0.640680193901062
29487,0.5388829708099365
29488,0.6947585940361023
29489,0.49212682247161865
29490,0.5501658916473389
29491,0.46485015749931335
29492,0.5383580923080444
29493,0.45773613452911377
29494,0.3905830383300781
29495,0.7736604809761047
29496,0.6669755578041077
29497,0.7660683989524841
29498,0.6973068118095398
29499,0.3872770071029663
29500,0.31240114569664
29501,0.283500075340271
29502,0.466383159160614
29503,0.28394705057144165
29504,0.39155006408691406
29505,0.7611472606658936
29506,0.3820752203464508
29507,0.22312310338020325
29508,0.28486037254333496
29509,0.3471166491508484
29510,0.35009127855300903
29511,0.28971290588378906
29512,0.24764412641525269
29513,0.7822253704071045
29514,0.48479270935058594
29515,0.4448719024658203
29516,0.5290027856826782
29517,0.23444992303848267
29518,0.5734627842903137
29519,0.5231906771659851
29520,0.40252166986465454
29521,0.6097277998924255
29522,0.5847716331481934
29523,0.5683681964874268
29524,0.5845059752464294
29525,0.6408964395523071
29526,0.4474501609802246
29527,0.22034771740436554
29528,0.45666688680648804
29529,0.6571112275123596
29530,0.2930891215801239
29531,0.2453596144914627
29532,0.6789771914482117
29533,0.26770931482315063
29534,0.7191972732543945
29535,0.300148069858551
29536,0.39797818660736084
29537,0.4088987708091736
29538,0.19553802907466888
29539,0.6288653612136841
29540,0.5645449757575989
29541,0.6642909646034241
29542,0.5281813144683838
29543,0.38123953342437744
29544,0.270668089389801
29545,0.2995787262916565
29546,0.35348933935165405
29547,0.3611852526664734
29548,0.24906548857688904
29549,0.5726383328437805
29550,0.5511507987976074
29551,0.7245888710021973
29552,0.40421754121780396
29553,0.7177627682685852
29554,0.4847000241279602
29555,0.34854498505592346
29556,0.4806964695453644
29557,0.744880735874176
29558,0.7031498551368713
29559,0.5249499678611755
29560,0.5038091540336609
29561,0.467973530292511
29562,0.27074968814849854
29563,0.32744911313056946
29564,0.7015109658241272
29565,0.41398680210113525
29566,0.53593510389328
29567,0.6128075122833252
29568,0.5680174231529236
29569,0.3745570778846741
29570,0.43751776218414307
29571,0.617071270942688
29572,0.32601451873779297
29573,0.7414212822914124
29574,0.367291659116745
29575,0.5403322577476501
29576,0.288349986076355
29577,0.2419554591178894
29578,0.4417269229888916
29579,0.5096146464347839
29580,0.5397792458534241
29581,0.3165428638458252
29582,0.18825548887252808
29583,0.3516884446144104
29584,0.40375572443008423
29585,0.38798582553863525
29586,0.4039682447910309
29587,0.3580353856086731
29588,0.45035320520401
29589,0.6147162318229675
29590,0.45795366168022156
29591,0.8176427483558655
29592,0.3777775168418884
29593,0.382143497467041
29594,0.6298456788063049
29595,0.6571275591850281
29596,0.5691439509391785
29597,0.6434831619262695
29598,0.48888063430786133
29599,0.18150097131729126
29600,0.34691205620765686
29601,0.41104400157928467
29602,0.6409333348274231
29603,0.5361000895500183
29604,0.5501196384429932
29605,0.7412575483322144
29606,0.7257061004638672
29607,0.8134025931358337
29608,0.6738425493240356
29609,0.23494109511375427
29610,0.4905778169631958
29611,0.5349196791648865
29612,0.7101763486862183
29613,0.4001995325088501
29614,0.49795326590538025
29615,0.5708010792732239
29616,0.46466064453125
29617,0.3381953239440918
29618,0.21752072870731354
29619,0.2776935398578644
29620,0.30751895904541016
29621,0.7519428133964539
29622,0.557640016078949
29623,0.8130132555961609
29624,0.6026966571807861
29625,0.2936498522758484
29626,0.26681989431381226
29627,0.7086393237113953
29628,0.7079328298568726
29629,0.35406965017318726
29630,0.5381345748901367
29631,0.294985830783844
29632,0.46030086278915405
29633,0.8311489820480347
29634,0.5289598107337952
29635,0.7470971345901489
29636,0.2213062345981598
29637,0.7584224343299866
29638,0.3300718367099762
29639,0.4449582099914551
29640,0.5105069279670715
29641,0.47469770908355713
29642,0.47370606660842896
29643,0.8093593716621399
29644,0.5700185894966125
29645,0.5113627910614014
29646,0.4940871298313141
29647,0.5976465344429016
29648,0.45742273330688477
29649,0.40879738330841064
29650,0.8289701342582703
29651,0.28755584359169006
29652,0.32726824283599854
29653,0.5494102835655212
29654,0.4787243604660034
29655,0.5133797526359558
29656,0.33163774013519287
29657,0.3938741981983185
29658,0.8097404837608337
29659,0.7906830310821533
29660,0.7074431777000427
29661,0.6669884324073792
29662,0.6351996064186096
29663,0.486764132976532
29664,0.833213210105896
29665,0.6739328503608704
29666,0.3014794588088989
29667,0.2432377189397812
29668,0.29511529207229614
29669,0.3179553747177124
29670,0.5015406608581543
29671,0.8024985194206238
29672,0.5604327321052551
29673,0.5495058298110962
29674,0.30431944131851196
29675,0.41578513383865356
29676,0.8190770745277405
29677,0.2884666621685028
29678,0.7241554856300354
29679,0.44883424043655396
29680,0.1770922839641571
29681,0.4937448799610138
29682,0.27921611070632935
29683,0.5373840928077698
29684,0.6465498805046082
29685,0.6016711592674255
29686,0.6225735545158386
29687,0.6703782081604004
29688,0.495556116104126
29689,0.42419320344924927
29690,0.29815858602523804
29691,0.5290572047233582
29692,0.4324163496494293
29693,0.2891263961791992
29694,0.37627243995666504
29695,0.5160488486289978
29696,0.537082850933075
29697,0.7795392274856567
29698,0.3799581527709961
29699,0.7451563477516174
29700,0.5324111580848694
29701,0.7385863661766052
29702,0.37532830238342285
29703,0.5879269242286682
29704,0.26529091596603394
29705,0.522628664970398
29706,0.4187939167022705
29707,0.47776079177856445
29708,0.3133411705493927
29709,0.20365040004253387
29710,0.5566725730895996
29711,0.5514485836029053
29712,0.7064914107322693
29713,0.5994852781295776
29714,0.8352667093276978
29715,0.7485038042068481
29716,0.6247424483299255
29717,0.6290172934532166
29718,0.4723798334598541
29719,0.401530921459198
29720,0.5862606763839722
29721,0.5022470951080322
29722,0.7061065435409546
29723,0.21115359663963318
29724,0.32042866945266724
29725,0.548191249370575
29726,0.17938899993896484
29727,0.4187448024749756
29728,0.6320082545280457
29729,0.5014934539794922
29730,0.37244337797164917
29731,0.7198935747146606
29732,0.20793528854846954
29733,0.7559788823127747
29734,0.540830671787262
29735,0.27354681491851807
29736,0.42188024520874023
29737,0.28282803297042847
29738,0.44383811950683594
29739,0.7645427584648132
29740,0.42602211236953735
29741,0.43535733222961426
29742,0.677061915397644
29743,0.5430589914321899
29744,0.3557846248149872
29745,0.5846248269081116
29746,0.45494338870048523
29747,0.5902657508850098
29748,0.6935656666755676
29749,0.8271977305412292
29750,0.2963593006134033
29751,0.2465745508670807
29752,0.7075859308242798
29753,0.3945266306400299
29754,0.5532504916191101
29755,0.3373568654060364
29756,0.5322968363761902
29757,0.34395503997802734
29758,0.24103423953056335
29759,0.17587995529174805
29760,0.36460474133491516
29761,0.7538207769393921
29762,0.3818967938423157
29763,0.7316928505897522
29764,0.7501087188720703
29765,0.65943843126297
29766,0.3896731734275818
29767,0.3211013376712799
29768,0.5711197853088379
29769,0.7297815680503845
29770,0.21715767681598663
29771,0.32495421171188354
29772,0.7264389991760254
29773,0.559473991394043
29774,0.7123063206672668
29775,0.5303016304969788
29776,0.45463335514068604
29777,0.5457037091255188
29778,0.4027792513370514
29779,0.21238607168197632
29780,0.45673882961273193
29781,0.5852227210998535
29782,0.46113038063049316
29783,0.5614009499549866
29784,0.641209065914154
29785,0.24708324670791626
29786,0.5884458422660828
29787,0.7280944585800171
29788,0.3486303687095642
29789,0.3084219694137573
29790,0.8083732724189758
29791,0.4525984227657318
29792,0.4654386043548584
29793,0.1809915155172348
29794,0.4329541325569153
29795,0.5289652943611145
29796,0.7797446846961975
29797,0.6578990817070007
29798,0.7841202616691589
29799,0.42956387996673584
29800,0.6523874998092651
29801,0.5862757563591003
29802,0.7085592150688171
29803,0.31421971321105957
29804,0.6208813786506653
29805,0.2727862000465393
29806,0.5517657995223999
29807,0.6931642889976501
29808,0.336209774017334
29809,0.24158328771591187
29810,0.7769679427146912
29811,0.8252933621406555
29812,0.323444128036499
29813,0.5215963125228882
29814,0.5460899472236633
29815,0.8147057294845581
29816,0.7768105864524841
29817,0.6852156519889832
29818,0.35760873556137085
29819,0.39464735984802246
29820,0.7834798693656921
29821,0.4178745746612549
29822,0.571194589138031
29823,0.7861696481704712
29824,0.6490389108657837
29825,0.49429601430892944
29826,0.3771398663520813
29827,0.26717501878738403
29828,0.33111119270324707
29829,0.7164585590362549
29830,0.7820214629173279
29831,0.47641974687576294
29832,0.7965680956840515
29833,0.31028079986572266
29834,0.6790129542350769
29835,0.6188387274742126
29836,0.37709009647369385
29837,0.34381532669067383
29838,0.12106949090957642
29839,0.37890517711639404
29840,0.4510451555252075
29841,0.7104958295822144
29842,0.4735928177833557
29843,0.2237604856491089
29844,0.46551162004470825
29845,0.32014161348342896
29846,0.38199537992477417
29847,0.7375133037567139
29848,0.6233260631561279
29849,0.20391148328781128
29850,0.3723800778388977
29851,0.3097173571586609
29852,0.31556254625320435
29853,0.38078922033309937
29854,0.5906351804733276
29855,0.20809327065944672
29856,0.4965927004814148
29857,0.5907822251319885
29858,0.3217982053756714
29859,0.4979189336299896
29860,0.45490700006484985
29861,0.7283212542533875
29862,0.7419359683990479
29863,0.4851475954055786
29864,0.6722970604896545
29865,0.5309088826179504
29866,0.33453232049942017
29867,0.3932269513607025
29868,0.5168219804763794
29869,0.43884244561195374
29870,0.3396129608154297
29871,0.7434731721878052
29872,0.5565503239631653
29873,0.7266538739204407
29874,0.744907557964325
29875,0.7989184260368347
29876,0.5528385639190674
29877,0.45819953083992004
29878,0.4851935803890228
29879,0.2758943438529968
29880,0.7492229342460632
29881,0.6922975182533264
29882,0.6947570443153381
29883,0.30350616574287415
29884,0.5508782863616943
29885,0.4564627707004547
29886,0.4252510666847229
29887,0.49645233154296875
29888,0.6649143099784851
29889,0.7803876399993896
29890,0.2769011855125427
29891,0.36003291606903076
29892,0.7590438723564148
29893,0.30909061431884766
29894,0.551461398601532
29895,0.8199459910392761
29896,0.48939165472984314
29897,0.5165151953697205
29898,0.48189589381217957
29899,0.2067558616399765
29900,0.5542364716529846
29901,0.8260141611099243
29902,0.39730215072631836
29903,0.5929648876190186
29904,0.6987655162811279
29905,0.5979030132293701
29906,0.35841572284698486
29907,0.5576560497283936
29908,0.5232203602790833
29909,0.2785099744796753
29910,0.7885047793388367
29911,0.5899063944816589
29912,0.4586266875267029
29913,0.3522290885448456
29914,0.602419912815094
29915,0.2929741442203522
29916,0.6811729669570923
29917,0.8228569626808167
29918,0.7343975901603699
29919,0.7045086026191711
29920,0.32253965735435486
29921,0.21889188885688782
29922,0.5171517729759216
29923,0.41639214754104614
29924,0.45459824800491333
29925,0.2741083800792694
29926,0.4298721253871918
29927,0.35687410831451416
29928,0.820655107498169
29929,0.6241927146911621
29930,0.38387805223464966
29931,0.6192025542259216
29932,0.6045404672622681
29933,0.7130637764930725
29934,0.4164063334465027
29935,0.3518444895744324
29936,0.4279915690422058
29937,0.6987641453742981
29938,0.20080363750457764
29939,0.3370664119720459
29940,0.39167582988739014
29941,0.5694137215614319
29942,0.5583849549293518
29943,0.6812130808830261
29944,0.4746994972229004
29945,0.6163422465324402
29946,0.5236237645149231
29947,0.820746898651123
29948,0.37111544609069824
29949,0.3513340353965759
29950,0.8012673854827881
29951,0.5364056825637817
29952,0.18781650066375732
29953,0.2076578587293625
29954,0.31069183349609375
29955,0.7279735207557678
29956,0.8151648044586182
29957,0.5423123240470886
29958,0.5454723834991455
29959,0.4283832311630249
29960,0.7589438557624817
29961,0.533708930015564
29962,0.7850842475891113
29963,0.5404959321022034
29964,0.577835738658905
29965,0.3670368790626526
29966,0.3332780599594116
29967,0.5528456568717957
29968,0.47795936465263367
29969,0.36013054847717285
29970,0.22214184701442719
29971,0.5595366358757019
29972,0.4999215006828308
29973,0.4242175221443176
29974,0.3477591574192047
29975,0.20354369282722473
29976,0.8302017450332642
29977,0.5443972945213318
29978,0.5229299068450928
29979,0.21664847433567047
29980,0.34129074215888977
29981,0.30759164690971375
29982,0.2491699457168579
29983,0.825600266456604
29984,0.5613918900489807
29985,0.21738208830356598
29986,0.4596083462238312
29987,0.5342599153518677
29988,0.6696984171867371
29989,0.40800487995147705
29990,0.3396150469779968
29991,0.6143035292625427
29992,0.3739398717880249
29993,0.7317927479743958
29994,0.4203549027442932
29995,0.7493886351585388
29996,0.5422623157501221
29997,0.20190031826496124
29998,0.42688867449760437
29999,0.3682296574115753
30000,0.4577489197254181
30001,0.2197161316871643
30002,0.5618970990180969
30003,0.361120343208313
30004,0.645494282245636
30005,0.830998957157135
30006,0.380488783121109
30007,0.31475770473480225
30008,0.44366538524627686
30009,0.5339639782905579
30010,0.2552143335342407
30011,0.7215213775634766
30012,0.7268250584602356
30013,0.3878505229949951
30014,0.37865525484085083
30015,0.6612864136695862
30016,0.4560752809047699
30017,0.7482768893241882
30018,0.43458884954452515
30019,0.4045321047306061
30020,0.7102635502815247
30021,0.5658134818077087
30022,0.22464565932750702
30023,0.5168667435646057
30024,0.21084871888160706
30025,0.18395960330963135
30026,0.5528442859649658
30027,0.6213243007659912
30028,0.8285144567489624
30029,0.7479141354560852
30030,0.22519148886203766
30031,0.5425546765327454
30032,0.820448637008667
30033,0.3661072850227356
30034,0.5669571757316589
30035,0.37841635942459106
30036,0.7052532434463501
30037,0.4070160686969757
30038,0.7247677445411682
30039,0.635615348815918
30040,0.37876129150390625
30041,0.560198962688446
30042,0.5243138670921326
30043,0.49857157468795776
30044,0.5244722962379456
30045,0.719643235206604
30046,0.673000693321228
30047,0.17902104556560516
30048,0.42100366950035095
30049,0.49149712920188904
30050,0.6225337386131287
30051,0.43879392743110657
30052,0.7920977473258972
30053,0.5167855024337769
30054,0.5606101155281067
30055,0.7188172936439514
30056,0.37655240297317505
30057,0.6712847352027893
30058,0.591717004776001
30059,0.5487995743751526
30060,0.21808072924613953
30061,0.3501774072647095
30062,0.2938796281814575
30063,0.764360785484314
30064,0.6473737359046936
30065,0.6996934413909912
30066,0.7668684124946594
30067,0.39732396602630615
30068,0.6861621141433716
30069,0.47287872433662415
30070,0.547191858291626
30071,0.4661485552787781
30072,0.46214643120765686
30073,0.49766823649406433
30074,0.4269174337387085
30075,0.5474933981895447
30076,0.28269168734550476
30077,0.7326255440711975
30078,0.8406526446342468
30079,0.3926398754119873
30080,0.16158492863178253
30081,0.6532904505729675
30082,0.8074375987052917
30083,0.7469903826713562
30084,0.7261949181556702
30085,0.4213382303714752
30086,0.7559244632720947
30087,0.8399050831794739
30088,0.46968042850494385
30089,0.22430531680583954
30090,0.24065113067626953
30091,0.30265939235687256
30092,0.686561644077301
30093,0.593674898147583
30094,0.7191104292869568
30095,0.48173364996910095
30096,0.5577403903007507
30097,0.32352501153945923
30098,0.45137402415275574
30099,0.3935055136680603
30100,0.7155046463012695
30101,0.4474244713783264
30102,0.5073150992393494
30103,0.46768492460250854
30104,0.6532864570617676
30105,0.3436136841773987
30106,0.7577103972434998
30107,0.26334112882614136
30108,0.5550726056098938
30109,0.49813419580459595
30110,0.8201848864555359
30111,0.6433372497558594
30112,0.7283543348312378
30113,0.27980124950408936
30114,0.7520198225975037
30115,0.7419049143791199
30116,0.5518686771392822
30117,0.21451127529144287
30118,0.20783138275146484
30119,0.21340569853782654
30120,0.6916903257369995
30121,0.5805068612098694
30122,0.41606348752975464
30123,0.38764119148254395
30124,0.31179118156433105
30125,0.32509031891822815
30126,0.24655818939208984
30127,0.6898316144943237
30128,0.178889662027359
30129,0.4584437906742096
30130,0.2241429090499878
30131,0.2442181259393692
30132,0.2782260775566101
30133,0.3089314103126526
30134,0.5479044318199158
30135,0.7779141664505005
30136,0.3575540781021118
30137,0.4253188371658325
30138,0.7332993149757385
30139,0.6405547857284546
30140,0.29558733105659485
30141,0.5184399485588074
30142,0.3781992197036743
30143,0.823028028011322
30144,0.26806002855300903
30145,0.8067924380302429
30146,0.4026842415332794
30147,0.5620006918907166
30148,0.3771289587020874
30149,0.5547382235527039
30150,0.4841260612010956
30151,0.691058874130249
30152,0.22084209322929382
30153,0.39469385147094727
30154,0.5409999489784241
30155,0.3035967946052551
30156,0.6434196829795837
30157,0.7198107242584229
30158,0.5900394320487976
30159,0.5702956914901733
30160,0.5096643567085266
30161,0.7161988615989685
30162,0.32894957065582275
30163,0.612554132938385
30164,0.43210941553115845
30165,0.2954620122909546
30166,0.4962901473045349
30167,0.7081720232963562
30168,0.4341650605201721
30169,0.3113265931606293
30170,0.5288524031639099
30171,0.317685067653656
30172,0.3035010099411011
30173,0.8394876718521118
30174,0.20105573534965515
30175,0.3988618850708008
30176,0.4203033745288849
30177,0.8060051798820496
30178,0.6863743662834167
30179,0.4943002462387085
30180,0.7895265221595764
30181,0.3959606885910034
30182,0.6324960589408875
30183,0.33271920680999756
30184,0.32124561071395874
30185,0.6466309428215027
30186,0.3918094336986542
30187,0.5857743620872498
30188,0.5531342029571533
30189,0.6046821475028992
30190,0.3141591548919678
30191,0.697963535785675
30192,0.7398843169212341
30193,0.27638256549835205
30194,0.3322881758213043
30195,0.5247265696525574
30196,0.45823442935943604
30197,0.8190024495124817
30198,0.5388633608818054
30199,0.4661584794521332
30200,0.4073774218559265
30201,0.4485350251197815
30202,0.4319934844970703
30203,0.5010883212089539
30204,0.4539233148097992
30205,0.3648354113101959
30206,0.3830263018608093
30207,0.4591158330440521
30208,0.5053982138633728
30209,0.4515848159790039
30210,0.682114839553833
30211,0.8152105212211609
30212,0.20008507370948792
30213,0.8304490447044373
30214,0.4405418336391449
30215,0.4397001266479492
30216,0.6766024827957153
30217,0.38368725776672363
30218,0.601599931716919
30219,0.4685208201408386
30220,0.228139728307724
30221,0.2480200231075287
30222,0.5327642560005188
30223,0.2750278115272522
30224,0.3203152120113373
30225,0.7547322511672974
30226,0.7846540808677673
30227,0.46194466948509216
30228,0.38990119099617004
30229,0.4129786491394043
30230,0.8353236317634583
30231,0.7839156985282898
30232,0.7517492175102234
30233,0.6062492728233337
30234,0.5501109957695007
30235,0.6771338582038879
30236,0.3277410566806793
30237,0.4684727191925049
30238,0.7439287304878235
30239,0.5673000812530518
30240,0.6290352940559387
30241,0.46695923805236816
30242,0.5527743101119995
30243,0.7863801717758179
30244,0.6803922057151794
30245,0.48793697357177734
30246,0.316715270280838
30247,0.6463509798049927
30248,0.4589223265647888
30249,0.5515124201774597
30250,0.4536791443824768
30251,0.2268870621919632
30252,0.5617846846580505
30253,0.7056511044502258
30254,0.7661895155906677
30255,0.27318885922431946
30256,0.5325391888618469
30257,0.795872151851654
30258,0.35515499114990234
30259,0.4557064175605774
30260,0.40777862071990967
30261,0.35795652866363525
30262,0.536157488822937
30263,0.3806895613670349
30264,0.521528422832489
30265,0.8256068229675293
30266,0.3540630340576172
30267,0.5670388340950012
30268,0.17985115945339203
30269,0.8220248818397522
30270,0.5321584939956665
30271,0.7509720921516418
30272,0.2846429646015167
30273,0.7897794246673584
30274,0.744159460067749
30275,0.26825404167175293
30276,0.510520875453949
30277,0.45995014905929565
30278,0.4883183240890503
30279,0.520371675491333
30280,0.25743305683135986
30281,0.4749419689178467
30282,0.23239509761333466
30283,0.37384793162345886
30284,0.6487430930137634
30285,0.8448569178581238
30286,0.46043336391448975
30287,0.18526405096054077
30288,0.24782943725585938
30289,0.5927745699882507
30290,0.8188871741294861
30291,0.6516976356506348
30292,0.4541622996330261
30293,0.7813313007354736
30294,0.28119850158691406
30295,0.3796834945678711
30296,0.22999383509159088
30297,0.6629673838615417
30298,0.40434345602989197
30299,0.42702293395996094
30300,0.4051416516304016
30301,0.5133888721466064
30302,0.5817148089408875
30303,0.53964763879776
30304,0.3326020836830139
30305,0.43944597244262695
30306,0.3255428075790405
30307,0.4952469766139984
30308,0.2381700575351715
30309,0.5308693051338196
30310,0.3421841859817505
30311,0.7714107632637024
30312,0.214118093252182
30313,0.42054638266563416
30314,0.5893176198005676
30315,0.4257240891456604
30316,0.6252973675727844
30317,0.3555528521537781
30318,0.832111120223999
30319,0.5131096839904785
30320,0.7428471446037292
30321,0.2856372892856598
30322,0.44398513436317444
30323,0.8181361556053162
30324,0.7510717511177063
30325,0.28776639699935913
30326,0.6762265563011169
30327,0.5961883664131165
30328,0.6588110327720642
30329,0.3900444507598877
30330,0.2512055039405823
30331,0.7262658476829529
30332,0.4421108365058899
30333,0.30739712715148926
30334,0.4146444797515869
30335,0.7083374857902527
30336,0.7351182103157043
30337,0.8164226412773132
30338,0.5107869505882263
30339,0.6459105610847473
30340,0.41108089685440063
30341,0.42357584834098816
30342,0.4765200614929199
30343,0.5616070628166199
30344,0.7414761781692505
30345,0.7070418000221252
30346,0.5379694104194641
30347,0.7613025903701782
30348,0.5087524056434631
30349,0.2784122824668884
30350,0.4616323411464691
30351,0.565279483795166
30352,0.19072410464286804
30353,0.4365937113761902
30354,0.48106539249420166
30355,0.371319055557251
30356,0.4771150052547455
30357,0.6158758997917175
30358,0.5008119940757751
30359,0.6956847310066223
30360,0.7814536690711975
30361,0.8058308362960815
30362,0.5904231071472168
30363,0.3926384150981903
30364,0.18519073724746704
30365,0.408433735370636
30366,0.46299847960472107
30367,0.34171026945114136
30368,0.4719068109989166
30369,0.7786269187927246
30370,0.2583250403404236
30371,0.5191330313682556
30372,0.3022611141204834
30373,0.629964292049408
30374,0.7394795417785645
30375,0.3503757119178772
30376,0.7324244976043701
30377,0.24246430397033691
30378,0.2583516836166382
30379,0.6152459979057312
30380,0.2897159159183502
30381,0.7344138622283936
30382,0.6923487782478333
30383,0.3243106007575989
30384,0.6787121891975403
30385,0.2696339190006256
30386,0.45357227325439453
30387,0.22391186654567719
30388,0.16426926851272583
30389,0.5409883856773376
30390,0.3732084035873413
30391,0.4119147062301636
30392,0.2248290479183197
30393,0.5865185856819153
30394,0.31721389293670654
30395,0.3770705461502075
30396,0.6885559558868408
30397,0.6151227951049805
30398,0.47757893800735474
30399,0.7316701412200928
30400,0.26854977011680603
30401,0.6718980669975281
30402,0.5850232839584351
30403,0.8230498433113098
30404,0.728463888168335
30405,0.5840345621109009
30406,0.19165322184562683
30407,0.3266643285751343
30408,0.48937320709228516
30409,0.5830076336860657
30410,0.26452207565307617
30411,0.5399991273880005
30412,0.7610596418380737
30413,0.5217639803886414
30414,0.6740344166755676
30415,0.5347569584846497
30416,0.34312039613723755
30417,0.7943931818008423
30418,0.5526888966560364
30419,0.3781707286834717
30420,0.6840524077415466
30421,0.36353129148483276
30422,0.668945848941803
30423,0.4046424329280853
30424,0.46588844060897827
30425,0.5305396318435669
30426,0.44210106134414673
30427,0.48537689447402954
30428,0.5382153391838074
30429,0.5089406371116638
30430,0.5253974199295044
30431,0.5882483124732971
30432,0.8151702284812927
30433,0.2067384123802185
30434,0.4701218008995056
30435,0.4350261986255646
30436,0.4262186288833618
30437,0.5433756709098816
30438,0.2788703143596649
30439,0.18029238283634186
30440,0.4552178382873535
30441,0.17477568984031677
30442,0.5490909814834595
30443,0.3690592646598816
30444,0.43481671810150146
30445,0.24103432893753052
30446,0.24821531772613525
30447,0.7169067859649658
30448,0.835054337978363
30449,0.470697820186615
30450,0.4947149157524109
30451,0.6049068570137024
30452,0.4449506998062134
30453,0.3681907057762146
30454,0.25311508774757385
30455,0.5798766016960144
30456,0.28228262066841125
30457,0.25578445196151733
30458,0.701515257358551
30459,0.6369892358779907
30460,0.5977652072906494
30461,0.45534759759902954
30462,0.5475040674209595
30463,0.7633450627326965
30464,0.3621980547904968
30465,0.5663002133369446
30466,0.3219934403896332
30467,0.44593554735183716
30468,0.4498876631259918
30469,0.3479164242744446
30470,0.3226216435432434
30471,0.8162936568260193
30472,0.35434138774871826
30473,0.5253322124481201
30474,0.6851372122764587
30475,0.6295117735862732
30476,0.3811500072479248
30477,0.8189225792884827
30478,0.37164705991744995
30479,0.5459458231925964
30480,0.3245420455932617
30481,0.8100108504295349
30482,0.5349475145339966
30483,0.36303243041038513
30484,0.44012507796287537
30485,0.538224458694458
30486,0.38789790868759155
30487,0.6134881377220154
30488,0.144703209400177
30489,0.35882866382598877
30490,0.3592239320278168
30491,0.4246118664741516
30492,0.820987343788147
30493,0.33489200472831726
30494,0.4337103068828583
30495,0.5549997687339783
30496,0.438772052526474
30497,0.30436477065086365
30498,0.6041063070297241
30499,0.21099087595939636
30500,0.44623976945877075
30501,0.3715982139110565
30502,0.8116872906684875
30503,0.660658061504364
30504,0.746653139591217
30505,0.3326432704925537
30506,0.6275255680084229
30507,0.6648179888725281
30508,0.6539877653121948
30509,0.4576728641986847
30510,0.4766305387020111
30511,0.3307439088821411
30512,0.3582857847213745
30513,0.7227129340171814
30514,0.8172487616539001
30515,0.20862308144569397
30516,0.3113206624984741
30517,0.5294386148452759
30518,0.6798079013824463
30519,0.492726594209671
30520,0.5244311690330505
30521,0.34737831354141235
30522,0.35955333709716797
30523,0.2525414228439331
30524,0.37679970264434814
30525,0.48701074719429016
30526,0.7066399455070496
30527,0.2559230923652649
30528,0.40313655138015747
30529,0.31089287996292114
30530,0.23651742935180664
30531,0.5221706032752991
30532,0.4842921793460846
30533,0.7990056276321411
30534,0.403902530670166
30535,0.34298253059387207
30536,0.6244343519210815
30537,0.48295217752456665
30538,0.4470207393169403
30539,0.8019654154777527
30540,0.3892001807689667
30541,0.6919071674346924
30542,0.29270845651626587
30543,0.43459153175354004
30544,0.7084254622459412
30545,0.4626338481903076
30546,0.2987498641014099
30547,0.5403734445571899
30548,0.5134337544441223
30549,0.23829413950443268
30550,0.3957270681858063
30551,0.7339087128639221
30552,0.5564426779747009
30553,0.45386093854904175
30554,0.7188532948493958
30555,0.503206729888916
30556,0.640189528465271
30557,0.2858787775039673
30558,0.5915855169296265
30559,0.6665371060371399
30560,0.2679405212402344
30561,0.3994869589805603
30562,0.23259423673152924
30563,0.19680267572402954
30564,0.3768202066421509
30565,0.49936503171920776
30566,0.3974796235561371
30567,0.7761756777763367
30568,0.5466132760047913
30569,0.7393397688865662
30570,0.5095723271369934
30571,0.19450682401657104
30572,0.5897935628890991
30573,0.7007527351379395
30574,0.6630633473396301
30575,0.4990970492362976
30576,0.5533800721168518
30577,0.351352334022522
30578,0.7251810431480408
30579,0.46937641501426697
30580,0.5926004648208618
30581,0.7154377698898315
30582,0.255328893661499
30583,0.49095356464385986
30584,0.5103568434715271
30585,0.2927493155002594
30586,0.6067679524421692
30587,0.41478413343429565
30588,0.5129101872444153
30589,0.5319406390190125
30590,0.31170737743377686
30591,0.6492018103599548
30592,0.7384122014045715
30593,0.5300646424293518
30594,0.25103241205215454
30595,0.8119130730628967
30596,0.47119617462158203
30597,0.5753238797187805
30598,0.2218649834394455
30599,0.6339253783226013
30600,0.5903158783912659
30601,0.48700809478759766
30602,0.7138794660568237
30603,0.6075357794761658
30604,0.5561161041259766
30605,0.3738171458244324
30606,0.3342598080635071
30607,0.47278231382369995
30608,0.49979352951049805
30609,0.5251678824424744
30610,0.6892231702804565
30611,0.5051639676094055
30612,0.6403312087059021
30613,0.46222659945487976
30614,0.37753036618232727
30615,0.5096363425254822
30616,0.5170965790748596
30617,0.28025180101394653
30618,0.6981087923049927
30619,0.4712878465652466
30620,0.5572806000709534
30621,0.5597671866416931
30622,0.2972995638847351
30623,0.7932510375976562
30624,0.34494391083717346
30625,0.5233327746391296
30626,0.6713882088661194
30627,0.3432134985923767
30628,0.5447030067443848
30629,0.4017387330532074
30630,0.2876730263233185
30631,0.5551683306694031
30632,0.43377572298049927
30633,0.8303341865539551
30634,0.6811308860778809
30635,0.6042752861976624
30636,0.7982006072998047
30637,0.2277493178844452
30638,0.47819072008132935
30639,0.3613699972629547
30640,0.3498452305793762
30641,0.5861479640007019
30642,0.3653496503829956
30643,0.6617267727851868
30644,0.614420473575592
30645,0.6653244495391846
30646,0.34987694025039673
30647,0.4409872889518738
30648,0.5491955280303955
30649,0.5138481259346008
30650,0.8217043876647949
30651,0.8059813380241394
30652,0.7815800309181213
30653,0.7025938630104065
30654,0.24882040917873383
30655,0.6750282049179077
30656,0.6193030476570129
30657,0.4219145178794861
30658,0.34380918741226196
30659,0.3151012063026428
30660,0.5225639939308167
30661,0.7289839386940002
30662,0.5300719141960144
30663,0.4500516951084137
30664,0.5820532441139221
30665,0.49494150280952454
30666,0.5685728788375854
30667,0.4219883382320404
30668,0.6405406594276428
30669,0.4755728542804718
30670,0.48217442631721497
30671,0.36098551750183105
30672,0.3101056218147278
30673,0.6102976202964783
30674,0.6605862379074097
30675,0.7609930634498596
30676,0.2924766540527344
30677,0.23460990190505981
30678,0.6562258005142212
30679,0.5735915303230286
30680,0.7324773073196411
30681,0.7735707759857178
30682,0.1868114471435547
30683,0.3848828077316284
30684,0.30482354760169983
30685,0.719755232334137
30686,0.5223771929740906
30687,0.28509554266929626
30688,0.6394956707954407
30689,0.7645606994628906
30690,0.7065264582633972
30691,0.2822191119194031
30692,0.19176587462425232
30693,0.44647473096847534
30694,0.5514251589775085
30695,0.49584856629371643
30696,0.6410029530525208
30697,0.22646544873714447
30698,0.1770200878381729
30699,0.4286777675151825
30700,0.6652456521987915
30701,0.5478201508522034
30702,0.6009225249290466
30703,0.49938637018203735
30704,0.5616911053657532
30705,0.5075448155403137
30706,0.7899943590164185
30707,0.5407873392105103
30708,0.6667336821556091
30709,0.38650158047676086
30710,0.4068385362625122
30711,0.34060922265052795
30712,0.7781677842140198
30713,0.8336620926856995
30714,0.45894426107406616
30715,0.45276620984077454
30716,0.776131272315979
30717,0.4709590971469879
30718,0.3430413007736206
30719,0.3622899651527405
30720,0.35284990072250366
30721,0.4199235439300537
30722,0.7247539758682251
30723,0.3087705969810486
30724,0.5444628000259399
30725,0.5244154930114746
30726,0.17935049533843994
30727,0.3504345417022705
30728,0.3736460208892822
30729,0.5826086401939392
30730,0.8366706967353821
30731,0.5642459392547607
30732,0.29304271936416626
30733,0.4777562916278839
30734,0.4094035029411316
30735,0.38693681359291077
30736,0.5854817032814026
30737,0.45490920543670654
30738,0.7523747086524963
30739,0.328993022441864
30740,0.8150885105133057
30741,0.3357451558113098
30742,0.8258366584777832
30743,0.6142670512199402
30744,0.6474936008453369
30745,0.6191690564155579
30746,0.44927579164505005
30747,0.24883988499641418
30748,0.5343025326728821
30749,0.6776593327522278
30750,0.23019887506961823
30751,0.2853427529335022
30752,0.3858788013458252
30753,0.6469231843948364
30754,0.5493207573890686
30755,0.7624715566635132
30756,0.2503483295440674
30757,0.19026800990104675
30758,0.6816250085830688
30759,0.508966863155365
30760,0.27269405126571655
30761,0.48974019289016724
30762,0.47242945432662964
30763,0.3494027853012085
30764,0.6475229859352112
30765,0.5405402779579163
30766,0.775678277015686
30767,0.5871673226356506
30768,0.5450437068939209
30769,0.4543706178665161
30770,0.5366715788841248
30771,0.3567078709602356
30772,0.6120511889457703
30773,0.2915118932723999
30774,0.4730837941169739
30775,0.482538104057312
30776,0.42174407839775085
30777,0.40659716725349426
30778,0.3958589434623718
30779,0.5525069236755371
30780,0.2899373173713684
30781,0.40675657987594604
30782,0.21973322331905365
30783,0.24905890226364136
30784,0.2522408962249756
30785,0.724353015422821
30786,0.26961129903793335
30787,0.46443241834640503
30788,0.5677328705787659
30789,0.6276261210441589
30790,0.5964775085449219
30791,0.8114646673202515
30792,0.4739796221256256
30793,0.41210973262786865
30794,0.6108805537223816
30795,0.34919750690460205
30796,0.24510368704795837
30797,0.3444485366344452
30798,0.2138512134552002
30799,0.452367901802063
30800,0.6028439998626709
30801,0.29544147849082947
30802,0.35906124114990234
30803,0.3905121088027954
30804,0.3331904709339142
30805,0.4793199896812439
30806,0.5973501801490784
30807,0.533232569694519
30808,0.6888781189918518
30809,0.21390575170516968
30810,0.3416885733604431
30811,0.485529363155365
30812,0.5395382046699524
30813,0.4684107303619385
30814,0.5176364183425903
30815,0.5679383873939514
30816,0.550719141960144
30817,0.665753185749054
30818,0.2054823338985443
30819,0.2912241816520691
30820,0.3276493549346924
30821,0.39219778776168823
30822,0.22153955698013306
30823,0.4303642213344574
30824,0.2759420871734619
30825,0.2794637978076935
30826,0.4829530417919159
30827,0.392322838306427
30828,0.5208868384361267
30829,0.512351393699646
30830,0.49610352516174316
30831,0.8347445130348206
30832,0.4296177625656128
30833,0.3975461721420288
30834,0.4034499228000641
30835,0.3363591432571411
30836,0.30695873498916626
30837,0.30610212683677673
30838,0.49703162908554077
30839,0.4049721360206604
30840,0.44606494903564453
30841,0.4946918487548828
30842,0.46930330991744995
30843,0.6286366581916809
30844,0.43024206161499023
30845,0.7349190711975098
30846,0.4241679310798645
30847,0.6018874049186707
30848,0.3221147060394287
30849,0.42173153162002563
30850,0.5257717967033386
30851,0.793829619884491
30852,0.49495619535446167
30853,0.5640483498573303
30854,0.6574617028236389
30855,0.5079521536827087
30856,0.4195121228694916
30857,0.32224923372268677
30858,0.5672566890716553
30859,0.5540542006492615
30860,0.528699517250061
30861,0.4015676975250244
30862,0.3160134255886078
30863,0.4315192401409149
30864,0.41246724128723145
30865,0.3035220205783844
30866,0.24204841256141663
30867,0.4774460196495056
30868,0.35433924198150635
30869,0.8228830695152283
30870,0.3589322566986084
30871,0.26126521825790405
30872,0.32219815254211426
30873,0.4658591151237488
30874,0.4228138327598572
30875,0.636267364025116
30876,0.437661349773407
30877,0.38719528913497925
30878,0.7070143222808838
30879,0.2392427623271942
30880,0.7258672118186951
30881,0.7821621298789978
30882,0.34781551361083984
30883,0.745536744594574
30884,0.2858211100101471
30885,0.6630317568778992
30886,0.3418087959289551
30887,0.7757408022880554
30888,0.3797646164894104
30889,0.3957383632659912
30890,0.6720746159553528
30891,0.32416847348213196
30892,0.45462101697921753
30893,0.5124742388725281
30894,0.8151519894599915
30895,0.519321858882904
30896,0.4162387251853943
30897,0.17869322001934052
30898,0.3569767475128174
30899,0.3765125572681427
30900,0.3806191086769104
30901,0.43114885687828064
30902,0.3361634612083435
30903,0.259364515542984
30904,0.6219910383224487
30905,0.38828831911087036
30906,0.2521340847015381
30907,0.3229096531867981
30908,0.7605794668197632
30909,0.37613314390182495
30910,0.5554947853088379
30911,0.44148245453834534
30912,0.482673704624176
30913,0.6744691729545593
30914,0.5167919993400574
30915,0.4792855978012085
30916,0.7596152424812317
30917,0.6782616376876831
30918,0.23179952800273895
30919,0.2850876450538635
30920,0.6700475811958313
30921,0.36657020449638367
30922,0.8317768573760986
30923,0.6165726780891418
30924,0.24841704964637756
30925,0.8268758058547974
30926,0.5664351582527161
30927,0.7561391592025757
30928,0.23817917704582214
30929,0.6938261389732361
30930,0.364374577999115
30931,0.24767392873764038
30932,0.8244644999504089
30933,0.7814204096794128
30934,0.6549434065818787
30935,0.19583618640899658
30936,0.5894424319267273
30937,0.31813785433769226
30938,0.49207982420921326
30939,0.7865654230117798
30940,0.8174094557762146
30941,0.8074188232421875
30942,0.6228464841842651
30943,0.2814401388168335
30944,0.5402211546897888
30945,0.5845069885253906
30946,0.5200459361076355
30947,0.5413380861282349
30948,0.6673259735107422
30949,0.45526665449142456
30950,0.5436809062957764
30951,0.2770693302154541
30952,0.3919958770275116
30953,0.766986072063446
30954,0.3849121034145355
30955,0.3997986912727356
30956,0.29305386543273926
30957,0.45546606183052063
30958,0.8212396502494812
30959,0.46383413672447205
30960,0.7253581285476685
30961,0.3036033809185028
30962,0.2984718680381775
30963,0.5681051015853882
30964,0.3802661895751953
30965,0.7624650001525879
30966,0.22006601095199585
30967,0.6062506437301636
30968,0.4177546501159668
30969,0.2791598439216614
30970,0.4382775127887726
30971,0.5872757434844971
30972,0.4987819790840149
30973,0.6177216172218323
30974,0.6084389090538025
30975,0.6114322543144226
30976,0.8014832139015198
30977,0.2058458924293518
30978,0.6683869361877441
30979,0.5221966505050659
30980,0.4417218565940857
30981,0.6321837306022644
30982,0.40737247467041016
30983,0.8046282529830933
30984,0.4732290208339691
30985,0.32777824997901917
30986,0.7860124707221985
30987,0.7484400868415833
30988,0.7697900533676147
30989,0.44438856840133667
30990,0.625116765499115
30991,0.6952427625656128
30992,0.5570071339607239
30993,0.7477279305458069
30994,0.8271090984344482
30995,0.37436798214912415
30996,0.6083938479423523
30997,0.2906232476234436
30998,0.7493554949760437
30999,0.7032580375671387
31000,0.670365035533905
31001,0.6484711766242981
31002,0.3805393576622009
31003,0.3357647657394409
31004,0.3272256553173065
31005,0.3844420313835144
31006,0.6348677277565002
31007,0.40048056840896606
31008,0.5175793766975403
31009,0.19629940390586853
31010,0.3151664137840271
31011,0.2837653160095215
31012,0.30764538049697876
31013,0.4929494559764862
31014,0.7271618247032166
31015,0.3716481626033783
31016,0.807351291179657
31017,0.4839465320110321
31018,0.5973504185676575
31019,0.6884978413581848
31020,0.5685071349143982
31021,0.44416096806526184
31022,0.3553856313228607
31023,0.29499465227127075
31024,0.23479822278022766
31025,0.8163842558860779
31026,0.13319090008735657
31027,0.7183482050895691
31028,0.7231744527816772
31029,0.35248422622680664
31030,0.4800998270511627
31031,0.5447739958763123
31032,0.5510759949684143
31033,0.2548457682132721
31034,0.36851367354393005
31035,0.8044998645782471
31036,0.6761439442634583
31037,0.4651603698730469
31038,0.4468892216682434
31039,0.25082552433013916
31040,0.30248773097991943
31041,0.36682167649269104
31042,0.5572871565818787
31043,0.8170563578605652
31044,0.7981557250022888
31045,0.5939100384712219
31046,0.6063558459281921
31047,0.2633638381958008
31048,0.49169471859931946
31049,0.2871793806552887
31050,0.5074779391288757
31051,0.27520889043807983
31052,0.49834001064300537
31053,0.70863938331604
31054,0.33607304096221924
31055,0.7342922687530518
31056,0.3841267228126526
31057,0.4583962559700012
31058,0.6471688151359558
31059,0.4509567320346832
31060,0.5468574166297913
31061,0.3528996706008911
31062,0.6432545781135559
31063,0.43003565073013306
31064,0.7620053887367249
31065,0.8227424025535583
31066,0.6475541591644287
31067,0.74714195728302
31068,0.48070046305656433
31069,0.6974701881408691
31070,0.5671812891960144
31071,0.2620517909526825
31072,0.7476635575294495
31073,0.2933005690574646
31074,0.5181973576545715
31075,0.2333385944366455
31076,0.6242300868034363
31077,0.2867097854614258
31078,0.800242006778717
31079,0.5228277444839478
31080,0.5186172127723694
31081,0.4275764226913452
31082,0.7136875987052917
31083,0.7423751950263977
31084,0.574309229850769
31085,0.2592809796333313
31086,0.34524014592170715
31087,0.21521888673305511
31088,0.5870240926742554
31089,0.7320318222045898
31090,0.33710402250289917
31091,0.47934016585350037
31092,0.5221966505050659
31093,0.611894428730011
31094,0.3042027950286865
31095,0.4560794234275818
31096,0.4259898066520691
31097,0.4130229353904724
31098,0.3482261598110199
31099,0.39117029309272766
31100,0.22278743982315063
31101,0.3442569375038147
31102,0.5533945560455322
31103,0.30640459060668945
31104,0.36954939365386963
31105,0.2584686577320099
31106,0.6762889623641968
31107,0.3968941867351532
31108,0.7503456473350525
31109,0.5771943926811218
31110,0.8084638118743896
31111,0.7150680422782898
31112,0.5650637149810791
31113,0.6390581727027893
31114,0.7447064518928528
31115,0.6966767907142639
31116,0.2615201473236084
31117,0.2358182817697525
31118,0.199833482503891
31119,0.8350017070770264
31120,0.25874143838882446
31121,0.6042218208312988
31122,0.22982650995254517
31123,0.26813969016075134
31124,0.6754828095436096
31125,0.4008054733276367
31126,0.43468695878982544
31127,0.28327059745788574
31128,0.8019983768463135
31129,0.8060575723648071
31130,0.4580993056297302
31131,0.6907327771186829
31132,0.3939579129219055
31133,0.4106093645095825
31134,0.6187545657157898
31135,0.6008767485618591
31136,0.3670060634613037
31137,0.3332445025444031
31138,0.3154728412628174
31139,0.6159880757331848
31140,0.6379799842834473
31141,0.7703207731246948
31142,0.3892629146575928
31143,0.6572105288505554
31144,0.804885983467102
31145,0.26537024974823
31146,0.7173328995704651
31147,0.35275352001190186
31148,0.25283345580101013
31149,0.4152657985687256
31150,0.19823773205280304
31151,0.47986501455307007
31152,0.5748254656791687
31153,0.3434942960739136
31154,0.28077149391174316
31155,0.6537458896636963
31156,0.8055105209350586
31157,0.7561783194541931
31158,0.605430006980896
31159,0.5829764008522034
31160,0.7632878422737122
31161,0.796796977519989
31162,0.36492329835891724
31163,0.7457334399223328
31164,0.5159612894058228
31165,0.3956708312034607
31166,0.6622921228408813
31167,0.705991804599762
31168,0.43021050095558167
31169,0.22082895040512085
31170,0.7663467526435852
31171,0.47300463914871216
31172,0.23889286816120148
31173,0.7935266494750977
31174,0.36041682958602905
31175,0.36476075649261475
31176,0.43435636162757874
31177,0.4767315983772278
31178,0.2760830521583557
31179,0.8204487562179565
31180,0.6983444094657898
31181,0.286702036857605
31182,0.5211992859840393
31183,0.16154557466506958
31184,0.40451985597610474
31185,0.1652538776397705
31186,0.7558834552764893
31187,0.34079283475875854
31188,0.7491148114204407
31189,0.490206241607666
31190,0.6105483174324036
31191,0.21985869109630585
31192,0.5904912948608398
31193,0.4531697630882263
31194,0.6144844889640808
31195,0.4484213590621948
31196,0.6002895832061768
31197,0.6064947247505188
31198,0.7034135460853577
31199,0.6938382983207703
31200,0.34793221950531006
31201,0.48259106278419495
31202,0.4633530378341675
31203,0.4763156473636627
31204,0.7479806542396545
31205,0.45494601130485535
31206,0.3780192732810974
31207,0.550889790058136
31208,0.5199506282806396
31209,0.5847280621528625
31210,0.5218326449394226
31211,0.26562002301216125
31212,0.7147065997123718
31213,0.7216352224349976
31214,0.6533415913581848
31215,0.47425103187561035
31216,0.29672154784202576
31217,0.7072280049324036
31218,0.4490862190723419
31219,0.6642946600914001
31220,0.43411749601364136
31221,0.4791663885116577
31222,0.5115177631378174
31223,0.5119399428367615
31224,0.3755730986595154
31225,0.8071371912956238
31226,0.15197691321372986
31227,0.6448743939399719
31228,0.4759538173675537
31229,0.3982487618923187
31230,0.250662624835968
31231,0.41044580936431885
31232,0.5085083246231079
31233,0.3410540521144867
31234,0.28328168392181396
31235,0.31983447074890137
31236,0.3684297800064087
31237,0.6632391810417175
31238,0.4650132656097412
31239,0.6282203197479248
31240,0.33725300431251526
31241,0.24396836757659912
31242,0.5729795098304749
31243,0.6077766418457031
31244,0.45529958605766296
31245,0.8050224184989929
31246,0.8363993167877197
31247,0.8056914806365967
31248,0.749362051486969
31249,0.7415115237236023
31250,0.4837315082550049
31251,0.7687067985534668
31252,0.5951636433601379
31253,0.4854866564273834
31254,0.5295006632804871
31255,0.1960328221321106
31256,0.5620058178901672
31257,0.4283277094364166
31258,0.39471572637557983
31259,0.5598472356796265
31260,0.36188530921936035
31261,0.35835498571395874
31262,0.7277477979660034
31263,0.7894943356513977
31264,0.5297850966453552
31265,0.5484985709190369
31266,0.3499091863632202
31267,0.5316649675369263
31268,0.468105673789978
31269,0.6004882454872131
31270,0.454884797334671
31271,0.33842265605926514
31272,0.2718692123889923
31273,0.7326261401176453
31274,0.44302359223365784
31275,0.34326839447021484
31276,0.7349184155464172
31277,0.22275573015213013
31278,0.7562082409858704
31279,0.2976483106613159
31280,0.16865520179271698
31281,0.3846311867237091
31282,0.46326035261154175
31283,0.693149983882904
31284,0.8089273571968079
31285,0.2802921235561371
31286,0.32075339555740356
31287,0.4518037438392639
31288,0.17433497309684753
31289,0.47697126865386963
31290,0.5064446926116943
31291,0.4504026472568512
31292,0.5958661437034607
31293,0.5853586792945862
31294,0.5639832615852356
31295,0.3844987154006958
31296,0.5169715881347656
31297,0.25291091203689575
31298,0.5221896171569824
31299,0.4854557514190674
31300,0.5293602347373962
31301,0.5730829834938049
31302,0.7331520915031433
31303,0.3403555750846863
31304,0.7414798736572266
31305,0.6550139784812927
31306,0.6294112801551819
31307,0.3179347515106201
31308,0.7497480511665344
31309,0.29085618257522583
31310,0.2667098939418793
31311,0.5880287885665894
31312,0.5083421468734741
31313,0.8093463182449341
31314,0.2865141034126282
31315,0.7660132646560669
31316,0.6735225915908813
31317,0.7700614333152771
31318,0.5399559140205383
31319,0.3108070492744446
31320,0.6529684066772461
31321,0.5062482953071594
31322,0.35526517033576965
31323,0.25786787271499634
31324,0.7500159740447998
31325,0.5280200839042664
31326,0.20775242149829865
31327,0.8042263388633728
31328,0.3982977867126465
31329,0.3061811625957489
31330,0.2997472286224365
31331,0.42920470237731934
31332,0.3762604594230652
31333,0.3117951452732086
31334,0.6136605739593506
31335,0.8032137751579285
31336,0.7192268967628479
31337,0.3196936845779419
31338,0.4955640137195587
31339,0.4462948441505432
31340,0.703155517578125
31341,0.3855133652687073
31342,0.24343568086624146
31343,0.24601945281028748
31344,0.6234579682350159
31345,0.4309471845626831
31346,0.6958541870117188
31347,0.5958204865455627
31348,0.3396194577217102
31349,0.8167072534561157
31350,0.23499959707260132
31351,0.2773281931877136
31352,0.5701656341552734
31353,0.7400228381156921
31354,0.7449750900268555
31355,0.7721918225288391
31356,0.6586715579032898
31357,0.755160927772522
31358,0.700749933719635
31359,0.5881249308586121
31360,0.7409147620201111
31361,0.23163455724716187
31362,0.2475968897342682
31363,0.24204547703266144
31364,0.8050070405006409
31365,0.435810387134552
31366,0.37641870975494385
31367,0.19207945466041565
31368,0.45246484875679016
31369,0.7286652326583862
31370,0.33266961574554443
31371,0.3696555495262146
31372,0.28954192996025085
31373,0.7781198024749756
31374,0.7818383574485779
31375,0.48164767026901245
31376,0.25346094369888306
31377,0.7299727201461792
31378,0.7650495171546936
31379,0.5439413189888
31380,0.4711952209472656
31381,0.19471338391304016
31382,0.8060247302055359
31383,0.6086145639419556
31384,0.8228122591972351
31385,0.242279514670372
31386,0.4872104227542877
31387,0.31422632932662964
31388,0.7268997430801392
31389,0.5244273543357849
31390,0.669069230556488
31391,0.5566627383232117
31392,0.5411285161972046
31393,0.3810867965221405
31394,0.6186188459396362
31395,0.22111815214157104
31396,0.8301658630371094
31397,0.2860024571418762
31398,0.6599043011665344
31399,0.5216217041015625
31400,0.32652443647384644
31401,0.544162929058075
31402,0.240661159157753
31403,0.6097521185874939
31404,0.5615256428718567
31405,0.512424647808075
31406,0.7717549800872803
31407,0.4051133096218109
31408,0.4295860528945923
31409,0.7377002835273743
31410,0.6657558679580688
31411,0.4041095972061157
31412,0.3775520324707031
31413,0.5988835692405701
31414,0.3310961127281189
31415,0.3271844685077667
31416,0.2852369546890259
31417,0.5809036493301392
31418,0.3621518611907959
31419,0.4682725667953491
31420,0.23759256303310394
31421,0.1669328510761261
31422,0.6169987320899963
31423,0.8116670250892639
31424,0.4020508825778961
31425,0.3965144753456116
31426,0.7944875359535217
31427,0.6887827515602112
31428,0.27472198009490967
31429,0.3804488480091095
31430,0.555337131023407
31431,0.38727378845214844
31432,0.5193979740142822
31433,0.4080667197704315
31434,0.4302293658256531
31435,0.794244110584259
31436,0.22983616590499878
31437,0.30066174268722534
31438,0.6448249220848083
31439,0.4630563259124756
31440,0.4225715398788452
31441,0.30591633915901184
31442,0.26862257719039917
31443,0.5749059915542603
31444,0.5380274057388306
31445,0.7013406157493591
31446,0.6419858336448669
31447,0.5587522983551025
31448,0.44765692949295044
31449,0.3983749449253082
31450,0.6411389112472534
31451,0.6066638827323914
31452,0.6684403419494629
31453,0.36396220326423645
31454,0.43456220626831055
31455,0.6811466217041016
31456,0.26093223690986633
31457,0.4934616982936859
31458,0.5368861556053162
31459,0.6698327660560608
31460,0.5068211555480957
31461,0.23166894912719727
31462,0.6331366300582886
31463,0.7667374014854431
31464,0.45319798588752747
31465,0.3720993995666504
31466,0.32416781783103943
31467,0.38835740089416504
31468,0.6223870515823364
31469,0.47793734073638916
31470,0.27942362427711487
31471,0.7404652237892151
31472,0.6875929236412048
31473,0.4356588125228882
31474,0.5025663375854492
31475,0.38104045391082764
31476,0.35127171874046326
31477,0.46665507555007935
31478,0.7677129507064819
31479,0.7654717564582825
31480,0.4487481117248535
31481,0.7188575863838196
31482,0.5570776462554932
31483,0.21777541935443878
31484,0.7260739803314209
31485,0.3227464556694031
31486,0.2603626251220703
31487,0.38471299409866333
31488,0.25984686613082886
31489,0.4451572895050049
31490,0.47734224796295166
31491,0.35160866379737854
31492,0.7151476740837097
31493,0.29694992303848267
31494,0.3128739297389984
31495,0.3415153920650482
31496,0.8082423806190491
31497,0.6446072459220886
31498,0.3647611737251282
31499,0.41789162158966064
31500,0.3538001477718353
31501,0.7236232757568359
31502,0.31028464436531067
31503,0.552939236164093
31504,0.5008660554885864
31505,0.45182308554649353
31506,0.746372401714325
31507,0.5548405051231384
31508,0.7363961338996887
31509,0.24062949419021606
31510,0.18553566932678223
31511,0.6558737754821777
31512,0.31331273913383484
31513,0.2505568265914917
31514,0.302297443151474
31515,0.7301972508430481
31516,0.401025652885437
31517,0.5244219899177551
31518,0.484979510307312
31519,0.7057848572731018
31520,0.6731179356575012
31521,0.5312070250511169
31522,0.40845197439193726
31523,0.49430030584335327
31524,0.4137769937515259
31525,0.2845850884914398
31526,0.6998140215873718
31527,0.7509838342666626
31528,0.61351478099823
31529,0.3915766477584839
31530,0.3494914770126343
31531,0.5380561947822571
31532,0.4699689745903015
31533,0.7416824102401733
31534,0.19168689846992493
31535,0.3859337568283081
31536,0.35774117708206177
31537,0.3059007227420807
31538,0.720600962638855
31539,0.4691811800003052
31540,0.8094767332077026
31541,0.6844252943992615
31542,0.7630637288093567
31543,0.5713681578636169
31544,0.35583066940307617
31545,0.7449307441711426
31546,0.7374048829078674
31547,0.7586115002632141
31548,0.44303685426712036
31549,0.40917423367500305
31550,0.49959588050842285
31551,0.20497268438339233
31552,0.4653535783290863
31553,0.4319351315498352
31554,0.6607667803764343
31555,0.4707758128643036
31556,0.5380089282989502
31557,0.4126688241958618
31558,0.3154403865337372
31559,0.7085680961608887
31560,0.5990459322929382
31561,0.679832398891449
31562,0.7926293015480042
31563,0.192795529961586
31564,0.7066565752029419
31565,0.7030971646308899
31566,0.4302651286125183
31567,0.3231368064880371
31568,0.354460209608078
31569,0.7499479651451111
31570,0.6404796242713928
31571,0.6908392906188965
31572,0.3298957049846649
31573,0.4431389570236206
31574,0.3279513120651245
31575,0.7679253220558167
31576,0.6295392513275146
31577,0.6331918835639954
31578,0.7850182056427002
31579,0.40744656324386597
31580,0.4256705343723297
31581,0.5646167397499084
31582,0.36389899253845215
31583,0.4381699562072754
31584,0.3984221816062927
31585,0.4809551537036896
31586,0.7560030817985535
31587,0.42995965480804443
31588,0.33928149938583374
31589,0.41857749223709106
31590,0.6119256615638733
31591,0.4003779888153076
31592,0.352673202753067
31593,0.29721975326538086
31594,0.5618380308151245
31595,0.22855091094970703
31596,0.5005351901054382
31597,0.3616982102394104
31598,0.335640549659729
31599,0.8313822150230408
31600,0.5357850193977356
31601,0.7927936911582947
31602,0.21222606301307678
31603,0.4088423252105713
31604,0.8309569358825684
31605,0.4045848250389099
31606,0.4621879458427429
31607,0.5541001558303833
31608,0.7058234810829163
31609,0.4967656433582306
31610,0.4596043825149536
31611,0.4198594391345978
31612,0.25557008385658264
31613,0.2763943374156952
31614,0.32067471742630005
31615,0.59698086977005
31616,0.6987544298171997
31617,0.7418091893196106
31618,0.5985570549964905
31619,0.5157870650291443
31620,0.5747711658477783
31621,0.6656883955001831
31622,0.4458405673503876
31623,0.7451891303062439
31624,0.6139920949935913
31625,0.456184059381485
31626,0.299213707447052
31627,0.3345341682434082
31628,0.4716487526893616
31629,0.4193629026412964
31630,0.3598189353942871
31631,0.49994903802871704
31632,0.4010459780693054
31633,0.489990770816803
31634,0.5551450252532959
31635,0.580888569355011
31636,0.47991231083869934
31637,0.5546228289604187
31638,0.16447308659553528
31639,0.3826608657836914
31640,0.5422369837760925
31641,0.5216428637504578
31642,0.44407474994659424
31643,0.1936175674200058
31644,0.33326852321624756
31645,0.5597060322761536
31646,0.7059839367866516
31647,0.5145747065544128
31648,0.34897157549858093
31649,0.4900689125061035
31650,0.3098635673522949
31651,0.2706027030944824
31652,0.8061500191688538
31653,0.12890443205833435
31654,0.4659459590911865
31655,0.6922398209571838
31656,0.7370852828025818
31657,0.22930940985679626
31658,0.28431564569473267
31659,0.7251266241073608
31660,0.32954487204551697
31661,0.6864222884178162
31662,0.5125719904899597
31663,0.601237952709198
31664,0.4857844114303589
31665,0.3580695390701294
31666,0.30388304591178894
31667,0.6430786848068237
31668,0.5918465852737427
31669,0.497946560382843
31670,0.3473101258277893
31671,0.2932833433151245
31672,0.5573001503944397
31673,0.6120836734771729
31674,0.646486759185791
31675,0.4028190076351166
31676,0.4777635931968689
31677,0.6483817100524902
31678,0.40288102626800537
31679,0.4557555615901947
31680,0.5045695900917053
31681,0.689159095287323
31682,0.6039074659347534
31683,0.43960660696029663
31684,0.8363317847251892
31685,0.2843819260597229
31686,0.3105853796005249
31687,0.40202128887176514
31688,0.8113123774528503
31689,0.7901399731636047
31690,0.4425863027572632
31691,0.38240671157836914
31692,0.5588511824607849
31693,0.37239497900009155
31694,0.29921966791152954
31695,0.527031660079956
31696,0.7736129760742188
31697,0.3697335124015808
31698,0.6662876009941101
31699,0.7488980293273926
31700,0.5235505104064941
31701,0.6146372556686401
31702,0.3433113396167755
31703,0.31607285141944885
31704,0.4975382387638092
31705,0.7309402227401733
31706,0.7039072513580322
31707,0.5664178729057312
31708,0.45614898204803467
31709,0.2778426706790924
31710,0.20496530830860138
31711,0.722265899181366
31712,0.6211969256401062
31713,0.7252220511436462
31714,0.5047147870063782
31715,0.47176143527030945
31716,0.6617211699485779
31717,0.501645565032959
31718,0.7954273223876953
31719,0.3860423266887665
31720,0.27084043622016907
31721,0.3441709876060486
31722,0.6665719151496887
31723,0.5378578901290894
31724,0.7852104902267456
31725,0.4237067699432373
31726,0.31624317169189453
31727,0.43366384506225586
31728,0.29212868213653564
31729,0.33829665184020996
31730,0.49171188473701477
31731,0.4129457473754883
31732,0.23733700811862946
31733,0.5736169219017029
31734,0.5112140774726868
31735,0.805290699005127
31736,0.45436975359916687
31737,0.2106543928384781
31738,0.2626759707927704
31739,0.27365243434906006
31740,0.5795388221740723
31741,0.6675426959991455
31742,0.4010443687438965
31743,0.5339843034744263
31744,0.3639327883720398
31745,0.5678300261497498
31746,0.6303946375846863
31747,0.48826125264167786
31748,0.4639962613582611
31749,0.5781634449958801
31750,0.7510409951210022
31751,0.5305696725845337
31752,0.6566128730773926
31753,0.5735574960708618
31754,0.3259212076663971
31755,0.7839539051055908
31756,0.6108205914497375
31757,0.41812652349472046
31758,0.3387846052646637
31759,0.43263012170791626
31760,0.8297480940818787
31761,0.5247060656547546
31762,0.5758795142173767
31763,0.26520419120788574
31764,0.4891459047794342
31765,0.6242432594299316
31766,0.2596744894981384
31767,0.678158164024353
31768,0.47951406240463257
31769,0.493949294090271
31770,0.42926597595214844
31771,0.3903943598270416
31772,0.6316604018211365
31773,0.3889591097831726
31774,0.6031934022903442
31775,0.6595697999000549
31776,0.6451332569122314
31777,0.7772378325462341
31778,0.6765744686126709
31779,0.5193946957588196
31780,0.5278308391571045
31781,0.5438600182533264
31782,0.8215570449829102
31783,0.4134822189807892
31784,0.3692983388900757
31785,0.250413715839386
31786,0.7255062460899353
31787,0.5399792194366455
31788,0.5078017115592957
31789,0.5117369294166565
31790,0.7220920920372009
31791,0.7477965354919434
31792,0.4939435124397278
31793,0.7664624452590942
31794,0.5600137710571289
31795,0.7728386521339417
31796,0.7094936370849609
31797,0.20426587760448456
31798,0.48620957136154175
31799,0.5605761408805847
31800,0.43477168679237366
31801,0.7916725277900696
31802,0.4820908308029175
31803,0.40446585416793823
31804,0.8260956406593323
31805,0.23997166752815247
31806,0.38359928131103516
31807,0.20819519460201263
31808,0.4996407628059387
31809,0.2095664143562317
31810,0.34178823232650757
31811,0.49062883853912354
31812,0.5852975845336914
31813,0.7045233845710754
31814,0.3822254538536072
31815,0.5476838946342468
31816,0.4577798843383789
31817,0.4913531541824341
31818,0.7542428374290466
31819,0.21895954012870789
31820,0.5646381974220276
31821,0.8323553204536438
31822,0.6427379846572876
31823,0.7377187609672546
31824,0.5728926062583923
31825,0.38544031977653503
31826,0.631064772605896
31827,0.22621570527553558
31828,0.5110657215118408
31829,0.7979875206947327
31830,0.2861812114715576
31831,0.401936799287796
31832,0.3787630796432495
31833,0.5762472748756409
31834,0.36715131998062134
31835,0.32445138692855835
31836,0.4049195349216461
31837,0.31123435497283936
31838,0.589444100856781
31839,0.18436843156814575
31840,0.4206126630306244
31841,0.3948589563369751
31842,0.34917473793029785
31843,0.8220885396003723
31844,0.5007617473602295
31845,0.4036140441894531
31846,0.6085160970687866
31847,0.6225195527076721
31848,0.6028770804405212
31849,0.25657138228416443
31850,0.4372105598449707
31851,0.6265758872032166
31852,0.5525578260421753
31853,0.17596329748630524
31854,0.583984911441803
31855,0.7312912344932556
31856,0.6500706672668457
31857,0.6580135226249695
31858,0.6539919972419739
31859,0.6797627806663513
31860,0.4401663541793823
31861,0.5861185193061829
31862,0.165585458278656
31863,0.28387099504470825
31864,0.33427417278289795
31865,0.5323259234428406
31866,0.3054434061050415
31867,0.4463212788105011
31868,0.7820988297462463
31869,0.680383026599884
31870,0.39617693424224854
31871,0.8283334970474243
31872,0.5375471711158752
31873,0.6461159586906433
31874,0.7937416434288025
31875,0.3879925012588501
31876,0.7217922210693359
31877,0.5908603668212891
31878,0.7011877298355103
31879,0.8030804395675659
31880,0.4924265742301941
31881,0.3871115446090698
31882,0.21816690266132355
31883,0.7708637714385986
31884,0.43854328989982605
31885,0.7026446461677551
31886,0.3209894597530365
31887,0.6527151465415955
31888,0.3201136589050293
31889,0.2904358506202698
31890,0.3877393901348114
31891,0.42955517768859863
31892,0.5248220562934875
31893,0.764412522315979
31894,0.634288489818573
31895,0.8295503258705139
31896,0.6710137724876404
31897,0.45564770698547363
31898,0.7377861142158508
31899,0.35119786858558655
31900,0.6210311055183411
31901,0.4146408438682556
31902,0.3948376774787903
31903,0.5846855044364929
31904,0.6125462651252747
31905,0.4455423951148987
31906,0.6285149455070496
31907,0.7048035264015198
31908,0.7854318022727966
31909,0.7034593820571899
31910,0.44184625148773193
31911,0.7480130791664124
31912,0.6903625130653381
31913,0.23495647311210632
31914,0.19382867217063904
31915,0.3776475191116333
31916,0.5008581280708313
31917,0.7916448712348938
31918,0.55254065990448
31919,0.3490309417247772
31920,0.6010768413543701
31921,0.6506013870239258
31922,0.4058798551559448
31923,0.6081673502922058
31924,0.21939684450626373
31925,0.31870317459106445
31926,0.5564325451850891
31927,0.4187122881412506
31928,0.4406684935092926
31929,0.3626003861427307
31930,0.580274760723114
31931,0.584100067615509
31932,0.8083122372627258
31933,0.44915634393692017
31934,0.815918505191803
31935,0.8228321671485901
31936,0.803922176361084
31937,0.4915929138660431
31938,0.548268735408783
31939,0.18221727013587952
31940,0.8339685797691345
31941,0.3041389584541321
31942,0.24443861842155457
31943,0.5536035895347595
31944,0.46420004963874817
31945,0.5490996241569519
31946,0.670778751373291
31947,0.3189178705215454
31948,0.58840411901474
31949,0.6378755569458008
31950,0.5243033170700073
31951,0.4628103971481323
31952,0.7970198392868042
31953,0.7647364735603333
31954,0.24737200140953064
31955,0.714895486831665
31956,0.49637269973754883
31957,0.4309403896331787
31958,0.46193745732307434
31959,0.5721797347068787
31960,0.767139732837677
31961,0.315291166305542
31962,0.2860541045665741
31963,0.507221519947052
31964,0.5424978137016296
31965,0.6974847316741943
31966,0.34038567543029785
31967,0.32946187257766724
31968,0.5045878887176514
31969,0.5224023461341858
31970,0.6655817031860352
31971,0.5289266705513
31972,0.6408970355987549
31973,0.36674928665161133
31974,0.5471243262290955
31975,0.39232560992240906
31976,0.4938361644744873
31977,0.26947730779647827
31978,0.8292884230613708
31979,0.6654097437858582
31980,0.5174897313117981
31981,0.7553378939628601
31982,0.3796147406101227
31983,0.596126139163971
31984,0.7938641309738159
31985,0.6187476515769958
31986,0.8086279034614563
31987,0.2895081043243408
31988,0.5631819367408752
31989,0.7342063188552856
31990,0.448968768119812
31991,0.8064479231834412
31992,0.5053233504295349
31993,0.5482801795005798
31994,0.19136442244052887
31995,0.5478933453559875
31996,0.19351047277450562
31997,0.5055673122406006
31998,0.2521052062511444
31999,0.34669601917266846
32000,0.31894969940185547
32001,0.5471522212028503
32002,0.44165563583374023
32003,0.6602411866188049
32004,0.769073486328125
32005,0.53600013256073
32006,0.44893431663513184
32007,0.5824169516563416
32008,0.5621251463890076
32009,0.42146623134613037
32010,0.3960633873939514
32011,0.6443651914596558
32012,0.43131551146507263
32013,0.5622060894966125
32014,0.42907094955444336
32015,0.696153461933136
32016,0.48759084939956665
32017,0.6694169640541077
32018,0.7162582278251648
32019,0.7859073877334595
32020,0.5980989336967468
32021,0.29461100697517395
32022,0.5668010115623474
32023,0.5121234655380249
32024,0.5156585574150085
32025,0.23962301015853882
32026,0.7557075023651123
32027,0.5459100604057312
32028,0.7930324673652649
32029,0.5469056367874146
32030,0.463780015707016
32031,0.529689371585846
32032,0.7121933698654175
32033,0.2853130102157593
32034,0.4931151270866394
32035,0.5579593777656555
32036,0.3231070041656494
32037,0.4222785532474518
32038,0.7746384143829346
32039,0.2535276412963867
32040,0.7793563604354858
32041,0.4816688895225525
32042,0.36707839369773865
32043,0.18116532266139984
32044,0.7739288210868835
32045,0.25127682089805603
32046,0.392861008644104
32047,0.3918408155441284
32048,0.2939576506614685
32049,0.28288543224334717
32050,0.5870769619941711
32051,0.27815455198287964
32052,0.29864001274108887
32053,0.3084821403026581
32054,0.5677832961082458
32055,0.6923092007637024
32056,0.3058663010597229
32057,0.278131902217865
32058,0.2996930181980133
32059,0.5511994957923889
32060,0.55306077003479
32061,0.2296222746372223
32062,0.6505845785140991
32063,0.42679083347320557
32064,0.21647793054580688
32065,0.27407413721084595
32066,0.21840941905975342
32067,0.6542031168937683
32068,0.822969913482666
32069,0.5485402941703796
32070,0.5868592858314514
32071,0.20410200953483582
32072,0.29188594222068787
32073,0.7670609951019287
32074,0.8235111236572266
32075,0.3400791883468628
32076,0.23661483824253082
32077,0.46396440267562866
32078,0.7201421856880188
32079,0.43552452325820923
32080,0.4248332679271698
32081,0.8286963105201721
32082,0.36024585366249084
32083,0.29167628288269043
32084,0.6583948731422424
32085,0.6476843953132629
32086,0.280950665473938
32087,0.7234950065612793
32088,0.3512669801712036
32089,0.4471267759799957
32090,0.7187857031822205
32091,0.6027610898017883
32092,0.3687090575695038
32093,0.8200746178627014
32094,0.3664418160915375
32095,0.7339325547218323
32096,0.730525016784668
32097,0.7796984314918518
32098,0.44202280044555664
32099,0.45343542098999023
32100,0.4223504066467285
32101,0.6921305656433105
32102,0.5112476944923401
32103,0.2811604142189026
32104,0.4747709631919861
32105,0.22421535849571228
32106,0.25185149908065796
32107,0.40927213430404663
32108,0.7167973518371582
32109,0.6025350689888
32110,0.6690534949302673
32111,0.7700427770614624
32112,0.2959413528442383
32113,0.23160161077976227
32114,0.4794785976409912
32115,0.20854076743125916
32116,0.46753501892089844
32117,0.6913222074508667
32118,0.6945039629936218
32119,0.49321484565734863
32120,0.42744386196136475
32121,0.34501707553863525
32122,0.5012571215629578
32123,0.3678741753101349
32124,0.35437852144241333
32125,0.2618999183177948
32126,0.7973706722259521
32127,0.5311023592948914
32128,0.6904225945472717
32129,0.29612359404563904
32130,0.49247485399246216
32131,0.39530616998672485
32132,0.3445943593978882
32133,0.8256301283836365
32134,0.41705650091171265
32135,0.4110581576824188
32136,0.5183683037757874
32137,0.811530351638794
32138,0.7329490780830383
32139,0.5386068224906921
32140,0.6563553214073181
32141,0.3979116678237915
32142,0.6425928473472595
32143,0.5118857622146606
32144,0.28044354915618896
32145,0.4828941226005554
32146,0.36453038454055786
32147,0.4797538220882416
32148,0.2671704888343811
32149,0.1853034347295761
32150,0.5445062518119812
32151,0.4409042000770569
32152,0.28153741359710693
32153,0.3493685722351074
32154,0.27142947912216187
32155,0.5410018563270569
32156,0.3393802344799042
32157,0.7710347175598145
32158,0.6801521182060242
32159,0.6570096015930176
32160,0.5225943326950073
32161,0.23099851608276367
32162,0.5541674494743347
32163,0.7282785177230835
32164,0.1652407944202423
32165,0.48574280738830566
32166,0.7347280979156494
32167,0.4016704559326172
32168,0.2955896854400635
32169,0.3785030245780945
32170,0.3477449417114258
32171,0.3405047655105591
32172,0.19998887181282043
32173,0.5149509310722351
32174,0.24119481444358826
32175,0.7948341965675354
32176,0.40249431133270264
32177,0.5955275893211365
32178,0.5892747640609741
32179,0.5666304230690002
32180,0.3673502802848816
32181,0.6410557627677917
32182,0.7484219670295715
32183,0.708898663520813
32184,0.3120897114276886
32185,0.42052170634269714
32186,0.6288842558860779
32187,0.507124125957489
32188,0.3373599648475647
32189,0.5148131847381592
32190,0.5694961547851562
32191,0.43112829327583313
32192,0.40372228622436523
32193,0.6852171421051025
32194,0.656256914138794
32195,0.28330370783805847
32196,0.2916017770767212
32197,0.5180681943893433
32198,0.8395143151283264
32199,0.5559421181678772
32200,0.48551756143569946
32201,0.26339036226272583
32202,0.825079083442688
32203,0.6305080652236938
32204,0.37490808963775635
32205,0.6246437430381775
32206,0.3263033628463745
32207,0.4283807873725891
32208,0.7384862303733826
32209,0.5732672214508057
32210,0.3351268768310547
32211,0.3683064579963684
32212,0.518816351890564
32213,0.2961432635784149
32214,0.5918075442314148
32215,0.6790849566459656
32216,0.2951316237449646
32217,0.6851888298988342
32218,0.5580118298530579
32219,0.39559638500213623
32220,0.5688795447349548
32221,0.43677306175231934
32222,0.5623659491539001
32223,0.5512614846229553
32224,0.6549514532089233
32225,0.2033536434173584
32226,0.7747011780738831
32227,0.6402794718742371
32228,0.32996422052383423
32229,0.825371265411377
32230,0.30860602855682373
32231,0.6507247090339661
32232,0.528919517993927
32233,0.7666659951210022
32234,0.5921088457107544
32235,0.2143547236919403
32236,0.6346060037612915
32237,0.7494394779205322
32238,0.7240886092185974
32239,0.671271800994873
32240,0.4765305817127228
32241,0.5460265278816223
32242,0.26324498653411865
32243,0.4737362265586853
32244,0.7580435872077942
32245,0.7906745076179504
32246,0.5345609188079834
32247,0.6289268732070923
32248,0.30900025367736816
32249,0.7949030995368958
32250,0.5380063652992249
32251,0.5076256990432739
32252,0.35695749521255493
32253,0.3312826156616211
32254,0.5105190277099609
32255,0.3663157820701599
32256,0.8151407837867737
32257,0.38067638874053955
32258,0.40728795528411865
32259,0.5934709906578064
32260,0.5207169055938721
32261,0.6683995723724365
32262,0.18858367204666138
32263,0.36697593331336975
32264,0.5228632092475891
32265,0.6035768389701843
32266,0.4669967591762543
32267,0.5784539580345154
32268,0.44473856687545776
32269,0.5092039108276367
32270,0.2929152250289917
32271,0.6482746005058289
32272,0.74360591173172
32273,0.5318742394447327
32274,0.626160204410553
32275,0.3554462194442749
32276,0.3369371294975281
32277,0.4394923448562622
32278,0.21571490168571472
32279,0.3224961757659912
32280,0.1653352677822113
32281,0.4234800338745117
32282,0.7481394410133362
32283,0.24676719307899475
32284,0.43081700801849365
32285,0.5221341252326965
32286,0.5813888311386108
32287,0.5224862694740295
32288,0.5859737992286682
32289,0.2855047583580017
32290,0.44675159454345703
32291,0.2178584188222885
32292,0.7426139712333679
32293,0.3632437288761139
32294,0.6746909022331238
32295,0.7086083889007568
32296,0.5438843965530396
32297,0.7719117999076843
32298,0.37057924270629883
32299,0.6875593066215515
32300,0.33405157923698425
32301,0.3715919852256775
32302,0.2956428527832031
32303,0.6499204635620117
32304,0.48650890588760376
32305,0.5736158490180969
32306,0.4787359833717346
32307,0.4747079014778137
32308,0.731312096118927
32309,0.7157164216041565
32310,0.6535873413085938
32311,0.4484061598777771
32312,0.4735666513442993
32313,0.8045732975006104
32314,0.8074133992195129
32315,0.6566932797431946
32316,0.6957740783691406
32317,0.4420374929904938
32318,0.8108093738555908
32319,0.3566116690635681
32320,0.6014851927757263
32321,0.4251798391342163
32322,0.29426246881484985
32323,0.4890896677970886
32324,0.5531888604164124
32325,0.17532417178153992
32326,0.5359506607055664
32327,0.7684885859489441
32328,0.7386334538459778
32329,0.25470030307769775
32330,0.6896616816520691
32331,0.8290784955024719
32332,0.2961735725402832
32333,0.7305973768234253
32334,0.3395070433616638
32335,0.3385240137577057
32336,0.7449372410774231
32337,0.2579447627067566
32338,0.6638895273208618
32339,0.4252997040748596
32340,0.7272587418556213
32341,0.6249755620956421
32342,0.7913264036178589
32343,0.38782647252082825
32344,0.5932826399803162
32345,0.21647906303405762
32346,0.5200896859169006
32347,0.3814595937728882
32348,0.43167799711227417
32349,0.4997796416282654
32350,0.30855411291122437
32351,0.2887932360172272
32352,0.404485821723938
32353,0.23433388769626617
32354,0.3126941919326782
32355,0.552643358707428
32356,0.35345911979675293
32357,0.462807834148407
32358,0.2556403577327728
32359,0.7515266537666321
32360,0.20123916864395142
32361,0.35018327832221985
32362,0.5602546334266663
32363,0.769146740436554
32364,0.7723290920257568
32365,0.5110844373703003
32366,0.5597729682922363
32367,0.2891407012939453
32368,0.5006265044212341
32369,0.5289899706840515
32370,0.7980379462242126
32371,0.8009451031684875
32372,0.3818294107913971
32373,0.40268445014953613
32374,0.5224167704582214
32375,0.4346010386943817
32376,0.44524937868118286
32377,0.7472701668739319
32378,0.5747351050376892
32379,0.460690975189209
32380,0.711062490940094
32381,0.7619133591651917
32382,0.5900128483772278
32383,0.767677366733551
32384,0.44922327995300293
32385,0.5232006311416626
32386,0.8137621283531189
32387,0.39752304553985596
32388,0.5613992214202881
32389,0.7794424295425415
32390,0.5967669486999512
32391,0.5355574488639832
32392,0.519989550113678
32393,0.747403621673584
32394,0.48329055309295654
32395,0.3425363600254059
32396,0.7523617744445801
32397,0.41230151057243347
32398,0.5301482081413269
32399,0.28281503915786743
32400,0.5502798557281494
32401,0.17742475867271423
32402,0.41530096530914307
32403,0.6819304823875427
32404,0.8093371391296387
32405,0.3245486915111542
32406,0.5738466382026672
32407,0.5074794888496399
32408,0.31829747557640076
32409,0.5153276324272156
32410,0.5276791453361511
32411,0.29052719473838806
32412,0.26055118441581726
32413,0.7753970623016357
32414,0.6780483722686768
32415,0.4218693673610687
32416,0.3757111132144928
32417,0.5892115831375122
32418,0.40550053119659424
32419,0.41772329807281494
32420,0.49008405208587646
32421,0.1807491034269333
32422,0.7140975594520569
32423,0.4621310532093048
32424,0.18223810195922852
32425,0.5945032238960266
32426,0.7731818556785583
32427,0.4920712113380432
32428,0.6306175589561462
32429,0.3123878836631775
32430,0.8412533402442932
32431,0.22913870215415955
32432,0.2959734797477722
32433,0.4673018753528595
32434,0.4630447030067444
32435,0.6290485858917236
32436,0.55287104845047
32437,0.33646827936172485
32438,0.3402397632598877
32439,0.5667197108268738
32440,0.6028441190719604
32441,0.26254162192344666
32442,0.4455461800098419
32443,0.7844699025154114
32444,0.5252999067306519
32445,0.18297886848449707
32446,0.36553919315338135
32447,0.7735441327095032
32448,0.5191108584403992
32449,0.38765010237693787
32450,0.2960745096206665
32451,0.46106964349746704
32452,0.7520653605461121
32453,0.6211893558502197
32454,0.32765382528305054
32455,0.279685378074646
32456,0.7328500747680664
32457,0.38610222935676575
32458,0.7346355319023132
32459,0.7545637488365173
32460,0.3138919770717621
32461,0.7388533353805542
32462,0.8060737252235413
32463,0.6008676886558533
32464,0.7426145672798157
32465,0.8258910179138184
32466,0.47928714752197266
32467,0.4934428334236145
32468,0.2838957607746124
32469,0.3499969244003296
32470,0.5610525012016296
32471,0.3220720589160919
32472,0.37591445446014404
32473,0.61403489112854
32474,0.21056804060935974
32475,0.33353403210639954
32476,0.4100264310836792
32477,0.1661045253276825
32478,0.3166443407535553
32479,0.7048465609550476
32480,0.2599985599517822
32481,0.7447549700737
32482,0.5314386487007141
32483,0.20567817986011505
32484,0.4529484510421753
32485,0.5194864869117737
32486,0.7365161180496216
32487,0.25318676233291626
32488,0.31102871894836426
32489,0.7248913049697876
32490,0.8342514634132385
32491,0.4156970977783203
32492,0.5262195467948914
32493,0.4726385176181793
32494,0.48722201585769653
32495,0.5235787630081177
32496,0.34231722354888916
32497,0.8158617615699768
32498,0.7322801947593689
32499,0.5200552344322205
32500,0.4215896725654602
32501,0.6300157904624939
32502,0.4120618402957916
32503,0.6378915905952454
32504,0.3210442364215851
32505,0.39835602045059204
32506,0.24184957146644592
32507,0.790819525718689
32508,0.31413233280181885
32509,0.6341630816459656
32510,0.5720644593238831
32511,0.4726634621620178
32512,0.7627615332603455
32513,0.34500980377197266
32514,0.5240665674209595
32515,0.22826865315437317
32516,0.3301635980606079
32517,0.3007813096046448
32518,0.677187979221344
32519,0.20276233553886414
32520,0.1915324628353119
32521,0.6362895369529724
32522,0.3529875874519348
32523,0.7486504912376404
32524,0.781848132610321
32525,0.40195992588996887
32526,0.6172852516174316
32527,0.5128364562988281
32528,0.7099254131317139
32529,0.4093747138977051
32530,0.37296295166015625
32531,0.23857277631759644
32532,0.36877936124801636
32533,0.7156422138214111
32534,0.6706212759017944
32535,0.6639308333396912
32536,0.6826742887496948
32537,0.6635395288467407
32538,0.1903577595949173
32539,0.7573743462562561
32540,0.6306318044662476
32541,0.8105588555335999
32542,0.44198620319366455
32543,0.2260625958442688
32544,0.3925691843032837
32545,0.7031933665275574
32546,0.20605140924453735
32547,0.4985639452934265
32548,0.4780939519405365
32549,0.3144001364707947
32550,0.35711926221847534
32551,0.6736868023872375
32552,0.7523382306098938
32553,0.25943124294281006
32554,0.6204259395599365
32555,0.3013228476047516
32556,0.5595640540122986
32557,0.5423517823219299
32558,0.7895746827125549
32559,0.4970632791519165
32560,0.7985079288482666
32561,0.8071862459182739
32562,0.44589024782180786
32563,0.2388487309217453
32564,0.33982938528060913
32565,0.2583693265914917
32566,0.5163328647613525
32567,0.5611351132392883
32568,0.776360034942627
32569,0.4933147132396698
32570,0.2923378348350525
32571,0.6866718530654907
32572,0.35580384731292725
32573,0.4378260374069214
32574,0.4200800657272339
32575,0.5503506660461426
32576,0.7991402745246887
32577,0.47203826904296875
32578,0.8224259614944458
32579,0.8123795390129089
32580,0.7713229060173035
32581,0.545304536819458
32582,0.4568089544773102
32583,0.319722056388855
32584,0.6277925372123718
32585,0.6364565491676331
32586,0.34777575731277466
32587,0.8181660771369934
32588,0.7332845330238342
32589,0.5173227787017822
32590,0.7165268063545227
32591,0.42662137746810913
32592,0.682647705078125
32593,0.37291860580444336
32594,0.513168454170227
32595,0.29521045088768005
32596,0.5587353110313416
32597,0.37716972827911377
32598,0.2282809019088745
32599,0.4886743128299713
32600,0.3709148168563843
32601,0.46460026502609253
32602,0.7589570879936218
32603,0.3980272710323334
32604,0.2609202265739441
32605,0.7696355581283569
32606,0.2902498245239258
32607,0.7664534449577332
32608,0.3478100299835205
32609,0.41634029150009155
32610,0.40129804611206055
32611,0.2516382336616516
32612,0.3175966143608093
32613,0.41398462653160095
32614,0.6515694856643677
32615,0.2290109395980835
32616,0.8113622069358826
32617,0.6359135508537292
32618,0.17695339024066925
32619,0.23288530111312866
32620,0.2881248891353607
32621,0.5939992070198059
32622,0.49180305004119873
32623,0.35607796907424927
32624,0.573922336101532
32625,0.7058302760124207
32626,0.4121326208114624
32627,0.5736085772514343
32628,0.5589480996131897
32629,0.7539368271827698
32630,0.42829740047454834
32631,0.49572181701660156
32632,0.2713726758956909
32633,0.5358933210372925
32634,0.5502277612686157
32635,0.2493577003479004
32636,0.3234410285949707
32637,0.37494415044784546
32638,0.6202564835548401
32639,0.16455836594104767
32640,0.5858251452445984
32641,0.34792381525039673
32642,0.21007806062698364
32643,0.5617900490760803
32644,0.6520981192588806
32645,0.6519642472267151
32646,0.15592120587825775
32647,0.8078574538230896
32648,0.4550716280937195
32649,0.4470180869102478
32650,0.5262548327445984
32651,0.35743647813796997
32652,0.5237221121788025
32653,0.4989005923271179
32654,0.5199378132820129
32655,0.20477741956710815
32656,0.47003066539764404
32657,0.7642032504081726
32658,0.3540329337120056
32659,0.3321589231491089
32660,0.2628360390663147
32661,0.618852436542511
32662,0.211224764585495
32663,0.4120522737503052
32664,0.3244417905807495
32665,0.28674012422561646
32666,0.43643319606781006
32667,0.7810699343681335
32668,0.6327131390571594
32669,0.4870491623878479
32670,0.745107114315033
32671,0.4742669463157654
32672,0.5886540412902832
32673,0.6610249876976013
32674,0.5545005202293396
32675,0.4876234531402588
32676,0.2474159300327301
32677,0.3894854485988617
32678,0.3453684449195862
32679,0.19950415194034576
32680,0.4344133138656616
32681,0.6660506129264832
32682,0.6771159768104553
32683,0.34431856870651245
32684,0.4330656826496124
32685,0.728413999080658
32686,0.3284369111061096
32687,0.3130921721458435
32688,0.6882158517837524
32689,0.5622493028640747
32690,0.5321733355522156
32691,0.18787124752998352
32692,0.7328692078590393
32693,0.387692391872406
32694,0.8221600651741028
32695,0.21979975700378418
32696,0.5408174395561218
32697,0.6850699186325073
32698,0.4053628444671631
32699,0.27751028537750244
32700,0.8320934176445007
32701,0.6463531255722046
32702,0.6411120891571045
32703,0.6874578595161438
32704,0.3774651885032654
32705,0.24468979239463806
32706,0.7236126065254211
32707,0.2201170176267624
32708,0.19882309436798096
32709,0.24983957409858704
32710,0.3423328697681427
32711,0.5455726981163025
32712,0.7743874788284302
32713,0.48137640953063965
32714,0.56735759973526
32715,0.33150458335876465
32716,0.3472617268562317
32717,0.18264585733413696
32718,0.56252521276474
32719,0.8057873845100403
32720,0.6664640307426453
32721,0.43868428468704224
32722,0.7706177830696106
32723,0.46061694622039795
32724,0.49161529541015625
32725,0.40548276901245117
32726,0.3530125617980957
32727,0.26616424322128296
32728,0.5059425234794617
32729,0.7193049192428589
32730,0.24667415022850037
32731,0.7705458998680115
32732,0.46198931336402893
32733,0.40933623909950256
32734,0.2842077612876892
32735,0.735835075378418
32736,0.5051233768463135
32737,0.5446032285690308
32738,0.7211405038833618
32739,0.7309874892234802
32740,0.5208295583724976
32741,0.2602815330028534
32742,0.2608371376991272
32743,0.2763800323009491
32744,0.2928984761238098
32745,0.6939495801925659
32746,0.7331786155700684
32747,0.762401282787323
32748,0.4981920123100281
32749,0.7613124251365662
32750,0.5038653016090393
32751,0.305483877658844
32752,0.4631465971469879
32753,0.5746718645095825
32754,0.48745453357696533
32755,0.7147583365440369
32756,0.5528868436813354
32757,0.2766565680503845
32758,0.5601437091827393
32759,0.41777414083480835
32760,0.6985407471656799
32761,0.38859832286834717
32762,0.3104103207588196
32763,0.558318555355072
32764,0.3903225064277649
32765,0.5195112824440002
32766,0.34239843487739563
32767,0.20695285499095917
32768,0.750831663608551
32769,0.7207005023956299
32770,0.720275342464447
32771,0.2114766538143158
32772,0.4152742624282837
32773,0.43497318029403687
32774,0.35844850540161133
32775,0.23711630702018738
32776,0.45888853073120117
32777,0.6260402798652649
32778,0.46344679594039917
32779,0.4550893306732178
32780,0.5564826130867004
32781,0.7451406121253967
32782,0.778384804725647
32783,0.7482834458351135
32784,0.5067632794380188
32785,0.40368151664733887
32786,0.664714515209198
32787,0.40613478422164917
32788,0.42880702018737793
32789,0.43609684705734253
32790,0.6021357774734497
32791,0.4398365616798401
32792,0.6978946328163147
32793,0.7044863700866699
32794,0.7455899119377136
32795,0.30340084433555603
32796,0.4545883536338806
32797,0.7397327423095703
32798,0.7758386731147766
32799,0.3845294713973999
32800,0.2819947600364685
32801,0.3872827887535095
32802,0.5629896521568298
32803,0.5575440526008606
32804,0.2788125276565552
32805,0.3045387268066406
32806,0.375327467918396
32807,0.7565756440162659
32808,0.39205822348594666
32809,0.4617413878440857
32810,0.6464951634407043
32811,0.40149182081222534
32812,0.6233236789703369
32813,0.29093125462532043
32814,0.3742944300174713
32815,0.25058579444885254
32816,0.8257364630699158
32817,0.2685930132865906
32818,0.7402945160865784
32819,0.6330320239067078
32820,0.4622112810611725
32821,0.7520477175712585
32822,0.18256133794784546
32823,0.8153873682022095
32824,0.33805471658706665
32825,0.739433228969574
32826,0.24987906217575073
32827,0.4916914105415344
32828,0.40482407808303833
32829,0.6095332503318787
32830,0.35957038402557373
32831,0.576777458190918
32832,0.7794187068939209
32833,0.2914859354496002
32834,0.7620436549186707
32835,0.7319396734237671
32836,0.34437501430511475
32837,0.2646227478981018
32838,0.23323149979114532
32839,0.7189473509788513
32840,0.5596324801445007
32841,0.6886797547340393
32842,0.49737757444381714
32843,0.5830116868019104
32844,0.32898736000061035
32845,0.3700959086418152
32846,0.666018009185791
32847,0.38701778650283813
32848,0.2814902067184448
32849,0.23778113722801208
32850,0.49201536178588867
32851,0.5670115351676941
32852,0.8127349019050598
32853,0.7480208873748779
32854,0.4351525902748108
32855,0.6389655470848083
32856,0.730927586555481
32857,0.23980386555194855
32858,0.4627343714237213
32859,0.6997354030609131
32860,0.25331172347068787
32861,0.17358511686325073
32862,0.3347066640853882
32863,0.5683338046073914
32864,0.6866346597671509
32865,0.2545223534107208
32866,0.5489583611488342
32867,0.7978639006614685
32868,0.8096374869346619
32869,0.6893990635871887
32870,0.5398067235946655
32871,0.5239137411117554
32872,0.806969404220581
32873,0.327127069234848
32874,0.7760980725288391
32875,0.3171614408493042
32876,0.7441864013671875
32877,0.5439143776893616
32878,0.19991272687911987
32879,0.33323588967323303
32880,0.5032932162284851
32881,0.3820374608039856
32882,0.47753071784973145
32883,0.4714425802230835
32884,0.7603661417961121
32885,0.6615801453590393
32886,0.33805370330810547
32887,0.7912766337394714
32888,0.43748581409454346
32889,0.43237632513046265
32890,0.3656405806541443
32891,0.23447398841381073
32892,0.26005643606185913
32893,0.7622193694114685
32894,0.512311577796936
32895,0.36637556552886963
32896,0.44356420636177063
32897,0.27078306674957275
32898,0.28585296869277954
32899,0.7418076992034912
32900,0.8009020090103149
32901,0.7640904784202576
32902,0.3097374439239502
32903,0.6780866384506226
32904,0.6558903455734253
32905,0.8113109469413757
32906,0.1800357848405838
32907,0.4368617832660675
32908,0.3249761760234833
32909,0.3793538808822632
32910,0.46353837847709656
32911,0.23030592501163483
32912,0.5697867274284363
32913,0.4151596426963806
32914,0.4234395921230316
32915,0.2999379634857178
32916,0.27780911326408386
32917,0.43937957286834717
32918,0.692065417766571
32919,0.3515074849128723
32920,0.6985996961593628
32921,0.7319963574409485
32922,0.6280784606933594
32923,0.8270427584648132
32924,0.31223922967910767
32925,0.6487521529197693
32926,0.40785929560661316
32927,0.3778616786003113
32928,0.41211754083633423
32929,0.5232095122337341
32930,0.47846436500549316
32931,0.4356236159801483
32932,0.4454267621040344
32933,0.7498025894165039
32934,0.5633857846260071
32935,0.6505958437919617
32936,0.49800562858581543
32937,0.43156206607818604
32938,0.382516473531723
32939,0.34626656770706177
32940,0.32503530383110046
32941,0.40450647473335266
32942,0.5355175137519836
32943,0.5541656017303467
32944,0.4553249478340149
32945,0.5356404185295105
32946,0.8266955018043518
32947,0.3391585648059845
32948,0.3507364094257355
32949,0.8220577239990234
32950,0.3113609254360199
32951,0.6427266001701355
32952,0.5797082781791687
32953,0.5559109449386597
32954,0.5072301626205444
32955,0.34493008255958557
32956,0.7406308054924011
32957,0.41745537519454956
32958,0.7119787335395813
32959,0.3573436141014099
32960,0.3728964328765869
32961,0.49235135316848755
32962,0.7072225213050842
32963,0.3929763734340668
32964,0.713371217250824
32965,0.5934845805168152
32966,0.30887651443481445
32967,0.29275384545326233
32968,0.430508553981781
32969,0.5853309035301208
32970,0.4576706886291504
32971,0.7173820734024048
32972,0.5082948803901672
32973,0.8085108399391174
32974,0.8106853365898132
32975,0.41591498255729675
32976,0.3688240647315979
32977,0.4878523051738739
32978,0.23779621720314026
32979,0.37832915782928467
32980,0.5783465504646301
32981,0.4223098158836365
32982,0.631422758102417
32983,0.7055200934410095
32984,0.5460001826286316
32985,0.495061993598938
32986,0.4687464237213135
32987,0.3557368218898773
32988,0.22538484632968903
32989,0.8232042789459229
32990,0.4022904932498932
32991,0.7579799890518188
32992,0.3355027139186859
32993,0.46213215589523315
32994,0.826062023639679
32995,0.35411787033081055
32996,0.643034815788269
32997,0.5315133333206177
32998,0.3552510738372803
32999,0.5021200180053711
33000,0.4417322874069214
33001,0.5017402172088623
33002,0.4682232737541199
33003,0.5701718330383301
33004,0.797727644443512
33005,0.4074602723121643
33006,0.31524980068206787
33007,0.18323825299739838
33008,0.7506919503211975
33009,0.5927219986915588
33010,0.5451075434684753
33011,0.6404187083244324
33012,0.5627850294113159
33013,0.2245301455259323
33014,0.21636618673801422
33015,0.45565569400787354
33016,0.6250575184822083
33017,0.5990263819694519
33018,0.3052225708961487
33019,0.7586975693702698
33020,0.3497905135154724
33021,0.47951340675354004
33022,0.4516528248786926
33023,0.3324007987976074
33024,0.4161079525947571
33025,0.8320299983024597
33026,0.415668785572052
33027,0.6873959898948669
33028,0.4082936942577362
33029,0.33025258779525757
33030,0.3724898099899292
33031,0.22783038020133972
33032,0.20510387420654297
33033,0.42187270522117615
33034,0.4806523323059082
33035,0.8179275989532471
33036,0.5954431891441345
33037,0.7860879302024841
33038,0.34172970056533813
33039,0.2466859221458435
33040,0.40074849128723145
33041,0.6152108311653137
33042,0.7632013559341431
33043,0.8110842704772949
33044,0.5730782151222229
33045,0.7868816256523132
33046,0.3457082509994507
33047,0.6104664206504822
33048,0.6196781992912292
33049,0.46449530124664307
33050,0.5335426330566406
33051,0.4674080014228821
33052,0.36307817697525024
33053,0.6709948778152466
33054,0.31710678339004517
33055,0.5489128232002258
33056,0.2594144344329834
33057,0.37706470489501953
33058,0.24000105261802673
33059,0.25547951459884644
33060,0.6141572594642639
33061,0.568227231502533
33062,0.3287913203239441
33063,0.30859822034835815
33064,0.44766175746917725
33065,0.6061574816703796
33066,0.22122004628181458
33067,0.5490439534187317
33068,0.29568520188331604
33069,0.30542731285095215
33070,0.7714657783508301
33071,0.26985061168670654
33072,0.714228093624115
33073,0.4609032869338989
33074,0.27762937545776367
33075,0.5235550403594971
33076,0.34792447090148926
33077,0.37607088685035706
33078,0.7628456950187683
33079,0.6696022152900696
33080,0.5220543146133423
33081,0.38167187571525574
33082,0.3424023389816284
33083,0.2745376229286194
33084,0.3006047010421753
33085,0.7227582335472107
33086,0.5282433032989502
33087,0.3503029942512512
33088,0.5309827327728271
33089,0.552587628364563
33090,0.7935994863510132
33091,0.5218667387962341
33092,0.7753190994262695
33093,0.3763401508331299
33094,0.29740431904792786
33095,0.46708884835243225
33096,0.37637776136398315
33097,0.7124313116073608
33098,0.833635687828064
33099,0.675356388092041
33100,0.3031047582626343
33101,0.38765817880630493
33102,0.5835011005401611
33103,0.5716474652290344
33104,0.744322657585144
33105,0.34554407000541687
33106,0.7583316564559937
33107,0.38932934403419495
33108,0.5839733481407166
33109,0.610396146774292
33110,0.7988266348838806
33111,0.5551210045814514
33112,0.5598970055580139
33113,0.40709930658340454
33114,0.20941606163978577
33115,0.7043832540512085
33116,0.44855210185050964
33117,0.20351403951644897
33118,0.4314383268356323
33119,0.5188282132148743
33120,0.3436933159828186
33121,0.30280834436416626
33122,0.27023717761039734
33123,0.3312861919403076
33124,0.5857034921646118
33125,0.2773788273334503
33126,0.30305686593055725
33127,0.6710947751998901
33128,0.8010509610176086
33129,0.5951294898986816
33130,0.8072966933250427
33131,0.7107031941413879
33132,0.7022657990455627
33133,0.7755116820335388
33134,0.5777550339698792
33135,0.29765546321868896
33136,0.295919269323349
33137,0.7347062230110168
33138,0.4982415735721588
33139,0.35303765535354614
33140,0.5111216902732849
33141,0.7587284445762634
33142,0.4913906157016754
33143,0.526004433631897
33144,0.46354544162750244
33145,0.30004483461380005
33146,0.3430904150009155
33147,0.5479134321212769
33148,0.47351813316345215
33149,0.5218231081962585
33150,0.7872075438499451
33151,0.38467952609062195
33152,0.37800025939941406
33153,0.283370703458786
33154,0.3598859906196594
33155,0.6388755440711975
33156,0.5191161036491394
33157,0.4481245279312134
33158,0.3820953369140625
33159,0.4034422039985657
33160,0.558777391910553
33161,0.7161035537719727
33162,0.5103758573532104
33163,0.7872313857078552
33164,0.46681737899780273
33165,0.8015603423118591
33166,0.16236835718154907
33167,0.769451916217804
33168,0.22332510352134705
33169,0.44620177149772644
33170,0.5322877764701843
33171,0.23472531139850616
33172,0.5038537979125977
33173,0.2561901807785034
33174,0.7807436585426331
33175,0.6317311525344849
33176,0.42033398151397705
33177,0.6431166529655457
33178,0.23416784405708313
33179,0.6579321026802063
33180,0.40176910161972046
33181,0.4085320830345154
33182,0.6504972577095032
33183,0.6740610003471375
33184,0.5736889243125916
33185,0.5369422435760498
33186,0.3613344430923462
33187,0.744795024394989
33188,0.3171745240688324
33189,0.45855680108070374
33190,0.22044919431209564
33191,0.5767403244972229
33192,0.3086479902267456
33193,0.33309364318847656
33194,0.6472567915916443
33195,0.5187395215034485
33196,0.7372578978538513
33197,0.7346186637878418
33198,0.3573388457298279
33199,0.580537736415863
33200,0.5027520656585693
33201,0.4539891481399536
33202,0.7260791063308716
33203,0.44668883085250854
33204,0.6275009512901306
33205,0.2313653826713562
33206,0.5868867039680481
33207,0.28996506333351135
33208,0.4955163598060608
33209,0.7662885189056396
33210,0.5600457191467285
33211,0.6733021140098572
33212,0.40421223640441895
33213,0.29344606399536133
33214,0.8183022141456604
33215,0.5129945874214172
33216,0.6708949208259583
33217,0.7885850071907043
33218,0.8087064623832703
33219,0.5367928147315979
33220,0.4106661379337311
33221,0.3687518835067749
33222,0.1725444495677948
33223,0.4574989080429077
33224,0.3731636106967926
33225,0.5112654566764832
33226,0.3506566882133484
33227,0.3937132954597473
33228,0.4775942265987396
33229,0.6710380911827087
33230,0.18489786982536316
33231,0.6214597821235657
33232,0.2698002755641937
33233,0.741322934627533
33234,0.4930074214935303
33235,0.5191323757171631
33236,0.27044492959976196
33237,0.2762848138809204
33238,0.7750314474105835
33239,0.6011884808540344
33240,0.26727211475372314
33241,0.39850473403930664
33242,0.4269658923149109
33243,0.5502875447273254
33244,0.22924776375293732
33245,0.3412271738052368
33246,0.48713091015815735
33247,0.606877863407135
33248,0.49476388096809387
33249,0.4557303190231323
33250,0.6018860936164856
33251,0.33585110306739807
33252,0.47600504755973816
33253,0.5568633675575256
33254,0.5073568820953369
33255,0.342862606048584
33256,0.4017897844314575
33257,0.3692514896392822
33258,0.413790762424469
33259,0.31937384605407715
33260,0.5261443853378296
33261,0.6986930966377258
33262,0.32423320412635803
33263,0.29874491691589355
33264,0.36652740836143494
33265,0.5888823866844177
33266,0.449596107006073
33267,0.6649825572967529
33268,0.47225284576416016
33269,0.35018080472946167
33270,0.35840874910354614
33271,0.49933815002441406
33272,0.7692850232124329
33273,0.37736526131629944
33274,0.540934145450592
33275,0.39992448687553406
33276,0.40548184514045715
33277,0.4698186218738556
33278,0.5882336497306824
33279,0.4457928538322449
33280,0.5743539333343506
33281,0.525547444820404
33282,0.5246366262435913
33283,0.7270094156265259
33284,0.39649754762649536
33285,0.267614483833313
33286,0.43444254994392395
33287,0.38696908950805664
33288,0.7675672769546509
33289,0.6608882546424866
33290,0.2808903157711029
33291,0.6315211653709412
33292,0.7919626832008362
33293,0.4207906723022461
33294,0.2612173557281494
33295,0.3973783850669861
33296,0.4078444838523865
33297,0.27151063084602356
33298,0.5872676968574524
33299,0.628877580165863
33300,0.4295330047607422
33301,0.23042982816696167
33302,0.23374256491661072
33303,0.2897571921348572
33304,0.8326137065887451
33305,0.7175203561782837
33306,0.44519829750061035
33307,0.35863038897514343
33308,0.34307700395584106
33309,0.4783090353012085
33310,0.38555270433425903
33311,0.6370763182640076
33312,0.5436087250709534
33313,0.7460376620292664
33314,0.6550934910774231
33315,0.6780728697776794
33316,0.7893319725990295
33317,0.32515615224838257
33318,0.22933347523212433
33319,0.4736942648887634
33320,0.7860369086265564
33321,0.5833945870399475
33322,0.28382450342178345
33323,0.41562899947166443
33324,0.6434058547019958
33325,0.27548229694366455
33326,0.28153425455093384
33327,0.6661412119865417
33328,0.5764991641044617
33329,0.5693018436431885
33330,0.7168440818786621
33331,0.26871806383132935
33332,0.26935911178588867
33333,0.6693827509880066
33334,0.325211763381958
33335,0.6168959140777588
33336,0.5390627980232239
33337,0.5941046476364136
33338,0.5497289299964905
33339,0.703485906124115
33340,0.3555959165096283
33341,0.22312217950820923
33342,0.5094923377037048
33343,0.22413332760334015
33344,0.4790956676006317
33345,0.508721113204956
33346,0.29920318722724915
33347,0.5245760083198547
33348,0.550441324710846
33349,0.3587969243526459
33350,0.8042793273925781
33351,0.37369054555892944
33352,0.34490057826042175
33353,0.6145895719528198
33354,0.3068218231201172
33355,0.5641464591026306
33356,0.6229940056800842
33357,0.4947393536567688
33358,0.8171083331108093
33359,0.3447282910346985
33360,0.7128596901893616
33361,0.47085142135620117
33362,0.44606512784957886
33363,0.5283294916152954
33364,0.4173605144023895
33365,0.6719557642936707
33366,0.4681238532066345
33367,0.45439857244491577
33368,0.4222046434879303
33369,0.5551151633262634
33370,0.5848037600517273
33371,0.5158768892288208
33372,0.3378639817237854
33373,0.32915154099464417
33374,0.45733723044395447
33375,0.40061619877815247
33376,0.3370835781097412
33377,0.4011458158493042
33378,0.6118752956390381
33379,0.8221890330314636
33380,0.5307794213294983
33381,0.5796098113059998
33382,0.7584137916564941
33383,0.6633340716362
33384,0.5780690312385559
33385,0.27945178747177124
33386,0.7271535396575928
33387,0.4066046178340912
33388,0.708432674407959
33389,0.6281511187553406
33390,0.8025216460227966
33391,0.7522879838943481
33392,0.7426654696464539
33393,0.289736807346344
33394,0.5597562789916992
33395,0.6790576577186584
33396,0.8106164932250977
33397,0.6140971183776855
33398,0.5018919110298157
33399,0.6437302827835083
33400,0.21872621774673462
33401,0.22693541646003723
33402,0.4920101463794708
33403,0.3517114520072937
33404,0.7168776392936707
33405,0.7797182202339172
33406,0.42824745178222656
33407,0.505174458026886
33408,0.3871099352836609
33409,0.8023109436035156
33410,0.47458553314208984
33411,0.5144686698913574
33412,0.5504382252693176
33413,0.7198742032051086
33414,0.2106369435787201
33415,0.34063464403152466
33416,0.618933916091919
33417,0.5572853684425354
33418,0.47730281949043274
33419,0.20218150317668915
33420,0.6903241276741028
33421,0.2740681767463684
33422,0.8124255537986755
33423,0.7692756652832031
33424,0.4868350327014923
33425,0.3254432678222656
33426,0.3879926800727844
33427,0.1839243769645691
33428,0.45679932832717896
33429,0.2872607409954071
33430,0.8259813785552979
33431,0.38634225726127625
33432,0.5266902446746826
33433,0.6879919767379761
33434,0.2509942650794983
33435,0.3708247244358063
33436,0.4475136399269104
33437,0.49795785546302795
33438,0.8155495524406433
33439,0.4169209599494934
33440,0.4296502470970154
33441,0.3014850318431854
33442,0.31537947058677673
33443,0.16088786721229553
33444,0.5694363117218018
33445,0.397871732711792
33446,0.8227394223213196
33447,0.5773832201957703
33448,0.6210865378379822
33449,0.5788607001304626
33450,0.5251390933990479
33451,0.7518026232719421
33452,0.7310261130332947
33453,0.7525543570518494
33454,0.35615313053131104
33455,0.30302488803863525
33456,0.6690102219581604
33457,0.48055893182754517
33458,0.44057878851890564
33459,0.43400514125823975
33460,0.45721670985221863
33461,0.7483778595924377
33462,0.271620512008667
33463,0.5085294842720032
33464,0.7847709059715271
33465,0.6914827227592468
33466,0.7721096873283386
33467,0.7377539277076721
33468,0.22541029751300812
33469,0.5078616738319397
33470,0.2201511263847351
33471,0.3496137261390686
33472,0.48729726672172546
33473,0.7807908058166504
33474,0.5391508936882019
33475,0.5652311444282532
33476,0.6756901741027832
33477,0.6368056535720825
33478,0.34840309619903564
33479,0.3858386278152466
33480,0.48973676562309265
33481,0.18521791696548462
33482,0.545948326587677
33483,0.4215102195739746
33484,0.379146546125412
33485,0.688114583492279
33486,0.3055426776409149
33487,0.6543987989425659
33488,0.627341091632843
33489,0.655173122882843
33490,0.4589780867099762
33491,0.32670092582702637
33492,0.29804718494415283
33493,0.8035600185394287
33494,0.25730153918266296
33495,0.3720865249633789
33496,0.5805452466011047
33497,0.48006314039230347
33498,0.5473864674568176
33499,0.7552316188812256
33500,0.7571470737457275
33501,0.5656589865684509
33502,0.5242372155189514
33503,0.39708787202835083
33504,0.373954713344574
33505,0.5665363073348999
33506,0.43194282054901123
33507,0.820835530757904
33508,0.6207759976387024
33509,0.22842270135879517
33510,0.7320443987846375
33511,0.1791425198316574
33512,0.46895337104797363
33513,0.4949364960193634
33514,0.4938015341758728
33515,0.8060576915740967
33516,0.3912714719772339
33517,0.39859285950660706
33518,0.3775154650211334
33519,0.7444483637809753
33520,0.44712236523628235
33521,0.303539514541626
33522,0.47690507769584656
33523,0.39433637261390686
33524,0.5202637314796448
33525,0.8136525750160217
33526,0.595975935459137
33527,0.8159440159797668
33528,0.5473282337188721
33529,0.4600673317909241
33530,0.5272853970527649
33531,0.401652455329895
33532,0.32609298825263977
33533,0.5641803741455078
33534,0.5707916617393494
33535,0.24529583752155304
33536,0.5530871152877808
33537,0.4267365336418152
33538,0.7326253652572632
33539,0.525092601776123
33540,0.5042752027511597
33541,0.45659083127975464
33542,0.8358407616615295
33543,0.380923867225647
33544,0.2526910901069641
33545,0.21999147534370422
33546,0.2347750961780548
33547,0.742043137550354
33548,0.5609135031700134
33549,0.47693967819213867
33550,0.2942013144493103
33551,0.4190845787525177
33552,0.7719295024871826
33553,0.4830758571624756
33554,0.8112601041793823
33555,0.22616402804851532
33556,0.5962877869606018
33557,0.7070589661598206
33558,0.34759873151779175
33559,0.5389684438705444
33560,0.7505959272384644
33561,0.4253849983215332
33562,0.67036372423172
33563,0.7280129790306091
33564,0.5619456171989441
33565,0.2748934030532837
33566,0.6457148194313049
33567,0.4593009948730469
33568,0.7980641722679138
33569,0.22431205213069916
33570,0.37077903747558594
33571,0.4802783131599426
33572,0.3138664662837982
33573,0.5326123237609863
33574,0.5177292823791504
33575,0.5422135591506958
33576,0.32562798261642456
33577,0.6186870336532593
33578,0.45796826481819153
33579,0.5670340657234192
33580,0.6422415375709534
33581,0.4582655131816864
33582,0.43358343839645386
33583,0.602898895740509
33584,0.30890947580337524
33585,0.46901071071624756
33586,0.5543308854103088
33587,0.4912601113319397
33588,0.6514824628829956
33589,0.4071846008300781
33590,0.6472673416137695
33591,0.5241771936416626
33592,0.26263877749443054
33593,0.23250563442707062
33594,0.4515949785709381
33595,0.28539931774139404
33596,0.4754297733306885
33597,0.21110540628433228
33598,0.817142903804779
33599,0.5156037211418152
33600,0.6510769724845886
33601,0.6691153049468994
33602,0.38460615277290344
33603,0.2660677433013916
33604,0.5183129906654358
33605,0.4693574905395508
33606,0.828417181968689
33607,0.7605318427085876
33608,0.34050244092941284
33609,0.4619143009185791
33610,0.5491936802864075
33611,0.2803891599178314
33612,0.6561155319213867
33613,0.46190202236175537
33614,0.6993258595466614
33615,0.8097953200340271
33616,0.36480337381362915
33617,0.40505075454711914
33618,0.6287400722503662
33619,0.38002321124076843
33620,0.48129114508628845
33621,0.7646297812461853
33622,0.8077430725097656
33623,0.7144251465797424
33624,0.702939510345459
33625,0.4681280851364136
33626,0.3814784288406372
33627,0.6107116341590881
33628,0.5170298218727112
33629,0.29709309339523315
33630,0.21942821145057678
33631,0.23828920722007751
33632,0.3778823912143707
33633,0.566943347454071
33634,0.23888248205184937
33635,0.3431536555290222
33636,0.6448384523391724
33637,0.2798308730125427
33638,0.4456756114959717
33639,0.5671751499176025
33640,0.309932678937912
33641,0.7904515266418457
33642,0.470348596572876
33643,0.3089243173599243
33644,0.7834829688072205
33645,0.7362872958183289
33646,0.5673583149909973
33647,0.444175660610199
33648,0.780343234539032
33649,0.33044320344924927
33650,0.5964344143867493
33651,0.41423821449279785
33652,0.1700364202260971
33653,0.5329359769821167
33654,0.375046044588089
33655,0.37108272314071655
33656,0.765380859375
33657,0.3066226840019226
33658,0.7447640299797058
33659,0.7737815976142883
33660,0.30506667494773865
33661,0.8083454966545105
33662,0.5015702247619629
33663,0.23769733309745789
33664,0.27643030881881714
33665,0.5028260946273804
33666,0.5333800911903381
33667,0.7682731747627258
33668,0.348749041557312
33669,0.5029025673866272
33670,0.4044440984725952
33671,0.5342671275138855
33672,0.4725269079208374
33673,0.6957824230194092
33674,0.4518018364906311
33675,0.3825719356536865
33676,0.6228561401367188
33677,0.23901568353176117
33678,0.7479118704795837
33679,0.3745289444923401
33680,0.7874564528465271
33681,0.2841337323188782
33682,0.6550929546356201
33683,0.5098649859428406
33684,0.6601902842521667
33685,0.23246127367019653
33686,0.1996016651391983
33687,0.262606143951416
33688,0.41548532247543335
33689,0.6889616847038269
33690,0.5497943758964539
33691,0.5985933542251587
33692,0.3621097207069397
33693,0.4548419713973999
33694,0.7436042428016663
33695,0.3950513005256653
33696,0.538568377494812
33697,0.3831351697444916
33698,0.41534072160720825
33699,0.669292688369751
33700,0.205051451921463
33701,0.6400198936462402
33702,0.5716726779937744
33703,0.3595469892024994
33704,0.4400424361228943
33705,0.5134921073913574
33706,0.22827517986297607
33707,0.5400769710540771
33708,0.2887493968009949
33709,0.365297794342041
33710,0.2986164391040802
33711,0.49546903371810913
33712,0.8051475882530212
33713,0.5450533032417297
33714,0.3985302746295929
33715,0.4782046377658844
33716,0.3885018229484558
33717,0.39543741941452026
33718,0.42579004168510437
33719,0.691814124584198
33720,0.44822588562965393
33721,0.38884562253952026
33722,0.3691224753856659
33723,0.4594157636165619
33724,0.476325124502182
33725,0.680992841720581
33726,0.5503501296043396
33727,0.5506886839866638
33728,0.22562909126281738
33729,0.5647688508033752
33730,0.3450346291065216
33731,0.5609023571014404
33732,0.7056825160980225
33733,0.6720293760299683
33734,0.3883252739906311
33735,0.7906938791275024
33736,0.4082179367542267
33737,0.49326634407043457
33738,0.4738560914993286
33739,0.7315155267715454
33740,0.6920175552368164
33741,0.2867230176925659
33742,0.2687399685382843
33743,0.55054771900177
33744,0.38075435161590576
33745,0.582939863204956
33746,0.8008329272270203
33747,0.396992564201355
33748,0.8201166987419128
33749,0.6621095538139343
33750,0.4711074233055115
33751,0.29670414328575134
33752,0.18110117316246033
33753,0.2874961495399475
33754,0.2953413128852844
33755,0.3126259446144104
33756,0.6420708298683167
33757,0.7046152949333191
33758,0.6429632306098938
33759,0.22208431363105774
33760,0.5306603908538818
33761,0.4506955146789551
33762,0.3949127495288849
33763,0.8245591521263123
33764,0.4202459454536438
33765,0.7370089888572693
33766,0.6500627994537354
33767,0.5340824723243713
33768,0.4562251567840576
33769,0.44945698976516724
33770,0.37044715881347656
33771,0.24067029356956482
33772,0.28979942202568054
33773,0.4833105206489563
33774,0.28193551301956177
33775,0.27823060750961304
33776,0.8345706462860107
33777,0.1901310682296753
33778,0.6556633114814758
33779,0.6987542510032654
33780,0.5283225774765015
33781,0.6719303727149963
33782,0.7154366374015808
33783,0.21803493797779083
33784,0.25340238213539124
33785,0.8202207088470459
33786,0.8067782521247864
33787,0.4660319983959198
33788,0.5690084099769592
33789,0.3998229503631592
33790,0.6176510453224182
33791,0.5611580014228821
33792,0.740935206413269
33793,0.6630792021751404
33794,0.4814952611923218
33795,0.33036357164382935
33796,0.5196840167045593
33797,0.726793646812439
33798,0.1868104636669159
33799,0.25702551007270813
33800,0.535660982131958
33801,0.4121132791042328
33802,0.466482937335968
33803,0.21587610244750977
33804,0.4894919991493225
33805,0.46033138036727905
33806,0.5483868718147278
33807,0.7785506844520569
33808,0.4426195025444031
33809,0.3379243016242981
33810,0.6180638670921326
33811,0.6808883547782898
33812,0.2798946797847748
33813,0.7387070655822754
33814,0.42864999175071716
33815,0.3875218629837036
33816,0.6400493383407593
33817,0.6230136752128601
33818,0.8175760507583618
33819,0.7348838448524475
33820,0.6748009324073792
33821,0.6530185341835022
33822,0.6166092753410339
33823,0.44896504282951355
33824,0.7675327658653259
33825,0.5499964356422424
33826,0.30698156356811523
33827,0.8156477808952332
33828,0.24002517759799957
33829,0.3345577120780945
33830,0.5003542900085449
33831,0.2560696601867676
33832,0.6312363147735596
33833,0.37175822257995605
33834,0.34764528274536133
33835,0.750479519367218
33836,0.7237024307250977
33837,0.343483030796051
33838,0.36092957854270935
33839,0.8353073000907898
33840,0.32115232944488525
33841,0.3598376512527466
33842,0.6295307874679565
33843,0.7905557751655579
33844,0.5597054958343506
33845,0.5062907338142395
33846,0.40396302938461304
33847,0.5011925101280212
33848,0.3599490523338318
33849,0.45961660146713257
33850,0.3067784607410431
33851,0.8183321952819824
33852,0.6475151181221008
33853,0.48963463306427
33854,0.22918924689292908
33855,0.46679142117500305
33856,0.23471444845199585
33857,0.47557932138442993
33858,0.4686049222946167
33859,0.6519800424575806
33860,0.6879264116287231
33861,0.6310049891471863
33862,0.5298267006874084
33863,0.5680637955665588
33864,0.2477974146604538
33865,0.5059812664985657
33866,0.4044247567653656
33867,0.7595046758651733
33868,0.3387916088104248
33869,0.6690449118614197
33870,0.302543580532074
33871,0.691985547542572
33872,0.6914310455322266
33873,0.4394186735153198
33874,0.35224413871765137
33875,0.5958518981933594
33876,0.5792171359062195
33877,0.7524483799934387
33878,0.35098081827163696
33879,0.4765673279762268
33880,0.35579097270965576
33881,0.7306317687034607
33882,0.3970920443534851
33883,0.7778714299201965
33884,0.5169103145599365
33885,0.7344157695770264
33886,0.2939492464065552
33887,0.5279235243797302
33888,0.2448669672012329
33889,0.20070840418338776
33890,0.555512547492981
33891,0.5597175359725952
33892,0.6006261706352234
33893,0.32937127351760864
33894,0.34948599338531494
33895,0.7892464995384216
33896,0.4746438264846802
33897,0.7992889285087585
33898,0.7720822095870972
33899,0.5946275591850281
33900,0.42715373635292053
33901,0.7757818698883057
33902,0.4335364103317261
33903,0.5989974141120911
33904,0.5202892422676086
33905,0.7342617511749268
33906,0.8483614325523376
33907,0.3034951686859131
33908,0.34532245993614197
33909,0.5552696585655212
33910,0.46452951431274414
33911,0.796629011631012
33912,0.5741136074066162
33913,0.612111508846283
33914,0.3706488013267517
33915,0.4503876566886902
33916,0.5593460202217102
33917,0.6407554149627686
33918,0.7153845429420471
33919,0.4240831136703491
33920,0.46215295791625977
33921,0.23119060695171356
33922,0.7448919415473938
33923,0.8052369356155396
33924,0.7575183510780334
33925,0.5604195594787598
33926,0.3927169442176819
33927,0.4946831166744232
33928,0.6310099363327026
33929,0.26018667221069336
33930,0.6444258093833923
33931,0.7697113156318665
33932,0.5636187195777893
33933,0.5682333111763
33934,0.47406843304634094
33935,0.46741169691085815
33936,0.6780666708946228
33937,0.6257302165031433
33938,0.6273148655891418
33939,0.7259367108345032
33940,0.7875815629959106
33941,0.5628589987754822
33942,0.3341728746891022
33943,0.5749024748802185
33944,0.31880491971969604
33945,0.6614354848861694
33946,0.3057857155799866
33947,0.4561483860015869
33948,0.31159117817878723
33949,0.31956082582473755
33950,0.7970853447914124
33951,0.4318094849586487
33952,0.5844202637672424
33953,0.5587199926376343
33954,0.5224294662475586
33955,0.39424219727516174
33956,0.3784066438674927
33957,0.3012813329696655
33958,0.3353124260902405
33959,0.4617636799812317
33960,0.7864336967468262
33961,0.4911763370037079
33962,0.799847424030304
33963,0.700907289981842
33964,0.5236878991127014
33965,0.6428430080413818
33966,0.40802186727523804
33967,0.5797356963157654
33968,0.5176164507865906
33969,0.5492693781852722
33970,0.38090455532073975
33971,0.7761353850364685
33972,0.644314706325531
33973,0.34732499718666077
33974,0.8066545724868774
33975,0.20028060674667358
33976,0.5222490429878235
33977,0.4971555471420288
33978,0.44656115770339966
33979,0.7289384603500366
33980,0.4829931855201721
33981,0.5530712008476257
33982,0.31930217146873474
33983,0.6146339774131775
33984,0.6081840395927429
33985,0.458708792924881
33986,0.7850879430770874
33987,0.30620700120925903
33988,0.4396582543849945
33989,0.5268931984901428
33990,0.6836162209510803
33991,0.6086368560791016
33992,0.5832019448280334
33993,0.7533428072929382
33994,0.6977877020835876
33995,0.809157133102417
33996,0.8130552172660828
33997,0.38005322217941284
33998,0.35727232694625854
33999,0.8466994762420654
34000,0.4055936932563782
34001,0.5306035876274109
34002,0.36280667781829834
34003,0.3017517030239105
34004,0.8143619894981384
34005,0.2947309613227844
34006,0.2480451613664627
34007,0.6802051663398743
34008,0.5314391851425171
34009,0.5285214781761169
34010,0.734771192073822
34011,0.3952910602092743
34012,0.2997742295265198
34013,0.5539200305938721
34014,0.1980353146791458
34015,0.5883014798164368
34016,0.37696942687034607
34017,0.1901930570602417
34018,0.3472147583961487
34019,0.4146718680858612
34020,0.6668204069137573
34021,0.4325748682022095
34022,0.7197921276092529
34023,0.7463769316673279
34024,0.6202039122581482
34025,0.3280494809150696
34026,0.2063436061143875
34027,0.5436737537384033
34028,0.23609045147895813
34029,0.47861045598983765
34030,0.21738334000110626
34031,0.7365639805793762
34032,0.5857197642326355
34033,0.7511665225028992
34034,0.6542051434516907
34035,0.6600049138069153
34036,0.5310885310173035
34037,0.3148103952407837
34038,0.5006531476974487
34039,0.4549351930618286
34040,0.38910621404647827
34041,0.481844425201416
34042,0.5662514567375183
34043,0.678961455821991
34044,0.31865400075912476
34045,0.4965651333332062
34046,0.7757359147071838
34047,0.6306018233299255
34048,0.34230902791023254
34049,0.6158794164657593
34050,0.4249740242958069
34051,0.5774446725845337
34052,0.5497507452964783
34053,0.261029452085495
34054,0.3417440354824066
34055,0.21963991224765778
34056,0.3709601163864136
34057,0.4662870466709137
34058,0.7066623568534851
34059,0.4110550582408905
34060,0.6237438321113586
34061,0.7530269026756287
34062,0.7066318988800049
34063,0.683656632900238
34064,0.5347195863723755
34065,0.31980180740356445
34066,0.4898449778556824
34067,0.7284857630729675
34068,0.5116515755653381
34069,0.38256776332855225
34070,0.4166591763496399
34071,0.4940015375614166
34072,0.580620527267456
34073,0.8269498944282532
34074,0.274211585521698
34075,0.2815517783164978
34076,0.44478681683540344
34077,0.2516170144081116
34078,0.5768271684646606
34079,0.26516783237457275
34080,0.5325266122817993
34081,0.27491307258605957
34082,0.7349749803543091
34083,0.5891783833503723
34084,0.2954789102077484
34085,0.8079826235771179
34086,0.4897848963737488
34087,0.5565709471702576
34088,0.3348545432090759
34089,0.40604063868522644
34090,0.8042194247245789
34091,0.8146237730979919
34092,0.5771710276603699
34093,0.6569126844406128
34094,0.7721063494682312
34095,0.6727127432823181
34096,0.6077394485473633
34097,0.20970717072486877
34098,0.35815584659576416
34099,0.4762800335884094
34100,0.5335210561752319
34101,0.8039511442184448
34102,0.4485110640525818
34103,0.7947219014167786
34104,0.633983314037323
34105,0.5279961228370667
34106,0.4045417904853821
34107,0.616307258605957
34108,0.6650614142417908
34109,0.3528967797756195
34110,0.5534970164299011
34111,0.5378952622413635
34112,0.5000872611999512
34113,0.59430330991745
34114,0.3682316541671753
34115,0.2500186562538147
34116,0.3412420153617859
34117,0.31768998503685
34118,0.3526476323604584
34119,0.37009796500205994
34120,0.5772048234939575
34121,0.5652734637260437
34122,0.46151262521743774
34123,0.7021730542182922
34124,0.7118659019470215
34125,0.7150594592094421
34126,0.34394556283950806
34127,0.3899686932563782
34128,0.35056161880493164
34129,0.3020833730697632
34130,0.4366801977157593
34131,0.48783594369888306
34132,0.31730711460113525
34133,0.24861793220043182
34134,0.47165417671203613
34135,0.6020548939704895
34136,0.5887947678565979
34137,0.519314706325531
34138,0.36015069484710693
34139,0.5827283263206482
34140,0.37603938579559326
34141,0.7870311141014099
34142,0.35944268107414246
34143,0.1888725310564041
34144,0.6371468305587769
34145,0.5457707047462463
34146,0.7338476181030273
34147,0.2558557093143463
34148,0.3057432472705841
34149,0.3523938059806824
34150,0.5475571751594543
34151,0.5317989587783813
34152,0.5541966557502747
34153,0.6864282488822937
34154,0.4399283528327942
34155,0.6011449694633484
34156,0.7964614033699036
34157,0.42626315355300903
34158,0.6470743417739868
34159,0.20334462821483612
34160,0.3927266597747803
34161,0.24481841921806335
34162,0.5293286442756653
34163,0.34450215101242065
34164,0.5053179860115051
34165,0.1953178197145462
34166,0.35143402218818665
34167,0.53321772813797
34168,0.26536667346954346
34169,0.216244176030159
34170,0.5018882155418396
34171,0.3106580078601837
34172,0.7174343466758728
34173,0.8095722198486328
34174,0.7221723198890686
34175,0.7815678715705872
34176,0.7448392510414124
34177,0.40604662895202637
34178,0.46150463819503784
34179,0.7363634705543518
34180,0.37878087162971497
34181,0.5900906920433044
34182,0.4905129671096802
34183,0.5492177605628967
34184,0.25284314155578613
34185,0.4846324622631073
34186,0.677075982093811
34187,0.5652370452880859
34188,0.20582690834999084
34189,0.3410989046096802
34190,0.33772602677345276
34191,0.6080560088157654
34192,0.7866813540458679
34193,0.46637722849845886
34194,0.3739778399467468
34195,0.35498136281967163
34196,0.7921484112739563
34197,0.794362485408783
34198,0.543381929397583
34199,0.46369051933288574
34200,0.42753538489341736
34201,0.46287399530410767
34202,0.2992749810218811
34203,0.4368016719818115
34204,0.5014376044273376
34205,0.5287133455276489
34206,0.45622551441192627
34207,0.4666430354118347
34208,0.3411223292350769
34209,0.5735251903533936
34210,0.6396664977073669
34211,0.25927889347076416
34212,0.7760514616966248
34213,0.6020039916038513
34214,0.5678332448005676
34215,0.3808077573776245
34216,0.528221845626831
34217,0.20843729376792908
34218,0.4222449064254761
34219,0.45470988750457764
34220,0.5332632064819336
34221,0.46229156851768494
34222,0.1855509877204895
34223,0.3678234815597534
34224,0.4472699463367462
34225,0.8049027323722839
34226,0.6951331496238708
34227,0.8155679106712341
34228,0.3805164694786072
34229,0.31291458010673523
34230,0.4465448260307312
34231,0.5246724486351013
34232,0.7085655927658081
34233,0.4597577750682831
34234,0.49733054637908936
34235,0.34109073877334595
34236,0.1946030855178833
34237,0.6158124804496765
34238,0.43047234416007996
34239,0.46487319469451904
34240,0.45954060554504395
34241,0.7035976648330688
34242,0.180626779794693
34243,0.5024548768997192
34244,0.6108024716377258
34245,0.7232205867767334
34246,0.42603349685668945
34247,0.2490871548652649
34248,0.5304990410804749
34249,0.3766781687736511
34250,0.16541710495948792
34251,0.3751490116119385
34252,0.4381461441516876
34253,0.24383586645126343
34254,0.5310028195381165
34255,0.3283589482307434
34256,0.3689519762992859
34257,0.5946798324584961
34258,0.32677319645881653
34259,0.3432824909687042
34260,0.7749671339988708
34261,0.8001384735107422
34262,0.7283794283866882
34263,0.4958471357822418
34264,0.8239284157752991
34265,0.31108465790748596
34266,0.18773368000984192
34267,0.6604966521263123
34268,0.421478807926178
34269,0.18930643796920776
34270,0.34898269176483154
34271,0.6922194361686707
34272,0.4256298542022705
34273,0.5274178385734558
34274,0.7523120045661926
34275,0.5481712222099304
34276,0.5486564040184021
34277,0.5699495673179626
34278,0.6695647835731506
34279,0.7483785152435303
34280,0.6953625082969666
34281,0.39401698112487793
34282,0.2347162961959839
34283,0.2886393964290619
34284,0.296291708946228
34285,0.48818033933639526
34286,0.35512852668762207
34287,0.4310164451599121
34288,0.20524662733078003
34289,0.5224419236183167
34290,0.7165671586990356
34291,0.5193774104118347
34292,0.45762890577316284
34293,0.8286399245262146
34294,0.31094270944595337
34295,0.7451513409614563
34296,0.4808218479156494
34297,0.7526379823684692
34298,0.3131433129310608
34299,0.6089794635772705
34300,0.2316819131374359
34301,0.5239686965942383
34302,0.6231018900871277
34303,0.4983517825603485
34304,0.5968768000602722
34305,0.5666565299034119
34306,0.288595974445343
34307,0.6779401898384094
34308,0.38517922163009644
34309,0.8295617699623108
34310,0.6600936055183411
34311,0.4998100996017456
34312,0.4375820755958557
34313,0.5692383646965027
34314,0.672834575176239
34315,0.7261101603507996
34316,0.37165677547454834
34317,0.7700147032737732
34318,0.19952239096164703
34319,0.6587636470794678
34320,0.38279443979263306
34321,0.5176655650138855
34322,0.4993641972541809
34323,0.24288856983184814
34324,0.26072806119918823
34325,0.5999123454093933
34326,0.4633840024471283
34327,0.5440024733543396
34328,0.704108715057373
34329,0.35962605476379395
34330,0.4665982127189636
34331,0.42016613483428955
34332,0.5587758421897888
34333,0.4993472099304199
34334,0.266638845205307
34335,0.7632231712341309
34336,0.7157570719718933
34337,0.8132591843605042
34338,0.5653316378593445
34339,0.35960936546325684
34340,0.444916307926178
34341,0.6526011824607849
34342,0.25522857904434204
34343,0.282423734664917
34344,0.3844602704048157
34345,0.22252792119979858
34346,0.6577315330505371
34347,0.32064288854599
34348,0.6235584616661072
34349,0.7122642993927002
34350,0.616866409778595
34351,0.7176069021224976
34352,0.30001887679100037
34353,0.2809993326663971
34354,0.331821471452713
34355,0.7201651930809021
34356,0.3040834069252014
34357,0.6589523553848267
34358,0.43212130665779114
34359,0.6667819023132324
34360,0.5554665923118591
34361,0.7711108326911926
34362,0.7381397485733032
34363,0.6047772765159607
34364,0.4141841530799866
34365,0.7600182890892029
34366,0.6703227162361145
34367,0.5491505265235901
34368,0.49040457606315613
34369,0.7810421586036682
34370,0.6158505082130432
34371,0.5411967635154724
34372,0.26562708616256714
34373,0.7981468439102173
34374,0.4355211555957794
34375,0.2751140594482422
34376,0.4727371037006378
34377,0.35443276166915894
34378,0.7908718585968018
34379,0.4767470955848694
34380,0.8152416944503784
34381,0.6512081027030945
34382,0.36540308594703674
34383,0.8285788297653198
34384,0.303790420293808
34385,0.18175597488880157
34386,0.5574055910110474
34387,0.5518786311149597
34388,0.8372519612312317
34389,0.48686686158180237
34390,0.43254387378692627
34391,0.31084102392196655
34392,0.38283050060272217
34393,0.7981903553009033
34394,0.8083530068397522
34395,0.6876792907714844
34396,0.6310862898826599
34397,0.3522709012031555
34398,0.280355304479599
34399,0.4192112684249878
34400,0.5655654072761536
34401,0.4482029676437378
34402,0.29368168115615845
34403,0.8049691319465637
34404,0.8124569058418274
34405,0.6358649134635925
34406,0.46775925159454346
34407,0.3201472759246826
34408,0.23743295669555664
34409,0.42623570561408997
34410,0.6669483780860901
34411,0.16170541942119598
34412,0.7774115800857544
34413,0.5409899950027466
34414,0.3488175868988037
34415,0.2915871739387512
34416,0.5672075748443604
34417,0.6461108922958374
34418,0.41258174180984497
34419,0.33232730627059937
34420,0.32031676173210144
34421,0.2707076072692871
34422,0.17667128145694733
34423,0.4094168245792389
34424,0.3428230285644531
34425,0.27403688430786133
34426,0.31834936141967773
34427,0.7434080839157104
34428,0.7121480703353882
34429,0.4074108302593231
34430,0.6723563075065613
34431,0.3746238350868225
34432,0.21147514879703522
34433,0.17624220252037048
34434,0.4535726308822632
34435,0.5803866982460022
34436,0.8002731204032898
34437,0.6052482724189758
34438,0.4756264090538025
34439,0.33857131004333496
34440,0.7063643336296082
34441,0.6963328719139099
34442,0.5132105946540833
34443,0.7205121517181396
34444,0.3218803405761719
34445,0.2860886752605438
34446,0.4950397312641144
34447,0.8123708367347717
34448,0.5508884787559509
34449,0.29693591594696045
34450,0.7784959673881531
34451,0.7179500460624695
34452,0.7100901007652283
34453,0.5689679384231567
34454,0.28437545895576477
34455,0.6805143356323242
34456,0.49510425329208374
34457,0.3262866735458374
34458,0.6246894001960754
34459,0.7412417531013489
34460,0.3133390545845032
34461,0.44707435369491577
34462,0.2145296037197113
34463,0.8030368685722351
34464,0.6195310950279236
34465,0.7894895672798157
34466,0.7291527390480042
34467,0.7127484083175659
34468,0.36885493993759155
34469,0.3847172260284424
34470,0.5855678915977478
34471,0.32570764422416687
34472,0.6544960737228394
34473,0.30915236473083496
34474,0.5334100127220154
34475,0.6873463988304138
34476,0.5844758749008179
34477,0.5966070890426636
34478,0.8120937347412109
34479,0.5824959874153137
34480,0.6535107493400574
34481,0.37049615383148193
34482,0.370856910943985
34483,0.5801401734352112
34484,0.5051272511482239
34485,0.4487108588218689
34486,0.35654616355895996
34487,0.2900487184524536
34488,0.524008572101593
34489,0.5289749503135681
34490,0.21420195698738098
34491,0.3768812119960785
34492,0.5455783009529114
