node,gnn_score
0,0.6188573241233826
1,0.4831346869468689
2,0.31453773379325867
3,0.7723668217658997
4,0.3270777761936188
5,0.7104302644729614
6,0.2747129499912262
7,0.45002537965774536
8,0.5138136744499207
9,0.35983437299728394
10,0.46954232454299927
11,0.25740811228752136
12,0.3100210428237915
13,0.23896165192127228
14,0.7317915558815002
15,0.6202353239059448
16,0.1746608465909958
17,0.4104960262775421
18,0.6654716730117798
19,0.43647411465644836
20,0.6551171541213989
21,0.4273662865161896
22,0.4507941007614136
23,0.7885328531265259
24,0.7180125713348389
25,0.4806436002254486
26,0.707549512386322
27,0.7530679106712341
28,0.739035427570343
29,0.296584814786911
30,0.510252058506012
31,0.2606036067008972
32,0.3085663914680481
33,0.7168974280357361
34,0.6418190598487854
35,0.28395789861679077
36,0.6161683797836304
37,0.26637890934944153
38,0.3369780480861664
39,0.6404830813407898
40,0.6530550122261047
41,0.7227610349655151
42,0.7978561520576477
43,0.40815675258636475
44,0.45986708998680115
45,0.4223877787590027
46,0.3423023819923401
47,0.25275954604148865
48,0.6768541932106018
49,0.534326434135437
50,0.5416327118873596
51,0.5916981101036072
52,0.27022847533226013
53,0.412555068731308
54,0.42632782459259033
55,0.23343302309513092
56,0.2963006794452667
57,0.3770239055156708
58,0.26896998286247253
59,0.562626302242279
60,0.796876847743988
61,0.6981269121170044
62,0.4377172887325287
63,0.25240421295166016
64,0.4313855767250061
65,0.4481648802757263
66,0.5861817598342896
67,0.8188072443008423
68,0.2665388584136963
69,0.7235239744186401
70,0.6667676568031311
71,0.6548250317573547
72,0.3906284272670746
73,0.6347292065620422
74,0.6987702250480652
75,0.8123086094856262
76,0.4519777297973633
77,0.625933825969696
78,0.24806904792785645
79,0.30639582872390747
80,0.2717454731464386
81,0.4044068157672882
82,0.8231948018074036
83,0.5604281425476074
84,0.3330390155315399
85,0.4642447531223297
86,0.8164863586425781
87,0.3379882276058197
88,0.7078689932823181
89,0.7107874751091003
90,0.4330403804779053
91,0.6749041080474854
92,0.5717449188232422
93,0.379453182220459
94,0.2047293484210968
95,0.7427407503128052
96,0.6595110893249512
97,0.47297459840774536
98,0.43077293038368225
99,0.2851964831352234
100,0.7486515045166016
101,0.5205861926078796
102,0.5748497843742371
103,0.6174831986427307
104,0.6348518133163452
105,0.4558989703655243
106,0.7450153231620789
107,0.24929410219192505
108,0.5255407094955444
109,0.32296428084373474
110,0.6694837808609009
111,0.6430439352989197
112,0.6893297433853149
113,0.665091872215271
114,0.28874197602272034
115,0.5616552233695984
116,0.33420056104660034
117,0.4248178005218506
118,0.31788623332977295
119,0.38885465264320374
120,0.7372420430183411
121,0.7855204939842224
122,0.22870613634586334
123,0.419432669878006
124,0.734075129032135
125,0.47982269525527954
126,0.6669039726257324
127,0.26374301314353943
128,0.28575143218040466
129,0.6499779224395752
130,0.2321763038635254
131,0.7087203860282898
132,0.43539127707481384
133,0.4338546097278595
134,0.7020095586776733
135,0.735523521900177
136,0.39689475297927856
137,0.45592939853668213
138,0.20278334617614746
139,0.2335071563720703
140,0.6895710825920105
141,0.37785178422927856
142,0.2779531478881836
143,0.46296000480651855
144,0.4957188665866852
145,0.4323612153530121
146,0.6853345036506653
147,0.4546714723110199
148,0.32135850191116333
149,0.7569543123245239
150,0.35959017276763916
151,0.44520583748817444
152,0.3759917616844177
153,0.3918185830116272
154,0.4227093458175659
155,0.36114466190338135
156,0.42269599437713623
157,0.5988925695419312
158,0.550993800163269
159,0.23166102170944214
160,0.24333889782428741
161,0.3005494475364685
162,0.41766321659088135
163,0.6018700003623962
164,0.26636141538619995
165,0.8186777830123901
166,0.7711544036865234
167,0.3696712553501129
168,0.2594119608402252
169,0.5701521635055542
170,0.449937105178833
171,0.4199201762676239
172,0.4299352765083313
173,0.30519023537635803
174,0.34532392024993896
175,0.2592695355415344
176,0.20548944175243378
177,0.4388132691383362
178,0.7768213152885437
179,0.70689857006073
180,0.6094874739646912
181,0.36776211857795715
182,0.3954404890537262
183,0.5703534483909607
184,0.48973727226257324
185,0.2880568206310272
186,0.20915842056274414
187,0.8205264806747437
188,0.39593756198883057
189,0.5474463105201721
190,0.4471582770347595
191,0.5296300053596497
192,0.41566091775894165
193,0.5705829858779907
194,0.3818778991699219
195,0.44649365544319153
196,0.8060573935508728
197,0.4493364095687866
198,0.4393557608127594
199,0.4533139765262604
200,0.32690542936325073
201,0.465562641620636
202,0.33446940779685974
203,0.38789355754852295
204,0.19422094523906708
205,0.6283390522003174
206,0.6596196889877319
207,0.7309982776641846
208,0.28305983543395996
209,0.506217896938324
210,0.451752245426178
211,0.6389561891555786
212,0.46292978525161743
213,0.4114307165145874
214,0.8282576203346252
215,0.4694659113883972
216,0.3406968116760254
217,0.4832223653793335
218,0.48610708117485046
219,0.6700187921524048
220,0.702041745185852
221,0.1958996206521988
222,0.6190231442451477
223,0.27079272270202637
224,0.267330527305603
225,0.1598486304283142
226,0.7075969576835632
227,0.36897534132003784
228,0.7961330413818359
229,0.41597941517829895
230,0.3799707293510437
231,0.5262028574943542
232,0.33759891986846924
233,0.8197901248931885
234,0.45660582184791565
235,0.3958187997341156
236,0.6778236031532288
237,0.4141273498535156
238,0.6112141609191895
239,0.5090343356132507
240,0.42023810744285583
241,0.6473487019538879
242,0.4432734549045563
243,0.4924274981021881
244,0.28219127655029297
245,0.47922998666763306
246,0.31905850768089294
247,0.6850003004074097
248,0.2857416868209839
249,0.4520055949687958
250,0.23558706045150757
251,0.8203872442245483
252,0.7062711119651794
253,0.8182993531227112
254,0.735881507396698
255,0.6442194581031799
256,0.31069669127464294
257,0.5999304056167603
258,0.30356138944625854
259,0.7378606200218201
260,0.742113471031189
261,0.27223777770996094
262,0.7656337022781372
263,0.25779667496681213
264,0.2690024971961975
265,0.7594926357269287
266,0.48096367716789246
267,0.34824007749557495
268,0.509312093257904
269,0.7164110541343689
270,0.21973104774951935
271,0.5141857862472534
272,0.3304312527179718
273,0.25051766633987427
274,0.5879145264625549
275,0.3547033965587616
276,0.7306762933731079
277,0.4517431855201721
278,0.6456128358840942
279,0.276753306388855
280,0.7220973372459412
281,0.23089241981506348
282,0.27171266078948975
283,0.651064395904541
284,0.5386279225349426
285,0.20853939652442932
286,0.5288211107254028
287,0.6593254804611206
288,0.5472347140312195
289,0.44578513503074646
290,0.43633896112442017
291,0.3851754367351532
292,0.6445106863975525
293,0.2560460567474365
294,0.42092058062553406
295,0.30838292837142944
296,0.22501416504383087
297,0.7730054259300232
298,0.6858645081520081
299,0.6271843314170837
300,0.4348653256893158
301,0.6723911762237549
302,0.7837619185447693
303,0.376295804977417
304,0.3326181173324585
305,0.6867145299911499
306,0.5186139345169067
307,0.4658537805080414
308,0.46084246039390564
309,0.49134740233421326
310,0.6107798218727112
311,0.6713293790817261
312,0.7769864201545715
313,0.7258926630020142
314,0.6696419715881348
315,0.7806335091590881
316,0.27132391929626465
317,0.5065041780471802
318,0.29166093468666077
319,0.3914136290550232
320,0.4626055359840393
321,0.47687971591949463
322,0.5131925344467163
323,0.2823646664619446
324,0.5159550905227661
325,0.32011181116104126
326,0.25626736879348755
327,0.3017573058605194
328,0.3790650963783264
329,0.6650065183639526
330,0.3967716097831726
331,0.2856285870075226
332,0.4038395583629608
333,0.3266550600528717
334,0.7077406048774719
335,0.3871577978134155
336,0.286508172750473
337,0.5997299551963806
338,0.7634991407394409
339,0.8158453106880188
340,0.3934962749481201
341,0.6329456567764282
342,0.46678024530410767
343,0.25598880648612976
344,0.7058256268501282
345,0.6556755304336548
346,0.6665452718734741
347,0.6075550317764282
348,0.46706533432006836
349,0.25714612007141113
350,0.5914750099182129
351,0.7326574325561523
352,0.7473911643028259
353,0.6254404783248901
354,0.31488245725631714
355,0.2735334038734436
356,0.3589685559272766
357,0.3869333863258362
358,0.3593074083328247
359,0.8037300705909729
360,0.2388966828584671
361,0.556415319442749
362,0.8224465250968933
363,0.3292264938354492
364,0.28510019183158875
365,0.6815479397773743
366,0.4645910859107971
367,0.6684401631355286
368,0.7610546350479126
369,0.32212552428245544
370,0.7503494620323181
371,0.3854161500930786
372,0.24711063504219055
373,0.6229537725448608
374,0.39206331968307495
375,0.6473084688186646
376,0.6759017109870911
377,0.37760281562805176
378,0.32181528210639954
379,0.23869383335113525
380,0.22877521812915802
381,0.5627098083496094
382,0.6391804218292236
383,0.24614065885543823
384,0.48152956366539
385,0.6717680096626282
386,0.5962468385696411
387,0.4581901431083679
388,0.4631351828575134
389,0.543672502040863
390,0.40243810415267944
391,0.5443912148475647
392,0.4248417913913727
393,0.6984780430793762
394,0.42549893260002136
395,0.41621410846710205
396,0.6026958227157593
397,0.25720083713531494
398,0.32422423362731934
399,0.5656126141548157
400,0.47647416591644287
401,0.557456910610199
402,0.3934692144393921
403,0.7212677597999573
404,0.6775380373001099
405,0.49276986718177795
406,0.5296713709831238
407,0.3203243613243103
408,0.8015418648719788
409,0.5247043967247009
410,0.4225984215736389
411,0.6564685106277466
412,0.45289552211761475
413,0.7895560264587402
414,0.3035876750946045
415,0.26762500405311584
416,0.19938255846500397
417,0.5368849039077759
418,0.39729374647140503
419,0.25576692819595337
420,0.4409061074256897
421,0.4050878882408142
422,0.8064765930175781
423,0.7064638137817383
424,0.3946853280067444
425,0.5410971641540527
426,0.6060436964035034
427,0.2759287357330322
428,0.4382086992263794
429,0.6853141188621521
430,0.3798072934150696
431,0.3170725107192993
432,0.4294203519821167
433,0.4947563409805298
434,0.3964571952819824
435,0.5099532604217529
436,0.6904271245002747
437,0.8037960529327393
438,0.28609180450439453
439,0.5691015720367432
440,0.7244833111763
441,0.6590089201927185
442,0.614431619644165
443,0.6223587989807129
444,0.38925474882125854
445,0.3832845985889435
446,0.8033950328826904
447,0.7036611437797546
448,0.5111075043678284
449,0.2723442018032074
450,0.46422529220581055
451,0.5895025730133057
452,0.6268861293792725
453,0.5233278274536133
454,0.5062808990478516
455,0.39046090841293335
456,0.3334198296070099
457,0.5227352380752563
458,0.20489537715911865
459,0.27600204944610596
460,0.7947232723236084
461,0.31004124879837036
462,0.6078237891197205
463,0.3354274034500122
464,0.7958333492279053
465,0.659339427947998
466,0.8168269395828247
467,0.6750550270080566
468,0.21456699073314667
469,0.3958514332771301
470,0.837955117225647
471,0.31655895709991455
472,0.5392129421234131
473,0.8176618218421936
474,0.5620777010917664
475,0.7566321492195129
476,0.5785001516342163
477,0.4908744990825653
478,0.35433003306388855
479,0.15971536934375763
480,0.6229948401451111
481,0.6359415054321289
482,0.40717828273773193
483,0.24421153962612152
484,0.43773889541625977
485,0.5119090676307678
486,0.6807237863540649
487,0.44459179043769836
488,0.29017961025238037
489,0.20325693488121033
490,0.5761718153953552
491,0.7480083703994751
492,0.614171028137207
493,0.6963695883750916
494,0.23271308839321136
495,0.24877135455608368
496,0.5767068266868591
497,0.31791990995407104
498,0.27284666895866394
499,0.24508455395698547
500,0.6709823608398438
501,0.5402867794036865
502,0.3539327383041382
503,0.3741805851459503
504,0.43266281485557556
505,0.4169705808162689
506,0.46510055661201477
507,0.48797041177749634
508,0.5094863176345825
509,0.585307776927948
510,0.3151910901069641
511,0.4259476661682129
512,0.5571420788764954
513,0.6951232552528381
514,0.4470284879207611
515,0.33513230085372925
516,0.3730112910270691
517,0.6636923551559448
518,0.7386531829833984
519,0.4972470998764038
520,0.3370642364025116
521,0.42818841338157654
522,0.42790520191192627
523,0.5736280679702759
524,0.4629635810852051
525,0.7389483451843262
526,0.560149073600769
527,0.5959170460700989
528,0.4713718295097351
529,0.7755711078643799
530,0.500841498374939
531,0.7849464416503906
532,0.4980044662952423
533,0.7537835240364075
534,0.32277098298072815
535,0.48985719680786133
536,0.45321521162986755
537,0.4569903612136841
538,0.6141416430473328
539,0.37538158893585205
540,0.4670228660106659
541,0.40249139070510864
542,0.6692712903022766
543,0.7959413528442383
544,0.7416772842407227
545,0.4742066562175751
546,0.5566073656082153
547,0.5332911610603333
548,0.4639781415462494
549,0.5787318348884583
550,0.2856731414794922
551,0.2763506770133972
552,0.5575211048126221
553,0.758209764957428
554,0.34642940759658813
555,0.472458153963089
556,0.4865680932998657
557,0.681661069393158
558,0.28276708722114563
559,0.6478987336158752
560,0.3153308928012848
561,0.48825421929359436
562,0.3668745756149292
563,0.2546219229698181
564,0.5769631266593933
565,0.5441461801528931
566,0.3776988685131073
567,0.7171425819396973
568,0.30161380767822266
569,0.5545229315757751
570,0.32716822624206543
571,0.4045903980731964
572,0.43707922101020813
573,0.6348403096199036
574,0.5961453914642334
575,0.6832766532897949
576,0.5259203314781189
577,0.35998255014419556
578,0.5914174318313599
579,0.344154953956604
580,0.23542945086956024
581,0.6319794058799744
582,0.28383904695510864
583,0.6419451832771301
584,0.8133021593093872
585,0.6387353539466858
586,0.43360382318496704
587,0.6538100838661194
588,0.6036665439605713
589,0.42822960019111633
590,0.7422727942466736
591,0.5936307907104492
592,0.6655656099319458
593,0.35109743475914
594,0.3354012668132782
595,0.6724286079406738
596,0.48148465156555176
597,0.638614296913147
598,0.718650758266449
599,0.3399055600166321
600,0.4590681791305542
601,0.4034210443496704
602,0.663554310798645
603,0.3590991497039795
604,0.4077106714248657
605,0.5403801798820496
606,0.4219379425048828
607,0.7008485198020935
608,0.43289637565612793
609,0.5463513135910034
610,0.5116256475448608
611,0.35201576352119446
612,0.4166494607925415
613,0.7420368194580078
614,0.286562442779541
615,0.6521991491317749
616,0.6001094579696655
617,0.691987156867981
618,0.3501706123352051
619,0.5935791730880737
620,0.7243466377258301
621,0.4094029664993286
622,0.4292362332344055
623,0.7869561314582825
624,0.763196587562561
625,0.4305258095264435
626,0.635653555393219
627,0.29154738783836365
628,0.25605472922325134
629,0.6452323794364929
630,0.6053788661956787
631,0.25887978076934814
632,0.3477100729942322
633,0.2389550358057022
634,0.3645554780960083
635,0.47488075494766235
636,0.43904590606689453
637,0.21872375905513763
638,0.4301525354385376
639,0.5334600806236267
640,0.4462316930294037
641,0.44259530305862427
642,0.22095640003681183
643,0.4444381594657898
644,0.4391377866268158
645,0.3109819293022156
646,0.6971791386604309
647,0.4482107162475586
648,0.7426564693450928
649,0.6244416236877441
650,0.7759115099906921
651,0.3098513185977936
652,0.45424774289131165
653,0.4338229298591614
654,0.43833088874816895
655,0.3658306896686554
656,0.2550193667411804
657,0.4116511344909668
658,0.31576302647590637
659,0.6509507298469543
660,0.32148292660713196
661,0.4841114580631256
662,0.6387053728103638
663,0.5260447263717651
664,0.5418338775634766
665,0.5278142690658569
666,0.43237385153770447
667,0.6765952706336975
668,0.47548943758010864
669,0.4674856662750244
670,0.6339420676231384
671,0.3831898868083954
672,0.4184362292289734
673,0.6941826343536377
674,0.40816667675971985
675,0.5202081203460693
676,0.30175209045410156
677,0.695336639881134
678,0.5289158225059509
679,0.5758389830589294
680,0.47645604610443115
681,0.42284008860588074
682,0.8017000555992126
683,0.22789433598518372
684,0.44668275117874146
685,0.6936010122299194
686,0.2663280963897705
687,0.5204902291297913
688,0.43689659237861633
689,0.2319623976945877
690,0.22789669036865234
691,0.3117068409919739
692,0.3968386650085449
693,0.4185284376144409
694,0.48307061195373535
695,0.6337357759475708
696,0.5844616889953613
697,0.42258045077323914
698,0.44025543332099915
699,0.7708983421325684
700,0.769177258014679
701,0.489249587059021
702,0.4464471638202667
703,0.6207365393638611
704,0.5769436359405518
705,0.2836006283760071
706,0.6900502443313599
707,0.471891313791275
708,0.21325990557670593
709,0.6968176364898682
710,0.4802354872226715
711,0.7364277839660645
712,0.6199268698692322
713,0.6098328828811646
714,0.44152435660362244
715,0.8195515871047974
716,0.826505720615387
717,0.6233221888542175
718,0.3104030191898346
719,0.4139735996723175
720,0.7917219996452332
721,0.759885311126709
722,0.3083145022392273
723,0.3962355852127075
724,0.7441500425338745
725,0.6608969569206238
726,0.4415445029735565
727,0.25939565896987915
728,0.6198663711547852
729,0.44570180773735046
730,0.38075003027915955
731,0.22261273860931396
732,0.47796952724456787
733,0.4479231536388397
734,0.5496923327445984
735,0.4576714038848877
736,0.6079854369163513
737,0.5265763401985168
738,0.4342080056667328
739,0.5302100777626038
740,0.5666573643684387
741,0.25007376074790955
742,0.5680199265480042
743,0.3871780037879944
744,0.6763779520988464
745,0.1802821159362793
746,0.42635396122932434
747,0.5043030977249146
748,0.6744494438171387
749,0.49404335021972656
750,0.7910730838775635
751,0.332952082157135
752,0.629686176776886
753,0.44852495193481445
754,0.7325387001037598
755,0.4766773283481598
756,0.24508528411388397
757,0.4835755228996277
758,0.7591540813446045
759,0.6382046937942505
760,0.6575164198875427
761,0.4360816478729248
762,0.8329777121543884
763,0.3252226710319519
764,0.7019463777542114
765,0.5072905421257019
766,0.3800809383392334
767,0.34784287214279175
768,0.7992815971374512
769,0.3846004009246826
770,0.5441662669181824
771,0.34769406914711
772,0.6053993105888367
773,0.6939757466316223
774,0.47914057970046997
775,0.5091724991798401
776,0.2505754232406616
777,0.8070580959320068
778,0.2075079381465912
779,0.4066113829612732
780,0.61092209815979
781,0.4783558249473572
782,0.45928555727005005
783,0.8264765739440918
784,0.47139644622802734
785,0.2444060742855072
786,0.42757585644721985
787,0.6246079802513123
788,0.7851179838180542
789,0.48916515707969666
790,0.48767536878585815
791,0.7238108515739441
792,0.6151294708251953
793,0.277895987033844
794,0.5066636800765991
795,0.38254326581954956
796,0.6841109395027161
797,0.6698160767555237
798,0.7740267515182495
799,0.8075863122940063
800,0.4688839018344879
801,0.8348444104194641
802,0.693209171295166
803,0.30115050077438354
804,0.6149483919143677
805,0.4263090491294861
806,0.6838393807411194
807,0.3256737291812897
808,0.22583891451358795
809,0.5986925363540649
810,0.3218800127506256
811,0.6129840016365051
812,0.46186375617980957
813,0.2916977107524872
814,0.26865726709365845
815,0.41801217198371887
816,0.48834359645843506
817,0.430594265460968
818,0.18906056880950928
819,0.6573584675788879
820,0.5665838718414307
821,0.3593885898590088
822,0.630793571472168
823,0.663374662399292
824,0.800805926322937
825,0.5423133373260498
826,0.40155431628227234
827,0.7143958210945129
828,0.279338538646698
829,0.8304257988929749
830,0.3931531012058258
831,0.5059896111488342
832,0.20416976511478424
833,0.2875449061393738
834,0.5073342323303223
835,0.6792910099029541
836,0.33943265676498413
837,0.6906400918960571
838,0.4461679458618164
839,0.36276495456695557
840,0.5641416907310486
841,0.35444849729537964
842,0.6925967931747437
843,0.47338223457336426
844,0.44891661405563354
845,0.6204322576522827
846,0.5708471536636353
847,0.26056182384490967
848,0.4774787724018097
849,0.4304172098636627
850,0.35955214500427246
851,0.757323145866394
852,0.421024352312088
853,0.6800646781921387
854,0.2338293343782425
855,0.6269873380661011
856,0.7820028066635132
857,0.8201702833175659
858,0.10756713896989822
859,0.4384506344795227
860,0.5296944975852966
861,0.3239651620388031
862,0.591569721698761
863,0.6312545537948608
864,0.258576363325119
865,0.3927902579307556
866,0.4619402289390564
867,0.4270256757736206
868,0.42758530378341675
869,0.6855219006538391
870,0.4958028793334961
871,0.4792211353778839
872,0.45268717408180237
873,0.1681572049856186
874,0.24663403630256653
875,0.4003031849861145
876,0.3589426279067993
877,0.3615301847457886
878,0.45418083667755127
879,0.2624225318431854
880,0.5671094655990601
881,0.4192640483379364
882,0.39632976055145264
883,0.24794799089431763
884,0.4452735185623169
885,0.3286747932434082
886,0.6366737484931946
887,0.5614190697669983
888,0.6410231590270996
889,0.5060911178588867
890,0.2617248594760895
891,0.7803447246551514
892,0.8116992115974426
893,0.7222898602485657
894,0.7807546257972717
895,0.23557588458061218
896,0.452371746301651
897,0.49704205989837646
898,0.20704904198646545
899,0.6784636974334717
900,0.3649446368217468
901,0.1823650300502777
902,0.3052970767021179
903,0.5159515142440796
904,0.7544848918914795
905,0.20767842233181
906,0.4044593572616577
907,0.5030230283737183
908,0.6648595333099365
909,0.7009345889091492
910,0.48288923501968384
911,0.33204007148742676
912,0.8159799575805664
913,0.3168148696422577
914,0.3734113872051239
915,0.31049084663391113
916,0.45154130458831787
917,0.6059804558753967
918,0.6901156902313232
919,0.5135909914970398
920,0.43997466564178467
921,0.39640384912490845
922,0.6684929728507996
923,0.4417135715484619
924,0.6187610626220703
925,0.43082350492477417
926,0.20649759471416473
927,0.7979999780654907
928,0.26085495948791504
929,0.4509003162384033
930,0.7953855395317078
931,0.5257237553596497
932,0.26044726371765137
933,0.776670515537262
934,0.34962114691734314
935,0.7379075288772583
936,0.3530283570289612
937,0.3140298128128052
938,0.2471536099910736
939,0.8328567743301392
940,0.501283586025238
941,0.634870171546936
942,0.5681318044662476
943,0.6905493140220642
944,0.6218072772026062
945,0.28248360753059387
946,0.8100458383560181
947,0.3887207508087158
948,0.3233656883239746
949,0.20121395587921143
950,0.2196248322725296
951,0.5733134150505066
952,0.6327934265136719
953,0.43249037861824036
954,0.6190959811210632
955,0.6855459809303284
956,0.4217435419559479
957,0.3540958762168884
958,0.593424379825592
959,0.6649416089057922
960,0.43630772829055786
961,0.8052802085876465
962,0.29232025146484375
963,0.6240100860595703
964,0.39658576250076294
965,0.20979568362236023
966,0.43777745962142944
967,0.4775356650352478
968,0.4421103000640869
969,0.4473710358142853
970,0.27485284209251404
971,0.21881654858589172
972,0.4048307538032532
973,0.7370740175247192
974,0.20158791542053223
975,0.4566446840763092
976,0.743560791015625
977,0.6067977547645569
978,0.4286373257637024
979,0.49176645278930664
980,0.4599514901638031
981,0.5176804065704346
982,0.4572601318359375
983,0.42585793137550354
984,0.39841175079345703
985,0.37600773572921753
986,0.33411288261413574
987,0.4430061876773834
988,0.37776467204093933
989,0.6757593750953674
990,0.4443478286266327
991,0.5151903629302979
992,0.3973713517189026
993,0.3911612331867218
994,0.5142927765846252
995,0.3059595823287964
996,0.42376673221588135
997,0.4398995339870453
998,0.7956804633140564
999,0.28247955441474915
1000,0.6243629455566406
1001,0.6696474552154541
1002,0.41300496459007263
1003,0.49569234251976013
1004,0.7183164358139038
1005,0.7924333810806274
1006,0.4688408076763153
1007,0.21130993962287903
1008,0.4463502764701843
1009,0.6972777843475342
1010,0.6269906759262085
1011,0.6809062957763672
1012,0.6426088809967041
1013,0.4537770748138428
1014,0.3995819091796875
1015,0.6448975205421448
1016,0.23160508275032043
1017,0.6564405560493469
1018,0.2658596336841583
1019,0.45802730321884155
1020,0.5697152614593506
1021,0.6716315746307373
1022,0.4304012656211853
1023,0.480934739112854
1024,0.5011166334152222
1025,0.45987260341644287
1026,0.32944455742836
1027,0.7229457497596741
1028,0.45556601881980896
1029,0.6570872068405151
1030,0.39864981174468994
1031,0.21032918989658356
1032,0.4258292615413666
1033,0.5834132432937622
1034,0.586835503578186
1035,0.3675253391265869
1036,0.4293851852416992
1037,0.5401524305343628
1038,0.4166190028190613
1039,0.42334139347076416
1040,0.4476158618927002
1041,0.5003660917282104
1042,0.40877991914749146
1043,0.3033033609390259
1044,0.44006773829460144
1045,0.8142831921577454
1046,0.5184575319290161
1047,0.6207583546638489
1048,0.396443247795105
1049,0.6133267879486084
1050,0.6872245669364929
1051,0.6953793168067932
1052,0.45511478185653687
1053,0.5628474354743958
1054,0.8289563059806824
1055,0.4215402603149414
1056,0.687652051448822
1057,0.5754942893981934
1058,0.46898889541625977
1059,0.3894493877887726
1060,0.2672996520996094
1061,0.23218974471092224
1062,0.4446363151073456
1063,0.6906290650367737
1064,0.2274826169013977
1065,0.5198089480400085
1066,0.44582274556159973
1067,0.25826287269592285
1068,0.7298352718353271
1069,0.6528677940368652
1070,0.24608883261680603
1071,0.5399125218391418
1072,0.3160315155982971
1073,0.5327732563018799
1074,0.4156327247619629
1075,0.3706980049610138
1076,0.6922854781150818
1077,0.6307439208030701
1078,0.692194938659668
1079,0.5916149616241455
1080,0.7049503326416016
1081,0.6447856426239014
1082,0.18561741709709167
1083,0.4872223138809204
1084,0.8164353370666504
1085,0.6698998808860779
1086,0.4286525845527649
1087,0.7715959548950195
1088,0.607475221157074
1089,0.7969130873680115
1090,0.5737617611885071
1091,0.6810591220855713
1092,0.7290951609611511
1093,0.7464941143989563
1094,0.43938976526260376
1095,0.7052289247512817
1096,0.4192890524864197
1097,0.23235216736793518
1098,0.5756239295005798
1099,0.6053362488746643
1100,0.8211879134178162
1101,0.4815948009490967
1102,0.44631242752075195
1103,0.2894476652145386
1104,0.21867161989212036
1105,0.3153858482837677
1106,0.24173614382743835
1107,0.5914480686187744
1108,0.4131186306476593
1109,0.48851272463798523
1110,0.2713828384876251
1111,0.41135209798812866
1112,0.5711987018585205
1113,0.296394407749176
1114,0.6105270385742188
1115,0.3644765317440033
1116,0.6550605893135071
1117,0.5297200679779053
1118,0.4232722222805023
1119,0.38530877232551575
1120,0.6927924156188965
1121,0.4409409761428833
1122,0.3614653944969177
1123,0.16588233411312103
1124,0.6187784075737
1125,0.22777783870697021
1126,0.5976960062980652
1127,0.20794570446014404
1128,0.23680827021598816
1129,0.207460418343544
1130,0.476381778717041
1131,0.4059927761554718
1132,0.5503619909286499
1133,0.4294547438621521
1134,0.6196803450584412
1135,0.2612559199333191
1136,0.44504183530807495
1137,0.24236617982387543
1138,0.4633162319660187
1139,0.8174393177032471
1140,0.5620555877685547
1141,0.5867398977279663
1142,0.19606652855873108
1143,0.24857935309410095
1144,0.3801511824131012
1145,0.35642340779304504
1146,0.25873103737831116
1147,0.2867882251739502
1148,0.4115704894065857
1149,0.424496054649353
1150,0.38826054334640503
1151,0.4223463237285614
1152,0.7432107925415039
1153,0.41577088832855225
1154,0.6767475605010986
1155,0.6168611645698547
1156,0.7007339596748352
1157,0.8386016488075256
1158,0.3264157176017761
1159,0.46166229248046875
1160,0.5929856300354004
1161,0.4643024802207947
1162,0.6170393824577332
1163,0.31912684440612793
1164,0.8256012201309204
1165,0.2656415104866028
1166,0.3094572424888611
1167,0.4802721440792084
1168,0.5786842107772827
1169,0.5152977705001831
1170,0.7402865886688232
1171,0.6762727499008179
1172,0.6637325882911682
1173,0.36550045013427734
1174,0.41808760166168213
1175,0.6487447023391724
1176,0.4053323268890381
1177,0.45399561524391174
1178,0.2666889429092407
1179,0.21739539504051208
1180,0.6323605179786682
1181,0.6689549088478088
1182,0.6594259738922119
1183,0.5764782428741455
1184,0.40866538882255554
1185,0.5193902850151062
1186,0.42148298025131226
1187,0.6205692887306213
1188,0.26269692182540894
1189,0.6468886137008667
1190,0.4334728717803955
1191,0.3281862139701843
1192,0.7686994671821594
1193,0.5129606127738953
1194,0.6521004438400269
1195,0.5334268808364868
1196,0.8262680172920227
1197,0.840690016746521
1198,0.6128472685813904
1199,0.43260470032691956
1200,0.7761630415916443
1201,0.6282779574394226
1202,0.2878299653530121
1203,0.33197179436683655
1204,0.7813578248023987
1205,0.39499467611312866
1206,0.39676958322525024
1207,0.4909285008907318
1208,0.6631839871406555
1209,0.5518969893455505
1210,0.6547244191169739
1211,0.5588786602020264
1212,0.7791534662246704
1213,0.34817925095558167
1214,0.6356853246688843
1215,0.47795507311820984
1216,0.2960938513278961
1217,0.6246097683906555
1218,0.6684829592704773
1219,0.25206688046455383
1220,0.38677504658699036
1221,0.3093053102493286
1222,0.6768833994865417
1223,0.42651426792144775
1224,0.2606743574142456
1225,0.6267610192298889
1226,0.29190364480018616
1227,0.5989719033241272
1228,0.3985363245010376
1229,0.5061381459236145
1230,0.44605499505996704
1231,0.6599873304367065
1232,0.34240013360977173
1233,0.3934594392776489
1234,0.4434720277786255
1235,0.7990938425064087
1236,0.5702211856842041
1237,0.39379075169563293
1238,0.5135155916213989
1239,0.6308401823043823
1240,0.8237324953079224
1241,0.3932850956916809
1242,0.4332347512245178
1243,0.36046165227890015
1244,0.5752756595611572
1245,0.22894614934921265
1246,0.21773983538150787
1247,0.49799206852912903
1248,0.4332534074783325
1249,0.5154820680618286
1250,0.4746471047401428
1251,0.6323436498641968
1252,0.7272303700447083
1253,0.3274999260902405
1254,0.826034426689148
1255,0.31999921798706055
1256,0.45274579524993896
1257,0.6442747116088867
1258,0.45214661955833435
1259,0.15603941679000854
1260,0.2623698115348816
1261,0.4757499098777771
1262,0.36668339371681213
1263,0.25188714265823364
1264,0.6409431099891663
1265,0.22179047763347626
1266,0.7348271608352661
1267,0.6660261750221252
1268,0.4324091970920563
1269,0.28746193647384644
1270,0.8087913990020752
1271,0.5981021523475647
1272,0.6449823379516602
1273,0.692460298538208
1274,0.45154374837875366
1275,0.5397117137908936
1276,0.27746012806892395
1277,0.6514890789985657
1278,0.5348206162452698
1279,0.8158764243125916
1280,0.6474817395210266
1281,0.4686618447303772
1282,0.6368676424026489
1283,0.4673701822757721
1284,0.20923593640327454
1285,0.5050249099731445
1286,0.5454805493354797
1287,0.4203895926475525
1288,0.47521156072616577
1289,0.42698484659194946
1290,0.35058674216270447
1291,0.6527965068817139
1292,0.41768693923950195
1293,0.4972091317176819
1294,0.34907713532447815
1295,0.3708452582359314
1296,0.6200382113456726
1297,0.3915235102176666
1298,0.414131224155426
1299,0.4144858717918396
1300,0.35927313566207886
1301,0.6008674502372742
1302,0.6623510718345642
1303,0.6641573905944824
1304,0.46794357895851135
1305,0.27619069814682007
1306,0.3338489532470703
1307,0.5218017101287842
1308,0.31726109981536865
1309,0.2552778124809265
1310,0.30387330055236816
1311,0.4307495951652527
1312,0.39826053380966187
1313,0.593438446521759
1314,0.24806255102157593
1315,0.6537020206451416
1316,0.8149414658546448
1317,0.38402462005615234
1318,0.46498462557792664
1319,0.6816991567611694
1320,0.4775691330432892
1321,0.5104993581771851
1322,0.26759904623031616
1323,0.6906231641769409
1324,0.4553839862346649
1325,0.6947267651557922
1326,0.4439082741737366
1327,0.49328523874282837
1328,0.4264172613620758
1329,0.596246600151062
1330,0.7342246174812317
1331,0.29940223693847656
1332,0.4091395139694214
1333,0.6686423420906067
1334,0.30242013931274414
1335,0.6574194431304932
1336,0.7840617299079895
1337,0.7166342735290527
1338,0.5349656939506531
1339,0.6326597929000854
1340,0.34553825855255127
1341,0.28297924995422363
1342,0.2613275945186615
1343,0.8325477242469788
1344,0.49287426471710205
1345,0.5014745593070984
1346,0.4894125461578369
1347,0.5699984431266785
1348,0.4430856704711914
1349,0.21697764098644257
1350,0.5105582475662231
1351,0.4701046943664551
1352,0.6409120559692383
1353,0.38884633779525757
1354,0.8260658979415894
1355,0.4778271019458771
1356,0.8251864314079285
1357,0.50909823179245
1358,0.39743727445602417
1359,0.23461730778217316
1360,0.24509093165397644
1361,0.5140066742897034
1362,0.7171342968940735
1363,0.5902522802352905
1364,0.6335240006446838
1365,0.25364813208580017
1366,0.4316418766975403
1367,0.6172041893005371
1368,0.5646036267280579
1369,0.5300210118293762
1370,0.40699303150177
1371,0.4165642559528351
1372,0.5532686114311218
1373,0.38112908601760864
1374,0.47492286562919617
1375,0.31989729404449463
1376,0.48141196370124817
1377,0.4378596842288971
1378,0.36712217330932617
1379,0.5147980451583862
1380,0.23529689013957977
1381,0.47850820422172546
1382,0.2563909888267517
1383,0.5371274948120117
1384,0.8032822012901306
1385,0.35133808851242065
1386,0.2790394425392151
1387,0.6894078850746155
1388,0.4429911673069
1389,0.22234001755714417
1390,0.4294508397579193
1391,0.6523382067680359
1392,0.5466808080673218
1393,0.49002325534820557
1394,0.6773591637611389
1395,0.2889651358127594
1396,0.42562204599380493
1397,0.47819721698760986
1398,0.5660657286643982
1399,0.774560809135437
1400,0.8209946155548096
1401,0.4628954529762268
1402,0.6912674307823181
1403,0.7029824256896973
1404,0.42053574323654175
1405,0.2952853739261627
1406,0.7897164821624756
1407,0.46676936745643616
1408,0.6834237575531006
1409,0.33935922384262085
1410,0.3583858907222748
1411,0.6467911005020142
1412,0.7403469085693359
1413,0.47412484884262085
1414,0.7254955172538757
1415,0.7910766005516052
1416,0.7920878529548645
1417,0.6527767777442932
1418,0.24982261657714844
1419,0.5028910636901855
1420,0.4475814998149872
1421,0.4760049283504486
1422,0.30913597345352173
1423,0.4209594428539276
1424,0.6322296261787415
1425,0.37286585569381714
1426,0.3856758773326874
1427,0.6119891405105591
1428,0.4259512722492218
1429,0.7101780772209167
1430,0.37462183833122253
1431,0.45017296075820923
1432,0.817030131816864
1433,0.5422716736793518
1434,0.4215892255306244
1435,0.43446284532546997
1436,0.43660497665405273
1437,0.46234047412872314
1438,0.8255842328071594
1439,0.44043686985969543
1440,0.45108360052108765
1441,0.776950478553772
1442,0.5961419343948364
1443,0.37896591424942017
1444,0.3440108299255371
1445,0.43434083461761475
1446,0.611084520816803
1447,0.416871577501297
1448,0.2153259515762329
1449,0.4049195945262909
1450,0.5350475907325745
1451,0.790215253829956
1452,0.2582769989967346
1453,0.6479177474975586
1454,0.5875830054283142
1455,0.4315149486064911
1456,0.7708417773246765
1457,0.4355822801589966
1458,0.42772766947746277
1459,0.28761547803878784
1460,0.6970413327217102
1461,0.4637320637702942
1462,0.7961476445198059
1463,0.6713054180145264
1464,0.45519939064979553
1465,0.7084550857543945
1466,0.2551257312297821
1467,0.5996251702308655
1468,0.4725194275379181
1469,0.8100558519363403
1470,0.671322762966156
1471,0.34965142607688904
1472,0.4270809292793274
1473,0.21565645933151245
1474,0.3499910831451416
1475,0.7063145637512207
1476,0.7714167833328247
1477,0.581697940826416
1478,0.7134752869606018
1479,0.6475300192832947
1480,0.5858325362205505
1481,0.29935222864151
1482,0.6589716672897339
1483,0.667346715927124
1484,0.4636877477169037
1485,0.6299244165420532
1486,0.4573954641819
1487,0.40292632579803467
1488,0.47640079259872437
1489,0.406596302986145
1490,0.32156118750572205
1491,0.23164312541484833
1492,0.18080927431583405
1493,0.5602361559867859
1494,0.6421123743057251
1495,0.6099311113357544
1496,0.2629857063293457
1497,0.8053127527236938
1498,0.5859699845314026
1499,0.42210519313812256
1500,0.2431735396385193
1501,0.7717241048812866
1502,0.6518152952194214
1503,0.43047797679901123
1504,0.6197114586830139
1505,0.701091468334198
1506,0.44753214716911316
1507,0.3730321228504181
1508,0.790858268737793
1509,0.4983009397983551
1510,0.6280995607376099
1511,0.2626732587814331
1512,0.26260608434677124
1513,0.5209083557128906
1514,0.30646318197250366
1515,0.49492931365966797
1516,0.559457540512085
1517,0.3919715881347656
1518,0.49128448963165283
1519,0.43864816427230835
1520,0.44346317648887634
1521,0.4468018412590027
1522,0.6263841390609741
1523,0.4558619260787964
1524,0.7782882452011108
1525,0.43067988753318787
1526,0.60430508852005
1527,0.29446277022361755
1528,0.6339008212089539
1529,0.8131455779075623
1530,0.6828057765960693
1531,0.4657251238822937
1532,0.6601225733757019
1533,0.6858934760093689
1534,0.4520888030529022
1535,0.7502759099006653
1536,0.2385086864233017
1537,0.44515812397003174
1538,0.21822480857372284
1539,0.4061467945575714
1540,0.44541627168655396
1541,0.5570399761199951
1542,0.2674696445465088
1543,0.2872219681739807
1544,0.36727413535118103
1545,0.7498880624771118
1546,0.5260636806488037
1547,0.7133671045303345
1548,0.37103670835494995
1549,0.4331849217414856
1550,0.6126286387443542
1551,0.4193766117095947
1552,0.5560447573661804
1553,0.7486986517906189
1554,0.6180350184440613
1555,0.6231619715690613
1556,0.6923345327377319
1557,0.28280842304229736
1558,0.2501254975795746
1559,0.8150227069854736
1560,0.6144278645515442
1561,0.20626625418663025
1562,0.22584345936775208
1563,0.6492185592651367
1564,0.26297521591186523
1565,0.6721282601356506
1566,0.7781151533126831
1567,0.5132378935813904
1568,0.6235998868942261
1569,0.6386024355888367
1570,0.7082545757293701
1571,0.4439249336719513
1572,0.33550572395324707
1573,0.47070521116256714
1574,0.5819587111473083
1575,0.6017865538597107
1576,0.7005155682563782
1577,0.31310510635375977
1578,0.22253865003585815
1579,0.39659807085990906
1580,0.5494177341461182
1581,0.44990694522857666
1582,0.2657710313796997
1583,0.5375339984893799
1584,0.5487143397331238
1585,0.6539464592933655
1586,0.4163148105144501
1587,0.5841488242149353
1588,0.4451932907104492
1589,0.6420682668685913
1590,0.5072437524795532
1591,0.48982831835746765
1592,0.6548393964767456
1593,0.3547547161579132
1594,0.6511321663856506
1595,0.3372495472431183
1596,0.728503942489624
1597,0.39204806089401245
1598,0.46001124382019043
1599,0.4119589626789093
1600,0.4313029646873474
1601,0.695496678352356
1602,0.761630117893219
1603,0.819202721118927
1604,0.5389959812164307
1605,0.5292720198631287
1606,0.790657103061676
1607,0.3593708872795105
1608,0.3953385353088379
1609,0.622677743434906
1610,0.7204424738883972
1611,0.42452263832092285
1612,0.4472794532775879
1613,0.7155038118362427
1614,0.27475184202194214
1615,0.5760720372200012
1616,0.8414580821990967
1617,0.39304131269454956
1618,0.3963584899902344
1619,0.4434278607368469
1620,0.3568199872970581
1621,0.6991293430328369
1622,0.2651633620262146
1623,0.1622008979320526
1624,0.6812101006507874
1625,0.4789881706237793
1626,0.33610010147094727
1627,0.6827345490455627
1628,0.5469896197319031
1629,0.6286187171936035
1630,0.5170971751213074
1631,0.2806720435619354
1632,0.6718466877937317
1633,0.6931170225143433
1634,0.6144201755523682
1635,0.4080103933811188
1636,0.29148513078689575
1637,0.6890292763710022
1638,0.4658692479133606
1639,0.38986632227897644
1640,0.6165018677711487
1641,0.6506417989730835
1642,0.4933335781097412
1643,0.7477046847343445
1644,0.2520639896392822
1645,0.8142791986465454
1646,0.4481380581855774
1647,0.8064969778060913
1648,0.5298181176185608
1649,0.7024478912353516
1650,0.8271381258964539
1651,0.5270718336105347
1652,0.205166757106781
1653,0.7944158315658569
1654,0.40329185128211975
1655,0.7045587301254272
1656,0.4561033546924591
1657,0.38638538122177124
1658,0.41311612725257874
1659,0.266182005405426
1660,0.48136723041534424
1661,0.5562215447425842
1662,0.2772088646888733
1663,0.4054829478263855
1664,0.6909347176551819
1665,0.5374696254730225
1666,0.8087448477745056
1667,0.48320916295051575
1668,0.6320370435714722
1669,0.2325499951839447
1670,0.3573443591594696
1671,0.6023334264755249
1672,0.7756557464599609
1673,0.4044087529182434
1674,0.4407269060611725
1675,0.2523510456085205
1676,0.4171435236930847
1677,0.7366352677345276
1678,0.47749456763267517
1679,0.6781742572784424
1680,0.6996409296989441
1681,0.2947354018688202
1682,0.6840946078300476
1683,0.36638543009757996
1684,0.4316207468509674
1685,0.21629752218723297
1686,0.7548420429229736
1687,0.34249061346054077
1688,0.5896470546722412
1689,0.8133668303489685
1690,0.4415099620819092
1691,0.34942978620529175
1692,0.7997298240661621
1693,0.7578527927398682
1694,0.5548596382141113
1695,0.561374306678772
1696,0.47275310754776
1697,0.6051090955734253
1698,0.4116879999637604
1699,0.591417670249939
1700,0.33577531576156616
1701,0.23088058829307556
1702,0.32895246148109436
1703,0.6482558250427246
1704,0.809926450252533
1705,0.292410671710968
1706,0.6254487633705139
1707,0.36814677715301514
1708,0.7396373152732849
1709,0.38694626092910767
1710,0.5432049036026001
1711,0.6444910764694214
1712,0.5012006759643555
1713,0.49381569027900696
1714,0.6451879143714905
1715,0.48401638865470886
1716,0.7579987049102783
1717,0.4889124035835266
1718,0.4459485113620758
1719,0.8220075368881226
1720,0.6029253005981445
1721,0.4528082609176636
1722,0.29356202483177185
1723,0.38452449440956116
1724,0.45129910111427307
1725,0.813819169998169
1726,0.3907141089439392
1727,0.7619073987007141
1728,0.7972932457923889
1729,0.25680872797966003
1730,0.2637176513671875
1731,0.4258798658847809
1732,0.42618876695632935
1733,0.617766797542572
1734,0.7216584086418152
1735,0.5505234599113464
1736,0.30528414249420166
1737,0.4292633831501007
1738,0.634319543838501
1739,0.2280057966709137
1740,0.5015035271644592
1741,0.25516584515571594
1742,0.5259355902671814
1743,0.4446474611759186
1744,0.7558823823928833
1745,0.5227311253547668
1746,0.31140896677970886
1747,0.4928840398788452
1748,0.6040332317352295
1749,0.3294634222984314
1750,0.6317638158798218
1751,0.377475380897522
1752,0.47487837076187134
1753,0.4337748885154724
1754,0.355893075466156
1755,0.7054973244667053
1756,0.6487013101577759
1757,0.5992579460144043
1758,0.7241283059120178
1759,0.5998045802116394
1760,0.4176107347011566
1761,0.4476762115955353
1762,0.7634565830230713
1763,0.24123233556747437
1764,0.7933698296546936
1765,0.38432425260543823
1766,0.23074302077293396
1767,0.24957722425460815
1768,0.2513013780117035
1769,0.2785244584083557
1770,0.6919770836830139
1771,0.4493452310562134
1772,0.7033092975616455
1773,0.49030545353889465
1774,0.6912230253219604
1775,0.5722190737724304
1776,0.8015202879905701
1777,0.7681419849395752
1778,0.8151708245277405
1779,0.3792397677898407
1780,0.25260940194129944
1781,0.49940308928489685
1782,0.6885451674461365
1783,0.39215490221977234
1784,0.46294987201690674
1785,0.7453428506851196
1786,0.2985887825489044
1787,0.43305912613868713
1788,0.393571138381958
1789,0.6624835133552551
1790,0.6474846601486206
1791,0.3830874562263489
1792,0.26789313554763794
1793,0.28525686264038086
1794,0.2842661738395691
1795,0.24607329070568085
1796,0.42548710107803345
1797,0.6924597024917603
1798,0.39266982674598694
1799,0.20592191815376282
1800,0.5030299425125122
1801,0.5633612275123596
1802,0.4190850257873535
1803,0.39484795928001404
1804,0.41394317150115967
1805,0.23712831735610962
1806,0.6544256210327148
1807,0.5393170118331909
1808,0.27710697054862976
1809,0.5240732431411743
1810,0.3427228331565857
1811,0.6940762996673584
1812,0.421108216047287
1813,0.7531842589378357
1814,0.6119667291641235
1815,0.3500633239746094
1816,0.370075523853302
1817,0.6185511946678162
1818,0.7444258332252502
1819,0.2870739698410034
1820,0.8447749614715576
1821,0.4310528337955475
1822,0.7357796430587769
1823,0.44073599576950073
1824,0.3766741156578064
1825,0.42476603388786316
1826,0.2863280773162842
1827,0.7981724739074707
1828,0.40397611260414124
1829,0.4947175681591034
1830,0.6221643090248108
1831,0.3996916115283966
1832,0.4294663369655609
1833,0.6207127571105957
1834,0.8011589050292969
1835,0.26322758197784424
1836,0.3438795804977417
1837,0.2531673014163971
1838,0.4374760687351227
1839,0.4330989420413971
1840,0.7820683717727661
1841,0.26912248134613037
1842,0.826614260673523
1843,0.49063101410865784
1844,0.47446125745773315
1845,0.40358731150627136
1846,0.6491600871086121
1847,0.47949275374412537
1848,0.28864794969558716
1849,0.3955945670604706
1850,0.3925621509552002
1851,0.6421905159950256
1852,0.6684975624084473
1853,0.3973403573036194
1854,0.6793505549430847
1855,0.7449984550476074
1856,0.5344110727310181
1857,0.6654216647148132
1858,0.2709278166294098
1859,0.27893781661987305
1860,0.7992420792579651
1861,0.46800121665000916
1862,0.2861372232437134
1863,0.6836089491844177
1864,0.7362335324287415
1865,0.5872446894645691
1866,0.3780214190483093
1867,0.26860588788986206
1868,0.37453925609588623
1869,0.48147523403167725
1870,0.46885085105895996
1871,0.3739045262336731
1872,0.2850571572780609
1873,0.2970459759235382
1874,0.611941933631897
1875,0.42894428968429565
1876,0.5916821956634521
1877,0.20056763291358948
1878,0.6150560975074768
1879,0.8127137422561646
1880,0.36219871044158936
1881,0.41984081268310547
1882,0.682652473449707
1883,0.39552873373031616
1884,0.598481297492981
1885,0.6468144655227661
1886,0.41319984197616577
1887,0.7621636390686035
1888,0.789071261882782
1889,0.4558022618293762
1890,0.6008477807044983
1891,0.6466154456138611
1892,0.5828701853752136
1893,0.45115983486175537
1894,0.4098440110683441
1895,0.6949020028114319
1896,0.20602434873580933
1897,0.49031805992126465
1898,0.7286544442176819
1899,0.5737048387527466
1900,0.4455171227455139
1901,0.27776896953582764
1902,0.6605945229530334
1903,0.4282633066177368
1904,0.3639511466026306
1905,0.6196912527084351
1906,0.5358456373214722
1907,0.7573820352554321
1908,0.5737307667732239
1909,0.7014573216438293
1910,0.5930177569389343
1911,0.38646337389945984
1912,0.26733988523483276
1913,0.37399592995643616
1914,0.44815313816070557
1915,0.6175205111503601
1916,0.37888985872268677
1917,0.4010627865791321
1918,0.5551820993423462
1919,0.41316840052604675
1920,0.34467393159866333
1921,0.6574661135673523
1922,0.7502909302711487
1923,0.29279792308807373
1924,0.42473337054252625
1925,0.7822468280792236
1926,0.3619501292705536
1927,0.41004282236099243
1928,0.6905555129051208
1929,0.4399319887161255
1930,0.390624463558197
1931,0.40669816732406616
1932,0.4551128149032593
1933,0.4264655113220215
1934,0.5919517874717712
1935,0.46538883447647095
1936,0.5514421463012695
1937,0.1400628685951233
1938,0.7089564204216003
1939,0.8248161673545837
1940,0.22112023830413818
1941,0.6505676507949829
1942,0.6702104210853577
1943,0.2318969964981079
1944,0.4506072700023651
1945,0.8030156493186951
1946,0.6774335503578186
1947,0.46152475476264954
1948,0.6706130504608154
1949,0.5168851017951965
1950,0.6961688995361328
1951,0.6199563145637512
1952,0.41853392124176025
1953,0.39080047607421875
1954,0.21791568398475647
1955,0.72403484582901
1956,0.3964708149433136
1957,0.4668808877468109
1958,0.6790947914123535
1959,0.6706867814064026
1960,0.4700726568698883
1961,0.5561471581459045
1962,0.3247418701648712
1963,0.48731595277786255
1964,0.522017240524292
1965,0.3615153431892395
1966,0.3200072646141052
1967,0.45205748081207275
1968,0.3379274606704712
1969,0.4420129954814911
1970,0.6641079187393188
1971,0.691599428653717
1972,0.22499121725559235
1973,0.8087839484214783
1974,0.2122582495212555
1975,0.2255684733390808
1976,0.793351411819458
1977,0.7865207195281982
1978,0.2837008535861969
1979,0.7661356925964355
1980,0.5177419781684875
1981,0.5163797736167908
1982,0.47588014602661133
1983,0.2669221758842468
1984,0.24546462297439575
1985,0.6927228569984436
1986,0.4153703451156616
1987,0.4901140034198761
1988,0.19029000401496887
1989,0.38036027550697327
1990,0.7911607623100281
1991,0.4710097014904022
1992,0.5523896217346191
1993,0.802271842956543
1994,0.468099981546402
1995,0.47025713324546814
1996,0.4150836765766144
1997,0.6900652050971985
1998,0.20378659665584564
1999,0.48512715101242065
2000,0.5595080852508545
2001,0.7236921191215515
2002,0.46301746368408203
2003,0.6721306443214417
2004,0.33881497383117676
2005,0.6569457054138184
2006,0.40378984808921814
2007,0.6679384112358093
2008,0.6009346842765808
2009,0.7987428903579712
2010,0.45007309317588806
2011,0.7111705541610718
2012,0.8092780709266663
2013,0.45834001898765564
2014,0.4342147707939148
2015,0.22627516090869904
2016,0.5048012137413025
2017,0.2226618379354477
2018,0.82662433385849
2019,0.7415530681610107
2020,0.5774650573730469
2021,0.70881187915802
2022,0.7166476845741272
2023,0.4618198871612549
2024,0.5169588327407837
2025,0.440126895904541
2026,0.45061418414115906
2027,0.7342899441719055
2028,0.6406211853027344
2029,0.4113292992115021
2030,0.4201585054397583
2031,0.45299312472343445
2032,0.422786146402359
2033,0.42036938667297363
2034,0.6539815068244934
2035,0.4420170187950134
2036,0.23578739166259766
2037,0.5791980624198914
2038,0.6821374297142029
2039,0.7618773579597473
2040,0.26932424306869507
2041,0.6278964877128601
2042,0.20603391528129578
2043,0.4478559195995331
2044,0.35274171829223633
2045,0.6612805724143982
2046,0.45654287934303284
2047,0.5749790072441101
2048,0.44712406396865845
2049,0.6478171944618225
2050,0.605618953704834
2051,0.20789387822151184
2052,0.531757116317749
2053,0.43880951404571533
2054,0.2286410629749298
2055,0.20537644624710083
2056,0.42128416895866394
2057,0.4412398338317871
2058,0.38935723900794983
2059,0.21879884600639343
2060,0.4884244501590729
2061,0.29502105712890625
2062,0.35977768898010254
2063,0.6383543014526367
2064,0.495369017124176
2065,0.7305157780647278
2066,0.7053012847900391
2067,0.23992763459682465
2068,0.6927034258842468
2069,0.4991142749786377
2070,0.2043827474117279
2071,0.5622193813323975
2072,0.654678463935852
2073,0.45812615752220154
2074,0.6990716457366943
2075,0.43934252858161926
2076,0.47599443793296814
2077,0.46995145082473755
2078,0.4097330868244171
2079,0.31667712330818176
2080,0.7233448028564453
2081,0.5197031497955322
2082,0.6760880351066589
2083,0.4218995273113251
2084,0.8237452507019043
2085,0.6247952580451965
2086,0.5552019476890564
2087,0.39962103962898254
2088,0.2281859815120697
2089,0.6341500282287598
2090,0.5325782299041748
2091,0.6548547148704529
2092,0.5073760747909546
2093,0.8352285623550415
2094,0.2591990828514099
2095,0.6459688544273376
2096,0.6281316876411438
2097,0.2652474641799927
2098,0.7327271103858948
2099,0.4323386549949646
2100,0.5155835747718811
2101,0.7507066130638123
2102,0.6778411865234375
2103,0.5393472909927368
2104,0.3436160683631897
2105,0.30302923917770386
2106,0.7184396982192993
2107,0.837472677230835
2108,0.257621705532074
2109,0.35823461413383484
2110,0.4924662709236145
2111,0.43485331535339355
2112,0.4923490881919861
2113,0.3977978229522705
2114,0.46100857853889465
2115,0.4119475185871124
2116,0.2571471929550171
2117,0.49234139919281006
2118,0.4125020503997803
2119,0.38797155022621155
2120,0.6083277463912964
2121,0.7041060924530029
2122,0.6559368371963501
2123,0.43200039863586426
2124,0.4776436388492584
2125,0.4647114872932434
2126,0.4041662812232971
2127,0.35630959272384644
2128,0.2810743749141693
2129,0.4744688868522644
2130,0.20852531492710114
2131,0.28336966037750244
2132,0.5729272365570068
2133,0.3639180660247803
2134,0.23270352184772491
2135,0.27723488211631775
2136,0.6819381713867188
2137,0.3381473124027252
2138,0.31150704622268677
2139,0.4299826920032501
2140,0.6809966564178467
2141,0.6284829378128052
2142,0.4502768814563751
2143,0.7563539147377014
2144,0.4720879793167114
2145,0.447270005941391
2146,0.30607113242149353
2147,0.7434232831001282
2148,0.539327085018158
2149,0.6697028875350952
2150,0.7362748384475708
2151,0.2020171880722046
2152,0.6513855457305908
2153,0.3542003929615021
2154,0.320783793926239
2155,0.4627890884876251
2156,0.5711090564727783
2157,0.46744173765182495
2158,0.36676350235939026
2159,0.3460525572299957
2160,0.7414385080337524
2161,0.3471531569957733
2162,0.45121532678604126
2163,0.6680828928947449
2164,0.3382176458835602
2165,0.40227919816970825
2166,0.5003353357315063
2167,0.2483125478029251
2168,0.2987760603427887
2169,0.48046284914016724
2170,0.6571112871170044
2171,0.7789568305015564
2172,0.57288658618927
2173,0.4633384943008423
2174,0.7013682723045349
2175,0.8059393167495728
2176,0.3144424557685852
2177,0.6821858882904053
2178,0.6707666516304016
2179,0.6133139133453369
2180,0.42951130867004395
2181,0.7159212827682495
2182,0.8011162877082825
2183,0.6563535332679749
2184,0.6477898359298706
2185,0.1910710334777832
2186,0.5014446377754211
2187,0.6640930771827698
2188,0.6185756921768188
2189,0.5275118350982666
2190,0.3847498893737793
2191,0.7676510214805603
2192,0.320438414812088
2193,0.387564480304718
2194,0.5098405480384827
2195,0.21243660151958466
2196,0.6713696122169495
2197,0.4889868199825287
2198,0.39698681235313416
2199,0.4351126551628113
2200,0.21775905787944794
2201,0.4517551064491272
2202,0.3257543444633484
2203,0.6550569534301758
2204,0.7975252270698547
2205,0.3714652359485626
2206,0.4175931215286255
2207,0.4791197180747986
2208,0.604218065738678
2209,0.4811798334121704
2210,0.44052839279174805
2211,0.4351476728916168
2212,0.2641768455505371
2213,0.4528537690639496
2214,0.8000355958938599
2215,0.461738258600235
2216,0.5393960475921631
2217,0.5308759808540344
2218,0.6572474837303162
2219,0.6630629897117615
2220,0.41014188528060913
2221,0.2099640667438507
2222,0.5886675119400024
2223,0.5382015109062195
2224,0.2392694354057312
2225,0.5453763604164124
2226,0.42606163024902344
2227,0.2989628314971924
2228,0.6205214262008667
2229,0.437950074672699
2230,0.44093069434165955
2231,0.36992591619491577
2232,0.5578495860099792
2233,0.685940146446228
2234,0.4222854673862457
2235,0.5210586786270142
2236,0.3192422389984131
2237,0.7697432637214661
2238,0.4599076807498932
2239,0.31176111102104187
2240,0.47214630246162415
2241,0.7536001205444336
2242,0.20080965757369995
2243,0.24776503443717957
2244,0.5629278421401978
2245,0.5861479043960571
2246,0.2591724991798401
2247,0.6010569930076599
2248,0.4305758476257324
2249,0.5332401990890503
2250,0.6109340190887451
2251,0.44428086280822754
2252,0.6248995065689087
2253,0.6695870161056519
2254,0.23818433284759521
2255,0.5023754835128784
2256,0.41465073823928833
2257,0.23867249488830566
2258,0.2507026195526123
2259,0.22421354055404663
2260,0.6323109269142151
2261,0.697552502155304
2262,0.4326649606227875
2263,0.42431676387786865
2264,0.7660842537879944
2265,0.2694753408432007
2266,0.4035835266113281
2267,0.4433371424674988
2268,0.6781600117683411
2269,0.3975192606449127
2270,0.40425270795822144
2271,0.42499420046806335
2272,0.7044642567634583
2273,0.21727082133293152
2274,0.2748284339904785
2275,0.7052249312400818
2276,0.43701937794685364
2277,0.39069610834121704
2278,0.22592587769031525
2279,0.5010861158370972
2280,0.7676123380661011
2281,0.3229273557662964
2282,0.6001383662223816
2283,0.704858660697937
2284,0.40631917119026184
2285,0.40293341875076294
2286,0.8013554811477661
2287,0.5673180222511292
2288,0.426674485206604
2289,0.452992707490921
2290,0.6235409379005432
2291,0.43626436591148376
2292,0.38463056087493896
2293,0.7995951771736145
2294,0.41826432943344116
2295,0.3905622065067291
2296,0.22327961027622223
2297,0.5000688433647156
2298,0.6729532480239868
2299,0.5069287419319153
2300,0.504424512386322
2301,0.4146958291530609
2302,0.3008882403373718
2303,0.5623774528503418
2304,0.6115609407424927
2305,0.7092080116271973
2306,0.44320017099380493
2307,0.7277946472167969
2308,0.41956576704978943
2309,0.7943206429481506
2310,0.46692925691604614
2311,0.35949817299842834
2312,0.8069440126419067
2313,0.8225710391998291
2314,0.3129013776779175
2315,0.5949415564537048
2316,0.38744813203811646
2317,0.3618248403072357
2318,0.5977458357810974
2319,0.5869793891906738
2320,0.40990740060806274
2321,0.6306439638137817
2322,0.46464216709136963
2323,0.3693777620792389
2324,0.5248629450798035
2325,0.4237712621688843
2326,0.3518872559070587
2327,0.5965912938117981
2328,0.4188951849937439
2329,0.5806047320365906
2330,0.5005889534950256
2331,0.6290714144706726
2332,0.3504332900047302
2333,0.237257719039917
2334,0.45133668184280396
2335,0.36344584822654724
2336,0.5778356790542603
2337,0.370911568403244
2338,0.613088071346283
2339,0.41317516565322876
2340,0.27211281657218933
2341,0.6847229599952698
2342,0.4488900303840637
2343,0.8237798810005188
2344,0.5049653649330139
2345,0.6688537001609802
2346,0.33164358139038086
2347,0.4729228913784027
2348,0.697829008102417
2349,0.6928466558456421
2350,0.8196717500686646
2351,0.45103004574775696
2352,0.42939436435699463
2353,0.8184906840324402
2354,0.6954531073570251
2355,0.45786532759666443
2356,0.42274191975593567
2357,0.6857971549034119
2358,0.4030104875564575
2359,0.244133859872818
2360,0.4751626253128052
2361,0.4323248863220215
2362,0.437136709690094
2363,0.4335612952709198
2364,0.4364950954914093
2365,0.5691213607788086
2366,0.7169821262359619
2367,0.2735622525215149
2368,0.532555878162384
2369,0.7782763242721558
2370,0.27269524335861206
2371,0.507035493850708
2372,0.4277973175048828
2373,0.6459273099899292
2374,0.6045818328857422
2375,0.6875784397125244
2376,0.6499449610710144
2377,0.6484814882278442
2378,0.35035669803619385
2379,0.8215057849884033
2380,0.6722455620765686
2381,0.6248527765274048
2382,0.4111078679561615
2383,0.8068183660507202
2384,0.2684595584869385
2385,0.4560275077819824
2386,0.44748643040657043
2387,0.6076722145080566
2388,0.6421807408332825
2389,0.49285250902175903
2390,0.2311057448387146
2391,0.6835646629333496
2392,0.5295677185058594
2393,0.26200807094573975
2394,0.22017303109169006
2395,0.4578300416469574
2396,0.6498998999595642
2397,0.2974579930305481
2398,0.6378169655799866
2399,0.3505244851112366
2400,0.7179190516471863
2401,0.37893256545066833
2402,0.4262149930000305
2403,0.5164241790771484
2404,0.6268630027770996
2405,0.7816474437713623
2406,0.3731233775615692
2407,0.6331291198730469
2408,0.4705987572669983
2409,0.4244316816329956
2410,0.19828039407730103
2411,0.5805609226226807
2412,0.4314180910587311
2413,0.663857638835907
2414,0.7918696403503418
2415,0.5140485763549805
2416,0.43854862451553345
2417,0.5452477335929871
2418,0.25668519735336304
2419,0.48687058687210083
2420,0.6386561989784241
2421,0.5550677180290222
2422,0.5221235156059265
2423,0.2503834366798401
2424,0.19355115294456482
2425,0.45800212025642395
2426,0.5656871795654297
2427,0.4740126132965088
2428,0.35860657691955566
2429,0.20785117149353027
2430,0.5168250799179077
2431,0.3595177233219147
2432,0.6923787593841553
2433,0.4229757785797119
2434,0.2331387996673584
2435,0.3002629578113556
2436,0.3372012972831726
2437,0.4881857633590698
2438,0.3148256540298462
2439,0.5189043283462524
2440,0.1931706964969635
2441,0.5886160731315613
2442,0.8120266795158386
2443,0.342815101146698
2444,0.43119579553604126
2445,0.514900267124176
2446,0.3824950158596039
2447,0.6580027937889099
2448,0.43387776613235474
2449,0.2159520983695984
2450,0.8009029626846313
2451,0.19217558205127716
2452,0.40718701481819153
2453,0.24038065969944
2454,0.19059151411056519
2455,0.7296096682548523
2456,0.7664763927459717
2457,0.5918459296226501
2458,0.6321390867233276
2459,0.4368237555027008
2460,0.45296505093574524
2461,0.658745288848877
2462,0.5223405361175537
2463,0.4353010058403015
2464,0.33660608530044556
2465,0.648115873336792
2466,0.3944361209869385
2467,0.4378869831562042
2468,0.2477131187915802
2469,0.20264661312103271
2470,0.559760332107544
2471,0.20881976187229156
2472,0.49488192796707153
2473,0.7020590305328369
2474,0.42556607723236084
2475,0.4379390776157379
2476,0.4410390257835388
2477,0.26456695795059204
2478,0.2453618198633194
2479,0.49377989768981934
2480,0.5784816741943359
2481,0.6770144104957581
2482,0.2564001679420471
2483,0.4506247043609619
2484,0.6748584508895874
2485,0.5077027082443237
2486,0.3114162087440491
2487,0.46621257066726685
2488,0.27340877056121826
2489,0.529689371585846
2490,0.42479217052459717
2491,0.6556928157806396
2492,0.8201766014099121
2493,0.7103110551834106
2494,0.2245859056711197
2495,0.5150853991508484
2496,0.5896281003952026
2497,0.23167899250984192
2498,0.5049558281898499
2499,0.4301239848136902
2500,0.6395491361618042
2501,0.23454903066158295
2502,0.5761588215827942
2503,0.4071066677570343
2504,0.5656387805938721
2505,0.46112972497940063
2506,0.25274598598480225
2507,0.6421130895614624
2508,0.7123631238937378
2509,0.43372759222984314
2510,0.45537272095680237
2511,0.7827268838882446
2512,0.8086943626403809
2513,0.25712788105010986
2514,0.35307878255844116
2515,0.46472546458244324
2516,0.2534102201461792
2517,0.43963563442230225
2518,0.33080849051475525
2519,0.5276237726211548
2520,0.7166039943695068
2521,0.2848372757434845
2522,0.245272696018219
2523,0.36519503593444824
2524,0.7931726574897766
2525,0.305534303188324
2526,0.5668944716453552
2527,0.6174570322036743
2528,0.4519766867160797
2529,0.6546799540519714
2530,0.6118505597114563
2531,0.25767648220062256
2532,0.5322446823120117
2533,0.6635312438011169
2534,0.7240930795669556
2535,0.6664069890975952
2536,0.20768147706985474
2537,0.6210957169532776
2538,0.5394401550292969
2539,0.639644980430603
2540,0.4090765714645386
2541,0.832307755947113
2542,0.6729836463928223
2543,0.8389252424240112
2544,0.5208368301391602
2545,0.7583795785903931
2546,0.528759241104126
2547,0.7052519917488098
2548,0.6345834732055664
2549,0.5958006978034973
2550,0.6227843761444092
2551,0.6629288196563721
2552,0.27040645480155945
2553,0.41053810715675354
2554,0.4579762816429138
2555,0.7482519745826721
2556,0.7804762721061707
2557,0.6255538463592529
2558,0.3541361093521118
2559,0.23220904171466827
2560,0.27970731258392334
2561,0.6769854426383972
2562,0.3225669860839844
2563,0.3352922201156616
2564,0.7567703127861023
2565,0.48860254883766174
2566,0.379041463136673
2567,0.7098940014839172
2568,0.8152783513069153
2569,0.16885538399219513
2570,0.30082207918167114
2571,0.3277808129787445
2572,0.39075350761413574
2573,0.4304894804954529
2574,0.44279778003692627
2575,0.41856151819229126
2576,0.44132140278816223
2577,0.4871801733970642
2578,0.6017037630081177
2579,0.3752332925796509
2580,0.44783470034599304
2581,0.4248705804347992
2582,0.7817147374153137
2583,0.779944896697998
2584,0.30703818798065186
2585,0.8244038224220276
2586,0.7226877212524414
2587,0.42886418104171753
2588,0.797406017780304
2589,0.6658285856246948
2590,0.49187207221984863
2591,0.5026590824127197
2592,0.4372706711292267
2593,0.5715671181678772
2594,0.6975573301315308
2595,0.7238898873329163
2596,0.6697713732719421
2597,0.44493094086647034
2598,0.2587767541408539
2599,0.3522828221321106
2600,0.6552461981773376
2601,0.41014090180397034
2602,0.683596670627594
2603,0.49688971042633057
2604,0.22229808568954468
2605,0.7704821825027466
2606,0.2675498127937317
2607,0.6498883366584778
2608,0.6282901763916016
2609,0.22863368690013885
2610,0.6081267595291138
2611,0.45937883853912354
2612,0.5067089796066284
2613,0.8053298592567444
2614,0.46067893505096436
2615,0.26753461360931396
2616,0.5982897877693176
2617,0.7537418007850647
2618,0.7412845492362976
2619,0.20069409906864166
2620,0.23885750770568848
2621,0.261915922164917
2622,0.4675850570201874
2623,0.6065924763679504
2624,0.2192734181880951
2625,0.7923374176025391
2626,0.37061792612075806
2627,0.7337319850921631
2628,0.6122033596038818
2629,0.820138692855835
2630,0.4645146131515503
2631,0.6919957399368286
2632,0.6510722041130066
2633,0.2755443751811981
2634,0.2563636302947998
2635,0.3806682527065277
2636,0.459814190864563
2637,0.2244253009557724
2638,0.3143795132637024
2639,0.8447231650352478
2640,0.2806920111179352
2641,0.6528489589691162
2642,0.2836657762527466
2643,0.6804271340370178
2644,0.6428617238998413
2645,0.6122789978981018
2646,0.5767977237701416
2647,0.6104708909988403
2648,0.4267904758453369
2649,0.37781769037246704
2650,0.4873092770576477
2651,0.6777744889259338
2652,0.5060189366340637
2653,0.6255490779876709
2654,0.5590407252311707
2655,0.4614139199256897
2656,0.37325620651245117
2657,0.7802830934524536
2658,0.20392923057079315
2659,0.5849806070327759
2660,0.39167624711990356
2661,0.4211121201515198
2662,0.6266021132469177
2663,0.3068772852420807
2664,0.25530341267585754
2665,0.43993017077445984
2666,0.3281850516796112
2667,0.6145479679107666
2668,0.45289504528045654
2669,0.6820465922355652
2670,0.6235107779502869
2671,0.28638800978660583
2672,0.5404871106147766
2673,0.45957300066947937
2674,0.2468569278717041
2675,0.44952142238616943
2676,0.40994369983673096
2677,0.718774139881134
2678,0.31463485956192017
2679,0.2159644067287445
2680,0.43316566944122314
2681,0.6384246349334717
2682,0.4952830672264099
2683,0.2460421621799469
2684,0.7303292751312256
2685,0.39178764820098877
2686,0.2957971394062042
2687,0.2511412501335144
2688,0.20981159806251526
2689,0.2128848433494568
2690,0.755730390548706
2691,0.266476571559906
2692,0.22869116067886353
2693,0.4424508512020111
2694,0.5939012169837952
2695,0.7276009321212769
2696,0.43704038858413696
2697,0.5139018297195435
2698,0.4623558819293976
2699,0.7931450605392456
2700,0.3669320344924927
2701,0.7209066152572632
2702,0.43685999512672424
2703,0.644835352897644
2704,0.4512200355529785
2705,0.39958223700523376
2706,0.714084804058075
2707,0.8097416162490845
2708,0.7674597501754761
2709,0.5546534061431885
2710,0.4179656505584717
2711,0.4307880699634552
2712,0.43737170100212097
2713,0.6337886452674866
2714,0.5788017511367798
2715,0.2451624721288681
2716,0.49725669622421265
2717,0.7416177988052368
2718,0.4758736789226532
2719,0.45411214232444763
2720,0.37742769718170166
2721,0.2049146145582199
2722,0.36024343967437744
2723,0.6756749749183655
2724,0.3125721514225006
2725,0.7457614541053772
2726,0.37997445464134216
2727,0.7903463840484619
2728,0.6327275037765503
2729,0.3158808946609497
2730,0.45644140243530273
2731,0.2595248222351074
2732,0.7653623819351196
2733,0.443198561668396
2734,0.8045557141304016
2735,0.5308805704116821
2736,0.4462640583515167
2737,0.41037291288375854
2738,0.5596867203712463
2739,0.47908496856689453
2740,0.6439221501350403
2741,0.23222506046295166
2742,0.40052559971809387
2743,0.5540926456451416
2744,0.7792341709136963
2745,0.5379762649536133
2746,0.32558056712150574
2747,0.5676324367523193
2748,0.466447114944458
2749,0.37667936086654663
2750,0.1937825232744217
2751,0.44951868057250977
2752,0.19976773858070374
2753,0.4408109188079834
2754,0.6145461797714233
2755,0.5536960959434509
2756,0.6805704832077026
2757,0.5462586879730225
2758,0.20120283961296082
2759,0.6760081648826599
2760,0.46728819608688354
2761,0.2937382161617279
2762,0.7273681163787842
2763,0.4727984666824341
2764,0.4581374526023865
2765,0.6788862347602844
2766,0.4043871760368347
2767,0.40885129570961
2768,0.5206258296966553
2769,0.7964362502098083
2770,0.6504814028739929
2771,0.3082362413406372
2772,0.23391321301460266
2773,0.7652902603149414
2774,0.44206422567367554
2775,0.6780143976211548
2776,0.2686394453048706
2777,0.6672117114067078
2778,0.2618555724620819
2779,0.6538090705871582
2780,0.6713923811912537
2781,0.34311601519584656
2782,0.526524007320404
2783,0.6508229970932007
2784,0.2581046223640442
2785,0.3054704964160919
2786,0.5612004995346069
2787,0.4575558006763458
2788,0.17187069356441498
2789,0.5737906098365784
2790,0.4401814639568329
2791,0.5796683430671692
2792,0.7804610133171082
2793,0.45331069827079773
2794,0.4367859363555908
2795,0.619250476360321
2796,0.34453803300857544
2797,0.36700692772865295
2798,0.24071192741394043
2799,0.40643012523651123
2800,0.41582947969436646
2801,0.6431411504745483
2802,0.46979984641075134
2803,0.5428689122200012
2804,0.3354658782482147
2805,0.234018474817276
2806,0.6122169494628906
2807,0.5346755981445312
2808,0.7640059590339661
2809,0.4844053089618683
2810,0.3883645534515381
2811,0.3925051689147949
2812,0.7541694641113281
2813,0.5472761392593384
2814,0.48874396085739136
2815,0.8224812150001526
2816,0.6916792392730713
2817,0.6383784413337708
2818,0.6386730670928955
2819,0.7206547260284424
2820,0.4440057873725891
2821,0.48627275228500366
2822,0.24814866483211517
2823,0.4715595841407776
2824,0.32987624406814575
2825,0.27012717723846436
2826,0.6715229153633118
2827,0.34984660148620605
2828,0.6785695552825928
2829,0.2997322976589203
2830,0.19705942273139954
2831,0.6890429854393005
2832,0.4304530620574951
2833,0.5526192784309387
2834,0.45409145951271057
2835,0.4387461543083191
2836,0.4058862328529358
2837,0.3222526013851166
2838,0.21676062047481537
2839,0.42486676573753357
2840,0.3802996873855591
2841,0.8199220895767212
2842,0.8379290103912354
2843,0.6922310590744019
2844,0.4907052516937256
2845,0.26424306631088257
2846,0.65807044506073
2847,0.5990336537361145
2848,0.8146288990974426
2849,0.48162493109703064
2850,0.316942036151886
2851,0.2284875512123108
2852,0.28238606452941895
2853,0.5538485050201416
2854,0.45124638080596924
2855,0.4379394054412842
2856,0.3978404104709625
2857,0.5405519008636475
2858,0.4300622344017029
2859,0.3583725094795227
2860,0.1982732117176056
2861,0.6414890289306641
2862,0.3110281825065613
2863,0.6716790199279785
2864,0.6731837391853333
2865,0.6620057225227356
2866,0.6999037861824036
2867,0.48655110597610474
2868,0.6411753296852112
2869,0.20616990327835083
2870,0.45695459842681885
2871,0.805774986743927
2872,0.23805367946624756
2873,0.8134738206863403
2874,0.21607646346092224
2875,0.276518851518631
2876,0.6517899632453918
2877,0.6506505012512207
2878,0.3434642255306244
2879,0.504223108291626
2880,0.3517753779888153
2881,0.793454647064209
2882,0.21069256961345673
2883,0.19090108573436737
2884,0.3903372883796692
2885,0.3966237008571625
2886,0.4851553440093994
2887,0.3807670772075653
2888,0.30738013982772827
2889,0.6671925783157349
2890,0.23727524280548096
2891,0.776948094367981
2892,0.236772820353508
2893,0.3300079107284546
2894,0.5289859175682068
2895,0.5506508946418762
2896,0.4627615511417389
2897,0.5626861453056335
2898,0.8126460909843445
2899,0.2817133069038391
2900,0.314851850271225
2901,0.5143173933029175
2902,0.49253058433532715
2903,0.4471454918384552
2904,0.4505847692489624
2905,0.6920081377029419
2906,0.40290746092796326
2907,0.3404088318347931
2908,0.38192039728164673
2909,0.43821659684181213
2910,0.6882250905036926
2911,0.36049437522888184
2912,0.357371985912323
2913,0.3624541163444519
2914,0.5920321941375732
2915,0.5268256068229675
2916,0.7318946719169617
2917,0.4307138919830322
2918,0.7449952960014343
2919,0.5397495031356812
2920,0.5376297831535339
2921,0.7780166268348694
2922,0.28941410779953003
2923,0.4127797484397888
2924,0.4450176954269409
2925,0.44408243894577026
2926,0.42293453216552734
2927,0.6370981335639954
2928,0.2474507838487625
2929,0.41816824674606323
2930,0.6847501397132874
2931,0.24396666884422302
2932,0.757094144821167
2933,0.31411561369895935
2934,0.7955792546272278
2935,0.45946869254112244
2936,0.4262334406375885
2937,0.7255290746688843
2938,0.36904987692832947
2939,0.7023759484291077
2940,0.8176262974739075
2941,0.22707568109035492
2942,0.5153433680534363
2943,0.33389589190483093
2944,0.4021248519420624
2945,0.3472052812576294
2946,0.4547216296195984
2947,0.5031167268753052
2948,0.2152271419763565
2949,0.7531159520149231
2950,0.24050015211105347
2951,0.6660449504852295
2952,0.3532485067844391
2953,0.5961964726448059
2954,0.39211446046829224
2955,0.5011695623397827
2956,0.3553125858306885
2957,0.555547297000885
2958,0.7363399863243103
2959,0.27444779872894287
2960,0.6228236556053162
2961,0.31950631737709045
2962,0.4781983494758606
2963,0.47674426436424255
2964,0.21455082297325134
2965,0.822415292263031
2966,0.35248786211013794
2967,0.4909830689430237
2968,0.37871798872947693
2969,0.26343777775764465
2970,0.5513334274291992
2971,0.3553173840045929
2972,0.7270121574401855
2973,0.22705195844173431
2974,0.21949055790901184
2975,0.6374754905700684
2976,0.5556526780128479
2977,0.7681065797805786
2978,0.45713406801223755
2979,0.6145819425582886
2980,0.33995628356933594
2981,0.42885464429855347
2982,0.7832082509994507
2983,0.3917416036128998
2984,0.653663694858551
2985,0.3086318373680115
2986,0.5175961852073669
2987,0.40024134516716003
2988,0.32402122020721436
2989,0.3575612008571625
2990,0.5063657760620117
2991,0.5853217840194702
2992,0.5829169750213623
2993,0.3463173806667328
2994,0.6579540967941284
2995,0.4585091173648834
2996,0.7666921615600586
2997,0.5961394906044006
2998,0.42911022901535034
2999,0.5675560235977173
3000,0.19562393426895142
3001,0.23519785702228546
3002,0.2895568907260895
3003,0.40932703018188477
3004,0.3115161955356598
3005,0.440530925989151
3006,0.8075738549232483
3007,0.8167040348052979
3008,0.7921397686004639
3009,0.590171217918396
3010,0.5614003539085388
3011,0.608883261680603
3012,0.6174466013908386
3013,0.45106640458106995
3014,0.42810311913490295
3015,0.5731363296508789
3016,0.7003222107887268
3017,0.6815680265426636
3018,0.6702572703361511
3019,0.4267672300338745
3020,0.4405974745750427
3021,0.6506693959236145
3022,0.33014222979545593
3023,0.7215020060539246
3024,0.6445025205612183
3025,0.7955231070518494
3026,0.2710588276386261
3027,0.6865931153297424
3028,0.6683666706085205
3029,0.8324942588806152
3030,0.2664269506931305
3031,0.6848610639572144
3032,0.6108696460723877
3033,0.7768341898918152
3034,0.6616095304489136
3035,0.773701012134552
3036,0.23167045414447784
3037,0.6367716789245605
3038,0.402539998292923
3039,0.3721466064453125
3040,0.456076055765152
3041,0.42618831992149353
3042,0.2150905430316925
3043,0.29909074306488037
3044,0.48250699043273926
3045,0.48910877108573914
3046,0.5950061678886414
3047,0.7707135677337646
3048,0.4131366014480591
3049,0.33087432384490967
3050,0.6058951616287231
3051,0.35340577363967896
3052,0.6173062324523926
3053,0.4870326817035675
3054,0.27544766664505005
3055,0.40105587244033813
3056,0.4826202988624573
3057,0.5402013063430786
3058,0.42568880319595337
3059,0.7914476990699768
3060,0.4363323450088501
3061,0.4474509358406067
3062,0.21893930435180664
3063,0.6146426200866699
3064,0.6232421398162842
3065,0.2635279595851898
3066,0.33531177043914795
3067,0.49240607023239136
3068,0.6971278786659241
3069,0.6752038598060608
3070,0.4788200855255127
3071,0.17729401588439941
3072,0.6789623498916626
3073,0.29559126496315
3074,0.35894548892974854
3075,0.42115339636802673
3076,0.23524072766304016
3077,0.6807228326797485
3078,0.5650423765182495
3079,0.7219462990760803
3080,0.42258650064468384
3081,0.4364812970161438
3082,0.3180229961872101
3083,0.2899443209171295
3084,0.26826512813568115
3085,0.6011019349098206
3086,0.6736029386520386
3087,0.283184677362442
3088,0.6408421993255615
3089,0.44870615005493164
3090,0.3035968542098999
3091,0.2509975731372833
3092,0.7952551245689392
3093,0.448872447013855
3094,0.6343721747398376
3095,0.351687490940094
3096,0.23925259709358215
3097,0.42875897884368896
3098,0.42773669958114624
3099,0.4331900477409363
3100,0.18002566695213318
3101,0.4644862115383148
3102,0.25210532546043396
3103,0.7597185969352722
3104,0.43818360567092896
3105,0.3048645257949829
3106,0.78033846616745
3107,0.22617512941360474
3108,0.45418158173561096
3109,0.626896321773529
3110,0.44912126660346985
3111,0.6306050419807434
3112,0.4622049927711487
3113,0.4587230086326599
3114,0.827677309513092
3115,0.28247806429862976
3116,0.5514824390411377
3117,0.27907267212867737
3118,0.5041412711143494
3119,0.22183196246623993
3120,0.22813773155212402
3121,0.4872710108757019
3122,0.4450109302997589
3123,0.2096918225288391
3124,0.539362907409668
3125,0.720695972442627
3126,0.7324891686439514
3127,0.3564327657222748
3128,0.3144978880882263
3129,0.4129873514175415
3130,0.3828900158405304
3131,0.8215548992156982
3132,0.8055276274681091
3133,0.6201943755149841
3134,0.5325180888175964
3135,0.422443151473999
3136,0.8138576149940491
3137,0.7810243368148804
3138,0.8321952223777771
3139,0.44170379638671875
3140,0.2767402231693268
3141,0.6714361310005188
3142,0.659121572971344
3143,0.7318721413612366
3144,0.4155008792877197
3145,0.44145822525024414
3146,0.6073625683784485
3147,0.6533592939376831
3148,0.2546882629394531
3149,0.7339923977851868
3150,0.4770388603210449
3151,0.2420044094324112
3152,0.4831351935863495
3153,0.5254278182983398
3154,0.4389703869819641
3155,0.6138238906860352
3156,0.7200712561607361
3157,0.4379931092262268
3158,0.4423242211341858
3159,0.7147817611694336
3160,0.5247189402580261
3161,0.32131582498550415
3162,0.6162446141242981
3163,0.2633024752140045
3164,0.5321164727210999
3165,0.5913621783256531
3166,0.5168316960334778
3167,0.43390199542045593
3168,0.6864727735519409
3169,0.4259383976459503
3170,0.5976582765579224
3171,0.4122920334339142
3172,0.3855131268501282
3173,0.769464910030365
3174,0.4279864728450775
3175,0.6872169971466064
3176,0.6561630368232727
3177,0.791978120803833
3178,0.8425126075744629
3179,0.44647300243377686
3180,0.506309449672699
3181,0.34174996614456177
3182,0.4462999403476715
3183,0.49403658509254456
3184,0.4541078805923462
3185,0.8200305700302124
3186,0.7299908399581909
3187,0.40961790084838867
3188,0.7446694374084473
3189,0.24096542596817017
3190,0.43765687942504883
3191,0.49270185828208923
3192,0.5663837790489197
3193,0.6018728613853455
3194,0.645094633102417
3195,0.44592270255088806
3196,0.7311273813247681
3197,0.5833764672279358
3198,0.6762615442276001
3199,0.37952250242233276
3200,0.6449278593063354
3201,0.5843399167060852
3202,0.7480550408363342
3203,0.618867814540863
3204,0.5757673978805542
3205,0.6290642619132996
3206,0.5338431596755981
3207,0.5650161504745483
3208,0.6534245610237122
3209,0.4568589925765991
3210,0.5530004501342773
3211,0.429470032453537
3212,0.7269103527069092
3213,0.6400299072265625
3214,0.3039976954460144
3215,0.8164047598838806
3216,0.4226529002189636
3217,0.4664870500564575
3218,0.45512253046035767
3219,0.6068505048751831
3220,0.7453069090843201
3221,0.7158034443855286
3222,0.6417056322097778
3223,0.47097423672676086
3224,0.545596718788147
3225,0.7219663262367249
3226,0.460157185792923
3227,0.213993102312088
3228,0.7765263319015503
3229,0.6510374546051025
3230,0.8021960258483887
3231,0.2609173357486725
3232,0.43867993354797363
3233,0.6517164707183838
3234,0.3795894980430603
3235,0.7806409001350403
3236,0.2573344111442566
3237,0.6332865953445435
3238,0.6415266990661621
3239,0.4737737476825714
3240,0.7099329233169556
3241,0.2107810080051422
3242,0.49150964617729187
3243,0.4156690835952759
3244,0.30488988757133484
3245,0.6081246137619019
3246,0.6637487411499023
3247,0.5960487723350525
3248,0.7863203287124634
3249,0.6805920600891113
3250,0.25592488050460815
3251,0.3286650478839874
3252,0.5622050762176514
3253,0.5527461767196655
3254,0.42340999841690063
3255,0.5649983882904053
3256,0.5344295501708984
3257,0.6392293572425842
3258,0.24691608548164368
3259,0.29448655247688293
3260,0.20638155937194824
3261,0.5737910866737366
3262,0.8195655345916748
3263,0.6402098536491394
3264,0.49898797273635864
3265,0.436374694108963
3266,0.44894009828567505
3267,0.4927566647529602
3268,0.5036718845367432
3269,0.33337876200675964
3270,0.47217389941215515
3271,0.6762630939483643
3272,0.2590086758136749
3273,0.6214572787284851
3274,0.510746955871582
3275,0.4907504916191101
3276,0.29370737075805664
3277,0.5227154493331909
3278,0.46772927045822144
3279,0.6085823774337769
3280,0.5066535472869873
3281,0.7042714357376099
3282,0.6632839441299438
3283,0.4581639766693115
3284,0.2416209727525711
3285,0.789877712726593
3286,0.5324308276176453
3287,0.4184843897819519
3288,0.4744061827659607
3289,0.6381423473358154
3290,0.6574490666389465
3291,0.14397354423999786
3292,0.6027202010154724
3293,0.4716604948043823
3294,0.35004809498786926
3295,0.3954181671142578
3296,0.20619812607765198
3297,0.519903838634491
3298,0.8302117586135864
3299,0.7028323411941528
3300,0.25448155403137207
3301,0.4687541723251343
3302,0.5393499732017517
3303,0.4099534749984741
3304,0.7221247553825378
3305,0.416213721036911
3306,0.22043928503990173
3307,0.42818957567214966
3308,0.6364721655845642
3309,0.4078153669834137
3310,0.772318422794342
3311,0.24490869045257568
3312,0.43204420804977417
3313,0.8276709318161011
3314,0.8126478791236877
3315,0.7080074548721313
3316,0.4637308418750763
3317,0.4500683546066284
3318,0.525918185710907
3319,0.5073654055595398
3320,0.3866930603981018
3321,0.8100118637084961
3322,0.5379325747489929
3323,0.49971842765808105
3324,0.791100025177002
3325,0.27377599477767944
3326,0.40682172775268555
3327,0.45751655101776123
3328,0.8046173453330994
3329,0.42241448163986206
3330,0.6151319146156311
3331,0.6716719269752502
3332,0.6430574059486389
3333,0.5870786905288696
3334,0.790229320526123
3335,0.4607052505016327
3336,0.33977654576301575
3337,0.3988632261753082
3338,0.5851796269416809
3339,0.330382376909256
3340,0.5188990831375122
3341,0.4543030261993408
3342,0.451996386051178
3343,0.5509767532348633
3344,0.7058929800987244
3345,0.22348937392234802
3346,0.4478842318058014
3347,0.38132452964782715
3348,0.6228116154670715
3349,0.528576135635376
3350,0.3486040532588959
3351,0.46209970116615295
3352,0.6285235285758972
3353,0.7918097972869873
3354,0.5772912502288818
3355,0.36436742544174194
3356,0.7487277984619141
3357,0.3739047050476074
3358,0.8021925091743469
3359,0.32896456122398376
3360,0.3633730411529541
3361,0.5357240438461304
3362,0.44337254762649536
3363,0.2780812084674835
3364,0.34276115894317627
3365,0.4612109065055847
3366,0.45945557951927185
3367,0.42791375517845154
3368,0.5318120121955872
3369,0.7427415251731873
3370,0.405618816614151
3371,0.6593648195266724
3372,0.6031261086463928
3373,0.37777870893478394
3374,0.4474073052406311
3375,0.4109271168708801
3376,0.17818936705589294
3377,0.603202223777771
3378,0.7917245626449585
3379,0.4093175232410431
3380,0.4028345048427582
3381,0.4159630239009857
3382,0.2943184971809387
3383,0.6716333627700806
3384,0.30259451270103455
3385,0.36455675959587097
3386,0.6043948531150818
3387,0.4378143548965454
3388,0.7800256013870239
3389,0.7350056171417236
3390,0.54628586769104
3391,0.3897128701210022
3392,0.4340704083442688
3393,0.5053808689117432
3394,0.6188732981681824
3395,0.7074792981147766
3396,0.7633684873580933
3397,0.2492852807044983
3398,0.547706127166748
3399,0.23025405406951904
3400,0.2591628432273865
3401,0.5433014631271362
3402,0.3464081883430481
3403,0.2025553435087204
3404,0.5632858872413635
3405,0.7483071088790894
3406,0.6445978283882141
3407,0.21293386816978455
3408,0.8042393922805786
3409,0.42417460680007935
3410,0.45953357219696045
3411,0.6690388917922974
3412,0.2373618632555008
3413,0.2506519556045532
3414,0.2338247001171112
3415,0.6132763028144836
3416,0.45310553908348083
3417,0.42743241786956787
3418,0.7398461103439331
3419,0.2566997706890106
3420,0.2460608184337616
3421,0.6232289671897888
3422,0.3751746118068695
3423,0.30629488825798035
3424,0.7538161277770996
3425,0.3147815465927124
3426,0.5167961716651917
3427,0.5150602459907532
3428,0.5960097908973694
3429,0.4166247248649597
3430,0.2610970735549927
3431,0.26289790868759155
3432,0.448044091463089
3433,0.3285708725452423
3434,0.3849688768386841
3435,0.3388277292251587
3436,0.6133369207382202
3437,0.4511796236038208
3438,0.3800305128097534
3439,0.2314724624156952
3440,0.6848036646842957
3441,0.7566250562667847
3442,0.4385329484939575
3443,0.4071168005466461
3444,0.47290652990341187
3445,0.40062499046325684
3446,0.4201677739620209
3447,0.3252232074737549
3448,0.2715640664100647
3449,0.6505393385887146
3450,0.8175188899040222
3451,0.6816403865814209
3452,0.5493148565292358
3453,0.5596936345100403
3454,0.6831996440887451
3455,0.39974072575569153
3456,0.32693031430244446
3457,0.48589852452278137
3458,0.6829515695571899
3459,0.44434207677841187
3460,0.5970726609230042
3461,0.573956310749054
3462,0.7360971570014954
3463,0.607014536857605
3464,0.4044068455696106
3465,0.5004638433456421
3466,0.5245731472969055
3467,0.5299172401428223
3468,0.7100030779838562
3469,0.6328225135803223
3470,0.6324148178100586
3471,0.4776751697063446
3472,0.4212477207183838
3473,0.4340043067932129
3474,0.2548937201499939
3475,0.6966530680656433
3476,0.5145291090011597
3477,0.4905378818511963
3478,0.4152170419692993
3479,0.44590145349502563
3480,0.6978166103363037
3481,0.34864553809165955
3482,0.42470765113830566
3483,0.5208914875984192
3484,0.4266573190689087
3485,0.35436391830444336
3486,0.8208581805229187
3487,0.6626290082931519
3488,0.599673867225647
3489,0.36259546875953674
3490,0.7774792313575745
3491,0.5020607709884644
3492,0.22644859552383423
3493,0.7135535478591919
3494,0.6847473382949829
3495,0.7432920932769775
3496,0.6224241852760315
3497,0.2992492914199829
3498,0.5837306380271912
3499,0.658778965473175
3500,0.3017008602619171
3501,0.4560704827308655
3502,0.4476693272590637
3503,0.48019683361053467
3504,0.5324559211730957
3505,0.5411954522132874
3506,0.4755270779132843
3507,0.7031601667404175
3508,0.21097858250141144
3509,0.6319671869277954
3510,0.3294602632522583
3511,0.4563868045806885
3512,0.2509458661079407
3513,0.48807522654533386
3514,0.5387735366821289
3515,0.5042732954025269
3516,0.43225041031837463
3517,0.43925267457962036
3518,0.33600419759750366
3519,0.43099117279052734
3520,0.3547890782356262
3521,0.4990403354167938
3522,0.627692699432373
3523,0.4579392969608307
3524,0.5603750944137573
3525,0.6027005910873413
3526,0.7548532485961914
3527,0.3822479546070099
3528,0.2586401700973511
3529,0.6182990074157715
3530,0.7058396935462952
3531,0.4624131917953491
3532,0.47998830676078796
3533,0.6755728721618652
3534,0.42954298853874207
3535,0.6512044668197632
3536,0.31355345249176025
3537,0.3385172486305237
3538,0.2054324448108673
3539,0.6585643887519836
3540,0.25382688641548157
3541,0.7954939603805542
3542,0.6756407022476196
3543,0.36095690727233887
3544,0.22883521020412445
3545,0.49962449073791504
3546,0.33814167976379395
3547,0.298809289932251
3548,0.3471035063266754
3549,0.42996397614479065
3550,0.7081823348999023
3551,0.42462262511253357
3552,0.1803218424320221
3553,0.5614363551139832
3554,0.6358602046966553
3555,0.6772063970565796
3556,0.6848703622817993
3557,0.4001932740211487
3558,0.2588798999786377
3559,0.46522057056427
3560,0.6291956305503845
3561,0.6844190955162048
3562,0.2748984098434448
3563,0.295600026845932
3564,0.8011821508407593
3565,0.5768922567367554
3566,0.5517717003822327
3567,0.4091017246246338
3568,0.7038131356239319
3569,0.5935941934585571
3570,0.42860352993011475
3571,0.8167500495910645
3572,0.28917014598846436
3573,0.44239097833633423
3574,0.20515291392803192
3575,0.6860813498497009
3576,0.36404186487197876
3577,0.21742859482765198
3578,0.4223564863204956
3579,0.5095012187957764
3580,0.6235728859901428
3581,0.45318174362182617
3582,0.21282580494880676
3583,0.5361855030059814
3584,0.2615833580493927
3585,0.36280250549316406
3586,0.22600340843200684
3587,0.43495088815689087
3588,0.5095319747924805
3589,0.645645260810852
3590,0.4157276749610901
3591,0.6313992142677307
3592,0.3061797618865967
3593,0.4437198042869568
3594,0.7759720087051392
3595,0.43611517548561096
3596,0.8253976702690125
3597,0.5031138062477112
3598,0.6088883876800537
3599,0.27859726548194885
3600,0.3716799318790436
3601,0.2048630714416504
3602,0.5668550133705139
3603,0.19719672203063965
3604,0.4502165615558624
3605,0.6284697651863098
3606,0.28232914209365845
3607,0.8288835883140564
3608,0.25931018590927124
3609,0.3866804838180542
3610,0.4603150486946106
3611,0.48143017292022705
3612,0.6664392352104187
3613,0.5854504108428955
3614,0.23958249390125275
3615,0.5565797686576843
3616,0.276679128408432
3617,0.3840425908565521
3618,0.652893602848053
3619,0.6970635652542114
3620,0.7356900572776794
3621,0.25443053245544434
3622,0.408616304397583
3623,0.37779900431632996
3624,0.41326677799224854
3625,0.39247870445251465
3626,0.45789605379104614
3627,0.5012134909629822
3628,0.2732981741428375
3629,0.5262040495872498
3630,0.21477001905441284
3631,0.7864611148834229
3632,0.4268589913845062
3633,0.359980970621109
3634,0.572569727897644
3635,0.4934895932674408
3636,0.5639564990997314
3637,0.6253068447113037
3638,0.31150227785110474
3639,0.6076388359069824
3640,0.8344404101371765
3641,0.812978208065033
3642,0.5647652745246887
3643,0.7231739163398743
3644,0.4610626697540283
3645,0.7512741684913635
3646,0.7377779483795166
3647,0.31351882219314575
3648,0.45568275451660156
3649,0.6424856185913086
3650,0.7244486212730408
3651,0.7807158827781677
3652,0.4206835627555847
3653,0.357488751411438
3654,0.20663821697235107
3655,0.7038441896438599
3656,0.3838375210762024
3657,0.7601395845413208
3658,0.4835022985935211
3659,0.6466866135597229
3660,0.8183706402778625
3661,0.5083340406417847
3662,0.7047097086906433
3663,0.37504133582115173
3664,0.45524218678474426
3665,0.7280250787734985
3666,0.4060301184654236
3667,0.7820486426353455
3668,0.7561829090118408
3669,0.4902307987213135
3670,0.7043451070785522
3671,0.4310950040817261
3672,0.6126937866210938
3673,0.39751458168029785
3674,0.30431270599365234
3675,0.4616004228591919
3676,0.42016544938087463
3677,0.5016493201255798
3678,0.40814444422721863
3679,0.5131673812866211
3680,0.7871625423431396
3681,0.3960050344467163
3682,0.3969908058643341
3683,0.34320661425590515
3684,0.36721447110176086
3685,0.44511669874191284
3686,0.34718751907348633
3687,0.4593328535556793
3688,0.619132399559021
3689,0.4820666015148163
3690,0.6217253804206848
3691,0.22986114025115967
3692,0.4435480237007141
3693,0.4018583297729492
3694,0.8285560607910156
3695,0.46202874183654785
3696,0.6672590374946594
3697,0.5549452900886536
3698,0.3199923038482666
3699,0.6906567811965942
3700,0.4324467182159424
3701,0.27657628059387207
3702,0.8343710899353027
3703,0.5397377014160156
3704,0.8051686882972717
3705,0.43109285831451416
3706,0.6051018834114075
3707,0.5942782759666443
3708,0.7563807368278503
3709,0.547601044178009
3710,0.406806081533432
3711,0.5508866310119629
3712,0.3245095908641815
3713,0.4105249345302582
3714,0.738762378692627
3715,0.6242886185646057
3716,0.48372483253479004
3717,0.2419535517692566
3718,0.5596178770065308
3719,0.6245411038398743
3720,0.47015315294265747
3721,0.4304373860359192
3722,0.282884806394577
3723,0.28679490089416504
3724,0.4688248038291931
3725,0.36104220151901245
3726,0.649333119392395
3727,0.7272878885269165
3728,0.4534212350845337
3729,0.697269856929779
3730,0.39278632402420044
3731,0.6273349523544312
3732,0.41950488090515137
3733,0.40229371190071106
3734,0.4405249059200287
3735,0.5264423489570618
3736,0.2243238091468811
3737,0.4128052890300751
3738,0.5324185490608215
3739,0.22931887209415436
3740,0.262386679649353
3741,0.7015230655670166
3742,0.3891676366329193
3743,0.19907133281230927
3744,0.769972562789917
3745,0.2794361412525177
3746,0.40638530254364014
3747,0.46333348751068115
3748,0.3538394570350647
3749,0.7346722483634949
3750,0.49921831488609314
3751,0.45091044902801514
3752,0.6146862506866455
3753,0.7972882986068726
3754,0.40718281269073486
3755,0.43760812282562256
3756,0.2894516587257385
3757,0.27021709084510803
3758,0.3848627805709839
3759,0.4033443331718445
3760,0.3530919849872589
3761,0.6612281203269958
3762,0.22490496933460236
3763,0.4421789348125458
3764,0.48974359035491943
3765,0.5567949414253235
3766,0.26790979504585266
3767,0.40695661306381226
3768,0.39612433314323425
3769,0.4963585138320923
3770,0.3678401708602905
3771,0.4719448685646057
3772,0.3269343376159668
3773,0.3284253478050232
3774,0.4593493342399597
3775,0.5504579544067383
3776,0.7013769745826721
3777,0.4303256869316101
3778,0.6974338889122009
3779,0.28330862522125244
3780,0.20963607728481293
3781,0.3532855212688446
3782,0.2148817777633667
3783,0.5662899613380432
3784,0.5023161768913269
3785,0.27872946858406067
3786,0.32822126150131226
3787,0.45069459080696106
3788,0.7353150248527527
3789,0.4131585359573364
3790,0.23280200362205505
3791,0.45416513085365295
3792,0.22582705318927765
3793,0.6501902937889099
3794,0.3914366364479065
3795,0.23174583911895752
3796,0.44938939809799194
3797,0.3541676700115204
3798,0.6262674927711487
3799,0.511923611164093
3800,0.7777892351150513
3801,0.3634490966796875
3802,0.6646472811698914
3803,0.7857755422592163
3804,0.2606116235256195
3805,0.7004657983779907
3806,0.21348217129707336
3807,0.504506528377533
3808,0.337699294090271
3809,0.3382701873779297
3810,0.6743955612182617
3811,0.7717654705047607
3812,0.6083354353904724
3813,0.4671041965484619
3814,0.476650208234787
3815,0.6292641758918762
3816,0.37764161825180054
3817,0.3053385317325592
3818,0.514742910861969
3819,0.2098390907049179
3820,0.6856184005737305
3821,0.3446735739707947
3822,0.5481564998626709
3823,0.4398684799671173
3824,0.4141591191291809
3825,0.3654410243034363
3826,0.7149439454078674
3827,0.40581920742988586
3828,0.2901969254016876
3829,0.4129442870616913
3830,0.5283368229866028
3831,0.6942417025566101
3832,0.641126275062561
3833,0.7026923298835754
3834,0.6813651323318481
3835,0.6380779147148132
3836,0.457339882850647
3837,0.6532151699066162
3838,0.30235451459884644
3839,0.8011651039123535
3840,0.31499183177948
3841,0.7924981117248535
3842,0.7671241760253906
3843,0.3368917405605316
3844,0.22913528978824615
3845,0.3029160797595978
3846,0.457288533449173
3847,0.45431241393089294
3848,0.44160258769989014
3849,0.43354281783103943
3850,0.19309452176094055
3851,0.4915353059768677
3852,0.2848835587501526
3853,0.6567515134811401
3854,0.7308242917060852
3855,0.5135170817375183
3856,0.6550149917602539
3857,0.5804315805435181
3858,0.31118106842041016
3859,0.4062238335609436
3860,0.641618013381958
3861,0.4506472647190094
3862,0.35808441042900085
3863,0.2772180438041687
3864,0.6283434629440308
3865,0.4265483319759369
3866,0.6261516213417053
3867,0.6107399463653564
3868,0.46380195021629333
3869,0.6809195876121521
3870,0.8084332346916199
3871,0.6407418847084045
3872,0.5430053472518921
3873,0.6089460253715515
3874,0.6956227421760559
3875,0.6697850227355957
3876,0.20060987770557404
3877,0.4117698669433594
3878,0.26877862215042114
3879,0.20212283730506897
3880,0.45045822858810425
3881,0.24103181064128876
3882,0.4567805528640747
3883,0.38620102405548096
3884,0.43871742486953735
3885,0.35351958870887756
3886,0.6258441805839539
3887,0.5317296981811523
3888,0.26902586221694946
3889,0.7742682695388794
3890,0.7514639496803284
3891,0.7750218510627747
3892,0.452716201543808
3893,0.6649397611618042
3894,0.7546172738075256
3895,0.5349525809288025
3896,0.4210546016693115
3897,0.7021322846412659
3898,0.2649582624435425
3899,0.4445483088493347
3900,0.34435543417930603
3901,0.8293931484222412
3902,0.6656786799430847
3903,0.4003762900829315
3904,0.29612505435943604
3905,0.6355560421943665
3906,0.2623993158340454
3907,0.6158704161643982
3908,0.4623309373855591
3909,0.5876968502998352
3910,0.2219592034816742
3911,0.29083162546157837
3912,0.6028950214385986
3913,0.8103815317153931
3914,0.48312318325042725
3915,0.40357857942581177
3916,0.5892511606216431
3917,0.5689705610275269
3918,0.4081838130950928
3919,0.2287101149559021
3920,0.28277236223220825
3921,0.5221527814865112
3922,0.29016000032424927
3923,0.22534336149692535
3924,0.288114070892334
3925,0.49766474962234497
3926,0.6780216693878174
3927,0.4724425673484802
3928,0.6783181428909302
3929,0.2734012007713318
3930,0.7521113157272339
3931,0.4550206959247589
3932,0.4050877094268799
3933,0.6915038824081421
3934,0.5038501620292664
3935,0.46429845690727234
3936,0.45088809728622437
3937,0.5917997360229492
3938,0.43808677792549133
3939,0.81068354845047
3940,0.4534910023212433
3941,0.25846612453460693
3942,0.7029718160629272
3943,0.41094958782196045
3944,0.5564693808555603
3945,0.2586325407028198
3946,0.7000706791877747
3947,0.42027416825294495
3948,0.4686419367790222
3949,0.6872689723968506
3950,0.23092810809612274
3951,0.47089189291000366
3952,0.4514068365097046
3953,0.5778737664222717
3954,0.656359851360321
3955,0.6396714448928833
3956,0.18653982877731323
3957,0.5497678518295288
3958,0.4673171043395996
3959,0.6423633098602295
3960,0.45940911769866943
3961,0.392233282327652
3962,0.44135838747024536
3963,0.47846004366874695
3964,0.2185068279504776
3965,0.7935905456542969
3966,0.7245933413505554
3967,0.4284977912902832
3968,0.4715704321861267
3969,0.4178413152694702
3970,0.6926877498626709
3971,0.691286563873291
3972,0.30193522572517395
3973,0.6269562244415283
3974,0.2059994786977768
3975,0.6391692161560059
3976,0.474101722240448
3977,0.46593934297561646
3978,0.6568806767463684
3979,0.7085465788841248
3980,0.4814872145652771
3981,0.6750411987304688
3982,0.44697481393814087
3983,0.6708759665489197
3984,0.6971682906150818
3985,0.2800680994987488
3986,0.6427971124649048
3987,0.5907687544822693
3988,0.4116564989089966
3989,0.5284597873687744
3990,0.7053481936454773
3991,0.5431342124938965
3992,0.45033204555511475
3993,0.41717663407325745
3994,0.2165519744157791
3995,0.6958411931991577
3996,0.6648923754692078
3997,0.48114335536956787
3998,0.551414966583252
3999,0.2325820028781891
4000,0.5113646984100342
4001,0.27110809087753296
4002,0.2195131778717041
4003,0.7051347494125366
4004,0.3629484176635742
4005,0.23520737886428833
4006,0.3696514666080475
4007,0.38108253479003906
4008,0.7539171576499939
4009,0.29178309440612793
4010,0.5853725671768188
4011,0.49932026863098145
4012,0.8202518224716187
4013,0.25383153557777405
4014,0.3838125169277191
4015,0.8052541017532349
4016,0.27796471118927
4017,0.5818213820457458
4018,0.44929978251457214
4019,0.42472386360168457
4020,0.5131847262382507
4021,0.8195981979370117
4022,0.3619839549064636
4023,0.6234357953071594
4024,0.7728161811828613
4025,0.43041008710861206
4026,0.3075564503669739
4027,0.7779118418693542
4028,0.4169198274612427
4029,0.44460734724998474
4030,0.4123358130455017
4031,0.8131536245346069
4032,0.7795803546905518
4033,0.41771963238716125
4034,0.4185212552547455
4035,0.4159993529319763
4036,0.8304184675216675
4037,0.7845556735992432
4038,0.7293481826782227
4039,0.6561815142631531
4040,0.44668862223625183
4041,0.6454117298126221
4042,0.25524330139160156
4043,0.6004979014396667
4044,0.514438271522522
4045,0.4281662106513977
4046,0.4098503589630127
4047,0.4298000931739807
4048,0.16371992230415344
4049,0.4102693200111389
4050,0.7076042890548706
4051,0.27720263600349426
4052,0.6284049153327942
4053,0.3960288166999817
4054,0.6976720094680786
4055,0.7121775150299072
4056,0.6592749953269958
4057,0.6245612502098083
4058,0.5077706575393677
4059,0.4477807283401489
4060,0.6169915199279785
4061,0.5913644433021545
4062,0.3703874349594116
4063,0.24170710146427155
4064,0.4979212284088135
4065,0.28932005167007446
4066,0.4116232991218567
4067,0.44660258293151855
4068,0.7842350602149963
4069,0.6674830913543701
4070,0.2987666726112366
4071,0.24089546501636505
4072,0.6397652626037598
4073,0.4413977563381195
4074,0.48134517669677734
4075,0.21772988140583038
4076,0.38370421528816223
4077,0.4397898316383362
4078,0.20120927691459656
4079,0.632962167263031
4080,0.40996912121772766
4081,0.6154617071151733
4082,0.4782734513282776
4083,0.4628291130065918
4084,0.3787708878517151
4085,0.4462035298347473
4086,0.4460418224334717
4087,0.736240029335022
4088,0.558592677116394
4089,0.43017256259918213
4090,0.38421815633773804
4091,0.5470890998840332
4092,0.5542793273925781
4093,0.6767162084579468
4094,0.7174975275993347
4095,0.6860183477401733
4096,0.7563650608062744
4097,0.8130351305007935
4098,0.5863530039787292
4099,0.5738790035247803
4100,0.7006289958953857
4101,0.7956191897392273
4102,0.6699236035346985
4103,0.5079056024551392
4104,0.8218258619308472
4105,0.6208475232124329
4106,0.7712532877922058
4107,0.6164979934692383
4108,0.2456255555152893
4109,0.27037447690963745
4110,0.4567374587059021
4111,0.3837108910083771
4112,0.6264042258262634
4113,0.7510002255439758
4114,0.4198843836784363
4115,0.6952507495880127
4116,0.7847124338150024
4117,0.5109650492668152
4118,0.375746488571167
4119,0.1250947117805481
4120,0.42881378531455994
4121,0.6908237338066101
4122,0.3145771622657776
4123,0.8253706097602844
4124,0.6365582942962646
4125,0.646156370639801
4126,0.4225139319896698
4127,0.7877469062805176
4128,0.470830500125885
4129,0.7392897009849548
4130,0.529505729675293
4131,0.3873312771320343
4132,0.35961079597473145
4133,0.6799423098564148
4134,0.27091360092163086
4135,0.6924402117729187
4136,0.36442238092422485
4137,0.6276238560676575
4138,0.20753619074821472
4139,0.35290825366973877
4140,0.34035152196884155
4141,0.4428870975971222
4142,0.8034512996673584
4143,0.49068525433540344
4144,0.3062829077243805
4145,0.7027050256729126
4146,0.4713258147239685
4147,0.45699596405029297
4148,0.43849584460258484
4149,0.8099031448364258
4150,0.7367689609527588
4151,0.6752228736877441
4152,0.6804785132408142
4153,0.3664475083351135
4154,0.2367640733718872
4155,0.691386342048645
4156,0.7210421562194824
4157,0.5888597965240479
4158,0.4783267080783844
4159,0.5450150966644287
4160,0.27582019567489624
4161,0.481303870677948
4162,0.7058338522911072
4163,0.43322157859802246
4164,0.21327561140060425
4165,0.4534182548522949
4166,0.3893095850944519
4167,0.727318286895752
4168,0.35128170251846313
4169,0.6987741589546204
4170,0.18780489265918732
4171,0.4552799165248871
4172,0.7795506119728088
4173,0.5504983067512512
4174,0.4290914535522461
4175,0.5276609659194946
4176,0.43501055240631104
4177,0.41379716992378235
4178,0.4393143653869629
4179,0.2334507554769516
4180,0.8131011128425598
4181,0.42807623744010925
4182,0.7948841452598572
4183,0.5420056581497192
4184,0.4896894097328186
4185,0.21328803896903992
4186,0.735939085483551
4187,0.6954771876335144
4188,0.2008466124534607
4189,0.3004857897758484
4190,0.5265015363693237
4191,0.8165883421897888
4192,0.22474661469459534
4193,0.5078222155570984
4194,0.42501258850097656
4195,0.7868682146072388
4196,0.41557776927948
4197,0.5891878008842468
4198,0.38027429580688477
4199,0.5725635290145874
4200,0.6753109693527222
4201,0.5707579851150513
4202,0.4854218661785126
4203,0.4836638569831848
4204,0.22162488102912903
4205,0.6829153299331665
4206,0.3871303200721741
4207,0.7240638136863708
4208,0.51645827293396
4209,0.17915110290050507
4210,0.4001237750053406
4211,0.5280535817146301
4212,0.39544379711151123
4213,0.4176415801048279
4214,0.23388031125068665
4215,0.4480694830417633
4216,0.657151460647583
4217,0.29794585704803467
4218,0.47505566477775574
4219,0.5025232434272766
4220,0.5160382390022278
4221,0.3165026307106018
4222,0.23449259996414185
4223,0.5970776081085205
4224,0.7980890870094299
4225,0.3146727383136749
4226,0.3059607148170471
4227,0.5932750105857849
4228,0.8110200762748718
4229,0.4059930741786957
4230,0.44168606400489807
4231,0.173941969871521
4232,0.6187766790390015
4233,0.6200777888298035
4234,0.6285597681999207
4235,0.427705854177475
4236,0.4241407513618469
4237,0.4857272803783417
4238,0.4802488386631012
4239,0.6852689981460571
4240,0.6338667869567871
4241,0.8143619298934937
4242,0.6673610806465149
4243,0.4274615943431854
4244,0.6238641738891602
4245,0.711913526058197
4246,0.4223066568374634
4247,0.43085938692092896
4248,0.5078490376472473
4249,0.329733669757843
4250,0.4703061580657959
4251,0.792014479637146
4252,0.3689585030078888
4253,0.6149484515190125
4254,0.6242978572845459
4255,0.34025704860687256
4256,0.5287166833877563
4257,0.5590295195579529
4258,0.32812246680259705
4259,0.42680349946022034
4260,0.334133118391037
4261,0.6075205206871033
4262,0.410353422164917
4263,0.7596490383148193
4264,0.4577796161174774
4265,0.43410733342170715
4266,0.37134939432144165
4267,0.4983307421207428
4268,0.5037206411361694
4269,0.41768980026245117
4270,0.648792028427124
4271,0.309238076210022
4272,0.27011868357658386
4273,0.3764471411705017
4274,0.6763689517974854
4275,0.39044880867004395
4276,0.4505044221878052
4277,0.3000451624393463
4278,0.31843337416648865
4279,0.44990861415863037
4280,0.6167937517166138
4281,0.5990350842475891
4282,0.6195476055145264
4283,0.4258461594581604
4284,0.765588641166687
4285,0.4367049038410187
4286,0.5866168737411499
4287,0.7747538685798645
4288,0.4445011019706726
4289,0.7883220911026001
4290,0.5633583068847656
4291,0.2558172941207886
4292,0.8181679844856262
4293,0.6300386786460876
4294,0.42588552832603455
4295,0.6893367171287537
4296,0.4594881534576416
4297,0.2164999544620514
4298,0.41993600130081177
4299,0.5577062368392944
4300,0.4053862392902374
4301,0.5310171842575073
4302,0.6452500224113464
4303,0.7416900992393494
4304,0.36329856514930725
4305,0.419503778219223
4306,0.6459389328956604
4307,0.42482244968414307
4308,0.7080944776535034
4309,0.18834590911865234
4310,0.7148729562759399
4311,0.44535136222839355
4312,0.48096758127212524
4313,0.8102573752403259
4314,0.29319992661476135
4315,0.5695818662643433
4316,0.4240618050098419
4317,0.7715297341346741
4318,0.7074390053749084
4319,0.3564085364341736
4320,0.36420485377311707
4321,0.8093645572662354
4322,0.6499602198600769
4323,0.6457709074020386
4324,0.25524482131004333
4325,0.7894614338874817
4326,0.4994940757751465
4327,0.6227909326553345
4328,0.26697444915771484
4329,0.7869626879692078
4330,0.6701304912567139
4331,0.35666683316230774
4332,0.2857242822647095
4333,0.49919480085372925
4334,0.3495578169822693
4335,0.7060022950172424
4336,0.42167630791664124
4337,0.39288589358329773
4338,0.3389245569705963
4339,0.8239080905914307
4340,0.3652797341346741
4341,0.49672114849090576
4342,0.3649667799472809
4343,0.6764587759971619
4344,0.5995907783508301
4345,0.7881245613098145
4346,0.39229393005371094
4347,0.35344797372817993
4348,0.5478190183639526
4349,0.5091355443000793
4350,0.1991073191165924
4351,0.4281681180000305
4352,0.7950409054756165
4353,0.31927376985549927
4354,0.4734899401664734
4355,0.39677494764328003
4356,0.310057133436203
4357,0.7478114366531372
4358,0.7101876735687256
4359,0.7294191122055054
4360,0.5456658601760864
4361,0.4413608908653259
4362,0.41444113850593567
4363,0.4627363383769989
4364,0.6340166926383972
4365,0.3647155463695526
4366,0.40142250061035156
4367,0.45646703243255615
4368,0.19446757435798645
4369,0.3496556878089905
4370,0.5908467173576355
4371,0.6086848378181458
4372,0.38947027921676636
4373,0.3768773674964905
4374,0.3734932839870453
4375,0.6047127842903137
4376,0.22881631553173065
4377,0.3876083493232727
4378,0.4706268012523651
4379,0.6254266500473022
4380,0.4320419430732727
4381,0.6159543991088867
4382,0.3680380880832672
4383,0.19436506927013397
4384,0.21136417984962463
4385,0.544440507888794
4386,0.38350075483322144
4387,0.5582435131072998
4388,0.4268810451030731
4389,0.43140122294425964
4390,0.7921093106269836
4391,0.5528368949890137
4392,0.2547176480293274
4393,0.32863476872444153
4394,0.20136450231075287
4395,0.6619097590446472
4396,0.42295652627944946
4397,0.24296194314956665
4398,0.2981167435646057
4399,0.48913609981536865
4400,0.7823470234870911
4401,0.647721529006958
4402,0.7998682856559753
4403,0.8331243991851807
4404,0.4905227720737457
4405,0.21039634943008423
4406,0.7007174491882324
4407,0.2370259314775467
4408,0.439256489276886
4409,0.27548906207084656
4410,0.5500172972679138
4411,0.7027014493942261
4412,0.4808472990989685
4413,0.6078587770462036
4414,0.28606730699539185
4415,0.5342573523521423
4416,0.707658052444458
4417,0.5847605466842651
4418,0.6143504977226257
4419,0.5151791572570801
4420,0.7375643849372864
4421,0.7498003244400024
4422,0.550091564655304
4423,0.4111506938934326
4424,0.4780321717262268
4425,0.32972419261932373
4426,0.39154770970344543
4427,0.7091666460037231
4428,0.5388978719711304
4429,0.3742501139640808
4430,0.6107692122459412
4431,0.5500628352165222
4432,0.3464367985725403
4433,0.5014239549636841
4434,0.3919994831085205
4435,0.5054516196250916
4436,0.5999915599822998
4437,0.6665847897529602
4438,0.508587658405304
4439,0.6587735414505005
4440,0.5733087062835693
4441,0.42686590552330017
4442,0.20088540017604828
4443,0.2434617578983307
4444,0.41366928815841675
4445,0.5159170627593994
4446,0.46140342950820923
4447,0.8082282543182373
4448,0.7394717931747437
4449,0.41285091638565063
4450,0.58917236328125
4451,0.6352263689041138
4452,0.4723581075668335
4453,0.26585420966148376
4454,0.32786571979522705
4455,0.40829750895500183
4456,0.47114530205726624
4457,0.3309001326560974
4458,0.44893336296081543
4459,0.7744632959365845
4460,0.656073808670044
4461,0.530381441116333
4462,0.7694255709648132
4463,0.6494155526161194
4464,0.3066708445549011
4465,0.6158102750778198
4466,0.5897588729858398
4467,0.29037731885910034
4468,0.7824692726135254
4469,0.39574939012527466
4470,0.46556639671325684
4471,0.4199301302433014
4472,0.8465706706047058
4473,0.6725766658782959
4474,0.22104647755622864
4475,0.7823636531829834
4476,0.48361048102378845
4477,0.3902900815010071
4478,0.6738616228103638
4479,0.24521741271018982
4480,0.5974228978157043
4481,0.24005332589149475
4482,0.47590920329093933
4483,0.6806113123893738
4484,0.6102566719055176
4485,0.5032798051834106
4486,0.6310011744499207
4487,0.5837752819061279
4488,0.4127533435821533
4489,0.7780032753944397
4490,0.48832273483276367
4491,0.5029746890068054
4492,0.8231207132339478
4493,0.41651034355163574
4494,0.4595419466495514
4495,0.43404731154441833
4496,0.23316067457199097
4497,0.6384658217430115
4498,0.18025292456150055
4499,0.5616303086280823
4500,0.6962978839874268
4501,0.4804214835166931
4502,0.36144793033599854
4503,0.5953882932662964
4504,0.6718190312385559
4505,0.8254610896110535
4506,0.3436700105667114
4507,0.80855792760849
4508,0.24033209681510925
4509,0.2785640358924866
4510,0.5695342421531677
4511,0.4929642081260681
4512,0.8069899082183838
4513,0.691287636756897
4514,0.714540958404541
4515,0.25820982456207275
4516,0.41532111167907715
4517,0.4704292416572571
4518,0.6675916314125061
4519,0.5261584520339966
4520,0.6850929260253906
4521,0.447399377822876
4522,0.7523708343505859
4523,0.5040386915206909
4524,0.748335599899292
4525,0.6644975543022156
4526,0.6888933777809143
4527,0.5131820440292358
4528,0.7457566261291504
4529,0.8212348818778992
4530,0.5447832345962524
4531,0.46876537799835205
4532,0.3534526824951172
4533,0.44018054008483887
4534,0.24075394868850708
4535,0.36676061153411865
4536,0.4878472685813904
4537,0.5098628997802734
4538,0.35315048694610596
4539,0.48754042387008667
4540,0.3230542838573456
4541,0.4963526427745819
4542,0.8233547210693359
4543,0.45513713359832764
4544,0.4471076726913452
4545,0.4419897198677063
4546,0.3037109673023224
4547,0.28880470991134644
4548,0.49570029973983765
4549,0.42767977714538574
4550,0.8225143551826477
4551,0.4379812777042389
4552,0.3995891809463501
4553,0.4913214147090912
4554,0.2334362268447876
4555,0.4206443428993225
4556,0.5724865198135376
4557,0.3544897139072418
4558,0.3208182454109192
4559,0.36902058124542236
4560,0.6311406493186951
4561,0.4498191475868225
4562,0.4477981626987457
4563,0.3298293650150299
4564,0.7222636342048645
4565,0.26913008093833923
4566,0.25234562158584595
4567,0.47708407044410706
4568,0.4791058301925659
4569,0.30270180106163025
4570,0.1703953593969345
4571,0.5091422200202942
4572,0.7255923748016357
4573,0.4023677408695221
4574,0.2967703342437744
4575,0.797788143157959
4576,0.826795220375061
4577,0.3118901550769806
4578,0.42867574095726013
4579,0.20870931446552277
4580,0.42768943309783936
4581,0.3921966552734375
4582,0.44462254643440247
4583,0.18424096703529358
4584,0.6209596395492554
4585,0.22663514316082
4586,0.47765791416168213
4587,0.5194929838180542
4588,0.37373441457748413
4589,0.29515111446380615
4590,0.3915969133377075
4591,0.3878888785839081
4592,0.8025879263877869
4593,0.3224901556968689
4594,0.31884557008743286
4595,0.24895502626895905
4596,0.7649043202400208
4597,0.5513025522232056
4598,0.27354806661605835
4599,0.46555835008621216
4600,0.5145074129104614
4601,0.4632520079612732
4602,0.5641793012619019
4603,0.8110960721969604
4604,0.7770037651062012
4605,0.2810671925544739
4606,0.6654669642448425
4607,0.4651242196559906
4608,0.4253808856010437
4609,0.38582125306129456
4610,0.42229217290878296
4611,0.4229101538658142
4612,0.32322731614112854
4613,0.6925464272499084
4614,0.8153047561645508
4615,0.5123330354690552
4616,0.8092434406280518
4617,0.4967034161090851
4618,0.2180657982826233
4619,0.6052324771881104
4620,0.3284795880317688
4621,0.47532808780670166
4622,0.8136839866638184
4623,0.4058774411678314
4624,0.34922924637794495
4625,0.6153132319450378
4626,0.6526286602020264
4627,0.6168941259384155
4628,0.6447856426239014
4629,0.567261278629303
4630,0.6483563780784607
4631,0.6255514621734619
4632,0.4280979633331299
4633,0.26413410902023315
4634,0.6120687127113342
4635,0.4268006682395935
4636,0.2785698473453522
4637,0.539267897605896
4638,0.5124404430389404
4639,0.4328172206878662
4640,0.6671410799026489
4641,0.6018486022949219
4642,0.5605794191360474
4643,0.47957098484039307
4644,0.4690675437450409
4645,0.5355552434921265
4646,0.6907244324684143
4647,0.29271721839904785
4648,0.733148992061615
4649,0.6583924889564514
4650,0.37043818831443787
4651,0.245247945189476
4652,0.2188214659690857
4653,0.6443217992782593
4654,0.42259326577186584
4655,0.45632195472717285
4656,0.6180953979492188
4657,0.45934414863586426
4658,0.6374889612197876
4659,0.5234375
4660,0.43248581886291504
4661,0.2685706317424774
4662,0.458016037940979
4663,0.6072641015052795
4664,0.2086743861436844
4665,0.6898161172866821
4666,0.4167335629463196
4667,0.5548815131187439
4668,0.7574432492256165
4669,0.6457495093345642
4670,0.3201488256454468
4671,0.7404988408088684
4672,0.4428293704986572
4673,0.4738050103187561
4674,0.47488513588905334
4675,0.47478190064430237
4676,0.35601717233657837
4677,0.5727734565734863
4678,0.3069016635417938
4679,0.6093952655792236
4680,0.6866171956062317
4681,0.4333968162536621
4682,0.267500102519989
4683,0.40952372550964355
4684,0.42033880949020386
4685,0.4909811019897461
4686,0.3627176284790039
4687,0.2905907928943634
4688,0.6524268984794617
4689,0.695800244808197
4690,0.2164517641067505
4691,0.5566790699958801
4692,0.5287270545959473
4693,0.5070246458053589
4694,0.23115751147270203
4695,0.5543180704116821
4696,0.39413049817085266
4697,0.39534446597099304
4698,0.6082409620285034
4699,0.3825059235095978
4700,0.2327665388584137
4701,0.5076005458831787
4702,0.8001343011856079
4703,0.46848157048225403
4704,0.19406116008758545
4705,0.7439237236976624
4706,0.372185081243515
4707,0.500599205493927
4708,0.674498975276947
4709,0.3091336488723755
4710,0.284116268157959
4711,0.2626529335975647
4712,0.6483561396598816
4713,0.37219512462615967
4714,0.24015799164772034
4715,0.44627711176872253
4716,0.6692314147949219
4717,0.35885024070739746
4718,0.2866670787334442
4719,0.7861707806587219
4720,0.31900906562805176
4721,0.8220107555389404
4722,0.3290614187717438
4723,0.30596503615379333
4724,0.6119410991668701
4725,0.7137313485145569
4726,0.6489110589027405
4727,0.3170681297779083
4728,0.4464789628982544
4729,0.40329205989837646
4730,0.2996939420700073
4731,0.3773936629295349
4732,0.2056446373462677
4733,0.39452603459358215
4734,0.4164142310619354
4735,0.7521744966506958
4736,0.4523475766181946
4737,0.7877978086471558
4738,0.4448873996734619
4739,0.7936578989028931
4740,0.8266029357910156
4741,0.23666642606258392
4742,0.4563944935798645
4743,0.7007818222045898
4744,0.6551915407180786
4745,0.3032727539539337
4746,0.3901386857032776
4747,0.5283297300338745
4748,0.7382839322090149
4749,0.479779988527298
4750,0.41835927963256836
4751,0.39666521549224854
4752,0.49200329184532166
4753,0.2215622514486313
4754,0.6522454619407654
4755,0.49021950364112854
4756,0.3192387521266937
4757,0.49024951457977295
4758,0.20788969099521637
4759,0.8071187138557434
4760,0.6406448483467102
4761,0.46740493178367615
4762,0.6390026807785034
4763,0.5452255606651306
4764,0.2783040404319763
4765,0.17933012545108795
4766,0.30435454845428467
4767,0.6702874302864075
4768,0.6409505605697632
4769,0.2868737280368805
4770,0.27160465717315674
4771,0.6979448199272156
4772,0.46929872035980225
4773,0.502509355545044
4774,0.40625929832458496
4775,0.5533789992332458
4776,0.7228170037269592
4777,0.6803649067878723
4778,0.6893724799156189
4779,0.6831644177436829
4780,0.4613325893878937
4781,0.4111660122871399
4782,0.6590134501457214
4783,0.4146261215209961
4784,0.21335217356681824
4785,0.6563198566436768
4786,0.3708532452583313
4787,0.3104667067527771
4788,0.7179480791091919
4789,0.5534778833389282
4790,0.4456818699836731
4791,0.2993636429309845
4792,0.43466779589653015
4793,0.3747657239437103
4794,0.6601008176803589
4795,0.7746006846427917
4796,0.7695968747138977
4797,0.40510666370391846
4798,0.45891135931015015
4799,0.2434680461883545
4800,0.5580620169639587
4801,0.8104993104934692
4802,0.7920169234275818
4803,0.3202095925807953
4804,0.5282177329063416
4805,0.5863534808158875
4806,0.4534880816936493
4807,0.4870215952396393
4808,0.7317741513252258
4809,0.3464111089706421
4810,0.5967788100242615
4811,0.3657607436180115
4812,0.5200305581092834
4813,0.446072518825531
4814,0.5016783475875854
4815,0.5554991364479065
4816,0.2692718505859375
4817,0.382766455411911
4818,0.3494928479194641
4819,0.2886829674243927
4820,0.6307447552680969
4821,0.6817323565483093
4822,0.247175395488739
4823,0.6710838079452515
4824,0.5568903088569641
4825,0.5665021538734436
4826,0.7366066575050354
4827,0.39801523089408875
4828,0.4471464455127716
4829,0.45369261503219604
4830,0.4520131051540375
4831,0.632925271987915
4832,0.4037776291370392
4833,0.5214120149612427
4834,0.3126647472381592
4835,0.6648880243301392
4836,0.3652550280094147
4837,0.46175068616867065
4838,0.4448238015174866
4839,0.6132704615592957
4840,0.35930943489074707
4841,0.33129218220710754
4842,0.4609490633010864
4843,0.6193475723266602
4844,0.44092297554016113
4845,0.3532646894454956
4846,0.22013071179389954
4847,0.23053231835365295
4848,0.6394806504249573
4849,0.43561914563179016
4850,0.800432562828064
4851,0.252873033285141
4852,0.4777851104736328
4853,0.4179164469242096
4854,0.4157389998435974
4855,0.4118092358112335
4856,0.4463357925415039
4857,0.38198423385620117
4858,0.5894082188606262
4859,0.7167069315910339
4860,0.5259702801704407
4861,0.18775245547294617
4862,0.22235441207885742
4863,0.2038828283548355
4864,0.28428682684898376
4865,0.8072211742401123
4866,0.4510990083217621
4867,0.224532812833786
4868,0.42459720373153687
4869,0.49774280190467834
4870,0.32067930698394775
4871,0.6643210053443909
4872,0.746345579624176
4873,0.3584866225719452
4874,0.4553268849849701
4875,0.5517286062240601
4876,0.2764712870121002
4877,0.7430996894836426
4878,0.28035247325897217
4879,0.6320022344589233
4880,0.4690916836261749
4881,0.4064342677593231
4882,0.3134368360042572
4883,0.8025857210159302
4884,0.7482499480247498
4885,0.3449850082397461
4886,0.5851094126701355
4887,0.6151077151298523
4888,0.410836398601532
4889,0.5003882646560669
4890,0.5317180156707764
4891,0.452442467212677
4892,0.21662411093711853
4893,0.42026615142822266
4894,0.19927984476089478
4895,0.3420315086841583
4896,0.5594711303710938
4897,0.4316982328891754
4898,0.3566986322402954
4899,0.28627482056617737
4900,0.6803143620491028
4901,0.5004526376724243
4902,0.3552337884902954
4903,0.41448330879211426
4904,0.31191420555114746
4905,0.23775392770767212
4906,0.6214250326156616
4907,0.3545691967010498
4908,0.6618155241012573
4909,0.4058755040168762
4910,0.4566853642463684
4911,0.7054703235626221
4912,0.7976701855659485
4913,0.4338972270488739
4914,0.4928366541862488
4915,0.5807920694351196
4916,0.6481084823608398
4917,0.21911248564720154
4918,0.5401318669319153
4919,0.584454357624054
4920,0.6641078591346741
4921,0.48194414377212524
4922,0.42368263006210327
4923,0.41685599088668823
4924,0.21955396234989166
4925,0.4666883051395416
4926,0.415671706199646
4927,0.6293790936470032
4928,0.283915638923645
4929,0.5319868326187134
4930,0.6820895075798035
4931,0.4691373407840729
4932,0.42384272813796997
4933,0.4652397036552429
4934,0.43745696544647217
4935,0.7971888184547424
4936,0.7542222738265991
4937,0.7631452679634094
4938,0.44801002740859985
4939,0.624920129776001
4940,0.4278005361557007
4941,0.5269498825073242
4942,0.7489660978317261
4943,0.5024968981742859
4944,0.7867996692657471
4945,0.5398694276809692
4946,0.2583558261394501
4947,0.4004414975643158
4948,0.37517958879470825
4949,0.42502301931381226
4950,0.6047438979148865
4951,0.6889345645904541
4952,0.40325161814689636
4953,0.3424781858921051
4954,0.2623644173145294
4955,0.4415004551410675
4956,0.33852335810661316
4957,0.4674304127693176
4958,0.6078382134437561
4959,0.4135723114013672
4960,0.5637236833572388
4961,0.42569050192832947
4962,0.5839492082595825
4963,0.41814303398132324
4964,0.4414607882499695
4965,0.3638893663883209
4966,0.8328278660774231
4967,0.4483485817909241
4968,0.7334292531013489
4969,0.4231078326702118
4970,0.3966670334339142
4971,0.7824285626411438
4972,0.39667537808418274
4973,0.22171851992607117
4974,0.49628299474716187
4975,0.46583378314971924
4976,0.44297653436660767
4977,0.7764406800270081
4978,0.7090309858322144
4979,0.756737470626831
4980,0.2553262412548065
4981,0.583714485168457
4982,0.36147168278694153
4983,0.7550287246704102
4984,0.6274275779724121
4985,0.7053043842315674
4986,0.4121510982513428
4987,0.8168091177940369
4988,0.3349491357803345
4989,0.20529936254024506
4990,0.5976756811141968
4991,0.2967885732650757
4992,0.5875351428985596
4993,0.5192373991012573
4994,0.3944680690765381
4995,0.3428412973880768
4996,0.1635977029800415
4997,0.7026206851005554
4998,0.49296027421951294
4999,0.8287106156349182
5000,0.25779563188552856
5001,0.5697479844093323
5002,0.6533297300338745
5003,0.4586276710033417
5004,0.22319623827934265
5005,0.3779087960720062
5006,0.6285744309425354
5007,0.3134819567203522
5008,0.47948718070983887
5009,0.6733410954475403
5010,0.4580790400505066
5011,0.7508066296577454
5012,0.48807722330093384
5013,0.6427909731864929
5014,0.2540249228477478
5015,0.4395737648010254
5016,0.4343579113483429
5017,0.24354469776153564
5018,0.21336254477500916
5019,0.2690703272819519
5020,0.7465885281562805
5021,0.4124052822589874
5022,0.3781781792640686
5023,0.43358883261680603
5024,0.7502605319023132
5025,0.5335450768470764
5026,0.6451618671417236
5027,0.6965672373771667
5028,0.6778086423873901
5029,0.40747398138046265
5030,0.5307518243789673
5031,0.3045389652252197
5032,0.6736645698547363
5033,0.4630172848701477
5034,0.6497762203216553
5035,0.3787388205528259
5036,0.3413724899291992
5037,0.8062506318092346
5038,0.328238844871521
5039,0.4766461253166199
5040,0.7178694009780884
5041,0.6135861277580261
5042,0.4518861174583435
5043,0.5843446850776672
5044,0.6474463939666748
5045,0.4843805432319641
5046,0.36711782217025757
5047,0.44763273000717163
5048,0.4126870334148407
5049,0.6586816906929016
5050,0.21292145550251007
5051,0.30128711462020874
5052,0.40371304750442505
5053,0.4341186285018921
5054,0.6450612545013428
5055,0.4434594511985779
5056,0.2571690082550049
5057,0.3566366136074066
5058,0.205463707447052
5059,0.4375019073486328
5060,0.814004123210907
5061,0.624011754989624
5062,0.33676451444625854
5063,0.27116692066192627
5064,0.6661584377288818
5065,0.3670181632041931
5066,0.3635105788707733
5067,0.8236685991287231
5068,0.4423312842845917
5069,0.6156004667282104
5070,0.4104619026184082
5071,0.7172510027885437
5072,0.5595600605010986
5073,0.631902813911438
5074,0.5031366348266602
5075,0.4522936940193176
5076,0.7791768908500671
5077,0.653509795665741
5078,0.6042770743370056
5079,0.2769342362880707
5080,0.23024171590805054
5081,0.46014168858528137
5082,0.46107834577560425
5083,0.7478450536727905
5084,0.4035027027130127
5085,0.5386136770248413
5086,0.3775784969329834
5087,0.7691671848297119
5088,0.4374164640903473
5089,0.26040852069854736
5090,0.4181370139122009
5091,0.4860142469406128
5092,0.5670211315155029
5093,0.5623699426651001
5094,0.6721519827842712
5095,0.34399959444999695
5096,0.46518826484680176
5097,0.6487123966217041
5098,0.6913190484046936
5099,0.42671680450439453
5100,0.3663000464439392
5101,0.6333228349685669
5102,0.47409290075302124
5103,0.5191407799720764
5104,0.557881236076355
5105,0.2228190004825592
5106,0.627729594707489
5107,0.29721975326538086
5108,0.5555766224861145
5109,0.3662968873977661
5110,0.4166800379753113
5111,0.31756705045700073
5112,0.44999873638153076
5113,0.48123812675476074
5114,0.2846868336200714
5115,0.6782653331756592
5116,0.5815459489822388
5117,0.2982136011123657
5118,0.5199899077415466
5119,0.46504098176956177
5120,0.5963312983512878
5121,0.8249759078025818
5122,0.7609057426452637
5123,0.6166386008262634
5124,0.49061858654022217
5125,0.39513856172561646
5126,0.7835454940795898
5127,0.29516950249671936
5128,0.7680332064628601
5129,0.49173641204833984
5130,0.7625187635421753
5131,0.4764988124370575
5132,0.6599245071411133
5133,0.5237400531768799
5134,0.44285809993743896
5135,0.7060678601264954
5136,0.6498367786407471
5137,0.3078218400478363
5138,0.4789403975009918
5139,0.7661526203155518
5140,0.6818509697914124
5141,0.7933452129364014
5142,0.41161710023880005
5143,0.6302845478057861
5144,0.21067792177200317
5145,0.7013537287712097
5146,0.5409894585609436
5147,0.7285271286964417
5148,0.4559389650821686
5149,0.782589316368103
5150,0.733837366104126
5151,0.7051908373832703
5152,0.20034514367580414
5153,0.4591992199420929
5154,0.19818124175071716
5155,0.5244541168212891
5156,0.3251199722290039
5157,0.5425682067871094
5158,0.7418718934059143
5159,0.359735369682312
5160,0.6086286902427673
5161,0.7937647104263306
5162,0.214684396982193
5163,0.43836110830307007
5164,0.4344624876976013
5165,0.4500829875469208
5166,0.4230913519859314
5167,0.49013978242874146
5168,0.7825742959976196
5169,0.43170619010925293
5170,0.5906328558921814
5171,0.27932170033454895
5172,0.5029310584068298
5173,0.6504472494125366
5174,0.6243090629577637
5175,0.49494925141334534
5176,0.29424750804901123
5177,0.4722789525985718
5178,0.8222096562385559
5179,0.3684830665588379
5180,0.37587037682533264
5181,0.5671766996383667
5182,0.7657170295715332
5183,0.37873438000679016
5184,0.48561614751815796
5185,0.8136903643608093
5186,0.7813876867294312
5187,0.4265422224998474
5188,0.7956398129463196
5189,0.2734282910823822
5190,0.6219184398651123
5191,0.6710084676742554
5192,0.2705429196357727
5193,0.4441525936126709
5194,0.27084222435951233
5195,0.35964131355285645
5196,0.18766500055789948
5197,0.5363067388534546
5198,0.36614781618118286
5199,0.4764207899570465
5200,0.6606283783912659
5201,0.45257696509361267
5202,0.3706703186035156
5203,0.3064707815647125
5204,0.2464335560798645
5205,0.8187695741653442
5206,0.41420650482177734
5207,0.5583441853523254
5208,0.6767997741699219
5209,0.22220644354820251
5210,0.4092918038368225
5211,0.4328077435493469
5212,0.8387374877929688
5213,0.6677225232124329
5214,0.24533557891845703
5215,0.5912609100341797
5216,0.7539570331573486
5217,0.2952674627304077
5218,0.6007442474365234
5219,0.6715720891952515
5220,0.28622302412986755
5221,0.4584352970123291
5222,0.8243355751037598
5223,0.3187607526779175
5224,0.42174190282821655
5225,0.357239305973053
5226,0.4148353636264801
5227,0.623742938041687
5228,0.7251350283622742
5229,0.21235284209251404
5230,0.7080175876617432
5231,0.5952407717704773
5232,0.48362019658088684
5233,0.6178742051124573
5234,0.24735163152217865
5235,0.5810911059379578
5236,0.42770886421203613
5237,0.7683296203613281
5238,0.6628795266151428
5239,0.5894521474838257
5240,0.44395896792411804
5241,0.5709325671195984
5242,0.7351459264755249
5243,0.5714340806007385
5244,0.39770641922950745
5245,0.47664642333984375
5246,0.24139995872974396
5247,0.5715437531471252
5248,0.30589964985847473
5249,0.3839349150657654
5250,0.7291243672370911
5251,0.23196041584014893
5252,0.39914122223854065
5253,0.6208844184875488
5254,0.7142763137817383
5255,0.3865309953689575
5256,0.7691055536270142
5257,0.4709736704826355
5258,0.6740097999572754
5259,0.22027873992919922
5260,0.37391120195388794
5261,0.6827190518379211
5262,0.24870774149894714
5263,0.4262744188308716
5264,0.3949461281299591
5265,0.22155217826366425
5266,0.5653882622718811
5267,0.33462226390838623
5268,0.4710356891155243
5269,0.598586916923523
5270,0.8233332633972168
5271,0.5412366390228271
5272,0.5727849006652832
5273,0.22827725112438202
5274,0.796735405921936
5275,0.23821260035037994
5276,0.7485374808311462
5277,0.779751181602478
5278,0.6898061633110046
5279,0.5999867916107178
5280,0.36952605843544006
5281,0.5159977674484253
5282,0.44621554017066956
5283,0.7466334104537964
5284,0.34520262479782104
5285,0.3687405586242676
5286,0.703422486782074
5287,0.461652010679245
5288,0.6051000952720642
5289,0.8106552958488464
5290,0.394887238740921
5291,0.3339862823486328
5292,0.6501619219779968
5293,0.6656014323234558
5294,0.2300926148891449
5295,0.6279863715171814
5296,0.8156344294548035
5297,0.6454934477806091
5298,0.32244837284088135
5299,0.6375872492790222
5300,0.6738167405128479
5301,0.19471563398838043
5302,0.6787720918655396
5303,0.4560873210430145
5304,0.4300704300403595
5305,0.7443740963935852
5306,0.41295015811920166
5307,0.29118284583091736
5308,0.5215001702308655
5309,0.7879102826118469
5310,0.6010512113571167
5311,0.4018377959728241
5312,0.5476093888282776
5313,0.3948674499988556
5314,0.20641940832138062
5315,0.42471933364868164
5316,0.7216517925262451
5317,0.4093763828277588
5318,0.27229785919189453
5319,0.4473465085029602
5320,0.6372504234313965
5321,0.5953469276428223
5322,0.7549606561660767
5323,0.7859929800033569
5324,0.4478173553943634
5325,0.5015905499458313
5326,0.34689146280288696
5327,0.6658608913421631
5328,0.8218259215354919
5329,0.5164419412612915
5330,0.5806818604469299
5331,0.3661435544490814
5332,0.18349722027778625
5333,0.4998038411140442
5334,0.43927672505378723
5335,0.2986426055431366
5336,0.7647151947021484
5337,0.231296107172966
5338,0.4224953353404999
5339,0.7954805493354797
5340,0.47413602471351624
5341,0.40302586555480957
5342,0.3340188264846802
5343,0.40705960988998413
5344,0.6388060450553894
5345,0.3897773027420044
5346,0.40740248560905457
5347,0.4444946348667145
5348,0.2167394459247589
5349,0.486603319644928
5350,0.38799670338630676
5351,0.4434491693973541
5352,0.5779743790626526
5353,0.4105338752269745
5354,0.24187085032463074
5355,0.4132439196109772
5356,0.42388445138931274
5357,0.5870516300201416
5358,0.4305187463760376
5359,0.4607943892478943
5360,0.38127031922340393
5361,0.597737193107605
5362,0.5596191883087158
5363,0.44485655426979065
5364,0.4409255087375641
5365,0.7124859690666199
5366,0.679190993309021
5367,0.41487446427345276
5368,0.40548446774482727
5369,0.6719390749931335
5370,0.6164048314094543
5371,0.40300098061561584
5372,0.4863004684448242
5373,0.31518909335136414
5374,0.4176178574562073
5375,0.6229293346405029
5376,0.4060155749320984
5377,0.5032854676246643
5378,0.7804949879646301
5379,0.4017925262451172
5380,0.2277316451072693
5381,0.41371092200279236
5382,0.7667956352233887
5383,0.29716673493385315
5384,0.6205590963363647
5385,0.27503466606140137
5386,0.7764620184898376
5387,0.7295176982879639
5388,0.48135191202163696
5389,0.4544352889060974
5390,0.5814302563667297
5391,0.8049218654632568
5392,0.7096776366233826
5393,0.6586490869522095
5394,0.7806643843650818
5395,0.2350701540708542
5396,0.6871601343154907
5397,0.2079770863056183
5398,0.4858703315258026
5399,0.5201855897903442
5400,0.538480818271637
5401,0.4270355701446533
5402,0.42239436507225037
5403,0.2800755500793457
5404,0.29420602321624756
5405,0.3502340614795685
5406,0.5833128690719604
5407,0.6443711519241333
5408,0.44602170586586
5409,0.5575698018074036
5410,0.7047150135040283
5411,0.5476757884025574
5412,0.810708224773407
5413,0.31491419672966003
5414,0.41509175300598145
5415,0.7728626132011414
5416,0.2807917594909668
5417,0.7527862787246704
5418,0.6281082630157471
5419,0.4425170421600342
5420,0.47520911693573
5421,0.3742501735687256
5422,0.6483747959136963
5423,0.37425053119659424
5424,0.2867410182952881
5425,0.4235852360725403
5426,0.6726847887039185
5427,0.7166112065315247
5428,0.45504337549209595
5429,0.8130276799201965
5430,0.5930315256118774
5431,0.4745163321495056
5432,0.7246857285499573
5433,0.6217088103294373
5434,0.5181795358657837
5435,0.6664231419563293
5436,0.267524778842926
5437,0.4529567360877991
5438,0.42489656805992126
5439,0.3965400457382202
5440,0.8312970995903015
5441,0.2470259964466095
5442,0.26920580863952637
5443,0.46929505467414856
5444,0.24079947173595428
5445,0.43028387427330017
5446,0.3690071702003479
5447,0.6991520524024963
5448,0.17115545272827148
5449,0.4086820185184479
5450,0.4933847188949585
5451,0.5468287467956543
5452,0.7610161900520325
5453,0.6351655721664429
5454,0.31055188179016113
5455,0.6649667024612427
5456,0.4143681824207306
5457,0.3682030737400055
5458,0.7323706150054932
5459,0.5690727233886719
5460,0.49652135372161865
5461,0.5381432771682739
5462,0.6356726288795471
5463,0.7743813395500183
5464,0.6749140620231628
5465,0.5093214511871338
5466,0.2891171872615814
5467,0.3468707203865051
5468,0.4266854226589203
5469,0.6321240663528442
5470,0.5283253788948059
5471,0.7444291114807129
5472,0.6644512414932251
5473,0.2698832154273987
5474,0.53996342420578
5475,0.4508104920387268
5476,0.7219827175140381
5477,0.7894373536109924
5478,0.410271555185318
5479,0.7661287188529968
5480,0.3954281806945801
5481,0.5732531547546387
5482,0.5828866362571716
5483,0.4264540672302246
5484,0.4214591681957245
5485,0.33959347009658813
5486,0.39414411783218384
5487,0.6470974087715149
5488,0.6402172446250916
5489,0.2805060148239136
5490,0.3109670579433441
5491,0.5025383830070496
5492,0.6009818315505981
5493,0.5018078684806824
5494,0.42177116870880127
5495,0.5101555585861206
5496,0.6204450130462646
5497,0.6978700757026672
5498,0.4250414967536926
5499,0.3753978908061981
5500,0.3438419699668884
5501,0.29672372341156006
5502,0.3655018210411072
5503,0.4150930941104889
5504,0.7611956000328064
5505,0.5756909847259521
5506,0.25093692541122437
5507,0.4621219336986542
5508,0.46421489119529724
5509,0.5483295321464539
5510,0.6026571393013
5511,0.32512110471725464
5512,0.33028408885002136
5513,0.8051883578300476
5514,0.4354131519794464
5515,0.6517958045005798
5516,0.4166382849216461
5517,0.5495529174804688
5518,0.3673923909664154
5519,0.43454787135124207
5520,0.45087647438049316
5521,0.24588802456855774
5522,0.529563307762146
5523,0.3639296293258667
5524,0.4840342700481415
5525,0.3336109220981598
5526,0.6530384421348572
5527,0.4786820411682129
5528,0.5881587862968445
5529,0.5257592797279358
5530,0.36416471004486084
5531,0.4286198616027832
5532,0.8251040577888489
5533,0.20319736003875732
5534,0.6102054715156555
5535,0.6234530806541443
5536,0.43214988708496094
5537,0.42241230607032776
5538,0.41718927025794983
5539,0.36465492844581604
5540,0.5487136840820312
5541,0.502275824546814
5542,0.30528637766838074
5543,0.7739121913909912
5544,0.39145874977111816
5545,0.48145461082458496
5546,0.8236199617385864
5547,0.40290698409080505
5548,0.41656485199928284
5549,0.7122460603713989
5550,0.5991531014442444
5551,0.22513018548488617
5552,0.5981908440589905
5553,0.4489371180534363
5554,0.5233767032623291
5555,0.45801663398742676
5556,0.4543715715408325
5557,0.6875140070915222
5558,0.44366589188575745
5559,0.4770779609680176
5560,0.6730385422706604
5561,0.8194684386253357
5562,0.4104229211807251
5563,0.22308138012886047
5564,0.43929558992385864
5565,0.5012866258621216
5566,0.8039383888244629
5567,0.2529090940952301
5568,0.4558088183403015
5569,0.8336443901062012
5570,0.6984684467315674
5571,0.8034720420837402
5572,0.5642862915992737
5573,0.34376367926597595
5574,0.6608847379684448
5575,0.3980867266654968
5576,0.40836817026138306
5577,0.3372613787651062
5578,0.40807539224624634
5579,0.4077836275100708
5580,0.28391033411026
5581,0.6830011606216431
5582,0.4392225742340088
5583,0.3755806088447571
5584,0.6316690444946289
5585,0.486532598733902
5586,0.28600603342056274
5587,0.7168471217155457
5588,0.530122697353363
5589,0.7812814116477966
5590,0.27218231558799744
5591,0.44625523686408997
5592,0.20392131805419922
5593,0.36711937189102173
5594,0.6394447088241577
5595,0.3754125237464905
5596,0.6935035586357117
5597,0.20956408977508545
5598,0.5628869533538818
5599,0.7564398050308228
5600,0.4347362816333771
5601,0.4744843542575836
5602,0.4988700747489929
5603,0.40605151653289795
5604,0.4312663674354553
5605,0.5340821146965027
5606,0.4630340337753296
5607,0.27847838401794434
5608,0.20287322998046875
5609,0.7711319327354431
5610,0.4011954665184021
5611,0.4602122902870178
5612,0.4837820529937744
5613,0.1962052881717682
5614,0.6188748478889465
5615,0.5784801840782166
5616,0.3375434875488281
5617,0.46128612756729126
5618,0.3874393403530121
5619,0.22928278148174286
5620,0.23707342147827148
5621,0.36909109354019165
5622,0.21122127771377563
5623,0.6798298358917236
5624,0.6264135241508484
5625,0.2778446078300476
5626,0.49961674213409424
5627,0.8193061351776123
5628,0.6640028357505798
5629,0.7073307037353516
5630,0.6488263010978699
5631,0.2820066213607788
5632,0.6183883547782898
5633,0.3317442536354065
5634,0.8211816549301147
5635,0.2627422511577606
5636,0.5157756805419922
5637,0.5460911393165588
5638,0.544824481010437
5639,0.5370917916297913
5640,0.3814890384674072
5641,0.465143084526062
5642,0.7219228148460388
5643,0.45207178592681885
5644,0.23887553811073303
5645,0.3701077699661255
5646,0.2361985445022583
5647,0.33233708143234253
5648,0.37598204612731934
5649,0.49568191170692444
5650,0.8110738396644592
5651,0.24167853593826294
5652,0.8024076819419861
5653,0.28608086705207825
5654,0.806789755821228
5655,0.5259714722633362
5656,0.2531623840332031
5657,0.5541980266571045
5658,0.2678794860839844
5659,0.6174777746200562
5660,0.8088495135307312
5661,0.2656340003013611
5662,0.1608051359653473
5663,0.42601850628852844
5664,0.6784040927886963
5665,0.41589590907096863
5666,0.4332166612148285
5667,0.22215232253074646
5668,0.2678050994873047
5669,0.7102391719818115
5670,0.45775970816612244
5671,0.5643647909164429
5672,0.506776750087738
5673,0.4283299446105957
5674,0.40572038292884827
5675,0.7904132604598999
5676,0.4133610725402832
5677,0.5539500713348389
5678,0.35091936588287354
5679,0.3283277153968811
5680,0.5095577239990234
5681,0.4390704035758972
5682,0.310285359621048
5683,0.7670332193374634
5684,0.33351483941078186
5685,0.6194263696670532
5686,0.36918848752975464
5687,0.48127371072769165
5688,0.7159233689308167
5689,0.2977989614009857
5690,0.39281877875328064
5691,0.7204349040985107
5692,0.19425858557224274
5693,0.4484297037124634
5694,0.6030066609382629
5695,0.31470948457717896
5696,0.41052770614624023
5697,0.4831252694129944
5698,0.2388804852962494
5699,0.650414228439331
5700,0.5388598442077637
5701,0.7062418460845947
5702,0.4412737190723419
5703,0.4917562007904053
5704,0.6151297092437744
5705,0.5435855984687805
5706,0.3845241069793701
5707,0.4848775565624237
5708,0.4115985035896301
5709,0.2223239243030548
5710,0.5264441967010498
5711,0.2970585227012634
5712,0.4464460611343384
5713,0.4394950866699219
5714,0.5151176452636719
5715,0.41610080003738403
5716,0.8080185651779175
5717,0.6471681594848633
5718,0.820216178894043
5719,0.4128486216068268
5720,0.5280789136886597
5721,0.4405271112918854
5722,0.45639294385910034
5723,0.5991955399513245
5724,0.33527863025665283
5725,0.25830382108688354
5726,0.7134786248207092
5727,0.6692970395088196
5728,0.3402073383331299
5729,0.19809867441654205
5730,0.3703009784221649
5731,0.6013517379760742
5732,0.3494848608970642
5733,0.3891146779060364
5734,0.8179960250854492
5735,0.45866096019744873
5736,0.3255707621574402
5737,0.46776896715164185
5738,0.5950526595115662
5739,0.35170042514801025
5740,0.3095147907733917
5741,0.40945369005203247
5742,0.5040655136108398
5743,0.34449151158332825
5744,0.4225677251815796
5745,0.47032788395881653
5746,0.38268962502479553
5747,0.23063045740127563
5748,0.4078376889228821
5749,0.6872556209564209
5750,0.8143299221992493
5751,0.25247880816459656
5752,0.2617831230163574
5753,0.2804330885410309
5754,0.27730101346969604
5755,0.458685964345932
5756,0.6146852374076843
5757,0.7717748880386353
5758,0.365226149559021
5759,0.5601953268051147
5760,0.6123166680335999
5761,0.7162202000617981
5762,0.4089045226573944
5763,0.2372717410326004
5764,0.2138998657464981
5765,0.5249634385108948
5766,0.4554184675216675
5767,0.3533971905708313
5768,0.6397605538368225
5769,0.38929373025894165
5770,0.7889265418052673
5771,0.4256743788719177
5772,0.80223149061203
5773,0.5059195756912231
5774,0.2540604770183563
5775,0.7098733186721802
5776,0.8312433958053589
5777,0.4185490906238556
5778,0.40080058574676514
5779,0.36132049560546875
5780,0.2867450714111328
5781,0.6421085000038147
5782,0.6611007452011108
5783,0.3153759837150574
5784,0.4601428210735321
5785,0.4500041604042053
5786,0.5187034010887146
5787,0.1948695182800293
5788,0.4582412838935852
5789,0.45837268233299255
5790,0.6268340349197388
5791,0.2231469452381134
5792,0.41626864671707153
5793,0.43988725543022156
5794,0.7828220129013062
5795,0.44433116912841797
5796,0.6320011019706726
5797,0.8227827548980713
5798,0.44518589973449707
5799,0.2923121154308319
5800,0.4446936249732971
5801,0.43150681257247925
5802,0.2505374848842621
5803,0.2871835231781006
5804,0.7384331822395325
5805,0.641177237033844
5806,0.3406296372413635
5807,0.4921382665634155
5808,0.31190988421440125
5809,0.5696561932563782
5810,0.42178910970687866
5811,0.5156803131103516
5812,0.5264536738395691
5813,0.7121373414993286
5814,0.6150406002998352
5815,0.4451582133769989
5816,0.533183753490448
5817,0.27825310826301575
5818,0.36850714683532715
5819,0.7880753874778748
5820,0.6918877959251404
5821,0.44039785861968994
5822,0.4654577374458313
5823,0.4831480085849762
5824,0.3900555968284607
5825,0.665757954120636
5826,0.3590877056121826
5827,0.28927603363990784
5828,0.43170106410980225
5829,0.448948472738266
5830,0.47221511602401733
5831,0.41666483879089355
5832,0.2257285863161087
5833,0.6341568827629089
5834,0.4757726490497589
5835,0.24325555562973022
5836,0.3890400826931
5837,0.2747565507888794
5838,0.42137518525123596
5839,0.5829857587814331
5840,0.6189252138137817
5841,0.6488017439842224
5842,0.37215375900268555
5843,0.5155608057975769
5844,0.47428062558174133
5845,0.30400484800338745
5846,0.6800740361213684
5847,0.6523539423942566
5848,0.3623524308204651
5849,0.4360486567020416
5850,0.38231799006462097
5851,0.6967263221740723
5852,0.8237276077270508
5853,0.2972448766231537
5854,0.425087034702301
5855,0.2744734287261963
5856,0.740785539150238
5857,0.5806817412376404
5858,0.510451078414917
5859,0.785942792892456
5860,0.29815155267715454
5861,0.43451830744743347
5862,0.7000477313995361
5863,0.696677029132843
5864,0.22647356986999512
5865,0.2530582845211029
5866,0.815115213394165
5867,0.6215857267379761
5868,0.4420560896396637
5869,0.8272868990898132
5870,0.5412842631340027
5871,0.6045373678207397
5872,0.6482816338539124
5873,0.22577892243862152
5874,0.4195822477340698
5875,0.8063353300094604
5876,0.7247690558433533
5877,0.648592472076416
5878,0.47118544578552246
5879,0.2551570534706116
5880,0.7506089806556702
5881,0.5196259021759033
5882,0.4141945242881775
5883,0.3758963346481323
5884,0.3889463245868683
5885,0.4729929566383362
5886,0.5376954078674316
5887,0.2824746370315552
5888,0.5525262951850891
5889,0.7817674875259399
5890,0.83357173204422
5891,0.4307827353477478
5892,0.47899338603019714
5893,0.7972816824913025
5894,0.3048338294029236
5895,0.593733549118042
5896,0.784105658531189
5897,0.226459801197052
5898,0.5769394636154175
5899,0.2079496532678604
5900,0.451362669467926
5901,0.6941318511962891
5902,0.3300291895866394
5903,0.23035727441310883
5904,0.3078446388244629
5905,0.28399425745010376
5906,0.5048619508743286
5907,0.6920602321624756
5908,0.3928583860397339
5909,0.44999921321868896
5910,0.39325857162475586
5911,0.6369000673294067
5912,0.6674195528030396
5913,0.2841857075691223
5914,0.2002023160457611
5915,0.7183341979980469
5916,0.40069517493247986
5917,0.5308735370635986
5918,0.6623722314834595
5919,0.4496930241584778
5920,0.32393255829811096
5921,0.4617815315723419
5922,0.21827903389930725
5923,0.4500510096549988
5924,0.44338616728782654
5925,0.6241170763969421
5926,0.4969813823699951
5927,0.30110815167427063
5928,0.5071385502815247
5929,0.6461469531059265
5930,0.662569522857666
5931,0.6954877972602844
5932,0.45822566747665405
5933,0.18032771348953247
5934,0.6214495897293091
5935,0.8031132817268372
5936,0.6884866952896118
5937,0.2835085093975067
5938,0.8207074999809265
5939,0.4047483801841736
5940,0.6851577758789062
5941,0.7024791240692139
5942,0.6538552641868591
5943,0.6137576103210449
5944,0.5837015509605408
5945,0.4276045262813568
5946,0.23060378432273865
5947,0.366819828748703
5948,0.5842443108558655
5949,0.6556806564331055
5950,0.6670753359794617
5951,0.8058515787124634
5952,0.69620680809021
5953,0.4840371608734131
5954,0.4558197259902954
5955,0.18527795374393463
5956,0.42087119817733765
5957,0.2917972505092621
5958,0.5169219374656677
5959,0.8017582893371582
5960,0.4581577777862549
5961,0.3862765431404114
5962,0.4216077923774719
5963,0.4572857618331909
5964,0.3236703872680664
5965,0.36093202233314514
5966,0.7022149562835693
5967,0.6485030651092529
5968,0.2906649112701416
5969,0.25476959347724915
5970,0.3983783423900604
5971,0.6464958190917969
5972,0.326477587223053
5973,0.3751126825809479
5974,0.25844964385032654
5975,0.7129533886909485
5976,0.6640585064888
5977,0.3238682746887207
5978,0.7732825875282288
5979,0.6831998825073242
5980,0.707592785358429
5981,0.48056262731552124
5982,0.41994842886924744
5983,0.3874680995941162
5984,0.6994531154632568
5985,0.210307776927948
5986,0.8246092200279236
5987,0.5984920859336853
5988,0.8111487627029419
5989,0.7091950178146362
5990,0.6123007535934448
5991,0.4199177622795105
5992,0.3968659043312073
5993,0.8174461722373962
5994,0.5523985624313354
5995,0.3929554224014282
5996,0.6096974611282349
5997,0.718266487121582
5998,0.31496891379356384
5999,0.37126970291137695
6000,0.33655476570129395
6001,0.46020400524139404
6002,0.4373440146446228
6003,0.4800449013710022
6004,0.32852962613105774
6005,0.4202750325202942
6006,0.28479233384132385
6007,0.5155298709869385
6008,0.19089244306087494
6009,0.7799906134605408
6010,0.5086418986320496
6011,0.7783505320549011
6012,0.48588740825653076
6013,0.19561776518821716
6014,0.5404989719390869
6015,0.4637399911880493
6016,0.6156549453735352
6017,0.5595018863677979
6018,0.2723807096481323
6019,0.47868552803993225
6020,0.4345417022705078
6021,0.4733084440231323
6022,0.435313880443573
6023,0.3161451816558838
6024,0.4403146803379059
6025,0.48578497767448425
6026,0.39846372604370117
6027,0.2136518657207489
6028,0.43664252758026123
6029,0.5627787709236145
6030,0.587230920791626
6031,0.44720035791397095
6032,0.7539885640144348
6033,0.2833934724330902
6034,0.5033822059631348
6035,0.31022635102272034
6036,0.4532424807548523
6037,0.5101313591003418
6038,0.43529558181762695
6039,0.6108160018920898
6040,0.2489652931690216
6041,0.44823211431503296
6042,0.6905243396759033
6043,0.4466852843761444
6044,0.33742254972457886
6045,0.5156415700912476
6046,0.7792627811431885
6047,0.4936538338661194
6048,0.5674159526824951
6049,0.45503944158554077
6050,0.17590944468975067
6051,0.7990959882736206
6052,0.2322530895471573
6053,0.4706328213214874
6054,0.5021988153457642
6055,0.441270112991333
6056,0.2004777491092682
6057,0.196891650557518
6058,0.3092248737812042
6059,0.2221495509147644
6060,0.6825346350669861
6061,0.4466988444328308
6062,0.4506707489490509
6063,0.7210908532142639
6064,0.29109421372413635
6065,0.23191416263580322
6066,0.2680912911891937
6067,0.7847256064414978
6068,0.4164011776447296
6069,0.6276081800460815
6070,0.550230860710144
6071,0.23411980271339417
6072,0.4870975613594055
6073,0.4812188446521759
6074,0.42704451084136963
6075,0.4763585925102234
6076,0.4532693922519684
6077,0.6255654692649841
6078,0.46699634194374084
6079,0.531998336315155
6080,0.41438478231430054
6081,0.5544407963752747
6082,0.6226747035980225
6083,0.5452150702476501
6084,0.4267260432243347
6085,0.37127965688705444
6086,0.647010087966919
6087,0.6566125750541687
6088,0.4160953164100647
6089,0.46094927191734314
6090,0.5760379433631897
6091,0.6489320397377014
6092,0.28682929277420044
6093,0.806315541267395
6094,0.6651038527488708
6095,0.23516619205474854
6096,0.2364693582057953
6097,0.4670517146587372
6098,0.7658321857452393
6099,0.6353172063827515
6100,0.36384397745132446
6101,0.2423660308122635
6102,0.7167845964431763
6103,0.4424828290939331
6104,0.23358312249183655
6105,0.3906818628311157
6106,0.653393566608429
6107,0.5010077357292175
6108,0.46009451150894165
6109,0.42460930347442627
6110,0.29564860463142395
6111,0.6955565810203552
6112,0.2223598062992096
6113,0.49758145213127136
6114,0.4448278546333313
6115,0.2978993356227875
6116,0.30168241262435913
6117,0.8205775618553162
6118,0.4919423460960388
6119,0.6419978737831116
6120,0.6762244701385498
6121,0.48200738430023193
6122,0.4493488669395447
6123,0.28813067078590393
6124,0.7935911417007446
6125,0.7441351413726807
6126,0.27650344371795654
6127,0.39693766832351685
6128,0.6345877647399902
6129,0.45381221175193787
6130,0.44782504439353943
6131,0.5575767755508423
6132,0.3931625485420227
6133,0.40851736068725586
6134,0.3666609525680542
6135,0.352047860622406
6136,0.5340938568115234
6137,0.7583893537521362
6138,0.4090859293937683
6139,0.6004888415336609
6140,0.3985415995121002
6141,0.1806231439113617
6142,0.23696114122867584
6143,0.22475376725196838
6144,0.5871900916099548
6145,0.7231181859970093
6146,0.6167097091674805
6147,0.3322501480579376
6148,0.45753926038742065
6149,0.2627265453338623
6150,0.3908383846282959
6151,0.7969523668289185
6152,0.5591835379600525
6153,0.24857254326343536
6154,0.5401906967163086
6155,0.605513870716095
6156,0.43128371238708496
6157,0.520014762878418
6158,0.23340438306331635
6159,0.49778807163238525
6160,0.538601815700531
6161,0.3696569502353668
6162,0.5827502012252808
6163,0.3248384892940521
6164,0.4368400573730469
6165,0.46785321831703186
6166,0.509072482585907
6167,0.45744162797927856
6168,0.7117739319801331
6169,0.18365459144115448
6170,0.19535985589027405
6171,0.2274143397808075
6172,0.43770429491996765
6173,0.42205944657325745
6174,0.7581983804702759
6175,0.4419826865196228
6176,0.4715839624404907
6177,0.34149718284606934
6178,0.6040202379226685
6179,0.26900845766067505
6180,0.28146520256996155
6181,0.7020214796066284
6182,0.4483645260334015
6183,0.44546574354171753
6184,0.3479181230068207
6185,0.6279245018959045
6186,0.30486270785331726
6187,0.350882351398468
6188,0.47714608907699585
6189,0.4467591345310211
6190,0.6177453994750977
6191,0.316359281539917
6192,0.8142716288566589
6193,0.41506505012512207
6194,0.3577374815940857
6195,0.6926371455192566
6196,0.4017845094203949
6197,0.6737871170043945
6198,0.40057873725891113
6199,0.6397609710693359
6200,0.6193212866783142
6201,0.4323432147502899
6202,0.23122824728488922
6203,0.25990307331085205
6204,0.7010898590087891
6205,0.7409049868583679
6206,0.4847385287284851
6207,0.3405363857746124
6208,0.4126584827899933
6209,0.6488919854164124
6210,0.2638315260410309
6211,0.7342696189880371
6212,0.30162349343299866
6213,0.4950011074542999
6214,0.4234270453453064
6215,0.7009360790252686
6216,0.7103427052497864
6217,0.3169141411781311
6218,0.516441285610199
6219,0.28790760040283203
6220,0.8196382522583008
6221,0.4177123010158539
6222,0.8160039782524109
6223,0.38479194045066833
6224,0.3161076307296753
6225,0.2944311797618866
6226,0.5746211409568787
6227,0.3499429225921631
6228,0.7306351661682129
6229,0.6932497620582581
6230,0.38362643122673035
6231,0.41840216517448425
6232,0.36890465021133423
6233,0.44445255398750305
6234,0.6730031371116638
6235,0.5255233645439148
6236,0.29581594467163086
6237,0.6780893802642822
6238,0.6323158740997314
6239,0.2189393788576126
6240,0.24469780921936035
6241,0.19803208112716675
6242,0.8028876185417175
6243,0.3198414444923401
6244,0.4115086495876312
6245,0.6094011664390564
6246,0.44992369413375854
6247,0.384708970785141
6248,0.39405640959739685
6249,0.7060007452964783
6250,0.5963594317436218
6251,0.27552440762519836
6252,0.7145864367485046
6253,0.3586761951446533
6254,0.45790350437164307
6255,0.6997600793838501
6256,0.26754850149154663
6257,0.21690359711647034
6258,0.2021208107471466
6259,0.45486027002334595
6260,0.6582556962966919
6261,0.8094117045402527
6262,0.39497846364974976
6263,0.26756879687309265
6264,0.5398301482200623
6265,0.49899739027023315
6266,0.19743506610393524
6267,0.20937740802764893
6268,0.7625823616981506
6269,0.3540556728839874
6270,0.49728161096572876
6271,0.2692301869392395
6272,0.3775608539581299
6273,0.2410615086555481
6274,0.3634500503540039
6275,0.21258112788200378
6276,0.6356428265571594
6277,0.32023802399635315
6278,0.629292368888855
6279,0.458562970161438
6280,0.5502070188522339
6281,0.3904570937156677
6282,0.6167881488800049
6283,0.4656267762184143
6284,0.23255696892738342
6285,0.4465850591659546
6286,0.6015012264251709
6287,0.4423517882823944
6288,0.7912977337837219
6289,0.5905536413192749
6290,0.5065999031066895
6291,0.4785199761390686
6292,0.2718570828437805
6293,0.4040473699569702
6294,0.2612556219100952
6295,0.6588903665542603
6296,0.6010581851005554
6297,0.34210291504859924
6298,0.5037974119186401
6299,0.3416115641593933
6300,0.223651722073555
6301,0.2276475429534912
6302,0.6838616728782654
6303,0.45897376537323
6304,0.7925810813903809
6305,0.699303925037384
6306,0.27994412183761597
6307,0.8057256937026978
6308,0.3721536695957184
6309,0.33434155583381653
6310,0.6937081813812256
6311,0.3788571357727051
6312,0.2439432442188263
6313,0.6262786984443665
6314,0.6968975067138672
6315,0.6387841105461121
6316,0.7969630360603333
6317,0.27075767517089844
6318,0.6103509068489075
6319,0.7024384140968323
6320,0.6334723830223083
6321,0.8023210763931274
6322,0.41180703043937683
6323,0.49425750970840454
6324,0.6416684985160828
6325,0.4331381320953369
6326,0.40714383125305176
6327,0.43281054496765137
6328,0.19937460124492645
6329,0.5462482571601868
6330,0.4389461874961853
6331,0.6421217918395996
6332,0.26052868366241455
6333,0.40288403630256653
6334,0.6691370010375977
6335,0.4095933437347412
6336,0.45352494716644287
6337,0.6484987735748291
6338,0.38908159732818604
6339,0.3617834746837616
6340,0.43904513120651245
6341,0.6431857943534851
6342,0.20405513048171997
6343,0.4647831916809082
6344,0.6789811253547668
6345,0.5466037392616272
6346,0.6070051193237305
6347,0.39788275957107544
6348,0.24714478850364685
6349,0.2939043939113617
6350,0.24500054121017456
6351,0.2747159004211426
6352,0.42680859565734863
6353,0.48585158586502075
6354,0.6292181015014648
6355,0.64960116147995
6356,0.837293267250061
6357,0.6373700499534607
6358,0.7214462757110596
6359,0.6495348215103149
6360,0.34889325499534607
6361,0.29327744245529175
6362,0.599510908126831
6363,0.32972800731658936
6364,0.456840842962265
6365,0.6085198521614075
6366,0.22886863350868225
6367,0.4076184630393982
6368,0.572567343711853
6369,0.7523804306983948
6370,0.28940489888191223
6371,0.7055015563964844
6372,0.5209621787071228
6373,0.6903961300849915
6374,0.5038831233978271
6375,0.7940114736557007
6376,0.2924651503562927
6377,0.5393320322036743
6378,0.2981550395488739
6379,0.37651073932647705
6380,0.4405979514122009
6381,0.562180757522583
6382,0.7439177632331848
6383,0.21467271447181702
6384,0.1780780851840973
6385,0.30827727913856506
6386,0.3942263126373291
6387,0.44749972224235535
6388,0.5319532752037048
6389,0.4341292977333069
6390,0.22420252859592438
6391,0.8074266910552979
6392,0.6174900531768799
6393,0.5851073265075684
6394,0.7431777119636536
6395,0.5395318865776062
6396,0.6726751327514648
6397,0.6873548030853271
6398,0.43128302693367004
6399,0.8346121311187744
6400,0.4532480835914612
6401,0.5596987009048462
6402,0.28834739327430725
6403,0.42644819617271423
6404,0.7369520664215088
6405,0.6483128666877747
6406,0.6598773002624512
6407,0.4276377558708191
6408,0.4968138039112091
6409,0.5178272128105164
6410,0.45400482416152954
6411,0.7200273275375366
6412,0.44973668456077576
6413,0.7509489059448242
6414,0.5198086500167847
6415,0.4089638590812683
6416,0.7445145845413208
6417,0.6352022886276245
6418,0.6568543910980225
6419,0.4126569628715515
6420,0.3988218307495117
6421,0.42102450132369995
6422,0.3370119333267212
6423,0.1984594762325287
6424,0.6857759356498718
6425,0.47431057691574097
6426,0.5376711487770081
6427,0.2824356257915497
6428,0.5827427506446838
6429,0.39721599221229553
6430,0.439342200756073
6431,0.437200129032135
6432,0.7845327854156494
6433,0.6541626453399658
6434,0.642019510269165
6435,0.4312899708747864
6436,0.2546503245830536
6437,0.5348325967788696
6438,0.47682732343673706
6439,0.4844306409358978
6440,0.2249385118484497
6441,0.4064154028892517
6442,0.7859799861907959
6443,0.5699281096458435
6444,0.1989508718252182
6445,0.8181882500648499
6446,0.2532863914966583
6447,0.3314233124256134
6448,0.4297358989715576
6449,0.5387979745864868
6450,0.6522595286369324
6451,0.28697454929351807
6452,0.6373764276504517
6453,0.49638909101486206
6454,0.45142775774002075
6455,0.43972349166870117
6456,0.8182077407836914
6457,0.5062342286109924
6458,0.795348048210144
6459,0.4594101309776306
6460,0.4495883882045746
6461,0.46047455072402954
6462,0.46192702651023865
6463,0.5467719435691833
6464,0.47646427154541016
6465,0.6553693413734436
6466,0.36971384286880493
6467,0.7986689805984497
6468,0.556907594203949
6469,0.5584564208984375
6470,0.6578385233879089
6471,0.3479023575782776
6472,0.3571268916130066
6473,0.61089688539505
6474,0.5674436688423157
6475,0.23404300212860107
6476,0.6231421828269958
6477,0.41970181465148926
6478,0.6551048755645752
6479,0.4868701100349426
6480,0.7107436060905457
6481,0.39890047907829285
6482,0.6679943203926086
6483,0.6765576004981995
6484,0.6453679203987122
6485,0.7614191174507141
6486,0.456691175699234
6487,0.6118307709693909
6488,0.2694985568523407
6489,0.3243769407272339
6490,0.3582545220851898
6491,0.7008742094039917
6492,0.3510269820690155
6493,0.49130016565322876
6494,0.27633458375930786
6495,0.6430827975273132
6496,0.5233941674232483
6497,0.6845388412475586
6498,0.22301338613033295
6499,0.5738030076026917
6500,0.8170766234397888
6501,0.3707532584667206
6502,0.44674429297447205
6503,0.6170646548271179
6504,0.3987456262111664
6505,0.32989925146102905
6506,0.3809748888015747
6507,0.683336615562439
6508,0.17749148607254028
6509,0.4482879042625427
6510,0.4416521489620209
6511,0.3281891345977783
6512,0.5623433589935303
6513,0.6640129685401917
6514,0.5388959050178528
6515,0.3973535895347595
6516,0.534909188747406
6517,0.7284218072891235
6518,0.5020866394042969
6519,0.2630728483200073
6520,0.5309325456619263
6521,0.7835606336593628
6522,0.5057896375656128
6523,0.7008402347564697
6524,0.45739102363586426
6525,0.2937110960483551
6526,0.4478526711463928
6527,0.6325938701629639
6528,0.5620235800743103
6529,0.48058900237083435
6530,0.5529171228408813
6531,0.44786912202835083
6532,0.5352066159248352
6533,0.6399043798446655
6534,0.712653636932373
6535,0.2922969460487366
6536,0.31885063648223877
6537,0.7526859045028687
6538,0.4408591091632843
6539,0.5949154496192932
6540,0.22302749752998352
6541,0.6944658160209656
6542,0.204360231757164
6543,0.766379714012146
6544,0.41459256410598755
6545,0.45860612392425537
6546,0.2686799168586731
6547,0.4567883610725403
6548,0.7685686349868774
6549,0.43586650490760803
6550,0.4449940025806427
6551,0.7169916033744812
6552,0.4453478157520294
6553,0.469152569770813
6554,0.45224323868751526
6555,0.46643730998039246
6556,0.4937881827354431
6557,0.20665855705738068
6558,0.41175293922424316
6559,0.3156411945819855
6560,0.7483031749725342
6561,0.6297025680541992
6562,0.7296934127807617
6563,0.20714114606380463
6564,0.23945119976997375
6565,0.7238624095916748
6566,0.459558367729187
6567,0.4924248456954956
6568,0.3763406276702881
6569,0.5870360136032104
6570,0.8146712779998779
6571,0.4728509783744812
6572,0.4366542398929596
6573,0.673355758190155
6574,0.8047696948051453
6575,0.40685975551605225
6576,0.5459012985229492
6577,0.34982848167419434
6578,0.6043748259544373
6579,0.8204607367515564
6580,0.4773728847503662
6581,0.2941921353340149
6582,0.4297507107257843
6583,0.3642817437648773
6584,0.4797154366970062
6585,0.54603511095047
6586,0.27602970600128174
6587,0.22269177436828613
6588,0.43358922004699707
6589,0.6931890845298767
6590,0.3746003806591034
6591,0.5774073600769043
6592,0.2102050483226776
6593,0.8156626224517822
6594,0.6897100806236267
6595,0.29814308881759644
6596,0.2974103093147278
6597,0.5991673469543457
6598,0.6310316920280457
6599,0.3923301100730896
6600,0.6508582234382629
6601,0.2749701142311096
6602,0.7845048904418945
6603,0.8092136383056641
6604,0.48127731680870056
6605,0.7461217045783997
6606,0.7869244813919067
6607,0.7417322397232056
6608,0.8183738589286804
6609,0.3200269341468811
6610,0.4486794173717499
6611,0.5464937686920166
6612,0.2313041090965271
6613,0.46137380599975586
6614,0.6504702568054199
6615,0.7271169424057007
6616,0.5856029391288757
6617,0.1950041502714157
6618,0.5080468058586121
6619,0.4113036096096039
6620,0.46366918087005615
6621,0.3388284742832184
6622,0.5214457511901855
6623,0.5279397964477539
6624,0.8129925727844238
6625,0.5077704787254333
6626,0.48891523480415344
6627,0.5866976976394653
6628,0.3292984962463379
6629,0.33749571442604065
6630,0.5507307648658752
6631,0.5743077397346497
6632,0.694557249546051
6633,0.6499288082122803
6634,0.6011353731155396
6635,0.37446510791778564
6636,0.40871894359588623
6637,0.6317989230155945
6638,0.6749206185340881
6639,0.7474591732025146
6640,0.36191558837890625
6641,0.6332983374595642
6642,0.36655205488204956
6643,0.3833826780319214
6644,0.43110641837120056
6645,0.3857475519180298
6646,0.2337104082107544
6647,0.47058558464050293
6648,0.5527680516242981
6649,0.4563930630683899
6650,0.6301981806755066
6651,0.2916269302368164
6652,0.38828086853027344
6653,0.26733720302581787
6654,0.3369009494781494
6655,0.6322512626647949
6656,0.4299328029155731
6657,0.304002046585083
6658,0.43379583954811096
6659,0.649533212184906
6660,0.698852002620697
6661,0.8008907437324524
6662,0.6603907346725464
6663,0.20674026012420654
6664,0.41973426938056946
6665,0.35879313945770264
6666,0.49685800075531006
6667,0.4484193027019501
6668,0.211428701877594
6669,0.40919235348701477
6670,0.6839344501495361
6671,0.6583205461502075
6672,0.4758976399898529
6673,0.509715735912323
6674,0.42703062295913696
6675,0.7056408524513245
6676,0.7060227990150452
6677,0.319738507270813
6678,0.5488224029541016
6679,0.7463719844818115
6680,0.6124780774116516
6681,0.18521511554718018
6682,0.5178150534629822
6683,0.4983217716217041
6684,0.4104195237159729
6685,0.579180896282196
6686,0.30155906081199646
6687,0.2578529119491577
6688,0.8027799129486084
6689,0.3948214054107666
6690,0.15238280594348907
6691,0.6647685766220093
6692,0.41138985753059387
6693,0.27818605303764343
6694,0.47786158323287964
6695,0.7166299819946289
6696,0.3455175757408142
6697,0.32823672890663147
6698,0.18574067950248718
6699,0.42920923233032227
6700,0.16104808449745178
6701,0.7262256145477295
6702,0.735916793346405
6703,0.7712233662605286
6704,0.616876482963562
6705,0.7357695698738098
6706,0.6645495891571045
6707,0.4509434103965759
6708,0.7339792251586914
6709,0.2257189303636551
6710,0.4798732399940491
6711,0.779843807220459
6712,0.812622606754303
6713,0.26011136174201965
6714,0.45045942068099976
6715,0.40853387117385864
6716,0.6882192492485046
6717,0.2733622193336487
6718,0.4415575861930847
6719,0.26139071583747864
6720,0.38458484411239624
6721,0.45158860087394714
6722,0.4437030553817749
6723,0.3581826984882355
6724,0.1982814520597458
6725,0.35359978675842285
6726,0.6650139689445496
6727,0.3697628974914551
6728,0.3165210485458374
6729,0.6146546602249146
6730,0.5078601241111755
6731,0.6890337467193604
6732,0.5947734117507935
6733,0.5640200972557068
6734,0.5970801115036011
6735,0.554092288017273
6736,0.4332300126552582
6737,0.3353094756603241
6738,0.19344182312488556
6739,0.4637228846549988
6740,0.5107987523078918
6741,0.3347148895263672
6742,0.5384968519210815
6743,0.4713428020477295
6744,0.734031081199646
6745,0.5649346113204956
6746,0.47043752670288086
6747,0.1884792447090149
6748,0.8170425891876221
6749,0.8228275179862976
6750,0.7406486868858337
6751,0.7674074769020081
6752,0.41149288415908813
6753,0.689252495765686
6754,0.305832177400589
6755,0.6229304671287537
6756,0.40508049726486206
6757,0.41336673498153687
6758,0.2855489253997803
6759,0.40430712699890137
6760,0.19050732254981995
6761,0.28826624155044556
6762,0.4096563160419464
6763,0.45908427238464355
6764,0.6202312111854553
6765,0.5700418949127197
6766,0.4776996970176697
6767,0.5969276428222656
6768,0.552344799041748
6769,0.5046578049659729
6770,0.37148502469062805
6771,0.2203863263130188
6772,0.4421207308769226
6773,0.5898702144622803
6774,0.4200066924095154
6775,0.4558776915073395
6776,0.42795634269714355
6777,0.4746069312095642
6778,0.8144630789756775
6779,0.6424545049667358
6780,0.5138750076293945
6781,0.7313738465309143
6782,0.3521880507469177
6783,0.6835107803344727
6784,0.6237677335739136
6785,0.34003525972366333
6786,0.2801719903945923
6787,0.3284328579902649
6788,0.8194106221199036
6789,0.26626503467559814
6790,0.6561810374259949
6791,0.7861089110374451
6792,0.44403231143951416
6793,0.8417870998382568
6794,0.20257501304149628
6795,0.4394323229789734
6796,0.7770128846168518
6797,0.4273691177368164
6798,0.2826460003852844
6799,0.6305330395698547
6800,0.31645646691322327
6801,0.4389311671257019
6802,0.616474986076355
6803,0.39809316396713257
6804,0.4110835790634155
6805,0.7023444771766663
6806,0.29091835021972656
6807,0.814202606678009
6808,0.8054423928260803
6809,0.3169289529323578
6810,0.6923085451126099
6811,0.4304787814617157
6812,0.6445465087890625
6813,0.23640209436416626
6814,0.4621298909187317
6815,0.39801740646362305
6816,0.28456413745880127
6817,0.47996675968170166
6818,0.4082101881504059
6819,0.4383036494255066
6820,0.33150890469551086
6821,0.6563506126403809
6822,0.7356897592544556
6823,0.3819707930088043
6824,0.6369991302490234
6825,0.5481837391853333
6826,0.24071833491325378
6827,0.42437684535980225
6828,0.26895684003829956
6829,0.29191240668296814
6830,0.460358202457428
6831,0.7529170513153076
6832,0.26856666803359985
6833,0.5756890773773193
6834,0.8100994229316711
6835,0.4861392676830292
6836,0.43834206461906433
6837,0.7678540945053101
6838,0.3379194438457489
6839,0.6304110288619995
6840,0.26728731393814087
6841,0.32081305980682373
6842,0.39869818091392517
6843,0.43129754066467285
6844,0.6289424300193787
6845,0.15728291869163513
6846,0.7037938833236694
6847,0.4776071310043335
6848,0.6547410488128662
6849,0.4125792384147644
6850,0.5314598083496094
6851,0.29496312141418457
6852,0.7087183594703674
6853,0.8029336929321289
6854,0.6554359197616577
6855,0.6672837734222412
6856,0.3625897169113159
6857,0.3922961354255676
6858,0.430084764957428
6859,0.6375765204429626
6860,0.5550666451454163
6861,0.6434069275856018
6862,0.8101608753204346
6863,0.5075984001159668
6864,0.4625604748725891
6865,0.6957027316093445
6866,0.5348303318023682
6867,0.8243911266326904
6868,0.18288862705230713
6869,0.46133798360824585
6870,0.8219863772392273
6871,0.5094549059867859
6872,0.1652943193912506
6873,0.2101324200630188
6874,0.40125560760498047
6875,0.4470362365245819
6876,0.5116421580314636
6877,0.7456222772598267
6878,0.3262203633785248
6879,0.6377905607223511
6880,0.7939358949661255
6881,0.22172234952449799
6882,0.6348483562469482
6883,0.796423614025116
6884,0.6682655811309814
6885,0.325878381729126
6886,0.21587732434272766
6887,0.45299750566482544
6888,0.6274153590202332
6889,0.7961158156394958
6890,0.44846004247665405
6891,0.7423170208930969
6892,0.4442048668861389
6893,0.6332598328590393
6894,0.29931941628456116
6895,0.40910711884498596
6896,0.48516160249710083
6897,0.33731701970100403
6898,0.21724511682987213
6899,0.43186265230178833
6900,0.29062923789024353
6901,0.5363469123840332
6902,0.8251244425773621
6903,0.46300071477890015
6904,0.6576408743858337
6905,0.6128208637237549
6906,0.5239108800888062
6907,0.7837247252464294
6908,0.4513471722602844
6909,0.7956360578536987
6910,0.406721293926239
6911,0.44840654730796814
6912,0.48202911019325256
6913,0.47181984782218933
6914,0.5456206202507019
6915,0.38929834961891174
6916,0.6400209665298462
6917,0.6574073433876038
6918,0.45068395137786865
6919,0.6661138534545898
6920,0.7960350513458252
6921,0.681028425693512
6922,0.7838836312294006
6923,0.4979254901409149
6924,0.4181439280509949
6925,0.4548441469669342
6926,0.3593187928199768
6927,0.6283761262893677
6928,0.6221462488174438
6929,0.3992235064506531
6930,0.42509177327156067
6931,0.6930117607116699
6932,0.3122684955596924
6933,0.3460496664047241
6934,0.625353217124939
6935,0.7411293387413025
6936,0.40264132618904114
6937,0.3546445965766907
6938,0.5204957723617554
6939,0.5370655655860901
6940,0.4372124671936035
6941,0.6765849590301514
6942,0.442594051361084
6943,0.8327668905258179
6944,0.393865168094635
6945,0.8178870677947998
6946,0.48795443773269653
6947,0.3275325894355774
6948,0.4414183497428894
6949,0.32126501202583313
6950,0.32875096797943115
6951,0.30078011751174927
6952,0.17281407117843628
6953,0.6798085570335388
6954,0.28922364115715027
6955,0.24696116149425507
6956,0.2968566119670868
6957,0.7175014615058899
6958,0.49888846278190613
6959,0.4961060881614685
6960,0.20451827347278595
6961,0.4180421829223633
6962,0.3763398826122284
6963,0.41612333059310913
6964,0.4787033498287201
6965,0.7125173807144165
6966,0.24748080968856812
6967,0.7463275194168091
6968,0.8233403563499451
6969,0.5841885805130005
6970,0.5093305110931396
6971,0.2755817770957947
6972,0.474493145942688
6973,0.25125551223754883
6974,0.6861903667449951
6975,0.31929102540016174
6976,0.7704592943191528
6977,0.24306327104568481
6978,0.40259313583374023
6979,0.40478581190109253
6980,0.5265885591506958
6981,0.39279186725616455
6982,0.7897505164146423
6983,0.49113887548446655
6984,0.5098354816436768
6985,0.2873913049697876
6986,0.45005130767822266
6987,0.7147992849349976
6988,0.8193809986114502
6989,0.33779415488243103
6990,0.37051400542259216
6991,0.5027819275856018
6992,0.21290475130081177
6993,0.7430460453033447
6994,0.7893861532211304
6995,0.31305521726608276
6996,0.20181378722190857
6997,0.8233795762062073
6998,0.6837155222892761
6999,0.8078368902206421
7000,0.701671302318573
7001,0.818766176700592
7002,0.5644944906234741
7003,0.4932049810886383
7004,0.4378788471221924
7005,0.4393220543861389
7006,0.5371397733688354
7007,0.43550774455070496
7008,0.4673069417476654
7009,0.7571101784706116
7010,0.24758562445640564
7011,0.6798262596130371
7012,0.35306286811828613
7013,0.47435617446899414
7014,0.6322108507156372
7015,0.21570780873298645
7016,0.6029481291770935
7017,0.4856647551059723
7018,0.32448601722717285
7019,0.4770168364048004
7020,0.6799141764640808
7021,0.3924877941608429
7022,0.6349387168884277
7023,0.5951876640319824
7024,0.31545212864875793
7025,0.6215085983276367
7026,0.6417304873466492
7027,0.37644365429878235
7028,0.4166456460952759
7029,0.6336515545845032
7030,0.6091064214706421
7031,0.4383813738822937
7032,0.43622443079948425
7033,0.4246921241283417
7034,0.7642430663108826
7035,0.19450923800468445
7036,0.30111902952194214
7037,0.6129119396209717
7038,0.6895111203193665
7039,0.49638262391090393
7040,0.42115646600723267
7041,0.23072999715805054
7042,0.804582417011261
7043,0.6443109512329102
7044,0.553604781627655
7045,0.7847143411636353
7046,0.6664468050003052
7047,0.4907558262348175
7048,0.5208930969238281
7049,0.42465531826019287
7050,0.4224056899547577
7051,0.37837690114974976
7052,0.38299646973609924
7053,0.20956091582775116
7054,0.6711746454238892
7055,0.4370409846305847
7056,0.2639743983745575
7057,0.3159206807613373
7058,0.6179203391075134
7059,0.7240327000617981
7060,0.3912230432033539
7061,0.8174020051956177
7062,0.5839629173278809
7063,0.47526225447654724
7064,0.38646334409713745
7065,0.8050568103790283
7066,0.7071258425712585
7067,0.2382698357105255
7068,0.6000717878341675
7069,0.7656585574150085
7070,0.49500036239624023
7071,0.2860889434814453
7072,0.40616360306739807
7073,0.5457690954208374
7074,0.6973079442977905
7075,0.7524363994598389
7076,0.6583197116851807
7077,0.35292723774909973
7078,0.4012054204940796
7079,0.41422611474990845
7080,0.35306280851364136
7081,0.2895427942276001
7082,0.4328940510749817
7083,0.513225793838501
7084,0.510568380355835
7085,0.3862268328666687
7086,0.2552780210971832
7087,0.20938357710838318
7088,0.5733866095542908
7089,0.6376378536224365
7090,0.7790623307228088
7091,0.29915109276771545
7092,0.5510764122009277
7093,0.43549466133117676
7094,0.25420081615448
7095,0.4246532917022705
7096,0.7784010767936707
7097,0.7454821467399597
7098,0.3257197141647339
7099,0.592265784740448
7100,0.20408234000205994
7101,0.4442264437675476
7102,0.6777300238609314
7103,0.6937877535820007
7104,0.21823248267173767
7105,0.6245922446250916
7106,0.5625039339065552
7107,0.36953020095825195
7108,0.7979938387870789
7109,0.5866225361824036
7110,0.3184906244277954
7111,0.5082631707191467
7112,0.6397117376327515
7113,0.3846187889575958
7114,0.4363247752189636
7115,0.6682661175727844
7116,0.2934854030609131
7117,0.4664449095726013
7118,0.579779326915741
7119,0.6601157784461975
7120,0.17704500257968903
7121,0.22796446084976196
7122,0.2043502926826477
7123,0.34592995047569275
7124,0.8254032731056213
7125,0.2298857569694519
7126,0.5541424751281738
7127,0.36066049337387085
7128,0.4582290053367615
7129,0.3906298875808716
7130,0.4161119759082794
7131,0.4491751194000244
7132,0.7135171890258789
7133,0.6191428899765015
7134,0.5284522771835327
7135,0.421444296836853
7136,0.37634795904159546
7137,0.23829835653305054
7138,0.34872448444366455
7139,0.24455517530441284
7140,0.7907932996749878
7141,0.27226880192756653
7142,0.4304289221763611
7143,0.6191723942756653
7144,0.23153473436832428
7145,0.7933140397071838
7146,0.28308093547821045
7147,0.5578129291534424
7148,0.5032019019126892
7149,0.23732739686965942
7150,0.2757734954357147
7151,0.4101716876029968
7152,0.32816338539123535
7153,0.4125436544418335
7154,0.4009712338447571
7155,0.6273778080940247
7156,0.5167388916015625
7157,0.442577064037323
7158,0.6473968029022217
7159,0.7970813512802124
7160,0.5040348768234253
7161,0.38744279742240906
7162,0.7107557654380798
7163,0.31121042370796204
7164,0.3952302038669586
7165,0.48332440853118896
7166,0.3262771964073181
7167,0.21783001720905304
7168,0.40970107913017273
7169,0.7207677960395813
7170,0.8256963491439819
7171,0.6921572089195251
7172,0.23417048156261444
7173,0.8285154104232788
7174,0.44760239124298096
7175,0.35708945989608765
7176,0.6034013628959656
7177,0.35554057359695435
7178,0.4489929974079132
7179,0.45203685760498047
7180,0.44020575284957886
7181,0.7003593444824219
7182,0.806609034538269
7183,0.7116638422012329
7184,0.4272810220718384
7185,0.4411753714084625
7186,0.6797224283218384
7187,0.7541225552558899
7188,0.6730228662490845
7189,0.8087700605392456
7190,0.4933014214038849
7191,0.6599329113960266
7192,0.5202588438987732
7193,0.5993773341178894
7194,0.6388737559318542
7195,0.7036232948303223
7196,0.29079994559288025
7197,0.44118085503578186
7198,0.6961624622344971
7199,0.3540602922439575
7200,0.6064584255218506
7201,0.4733259975910187
7202,0.3412999212741852
7203,0.6319666504859924
7204,0.7818678617477417
7205,0.6948243379592896
7206,0.40218859910964966
7207,0.460936963558197
7208,0.3706086277961731
7209,0.4151207506656647
7210,0.39306291937828064
7211,0.336848646402359
7212,0.6925572156906128
7213,0.8291335105895996
7214,0.6610369682312012
7215,0.6839240193367004
7216,0.4379510283470154
7217,0.5512080192565918
7218,0.5260037779808044
7219,0.30884504318237305
7220,0.28194573521614075
7221,0.5993305444717407
7222,0.3498438000679016
7223,0.7127901911735535
7224,0.7349253296852112
7225,0.3564322888851166
7226,0.46085506677627563
7227,0.4895552396774292
7228,0.6372406482696533
7229,0.811335027217865
7230,0.5861660838127136
7231,0.7518610954284668
7232,0.6796672940254211
7233,0.47974950075149536
7234,0.318647563457489
7235,0.41918495297431946
7236,0.6869596242904663
7237,0.46163979172706604
7238,0.7023826241493225
7239,0.33526745438575745
7240,0.49186810851097107
7241,0.7201274633407593
7242,0.554970383644104
7243,0.6028186678886414
7244,0.8052074313163757
7245,0.8165524005889893
7246,0.29831400513648987
7247,0.39407896995544434
7248,0.3567153215408325
7249,0.6829283833503723
7250,0.5327756404876709
7251,0.6216574907302856
7252,0.42016148567199707
7253,0.4662018120288849
7254,0.5419495701789856
7255,0.7077315449714661
7256,0.690123438835144
7257,0.512649416923523
7258,0.40524691343307495
7259,0.3139573037624359
7260,0.8044632077217102
7261,0.6603565216064453
7262,0.33121457695961
7263,0.3426772952079773
7264,0.6370103359222412
7265,0.6888829469680786
7266,0.5051741003990173
7267,0.6059908866882324
7268,0.3460380434989929
7269,0.40817829966545105
7270,0.27329200506210327
7271,0.4431884288787842
7272,0.38299354910850525
7273,0.6995949149131775
7274,0.553769588470459
7275,0.3177056908607483
7276,0.7855210304260254
7277,0.4571533203125
7278,0.5051045417785645
7279,0.3544006645679474
7280,0.38812732696533203
7281,0.28291529417037964
7282,0.512283980846405
7283,0.3293501138687134
7284,0.5163669586181641
7285,0.1807885468006134
7286,0.8179938793182373
7287,0.4333864450454712
7288,0.6582894325256348
7289,0.16655081510543823
7290,0.28416889905929565
7291,0.7095810174942017
7292,0.5536853671073914
7293,0.2052285373210907
7294,0.4286190867424011
7295,0.4261828362941742
7296,0.6631522178649902
7297,0.4955897033214569
7298,0.4578826427459717
7299,0.5677368640899658
7300,0.7330787777900696
7301,0.3881899118423462
7302,0.39873501658439636
7303,0.632953941822052
7304,0.5286014676094055
7305,0.5680661797523499
7306,0.35903477668762207
7307,0.42883461713790894
7308,0.38502493500709534
7309,0.294272243976593
7310,0.5428704023361206
7311,0.23573970794677734
7312,0.6536771059036255
7313,0.37076976895332336
7314,0.6744360327720642
7315,0.331468790769577
7316,0.532122015953064
7317,0.45162540674209595
7318,0.7823265194892883
7319,0.4298741817474365
7320,0.5961235761642456
7321,0.45682018995285034
7322,0.2541649639606476
7323,0.3711060583591461
7324,0.26225578784942627
7325,0.3068518340587616
7326,0.21606750786304474
7327,0.4994910657405853
7328,0.3193671703338623
7329,0.4472586512565613
7330,0.7861930727958679
7331,0.4851245582103729
7332,0.4474736750125885
7333,0.39434608817100525
7334,0.5352490544319153
7335,0.48422712087631226
7336,0.6771249771118164
7337,0.4463652968406677
7338,0.8176053762435913
7339,0.4497528672218323
7340,0.4286433160305023
7341,0.4304310977458954
7342,0.702510416507721
7343,0.4402930736541748
7344,0.2926560938358307
7345,0.47616299986839294
7346,0.3690244257450104
7347,0.3382158577442169
7348,0.45635807514190674
7349,0.42384085059165955
7350,0.44547751545906067
7351,0.39515426754951477
7352,0.42437943816185
7353,0.43734854459762573
7354,0.7937014698982239
7355,0.81050044298172
7356,0.5960249304771423
7357,0.7114319801330566
7358,0.7272577881813049
7359,0.43053916096687317
7360,0.47917258739471436
7361,0.7762524485588074
7362,0.45216259360313416
7363,0.23300066590309143
7364,0.6571353077888489
7365,0.3717893362045288
7366,0.2427927553653717
7367,0.8077364563941956
7368,0.6723968982696533
7369,0.468804270029068
7370,0.6814156174659729
7371,0.7487918734550476
7372,0.47367560863494873
7373,0.30989503860473633
7374,0.45882683992385864
7375,0.37245240807533264
7376,0.4951699376106262
7377,0.8068274855613708
7378,0.2411547303199768
7379,0.5480320453643799
7380,0.41428807377815247
7381,0.43161284923553467
7382,0.21550951898097992
7383,0.5230703949928284
7384,0.22089943289756775
7385,0.3480532765388489
7386,0.4234049916267395
7387,0.38861632347106934
7388,0.3887622654438019
7389,0.4232405722141266
7390,0.6888722777366638
7391,0.3924481272697449
7392,0.6437252759933472
7393,0.45785266160964966
7394,0.21439777314662933
7395,0.3345281481742859
7396,0.41789406538009644
7397,0.24081388115882874
7398,0.45931196212768555
7399,0.692245602607727
7400,0.7570841312408447
7401,0.6551399230957031
7402,0.4813528060913086
7403,0.18299749493598938
7404,0.4112011790275574
7405,0.3613032102584839
7406,0.4305630624294281
7407,0.6201143264770508
7408,0.6455158591270447
7409,0.8250530362129211
7410,0.5287411212921143
7411,0.5636370182037354
7412,0.685429573059082
7413,0.7894304394721985
7414,0.7018051147460938
7415,0.677672266960144
7416,0.17847049236297607
7417,0.3142522871494293
7418,0.4415847063064575
7419,0.5447689294815063
7420,0.4102744162082672
7421,0.620674192905426
7422,0.6941012740135193
7423,0.8129726648330688
7424,0.7603311538696289
7425,0.8091590404510498
7426,0.4522756338119507
7427,0.7345380783081055
7428,0.7225372195243835
7429,0.434806764125824
7430,0.2551640272140503
7431,0.42144060134887695
7432,0.24078238010406494
7433,0.5744955539703369
7434,0.6228001117706299
7435,0.25574225187301636
7436,0.6616412401199341
7437,0.6425002217292786
7438,0.5524255037307739
7439,0.6984326243400574
7440,0.3611879348754883
7441,0.5171626806259155
7442,0.5667015314102173
7443,0.3171449899673462
7444,0.2774644196033478
7445,0.7012431025505066
7446,0.5091231465339661
7447,0.4138872027397156
7448,0.25977686047554016
7449,0.26003116369247437
7450,0.4517975449562073
7451,0.4659551978111267
7452,0.5860979557037354
7453,0.8088972568511963
7454,0.671936571598053
7455,0.20400665700435638
7456,0.5934463739395142
7457,0.8167357444763184
7458,0.7618626952171326
7459,0.18700219690799713
7460,0.4141221046447754
7461,0.5099169015884399
7462,0.8015741109848022
7463,0.6914559006690979
7464,0.5145601630210876
7465,0.7768100500106812
7466,0.1884567141532898
7467,0.8285757303237915
7468,0.35372400283813477
7469,0.5719871520996094
7470,0.6400999426841736
7471,0.4039918780326843
7472,0.6277676224708557
7473,0.3376303017139435
7474,0.647494912147522
7475,0.4343862533569336
7476,0.43629127740859985
7477,0.7371658086776733
7478,0.7388049960136414
7479,0.45017439126968384
7480,0.2883552312850952
7481,0.61004638671875
7482,0.8058173060417175
7483,0.5499680042266846
7484,0.7688232064247131
7485,0.4340941607952118
7486,0.641257107257843
7487,0.45956578850746155
7488,0.7159844636917114
7489,0.6693271398544312
7490,0.3339513838291168
7491,0.40401920676231384
7492,0.8015744090080261
7493,0.6359334588050842
7494,0.22007468342781067
7495,0.7855257987976074
7496,0.22700363397598267
7497,0.7926467657089233
7498,0.44067317247390747
7499,0.45478683710098267
7500,0.41759732365608215
7501,0.48516595363616943
7502,0.7220798134803772
7503,0.4099118411540985
7504,0.7452746033668518
7505,0.4315994381904602
7506,0.46008819341659546
7507,0.448347806930542
7508,0.6796324253082275
7509,0.5687105655670166
7510,0.614020586013794
7511,0.24651917815208435
7512,0.5563918352127075
7513,0.7605521082878113
7514,0.22891226410865784
7515,0.4722425639629364
7516,0.4095654785633087
7517,0.576866865158081
7518,0.6564767360687256
7519,0.4413399398326874
7520,0.6236118674278259
7521,0.23651517927646637
7522,0.3027409315109253
7523,0.5876196622848511
7524,0.4381401836872101
7525,0.20696468651294708
7526,0.4485049843788147
7527,0.46928131580352783
7528,0.262845903635025
7529,0.44226735830307007
7530,0.4760963022708893
7531,0.2642597258090973
7532,0.23808616399765015
7533,0.4392455816268921
7534,0.553538978099823
