cur_node,dst_node,next_node
0,1,1
0,2,2
0,3,3
0,4,3
0,5,3
0,6,3
0,7,3
0,8,3
0,9,3
0,10,3
0,11,3
0,12,3
0,13,3
0,14,3
0,15,15
0,16,16
0,17,17
0,18,18
0,19,19
0,20,20
0,21,21
0,22,22
0,23,23
0,24,24
0,25,25
0,26,26
0,27,1
0,28,1
0,29,1
0,30,1
0,31,1
0,32,1
0,33,1
0,34,1
0,35,1
0,36,1
0,37,1
0,38,1
0,39,2
0,40,2
0,41,2
0,42,2
0,43,2
0,44,2
0,45,2
0,46,2
0,47,2
0,48,2
0,49,2
0,50,2
0,51,3
0,52,3
0,53,3
0,54,3
0,55,3
0,56,3
0,57,3
0,58,3
0,59,3
0,60,3
0,61,3
0,62,3
0,63,3
0,64,3
0,65,3
0,66,3
0,67,3
0,68,3
0,69,3
0,70,3
0,71,3
0,72,3
0,73,3
0,74,3
0,75,3
0,76,3
0,77,3
0,78,3
0,79,3
0,80,3
0,81,3
0,82,3
0,83,3
0,84,3
0,85,3
0,86,3
0,87,3
0,88,3
0,89,3
0,90,3
0,91,3
0,92,3
0,93,3
0,94,3
0,95,3
0,96,3
0,97,3
0,98,3
0,99,3
0,100,3
0,101,3
0,102,3
0,103,3
0,104,3
0,105,3
0,106,3
0,107,3
0,108,3
0,109,3
0,110,3
0,111,3
0,112,3
0,113,3
0,114,3
0,115,3
0,116,3
0,117,3
0,118,3
0,119,3
0,120,3
0,121,3
0,122,3
0,123,3
0,124,3
0,125,3
0,126,3
0,127,3
0,128,3
0,129,3
0,130,3
0,131,3
0,132,3
0,133,3
0,134,3
0,135,3
0,136,3
0,137,3
0,138,3
0,139,3
0,140,3
0,141,3
0,142,3
0,143,3
0,144,3
0,145,3
0,146,3
0,147,3
0,148,3
0,149,3
0,150,3
0,151,3
0,152,3
0,153,3
0,154,3
0,155,3
0,156,3
0,157,3
0,158,3
0,159,3
0,160,3
0,161,3
0,162,3
0,163,3
0,164,3
0,165,3
0,166,3
0,167,3
0,168,3
0,169,3
0,170,3
0,171,3
0,172,3
0,173,3
0,174,3
0,175,3
0,176,3
0,177,3
0,178,3
0,179,3
0,180,3
0,181,3
0,182,3
0,183,3
0,184,3
0,185,3
0,186,3
0,187,3
0,188,3
0,189,3
0,190,3
0,191,3
0,192,3
0,193,3
0,194,3
0,215,215
0,217,3
0,219,3
0,221,3
0,223,3
1,0,0
1,2,0
1,3,0
1,4,0
1,5,0
1,6,0
1,7,0
1,8,0
1,9,0
1,10,0
1,11,0
1,12,0
1,13,0
1,14,0
1,15,0
1,16,0
1,17,0
1,18,0
1,19,0
1,20,0
1,21,0
1,22,0
1,23,0
1,24,0
1,25,0
1,26,0
1,27,27
1,28,28
1,29,29
1,30,30
1,31,31
1,32,32
1,33,33
1,34,34
1,35,35
1,36,36
1,37,37
1,38,38
1,39,0
1,40,0
1,41,0
1,42,0
1,43,0
1,44,0
1,45,0
1,46,0
1,47,0
1,48,0
1,49,0
1,50,0
1,51,0
1,52,0
1,53,0
1,54,0
1,55,0
1,56,0
1,57,0
1,58,0
1,59,0
1,60,0
1,61,0
1,62,0
1,63,0
1,64,0
1,65,0
1,66,0
1,67,0
1,68,0
1,69,0
1,70,0
1,71,0
1,72,0
1,73,0
1,74,0
1,75,0
1,76,0
1,77,0
1,78,0
1,79,0
1,80,0
1,81,0
1,82,0
1,83,0
1,84,0
1,85,0
1,86,0
1,87,0
1,88,0
1,89,0
1,90,0
1,91,0
1,92,0
1,93,0
1,94,0
1,95,0
1,96,0
1,97,0
1,98,0
1,99,0
1,100,0
1,101,0
1,102,0
1,103,0
1,104,0
1,105,0
1,106,0
1,107,0
1,108,0
1,109,0
1,110,0
1,111,0
1,112,0
1,113,0
1,114,0
1,115,0
1,116,0
1,117,0
1,118,0
1,119,0
1,120,0
1,121,0
1,122,0
1,123,0
1,124,0
1,125,0
1,126,0
1,127,0
1,128,0
1,129,0
1,130,0
1,131,0
1,132,0
1,133,0
1,134,0
1,135,0
1,136,0
1,137,0
1,138,0
1,139,0
1,140,0
1,141,0
1,142,0
1,143,0
1,144,0
1,145,0
1,146,0
1,147,0
1,148,0
1,149,0
1,150,0
1,151,0
1,152,0
1,153,0
1,154,0
1,155,0
1,156,0
1,157,0
1,158,0
1,159,0
1,160,0
1,161,0
1,162,0
1,163,0
1,164,0
1,165,0
1,166,0
1,167,0
1,168,0
1,169,0
1,170,0
1,171,0
1,172,0
1,173,0
1,174,0
1,175,0
1,176,0
1,177,0
1,178,0
1,179,0
1,180,0
1,181,0
1,182,0
1,183,0
1,184,0
1,185,0
1,186,0
1,187,0
1,188,0
1,189,0
1,190,0
1,191,0
1,192,0
1,193,0
1,194,0
1,215,0
1,217,0
1,219,0
1,221,0
1,223,0
2,0,0
2,1,0
2,3,0
2,4,0
2,5,0
2,6,0
2,7,0
2,8,0
2,9,0
2,10,0
2,11,0
2,12,0
2,13,0
2,14,0
2,15,0
2,16,0
2,17,0
2,18,0
2,19,0
2,20,0
2,21,0
2,22,0
2,23,0
2,24,0
2,25,0
2,26,0
2,27,0
2,28,0
2,29,0
2,30,0
2,31,0
2,32,0
2,33,0
2,34,0
2,35,0
2,36,0
2,37,0
2,38,0
2,39,39
2,40,40
2,41,41
2,42,42
2,43,43
2,44,44
2,45,45
2,46,46
2,47,47
2,48,48
2,49,49
2,50,50
2,51,0
2,52,0
2,53,0
2,54,0
2,55,0
2,56,0
2,57,0
2,58,0
2,59,0
2,60,0
2,61,0
2,62,0
2,63,0
2,64,0
2,65,0
2,66,0
2,67,0
2,68,0
2,69,0
2,70,0
2,71,0
2,72,0
2,73,0
2,74,0
2,75,0
2,76,0
2,77,0
2,78,0
2,79,0
2,80,0
2,81,0
2,82,0
2,83,0
2,84,0
2,85,0
2,86,0
2,87,0
2,88,0
2,89,0
2,90,0
2,91,0
2,92,0
2,93,0
2,94,0
2,95,0
2,96,0
2,97,0
2,98,0
2,99,0
2,100,0
2,101,0
2,102,0
2,103,0
2,104,0
2,105,0
2,106,0
2,107,0
2,108,0
2,109,0
2,110,0
2,111,0
2,112,0
2,113,0
2,114,0
2,115,0
2,116,0
2,117,0
2,118,0
2,119,0
2,120,0
2,121,0
2,122,0
2,123,0
2,124,0
2,125,0
2,126,0
2,127,0
2,128,0
2,129,0
2,130,0
2,131,0
2,132,0
2,133,0
2,134,0
2,135,0
2,136,0
2,137,0
2,138,0
2,139,0
2,140,0
2,141,0
2,142,0
2,143,0
2,144,0
2,145,0
2,146,0
2,147,0
2,148,0
2,149,0
2,150,0
2,151,0
2,152,0
2,153,0
2,154,0
2,155,0
2,156,0
2,157,0
2,158,0
2,159,0
2,160,0
2,161,0
2,162,0
2,163,0
2,164,0
2,165,0
2,166,0
2,167,0
2,168,0
2,169,0
2,170,0
2,171,0
2,172,0
2,173,0
2,174,0
2,175,0
2,176,0
2,177,0
2,178,0
2,179,0
2,180,0
2,181,0
2,182,0
2,183,0
2,184,0
2,185,0
2,186,0
2,187,0
2,188,0
2,189,0
2,190,0
2,191,0
2,192,0
2,193,0
2,194,0
2,215,0
2,217,0
2,219,0
2,221,0
2,223,0
3,0,0
3,1,0
3,2,0
3,4,4
3,5,5
3,6,6
3,7,6
3,8,6
3,9,6
3,10,6
3,11,6
3,12,6
3,13,6
3,14,6
3,15,0
3,16,0
3,17,0
3,18,0
3,19,0
3,20,0
3,21,0
3,22,0
3,23,0
3,24,0
3,25,0
3,26,0
3,27,0
3,28,0
3,29,0
3,30,0
3,31,0
3,32,0
3,33,0
3,34,0
3,35,0
3,36,0
3,37,0
3,38,0
3,39,0
3,40,0
3,41,0
3,42,0
3,43,0
3,44,0
3,45,0
3,46,0
3,47,0
3,48,0
3,49,0
3,50,0
3,51,51
3,52,52
3,53,53
3,54,54
3,55,55
3,56,56
3,57,57
3,58,58
3,59,59
3,60,60
3,61,61
3,62,62
3,63,4
3,64,4
3,65,4
3,66,4
3,67,4
3,68,4
3,69,4
3,70,4
3,71,4
3,72,4
3,73,4
3,74,4
3,75,5
3,76,5
3,77,5
3,78,5
3,79,5
3,80,5
3,81,5
3,82,5
3,83,5
3,84,5
3,85,5
3,86,5
3,87,6
3,88,6
3,89,6
3,90,6
3,91,6
3,92,6
3,93,6
3,94,6
3,95,6
3,96,6
3,97,6
3,98,6
3,99,6
3,100,6
3,101,6
3,102,6
3,103,6
3,104,6
3,105,6
3,106,6
3,107,6
3,108,6
3,109,6
3,110,6
3,111,6
3,112,6
3,113,6
3,114,6
3,115,6
3,116,6
3,117,6
3,118,6
3,119,6
3,120,6
3,121,6
3,122,6
3,123,6
3,124,6
3,125,6
3,126,6
3,127,6
3,128,6
3,129,6
3,130,6
3,131,6
3,132,6
3,133,6
3,134,6
3,135,6
3,136,6
3,137,6
3,138,6
3,139,6
3,140,6
3,141,6
3,142,6
3,143,6
3,144,6
3,145,6
3,146,6
3,147,6
3,148,6
3,149,6
3,150,6
3,151,6
3,152,6
3,153,6
3,154,6
3,155,6
3,156,6
3,157,6
3,158,6
3,159,6
3,160,6
3,161,6
3,162,6
3,163,6
3,164,6
3,165,6
3,166,6
3,167,6
3,168,6
3,169,6
3,170,6
3,171,6
3,172,6
3,173,6
3,174,6
3,175,6
3,176,6
3,177,6
3,178,6
3,179,6
3,180,6
3,181,6
3,182,6
3,183,6
3,184,6
3,185,6
3,186,6
3,187,6
3,188,6
3,189,6
3,190,6
3,191,6
3,192,6
3,193,6
3,194,6
3,215,0
3,217,217
3,219,6
3,221,6
3,223,6
4,0,3
4,1,3
4,2,3
4,3,3
4,5,3
4,6,3
4,7,3
4,8,3
4,9,3
4,10,3
4,11,3
4,12,3
4,13,3
4,14,3
4,15,3
4,16,3
4,17,3
4,18,3
4,19,3
4,20,3
4,21,3
4,22,3
4,23,3
4,24,3
4,25,3
4,26,3
4,27,3
4,28,3
4,29,3
4,30,3
4,31,3
4,32,3
4,33,3
4,34,3
4,35,3
4,36,3
4,37,3
4,38,3
4,39,3
4,40,3
4,41,3
4,42,3
4,43,3
4,44,3
4,45,3
4,46,3
4,47,3
4,48,3
4,49,3
4,50,3
4,51,3
4,52,3
4,53,3
4,54,3
4,55,3
4,56,3
4,57,3
4,58,3
4,59,3
4,60,3
4,61,3
4,62,3
4,63,63
4,64,64
4,65,65
4,66,66
4,67,67
4,68,68
4,69,69
4,70,70
4,71,71
4,72,72
4,73,73
4,74,74
4,75,3
4,76,3
4,77,3
4,78,3
4,79,3
4,80,3
4,81,3
4,82,3
4,83,3
4,84,3
4,85,3
4,86,3
4,87,3
4,88,3
4,89,3
4,90,3
4,91,3
4,92,3
4,93,3
4,94,3
4,95,3
4,96,3
4,97,3
4,98,3
4,99,3
4,100,3
4,101,3
4,102,3
4,103,3
4,104,3
4,105,3
4,106,3
4,107,3
4,108,3
4,109,3
4,110,3
4,111,3
4,112,3
4,113,3
4,114,3
4,115,3
4,116,3
4,117,3
4,118,3
4,119,3
4,120,3
4,121,3
4,122,3
4,123,3
4,124,3
4,125,3
4,126,3
4,127,3
4,128,3
4,129,3
4,130,3
4,131,3
4,132,3
4,133,3
4,134,3
4,135,3
4,136,3
4,137,3
4,138,3
4,139,3
4,140,3
4,141,3
4,142,3
4,143,3
4,144,3
4,145,3
4,146,3
4,147,3
4,148,3
4,149,3
4,150,3
4,151,3
4,152,3
4,153,3
4,154,3
4,155,3
4,156,3
4,157,3
4,158,3
4,159,3
4,160,3
4,161,3
4,162,3
4,163,3
4,164,3
4,165,3
4,166,3
4,167,3
4,168,3
4,169,3
4,170,3
4,171,3
4,172,3
4,173,3
4,174,3
4,175,3
4,176,3
4,177,3
4,178,3
4,179,3
4,180,3
4,181,3
4,182,3
4,183,3
4,184,3
4,185,3
4,186,3
4,187,3
4,188,3
4,189,3
4,190,3
4,191,3
4,192,3
4,193,3
4,194,3
4,215,3
4,217,3
4,219,3
4,221,3
4,223,3
5,0,3
5,1,3
5,2,3
5,3,3
5,4,3
5,6,3
5,7,3
5,8,3
5,9,3
5,10,3
5,11,3
5,12,3
5,13,3
5,14,3
5,15,3
5,16,3
5,17,3
5,18,3
5,19,3
5,20,3
5,21,3
5,22,3
5,23,3
5,24,3
5,25,3
5,26,3
5,27,3
5,28,3
5,29,3
5,30,3
5,31,3
5,32,3
5,33,3
5,34,3
5,35,3
5,36,3
5,37,3
5,38,3
5,39,3
5,40,3
5,41,3
5,42,3
5,43,3
5,44,3
5,45,3
5,46,3
5,47,3
5,48,3
5,49,3
5,50,3
5,51,3
5,52,3
5,53,3
5,54,3
5,55,3
5,56,3
5,57,3
5,58,3
5,59,3
5,60,3
5,61,3
5,62,3
5,63,3
5,64,3
5,65,3
5,66,3
5,67,3
5,68,3
5,69,3
5,70,3
5,71,3
5,72,3
5,73,3
5,74,3
5,75,75
5,76,76
5,77,77
5,78,78
5,79,79
5,80,80
5,81,81
5,82,82
5,83,83
5,84,84
5,85,85
5,86,86
5,87,3
5,88,3
5,89,3
5,90,3
5,91,3
5,92,3
5,93,3
5,94,3
5,95,3
5,96,3
5,97,3
5,98,3
5,99,3
5,100,3
5,101,3
5,102,3
5,103,3
5,104,3
5,105,3
5,106,3
5,107,3
5,108,3
5,109,3
5,110,3
5,111,3
5,112,3
5,113,3
5,114,3
5,115,3
5,116,3
5,117,3
5,118,3
5,119,3
5,120,3
5,121,3
5,122,3
5,123,3
5,124,3
5,125,3
5,126,3
5,127,3
5,128,3
5,129,3
5,130,3
5,131,3
5,132,3
5,133,3
5,134,3
5,135,3
5,136,3
5,137,3
5,138,3
5,139,3
5,140,3
5,141,3
5,142,3
5,143,3
5,144,3
5,145,3
5,146,3
5,147,3
5,148,3
5,149,3
5,150,3
5,151,3
5,152,3
5,153,3
5,154,3
5,155,3
5,156,3
5,157,3
5,158,3
5,159,3
5,160,3
5,161,3
5,162,3
5,163,3
5,164,3
5,165,3
5,166,3
5,167,3
5,168,3
5,169,3
5,170,3
5,171,3
5,172,3
5,173,3
5,174,3
5,175,3
5,176,3
5,177,3
5,178,3
5,179,3
5,180,3
5,181,3
5,182,3
5,183,3
5,184,3
5,185,3
5,186,3
5,187,3
5,188,3
5,189,3
5,190,3
5,191,3
5,192,3
5,193,3
5,194,3
5,215,3
5,217,3
5,219,3
5,221,3
5,223,3
6,0,3
6,1,3
6,2,3
6,3,3
6,4,3
6,5,3
6,7,7
6,8,8
6,9,9
6,10,9
6,11,9
6,12,9
6,13,9
6,14,9
6,15,3
6,16,3
6,17,3
6,18,3
6,19,3
6,20,3
6,21,3
6,22,3
6,23,3
6,24,3
6,25,3
6,26,3
6,27,3
6,28,3
6,29,3
6,30,3
6,31,3
6,32,3
6,33,3
6,34,3
6,35,3
6,36,3
6,37,3
6,38,3
6,39,3
6,40,3
6,41,3
6,42,3
6,43,3
6,44,3
6,45,3
6,46,3
6,47,3
6,48,3
6,49,3
6,50,3
6,51,3
6,52,3
6,53,3
6,54,3
6,55,3
6,56,3
6,57,3
6,58,3
6,59,3
6,60,3
6,61,3
6,62,3
6,63,3
6,64,3
6,65,3
6,66,3
6,67,3
6,68,3
6,69,3
6,70,3
6,71,3
6,72,3
6,73,3
6,74,3
6,75,3
6,76,3
6,77,3
6,78,3
6,79,3
6,80,3
6,81,3
6,82,3
6,83,3
6,84,3
6,85,3
6,86,3
6,87,87
6,88,88
6,89,89
6,90,90
6,91,91
6,92,92
6,93,93
6,94,94
6,95,95
6,96,96
6,97,97
6,98,98
6,99,7
6,100,7
6,101,7
6,102,7
6,103,7
6,104,7
6,105,7
6,106,7
6,107,7
6,108,7
6,109,7
6,110,7
6,111,8
6,112,8
6,113,8
6,114,8
6,115,8
6,116,8
6,117,8
6,118,8
6,119,8
6,120,8
6,121,8
6,122,8
6,123,9
6,124,9
6,125,9
6,126,9
6,127,9
6,128,9
6,129,9
6,130,9
6,131,9
6,132,9
6,133,9
6,134,9
6,135,9
6,136,9
6,137,9
6,138,9
6,139,9
6,140,9
6,141,9
6,142,9
6,143,9
6,144,9
6,145,9
6,146,9
6,147,9
6,148,9
6,149,9
6,150,9
6,151,9
6,152,9
6,153,9
6,154,9
6,155,9
6,156,9
6,157,9
6,158,9
6,159,9
6,160,9
6,161,9
6,162,9
6,163,9
6,164,9
6,165,9
6,166,9
6,167,9
6,168,9
6,169,9
6,170,9
6,171,9
6,172,9
6,173,9
6,174,9
6,175,9
6,176,9
6,177,9
6,178,9
6,179,9
6,180,9
6,181,9
6,182,9
6,183,9
6,184,9
6,185,9
6,186,9
6,187,9
6,188,9
6,189,9
6,190,9
6,191,9
6,192,9
6,193,9
6,194,9
6,215,3
6,217,3
6,219,219
6,221,9
6,223,9
7,0,6
7,1,6
7,2,6
7,3,6
7,4,6
7,5,6
7,6,6
7,8,6
7,9,6
7,10,6
7,11,6
7,12,6
7,13,6
7,14,6
7,15,6
7,16,6
7,17,6
7,18,6
7,19,6
7,20,6
7,21,6
7,22,6
7,23,6
7,24,6
7,25,6
7,26,6
7,27,6
7,28,6
7,29,6
7,30,6
7,31,6
7,32,6
7,33,6
7,34,6
7,35,6
7,36,6
7,37,6
7,38,6
7,39,6
7,40,6
7,41,6
7,42,6
7,43,6
7,44,6
7,45,6
7,46,6
7,47,6
7,48,6
7,49,6
7,50,6
7,51,6
7,52,6
7,53,6
7,54,6
7,55,6
7,56,6
7,57,6
7,58,6
7,59,6
7,60,6
7,61,6
7,62,6
7,63,6
7,64,6
7,65,6
7,66,6
7,67,6
7,68,6
7,69,6
7,70,6
7,71,6
7,72,6
7,73,6
7,74,6
7,75,6
7,76,6
7,77,6
7,78,6
7,79,6
7,80,6
7,81,6
7,82,6
7,83,6
7,84,6
7,85,6
7,86,6
7,87,6
7,88,6
7,89,6
7,90,6
7,91,6
7,92,6
7,93,6
7,94,6
7,95,6
7,96,6
7,97,6
7,98,6
7,99,99
7,100,100
7,101,101
7,102,102
7,103,103
7,104,104
7,105,105
7,106,106
7,107,107
7,108,108
7,109,109
7,110,110
7,111,6
7,112,6
7,113,6
7,114,6
7,115,6
7,116,6
7,117,6
7,118,6
7,119,6
7,120,6
7,121,6
7,122,6
7,123,6
7,124,6
7,125,6
7,126,6
7,127,6
7,128,6
7,129,6
7,130,6
7,131,6
7,132,6
7,133,6
7,134,6
7,135,6
7,136,6
7,137,6
7,138,6
7,139,6
7,140,6
7,141,6
7,142,6
7,143,6
7,144,6
7,145,6
7,146,6
7,147,6
7,148,6
7,149,6
7,150,6
7,151,6
7,152,6
7,153,6
7,154,6
7,155,6
7,156,6
7,157,6
7,158,6
7,159,6
7,160,6
7,161,6
7,162,6
7,163,6
7,164,6
7,165,6
7,166,6
7,167,6
7,168,6
7,169,6
7,170,6
7,171,6
7,172,6
7,173,6
7,174,6
7,175,6
7,176,6
7,177,6
7,178,6
7,179,6
7,180,6
7,181,6
7,182,6
7,183,6
7,184,6
7,185,6
7,186,6
7,187,6
7,188,6
7,189,6
7,190,6
7,191,6
7,192,6
7,193,6
7,194,6
7,215,6
7,217,6
7,219,6
7,221,6
7,223,6
8,0,6
8,1,6
8,2,6
8,3,6
8,4,6
8,5,6
8,6,6
8,7,6
8,9,6
8,10,6
8,11,6
8,12,6
8,13,6
8,14,6
8,15,6
8,16,6
8,17,6
8,18,6
8,19,6
8,20,6
8,21,6
8,22,6
8,23,6
8,24,6
8,25,6
8,26,6
8,27,6
8,28,6
8,29,6
8,30,6
8,31,6
8,32,6
8,33,6
8,34,6
8,35,6
8,36,6
8,37,6
8,38,6
8,39,6
8,40,6
8,41,6
8,42,6
8,43,6
8,44,6
8,45,6
8,46,6
8,47,6
8,48,6
8,49,6
8,50,6
8,51,6
8,52,6
8,53,6
8,54,6
8,55,6
8,56,6
8,57,6
8,58,6
8,59,6
8,60,6
8,61,6
8,62,6
8,63,6
8,64,6
8,65,6
8,66,6
8,67,6
8,68,6
8,69,6
8,70,6
8,71,6
8,72,6
8,73,6
8,74,6
8,75,6
8,76,6
8,77,6
8,78,6
8,79,6
8,80,6
8,81,6
8,82,6
8,83,6
8,84,6
8,85,6
8,86,6
8,87,6
8,88,6
8,89,6
8,90,6
8,91,6
8,92,6
8,93,6
8,94,6
8,95,6
8,96,6
8,97,6
8,98,6
8,99,6
8,100,6
8,101,6
8,102,6
8,103,6
8,104,6
8,105,6
8,106,6
8,107,6
8,108,6
8,109,6
8,110,6
8,111,111
8,112,112
8,113,113
8,114,114
8,115,115
8,116,116
8,117,117
8,118,118
8,119,119
8,120,120
8,121,121
8,122,122
8,123,6
8,124,6
8,125,6
8,126,6
8,127,6
8,128,6
8,129,6
8,130,6
8,131,6
8,132,6
8,133,6
8,134,6
8,135,6
8,136,6
8,137,6
8,138,6
8,139,6
8,140,6
8,141,6
8,142,6
8,143,6
8,144,6
8,145,6
8,146,6
8,147,6
8,148,6
8,149,6
8,150,6
8,151,6
8,152,6
8,153,6
8,154,6
8,155,6
8,156,6
8,157,6
8,158,6
8,159,6
8,160,6
8,161,6
8,162,6
8,163,6
8,164,6
8,165,6
8,166,6
8,167,6
8,168,6
8,169,6
8,170,6
8,171,6
8,172,6
8,173,6
8,174,6
8,175,6
8,176,6
8,177,6
8,178,6
8,179,6
8,180,6
8,181,6
8,182,6
8,183,6
8,184,6
8,185,6
8,186,6
8,187,6
8,188,6
8,189,6
8,190,6
8,191,6
8,192,6
8,193,6
8,194,6
8,215,6
8,217,6
8,219,6
8,221,6
8,223,6
9,0,6
9,1,6
9,2,6
9,3,6
9,4,6
9,5,6
9,6,6
9,7,6
9,8,6
9,10,10
9,11,11
9,12,12
9,13,12
9,14,12
9,15,6
9,16,6
9,17,6
9,18,6
9,19,6
9,20,6
9,21,6
9,22,6
9,23,6
9,24,6
9,25,6
9,26,6
9,27,6
9,28,6
9,29,6
9,30,6
9,31,6
9,32,6
9,33,6
9,34,6
9,35,6
9,36,6
9,37,6
9,38,6
9,39,6
9,40,6
9,41,6
9,42,6
9,43,6
9,44,6
9,45,6
9,46,6
9,47,6
9,48,6
9,49,6
9,50,6
9,51,6
9,52,6
9,53,6
9,54,6
9,55,6
9,56,6
9,57,6
9,58,6
9,59,6
9,60,6
9,61,6
9,62,6
9,63,6
9,64,6
9,65,6
9,66,6
9,67,6
9,68,6
9,69,6
9,70,6
9,71,6
9,72,6
9,73,6
9,74,6
9,75,6
9,76,6
9,77,6
9,78,6
9,79,6
9,80,6
9,81,6
9,82,6
9,83,6
9,84,6
9,85,6
9,86,6
9,87,6
9,88,6
9,89,6
9,90,6
9,91,6
9,92,6
9,93,6
9,94,6
9,95,6
9,96,6
9,97,6
9,98,6
9,99,6
9,100,6
9,101,6
9,102,6
9,103,6
9,104,6
9,105,6
9,106,6
9,107,6
9,108,6
9,109,6
9,110,6
9,111,6
9,112,6
9,113,6
9,114,6
9,115,6
9,116,6
9,117,6
9,118,6
9,119,6
9,120,6
9,121,6
9,122,6
9,123,123
9,124,124
9,125,125
9,126,126
9,127,127
9,128,128
9,129,129
9,130,130
9,131,131
9,132,132
9,133,133
9,134,134
9,135,10
9,136,10
9,137,10
9,138,10
9,139,10
9,140,10
9,141,10
9,142,10
9,143,10
9,144,10
9,145,10
9,146,10
9,147,11
9,148,11
9,149,11
9,150,11
9,151,11
9,152,11
9,153,11
9,154,11
9,155,11
9,156,11
9,157,11
9,158,11
9,159,12
9,160,12
9,161,12
9,162,12
9,163,12
9,164,12
9,165,12
9,166,12
9,167,12
9,168,12
9,169,12
9,170,12
9,171,12
9,172,12
9,173,12
9,174,12
9,175,12
9,176,12
9,177,12
9,178,12
9,179,12
9,180,12
9,181,12
9,182,12
9,183,12
9,184,12
9,185,12
9,186,12
9,187,12
9,188,12
9,189,12
9,190,12
9,191,12
9,192,12
9,193,12
9,194,12
9,215,6
9,217,6
9,219,6
9,221,221
9,223,12
10,0,9
10,1,9
10,2,9
10,3,9
10,4,9
10,5,9
10,6,9
10,7,9
10,8,9
10,9,9
10,11,9
10,12,9
10,13,9
10,14,9
10,15,9
10,16,9
10,17,9
10,18,9
10,19,9
10,20,9
10,21,9
10,22,9
10,23,9
10,24,9
10,25,9
10,26,9
10,27,9
10,28,9
10,29,9
10,30,9
10,31,9
10,32,9
10,33,9
10,34,9
10,35,9
10,36,9
10,37,9
10,38,9
10,39,9
10,40,9
10,41,9
10,42,9
10,43,9
10,44,9
10,45,9
10,46,9
10,47,9
10,48,9
10,49,9
10,50,9
10,51,9
10,52,9
10,53,9
10,54,9
10,55,9
10,56,9
10,57,9
10,58,9
10,59,9
10,60,9
10,61,9
10,62,9
10,63,9
10,64,9
10,65,9
10,66,9
10,67,9
10,68,9
10,69,9
10,70,9
10,71,9
10,72,9
10,73,9
10,74,9
10,75,9
10,76,9
10,77,9
10,78,9
10,79,9
10,80,9
10,81,9
10,82,9
10,83,9
10,84,9
10,85,9
10,86,9
10,87,9
10,88,9
10,89,9
10,90,9
10,91,9
10,92,9
10,93,9
10,94,9
10,95,9
10,96,9
10,97,9
10,98,9
10,99,9
10,100,9
10,101,9
10,102,9
10,103,9
10,104,9
10,105,9
10,106,9
10,107,9
10,108,9
10,109,9
10,110,9
10,111,9
10,112,9
10,113,9
10,114,9
10,115,9
10,116,9
10,117,9
10,118,9
10,119,9
10,120,9
10,121,9
10,122,9
10,123,9
10,124,9
10,125,9
10,126,9
10,127,9
10,128,9
10,129,9
10,130,9
10,131,9
10,132,9
10,133,9
10,134,9
10,135,135
10,136,136
10,137,137
10,138,138
10,139,139
10,140,140
10,141,141
10,142,142
10,143,143
10,144,144
10,145,145
10,146,146
10,147,9
10,148,9
10,149,9
10,150,9
10,151,9
10,152,9
10,153,9
10,154,9
10,155,9
10,156,9
10,157,9
10,158,9
10,159,9
10,160,9
10,161,9
10,162,9
10,163,9
10,164,9
10,165,9
10,166,9
10,167,9
10,168,9
10,169,9
10,170,9
10,171,9
10,172,9
10,173,9
10,174,9
10,175,9
10,176,9
10,177,9
10,178,9
10,179,9
10,180,9
10,181,9
10,182,9
10,183,9
10,184,9
10,185,9
10,186,9
10,187,9
10,188,9
10,189,9
10,190,9
10,191,9
10,192,9
10,193,9
10,194,9
10,215,9
10,217,9
10,219,9
10,221,9
10,223,9
11,0,9
11,1,9
11,2,9
11,3,9
11,4,9
11,5,9
11,6,9
11,7,9
11,8,9
11,9,9
11,10,9
11,12,9
11,13,9
11,14,9
11,15,9
11,16,9
11,17,9
11,18,9
11,19,9
11,20,9
11,21,9
11,22,9
11,23,9
11,24,9
11,25,9
11,26,9
11,27,9
11,28,9
11,29,9
11,30,9
11,31,9
11,32,9
11,33,9
11,34,9
11,35,9
11,36,9
11,37,9
11,38,9
11,39,9
11,40,9
11,41,9
11,42,9
11,43,9
11,44,9
11,45,9
11,46,9
11,47,9
11,48,9
11,49,9
11,50,9
11,51,9
11,52,9
11,53,9
11,54,9
11,55,9
11,56,9
11,57,9
11,58,9
11,59,9
11,60,9
11,61,9
11,62,9
11,63,9
11,64,9
11,65,9
11,66,9
11,67,9
11,68,9
11,69,9
11,70,9
11,71,9
11,72,9
11,73,9
11,74,9
11,75,9
11,76,9
11,77,9
11,78,9
11,79,9
11,80,9
11,81,9
11,82,9
11,83,9
11,84,9
11,85,9
11,86,9
11,87,9
11,88,9
11,89,9
11,90,9
11,91,9
11,92,9
11,93,9
11,94,9
11,95,9
11,96,9
11,97,9
11,98,9
11,99,9
11,100,9
11,101,9
11,102,9
11,103,9
11,104,9
11,105,9
11,106,9
11,107,9
11,108,9
11,109,9
11,110,9
11,111,9
11,112,9
11,113,9
11,114,9
11,115,9
11,116,9
11,117,9
11,118,9
11,119,9
11,120,9
11,121,9
11,122,9
11,123,9
11,124,9
11,125,9
11,126,9
11,127,9
11,128,9
11,129,9
11,130,9
11,131,9
11,132,9
11,133,9
11,134,9
11,135,9
11,136,9
11,137,9
11,138,9
11,139,9
11,140,9
11,141,9
11,142,9
11,143,9
11,144,9
11,145,9
11,146,9
11,147,147
11,148,148
11,149,149
11,150,150
11,151,151
11,152,152
11,153,153
11,154,154
11,155,155
11,156,156
11,157,157
11,158,158
11,159,9
11,160,9
11,161,9
11,162,9
11,163,9
11,164,9
11,165,9
11,166,9
11,167,9
11,168,9
11,169,9
11,170,9
11,171,9
11,172,9
11,173,9
11,174,9
11,175,9
11,176,9
11,177,9
11,178,9
11,179,9
11,180,9
11,181,9
11,182,9
11,183,9
11,184,9
11,185,9
11,186,9
11,187,9
11,188,9
11,189,9
11,190,9
11,191,9
11,192,9
11,193,9
11,194,9
11,215,9
11,217,9
11,219,9
11,221,9
11,223,9
12,0,9
12,1,9
12,2,9
12,3,9
12,4,9
12,5,9
12,6,9
12,7,9
12,8,9
12,9,9
12,10,9
12,11,9
12,13,13
12,14,14
12,15,9
12,16,9
12,17,9
12,18,9
12,19,9
12,20,9
12,21,9
12,22,9
12,23,9
12,24,9
12,25,9
12,26,9
12,27,9
12,28,9
12,29,9
12,30,9
12,31,9
12,32,9
12,33,9
12,34,9
12,35,9
12,36,9
12,37,9
12,38,9
12,39,9
12,40,9
12,41,9
12,42,9
12,43,9
12,44,9
12,45,9
12,46,9
12,47,9
12,48,9
12,49,9
12,50,9
12,51,9
12,52,9
12,53,9
12,54,9
12,55,9
12,56,9
12,57,9
12,58,9
12,59,9
12,60,9
12,61,9
12,62,9
12,63,9
12,64,9
12,65,9
12,66,9
12,67,9
12,68,9
12,69,9
12,70,9
12,71,9
12,72,9
12,73,9
12,74,9
12,75,9
12,76,9
12,77,9
12,78,9
12,79,9
12,80,9
12,81,9
12,82,9
12,83,9
12,84,9
12,85,9
12,86,9
12,87,9
12,88,9
12,89,9
12,90,9
12,91,9
12,92,9
12,93,9
12,94,9
12,95,9
12,96,9
12,97,9
12,98,9
12,99,9
12,100,9
12,101,9
12,102,9
12,103,9
12,104,9
12,105,9
12,106,9
12,107,9
12,108,9
12,109,9
12,110,9
12,111,9
12,112,9
12,113,9
12,114,9
12,115,9
12,116,9
12,117,9
12,118,9
12,119,9
12,120,9
12,121,9
12,122,9
12,123,9
12,124,9
12,125,9
12,126,9
12,127,9
12,128,9
12,129,9
12,130,9
12,131,9
12,132,9
12,133,9
12,134,9
12,135,9
12,136,9
12,137,9
12,138,9
12,139,9
12,140,9
12,141,9
12,142,9
12,143,9
12,144,9
12,145,9
12,146,9
12,147,9
12,148,9
12,149,9
12,150,9
12,151,9
12,152,9
12,153,9
12,154,9
12,155,9
12,156,9
12,157,9
12,158,9
12,159,159
12,160,160
12,161,161
12,162,162
12,163,163
12,164,164
12,165,165
12,166,166
12,167,167
12,168,168
12,169,169
12,170,170
12,171,13
12,172,13
12,173,13
12,174,13
12,175,13
12,176,13
12,177,13
12,178,13
12,179,13
12,180,13
12,181,13
12,182,13
12,183,14
12,184,14
12,185,14
12,186,14
12,187,14
12,188,14
12,189,14
12,190,14
12,191,14
12,192,14
12,193,14
12,194,14
12,215,9
12,217,9
12,219,9
12,221,9
12,223,223
13,0,12
13,1,12
13,2,12
13,3,12
13,4,12
13,5,12
13,6,12
13,7,12
13,8,12
13,9,12
13,10,12
13,11,12
13,12,12
13,14,12
13,15,12
13,16,12
13,17,12
13,18,12
13,19,12
13,20,12
13,21,12
13,22,12
13,23,12
13,24,12
13,25,12
13,26,12
13,27,12
13,28,12
13,29,12
13,30,12
13,31,12
13,32,12
13,33,12
13,34,12
13,35,12
13,36,12
13,37,12
13,38,12
13,39,12
13,40,12
13,41,12
13,42,12
13,43,12
13,44,12
13,45,12
13,46,12
13,47,12
13,48,12
13,49,12
13,50,12
13,51,12
13,52,12
13,53,12
13,54,12
13,55,12
13,56,12
13,57,12
13,58,12
13,59,12
13,60,12
13,61,12
13,62,12
13,63,12
13,64,12
13,65,12
13,66,12
13,67,12
13,68,12
13,69,12
13,70,12
13,71,12
13,72,12
13,73,12
13,74,12
13,75,12
13,76,12
13,77,12
13,78,12
13,79,12
13,80,12
13,81,12
13,82,12
13,83,12
13,84,12
13,85,12
13,86,12
13,87,12
13,88,12
13,89,12
13,90,12
13,91,12
13,92,12
13,93,12
13,94,12
13,95,12
13,96,12
13,97,12
13,98,12
13,99,12
13,100,12
13,101,12
13,102,12
13,103,12
13,104,12
13,105,12
13,106,12
13,107,12
13,108,12
13,109,12
13,110,12
13,111,12
13,112,12
13,113,12
13,114,12
13,115,12
13,116,12
13,117,12
13,118,12
13,119,12
13,120,12
13,121,12
13,122,12
13,123,12
13,124,12
13,125,12
13,126,12
13,127,12
13,128,12
13,129,12
13,130,12
13,131,12
13,132,12
13,133,12
13,134,12
13,135,12
13,136,12
13,137,12
13,138,12
13,139,12
13,140,12
13,141,12
13,142,12
13,143,12
13,144,12
13,145,12
13,146,12
13,147,12
13,148,12
13,149,12
13,150,12
13,151,12
13,152,12
13,153,12
13,154,12
13,155,12
13,156,12
13,157,12
13,158,12
13,159,12
13,160,12
13,161,12
13,162,12
13,163,12
13,164,12
13,165,12
13,166,12
13,167,12
13,168,12
13,169,12
13,170,12
13,171,171
13,172,172
13,173,173
13,174,174
13,175,175
13,176,176
13,177,177
13,178,178
13,179,179
13,180,180
13,181,181
13,182,182
13,183,12
13,184,12
13,185,12
13,186,12
13,187,12
13,188,12
13,189,12
13,190,12
13,191,12
13,192,12
13,193,12
13,194,12
13,215,12
13,217,12
13,219,12
13,221,12
13,223,12
14,0,12
14,1,12
14,2,12
14,3,12
14,4,12
14,5,12
14,6,12
14,7,12
14,8,12
14,9,12
14,10,12
14,11,12
14,12,12
14,13,12
14,15,12
14,16,12
14,17,12
14,18,12
14,19,12
14,20,12
14,21,12
14,22,12
14,23,12
14,24,12
14,25,12
14,26,12
14,27,12
14,28,12
14,29,12
14,30,12
14,31,12
14,32,12
14,33,12
14,34,12
14,35,12
14,36,12
14,37,12
14,38,12
14,39,12
14,40,12
14,41,12
14,42,12
14,43,12
14,44,12
14,45,12
14,46,12
14,47,12
14,48,12
14,49,12
14,50,12
14,51,12
14,52,12
14,53,12
14,54,12
14,55,12
14,56,12
14,57,12
14,58,12
14,59,12
14,60,12
14,61,12
14,62,12
14,63,12
14,64,12
14,65,12
14,66,12
14,67,12
14,68,12
14,69,12
14,70,12
14,71,12
14,72,12
14,73,12
14,74,12
14,75,12
14,76,12
14,77,12
14,78,12
14,79,12
14,80,12
14,81,12
14,82,12
14,83,12
14,84,12
14,85,12
14,86,12
14,87,12
14,88,12
14,89,12
14,90,12
14,91,12
14,92,12
14,93,12
14,94,12
14,95,12
14,96,12
14,97,12
14,98,12
14,99,12
14,100,12
14,101,12
14,102,12
14,103,12
14,104,12
14,105,12
14,106,12
14,107,12
14,108,12
14,109,12
14,110,12
14,111,12
14,112,12
14,113,12
14,114,12
14,115,12
14,116,12
14,117,12
14,118,12
14,119,12
14,120,12
14,121,12
14,122,12
14,123,12
14,124,12
14,125,12
14,126,12
14,127,12
14,128,12
14,129,12
14,130,12
14,131,12
14,132,12
14,133,12
14,134,12
14,135,12
14,136,12
14,137,12
14,138,12
14,139,12
14,140,12
14,141,12
14,142,12
14,143,12
14,144,12
14,145,12
14,146,12
14,147,12
14,148,12
14,149,12
14,150,12
14,151,12
14,152,12
14,153,12
14,154,12
14,155,12
14,156,12
14,157,12
14,158,12
14,159,12
14,160,12
14,161,12
14,162,12
14,163,12
14,164,12
14,165,12
14,166,12
14,167,12
14,168,12
14,169,12
14,170,12
14,171,12
14,172,12
14,173,12
14,174,12
14,175,12
14,176,12
14,177,12
14,178,12
14,179,12
14,180,12
14,181,12
14,182,12
14,183,183
14,184,184
14,185,185
14,186,186
14,187,187
14,188,188
14,189,189
14,190,190
14,191,191
14,192,192
14,193,193
14,194,194
14,215,12
14,217,12
14,219,12
14,221,12
14,223,12
15,0,0
15,1,0
15,2,0
15,3,0
15,4,0
15,5,0
15,6,0
15,7,0
15,8,0
15,9,0
15,10,0
15,11,0
15,12,0
15,13,0
15,14,0
15,16,0
15,17,0
15,18,0
15,19,0
15,20,0
15,21,0
15,22,0
15,23,0
15,24,0
15,25,0
15,26,0
15,27,0
15,28,0
15,29,0
15,30,0
15,31,0
15,32,0
15,33,0
15,34,0
15,35,0
15,36,0
15,37,0
15,38,0
15,39,0
15,40,0
15,41,0
15,42,0
15,43,0
15,44,0
15,45,0
15,46,0
15,47,0
15,48,0
15,49,0
15,50,0
15,51,0
15,52,0
15,53,0
15,54,0
15,55,0
15,56,0
15,57,0
15,58,0
15,59,0
15,60,0
15,61,0
15,62,0
15,63,0
15,64,0
15,65,0
15,66,0
15,67,0
15,68,0
15,69,0
15,70,0
15,71,0
15,72,0
15,73,0
15,74,0
15,75,0
15,76,0
15,77,0
15,78,0
15,79,0
15,80,0
15,81,0
15,82,0
15,83,0
15,84,0
15,85,0
15,86,0
15,87,0
15,88,0
15,89,0
15,90,0
15,91,0
15,92,0
15,93,0
15,94,0
15,95,0
15,96,0
15,97,0
15,98,0
15,99,0
15,100,0
15,101,0
15,102,0
15,103,0
15,104,0
15,105,0
15,106,0
15,107,0
15,108,0
15,109,0
15,110,0
15,111,0
15,112,0
15,113,0
15,114,0
15,115,0
15,116,0
15,117,0
15,118,0
15,119,0
15,120,0
15,121,0
15,122,0
15,123,0
15,124,0
15,125,0
15,126,0
15,127,0
15,128,0
15,129,0
15,130,0
15,131,0
15,132,0
15,133,0
15,134,0
15,135,0
15,136,0
15,137,0
15,138,0
15,139,0
15,140,0
15,141,0
15,142,0
15,143,0
15,144,0
15,145,0
15,146,0
15,147,0
15,148,0
15,149,0
15,150,0
15,151,0
15,152,0
15,153,0
15,154,0
15,155,0
15,156,0
15,157,0
15,158,0
15,159,0
15,160,0
15,161,0
15,162,0
15,163,0
15,164,0
15,165,0
15,166,0
15,167,0
15,168,0
15,169,0
15,170,0
15,171,0
15,172,0
15,173,0
15,174,0
15,175,0
15,176,0
15,177,0
15,178,0
15,179,0
15,180,0
15,181,0
15,182,0
15,183,0
15,184,0
15,185,0
15,186,0
15,187,0
15,188,0
15,189,0
15,190,0
15,191,0
15,192,0
15,193,0
15,194,0
15,215,0
15,217,0
15,219,0
15,221,0
15,223,0
16,0,0
16,1,0
16,2,0
16,3,0
16,4,0
16,5,0
16,6,0
16,7,0
16,8,0
16,9,0
16,10,0
16,11,0
16,12,0
16,13,0
16,14,0
16,15,0
16,17,0
16,18,0
16,19,0
16,20,0
16,21,0
16,22,0
16,23,0
16,24,0
16,25,0
16,26,0
16,27,0
16,28,0
16,29,0
16,30,0
16,31,0
16,32,0
16,33,0
16,34,0
16,35,0
16,36,0
16,37,0
16,38,0
16,39,0
16,40,0
16,41,0
16,42,0
16,43,0
16,44,0
16,45,0
16,46,0
16,47,0
16,48,0
16,49,0
16,50,0
16,51,0
16,52,0
16,53,0
16,54,0
16,55,0
16,56,0
16,57,0
16,58,0
16,59,0
16,60,0
16,61,0
16,62,0
16,63,0
16,64,0
16,65,0
16,66,0
16,67,0
16,68,0
16,69,0
16,70,0
16,71,0
16,72,0
16,73,0
16,74,0
16,75,0
16,76,0
16,77,0
16,78,0
16,79,0
16,80,0
16,81,0
16,82,0
16,83,0
16,84,0
16,85,0
16,86,0
16,87,0
16,88,0
16,89,0
16,90,0
16,91,0
16,92,0
16,93,0
16,94,0
16,95,0
16,96,0
16,97,0
16,98,0
16,99,0
16,100,0
16,101,0
16,102,0
16,103,0
16,104,0
16,105,0
16,106,0
16,107,0
16,108,0
16,109,0
16,110,0
16,111,0
16,112,0
16,113,0
16,114,0
16,115,0
16,116,0
16,117,0
16,118,0
16,119,0
16,120,0
16,121,0
16,122,0
16,123,0
16,124,0
16,125,0
16,126,0
16,127,0
16,128,0
16,129,0
16,130,0
16,131,0
16,132,0
16,133,0
16,134,0
16,135,0
16,136,0
16,137,0
16,138,0
16,139,0
16,140,0
16,141,0
16,142,0
16,143,0
16,144,0
16,145,0
16,146,0
16,147,0
16,148,0
16,149,0
16,150,0
16,151,0
16,152,0
16,153,0
16,154,0
16,155,0
16,156,0
16,157,0
16,158,0
16,159,0
16,160,0
16,161,0
16,162,0
16,163,0
16,164,0
16,165,0
16,166,0
16,167,0
16,168,0
16,169,0
16,170,0
16,171,0
16,172,0
16,173,0
16,174,0
16,175,0
16,176,0
16,177,0
16,178,0
16,179,0
16,180,0
16,181,0
16,182,0
16,183,0
16,184,0
16,185,0
16,186,0
16,187,0
16,188,0
16,189,0
16,190,0
16,191,0
16,192,0
16,193,0
16,194,0
16,215,0
16,217,0
16,219,0
16,221,0
16,223,0
17,0,0
17,1,0
17,2,0
17,3,0
17,4,0
17,5,0
17,6,0
17,7,0
17,8,0
17,9,0
17,10,0
17,11,0
17,12,0
17,13,0
17,14,0
17,15,0
17,16,0
17,18,0
17,19,0
17,20,0
17,21,0
17,22,0
17,23,0
17,24,0
17,25,0
17,26,0
17,27,0
17,28,0
17,29,0
17,30,0
17,31,0
17,32,0
17,33,0
17,34,0
17,35,0
17,36,0
17,37,0
17,38,0
17,39,0
17,40,0
17,41,0
17,42,0
17,43,0
17,44,0
17,45,0
17,46,0
17,47,0
17,48,0
17,49,0
17,50,0
17,51,0
17,52,0
17,53,0
17,54,0
17,55,0
17,56,0
17,57,0
17,58,0
17,59,0
17,60,0
17,61,0
17,62,0
17,63,0
17,64,0
17,65,0
17,66,0
17,67,0
17,68,0
17,69,0
17,70,0
17,71,0
17,72,0
17,73,0
17,74,0
17,75,0
17,76,0
17,77,0
17,78,0
17,79,0
17,80,0
17,81,0
17,82,0
17,83,0
17,84,0
17,85,0
17,86,0
17,87,0
17,88,0
17,89,0
17,90,0
17,91,0
17,92,0
17,93,0
17,94,0
17,95,0
17,96,0
17,97,0
17,98,0
17,99,0
17,100,0
17,101,0
17,102,0
17,103,0
17,104,0
17,105,0
17,106,0
17,107,0
17,108,0
17,109,0
17,110,0
17,111,0
17,112,0
17,113,0
17,114,0
17,115,0
17,116,0
17,117,0
17,118,0
17,119,0
17,120,0
17,121,0
17,122,0
17,123,0
17,124,0
17,125,0
17,126,0
17,127,0
17,128,0
17,129,0
17,130,0
17,131,0
17,132,0
17,133,0
17,134,0
17,135,0
17,136,0
17,137,0
17,138,0
17,139,0
17,140,0
17,141,0
17,142,0
17,143,0
17,144,0
17,145,0
17,146,0
17,147,0
17,148,0
17,149,0
17,150,0
17,151,0
17,152,0
17,153,0
17,154,0
17,155,0
17,156,0
17,157,0
17,158,0
17,159,0
17,160,0
17,161,0
17,162,0
17,163,0
17,164,0
17,165,0
17,166,0
17,167,0
17,168,0
17,169,0
17,170,0
17,171,0
17,172,0
17,173,0
17,174,0
17,175,0
17,176,0
17,177,0
17,178,0
17,179,0
17,180,0
17,181,0
17,182,0
17,183,0
17,184,0
17,185,0
17,186,0
17,187,0
17,188,0
17,189,0
17,190,0
17,191,0
17,192,0
17,193,0
17,194,0
17,215,0
17,217,0
17,219,0
17,221,0
17,223,0
18,0,0
18,1,0
18,2,0
18,3,0
18,4,0
18,5,0
18,6,0
18,7,0
18,8,0
18,9,0
18,10,0
18,11,0
18,12,0
18,13,0
18,14,0
18,15,0
18,16,0
18,17,0
18,19,0
18,20,0
18,21,0
18,22,0
18,23,0
18,24,0
18,25,0
18,26,0
18,27,0
18,28,0
18,29,0
18,30,0
18,31,0
18,32,0
18,33,0
18,34,0
18,35,0
18,36,0
18,37,0
18,38,0
18,39,0
18,40,0
18,41,0
18,42,0
18,43,0
18,44,0
18,45,0
18,46,0
18,47,0
18,48,0
18,49,0
18,50,0
18,51,0
18,52,0
18,53,0
18,54,0
18,55,0
18,56,0
18,57,0
18,58,0
18,59,0
18,60,0
18,61,0
18,62,0
18,63,0
18,64,0
18,65,0
18,66,0
18,67,0
18,68,0
18,69,0
18,70,0
18,71,0
18,72,0
18,73,0
18,74,0
18,75,0
18,76,0
18,77,0
18,78,0
18,79,0
18,80,0
18,81,0
18,82,0
18,83,0
18,84,0
18,85,0
18,86,0
18,87,0
18,88,0
18,89,0
18,90,0
18,91,0
18,92,0
18,93,0
18,94,0
18,95,0
18,96,0
18,97,0
18,98,0
18,99,0
18,100,0
18,101,0
18,102,0
18,103,0
18,104,0
18,105,0
18,106,0
18,107,0
18,108,0
18,109,0
18,110,0
18,111,0
18,112,0
18,113,0
18,114,0
18,115,0
18,116,0
18,117,0
18,118,0
18,119,0
18,120,0
18,121,0
18,122,0
18,123,0
18,124,0
18,125,0
18,126,0
18,127,0
18,128,0
18,129,0
18,130,0
18,131,0
18,132,0
18,133,0
18,134,0
18,135,0
18,136,0
18,137,0
18,138,0
18,139,0
18,140,0
18,141,0
18,142,0
18,143,0
18,144,0
18,145,0
18,146,0
18,147,0
18,148,0
18,149,0
18,150,0
18,151,0
18,152,0
18,153,0
18,154,0
18,155,0
18,156,0
18,157,0
18,158,0
18,159,0
18,160,0
18,161,0
18,162,0
18,163,0
18,164,0
18,165,0
18,166,0
18,167,0
18,168,0
18,169,0
18,170,0
18,171,0
18,172,0
18,173,0
18,174,0
18,175,0
18,176,0
18,177,0
18,178,0
18,179,0
18,180,0
18,181,0
18,182,0
18,183,0
18,184,0
18,185,0
18,186,0
18,187,0
18,188,0
18,189,0
18,190,0
18,191,0
18,192,0
18,193,0
18,194,0
18,215,0
18,217,0
18,219,0
18,221,0
18,223,0
19,0,0
19,1,0
19,2,0
19,3,0
19,4,0
19,5,0
19,6,0
19,7,0
19,8,0
19,9,0
19,10,0
19,11,0
19,12,0
19,13,0
19,14,0
19,15,0
19,16,0
19,17,0
19,18,0
19,20,0
19,21,0
19,22,0
19,23,0
19,24,0
19,25,0
19,26,0
19,27,0
19,28,0
19,29,0
19,30,0
19,31,0
19,32,0
19,33,0
19,34,0
19,35,0
19,36,0
19,37,0
19,38,0
19,39,0
19,40,0
19,41,0
19,42,0
19,43,0
19,44,0
19,45,0
19,46,0
19,47,0
19,48,0
19,49,0
19,50,0
19,51,0
19,52,0
19,53,0
19,54,0
19,55,0
19,56,0
19,57,0
19,58,0
19,59,0
19,60,0
19,61,0
19,62,0
19,63,0
19,64,0
19,65,0
19,66,0
19,67,0
19,68,0
19,69,0
19,70,0
19,71,0
19,72,0
19,73,0
19,74,0
19,75,0
19,76,0
19,77,0
19,78,0
19,79,0
19,80,0
19,81,0
19,82,0
19,83,0
19,84,0
19,85,0
19,86,0
19,87,0
19,88,0
19,89,0
19,90,0
19,91,0
19,92,0
19,93,0
19,94,0
19,95,0
19,96,0
19,97,0
19,98,0
19,99,0
19,100,0
19,101,0
19,102,0
19,103,0
19,104,0
19,105,0
19,106,0
19,107,0
19,108,0
19,109,0
19,110,0
19,111,0
19,112,0
19,113,0
19,114,0
19,115,0
19,116,0
19,117,0
19,118,0
19,119,0
19,120,0
19,121,0
19,122,0
19,123,0
19,124,0
19,125,0
19,126,0
19,127,0
19,128,0
19,129,0
19,130,0
19,131,0
19,132,0
19,133,0
19,134,0
19,135,0
19,136,0
19,137,0
19,138,0
19,139,0
19,140,0
19,141,0
19,142,0
19,143,0
19,144,0
19,145,0
19,146,0
19,147,0
19,148,0
19,149,0
19,150,0
19,151,0
19,152,0
19,153,0
19,154,0
19,155,0
19,156,0
19,157,0
19,158,0
19,159,0
19,160,0
19,161,0
19,162,0
19,163,0
19,164,0
19,165,0
19,166,0
19,167,0
19,168,0
19,169,0
19,170,0
19,171,0
19,172,0
19,173,0
19,174,0
19,175,0
19,176,0
19,177,0
19,178,0
19,179,0
19,180,0
19,181,0
19,182,0
19,183,0
19,184,0
19,185,0
19,186,0
19,187,0
19,188,0
19,189,0
19,190,0
19,191,0
19,192,0
19,193,0
19,194,0
19,215,0
19,217,0
19,219,0
19,221,0
19,223,0
20,0,0
20,1,0
20,2,0
20,3,0
20,4,0
20,5,0
20,6,0
20,7,0
20,8,0
20,9,0
20,10,0
20,11,0
20,12,0
20,13,0
20,14,0
20,15,0
20,16,0
20,17,0
20,18,0
20,19,0
20,21,0
20,22,0
20,23,0
20,24,0
20,25,0
20,26,0
20,27,0
20,28,0
20,29,0
20,30,0
20,31,0
20,32,0
20,33,0
20,34,0
20,35,0
20,36,0
20,37,0
20,38,0
20,39,0
20,40,0
20,41,0
20,42,0
20,43,0
20,44,0
20,45,0
20,46,0
20,47,0
20,48,0
20,49,0
20,50,0
20,51,0
20,52,0
20,53,0
20,54,0
20,55,0
20,56,0
20,57,0
20,58,0
20,59,0
20,60,0
20,61,0
20,62,0
20,63,0
20,64,0
20,65,0
20,66,0
20,67,0
20,68,0
20,69,0
20,70,0
20,71,0
20,72,0
20,73,0
20,74,0
20,75,0
20,76,0
20,77,0
20,78,0
20,79,0
20,80,0
20,81,0
20,82,0
20,83,0
20,84,0
20,85,0
20,86,0
20,87,0
20,88,0
20,89,0
20,90,0
20,91,0
20,92,0
20,93,0
20,94,0
20,95,0
20,96,0
20,97,0
20,98,0
20,99,0
20,100,0
20,101,0
20,102,0
20,103,0
20,104,0
20,105,0
20,106,0
20,107,0
20,108,0
20,109,0
20,110,0
20,111,0
20,112,0
20,113,0
20,114,0
20,115,0
20,116,0
20,117,0
20,118,0
20,119,0
20,120,0
20,121,0
20,122,0
20,123,0
20,124,0
20,125,0
20,126,0
20,127,0
20,128,0
20,129,0
20,130,0
20,131,0
20,132,0
20,133,0
20,134,0
20,135,0
20,136,0
20,137,0
20,138,0
20,139,0
20,140,0
20,141,0
20,142,0
20,143,0
20,144,0
20,145,0
20,146,0
20,147,0
20,148,0
20,149,0
20,150,0
20,151,0
20,152,0
20,153,0
20,154,0
20,155,0
20,156,0
20,157,0
20,158,0
20,159,0
20,160,0
20,161,0
20,162,0
20,163,0
20,164,0
20,165,0
20,166,0
20,167,0
20,168,0
20,169,0
20,170,0
20,171,0
20,172,0
20,173,0
20,174,0
20,175,0
20,176,0
20,177,0
20,178,0
20,179,0
20,180,0
20,181,0
20,182,0
20,183,0
20,184,0
20,185,0
20,186,0
20,187,0
20,188,0
20,189,0
20,190,0
20,191,0
20,192,0
20,193,0
20,194,0
20,215,0
20,217,0
20,219,0
20,221,0
20,223,0
21,0,0
21,1,0
21,2,0
21,3,0
21,4,0
21,5,0
21,6,0
21,7,0
21,8,0
21,9,0
21,10,0
21,11,0
21,12,0
21,13,0
21,14,0
21,15,0
21,16,0
21,17,0
21,18,0
21,19,0
21,20,0
21,22,0
21,23,0
21,24,0
21,25,0
21,26,0
21,27,0
21,28,0
21,29,0
21,30,0
21,31,0
21,32,0
21,33,0
21,34,0
21,35,0
21,36,0
21,37,0
21,38,0
21,39,0
21,40,0
21,41,0
21,42,0
21,43,0
21,44,0
21,45,0
21,46,0
21,47,0
21,48,0
21,49,0
21,50,0
21,51,0
21,52,0
21,53,0
21,54,0
21,55,0
21,56,0
21,57,0
21,58,0
21,59,0
21,60,0
21,61,0
21,62,0
21,63,0
21,64,0
21,65,0
21,66,0
21,67,0
21,68,0
21,69,0
21,70,0
21,71,0
21,72,0
21,73,0
21,74,0
21,75,0
21,76,0
21,77,0
21,78,0
21,79,0
21,80,0
21,81,0
21,82,0
21,83,0
21,84,0
21,85,0
21,86,0
21,87,0
21,88,0
21,89,0
21,90,0
21,91,0
21,92,0
21,93,0
21,94,0
21,95,0
21,96,0
21,97,0
21,98,0
21,99,0
21,100,0
21,101,0
21,102,0
21,103,0
21,104,0
21,105,0
21,106,0
21,107,0
21,108,0
21,109,0
21,110,0
21,111,0
21,112,0
21,113,0
21,114,0
21,115,0
21,116,0
21,117,0
21,118,0
21,119,0
21,120,0
21,121,0
21,122,0
21,123,0
21,124,0
21,125,0
21,126,0
21,127,0
21,128,0
21,129,0
21,130,0
21,131,0
21,132,0
21,133,0
21,134,0
21,135,0
21,136,0
21,137,0
21,138,0
21,139,0
21,140,0
21,141,0
21,142,0
21,143,0
21,144,0
21,145,0
21,146,0
21,147,0
21,148,0
21,149,0
21,150,0
21,151,0
21,152,0
21,153,0
21,154,0
21,155,0
21,156,0
21,157,0
21,158,0
21,159,0
21,160,0
21,161,0
21,162,0
21,163,0
21,164,0
21,165,0
21,166,0
21,167,0
21,168,0
21,169,0
21,170,0
21,171,0
21,172,0
21,173,0
21,174,0
21,175,0
21,176,0
21,177,0
21,178,0
21,179,0
21,180,0
21,181,0
21,182,0
21,183,0
21,184,0
21,185,0
21,186,0
21,187,0
21,188,0
21,189,0
21,190,0
21,191,0
21,192,0
21,193,0
21,194,0
21,215,0
21,217,0
21,219,0
21,221,0
21,223,0
22,0,0
22,1,0
22,2,0
22,3,0
22,4,0
22,5,0
22,6,0
22,7,0
22,8,0
22,9,0
22,10,0
22,11,0
22,12,0
22,13,0
22,14,0
22,15,0
22,16,0
22,17,0
22,18,0
22,19,0
22,20,0
22,21,0
22,23,0
22,24,0
22,25,0
22,26,0
22,27,0
22,28,0
22,29,0
22,30,0
22,31,0
22,32,0
22,33,0
22,34,0
22,35,0
22,36,0
22,37,0
22,38,0
22,39,0
22,40,0
22,41,0
22,42,0
22,43,0
22,44,0
22,45,0
22,46,0
22,47,0
22,48,0
22,49,0
22,50,0
22,51,0
22,52,0
22,53,0
22,54,0
22,55,0
22,56,0
22,57,0
22,58,0
22,59,0
22,60,0
22,61,0
22,62,0
22,63,0
22,64,0
22,65,0
22,66,0
22,67,0
22,68,0
22,69,0
22,70,0
22,71,0
22,72,0
22,73,0
22,74,0
22,75,0
22,76,0
22,77,0
22,78,0
22,79,0
22,80,0
22,81,0
22,82,0
22,83,0
22,84,0
22,85,0
22,86,0
22,87,0
22,88,0
22,89,0
22,90,0
22,91,0
22,92,0
22,93,0
22,94,0
22,95,0
22,96,0
22,97,0
22,98,0
22,99,0
22,100,0
22,101,0
22,102,0
22,103,0
22,104,0
22,105,0
22,106,0
22,107,0
22,108,0
22,109,0
22,110,0
22,111,0
22,112,0
22,113,0
22,114,0
22,115,0
22,116,0
22,117,0
22,118,0
22,119,0
22,120,0
22,121,0
22,122,0
22,123,0
22,124,0
22,125,0
22,126,0
22,127,0
22,128,0
22,129,0
22,130,0
22,131,0
22,132,0
22,133,0
22,134,0
22,135,0
22,136,0
22,137,0
22,138,0
22,139,0
22,140,0
22,141,0
22,142,0
22,143,0
22,144,0
22,145,0
22,146,0
22,147,0
22,148,0
22,149,0
22,150,0
22,151,0
22,152,0
22,153,0
22,154,0
22,155,0
22,156,0
22,157,0
22,158,0
22,159,0
22,160,0
22,161,0
22,162,0
22,163,0
22,164,0
22,165,0
22,166,0
22,167,0
22,168,0
22,169,0
22,170,0
22,171,0
22,172,0
22,173,0
22,174,0
22,175,0
22,176,0
22,177,0
22,178,0
22,179,0
22,180,0
22,181,0
22,182,0
22,183,0
22,184,0
22,185,0
22,186,0
22,187,0
22,188,0
22,189,0
22,190,0
22,191,0
22,192,0
22,193,0
22,194,0
22,215,0
22,217,0
22,219,0
22,221,0
22,223,0
23,0,0
23,1,0
23,2,0
23,3,0
23,4,0
23,5,0
23,6,0
23,7,0
23,8,0
23,9,0
23,10,0
23,11,0
23,12,0
23,13,0
23,14,0
23,15,0
23,16,0
23,17,0
23,18,0
23,19,0
23,20,0
23,21,0
23,22,0
23,24,0
23,25,0
23,26,0
23,27,0
23,28,0
23,29,0
23,30,0
23,31,0
23,32,0
23,33,0
23,34,0
23,35,0
23,36,0
23,37,0
23,38,0
23,39,0
23,40,0
23,41,0
23,42,0
23,43,0
23,44,0
23,45,0
23,46,0
23,47,0
23,48,0
23,49,0
23,50,0
23,51,0
23,52,0
23,53,0
23,54,0
23,55,0
23,56,0
23,57,0
23,58,0
23,59,0
23,60,0
23,61,0
23,62,0
23,63,0
23,64,0
23,65,0
23,66,0
23,67,0
23,68,0
23,69,0
23,70,0
23,71,0
23,72,0
23,73,0
23,74,0
23,75,0
23,76,0
23,77,0
23,78,0
23,79,0
23,80,0
23,81,0
23,82,0
23,83,0
23,84,0
23,85,0
23,86,0
23,87,0
23,88,0
23,89,0
23,90,0
23,91,0
23,92,0
23,93,0
23,94,0
23,95,0
23,96,0
23,97,0
23,98,0
23,99,0
23,100,0
23,101,0
23,102,0
23,103,0
23,104,0
23,105,0
23,106,0
23,107,0
23,108,0
23,109,0
23,110,0
23,111,0
23,112,0
23,113,0
23,114,0
23,115,0
23,116,0
23,117,0
23,118,0
23,119,0
23,120,0
23,121,0
23,122,0
23,123,0
23,124,0
23,125,0
23,126,0
23,127,0
23,128,0
23,129,0
23,130,0
23,131,0
23,132,0
23,133,0
23,134,0
23,135,0
23,136,0
23,137,0
23,138,0
23,139,0
23,140,0
23,141,0
23,142,0
23,143,0
23,144,0
23,145,0
23,146,0
23,147,0
23,148,0
23,149,0
23,150,0
23,151,0
23,152,0
23,153,0
23,154,0
23,155,0
23,156,0
23,157,0
23,158,0
23,159,0
23,160,0
23,161,0
23,162,0
23,163,0
23,164,0
23,165,0
23,166,0
23,167,0
23,168,0
23,169,0
23,170,0
23,171,0
23,172,0
23,173,0
23,174,0
23,175,0
23,176,0
23,177,0
23,178,0
23,179,0
23,180,0
23,181,0
23,182,0
23,183,0
23,184,0
23,185,0
23,186,0
23,187,0
23,188,0
23,189,0
23,190,0
23,191,0
23,192,0
23,193,0
23,194,0
23,215,0
23,217,0
23,219,0
23,221,0
23,223,0
24,0,0
24,1,0
24,2,0
24,3,0
24,4,0
24,5,0
24,6,0
24,7,0
24,8,0
24,9,0
24,10,0
24,11,0
24,12,0
24,13,0
24,14,0
24,15,0
24,16,0
24,17,0
24,18,0
24,19,0
24,20,0
24,21,0
24,22,0
24,23,0
24,25,0
24,26,0
24,27,0
24,28,0
24,29,0
24,30,0
24,31,0
24,32,0
24,33,0
24,34,0
24,35,0
24,36,0
24,37,0
24,38,0
24,39,0
24,40,0
24,41,0
24,42,0
24,43,0
24,44,0
24,45,0
24,46,0
24,47,0
24,48,0
24,49,0
24,50,0
24,51,0
24,52,0
24,53,0
24,54,0
24,55,0
24,56,0
24,57,0
24,58,0
24,59,0
24,60,0
24,61,0
24,62,0
24,63,0
24,64,0
24,65,0
24,66,0
24,67,0
24,68,0
24,69,0
24,70,0
24,71,0
24,72,0
24,73,0
24,74,0
24,75,0
24,76,0
24,77,0
24,78,0
24,79,0
24,80,0
24,81,0
24,82,0
24,83,0
24,84,0
24,85,0
24,86,0
24,87,0
24,88,0
24,89,0
24,90,0
24,91,0
24,92,0
24,93,0
24,94,0
24,95,0
24,96,0
24,97,0
24,98,0
24,99,0
24,100,0
24,101,0
24,102,0
24,103,0
24,104,0
24,105,0
24,106,0
24,107,0
24,108,0
24,109,0
24,110,0
24,111,0
24,112,0
24,113,0
24,114,0
24,115,0
24,116,0
24,117,0
24,118,0
24,119,0
24,120,0
24,121,0
24,122,0
24,123,0
24,124,0
24,125,0
24,126,0
24,127,0
24,128,0
24,129,0
24,130,0
24,131,0
24,132,0
24,133,0
24,134,0
24,135,0
24,136,0
24,137,0
24,138,0
24,139,0
24,140,0
24,141,0
24,142,0
24,143,0
24,144,0
24,145,0
24,146,0
24,147,0
24,148,0
24,149,0
24,150,0
24,151,0
24,152,0
24,153,0
24,154,0
24,155,0
24,156,0
24,157,0
24,158,0
24,159,0
24,160,0
24,161,0
24,162,0
24,163,0
24,164,0
24,165,0
24,166,0
24,167,0
24,168,0
24,169,0
24,170,0
24,171,0
24,172,0
24,173,0
24,174,0
24,175,0
24,176,0
24,177,0
24,178,0
24,179,0
24,180,0
24,181,0
24,182,0
24,183,0
24,184,0
24,185,0
24,186,0
24,187,0
24,188,0
24,189,0
24,190,0
24,191,0
24,192,0
24,193,0
24,194,0
24,215,0
24,217,0
24,219,0
24,221,0
24,223,0
25,0,0
25,1,0
25,2,0
25,3,0
25,4,0
25,5,0
25,6,0
25,7,0
25,8,0
25,9,0
25,10,0
25,11,0
25,12,0
25,13,0
25,14,0
25,15,0
25,16,0
25,17,0
25,18,0
25,19,0
25,20,0
25,21,0
25,22,0
25,23,0
25,24,0
25,26,0
25,27,0
25,28,0
25,29,0
25,30,0
25,31,0
25,32,0
25,33,0
25,34,0
25,35,0
25,36,0
25,37,0
25,38,0
25,39,0
25,40,0
25,41,0
25,42,0
25,43,0
25,44,0
25,45,0
25,46,0
25,47,0
25,48,0
25,49,0
25,50,0
25,51,0
25,52,0
25,53,0
25,54,0
25,55,0
25,56,0
25,57,0
25,58,0
25,59,0
25,60,0
25,61,0
25,62,0
25,63,0
25,64,0
25,65,0
25,66,0
25,67,0
25,68,0
25,69,0
25,70,0
25,71,0
25,72,0
25,73,0
25,74,0
25,75,0
25,76,0
25,77,0
25,78,0
25,79,0
25,80,0
25,81,0
25,82,0
25,83,0
25,84,0
25,85,0
25,86,0
25,87,0
25,88,0
25,89,0
25,90,0
25,91,0
25,92,0
25,93,0
25,94,0
25,95,0
25,96,0
25,97,0
25,98,0
25,99,0
25,100,0
25,101,0
25,102,0
25,103,0
25,104,0
25,105,0
25,106,0
25,107,0
25,108,0
25,109,0
25,110,0
25,111,0
25,112,0
25,113,0
25,114,0
25,115,0
25,116,0
25,117,0
25,118,0
25,119,0
25,120,0
25,121,0
25,122,0
25,123,0
25,124,0
25,125,0
25,126,0
25,127,0
25,128,0
25,129,0
25,130,0
25,131,0
25,132,0
25,133,0
25,134,0
25,135,0
25,136,0
25,137,0
25,138,0
25,139,0
25,140,0
25,141,0
25,142,0
25,143,0
25,144,0
25,145,0
25,146,0
25,147,0
25,148,0
25,149,0
25,150,0
25,151,0
25,152,0
25,153,0
25,154,0
25,155,0
25,156,0
25,157,0
25,158,0
25,159,0
25,160,0
25,161,0
25,162,0
25,163,0
25,164,0
25,165,0
25,166,0
25,167,0
25,168,0
25,169,0
25,170,0
25,171,0
25,172,0
25,173,0
25,174,0
25,175,0
25,176,0
25,177,0
25,178,0
25,179,0
25,180,0
25,181,0
25,182,0
25,183,0
25,184,0
25,185,0
25,186,0
25,187,0
25,188,0
25,189,0
25,190,0
25,191,0
25,192,0
25,193,0
25,194,0
25,215,0
25,217,0
25,219,0
25,221,0
25,223,0
26,0,0
26,1,0
26,2,0
26,3,0
26,4,0
26,5,0
26,6,0
26,7,0
26,8,0
26,9,0
26,10,0
26,11,0
26,12,0
26,13,0
26,14,0
26,15,0
26,16,0
26,17,0
26,18,0
26,19,0
26,20,0
26,21,0
26,22,0
26,23,0
26,24,0
26,25,0
26,27,0
26,28,0
26,29,0
26,30,0
26,31,0
26,32,0
26,33,0
26,34,0
26,35,0
26,36,0
26,37,0
26,38,0
26,39,0
26,40,0
26,41,0
26,42,0
26,43,0
26,44,0
26,45,0
26,46,0
26,47,0
26,48,0
26,49,0
26,50,0
26,51,0
26,52,0
26,53,0
26,54,0
26,55,0
26,56,0
26,57,0
26,58,0
26,59,0
26,60,0
26,61,0
26,62,0
26,63,0
26,64,0
26,65,0
26,66,0
26,67,0
26,68,0
26,69,0
26,70,0
26,71,0
26,72,0
26,73,0
26,74,0
26,75,0
26,76,0
26,77,0
26,78,0
26,79,0
26,80,0
26,81,0
26,82,0
26,83,0
26,84,0
26,85,0
26,86,0
26,87,0
26,88,0
26,89,0
26,90,0
26,91,0
26,92,0
26,93,0
26,94,0
26,95,0
26,96,0
26,97,0
26,98,0
26,99,0
26,100,0
26,101,0
26,102,0
26,103,0
26,104,0
26,105,0
26,106,0
26,107,0
26,108,0
26,109,0
26,110,0
26,111,0
26,112,0
26,113,0
26,114,0
26,115,0
26,116,0
26,117,0
26,118,0
26,119,0
26,120,0
26,121,0
26,122,0
26,123,0
26,124,0
26,125,0
26,126,0
26,127,0
26,128,0
26,129,0
26,130,0
26,131,0
26,132,0
26,133,0
26,134,0
26,135,0
26,136,0
26,137,0
26,138,0
26,139,0
26,140,0
26,141,0
26,142,0
26,143,0
26,144,0
26,145,0
26,146,0
26,147,0
26,148,0
26,149,0
26,150,0
26,151,0
26,152,0
26,153,0
26,154,0
26,155,0
26,156,0
26,157,0
26,158,0
26,159,0
26,160,0
26,161,0
26,162,0
26,163,0
26,164,0
26,165,0
26,166,0
26,167,0
26,168,0
26,169,0
26,170,0
26,171,0
26,172,0
26,173,0
26,174,0
26,175,0
26,176,0
26,177,0
26,178,0
26,179,0
26,180,0
26,181,0
26,182,0
26,183,0
26,184,0
26,185,0
26,186,0
26,187,0
26,188,0
26,189,0
26,190,0
26,191,0
26,192,0
26,193,0
26,194,0
26,215,0
26,217,0
26,219,0
26,221,0
26,223,0
27,0,1
27,1,1
27,2,1
27,3,1
27,4,1
27,5,1
27,6,1
27,7,1
27,8,1
27,9,1
27,10,1
27,11,1
27,12,1
27,13,1
27,14,1
27,15,1
27,16,1
27,17,1
27,18,1
27,19,1
27,20,1
27,21,1
27,22,1
27,23,1
27,24,1
27,25,1
27,26,1
27,28,1
27,29,1
27,30,1
27,31,1
27,32,1
27,33,1
27,34,1
27,35,1
27,36,1
27,37,1
27,38,1
27,39,1
27,40,1
27,41,1
27,42,1
27,43,1
27,44,1
27,45,1
27,46,1
27,47,1
27,48,1
27,49,1
27,50,1
27,51,1
27,52,1
27,53,1
27,54,1
27,55,1
27,56,1
27,57,1
27,58,1
27,59,1
27,60,1
27,61,1
27,62,1
27,63,1
27,64,1
27,65,1
27,66,1
27,67,1
27,68,1
27,69,1
27,70,1
27,71,1
27,72,1
27,73,1
27,74,1
27,75,1
27,76,1
27,77,1
27,78,1
27,79,1
27,80,1
27,81,1
27,82,1
27,83,1
27,84,1
27,85,1
27,86,1
27,87,1
27,88,1
27,89,1
27,90,1
27,91,1
27,92,1
27,93,1
27,94,1
27,95,1
27,96,1
27,97,1
27,98,1
27,99,1
27,100,1
27,101,1
27,102,1
27,103,1
27,104,1
27,105,1
27,106,1
27,107,1
27,108,1
27,109,1
27,110,1
27,111,1
27,112,1
27,113,1
27,114,1
27,115,1
27,116,1
27,117,1
27,118,1
27,119,1
27,120,1
27,121,1
27,122,1
27,123,1
27,124,1
27,125,1
27,126,1
27,127,1
27,128,1
27,129,1
27,130,1
27,131,1
27,132,1
27,133,1
27,134,1
27,135,1
27,136,1
27,137,1
27,138,1
27,139,1
27,140,1
27,141,1
27,142,1
27,143,1
27,144,1
27,145,1
27,146,1
27,147,1
27,148,1
27,149,1
27,150,1
27,151,1
27,152,1
27,153,1
27,154,1
27,155,1
27,156,1
27,157,1
27,158,1
27,159,1
27,160,1
27,161,1
27,162,1
27,163,1
27,164,1
27,165,1
27,166,1
27,167,1
27,168,1
27,169,1
27,170,1
27,171,1
27,172,1
27,173,1
27,174,1
27,175,1
27,176,1
27,177,1
27,178,1
27,179,1
27,180,1
27,181,1
27,182,1
27,183,1
27,184,1
27,185,1
27,186,1
27,187,1
27,188,1
27,189,1
27,190,1
27,191,1
27,192,1
27,193,1
27,194,1
27,215,1
27,217,1
27,219,1
27,221,1
27,223,1
28,0,1
28,1,1
28,2,1
28,3,1
28,4,1
28,5,1
28,6,1
28,7,1
28,8,1
28,9,1
28,10,1
28,11,1
28,12,1
28,13,1
28,14,1
28,15,1
28,16,1
28,17,1
28,18,1
28,19,1
28,20,1
28,21,1
28,22,1
28,23,1
28,24,1
28,25,1
28,26,1
28,27,1
28,29,1
28,30,1
28,31,1
28,32,1
28,33,1
28,34,1
28,35,1
28,36,1
28,37,1
28,38,1
28,39,1
28,40,1
28,41,1
28,42,1
28,43,1
28,44,1
28,45,1
28,46,1
28,47,1
28,48,1
28,49,1
28,50,1
28,51,1
28,52,1
28,53,1
28,54,1
28,55,1
28,56,1
28,57,1
28,58,1
28,59,1
28,60,1
28,61,1
28,62,1
28,63,1
28,64,1
28,65,1
28,66,1
28,67,1
28,68,1
28,69,1
28,70,1
28,71,1
28,72,1
28,73,1
28,74,1
28,75,1
28,76,1
28,77,1
28,78,1
28,79,1
28,80,1
28,81,1
28,82,1
28,83,1
28,84,1
28,85,1
28,86,1
28,87,1
28,88,1
28,89,1
28,90,1
28,91,1
28,92,1
28,93,1
28,94,1
28,95,1
28,96,1
28,97,1
28,98,1
28,99,1
28,100,1
28,101,1
28,102,1
28,103,1
28,104,1
28,105,1
28,106,1
28,107,1
28,108,1
28,109,1
28,110,1
28,111,1
28,112,1
28,113,1
28,114,1
28,115,1
28,116,1
28,117,1
28,118,1
28,119,1
28,120,1
28,121,1
28,122,1
28,123,1
28,124,1
28,125,1
28,126,1
28,127,1
28,128,1
28,129,1
28,130,1
28,131,1
28,132,1
28,133,1
28,134,1
28,135,1
28,136,1
28,137,1
28,138,1
28,139,1
28,140,1
28,141,1
28,142,1
28,143,1
28,144,1
28,145,1
28,146,1
28,147,1
28,148,1
28,149,1
28,150,1
28,151,1
28,152,1
28,153,1
28,154,1
28,155,1
28,156,1
28,157,1
28,158,1
28,159,1
28,160,1
28,161,1
28,162,1
28,163,1
28,164,1
28,165,1
28,166,1
28,167,1
28,168,1
28,169,1
28,170,1
28,171,1
28,172,1
28,173,1
28,174,1
28,175,1
28,176,1
28,177,1
28,178,1
28,179,1
28,180,1
28,181,1
28,182,1
28,183,1
28,184,1
28,185,1
28,186,1
28,187,1
28,188,1
28,189,1
28,190,1
28,191,1
28,192,1
28,193,1
28,194,1
28,215,1
28,217,1
28,219,1
28,221,1
28,223,1
29,0,1
29,1,1
29,2,1
29,3,1
29,4,1
29,5,1
29,6,1
29,7,1
29,8,1
29,9,1
29,10,1
29,11,1
29,12,1
29,13,1
29,14,1
29,15,1
29,16,1
29,17,1
29,18,1
29,19,1
29,20,1
29,21,1
29,22,1
29,23,1
29,24,1
29,25,1
29,26,1
29,27,1
29,28,1
29,30,1
29,31,1
29,32,1
29,33,1
29,34,1
29,35,1
29,36,1
29,37,1
29,38,1
29,39,1
29,40,1
29,41,1
29,42,1
29,43,1
29,44,1
29,45,1
29,46,1
29,47,1
29,48,1
29,49,1
29,50,1
29,51,1
29,52,1
29,53,1
29,54,1
29,55,1
29,56,1
29,57,1
29,58,1
29,59,1
29,60,1
29,61,1
29,62,1
29,63,1
29,64,1
29,65,1
29,66,1
29,67,1
29,68,1
29,69,1
29,70,1
29,71,1
29,72,1
29,73,1
29,74,1
29,75,1
29,76,1
29,77,1
29,78,1
29,79,1
29,80,1
29,81,1
29,82,1
29,83,1
29,84,1
29,85,1
29,86,1
29,87,1
29,88,1
29,89,1
29,90,1
29,91,1
29,92,1
29,93,1
29,94,1
29,95,1
29,96,1
29,97,1
29,98,1
29,99,1
29,100,1
29,101,1
29,102,1
29,103,1
29,104,1
29,105,1
29,106,1
29,107,1
29,108,1
29,109,1
29,110,1
29,111,1
29,112,1
29,113,1
29,114,1
29,115,1
29,116,1
29,117,1
29,118,1
29,119,1
29,120,1
29,121,1
29,122,1
29,123,1
29,124,1
29,125,1
29,126,1
29,127,1
29,128,1
29,129,1
29,130,1
29,131,1
29,132,1
29,133,1
29,134,1
29,135,1
29,136,1
29,137,1
29,138,1
29,139,1
29,140,1
29,141,1
29,142,1
29,143,1
29,144,1
29,145,1
29,146,1
29,147,1
29,148,1
29,149,1
29,150,1
29,151,1
29,152,1
29,153,1
29,154,1
29,155,1
29,156,1
29,157,1
29,158,1
29,159,1
29,160,1
29,161,1
29,162,1
29,163,1
29,164,1
29,165,1
29,166,1
29,167,1
29,168,1
29,169,1
29,170,1
29,171,1
29,172,1
29,173,1
29,174,1
29,175,1
29,176,1
29,177,1
29,178,1
29,179,1
29,180,1
29,181,1
29,182,1
29,183,1
29,184,1
29,185,1
29,186,1
29,187,1
29,188,1
29,189,1
29,190,1
29,191,1
29,192,1
29,193,1
29,194,1
29,215,1
29,217,1
29,219,1
29,221,1
29,223,1
30,0,1
30,1,1
30,2,1
30,3,1
30,4,1
30,5,1
30,6,1
30,7,1
30,8,1
30,9,1
30,10,1
30,11,1
30,12,1
30,13,1
30,14,1
30,15,1
30,16,1
30,17,1
30,18,1
30,19,1
30,20,1
30,21,1
30,22,1
30,23,1
30,24,1
30,25,1
30,26,1
30,27,1
30,28,1
30,29,1
30,31,1
30,32,1
30,33,1
30,34,1
30,35,1
30,36,1
30,37,1
30,38,1
30,39,1
30,40,1
30,41,1
30,42,1
30,43,1
30,44,1
30,45,1
30,46,1
30,47,1
30,48,1
30,49,1
30,50,1
30,51,1
30,52,1
30,53,1
30,54,1
30,55,1
30,56,1
30,57,1
30,58,1
30,59,1
30,60,1
30,61,1
30,62,1
30,63,1
30,64,1
30,65,1
30,66,1
30,67,1
30,68,1
30,69,1
30,70,1
30,71,1
30,72,1
30,73,1
30,74,1
30,75,1
30,76,1
30,77,1
30,78,1
30,79,1
30,80,1
30,81,1
30,82,1
30,83,1
30,84,1
30,85,1
30,86,1
30,87,1
30,88,1
30,89,1
30,90,1
30,91,1
30,92,1
30,93,1
30,94,1
30,95,1
30,96,1
30,97,1
30,98,1
30,99,1
30,100,1
30,101,1
30,102,1
30,103,1
30,104,1
30,105,1
30,106,1
30,107,1
30,108,1
30,109,1
30,110,1
30,111,1
30,112,1
30,113,1
30,114,1
30,115,1
30,116,1
30,117,1
30,118,1
30,119,1
30,120,1
30,121,1
30,122,1
30,123,1
30,124,1
30,125,1
30,126,1
30,127,1
30,128,1
30,129,1
30,130,1
30,131,1
30,132,1
30,133,1
30,134,1
30,135,1
30,136,1
30,137,1
30,138,1
30,139,1
30,140,1
30,141,1
30,142,1
30,143,1
30,144,1
30,145,1
30,146,1
30,147,1
30,148,1
30,149,1
30,150,1
30,151,1
30,152,1
30,153,1
30,154,1
30,155,1
30,156,1
30,157,1
30,158,1
30,159,1
30,160,1
30,161,1
30,162,1
30,163,1
30,164,1
30,165,1
30,166,1
30,167,1
30,168,1
30,169,1
30,170,1
30,171,1
30,172,1
30,173,1
30,174,1
30,175,1
30,176,1
30,177,1
30,178,1
30,179,1
30,180,1
30,181,1
30,182,1
30,183,1
30,184,1
30,185,1
30,186,1
30,187,1
30,188,1
30,189,1
30,190,1
30,191,1
30,192,1
30,193,1
30,194,1
30,215,1
30,217,1
30,219,1
30,221,1
30,223,1
31,0,1
31,1,1
31,2,1
31,3,1
31,4,1
31,5,1
31,6,1
31,7,1
31,8,1
31,9,1
31,10,1
31,11,1
31,12,1
31,13,1
31,14,1
31,15,1
31,16,1
31,17,1
31,18,1
31,19,1
31,20,1
31,21,1
31,22,1
31,23,1
31,24,1
31,25,1
31,26,1
31,27,1
31,28,1
31,29,1
31,30,1
31,32,1
31,33,1
31,34,1
31,35,1
31,36,1
31,37,1
31,38,1
31,39,1
31,40,1
31,41,1
31,42,1
31,43,1
31,44,1
31,45,1
31,46,1
31,47,1
31,48,1
31,49,1
31,50,1
31,51,1
31,52,1
31,53,1
31,54,1
31,55,1
31,56,1
31,57,1
31,58,1
31,59,1
31,60,1
31,61,1
31,62,1
31,63,1
31,64,1
31,65,1
31,66,1
31,67,1
31,68,1
31,69,1
31,70,1
31,71,1
31,72,1
31,73,1
31,74,1
31,75,1
31,76,1
31,77,1
31,78,1
31,79,1
31,80,1
31,81,1
31,82,1
31,83,1
31,84,1
31,85,1
31,86,1
31,87,1
31,88,1
31,89,1
31,90,1
31,91,1
31,92,1
31,93,1
31,94,1
31,95,1
31,96,1
31,97,1
31,98,1
31,99,1
31,100,1
31,101,1
31,102,1
31,103,1
31,104,1
31,105,1
31,106,1
31,107,1
31,108,1
31,109,1
31,110,1
31,111,1
31,112,1
31,113,1
31,114,1
31,115,1
31,116,1
31,117,1
31,118,1
31,119,1
31,120,1
31,121,1
31,122,1
31,123,1
31,124,1
31,125,1
31,126,1
31,127,1
31,128,1
31,129,1
31,130,1
31,131,1
31,132,1
31,133,1
31,134,1
31,135,1
31,136,1
31,137,1
31,138,1
31,139,1
31,140,1
31,141,1
31,142,1
31,143,1
31,144,1
31,145,1
31,146,1
31,147,1
31,148,1
31,149,1
31,150,1
31,151,1
31,152,1
31,153,1
31,154,1
31,155,1
31,156,1
31,157,1
31,158,1
31,159,1
31,160,1
31,161,1
31,162,1
31,163,1
31,164,1
31,165,1
31,166,1
31,167,1
31,168,1
31,169,1
31,170,1
31,171,1
31,172,1
31,173,1
31,174,1
31,175,1
31,176,1
31,177,1
31,178,1
31,179,1
31,180,1
31,181,1
31,182,1
31,183,1
31,184,1
31,185,1
31,186,1
31,187,1
31,188,1
31,189,1
31,190,1
31,191,1
31,192,1
31,193,1
31,194,1
31,215,1
31,217,1
31,219,1
31,221,1
31,223,1
32,0,1
32,1,1
32,2,1
32,3,1
32,4,1
32,5,1
32,6,1
32,7,1
32,8,1
32,9,1
32,10,1
32,11,1
32,12,1
32,13,1
32,14,1
32,15,1
32,16,1
32,17,1
32,18,1
32,19,1
32,20,1
32,21,1
32,22,1
32,23,1
32,24,1
32,25,1
32,26,1
32,27,1
32,28,1
32,29,1
32,30,1
32,31,1
32,33,1
32,34,1
32,35,1
32,36,1
32,37,1
32,38,1
32,39,1
32,40,1
32,41,1
32,42,1
32,43,1
32,44,1
32,45,1
32,46,1
32,47,1
32,48,1
32,49,1
32,50,1
32,51,1
32,52,1
32,53,1
32,54,1
32,55,1
32,56,1
32,57,1
32,58,1
32,59,1
32,60,1
32,61,1
32,62,1
32,63,1
32,64,1
32,65,1
32,66,1
32,67,1
32,68,1
32,69,1
32,70,1
32,71,1
32,72,1
32,73,1
32,74,1
32,75,1
32,76,1
32,77,1
32,78,1
32,79,1
32,80,1
32,81,1
32,82,1
32,83,1
32,84,1
32,85,1
32,86,1
32,87,1
32,88,1
32,89,1
32,90,1
32,91,1
32,92,1
32,93,1
32,94,1
32,95,1
32,96,1
32,97,1
32,98,1
32,99,1
32,100,1
32,101,1
32,102,1
32,103,1
32,104,1
32,105,1
32,106,1
32,107,1
32,108,1
32,109,1
32,110,1
32,111,1
32,112,1
32,113,1
32,114,1
32,115,1
32,116,1
32,117,1
32,118,1
32,119,1
32,120,1
32,121,1
32,122,1
32,123,1
32,124,1
32,125,1
32,126,1
32,127,1
32,128,1
32,129,1
32,130,1
32,131,1
32,132,1
32,133,1
32,134,1
32,135,1
32,136,1
32,137,1
32,138,1
32,139,1
32,140,1
32,141,1
32,142,1
32,143,1
32,144,1
32,145,1
32,146,1
32,147,1
32,148,1
32,149,1
32,150,1
32,151,1
32,152,1
32,153,1
32,154,1
32,155,1
32,156,1
32,157,1
32,158,1
32,159,1
32,160,1
32,161,1
32,162,1
32,163,1
32,164,1
32,165,1
32,166,1
32,167,1
32,168,1
32,169,1
32,170,1
32,171,1
32,172,1
32,173,1
32,174,1
32,175,1
32,176,1
32,177,1
32,178,1
32,179,1
32,180,1
32,181,1
32,182,1
32,183,1
32,184,1
32,185,1
32,186,1
32,187,1
32,188,1
32,189,1
32,190,1
32,191,1
32,192,1
32,193,1
32,194,1
32,215,1
32,217,1
32,219,1
32,221,1
32,223,1
33,0,1
33,1,1
33,2,1
33,3,1
33,4,1
33,5,1
33,6,1
33,7,1
33,8,1
33,9,1
33,10,1
33,11,1
33,12,1
33,13,1
33,14,1
33,15,1
33,16,1
33,17,1
33,18,1
33,19,1
33,20,1
33,21,1
33,22,1
33,23,1
33,24,1
33,25,1
33,26,1
33,27,1
33,28,1
33,29,1
33,30,1
33,31,1
33,32,1
33,34,1
33,35,1
33,36,1
33,37,1
33,38,1
33,39,1
33,40,1
33,41,1
33,42,1
33,43,1
33,44,1
33,45,1
33,46,1
33,47,1
33,48,1
33,49,1
33,50,1
33,51,1
33,52,1
33,53,1
33,54,1
33,55,1
33,56,1
33,57,1
33,58,1
33,59,1
33,60,1
33,61,1
33,62,1
33,63,1
33,64,1
33,65,1
33,66,1
33,67,1
33,68,1
33,69,1
33,70,1
33,71,1
33,72,1
33,73,1
33,74,1
33,75,1
33,76,1
33,77,1
33,78,1
33,79,1
33,80,1
33,81,1
33,82,1
33,83,1
33,84,1
33,85,1
33,86,1
33,87,1
33,88,1
33,89,1
33,90,1
33,91,1
33,92,1
33,93,1
33,94,1
33,95,1
33,96,1
33,97,1
33,98,1
33,99,1
33,100,1
33,101,1
33,102,1
33,103,1
33,104,1
33,105,1
33,106,1
33,107,1
33,108,1
33,109,1
33,110,1
33,111,1
33,112,1
33,113,1
33,114,1
33,115,1
33,116,1
33,117,1
33,118,1
33,119,1
33,120,1
33,121,1
33,122,1
33,123,1
33,124,1
33,125,1
33,126,1
33,127,1
33,128,1
33,129,1
33,130,1
33,131,1
33,132,1
33,133,1
33,134,1
33,135,1
33,136,1
33,137,1
33,138,1
33,139,1
33,140,1
33,141,1
33,142,1
33,143,1
33,144,1
33,145,1
33,146,1
33,147,1
33,148,1
33,149,1
33,150,1
33,151,1
33,152,1
33,153,1
33,154,1
33,155,1
33,156,1
33,157,1
33,158,1
33,159,1
33,160,1
33,161,1
33,162,1
33,163,1
33,164,1
33,165,1
33,166,1
33,167,1
33,168,1
33,169,1
33,170,1
33,171,1
33,172,1
33,173,1
33,174,1
33,175,1
33,176,1
33,177,1
33,178,1
33,179,1
33,180,1
33,181,1
33,182,1
33,183,1
33,184,1
33,185,1
33,186,1
33,187,1
33,188,1
33,189,1
33,190,1
33,191,1
33,192,1
33,193,1
33,194,1
33,215,1
33,217,1
33,219,1
33,221,1
33,223,1
34,0,1
34,1,1
34,2,1
34,3,1
34,4,1
34,5,1
34,6,1
34,7,1
34,8,1
34,9,1
34,10,1
34,11,1
34,12,1
34,13,1
34,14,1
34,15,1
34,16,1
34,17,1
34,18,1
34,19,1
34,20,1
34,21,1
34,22,1
34,23,1
34,24,1
34,25,1
34,26,1
34,27,1
34,28,1
34,29,1
34,30,1
34,31,1
34,32,1
34,33,1
34,35,1
34,36,1
34,37,1
34,38,1
34,39,1
34,40,1
34,41,1
34,42,1
34,43,1
34,44,1
34,45,1
34,46,1
34,47,1
34,48,1
34,49,1
34,50,1
34,51,1
34,52,1
34,53,1
34,54,1
34,55,1
34,56,1
34,57,1
34,58,1
34,59,1
34,60,1
34,61,1
34,62,1
34,63,1
34,64,1
34,65,1
34,66,1
34,67,1
34,68,1
34,69,1
34,70,1
34,71,1
34,72,1
34,73,1
34,74,1
34,75,1
34,76,1
34,77,1
34,78,1
34,79,1
34,80,1
34,81,1
34,82,1
34,83,1
34,84,1
34,85,1
34,86,1
34,87,1
34,88,1
34,89,1
34,90,1
34,91,1
34,92,1
34,93,1
34,94,1
34,95,1
34,96,1
34,97,1
34,98,1
34,99,1
34,100,1
34,101,1
34,102,1
34,103,1
34,104,1
34,105,1
34,106,1
34,107,1
34,108,1
34,109,1
34,110,1
34,111,1
34,112,1
34,113,1
34,114,1
34,115,1
34,116,1
34,117,1
34,118,1
34,119,1
34,120,1
34,121,1
34,122,1
34,123,1
34,124,1
34,125,1
34,126,1
34,127,1
34,128,1
34,129,1
34,130,1
34,131,1
34,132,1
34,133,1
34,134,1
34,135,1
34,136,1
34,137,1
34,138,1
34,139,1
34,140,1
34,141,1
34,142,1
34,143,1
34,144,1
34,145,1
34,146,1
34,147,1
34,148,1
34,149,1
34,150,1
34,151,1
34,152,1
34,153,1
34,154,1
34,155,1
34,156,1
34,157,1
34,158,1
34,159,1
34,160,1
34,161,1
34,162,1
34,163,1
34,164,1
34,165,1
34,166,1
34,167,1
34,168,1
34,169,1
34,170,1
34,171,1
34,172,1
34,173,1
34,174,1
34,175,1
34,176,1
34,177,1
34,178,1
34,179,1
34,180,1
34,181,1
34,182,1
34,183,1
34,184,1
34,185,1
34,186,1
34,187,1
34,188,1
34,189,1
34,190,1
34,191,1
34,192,1
34,193,1
34,194,1
34,215,1
34,217,1
34,219,1
34,221,1
34,223,1
35,0,1
35,1,1
35,2,1
35,3,1
35,4,1
35,5,1
35,6,1
35,7,1
35,8,1
35,9,1
35,10,1
35,11,1
35,12,1
35,13,1
35,14,1
35,15,1
35,16,1
35,17,1
35,18,1
35,19,1
35,20,1
35,21,1
35,22,1
35,23,1
35,24,1
35,25,1
35,26,1
35,27,1
35,28,1
35,29,1
35,30,1
35,31,1
35,32,1
35,33,1
35,34,1
35,36,1
35,37,1
35,38,1
35,39,1
35,40,1
35,41,1
35,42,1
35,43,1
35,44,1
35,45,1
35,46,1
35,47,1
35,48,1
35,49,1
35,50,1
35,51,1
35,52,1
35,53,1
35,54,1
35,55,1
35,56,1
35,57,1
35,58,1
35,59,1
35,60,1
35,61,1
35,62,1
35,63,1
35,64,1
35,65,1
35,66,1
35,67,1
35,68,1
35,69,1
35,70,1
35,71,1
35,72,1
35,73,1
35,74,1
35,75,1
35,76,1
35,77,1
35,78,1
35,79,1
35,80,1
35,81,1
35,82,1
35,83,1
35,84,1
35,85,1
35,86,1
35,87,1
35,88,1
35,89,1
35,90,1
35,91,1
35,92,1
35,93,1
35,94,1
35,95,1
35,96,1
35,97,1
35,98,1
35,99,1
35,100,1
35,101,1
35,102,1
35,103,1
35,104,1
35,105,1
35,106,1
35,107,1
35,108,1
35,109,1
35,110,1
35,111,1
35,112,1
35,113,1
35,114,1
35,115,1
35,116,1
35,117,1
35,118,1
35,119,1
35,120,1
35,121,1
35,122,1
35,123,1
35,124,1
35,125,1
35,126,1
35,127,1
35,128,1
35,129,1
35,130,1
35,131,1
35,132,1
35,133,1
35,134,1
35,135,1
35,136,1
35,137,1
35,138,1
35,139,1
35,140,1
35,141,1
35,142,1
35,143,1
35,144,1
35,145,1
35,146,1
35,147,1
35,148,1
35,149,1
35,150,1
35,151,1
35,152,1
35,153,1
35,154,1
35,155,1
35,156,1
35,157,1
35,158,1
35,159,1
35,160,1
35,161,1
35,162,1
35,163,1
35,164,1
35,165,1
35,166,1
35,167,1
35,168,1
35,169,1
35,170,1
35,171,1
35,172,1
35,173,1
35,174,1
35,175,1
35,176,1
35,177,1
35,178,1
35,179,1
35,180,1
35,181,1
35,182,1
35,183,1
35,184,1
35,185,1
35,186,1
35,187,1
35,188,1
35,189,1
35,190,1
35,191,1
35,192,1
35,193,1
35,194,1
35,215,1
35,217,1
35,219,1
35,221,1
35,223,1
36,0,1
36,1,1
36,2,1
36,3,1
36,4,1
36,5,1
36,6,1
36,7,1
36,8,1
36,9,1
36,10,1
36,11,1
36,12,1
36,13,1
36,14,1
36,15,1
36,16,1
36,17,1
36,18,1
36,19,1
36,20,1
36,21,1
36,22,1
36,23,1
36,24,1
36,25,1
36,26,1
36,27,1
36,28,1
36,29,1
36,30,1
36,31,1
36,32,1
36,33,1
36,34,1
36,35,1
36,37,1
36,38,1
36,39,1
36,40,1
36,41,1
36,42,1
36,43,1
36,44,1
36,45,1
36,46,1
36,47,1
36,48,1
36,49,1
36,50,1
36,51,1
36,52,1
36,53,1
36,54,1
36,55,1
36,56,1
36,57,1
36,58,1
36,59,1
36,60,1
36,61,1
36,62,1
36,63,1
36,64,1
36,65,1
36,66,1
36,67,1
36,68,1
36,69,1
36,70,1
36,71,1
36,72,1
36,73,1
36,74,1
36,75,1
36,76,1
36,77,1
36,78,1
36,79,1
36,80,1
36,81,1
36,82,1
36,83,1
36,84,1
36,85,1
36,86,1
36,87,1
36,88,1
36,89,1
36,90,1
36,91,1
36,92,1
36,93,1
36,94,1
36,95,1
36,96,1
36,97,1
36,98,1
36,99,1
36,100,1
36,101,1
36,102,1
36,103,1
36,104,1
36,105,1
36,106,1
36,107,1
36,108,1
36,109,1
36,110,1
36,111,1
36,112,1
36,113,1
36,114,1
36,115,1
36,116,1
36,117,1
36,118,1
36,119,1
36,120,1
36,121,1
36,122,1
36,123,1
36,124,1
36,125,1
36,126,1
36,127,1
36,128,1
36,129,1
36,130,1
36,131,1
36,132,1
36,133,1
36,134,1
36,135,1
36,136,1
36,137,1
36,138,1
36,139,1
36,140,1
36,141,1
36,142,1
36,143,1
36,144,1
36,145,1
36,146,1
36,147,1
36,148,1
36,149,1
36,150,1
36,151,1
36,152,1
36,153,1
36,154,1
36,155,1
36,156,1
36,157,1
36,158,1
36,159,1
36,160,1
36,161,1
36,162,1
36,163,1
36,164,1
36,165,1
36,166,1
36,167,1
36,168,1
36,169,1
36,170,1
36,171,1
36,172,1
36,173,1
36,174,1
36,175,1
36,176,1
36,177,1
36,178,1
36,179,1
36,180,1
36,181,1
36,182,1
36,183,1
36,184,1
36,185,1
36,186,1
36,187,1
36,188,1
36,189,1
36,190,1
36,191,1
36,192,1
36,193,1
36,194,1
36,215,1
36,217,1
36,219,1
36,221,1
36,223,1
37,0,1
37,1,1
37,2,1
37,3,1
37,4,1
37,5,1
37,6,1
37,7,1
37,8,1
37,9,1
37,10,1
37,11,1
37,12,1
37,13,1
37,14,1
37,15,1
37,16,1
37,17,1
37,18,1
37,19,1
37,20,1
37,21,1
37,22,1
37,23,1
37,24,1
37,25,1
37,26,1
37,27,1
37,28,1
37,29,1
37,30,1
37,31,1
37,32,1
37,33,1
37,34,1
37,35,1
37,36,1
37,38,1
37,39,1
37,40,1
37,41,1
37,42,1
37,43,1
37,44,1
37,45,1
37,46,1
37,47,1
37,48,1
37,49,1
37,50,1
37,51,1
37,52,1
37,53,1
37,54,1
37,55,1
37,56,1
37,57,1
37,58,1
37,59,1
37,60,1
37,61,1
37,62,1
37,63,1
37,64,1
37,65,1
37,66,1
37,67,1
37,68,1
37,69,1
37,70,1
37,71,1
37,72,1
37,73,1
37,74,1
37,75,1
37,76,1
37,77,1
37,78,1
37,79,1
37,80,1
37,81,1
37,82,1
37,83,1
37,84,1
37,85,1
37,86,1
37,87,1
37,88,1
37,89,1
37,90,1
37,91,1
37,92,1
37,93,1
37,94,1
37,95,1
37,96,1
37,97,1
37,98,1
37,99,1
37,100,1
37,101,1
37,102,1
37,103,1
37,104,1
37,105,1
37,106,1
37,107,1
37,108,1
37,109,1
37,110,1
37,111,1
37,112,1
37,113,1
37,114,1
37,115,1
37,116,1
37,117,1
37,118,1
37,119,1
37,120,1
37,121,1
37,122,1
37,123,1
37,124,1
37,125,1
37,126,1
37,127,1
37,128,1
37,129,1
37,130,1
37,131,1
37,132,1
37,133,1
37,134,1
37,135,1
37,136,1
37,137,1
37,138,1
37,139,1
37,140,1
37,141,1
37,142,1
37,143,1
37,144,1
37,145,1
37,146,1
37,147,1
37,148,1
37,149,1
37,150,1
37,151,1
37,152,1
37,153,1
37,154,1
37,155,1
37,156,1
37,157,1
37,158,1
37,159,1
37,160,1
37,161,1
37,162,1
37,163,1
37,164,1
37,165,1
37,166,1
37,167,1
37,168,1
37,169,1
37,170,1
37,171,1
37,172,1
37,173,1
37,174,1
37,175,1
37,176,1
37,177,1
37,178,1
37,179,1
37,180,1
37,181,1
37,182,1
37,183,1
37,184,1
37,185,1
37,186,1
37,187,1
37,188,1
37,189,1
37,190,1
37,191,1
37,192,1
37,193,1
37,194,1
37,215,1
37,217,1
37,219,1
37,221,1
37,223,1
38,0,1
38,1,1
38,2,1
38,3,1
38,4,1
38,5,1
38,6,1
38,7,1
38,8,1
38,9,1
38,10,1
38,11,1
38,12,1
38,13,1
38,14,1
38,15,1
38,16,1
38,17,1
38,18,1
38,19,1
38,20,1
38,21,1
38,22,1
38,23,1
38,24,1
38,25,1
38,26,1
38,27,1
38,28,1
38,29,1
38,30,1
38,31,1
38,32,1
38,33,1
38,34,1
38,35,1
38,36,1
38,37,1
38,39,1
38,40,1
38,41,1
38,42,1
38,43,1
38,44,1
38,45,1
38,46,1
38,47,1
38,48,1
38,49,1
38,50,1
38,51,1
38,52,1
38,53,1
38,54,1
38,55,1
38,56,1
38,57,1
38,58,1
38,59,1
38,60,1
38,61,1
38,62,1
38,63,1
38,64,1
38,65,1
38,66,1
38,67,1
38,68,1
38,69,1
38,70,1
38,71,1
38,72,1
38,73,1
38,74,1
38,75,1
38,76,1
38,77,1
38,78,1
38,79,1
38,80,1
38,81,1
38,82,1
38,83,1
38,84,1
38,85,1
38,86,1
38,87,1
38,88,1
38,89,1
38,90,1
38,91,1
38,92,1
38,93,1
38,94,1
38,95,1
38,96,1
38,97,1
38,98,1
38,99,1
38,100,1
38,101,1
38,102,1
38,103,1
38,104,1
38,105,1
38,106,1
38,107,1
38,108,1
38,109,1
38,110,1
38,111,1
38,112,1
38,113,1
38,114,1
38,115,1
38,116,1
38,117,1
38,118,1
38,119,1
38,120,1
38,121,1
38,122,1
38,123,1
38,124,1
38,125,1
38,126,1
38,127,1
38,128,1
38,129,1
38,130,1
38,131,1
38,132,1
38,133,1
38,134,1
38,135,1
38,136,1
38,137,1
38,138,1
38,139,1
38,140,1
38,141,1
38,142,1
38,143,1
38,144,1
38,145,1
38,146,1
38,147,1
38,148,1
38,149,1
38,150,1
38,151,1
38,152,1
38,153,1
38,154,1
38,155,1
38,156,1
38,157,1
38,158,1
38,159,1
38,160,1
38,161,1
38,162,1
38,163,1
38,164,1
38,165,1
38,166,1
38,167,1
38,168,1
38,169,1
38,170,1
38,171,1
38,172,1
38,173,1
38,174,1
38,175,1
38,176,1
38,177,1
38,178,1
38,179,1
38,180,1
38,181,1
38,182,1
38,183,1
38,184,1
38,185,1
38,186,1
38,187,1
38,188,1
38,189,1
38,190,1
38,191,1
38,192,1
38,193,1
38,194,1
38,215,1
38,217,1
38,219,1
38,221,1
38,223,1
39,0,2
39,1,2
39,2,2
39,3,2
39,4,2
39,5,2
39,6,2
39,7,2
39,8,2
39,9,2
39,10,2
39,11,2
39,12,2
39,13,2
39,14,2
39,15,2
39,16,2
39,17,2
39,18,2
39,19,2
39,20,2
39,21,2
39,22,2
39,23,2
39,24,2
39,25,2
39,26,2
39,27,2
39,28,2
39,29,2
39,30,2
39,31,2
39,32,2
39,33,2
39,34,2
39,35,2
39,36,2
39,37,2
39,38,2
39,40,2
39,41,2
39,42,2
39,43,2
39,44,2
39,45,2
39,46,2
39,47,2
39,48,2
39,49,2
39,50,2
39,51,2
39,52,2
39,53,2
39,54,2
39,55,2
39,56,2
39,57,2
39,58,2
39,59,2
39,60,2
39,61,2
39,62,2
39,63,2
39,64,2
39,65,2
39,66,2
39,67,2
39,68,2
39,69,2
39,70,2
39,71,2
39,72,2
39,73,2
39,74,2
39,75,2
39,76,2
39,77,2
39,78,2
39,79,2
39,80,2
39,81,2
39,82,2
39,83,2
39,84,2
39,85,2
39,86,2
39,87,2
39,88,2
39,89,2
39,90,2
39,91,2
39,92,2
39,93,2
39,94,2
39,95,2
39,96,2
39,97,2
39,98,2
39,99,2
39,100,2
39,101,2
39,102,2
39,103,2
39,104,2
39,105,2
39,106,2
39,107,2
39,108,2
39,109,2
39,110,2
39,111,2
39,112,2
39,113,2
39,114,2
39,115,2
39,116,2
39,117,2
39,118,2
39,119,2
39,120,2
39,121,2
39,122,2
39,123,2
39,124,2
39,125,2
39,126,2
39,127,2
39,128,2
39,129,2
39,130,2
39,131,2
39,132,2
39,133,2
39,134,2
39,135,2
39,136,2
39,137,2
39,138,2
39,139,2
39,140,2
39,141,2
39,142,2
39,143,2
39,144,2
39,145,2
39,146,2
39,147,2
39,148,2
39,149,2
39,150,2
39,151,2
39,152,2
39,153,2
39,154,2
39,155,2
39,156,2
39,157,2
39,158,2
39,159,2
39,160,2
39,161,2
39,162,2
39,163,2
39,164,2
39,165,2
39,166,2
39,167,2
39,168,2
39,169,2
39,170,2
39,171,2
39,172,2
39,173,2
39,174,2
39,175,2
39,176,2
39,177,2
39,178,2
39,179,2
39,180,2
39,181,2
39,182,2
39,183,2
39,184,2
39,185,2
39,186,2
39,187,2
39,188,2
39,189,2
39,190,2
39,191,2
39,192,2
39,193,2
39,194,2
39,215,2
39,217,2
39,219,2
39,221,2
39,223,2
40,0,2
40,1,2
40,2,2
40,3,2
40,4,2
40,5,2
40,6,2
40,7,2
40,8,2
40,9,2
40,10,2
40,11,2
40,12,2
40,13,2
40,14,2
40,15,2
40,16,2
40,17,2
40,18,2
40,19,2
40,20,2
40,21,2
40,22,2
40,23,2
40,24,2
40,25,2
40,26,2
40,27,2
40,28,2
40,29,2
40,30,2
40,31,2
40,32,2
40,33,2
40,34,2
40,35,2
40,36,2
40,37,2
40,38,2
40,39,2
40,41,2
40,42,2
40,43,2
40,44,2
40,45,2
40,46,2
40,47,2
40,48,2
40,49,2
40,50,2
40,51,2
40,52,2
40,53,2
40,54,2
40,55,2
40,56,2
40,57,2
40,58,2
40,59,2
40,60,2
40,61,2
40,62,2
40,63,2
40,64,2
40,65,2
40,66,2
40,67,2
40,68,2
40,69,2
40,70,2
40,71,2
40,72,2
40,73,2
40,74,2
40,75,2
40,76,2
40,77,2
40,78,2
40,79,2
40,80,2
40,81,2
40,82,2
40,83,2
40,84,2
40,85,2
40,86,2
40,87,2
40,88,2
40,89,2
40,90,2
40,91,2
40,92,2
40,93,2
40,94,2
40,95,2
40,96,2
40,97,2
40,98,2
40,99,2
40,100,2
40,101,2
40,102,2
40,103,2
40,104,2
40,105,2
40,106,2
40,107,2
40,108,2
40,109,2
40,110,2
40,111,2
40,112,2
40,113,2
40,114,2
40,115,2
40,116,2
40,117,2
40,118,2
40,119,2
40,120,2
40,121,2
40,122,2
40,123,2
40,124,2
40,125,2
40,126,2
40,127,2
40,128,2
40,129,2
40,130,2
40,131,2
40,132,2
40,133,2
40,134,2
40,135,2
40,136,2
40,137,2
40,138,2
40,139,2
40,140,2
40,141,2
40,142,2
40,143,2
40,144,2
40,145,2
40,146,2
40,147,2
40,148,2
40,149,2
40,150,2
40,151,2
40,152,2
40,153,2
40,154,2
40,155,2
40,156,2
40,157,2
40,158,2
40,159,2
40,160,2
40,161,2
40,162,2
40,163,2
40,164,2
40,165,2
40,166,2
40,167,2
40,168,2
40,169,2
40,170,2
40,171,2
40,172,2
40,173,2
40,174,2
40,175,2
40,176,2
40,177,2
40,178,2
40,179,2
40,180,2
40,181,2
40,182,2
40,183,2
40,184,2
40,185,2
40,186,2
40,187,2
40,188,2
40,189,2
40,190,2
40,191,2
40,192,2
40,193,2
40,194,2
40,215,2
40,217,2
40,219,2
40,221,2
40,223,2
41,0,2
41,1,2
41,2,2
41,3,2
41,4,2
41,5,2
41,6,2
41,7,2
41,8,2
41,9,2
41,10,2
41,11,2
41,12,2
41,13,2
41,14,2
41,15,2
41,16,2
41,17,2
41,18,2
41,19,2
41,20,2
41,21,2
41,22,2
41,23,2
41,24,2
41,25,2
41,26,2
41,27,2
41,28,2
41,29,2
41,30,2
41,31,2
41,32,2
41,33,2
41,34,2
41,35,2
41,36,2
41,37,2
41,38,2
41,39,2
41,40,2
41,42,2
41,43,2
41,44,2
41,45,2
41,46,2
41,47,2
41,48,2
41,49,2
41,50,2
41,51,2
41,52,2
41,53,2
41,54,2
41,55,2
41,56,2
41,57,2
41,58,2
41,59,2
41,60,2
41,61,2
41,62,2
41,63,2
41,64,2
41,65,2
41,66,2
41,67,2
41,68,2
41,69,2
41,70,2
41,71,2
41,72,2
41,73,2
41,74,2
41,75,2
41,76,2
41,77,2
41,78,2
41,79,2
41,80,2
41,81,2
41,82,2
41,83,2
41,84,2
41,85,2
41,86,2
41,87,2
41,88,2
41,89,2
41,90,2
41,91,2
41,92,2
41,93,2
41,94,2
41,95,2
41,96,2
41,97,2
41,98,2
41,99,2
41,100,2
41,101,2
41,102,2
41,103,2
41,104,2
41,105,2
41,106,2
41,107,2
41,108,2
41,109,2
41,110,2
41,111,2
41,112,2
41,113,2
41,114,2
41,115,2
41,116,2
41,117,2
41,118,2
41,119,2
41,120,2
41,121,2
41,122,2
41,123,2
41,124,2
41,125,2
41,126,2
41,127,2
41,128,2
41,129,2
41,130,2
41,131,2
41,132,2
41,133,2
41,134,2
41,135,2
41,136,2
41,137,2
41,138,2
41,139,2
41,140,2
41,141,2
41,142,2
41,143,2
41,144,2
41,145,2
41,146,2
41,147,2
41,148,2
41,149,2
41,150,2
41,151,2
41,152,2
41,153,2
41,154,2
41,155,2
41,156,2
41,157,2
41,158,2
41,159,2
41,160,2
41,161,2
41,162,2
41,163,2
41,164,2
41,165,2
41,166,2
41,167,2
41,168,2
41,169,2
41,170,2
41,171,2
41,172,2
41,173,2
41,174,2
41,175,2
41,176,2
41,177,2
41,178,2
41,179,2
41,180,2
41,181,2
41,182,2
41,183,2
41,184,2
41,185,2
41,186,2
41,187,2
41,188,2
41,189,2
41,190,2
41,191,2
41,192,2
41,193,2
41,194,2
41,215,2
41,217,2
41,219,2
41,221,2
41,223,2
42,0,2
42,1,2
42,2,2
42,3,2
42,4,2
42,5,2
42,6,2
42,7,2
42,8,2
42,9,2
42,10,2
42,11,2
42,12,2
42,13,2
42,14,2
42,15,2
42,16,2
42,17,2
42,18,2
42,19,2
42,20,2
42,21,2
42,22,2
42,23,2
42,24,2
42,25,2
42,26,2
42,27,2
42,28,2
42,29,2
42,30,2
42,31,2
42,32,2
42,33,2
42,34,2
42,35,2
42,36,2
42,37,2
42,38,2
42,39,2
42,40,2
42,41,2
42,43,2
42,44,2
42,45,2
42,46,2
42,47,2
42,48,2
42,49,2
42,50,2
42,51,2
42,52,2
42,53,2
42,54,2
42,55,2
42,56,2
42,57,2
42,58,2
42,59,2
42,60,2
42,61,2
42,62,2
42,63,2
42,64,2
42,65,2
42,66,2
42,67,2
42,68,2
42,69,2
42,70,2
42,71,2
42,72,2
42,73,2
42,74,2
42,75,2
42,76,2
42,77,2
42,78,2
42,79,2
42,80,2
42,81,2
42,82,2
42,83,2
42,84,2
42,85,2
42,86,2
42,87,2
42,88,2
42,89,2
42,90,2
42,91,2
42,92,2
42,93,2
42,94,2
42,95,2
42,96,2
42,97,2
42,98,2
42,99,2
42,100,2
42,101,2
42,102,2
42,103,2
42,104,2
42,105,2
42,106,2
42,107,2
42,108,2
42,109,2
42,110,2
42,111,2
42,112,2
42,113,2
42,114,2
42,115,2
42,116,2
42,117,2
42,118,2
42,119,2
42,120,2
42,121,2
42,122,2
42,123,2
42,124,2
42,125,2
42,126,2
42,127,2
42,128,2
42,129,2
42,130,2
42,131,2
42,132,2
42,133,2
42,134,2
42,135,2
42,136,2
42,137,2
42,138,2
42,139,2
42,140,2
42,141,2
42,142,2
42,143,2
42,144,2
42,145,2
42,146,2
42,147,2
42,148,2
42,149,2
42,150,2
42,151,2
42,152,2
42,153,2
42,154,2
42,155,2
42,156,2
42,157,2
42,158,2
42,159,2
42,160,2
42,161,2
42,162,2
42,163,2
42,164,2
42,165,2
42,166,2
42,167,2
42,168,2
42,169,2
42,170,2
42,171,2
42,172,2
42,173,2
42,174,2
42,175,2
42,176,2
42,177,2
42,178,2
42,179,2
42,180,2
42,181,2
42,182,2
42,183,2
42,184,2
42,185,2
42,186,2
42,187,2
42,188,2
42,189,2
42,190,2
42,191,2
42,192,2
42,193,2
42,194,2
42,215,2
42,217,2
42,219,2
42,221,2
42,223,2
43,0,2
43,1,2
43,2,2
43,3,2
43,4,2
43,5,2
43,6,2
43,7,2
43,8,2
43,9,2
43,10,2
43,11,2
43,12,2
43,13,2
43,14,2
43,15,2
43,16,2
43,17,2
43,18,2
43,19,2
43,20,2
43,21,2
43,22,2
43,23,2
43,24,2
43,25,2
43,26,2
43,27,2
43,28,2
43,29,2
43,30,2
43,31,2
43,32,2
43,33,2
43,34,2
43,35,2
43,36,2
43,37,2
43,38,2
43,39,2
43,40,2
43,41,2
43,42,2
43,44,2
43,45,2
43,46,2
43,47,2
43,48,2
43,49,2
43,50,2
43,51,2
43,52,2
43,53,2
43,54,2
43,55,2
43,56,2
43,57,2
43,58,2
43,59,2
43,60,2
43,61,2
43,62,2
43,63,2
43,64,2
43,65,2
43,66,2
43,67,2
43,68,2
43,69,2
43,70,2
43,71,2
43,72,2
43,73,2
43,74,2
43,75,2
43,76,2
43,77,2
43,78,2
43,79,2
43,80,2
43,81,2
43,82,2
43,83,2
43,84,2
43,85,2
43,86,2
43,87,2
43,88,2
43,89,2
43,90,2
43,91,2
43,92,2
43,93,2
43,94,2
43,95,2
43,96,2
43,97,2
43,98,2
43,99,2
43,100,2
43,101,2
43,102,2
43,103,2
43,104,2
43,105,2
43,106,2
43,107,2
43,108,2
43,109,2
43,110,2
43,111,2
43,112,2
43,113,2
43,114,2
43,115,2
43,116,2
43,117,2
43,118,2
43,119,2
43,120,2
43,121,2
43,122,2
43,123,2
43,124,2
43,125,2
43,126,2
43,127,2
43,128,2
43,129,2
43,130,2
43,131,2
43,132,2
43,133,2
43,134,2
43,135,2
43,136,2
43,137,2
43,138,2
43,139,2
43,140,2
43,141,2
43,142,2
43,143,2
43,144,2
43,145,2
43,146,2
43,147,2
43,148,2
43,149,2
43,150,2
43,151,2
43,152,2
43,153,2
43,154,2
43,155,2
43,156,2
43,157,2
43,158,2
43,159,2
43,160,2
43,161,2
43,162,2
43,163,2
43,164,2
43,165,2
43,166,2
43,167,2
43,168,2
43,169,2
43,170,2
43,171,2
43,172,2
43,173,2
43,174,2
43,175,2
43,176,2
43,177,2
43,178,2
43,179,2
43,180,2
43,181,2
43,182,2
43,183,2
43,184,2
43,185,2
43,186,2
43,187,2
43,188,2
43,189,2
43,190,2
43,191,2
43,192,2
43,193,2
43,194,2
43,215,2
43,217,2
43,219,2
43,221,2
43,223,2
44,0,2
44,1,2
44,2,2
44,3,2
44,4,2
44,5,2
44,6,2
44,7,2
44,8,2
44,9,2
44,10,2
44,11,2
44,12,2
44,13,2
44,14,2
44,15,2
44,16,2
44,17,2
44,18,2
44,19,2
44,20,2
44,21,2
44,22,2
44,23,2
44,24,2
44,25,2
44,26,2
44,27,2
44,28,2
44,29,2
44,30,2
44,31,2
44,32,2
44,33,2
44,34,2
44,35,2
44,36,2
44,37,2
44,38,2
44,39,2
44,40,2
44,41,2
44,42,2
44,43,2
44,45,2
44,46,2
44,47,2
44,48,2
44,49,2
44,50,2
44,51,2
44,52,2
44,53,2
44,54,2
44,55,2
44,56,2
44,57,2
44,58,2
44,59,2
44,60,2
44,61,2
44,62,2
44,63,2
44,64,2
44,65,2
44,66,2
44,67,2
44,68,2
44,69,2
44,70,2
44,71,2
44,72,2
44,73,2
44,74,2
44,75,2
44,76,2
44,77,2
44,78,2
44,79,2
44,80,2
44,81,2
44,82,2
44,83,2
44,84,2
44,85,2
44,86,2
44,87,2
44,88,2
44,89,2
44,90,2
44,91,2
44,92,2
44,93,2
44,94,2
44,95,2
44,96,2
44,97,2
44,98,2
44,99,2
44,100,2
44,101,2
44,102,2
44,103,2
44,104,2
44,105,2
44,106,2
44,107,2
44,108,2
44,109,2
44,110,2
44,111,2
44,112,2
44,113,2
44,114,2
44,115,2
44,116,2
44,117,2
44,118,2
44,119,2
44,120,2
44,121,2
44,122,2
44,123,2
44,124,2
44,125,2
44,126,2
44,127,2
44,128,2
44,129,2
44,130,2
44,131,2
44,132,2
44,133,2
44,134,2
44,135,2
44,136,2
44,137,2
44,138,2
44,139,2
44,140,2
44,141,2
44,142,2
44,143,2
44,144,2
44,145,2
44,146,2
44,147,2
44,148,2
44,149,2
44,150,2
44,151,2
44,152,2
44,153,2
44,154,2
44,155,2
44,156,2
44,157,2
44,158,2
44,159,2
44,160,2
44,161,2
44,162,2
44,163,2
44,164,2
44,165,2
44,166,2
44,167,2
44,168,2
44,169,2
44,170,2
44,171,2
44,172,2
44,173,2
44,174,2
44,175,2
44,176,2
44,177,2
44,178,2
44,179,2
44,180,2
44,181,2
44,182,2
44,183,2
44,184,2
44,185,2
44,186,2
44,187,2
44,188,2
44,189,2
44,190,2
44,191,2
44,192,2
44,193,2
44,194,2
44,215,2
44,217,2
44,219,2
44,221,2
44,223,2
45,0,2
45,1,2
45,2,2
45,3,2
45,4,2
45,5,2
45,6,2
45,7,2
45,8,2
45,9,2
45,10,2
45,11,2
45,12,2
45,13,2
45,14,2
45,15,2
45,16,2
45,17,2
45,18,2
45,19,2
45,20,2
45,21,2
45,22,2
45,23,2
45,24,2
45,25,2
45,26,2
45,27,2
45,28,2
45,29,2
45,30,2
45,31,2
45,32,2
45,33,2
45,34,2
45,35,2
45,36,2
45,37,2
45,38,2
45,39,2
45,40,2
45,41,2
45,42,2
45,43,2
45,44,2
45,46,2
45,47,2
45,48,2
45,49,2
45,50,2
45,51,2
45,52,2
45,53,2
45,54,2
45,55,2
45,56,2
45,57,2
45,58,2
45,59,2
45,60,2
45,61,2
45,62,2
45,63,2
45,64,2
45,65,2
45,66,2
45,67,2
45,68,2
45,69,2
45,70,2
45,71,2
45,72,2
45,73,2
45,74,2
45,75,2
45,76,2
45,77,2
45,78,2
45,79,2
45,80,2
45,81,2
45,82,2
45,83,2
45,84,2
45,85,2
45,86,2
45,87,2
45,88,2
45,89,2
45,90,2
45,91,2
45,92,2
45,93,2
45,94,2
45,95,2
45,96,2
45,97,2
45,98,2
45,99,2
45,100,2
45,101,2
45,102,2
45,103,2
45,104,2
45,105,2
45,106,2
45,107,2
45,108,2
45,109,2
45,110,2
45,111,2
45,112,2
45,113,2
45,114,2
45,115,2
45,116,2
45,117,2
45,118,2
45,119,2
45,120,2
45,121,2
45,122,2
45,123,2
45,124,2
45,125,2
45,126,2
45,127,2
45,128,2
45,129,2
45,130,2
45,131,2
45,132,2
45,133,2
45,134,2
45,135,2
45,136,2
45,137,2
45,138,2
45,139,2
45,140,2
45,141,2
45,142,2
45,143,2
45,144,2
45,145,2
45,146,2
45,147,2
45,148,2
45,149,2
45,150,2
45,151,2
45,152,2
45,153,2
45,154,2
45,155,2
45,156,2
45,157,2
45,158,2
45,159,2
45,160,2
45,161,2
45,162,2
45,163,2
45,164,2
45,165,2
45,166,2
45,167,2
45,168,2
45,169,2
45,170,2
45,171,2
45,172,2
45,173,2
45,174,2
45,175,2
45,176,2
45,177,2
45,178,2
45,179,2
45,180,2
45,181,2
45,182,2
45,183,2
45,184,2
45,185,2
45,186,2
45,187,2
45,188,2
45,189,2
45,190,2
45,191,2
45,192,2
45,193,2
45,194,2
45,215,2
45,217,2
45,219,2
45,221,2
45,223,2
46,0,2
46,1,2
46,2,2
46,3,2
46,4,2
46,5,2
46,6,2
46,7,2
46,8,2
46,9,2
46,10,2
46,11,2
46,12,2
46,13,2
46,14,2
46,15,2
46,16,2
46,17,2
46,18,2
46,19,2
46,20,2
46,21,2
46,22,2
46,23,2
46,24,2
46,25,2
46,26,2
46,27,2
46,28,2
46,29,2
46,30,2
46,31,2
46,32,2
46,33,2
46,34,2
46,35,2
46,36,2
46,37,2
46,38,2
46,39,2
46,40,2
46,41,2
46,42,2
46,43,2
46,44,2
46,45,2
46,47,2
46,48,2
46,49,2
46,50,2
46,51,2
46,52,2
46,53,2
46,54,2
46,55,2
46,56,2
46,57,2
46,58,2
46,59,2
46,60,2
46,61,2
46,62,2
46,63,2
46,64,2
46,65,2
46,66,2
46,67,2
46,68,2
46,69,2
46,70,2
46,71,2
46,72,2
46,73,2
46,74,2
46,75,2
46,76,2
46,77,2
46,78,2
46,79,2
46,80,2
46,81,2
46,82,2
46,83,2
46,84,2
46,85,2
46,86,2
46,87,2
46,88,2
46,89,2
46,90,2
46,91,2
46,92,2
46,93,2
46,94,2
46,95,2
46,96,2
46,97,2
46,98,2
46,99,2
46,100,2
46,101,2
46,102,2
46,103,2
46,104,2
46,105,2
46,106,2
46,107,2
46,108,2
46,109,2
46,110,2
46,111,2
46,112,2
46,113,2
46,114,2
46,115,2
46,116,2
46,117,2
46,118,2
46,119,2
46,120,2
46,121,2
46,122,2
46,123,2
46,124,2
46,125,2
46,126,2
46,127,2
46,128,2
46,129,2
46,130,2
46,131,2
46,132,2
46,133,2
46,134,2
46,135,2
46,136,2
46,137,2
46,138,2
46,139,2
46,140,2
46,141,2
46,142,2
46,143,2
46,144,2
46,145,2
46,146,2
46,147,2
46,148,2
46,149,2
46,150,2
46,151,2
46,152,2
46,153,2
46,154,2
46,155,2
46,156,2
46,157,2
46,158,2
46,159,2
46,160,2
46,161,2
46,162,2
46,163,2
46,164,2
46,165,2
46,166,2
46,167,2
46,168,2
46,169,2
46,170,2
46,171,2
46,172,2
46,173,2
46,174,2
46,175,2
46,176,2
46,177,2
46,178,2
46,179,2
46,180,2
46,181,2
46,182,2
46,183,2
46,184,2
46,185,2
46,186,2
46,187,2
46,188,2
46,189,2
46,190,2
46,191,2
46,192,2
46,193,2
46,194,2
46,215,2
46,217,2
46,219,2
46,221,2
46,223,2
47,0,2
47,1,2
47,2,2
47,3,2
47,4,2
47,5,2
47,6,2
47,7,2
47,8,2
47,9,2
47,10,2
47,11,2
47,12,2
47,13,2
47,14,2
47,15,2
47,16,2
47,17,2
47,18,2
47,19,2
47,20,2
47,21,2
47,22,2
47,23,2
47,24,2
47,25,2
47,26,2
47,27,2
47,28,2
47,29,2
47,30,2
47,31,2
47,32,2
47,33,2
47,34,2
47,35,2
47,36,2
47,37,2
47,38,2
47,39,2
47,40,2
47,41,2
47,42,2
47,43,2
47,44,2
47,45,2
47,46,2
47,48,2
47,49,2
47,50,2
47,51,2
47,52,2
47,53,2
47,54,2
47,55,2
47,56,2
47,57,2
47,58,2
47,59,2
47,60,2
47,61,2
47,62,2
47,63,2
47,64,2
47,65,2
47,66,2
47,67,2
47,68,2
47,69,2
47,70,2
47,71,2
47,72,2
47,73,2
47,74,2
47,75,2
47,76,2
47,77,2
47,78,2
47,79,2
47,80,2
47,81,2
47,82,2
47,83,2
47,84,2
47,85,2
47,86,2
47,87,2
47,88,2
47,89,2
47,90,2
47,91,2
47,92,2
47,93,2
47,94,2
47,95,2
47,96,2
47,97,2
47,98,2
47,99,2
47,100,2
47,101,2
47,102,2
47,103,2
47,104,2
47,105,2
47,106,2
47,107,2
47,108,2
47,109,2
47,110,2
47,111,2
47,112,2
47,113,2
47,114,2
47,115,2
47,116,2
47,117,2
47,118,2
47,119,2
47,120,2
47,121,2
47,122,2
47,123,2
47,124,2
47,125,2
47,126,2
47,127,2
47,128,2
47,129,2
47,130,2
47,131,2
47,132,2
47,133,2
47,134,2
47,135,2
47,136,2
47,137,2
47,138,2
47,139,2
47,140,2
47,141,2
47,142,2
47,143,2
47,144,2
47,145,2
47,146,2
47,147,2
47,148,2
47,149,2
47,150,2
47,151,2
47,152,2
47,153,2
47,154,2
47,155,2
47,156,2
47,157,2
47,158,2
47,159,2
47,160,2
47,161,2
47,162,2
47,163,2
47,164,2
47,165,2
47,166,2
47,167,2
47,168,2
47,169,2
47,170,2
47,171,2
47,172,2
47,173,2
47,174,2
47,175,2
47,176,2
47,177,2
47,178,2
47,179,2
47,180,2
47,181,2
47,182,2
47,183,2
47,184,2
47,185,2
47,186,2
47,187,2
47,188,2
47,189,2
47,190,2
47,191,2
47,192,2
47,193,2
47,194,2
47,215,2
47,217,2
47,219,2
47,221,2
47,223,2
48,0,2
48,1,2
48,2,2
48,3,2
48,4,2
48,5,2
48,6,2
48,7,2
48,8,2
48,9,2
48,10,2
48,11,2
48,12,2
48,13,2
48,14,2
48,15,2
48,16,2
48,17,2
48,18,2
48,19,2
48,20,2
48,21,2
48,22,2
48,23,2
48,24,2
48,25,2
48,26,2
48,27,2
48,28,2
48,29,2
48,30,2
48,31,2
48,32,2
48,33,2
48,34,2
48,35,2
48,36,2
48,37,2
48,38,2
48,39,2
48,40,2
48,41,2
48,42,2
48,43,2
48,44,2
48,45,2
48,46,2
48,47,2
48,49,2
48,50,2
48,51,2
48,52,2
48,53,2
48,54,2
48,55,2
48,56,2
48,57,2
48,58,2
48,59,2
48,60,2
48,61,2
48,62,2
48,63,2
48,64,2
48,65,2
48,66,2
48,67,2
48,68,2
48,69,2
48,70,2
48,71,2
48,72,2
48,73,2
48,74,2
48,75,2
48,76,2
48,77,2
48,78,2
48,79,2
48,80,2
48,81,2
48,82,2
48,83,2
48,84,2
48,85,2
48,86,2
48,87,2
48,88,2
48,89,2
48,90,2
48,91,2
48,92,2
48,93,2
48,94,2
48,95,2
48,96,2
48,97,2
48,98,2
48,99,2
48,100,2
48,101,2
48,102,2
48,103,2
48,104,2
48,105,2
48,106,2
48,107,2
48,108,2
48,109,2
48,110,2
48,111,2
48,112,2
48,113,2
48,114,2
48,115,2
48,116,2
48,117,2
48,118,2
48,119,2
48,120,2
48,121,2
48,122,2
48,123,2
48,124,2
48,125,2
48,126,2
48,127,2
48,128,2
48,129,2
48,130,2
48,131,2
48,132,2
48,133,2
48,134,2
48,135,2
48,136,2
48,137,2
48,138,2
48,139,2
48,140,2
48,141,2
48,142,2
48,143,2
48,144,2
48,145,2
48,146,2
48,147,2
48,148,2
48,149,2
48,150,2
48,151,2
48,152,2
48,153,2
48,154,2
48,155,2
48,156,2
48,157,2
48,158,2
48,159,2
48,160,2
48,161,2
48,162,2
48,163,2
48,164,2
48,165,2
48,166,2
48,167,2
48,168,2
48,169,2
48,170,2
48,171,2
48,172,2
48,173,2
48,174,2
48,175,2
48,176,2
48,177,2
48,178,2
48,179,2
48,180,2
48,181,2
48,182,2
48,183,2
48,184,2
48,185,2
48,186,2
48,187,2
48,188,2
48,189,2
48,190,2
48,191,2
48,192,2
48,193,2
48,194,2
48,215,2
48,217,2
48,219,2
48,221,2
48,223,2
49,0,2
49,1,2
49,2,2
49,3,2
49,4,2
49,5,2
49,6,2
49,7,2
49,8,2
49,9,2
49,10,2
49,11,2
49,12,2
49,13,2
49,14,2
49,15,2
49,16,2
49,17,2
49,18,2
49,19,2
49,20,2
49,21,2
49,22,2
49,23,2
49,24,2
49,25,2
49,26,2
49,27,2
49,28,2
49,29,2
49,30,2
49,31,2
49,32,2
49,33,2
49,34,2
49,35,2
49,36,2
49,37,2
49,38,2
49,39,2
49,40,2
49,41,2
49,42,2
49,43,2
49,44,2
49,45,2
49,46,2
49,47,2
49,48,2
49,50,2
49,51,2
49,52,2
49,53,2
49,54,2
49,55,2
49,56,2
49,57,2
49,58,2
49,59,2
49,60,2
49,61,2
49,62,2
49,63,2
49,64,2
49,65,2
49,66,2
49,67,2
49,68,2
49,69,2
49,70,2
49,71,2
49,72,2
49,73,2
49,74,2
49,75,2
49,76,2
49,77,2
49,78,2
49,79,2
49,80,2
49,81,2
49,82,2
49,83,2
49,84,2
49,85,2
49,86,2
49,87,2
49,88,2
49,89,2
49,90,2
49,91,2
49,92,2
49,93,2
49,94,2
49,95,2
49,96,2
49,97,2
49,98,2
49,99,2
49,100,2
49,101,2
49,102,2
49,103,2
49,104,2
49,105,2
49,106,2
49,107,2
49,108,2
49,109,2
49,110,2
49,111,2
49,112,2
49,113,2
49,114,2
49,115,2
49,116,2
49,117,2
49,118,2
49,119,2
49,120,2
49,121,2
49,122,2
49,123,2
49,124,2
49,125,2
49,126,2
49,127,2
49,128,2
49,129,2
49,130,2
49,131,2
49,132,2
49,133,2
49,134,2
49,135,2
49,136,2
49,137,2
49,138,2
49,139,2
49,140,2
49,141,2
49,142,2
49,143,2
49,144,2
49,145,2
49,146,2
49,147,2
49,148,2
49,149,2
49,150,2
49,151,2
49,152,2
49,153,2
49,154,2
49,155,2
49,156,2
49,157,2
49,158,2
49,159,2
49,160,2
49,161,2
49,162,2
49,163,2
49,164,2
49,165,2
49,166,2
49,167,2
49,168,2
49,169,2
49,170,2
49,171,2
49,172,2
49,173,2
49,174,2
49,175,2
49,176,2
49,177,2
49,178,2
49,179,2
49,180,2
49,181,2
49,182,2
49,183,2
49,184,2
49,185,2
49,186,2
49,187,2
49,188,2
49,189,2
49,190,2
49,191,2
49,192,2
49,193,2
49,194,2
49,215,2
49,217,2
49,219,2
49,221,2
49,223,2
50,0,2
50,1,2
50,2,2
50,3,2
50,4,2
50,5,2
50,6,2
50,7,2
50,8,2
50,9,2
50,10,2
50,11,2
50,12,2
50,13,2
50,14,2
50,15,2
50,16,2
50,17,2
50,18,2
50,19,2
50,20,2
50,21,2
50,22,2
50,23,2
50,24,2
50,25,2
50,26,2
50,27,2
50,28,2
50,29,2
50,30,2
50,31,2
50,32,2
50,33,2
50,34,2
50,35,2
50,36,2
50,37,2
50,38,2
50,39,2
50,40,2
50,41,2
50,42,2
50,43,2
50,44,2
50,45,2
50,46,2
50,47,2
50,48,2
50,49,2
50,51,2
50,52,2
50,53,2
50,54,2
50,55,2
50,56,2
50,57,2
50,58,2
50,59,2
50,60,2
50,61,2
50,62,2
50,63,2
50,64,2
50,65,2
50,66,2
50,67,2
50,68,2
50,69,2
50,70,2
50,71,2
50,72,2
50,73,2
50,74,2
50,75,2
50,76,2
50,77,2
50,78,2
50,79,2
50,80,2
50,81,2
50,82,2
50,83,2
50,84,2
50,85,2
50,86,2
50,87,2
50,88,2
50,89,2
50,90,2
50,91,2
50,92,2
50,93,2
50,94,2
50,95,2
50,96,2
50,97,2
50,98,2
50,99,2
50,100,2
50,101,2
50,102,2
50,103,2
50,104,2
50,105,2
50,106,2
50,107,2
50,108,2
50,109,2
50,110,2
50,111,2
50,112,2
50,113,2
50,114,2
50,115,2
50,116,2
50,117,2
50,118,2
50,119,2
50,120,2
50,121,2
50,122,2
50,123,2
50,124,2
50,125,2
50,126,2
50,127,2
50,128,2
50,129,2
50,130,2
50,131,2
50,132,2
50,133,2
50,134,2
50,135,2
50,136,2
50,137,2
50,138,2
50,139,2
50,140,2
50,141,2
50,142,2
50,143,2
50,144,2
50,145,2
50,146,2
50,147,2
50,148,2
50,149,2
50,150,2
50,151,2
50,152,2
50,153,2
50,154,2
50,155,2
50,156,2
50,157,2
50,158,2
50,159,2
50,160,2
50,161,2
50,162,2
50,163,2
50,164,2
50,165,2
50,166,2
50,167,2
50,168,2
50,169,2
50,170,2
50,171,2
50,172,2
50,173,2
50,174,2
50,175,2
50,176,2
50,177,2
50,178,2
50,179,2
50,180,2
50,181,2
50,182,2
50,183,2
50,184,2
50,185,2
50,186,2
50,187,2
50,188,2
50,189,2
50,190,2
50,191,2
50,192,2
50,193,2
50,194,2
50,215,2
50,217,2
50,219,2
50,221,2
50,223,2
51,0,3
51,1,3
51,2,3
51,3,3
51,4,3
51,5,3
51,6,3
51,7,3
51,8,3
51,9,3
51,10,3
51,11,3
51,12,3
51,13,3
51,14,3
51,15,3
51,16,3
51,17,3
51,18,3
51,19,3
51,20,3
51,21,3
51,22,3
51,23,3
51,24,3
51,25,3
51,26,3
51,27,3
51,28,3
51,29,3
51,30,3
51,31,3
51,32,3
51,33,3
51,34,3
51,35,3
51,36,3
51,37,3
51,38,3
51,39,3
51,40,3
51,41,3
51,42,3
51,43,3
51,44,3
51,45,3
51,46,3
51,47,3
51,48,3
51,49,3
51,50,3
51,52,3
51,53,3
51,54,3
51,55,3
51,56,3
51,57,3
51,58,3
51,59,3
51,60,3
51,61,3
51,62,3
51,63,3
51,64,3
51,65,3
51,66,3
51,67,3
51,68,3
51,69,3
51,70,3
51,71,3
51,72,3
51,73,3
51,74,3
51,75,3
51,76,3
51,77,3
51,78,3
51,79,3
51,80,3
51,81,3
51,82,3
51,83,3
51,84,3
51,85,3
51,86,3
51,87,3
51,88,3
51,89,3
51,90,3
51,91,3
51,92,3
51,93,3
51,94,3
51,95,3
51,96,3
51,97,3
51,98,3
51,99,3
51,100,3
51,101,3
51,102,3
51,103,3
51,104,3
51,105,3
51,106,3
51,107,3
51,108,3
51,109,3
51,110,3
51,111,3
51,112,3
51,113,3
51,114,3
51,115,3
51,116,3
51,117,3
51,118,3
51,119,3
51,120,3
51,121,3
51,122,3
51,123,3
51,124,3
51,125,3
51,126,3
51,127,3
51,128,3
51,129,3
51,130,3
51,131,3
51,132,3
51,133,3
51,134,3
51,135,3
51,136,3
51,137,3
51,138,3
51,139,3
51,140,3
51,141,3
51,142,3
51,143,3
51,144,3
51,145,3
51,146,3
51,147,3
51,148,3
51,149,3
51,150,3
51,151,3
51,152,3
51,153,3
51,154,3
51,155,3
51,156,3
51,157,3
51,158,3
51,159,3
51,160,3
51,161,3
51,162,3
51,163,3
51,164,3
51,165,3
51,166,3
51,167,3
51,168,3
51,169,3
51,170,3
51,171,3
51,172,3
51,173,3
51,174,3
51,175,3
51,176,3
51,177,3
51,178,3
51,179,3
51,180,3
51,181,3
51,182,3
51,183,3
51,184,3
51,185,3
51,186,3
51,187,3
51,188,3
51,189,3
51,190,3
51,191,3
51,192,3
51,193,3
51,194,3
51,215,3
51,217,3
51,219,3
51,221,3
51,223,3
52,0,3
52,1,3
52,2,3
52,3,3
52,4,3
52,5,3
52,6,3
52,7,3
52,8,3
52,9,3
52,10,3
52,11,3
52,12,3
52,13,3
52,14,3
52,15,3
52,16,3
52,17,3
52,18,3
52,19,3
52,20,3
52,21,3
52,22,3
52,23,3
52,24,3
52,25,3
52,26,3
52,27,3
52,28,3
52,29,3
52,30,3
52,31,3
52,32,3
52,33,3
52,34,3
52,35,3
52,36,3
52,37,3
52,38,3
52,39,3
52,40,3
52,41,3
52,42,3
52,43,3
52,44,3
52,45,3
52,46,3
52,47,3
52,48,3
52,49,3
52,50,3
52,51,3
52,53,3
52,54,3
52,55,3
52,56,3
52,57,3
52,58,3
52,59,3
52,60,3
52,61,3
52,62,3
52,63,3
52,64,3
52,65,3
52,66,3
52,67,3
52,68,3
52,69,3
52,70,3
52,71,3
52,72,3
52,73,3
52,74,3
52,75,3
52,76,3
52,77,3
52,78,3
52,79,3
52,80,3
52,81,3
52,82,3
52,83,3
52,84,3
52,85,3
52,86,3
52,87,3
52,88,3
52,89,3
52,90,3
52,91,3
52,92,3
52,93,3
52,94,3
52,95,3
52,96,3
52,97,3
52,98,3
52,99,3
52,100,3
52,101,3
52,102,3
52,103,3
52,104,3
52,105,3
52,106,3
52,107,3
52,108,3
52,109,3
52,110,3
52,111,3
52,112,3
52,113,3
52,114,3
52,115,3
52,116,3
52,117,3
52,118,3
52,119,3
52,120,3
52,121,3
52,122,3
52,123,3
52,124,3
52,125,3
52,126,3
52,127,3
52,128,3
52,129,3
52,130,3
52,131,3
52,132,3
52,133,3
52,134,3
52,135,3
52,136,3
52,137,3
52,138,3
52,139,3
52,140,3
52,141,3
52,142,3
52,143,3
52,144,3
52,145,3
52,146,3
52,147,3
52,148,3
52,149,3
52,150,3
52,151,3
52,152,3
52,153,3
52,154,3
52,155,3
52,156,3
52,157,3
52,158,3
52,159,3
52,160,3
52,161,3
52,162,3
52,163,3
52,164,3
52,165,3
52,166,3
52,167,3
52,168,3
52,169,3
52,170,3
52,171,3
52,172,3
52,173,3
52,174,3
52,175,3
52,176,3
52,177,3
52,178,3
52,179,3
52,180,3
52,181,3
52,182,3
52,183,3
52,184,3
52,185,3
52,186,3
52,187,3
52,188,3
52,189,3
52,190,3
52,191,3
52,192,3
52,193,3
52,194,3
52,215,3
52,217,3
52,219,3
52,221,3
52,223,3
53,0,3
53,1,3
53,2,3
53,3,3
53,4,3
53,5,3
53,6,3
53,7,3
53,8,3
53,9,3
53,10,3
53,11,3
53,12,3
53,13,3
53,14,3
53,15,3
53,16,3
53,17,3
53,18,3
53,19,3
53,20,3
53,21,3
53,22,3
53,23,3
53,24,3
53,25,3
53,26,3
53,27,3
53,28,3
53,29,3
53,30,3
53,31,3
53,32,3
53,33,3
53,34,3
53,35,3
53,36,3
53,37,3
53,38,3
53,39,3
53,40,3
53,41,3
53,42,3
53,43,3
53,44,3
53,45,3
53,46,3
53,47,3
53,48,3
53,49,3
53,50,3
53,51,3
53,52,3
53,54,3
53,55,3
53,56,3
53,57,3
53,58,3
53,59,3
53,60,3
53,61,3
53,62,3
53,63,3
53,64,3
53,65,3
53,66,3
53,67,3
53,68,3
53,69,3
53,70,3
53,71,3
53,72,3
53,73,3
53,74,3
53,75,3
53,76,3
53,77,3
53,78,3
53,79,3
53,80,3
53,81,3
53,82,3
53,83,3
53,84,3
53,85,3
53,86,3
53,87,3
53,88,3
53,89,3
53,90,3
53,91,3
53,92,3
53,93,3
53,94,3
53,95,3
53,96,3
53,97,3
53,98,3
53,99,3
53,100,3
53,101,3
53,102,3
53,103,3
53,104,3
53,105,3
53,106,3
53,107,3
53,108,3
53,109,3
53,110,3
53,111,3
53,112,3
53,113,3
53,114,3
53,115,3
53,116,3
53,117,3
53,118,3
53,119,3
53,120,3
53,121,3
53,122,3
53,123,3
53,124,3
53,125,3
53,126,3
53,127,3
53,128,3
53,129,3
53,130,3
53,131,3
53,132,3
53,133,3
53,134,3
53,135,3
53,136,3
53,137,3
53,138,3
53,139,3
53,140,3
53,141,3
53,142,3
53,143,3
53,144,3
53,145,3
53,146,3
53,147,3
53,148,3
53,149,3
53,150,3
53,151,3
53,152,3
53,153,3
53,154,3
53,155,3
53,156,3
53,157,3
53,158,3
53,159,3
53,160,3
53,161,3
53,162,3
53,163,3
53,164,3
53,165,3
53,166,3
53,167,3
53,168,3
53,169,3
53,170,3
53,171,3
53,172,3
53,173,3
53,174,3
53,175,3
53,176,3
53,177,3
53,178,3
53,179,3
53,180,3
53,181,3
53,182,3
53,183,3
53,184,3
53,185,3
53,186,3
53,187,3
53,188,3
53,189,3
53,190,3
53,191,3
53,192,3
53,193,3
53,194,3
53,215,3
53,217,3
53,219,3
53,221,3
53,223,3
54,0,3
54,1,3
54,2,3
54,3,3
54,4,3
54,5,3
54,6,3
54,7,3
54,8,3
54,9,3
54,10,3
54,11,3
54,12,3
54,13,3
54,14,3
54,15,3
54,16,3
54,17,3
54,18,3
54,19,3
54,20,3
54,21,3
54,22,3
54,23,3
54,24,3
54,25,3
54,26,3
54,27,3
54,28,3
54,29,3
54,30,3
54,31,3
54,32,3
54,33,3
54,34,3
54,35,3
54,36,3
54,37,3
54,38,3
54,39,3
54,40,3
54,41,3
54,42,3
54,43,3
54,44,3
54,45,3
54,46,3
54,47,3
54,48,3
54,49,3
54,50,3
54,51,3
54,52,3
54,53,3
54,55,3
54,56,3
54,57,3
54,58,3
54,59,3
54,60,3
54,61,3
54,62,3
54,63,3
54,64,3
54,65,3
54,66,3
54,67,3
54,68,3
54,69,3
54,70,3
54,71,3
54,72,3
54,73,3
54,74,3
54,75,3
54,76,3
54,77,3
54,78,3
54,79,3
54,80,3
54,81,3
54,82,3
54,83,3
54,84,3
54,85,3
54,86,3
54,87,3
54,88,3
54,89,3
54,90,3
54,91,3
54,92,3
54,93,3
54,94,3
54,95,3
54,96,3
54,97,3
54,98,3
54,99,3
54,100,3
54,101,3
54,102,3
54,103,3
54,104,3
54,105,3
54,106,3
54,107,3
54,108,3
54,109,3
54,110,3
54,111,3
54,112,3
54,113,3
54,114,3
54,115,3
54,116,3
54,117,3
54,118,3
54,119,3
54,120,3
54,121,3
54,122,3
54,123,3
54,124,3
54,125,3
54,126,3
54,127,3
54,128,3
54,129,3
54,130,3
54,131,3
54,132,3
54,133,3
54,134,3
54,135,3
54,136,3
54,137,3
54,138,3
54,139,3
54,140,3
54,141,3
54,142,3
54,143,3
54,144,3
54,145,3
54,146,3
54,147,3
54,148,3
54,149,3
54,150,3
54,151,3
54,152,3
54,153,3
54,154,3
54,155,3
54,156,3
54,157,3
54,158,3
54,159,3
54,160,3
54,161,3
54,162,3
54,163,3
54,164,3
54,165,3
54,166,3
54,167,3
54,168,3
54,169,3
54,170,3
54,171,3
54,172,3
54,173,3
54,174,3
54,175,3
54,176,3
54,177,3
54,178,3
54,179,3
54,180,3
54,181,3
54,182,3
54,183,3
54,184,3
54,185,3
54,186,3
54,187,3
54,188,3
54,189,3
54,190,3
54,191,3
54,192,3
54,193,3
54,194,3
54,215,3
54,217,3
54,219,3
54,221,3
54,223,3
55,0,3
55,1,3
55,2,3
55,3,3
55,4,3
55,5,3
55,6,3
55,7,3
55,8,3
55,9,3
55,10,3
55,11,3
55,12,3
55,13,3
55,14,3
55,15,3
55,16,3
55,17,3
55,18,3
55,19,3
55,20,3
55,21,3
55,22,3
55,23,3
55,24,3
55,25,3
55,26,3
55,27,3
55,28,3
55,29,3
55,30,3
55,31,3
55,32,3
55,33,3
55,34,3
55,35,3
55,36,3
55,37,3
55,38,3
55,39,3
55,40,3
55,41,3
55,42,3
55,43,3
55,44,3
55,45,3
55,46,3
55,47,3
55,48,3
55,49,3
55,50,3
55,51,3
55,52,3
55,53,3
55,54,3
55,56,3
55,57,3
55,58,3
55,59,3
55,60,3
55,61,3
55,62,3
55,63,3
55,64,3
55,65,3
55,66,3
55,67,3
55,68,3
55,69,3
55,70,3
55,71,3
55,72,3
55,73,3
55,74,3
55,75,3
55,76,3
55,77,3
55,78,3
55,79,3
55,80,3
55,81,3
55,82,3
55,83,3
55,84,3
55,85,3
55,86,3
55,87,3
55,88,3
55,89,3
55,90,3
55,91,3
55,92,3
55,93,3
55,94,3
55,95,3
55,96,3
55,97,3
55,98,3
55,99,3
55,100,3
55,101,3
55,102,3
55,103,3
55,104,3
55,105,3
55,106,3
55,107,3
55,108,3
55,109,3
55,110,3
55,111,3
55,112,3
55,113,3
55,114,3
55,115,3
55,116,3
55,117,3
55,118,3
55,119,3
55,120,3
55,121,3
55,122,3
55,123,3
55,124,3
55,125,3
55,126,3
55,127,3
55,128,3
55,129,3
55,130,3
55,131,3
55,132,3
55,133,3
55,134,3
55,135,3
55,136,3
55,137,3
55,138,3
55,139,3
55,140,3
55,141,3
55,142,3
55,143,3
55,144,3
55,145,3
55,146,3
55,147,3
55,148,3
55,149,3
55,150,3
55,151,3
55,152,3
55,153,3
55,154,3
55,155,3
55,156,3
55,157,3
55,158,3
55,159,3
55,160,3
55,161,3
55,162,3
55,163,3
55,164,3
55,165,3
55,166,3
55,167,3
55,168,3
55,169,3
55,170,3
55,171,3
55,172,3
55,173,3
55,174,3
55,175,3
55,176,3
55,177,3
55,178,3
55,179,3
55,180,3
55,181,3
55,182,3
55,183,3
55,184,3
55,185,3
55,186,3
55,187,3
55,188,3
55,189,3
55,190,3
55,191,3
55,192,3
55,193,3
55,194,3
55,215,3
55,217,3
55,219,3
55,221,3
55,223,3
56,0,3
56,1,3
56,2,3
56,3,3
56,4,3
56,5,3
56,6,3
56,7,3
56,8,3
56,9,3
56,10,3
56,11,3
56,12,3
56,13,3
56,14,3
56,15,3
56,16,3
56,17,3
56,18,3
56,19,3
56,20,3
56,21,3
56,22,3
56,23,3
56,24,3
56,25,3
56,26,3
56,27,3
56,28,3
56,29,3
56,30,3
56,31,3
56,32,3
56,33,3
56,34,3
56,35,3
56,36,3
56,37,3
56,38,3
56,39,3
56,40,3
56,41,3
56,42,3
56,43,3
56,44,3
56,45,3
56,46,3
56,47,3
56,48,3
56,49,3
56,50,3
56,51,3
56,52,3
56,53,3
56,54,3
56,55,3
56,57,3
56,58,3
56,59,3
56,60,3
56,61,3
56,62,3
56,63,3
56,64,3
56,65,3
56,66,3
56,67,3
56,68,3
56,69,3
56,70,3
56,71,3
56,72,3
56,73,3
56,74,3
56,75,3
56,76,3
56,77,3
56,78,3
56,79,3
56,80,3
56,81,3
56,82,3
56,83,3
56,84,3
56,85,3
56,86,3
56,87,3
56,88,3
56,89,3
56,90,3
56,91,3
56,92,3
56,93,3
56,94,3
56,95,3
56,96,3
56,97,3
56,98,3
56,99,3
56,100,3
56,101,3
56,102,3
56,103,3
56,104,3
56,105,3
56,106,3
56,107,3
56,108,3
56,109,3
56,110,3
56,111,3
56,112,3
56,113,3
56,114,3
56,115,3
56,116,3
56,117,3
56,118,3
56,119,3
56,120,3
56,121,3
56,122,3
56,123,3
56,124,3
56,125,3
56,126,3
56,127,3
56,128,3
56,129,3
56,130,3
56,131,3
56,132,3
56,133,3
56,134,3
56,135,3
56,136,3
56,137,3
56,138,3
56,139,3
56,140,3
56,141,3
56,142,3
56,143,3
56,144,3
56,145,3
56,146,3
56,147,3
56,148,3
56,149,3
56,150,3
56,151,3
56,152,3
56,153,3
56,154,3
56,155,3
56,156,3
56,157,3
56,158,3
56,159,3
56,160,3
56,161,3
56,162,3
56,163,3
56,164,3
56,165,3
56,166,3
56,167,3
56,168,3
56,169,3
56,170,3
56,171,3
56,172,3
56,173,3
56,174,3
56,175,3
56,176,3
56,177,3
56,178,3
56,179,3
56,180,3
56,181,3
56,182,3
56,183,3
56,184,3
56,185,3
56,186,3
56,187,3
56,188,3
56,189,3
56,190,3
56,191,3
56,192,3
56,193,3
56,194,3
56,215,3
56,217,3
56,219,3
56,221,3
56,223,3
57,0,3
57,1,3
57,2,3
57,3,3
57,4,3
57,5,3
57,6,3
57,7,3
57,8,3
57,9,3
57,10,3
57,11,3
57,12,3
57,13,3
57,14,3
57,15,3
57,16,3
57,17,3
57,18,3
57,19,3
57,20,3
57,21,3
57,22,3
57,23,3
57,24,3
57,25,3
57,26,3
57,27,3
57,28,3
57,29,3
57,30,3
57,31,3
57,32,3
57,33,3
57,34,3
57,35,3
57,36,3
57,37,3
57,38,3
57,39,3
57,40,3
57,41,3
57,42,3
57,43,3
57,44,3
57,45,3
57,46,3
57,47,3
57,48,3
57,49,3
57,50,3
57,51,3
57,52,3
57,53,3
57,54,3
57,55,3
57,56,3
57,58,3
57,59,3
57,60,3
57,61,3
57,62,3
57,63,3
57,64,3
57,65,3
57,66,3
57,67,3
57,68,3
57,69,3
57,70,3
57,71,3
57,72,3
57,73,3
57,74,3
57,75,3
57,76,3
57,77,3
57,78,3
57,79,3
57,80,3
57,81,3
57,82,3
57,83,3
57,84,3
57,85,3
57,86,3
57,87,3
57,88,3
57,89,3
57,90,3
57,91,3
57,92,3
57,93,3
57,94,3
57,95,3
57,96,3
57,97,3
57,98,3
57,99,3
57,100,3
57,101,3
57,102,3
57,103,3
57,104,3
57,105,3
57,106,3
57,107,3
57,108,3
57,109,3
57,110,3
57,111,3
57,112,3
57,113,3
57,114,3
57,115,3
57,116,3
57,117,3
57,118,3
57,119,3
57,120,3
57,121,3
57,122,3
57,123,3
57,124,3
57,125,3
57,126,3
57,127,3
57,128,3
57,129,3
57,130,3
57,131,3
57,132,3
57,133,3
57,134,3
57,135,3
57,136,3
57,137,3
57,138,3
57,139,3
57,140,3
57,141,3
57,142,3
57,143,3
57,144,3
57,145,3
57,146,3
57,147,3
57,148,3
57,149,3
57,150,3
57,151,3
57,152,3
57,153,3
57,154,3
57,155,3
57,156,3
57,157,3
57,158,3
57,159,3
57,160,3
57,161,3
57,162,3
57,163,3
57,164,3
57,165,3
57,166,3
57,167,3
57,168,3
57,169,3
57,170,3
57,171,3
57,172,3
57,173,3
57,174,3
57,175,3
57,176,3
57,177,3
57,178,3
57,179,3
57,180,3
57,181,3
57,182,3
57,183,3
57,184,3
57,185,3
57,186,3
57,187,3
57,188,3
57,189,3
57,190,3
57,191,3
57,192,3
57,193,3
57,194,3
57,215,3
57,217,3
57,219,3
57,221,3
57,223,3
58,0,3
58,1,3
58,2,3
58,3,3
58,4,3
58,5,3
58,6,3
58,7,3
58,8,3
58,9,3
58,10,3
58,11,3
58,12,3
58,13,3
58,14,3
58,15,3
58,16,3
58,17,3
58,18,3
58,19,3
58,20,3
58,21,3
58,22,3
58,23,3
58,24,3
58,25,3
58,26,3
58,27,3
58,28,3
58,29,3
58,30,3
58,31,3
58,32,3
58,33,3
58,34,3
58,35,3
58,36,3
58,37,3
58,38,3
58,39,3
58,40,3
58,41,3
58,42,3
58,43,3
58,44,3
58,45,3
58,46,3
58,47,3
58,48,3
58,49,3
58,50,3
58,51,3
58,52,3
58,53,3
58,54,3
58,55,3
58,56,3
58,57,3
58,59,3
58,60,3
58,61,3
58,62,3
58,63,3
58,64,3
58,65,3
58,66,3
58,67,3
58,68,3
58,69,3
58,70,3
58,71,3
58,72,3
58,73,3
58,74,3
58,75,3
58,76,3
58,77,3
58,78,3
58,79,3
58,80,3
58,81,3
58,82,3
58,83,3
58,84,3
58,85,3
58,86,3
58,87,3
58,88,3
58,89,3
58,90,3
58,91,3
58,92,3
58,93,3
58,94,3
58,95,3
58,96,3
58,97,3
58,98,3
58,99,3
58,100,3
58,101,3
58,102,3
58,103,3
58,104,3
58,105,3
58,106,3
58,107,3
58,108,3
58,109,3
58,110,3
58,111,3
58,112,3
58,113,3
58,114,3
58,115,3
58,116,3
58,117,3
58,118,3
58,119,3
58,120,3
58,121,3
58,122,3
58,123,3
58,124,3
58,125,3
58,126,3
58,127,3
58,128,3
58,129,3
58,130,3
58,131,3
58,132,3
58,133,3
58,134,3
58,135,3
58,136,3
58,137,3
58,138,3
58,139,3
58,140,3
58,141,3
58,142,3
58,143,3
58,144,3
58,145,3
58,146,3
58,147,3
58,148,3
58,149,3
58,150,3
58,151,3
58,152,3
58,153,3
58,154,3
58,155,3
58,156,3
58,157,3
58,158,3
58,159,3
58,160,3
58,161,3
58,162,3
58,163,3
58,164,3
58,165,3
58,166,3
58,167,3
58,168,3
58,169,3
58,170,3
58,171,3
58,172,3
58,173,3
58,174,3
58,175,3
58,176,3
58,177,3
58,178,3
58,179,3
58,180,3
58,181,3
58,182,3
58,183,3
58,184,3
58,185,3
58,186,3
58,187,3
58,188,3
58,189,3
58,190,3
58,191,3
58,192,3
58,193,3
58,194,3
58,215,3
58,217,3
58,219,3
58,221,3
58,223,3
59,0,3
59,1,3
59,2,3
59,3,3
59,4,3
59,5,3
59,6,3
59,7,3
59,8,3
59,9,3
59,10,3
59,11,3
59,12,3
59,13,3
59,14,3
59,15,3
59,16,3
59,17,3
59,18,3
59,19,3
59,20,3
59,21,3
59,22,3
59,23,3
59,24,3
59,25,3
59,26,3
59,27,3
59,28,3
59,29,3
59,30,3
59,31,3
59,32,3
59,33,3
59,34,3
59,35,3
59,36,3
59,37,3
59,38,3
59,39,3
59,40,3
59,41,3
59,42,3
59,43,3
59,44,3
59,45,3
59,46,3
59,47,3
59,48,3
59,49,3
59,50,3
59,51,3
59,52,3
59,53,3
59,54,3
59,55,3
59,56,3
59,57,3
59,58,3
59,60,3
59,61,3
59,62,3
59,63,3
59,64,3
59,65,3
59,66,3
59,67,3
59,68,3
59,69,3
59,70,3
59,71,3
59,72,3
59,73,3
59,74,3
59,75,3
59,76,3
59,77,3
59,78,3
59,79,3
59,80,3
59,81,3
59,82,3
59,83,3
59,84,3
59,85,3
59,86,3
59,87,3
59,88,3
59,89,3
59,90,3
59,91,3
59,92,3
59,93,3
59,94,3
59,95,3
59,96,3
59,97,3
59,98,3
59,99,3
59,100,3
59,101,3
59,102,3
59,103,3
59,104,3
59,105,3
59,106,3
59,107,3
59,108,3
59,109,3
59,110,3
59,111,3
59,112,3
59,113,3
59,114,3
59,115,3
59,116,3
59,117,3
59,118,3
59,119,3
59,120,3
59,121,3
59,122,3
59,123,3
59,124,3
59,125,3
59,126,3
59,127,3
59,128,3
59,129,3
59,130,3
59,131,3
59,132,3
59,133,3
59,134,3
59,135,3
59,136,3
59,137,3
59,138,3
59,139,3
59,140,3
59,141,3
59,142,3
59,143,3
59,144,3
59,145,3
59,146,3
59,147,3
59,148,3
59,149,3
59,150,3
59,151,3
59,152,3
59,153,3
59,154,3
59,155,3
59,156,3
59,157,3
59,158,3
59,159,3
59,160,3
59,161,3
59,162,3
59,163,3
59,164,3
59,165,3
59,166,3
59,167,3
59,168,3
59,169,3
59,170,3
59,171,3
59,172,3
59,173,3
59,174,3
59,175,3
59,176,3
59,177,3
59,178,3
59,179,3
59,180,3
59,181,3
59,182,3
59,183,3
59,184,3
59,185,3
59,186,3
59,187,3
59,188,3
59,189,3
59,190,3
59,191,3
59,192,3
59,193,3
59,194,3
59,215,3
59,217,3
59,219,3
59,221,3
59,223,3
60,0,3
60,1,3
60,2,3
60,3,3
60,4,3
60,5,3
60,6,3
60,7,3
60,8,3
60,9,3
60,10,3
60,11,3
60,12,3
60,13,3
60,14,3
60,15,3
60,16,3
60,17,3
60,18,3
60,19,3
60,20,3
60,21,3
60,22,3
60,23,3
60,24,3
60,25,3
60,26,3
60,27,3
60,28,3
60,29,3
60,30,3
60,31,3
60,32,3
60,33,3
60,34,3
60,35,3
60,36,3
60,37,3
60,38,3
60,39,3
60,40,3
60,41,3
60,42,3
60,43,3
60,44,3
60,45,3
60,46,3
60,47,3
60,48,3
60,49,3
60,50,3
60,51,3
60,52,3
60,53,3
60,54,3
60,55,3
60,56,3
60,57,3
60,58,3
60,59,3
60,61,3
60,62,3
60,63,3
60,64,3
60,65,3
60,66,3
60,67,3
60,68,3
60,69,3
60,70,3
60,71,3
60,72,3
60,73,3
60,74,3
60,75,3
60,76,3
60,77,3
60,78,3
60,79,3
60,80,3
60,81,3
60,82,3
60,83,3
60,84,3
60,85,3
60,86,3
60,87,3
60,88,3
60,89,3
60,90,3
60,91,3
60,92,3
60,93,3
60,94,3
60,95,3
60,96,3
60,97,3
60,98,3
60,99,3
60,100,3
60,101,3
60,102,3
60,103,3
60,104,3
60,105,3
60,106,3
60,107,3
60,108,3
60,109,3
60,110,3
60,111,3
60,112,3
60,113,3
60,114,3
60,115,3
60,116,3
60,117,3
60,118,3
60,119,3
60,120,3
60,121,3
60,122,3
60,123,3
60,124,3
60,125,3
60,126,3
60,127,3
60,128,3
60,129,3
60,130,3
60,131,3
60,132,3
60,133,3
60,134,3
60,135,3
60,136,3
60,137,3
60,138,3
60,139,3
60,140,3
60,141,3
60,142,3
60,143,3
60,144,3
60,145,3
60,146,3
60,147,3
60,148,3
60,149,3
60,150,3
60,151,3
60,152,3
60,153,3
60,154,3
60,155,3
60,156,3
60,157,3
60,158,3
60,159,3
60,160,3
60,161,3
60,162,3
60,163,3
60,164,3
60,165,3
60,166,3
60,167,3
60,168,3
60,169,3
60,170,3
60,171,3
60,172,3
60,173,3
60,174,3
60,175,3
60,176,3
60,177,3
60,178,3
60,179,3
60,180,3
60,181,3
60,182,3
60,183,3
60,184,3
60,185,3
60,186,3
60,187,3
60,188,3
60,189,3
60,190,3
60,191,3
60,192,3
60,193,3
60,194,3
60,215,3
60,217,3
60,219,3
60,221,3
60,223,3
61,0,3
61,1,3
61,2,3
61,3,3
61,4,3
61,5,3
61,6,3
61,7,3
61,8,3
61,9,3
61,10,3
61,11,3
61,12,3
61,13,3
61,14,3
61,15,3
61,16,3
61,17,3
61,18,3
61,19,3
61,20,3
61,21,3
61,22,3
61,23,3
61,24,3
61,25,3
61,26,3
61,27,3
61,28,3
61,29,3
61,30,3
61,31,3
61,32,3
61,33,3
61,34,3
61,35,3
61,36,3
61,37,3
61,38,3
61,39,3
61,40,3
61,41,3
61,42,3
61,43,3
61,44,3
61,45,3
61,46,3
61,47,3
61,48,3
61,49,3
61,50,3
61,51,3
61,52,3
61,53,3
61,54,3
61,55,3
61,56,3
61,57,3
61,58,3
61,59,3
61,60,3
61,62,3
61,63,3
61,64,3
61,65,3
61,66,3
61,67,3
61,68,3
61,69,3
61,70,3
61,71,3
61,72,3
61,73,3
61,74,3
61,75,3
61,76,3
61,77,3
61,78,3
61,79,3
61,80,3
61,81,3
61,82,3
61,83,3
61,84,3
61,85,3
61,86,3
61,87,3
61,88,3
61,89,3
61,90,3
61,91,3
61,92,3
61,93,3
61,94,3
61,95,3
61,96,3
61,97,3
61,98,3
61,99,3
61,100,3
61,101,3
61,102,3
61,103,3
61,104,3
61,105,3
61,106,3
61,107,3
61,108,3
61,109,3
61,110,3
61,111,3
61,112,3
61,113,3
61,114,3
61,115,3
61,116,3
61,117,3
61,118,3
61,119,3
61,120,3
61,121,3
61,122,3
61,123,3
61,124,3
61,125,3
61,126,3
61,127,3
61,128,3
61,129,3
61,130,3
61,131,3
61,132,3
61,133,3
61,134,3
61,135,3
61,136,3
61,137,3
61,138,3
61,139,3
61,140,3
61,141,3
61,142,3
61,143,3
61,144,3
61,145,3
61,146,3
61,147,3
61,148,3
61,149,3
61,150,3
61,151,3
61,152,3
61,153,3
61,154,3
61,155,3
61,156,3
61,157,3
61,158,3
61,159,3
61,160,3
61,161,3
61,162,3
61,163,3
61,164,3
61,165,3
61,166,3
61,167,3
61,168,3
61,169,3
61,170,3
61,171,3
61,172,3
61,173,3
61,174,3
61,175,3
61,176,3
61,177,3
61,178,3
61,179,3
61,180,3
61,181,3
61,182,3
61,183,3
61,184,3
61,185,3
61,186,3
61,187,3
61,188,3
61,189,3
61,190,3
61,191,3
61,192,3
61,193,3
61,194,3
61,215,3
61,217,3
61,219,3
61,221,3
61,223,3
62,0,3
62,1,3
62,2,3
62,3,3
62,4,3
62,5,3
62,6,3
62,7,3
62,8,3
62,9,3
62,10,3
62,11,3
62,12,3
62,13,3
62,14,3
62,15,3
62,16,3
62,17,3
62,18,3
62,19,3
62,20,3
62,21,3
62,22,3
62,23,3
62,24,3
62,25,3
62,26,3
62,27,3
62,28,3
62,29,3
62,30,3
62,31,3
62,32,3
62,33,3
62,34,3
62,35,3
62,36,3
62,37,3
62,38,3
62,39,3
62,40,3
62,41,3
62,42,3
62,43,3
62,44,3
62,45,3
62,46,3
62,47,3
62,48,3
62,49,3
62,50,3
62,51,3
62,52,3
62,53,3
62,54,3
62,55,3
62,56,3
62,57,3
62,58,3
62,59,3
62,60,3
62,61,3
62,63,3
62,64,3
62,65,3
62,66,3
62,67,3
62,68,3
62,69,3
62,70,3
62,71,3
62,72,3
62,73,3
62,74,3
62,75,3
62,76,3
62,77,3
62,78,3
62,79,3
62,80,3
62,81,3
62,82,3
62,83,3
62,84,3
62,85,3
62,86,3
62,87,3
62,88,3
62,89,3
62,90,3
62,91,3
62,92,3
62,93,3
62,94,3
62,95,3
62,96,3
62,97,3
62,98,3
62,99,3
62,100,3
62,101,3
62,102,3
62,103,3
62,104,3
62,105,3
62,106,3
62,107,3
62,108,3
62,109,3
62,110,3
62,111,3
62,112,3
62,113,3
62,114,3
62,115,3
62,116,3
62,117,3
62,118,3
62,119,3
62,120,3
62,121,3
62,122,3
62,123,3
62,124,3
62,125,3
62,126,3
62,127,3
62,128,3
62,129,3
62,130,3
62,131,3
62,132,3
62,133,3
62,134,3
62,135,3
62,136,3
62,137,3
62,138,3
62,139,3
62,140,3
62,141,3
62,142,3
62,143,3
62,144,3
62,145,3
62,146,3
62,147,3
62,148,3
62,149,3
62,150,3
62,151,3
62,152,3
62,153,3
62,154,3
62,155,3
62,156,3
62,157,3
62,158,3
62,159,3
62,160,3
62,161,3
62,162,3
62,163,3
62,164,3
62,165,3
62,166,3
62,167,3
62,168,3
62,169,3
62,170,3
62,171,3
62,172,3
62,173,3
62,174,3
62,175,3
62,176,3
62,177,3
62,178,3
62,179,3
62,180,3
62,181,3
62,182,3
62,183,3
62,184,3
62,185,3
62,186,3
62,187,3
62,188,3
62,189,3
62,190,3
62,191,3
62,192,3
62,193,3
62,194,3
62,215,3
62,217,3
62,219,3
62,221,3
62,223,3
63,0,4
63,1,4
63,2,4
63,3,4
63,4,4
63,5,4
63,6,4
63,7,4
63,8,4
63,9,4
63,10,4
63,11,4
63,12,4
63,13,4
63,14,4
63,15,4
63,16,4
63,17,4
63,18,4
63,19,4
63,20,4
63,21,4
63,22,4
63,23,4
63,24,4
63,25,4
63,26,4
63,27,4
63,28,4
63,29,4
63,30,4
63,31,4
63,32,4
63,33,4
63,34,4
63,35,4
63,36,4
63,37,4
63,38,4
63,39,4
63,40,4
63,41,4
63,42,4
63,43,4
63,44,4
63,45,4
63,46,4
63,47,4
63,48,4
63,49,4
63,50,4
63,51,4
63,52,4
63,53,4
63,54,4
63,55,4
63,56,4
63,57,4
63,58,4
63,59,4
63,60,4
63,61,4
63,62,4
63,64,4
63,65,4
63,66,4
63,67,4
63,68,4
63,69,4
63,70,4
63,71,4
63,72,4
63,73,4
63,74,4
63,75,4
63,76,4
63,77,4
63,78,4
63,79,4
63,80,4
63,81,4
63,82,4
63,83,4
63,84,4
63,85,4
63,86,4
63,87,4
63,88,4
63,89,4
63,90,4
63,91,4
63,92,4
63,93,4
63,94,4
63,95,4
63,96,4
63,97,4
63,98,4
63,99,4
63,100,4
63,101,4
63,102,4
63,103,4
63,104,4
63,105,4
63,106,4
63,107,4
63,108,4
63,109,4
63,110,4
63,111,4
63,112,4
63,113,4
63,114,4
63,115,4
63,116,4
63,117,4
63,118,4
63,119,4
63,120,4
63,121,4
63,122,4
63,123,4
63,124,4
63,125,4
63,126,4
63,127,4
63,128,4
63,129,4
63,130,4
63,131,4
63,132,4
63,133,4
63,134,4
63,135,4
63,136,4
63,137,4
63,138,4
63,139,4
63,140,4
63,141,4
63,142,4
63,143,4
63,144,4
63,145,4
63,146,4
63,147,4
63,148,4
63,149,4
63,150,4
63,151,4
63,152,4
63,153,4
63,154,4
63,155,4
63,156,4
63,157,4
63,158,4
63,159,4
63,160,4
63,161,4
63,162,4
63,163,4
63,164,4
63,165,4
63,166,4
63,167,4
63,168,4
63,169,4
63,170,4
63,171,4
63,172,4
63,173,4
63,174,4
63,175,4
63,176,4
63,177,4
63,178,4
63,179,4
63,180,4
63,181,4
63,182,4
63,183,4
63,184,4
63,185,4
63,186,4
63,187,4
63,188,4
63,189,4
63,190,4
63,191,4
63,192,4
63,193,4
63,194,4
63,215,4
63,217,4
63,219,4
63,221,4
63,223,4
64,0,4
64,1,4
64,2,4
64,3,4
64,4,4
64,5,4
64,6,4
64,7,4
64,8,4
64,9,4
64,10,4
64,11,4
64,12,4
64,13,4
64,14,4
64,15,4
64,16,4
64,17,4
64,18,4
64,19,4
64,20,4
64,21,4
64,22,4
64,23,4
64,24,4
64,25,4
64,26,4
64,27,4
64,28,4
64,29,4
64,30,4
64,31,4
64,32,4
64,33,4
64,34,4
64,35,4
64,36,4
64,37,4
64,38,4
64,39,4
64,40,4
64,41,4
64,42,4
64,43,4
64,44,4
64,45,4
64,46,4
64,47,4
64,48,4
64,49,4
64,50,4
64,51,4
64,52,4
64,53,4
64,54,4
64,55,4
64,56,4
64,57,4
64,58,4
64,59,4
64,60,4
64,61,4
64,62,4
64,63,4
64,65,4
64,66,4
64,67,4
64,68,4
64,69,4
64,70,4
64,71,4
64,72,4
64,73,4
64,74,4
64,75,4
64,76,4
64,77,4
64,78,4
64,79,4
64,80,4
64,81,4
64,82,4
64,83,4
64,84,4
64,85,4
64,86,4
64,87,4
64,88,4
64,89,4
64,90,4
64,91,4
64,92,4
64,93,4
64,94,4
64,95,4
64,96,4
64,97,4
64,98,4
64,99,4
64,100,4
64,101,4
64,102,4
64,103,4
64,104,4
64,105,4
64,106,4
64,107,4
64,108,4
64,109,4
64,110,4
64,111,4
64,112,4
64,113,4
64,114,4
64,115,4
64,116,4
64,117,4
64,118,4
64,119,4
64,120,4
64,121,4
64,122,4
64,123,4
64,124,4
64,125,4
64,126,4
64,127,4
64,128,4
64,129,4
64,130,4
64,131,4
64,132,4
64,133,4
64,134,4
64,135,4
64,136,4
64,137,4
64,138,4
64,139,4
64,140,4
64,141,4
64,142,4
64,143,4
64,144,4
64,145,4
64,146,4
64,147,4
64,148,4
64,149,4
64,150,4
64,151,4
64,152,4
64,153,4
64,154,4
64,155,4
64,156,4
64,157,4
64,158,4
64,159,4
64,160,4
64,161,4
64,162,4
64,163,4
64,164,4
64,165,4
64,166,4
64,167,4
64,168,4
64,169,4
64,170,4
64,171,4
64,172,4
64,173,4
64,174,4
64,175,4
64,176,4
64,177,4
64,178,4
64,179,4
64,180,4
64,181,4
64,182,4
64,183,4
64,184,4
64,185,4
64,186,4
64,187,4
64,188,4
64,189,4
64,190,4
64,191,4
64,192,4
64,193,4
64,194,4
64,215,4
64,217,4
64,219,4
64,221,4
64,223,4
65,0,4
65,1,4
65,2,4
65,3,4
65,4,4
65,5,4
65,6,4
65,7,4
65,8,4
65,9,4
65,10,4
65,11,4
65,12,4
65,13,4
65,14,4
65,15,4
65,16,4
65,17,4
65,18,4
65,19,4
65,20,4
65,21,4
65,22,4
65,23,4
65,24,4
65,25,4
65,26,4
65,27,4
65,28,4
65,29,4
65,30,4
65,31,4
65,32,4
65,33,4
65,34,4
65,35,4
65,36,4
65,37,4
65,38,4
65,39,4
65,40,4
65,41,4
65,42,4
65,43,4
65,44,4
65,45,4
65,46,4
65,47,4
65,48,4
65,49,4
65,50,4
65,51,4
65,52,4
65,53,4
65,54,4
65,55,4
65,56,4
65,57,4
65,58,4
65,59,4
65,60,4
65,61,4
65,62,4
65,63,4
65,64,4
65,66,4
65,67,4
65,68,4
65,69,4
65,70,4
65,71,4
65,72,4
65,73,4
65,74,4
65,75,4
65,76,4
65,77,4
65,78,4
65,79,4
65,80,4
65,81,4
65,82,4
65,83,4
65,84,4
65,85,4
65,86,4
65,87,4
65,88,4
65,89,4
65,90,4
65,91,4
65,92,4
65,93,4
65,94,4
65,95,4
65,96,4
65,97,4
65,98,4
65,99,4
65,100,4
65,101,4
65,102,4
65,103,4
65,104,4
65,105,4
65,106,4
65,107,4
65,108,4
65,109,4
65,110,4
65,111,4
65,112,4
65,113,4
65,114,4
65,115,4
65,116,4
65,117,4
65,118,4
65,119,4
65,120,4
65,121,4
65,122,4
65,123,4
65,124,4
65,125,4
65,126,4
65,127,4
65,128,4
65,129,4
65,130,4
65,131,4
65,132,4
65,133,4
65,134,4
65,135,4
65,136,4
65,137,4
65,138,4
65,139,4
65,140,4
65,141,4
65,142,4
65,143,4
65,144,4
65,145,4
65,146,4
65,147,4
65,148,4
65,149,4
65,150,4
65,151,4
65,152,4
65,153,4
65,154,4
65,155,4
65,156,4
65,157,4
65,158,4
65,159,4
65,160,4
65,161,4
65,162,4
65,163,4
65,164,4
65,165,4
65,166,4
65,167,4
65,168,4
65,169,4
65,170,4
65,171,4
65,172,4
65,173,4
65,174,4
65,175,4
65,176,4
65,177,4
65,178,4
65,179,4
65,180,4
65,181,4
65,182,4
65,183,4
65,184,4
65,185,4
65,186,4
65,187,4
65,188,4
65,189,4
65,190,4
65,191,4
65,192,4
65,193,4
65,194,4
65,215,4
65,217,4
65,219,4
65,221,4
65,223,4
66,0,4
66,1,4
66,2,4
66,3,4
66,4,4
66,5,4
66,6,4
66,7,4
66,8,4
66,9,4
66,10,4
66,11,4
66,12,4
66,13,4
66,14,4
66,15,4
66,16,4
66,17,4
66,18,4
66,19,4
66,20,4
66,21,4
66,22,4
66,23,4
66,24,4
66,25,4
66,26,4
66,27,4
66,28,4
66,29,4
66,30,4
66,31,4
66,32,4
66,33,4
66,34,4
66,35,4
66,36,4
66,37,4
66,38,4
66,39,4
66,40,4
66,41,4
66,42,4
66,43,4
66,44,4
66,45,4
66,46,4
66,47,4
66,48,4
66,49,4
66,50,4
66,51,4
66,52,4
66,53,4
66,54,4
66,55,4
66,56,4
66,57,4
66,58,4
66,59,4
66,60,4
66,61,4
66,62,4
66,63,4
66,64,4
66,65,4
66,67,4
66,68,4
66,69,4
66,70,4
66,71,4
66,72,4
66,73,4
66,74,4
66,75,4
66,76,4
66,77,4
66,78,4
66,79,4
66,80,4
66,81,4
66,82,4
66,83,4
66,84,4
66,85,4
66,86,4
66,87,4
66,88,4
66,89,4
66,90,4
66,91,4
66,92,4
66,93,4
66,94,4
66,95,4
66,96,4
66,97,4
66,98,4
66,99,4
66,100,4
66,101,4
66,102,4
66,103,4
66,104,4
66,105,4
66,106,4
66,107,4
66,108,4
66,109,4
66,110,4
66,111,4
66,112,4
66,113,4
66,114,4
66,115,4
66,116,4
66,117,4
66,118,4
66,119,4
66,120,4
66,121,4
66,122,4
66,123,4
66,124,4
66,125,4
66,126,4
66,127,4
66,128,4
66,129,4
66,130,4
66,131,4
66,132,4
66,133,4
66,134,4
66,135,4
66,136,4
66,137,4
66,138,4
66,139,4
66,140,4
66,141,4
66,142,4
66,143,4
66,144,4
66,145,4
66,146,4
66,147,4
66,148,4
66,149,4
66,150,4
66,151,4
66,152,4
66,153,4
66,154,4
66,155,4
66,156,4
66,157,4
66,158,4
66,159,4
66,160,4
66,161,4
66,162,4
66,163,4
66,164,4
66,165,4
66,166,4
66,167,4
66,168,4
66,169,4
66,170,4
66,171,4
66,172,4
66,173,4
66,174,4
66,175,4
66,176,4
66,177,4
66,178,4
66,179,4
66,180,4
66,181,4
66,182,4
66,183,4
66,184,4
66,185,4
66,186,4
66,187,4
66,188,4
66,189,4
66,190,4
66,191,4
66,192,4
66,193,4
66,194,4
66,215,4
66,217,4
66,219,4
66,221,4
66,223,4
67,0,4
67,1,4
67,2,4
67,3,4
67,4,4
67,5,4
67,6,4
67,7,4
67,8,4
67,9,4
67,10,4
67,11,4
67,12,4
67,13,4
67,14,4
67,15,4
67,16,4
67,17,4
67,18,4
67,19,4
67,20,4
67,21,4
67,22,4
67,23,4
67,24,4
67,25,4
67,26,4
67,27,4
67,28,4
67,29,4
67,30,4
67,31,4
67,32,4
67,33,4
67,34,4
67,35,4
67,36,4
67,37,4
67,38,4
67,39,4
67,40,4
67,41,4
67,42,4
67,43,4
67,44,4
67,45,4
67,46,4
67,47,4
67,48,4
67,49,4
67,50,4
67,51,4
67,52,4
67,53,4
67,54,4
67,55,4
67,56,4
67,57,4
67,58,4
67,59,4
67,60,4
67,61,4
67,62,4
67,63,4
67,64,4
67,65,4
67,66,4
67,68,4
67,69,4
67,70,4
67,71,4
67,72,4
67,73,4
67,74,4
67,75,4
67,76,4
67,77,4
67,78,4
67,79,4
67,80,4
67,81,4
67,82,4
67,83,4
67,84,4
67,85,4
67,86,4
67,87,4
67,88,4
67,89,4
67,90,4
67,91,4
67,92,4
67,93,4
67,94,4
67,95,4
67,96,4
67,97,4
67,98,4
67,99,4
67,100,4
67,101,4
67,102,4
67,103,4
67,104,4
67,105,4
67,106,4
67,107,4
67,108,4
67,109,4
67,110,4
67,111,4
67,112,4
67,113,4
67,114,4
67,115,4
67,116,4
67,117,4
67,118,4
67,119,4
67,120,4
67,121,4
67,122,4
67,123,4
67,124,4
67,125,4
67,126,4
67,127,4
67,128,4
67,129,4
67,130,4
67,131,4
67,132,4
67,133,4
67,134,4
67,135,4
67,136,4
67,137,4
67,138,4
67,139,4
67,140,4
67,141,4
67,142,4
67,143,4
67,144,4
67,145,4
67,146,4
67,147,4
67,148,4
67,149,4
67,150,4
67,151,4
67,152,4
67,153,4
67,154,4
67,155,4
67,156,4
67,157,4
67,158,4
67,159,4
67,160,4
67,161,4
67,162,4
67,163,4
67,164,4
67,165,4
67,166,4
67,167,4
67,168,4
67,169,4
67,170,4
67,171,4
67,172,4
67,173,4
67,174,4
67,175,4
67,176,4
67,177,4
67,178,4
67,179,4
67,180,4
67,181,4
67,182,4
67,183,4
67,184,4
67,185,4
67,186,4
67,187,4
67,188,4
67,189,4
67,190,4
67,191,4
67,192,4
67,193,4
67,194,4
67,215,4
67,217,4
67,219,4
67,221,4
67,223,4
68,0,4
68,1,4
68,2,4
68,3,4
68,4,4
68,5,4
68,6,4
68,7,4
68,8,4
68,9,4
68,10,4
68,11,4
68,12,4
68,13,4
68,14,4
68,15,4
68,16,4
68,17,4
68,18,4
68,19,4
68,20,4
68,21,4
68,22,4
68,23,4
68,24,4
68,25,4
68,26,4
68,27,4
68,28,4
68,29,4
68,30,4
68,31,4
68,32,4
68,33,4
68,34,4
68,35,4
68,36,4
68,37,4
68,38,4
68,39,4
68,40,4
68,41,4
68,42,4
68,43,4
68,44,4
68,45,4
68,46,4
68,47,4
68,48,4
68,49,4
68,50,4
68,51,4
68,52,4
68,53,4
68,54,4
68,55,4
68,56,4
68,57,4
68,58,4
68,59,4
68,60,4
68,61,4
68,62,4
68,63,4
68,64,4
68,65,4
68,66,4
68,67,4
68,69,4
68,70,4
68,71,4
68,72,4
68,73,4
68,74,4
68,75,4
68,76,4
68,77,4
68,78,4
68,79,4
68,80,4
68,81,4
68,82,4
68,83,4
68,84,4
68,85,4
68,86,4
68,87,4
68,88,4
68,89,4
68,90,4
68,91,4
68,92,4
68,93,4
68,94,4
68,95,4
68,96,4
68,97,4
68,98,4
68,99,4
68,100,4
68,101,4
68,102,4
68,103,4
68,104,4
68,105,4
68,106,4
68,107,4
68,108,4
68,109,4
68,110,4
68,111,4
68,112,4
68,113,4
68,114,4
68,115,4
68,116,4
68,117,4
68,118,4
68,119,4
68,120,4
68,121,4
68,122,4
68,123,4
68,124,4
68,125,4
68,126,4
68,127,4
68,128,4
68,129,4
68,130,4
68,131,4
68,132,4
68,133,4
68,134,4
68,135,4
68,136,4
68,137,4
68,138,4
68,139,4
68,140,4
68,141,4
68,142,4
68,143,4
68,144,4
68,145,4
68,146,4
68,147,4
68,148,4
68,149,4
68,150,4
68,151,4
68,152,4
68,153,4
68,154,4
68,155,4
68,156,4
68,157,4
68,158,4
68,159,4
68,160,4
68,161,4
68,162,4
68,163,4
68,164,4
68,165,4
68,166,4
68,167,4
68,168,4
68,169,4
68,170,4
68,171,4
68,172,4
68,173,4
68,174,4
68,175,4
68,176,4
68,177,4
68,178,4
68,179,4
68,180,4
68,181,4
68,182,4
68,183,4
68,184,4
68,185,4
68,186,4
68,187,4
68,188,4
68,189,4
68,190,4
68,191,4
68,192,4
68,193,4
68,194,4
68,215,4
68,217,4
68,219,4
68,221,4
68,223,4
69,0,4
69,1,4
69,2,4
69,3,4
69,4,4
69,5,4
69,6,4
69,7,4
69,8,4
69,9,4
69,10,4
69,11,4
69,12,4
69,13,4
69,14,4
69,15,4
69,16,4
69,17,4
69,18,4
69,19,4
69,20,4
69,21,4
69,22,4
69,23,4
69,24,4
69,25,4
69,26,4
69,27,4
69,28,4
69,29,4
69,30,4
69,31,4
69,32,4
69,33,4
69,34,4
69,35,4
69,36,4
69,37,4
69,38,4
69,39,4
69,40,4
69,41,4
69,42,4
69,43,4
69,44,4
69,45,4
69,46,4
69,47,4
69,48,4
69,49,4
69,50,4
69,51,4
69,52,4
69,53,4
69,54,4
69,55,4
69,56,4
69,57,4
69,58,4
69,59,4
69,60,4
69,61,4
69,62,4
69,63,4
69,64,4
69,65,4
69,66,4
69,67,4
69,68,4
69,70,4
69,71,4
69,72,4
69,73,4
69,74,4
69,75,4
69,76,4
69,77,4
69,78,4
69,79,4
69,80,4
69,81,4
69,82,4
69,83,4
69,84,4
69,85,4
69,86,4
69,87,4
69,88,4
69,89,4
69,90,4
69,91,4
69,92,4
69,93,4
69,94,4
69,95,4
69,96,4
69,97,4
69,98,4
69,99,4
69,100,4
69,101,4
69,102,4
69,103,4
69,104,4
69,105,4
69,106,4
69,107,4
69,108,4
69,109,4
69,110,4
69,111,4
69,112,4
69,113,4
69,114,4
69,115,4
69,116,4
69,117,4
69,118,4
69,119,4
69,120,4
69,121,4
69,122,4
69,123,4
69,124,4
69,125,4
69,126,4
69,127,4
69,128,4
69,129,4
69,130,4
69,131,4
69,132,4
69,133,4
69,134,4
69,135,4
69,136,4
69,137,4
69,138,4
69,139,4
69,140,4
69,141,4
69,142,4
69,143,4
69,144,4
69,145,4
69,146,4
69,147,4
69,148,4
69,149,4
69,150,4
69,151,4
69,152,4
69,153,4
69,154,4
69,155,4
69,156,4
69,157,4
69,158,4
69,159,4
69,160,4
69,161,4
69,162,4
69,163,4
69,164,4
69,165,4
69,166,4
69,167,4
69,168,4
69,169,4
69,170,4
69,171,4
69,172,4
69,173,4
69,174,4
69,175,4
69,176,4
69,177,4
69,178,4
69,179,4
69,180,4
69,181,4
69,182,4
69,183,4
69,184,4
69,185,4
69,186,4
69,187,4
69,188,4
69,189,4
69,190,4
69,191,4
69,192,4
69,193,4
69,194,4
69,215,4
69,217,4
69,219,4
69,221,4
69,223,4
70,0,4
70,1,4
70,2,4
70,3,4
70,4,4
70,5,4
70,6,4
70,7,4
70,8,4
70,9,4
70,10,4
70,11,4
70,12,4
70,13,4
70,14,4
70,15,4
70,16,4
70,17,4
70,18,4
70,19,4
70,20,4
70,21,4
70,22,4
70,23,4
70,24,4
70,25,4
70,26,4
70,27,4
70,28,4
70,29,4
70,30,4
70,31,4
70,32,4
70,33,4
70,34,4
70,35,4
70,36,4
70,37,4
70,38,4
70,39,4
70,40,4
70,41,4
70,42,4
70,43,4
70,44,4
70,45,4
70,46,4
70,47,4
70,48,4
70,49,4
70,50,4
70,51,4
70,52,4
70,53,4
70,54,4
70,55,4
70,56,4
70,57,4
70,58,4
70,59,4
70,60,4
70,61,4
70,62,4
70,63,4
70,64,4
70,65,4
70,66,4
70,67,4
70,68,4
70,69,4
70,71,4
70,72,4
70,73,4
70,74,4
70,75,4
70,76,4
70,77,4
70,78,4
70,79,4
70,80,4
70,81,4
70,82,4
70,83,4
70,84,4
70,85,4
70,86,4
70,87,4
70,88,4
70,89,4
70,90,4
70,91,4
70,92,4
70,93,4
70,94,4
70,95,4
70,96,4
70,97,4
70,98,4
70,99,4
70,100,4
70,101,4
70,102,4
70,103,4
70,104,4
70,105,4
70,106,4
70,107,4
70,108,4
70,109,4
70,110,4
70,111,4
70,112,4
70,113,4
70,114,4
70,115,4
70,116,4
70,117,4
70,118,4
70,119,4
70,120,4
70,121,4
70,122,4
70,123,4
70,124,4
70,125,4
70,126,4
70,127,4
70,128,4
70,129,4
70,130,4
70,131,4
70,132,4
70,133,4
70,134,4
70,135,4
70,136,4
70,137,4
70,138,4
70,139,4
70,140,4
70,141,4
70,142,4
70,143,4
70,144,4
70,145,4
70,146,4
70,147,4
70,148,4
70,149,4
70,150,4
70,151,4
70,152,4
70,153,4
70,154,4
70,155,4
70,156,4
70,157,4
70,158,4
70,159,4
70,160,4
70,161,4
70,162,4
70,163,4
70,164,4
70,165,4
70,166,4
70,167,4
70,168,4
70,169,4
70,170,4
70,171,4
70,172,4
70,173,4
70,174,4
70,175,4
70,176,4
70,177,4
70,178,4
70,179,4
70,180,4
70,181,4
70,182,4
70,183,4
70,184,4
70,185,4
70,186,4
70,187,4
70,188,4
70,189,4
70,190,4
70,191,4
70,192,4
70,193,4
70,194,4
70,215,4
70,217,4
70,219,4
70,221,4
70,223,4
71,0,4
71,1,4
71,2,4
71,3,4
71,4,4
71,5,4
71,6,4
71,7,4
71,8,4
71,9,4
71,10,4
71,11,4
71,12,4
71,13,4
71,14,4
71,15,4
71,16,4
71,17,4
71,18,4
71,19,4
71,20,4
71,21,4
71,22,4
71,23,4
71,24,4
71,25,4
71,26,4
71,27,4
71,28,4
71,29,4
71,30,4
71,31,4
71,32,4
71,33,4
71,34,4
71,35,4
71,36,4
71,37,4
71,38,4
71,39,4
71,40,4
71,41,4
71,42,4
71,43,4
71,44,4
71,45,4
71,46,4
71,47,4
71,48,4
71,49,4
71,50,4
71,51,4
71,52,4
71,53,4
71,54,4
71,55,4
71,56,4
71,57,4
71,58,4
71,59,4
71,60,4
71,61,4
71,62,4
71,63,4
71,64,4
71,65,4
71,66,4
71,67,4
71,68,4
71,69,4
71,70,4
71,72,4
71,73,4
71,74,4
71,75,4
71,76,4
71,77,4
71,78,4
71,79,4
71,80,4
71,81,4
71,82,4
71,83,4
71,84,4
71,85,4
71,86,4
71,87,4
71,88,4
71,89,4
71,90,4
71,91,4
71,92,4
71,93,4
71,94,4
71,95,4
71,96,4
71,97,4
71,98,4
71,99,4
71,100,4
71,101,4
71,102,4
71,103,4
71,104,4
71,105,4
71,106,4
71,107,4
71,108,4
71,109,4
71,110,4
71,111,4
71,112,4
71,113,4
71,114,4
71,115,4
71,116,4
71,117,4
71,118,4
71,119,4
71,120,4
71,121,4
71,122,4
71,123,4
71,124,4
71,125,4
71,126,4
71,127,4
71,128,4
71,129,4
71,130,4
71,131,4
71,132,4
71,133,4
71,134,4
71,135,4
71,136,4
71,137,4
71,138,4
71,139,4
71,140,4
71,141,4
71,142,4
71,143,4
71,144,4
71,145,4
71,146,4
71,147,4
71,148,4
71,149,4
71,150,4
71,151,4
71,152,4
71,153,4
71,154,4
71,155,4
71,156,4
71,157,4
71,158,4
71,159,4
71,160,4
71,161,4
71,162,4
71,163,4
71,164,4
71,165,4
71,166,4
71,167,4
71,168,4
71,169,4
71,170,4
71,171,4
71,172,4
71,173,4
71,174,4
71,175,4
71,176,4
71,177,4
71,178,4
71,179,4
71,180,4
71,181,4
71,182,4
71,183,4
71,184,4
71,185,4
71,186,4
71,187,4
71,188,4
71,189,4
71,190,4
71,191,4
71,192,4
71,193,4
71,194,4
71,215,4
71,217,4
71,219,4
71,221,4
71,223,4
72,0,4
72,1,4
72,2,4
72,3,4
72,4,4
72,5,4
72,6,4
72,7,4
72,8,4
72,9,4
72,10,4
72,11,4
72,12,4
72,13,4
72,14,4
72,15,4
72,16,4
72,17,4
72,18,4
72,19,4
72,20,4
72,21,4
72,22,4
72,23,4
72,24,4
72,25,4
72,26,4
72,27,4
72,28,4
72,29,4
72,30,4
72,31,4
72,32,4
72,33,4
72,34,4
72,35,4
72,36,4
72,37,4
72,38,4
72,39,4
72,40,4
72,41,4
72,42,4
72,43,4
72,44,4
72,45,4
72,46,4
72,47,4
72,48,4
72,49,4
72,50,4
72,51,4
72,52,4
72,53,4
72,54,4
72,55,4
72,56,4
72,57,4
72,58,4
72,59,4
72,60,4
72,61,4
72,62,4
72,63,4
72,64,4
72,65,4
72,66,4
72,67,4
72,68,4
72,69,4
72,70,4
72,71,4
72,73,4
72,74,4
72,75,4
72,76,4
72,77,4
72,78,4
72,79,4
72,80,4
72,81,4
72,82,4
72,83,4
72,84,4
72,85,4
72,86,4
72,87,4
72,88,4
72,89,4
72,90,4
72,91,4
72,92,4
72,93,4
72,94,4
72,95,4
72,96,4
72,97,4
72,98,4
72,99,4
72,100,4
72,101,4
72,102,4
72,103,4
72,104,4
72,105,4
72,106,4
72,107,4
72,108,4
72,109,4
72,110,4
72,111,4
72,112,4
72,113,4
72,114,4
72,115,4
72,116,4
72,117,4
72,118,4
72,119,4
72,120,4
72,121,4
72,122,4
72,123,4
72,124,4
72,125,4
72,126,4
72,127,4
72,128,4
72,129,4
72,130,4
72,131,4
72,132,4
72,133,4
72,134,4
72,135,4
72,136,4
72,137,4
72,138,4
72,139,4
72,140,4
72,141,4
72,142,4
72,143,4
72,144,4
72,145,4
72,146,4
72,147,4
72,148,4
72,149,4
72,150,4
72,151,4
72,152,4
72,153,4
72,154,4
72,155,4
72,156,4
72,157,4
72,158,4
72,159,4
72,160,4
72,161,4
72,162,4
72,163,4
72,164,4
72,165,4
72,166,4
72,167,4
72,168,4
72,169,4
72,170,4
72,171,4
72,172,4
72,173,4
72,174,4
72,175,4
72,176,4
72,177,4
72,178,4
72,179,4
72,180,4
72,181,4
72,182,4
72,183,4
72,184,4
72,185,4
72,186,4
72,187,4
72,188,4
72,189,4
72,190,4
72,191,4
72,192,4
72,193,4
72,194,4
72,215,4
72,217,4
72,219,4
72,221,4
72,223,4
73,0,4
73,1,4
73,2,4
73,3,4
73,4,4
73,5,4
73,6,4
73,7,4
73,8,4
73,9,4
73,10,4
73,11,4
73,12,4
73,13,4
73,14,4
73,15,4
73,16,4
73,17,4
73,18,4
73,19,4
73,20,4
73,21,4
73,22,4
73,23,4
73,24,4
73,25,4
73,26,4
73,27,4
73,28,4
73,29,4
73,30,4
73,31,4
73,32,4
73,33,4
73,34,4
73,35,4
73,36,4
73,37,4
73,38,4
73,39,4
73,40,4
73,41,4
73,42,4
73,43,4
73,44,4
73,45,4
73,46,4
73,47,4
73,48,4
73,49,4
73,50,4
73,51,4
73,52,4
73,53,4
73,54,4
73,55,4
73,56,4
73,57,4
73,58,4
73,59,4
73,60,4
73,61,4
73,62,4
73,63,4
73,64,4
73,65,4
73,66,4
73,67,4
73,68,4
73,69,4
73,70,4
73,71,4
73,72,4
73,74,4
73,75,4
73,76,4
73,77,4
73,78,4
73,79,4
73,80,4
73,81,4
73,82,4
73,83,4
73,84,4
73,85,4
73,86,4
73,87,4
73,88,4
73,89,4
73,90,4
73,91,4
73,92,4
73,93,4
73,94,4
73,95,4
73,96,4
73,97,4
73,98,4
73,99,4
73,100,4
73,101,4
73,102,4
73,103,4
73,104,4
73,105,4
73,106,4
73,107,4
73,108,4
73,109,4
73,110,4
73,111,4
73,112,4
73,113,4
73,114,4
73,115,4
73,116,4
73,117,4
73,118,4
73,119,4
73,120,4
73,121,4
73,122,4
73,123,4
73,124,4
73,125,4
73,126,4
73,127,4
73,128,4
73,129,4
73,130,4
73,131,4
73,132,4
73,133,4
73,134,4
73,135,4
73,136,4
73,137,4
73,138,4
73,139,4
73,140,4
73,141,4
73,142,4
73,143,4
73,144,4
73,145,4
73,146,4
73,147,4
73,148,4
73,149,4
73,150,4
73,151,4
73,152,4
73,153,4
73,154,4
73,155,4
73,156,4
73,157,4
73,158,4
73,159,4
73,160,4
73,161,4
73,162,4
73,163,4
73,164,4
73,165,4
73,166,4
73,167,4
73,168,4
73,169,4
73,170,4
73,171,4
73,172,4
73,173,4
73,174,4
73,175,4
73,176,4
73,177,4
73,178,4
73,179,4
73,180,4
73,181,4
73,182,4
73,183,4
73,184,4
73,185,4
73,186,4
73,187,4
73,188,4
73,189,4
73,190,4
73,191,4
73,192,4
73,193,4
73,194,4
73,215,4
73,217,4
73,219,4
73,221,4
73,223,4
74,0,4
74,1,4
74,2,4
74,3,4
74,4,4
74,5,4
74,6,4
74,7,4
74,8,4
74,9,4
74,10,4
74,11,4
74,12,4
74,13,4
74,14,4
74,15,4
74,16,4
74,17,4
74,18,4
74,19,4
74,20,4
74,21,4
74,22,4
74,23,4
74,24,4
74,25,4
74,26,4
74,27,4
74,28,4
74,29,4
74,30,4
74,31,4
74,32,4
74,33,4
74,34,4
74,35,4
74,36,4
74,37,4
74,38,4
74,39,4
74,40,4
74,41,4
74,42,4
74,43,4
74,44,4
74,45,4
74,46,4
74,47,4
74,48,4
74,49,4
74,50,4
74,51,4
74,52,4
74,53,4
74,54,4
74,55,4
74,56,4
74,57,4
74,58,4
74,59,4
74,60,4
74,61,4
74,62,4
74,63,4
74,64,4
74,65,4
74,66,4
74,67,4
74,68,4
74,69,4
74,70,4
74,71,4
74,72,4
74,73,4
74,75,4
74,76,4
74,77,4
74,78,4
74,79,4
74,80,4
74,81,4
74,82,4
74,83,4
74,84,4
74,85,4
74,86,4
74,87,4
74,88,4
74,89,4
74,90,4
74,91,4
74,92,4
74,93,4
74,94,4
74,95,4
74,96,4
74,97,4
74,98,4
74,99,4
74,100,4
74,101,4
74,102,4
74,103,4
74,104,4
74,105,4
74,106,4
74,107,4
74,108,4
74,109,4
74,110,4
74,111,4
74,112,4
74,113,4
74,114,4
74,115,4
74,116,4
74,117,4
74,118,4
74,119,4
74,120,4
74,121,4
74,122,4
74,123,4
74,124,4
74,125,4
74,126,4
74,127,4
74,128,4
74,129,4
74,130,4
74,131,4
74,132,4
74,133,4
74,134,4
74,135,4
74,136,4
74,137,4
74,138,4
74,139,4
74,140,4
74,141,4
74,142,4
74,143,4
74,144,4
74,145,4
74,146,4
74,147,4
74,148,4
74,149,4
74,150,4
74,151,4
74,152,4
74,153,4
74,154,4
74,155,4
74,156,4
74,157,4
74,158,4
74,159,4
74,160,4
74,161,4
74,162,4
74,163,4
74,164,4
74,165,4
74,166,4
74,167,4
74,168,4
74,169,4
74,170,4
74,171,4
74,172,4
74,173,4
74,174,4
74,175,4
74,176,4
74,177,4
74,178,4
74,179,4
74,180,4
74,181,4
74,182,4
74,183,4
74,184,4
74,185,4
74,186,4
74,187,4
74,188,4
74,189,4
74,190,4
74,191,4
74,192,4
74,193,4
74,194,4
74,215,4
74,217,4
74,219,4
74,221,4
74,223,4
75,0,5
75,1,5
75,2,5
75,3,5
75,4,5
75,5,5
75,6,5
75,7,5
75,8,5
75,9,5
75,10,5
75,11,5
75,12,5
75,13,5
75,14,5
75,15,5
75,16,5
75,17,5
75,18,5
75,19,5
75,20,5
75,21,5
75,22,5
75,23,5
75,24,5
75,25,5
75,26,5
75,27,5
75,28,5
75,29,5
75,30,5
75,31,5
75,32,5
75,33,5
75,34,5
75,35,5
75,36,5
75,37,5
75,38,5
75,39,5
75,40,5
75,41,5
75,42,5
75,43,5
75,44,5
75,45,5
75,46,5
75,47,5
75,48,5
75,49,5
75,50,5
75,51,5
75,52,5
75,53,5
75,54,5
75,55,5
75,56,5
75,57,5
75,58,5
75,59,5
75,60,5
75,61,5
75,62,5
75,63,5
75,64,5
75,65,5
75,66,5
75,67,5
75,68,5
75,69,5
75,70,5
75,71,5
75,72,5
75,73,5
75,74,5
75,76,5
75,77,5
75,78,5
75,79,5
75,80,5
75,81,5
75,82,5
75,83,5
75,84,5
75,85,5
75,86,5
75,87,5
75,88,5
75,89,5
75,90,5
75,91,5
75,92,5
75,93,5
75,94,5
75,95,5
75,96,5
75,97,5
75,98,5
75,99,5
75,100,5
75,101,5
75,102,5
75,103,5
75,104,5
75,105,5
75,106,5
75,107,5
75,108,5
75,109,5
75,110,5
75,111,5
75,112,5
75,113,5
75,114,5
75,115,5
75,116,5
75,117,5
75,118,5
75,119,5
75,120,5
75,121,5
75,122,5
75,123,5
75,124,5
75,125,5
75,126,5
75,127,5
75,128,5
75,129,5
75,130,5
75,131,5
75,132,5
75,133,5
75,134,5
75,135,5
75,136,5
75,137,5
75,138,5
75,139,5
75,140,5
75,141,5
75,142,5
75,143,5
75,144,5
75,145,5
75,146,5
75,147,5
75,148,5
75,149,5
75,150,5
75,151,5
75,152,5
75,153,5
75,154,5
75,155,5
75,156,5
75,157,5
75,158,5
75,159,5
75,160,5
75,161,5
75,162,5
75,163,5
75,164,5
75,165,5
75,166,5
75,167,5
75,168,5
75,169,5
75,170,5
75,171,5
75,172,5
75,173,5
75,174,5
75,175,5
75,176,5
75,177,5
75,178,5
75,179,5
75,180,5
75,181,5
75,182,5
75,183,5
75,184,5
75,185,5
75,186,5
75,187,5
75,188,5
75,189,5
75,190,5
75,191,5
75,192,5
75,193,5
75,194,5
75,215,5
75,217,5
75,219,5
75,221,5
75,223,5
76,0,5
76,1,5
76,2,5
76,3,5
76,4,5
76,5,5
76,6,5
76,7,5
76,8,5
76,9,5
76,10,5
76,11,5
76,12,5
76,13,5
76,14,5
76,15,5
76,16,5
76,17,5
76,18,5
76,19,5
76,20,5
76,21,5
76,22,5
76,23,5
76,24,5
76,25,5
76,26,5
76,27,5
76,28,5
76,29,5
76,30,5
76,31,5
76,32,5
76,33,5
76,34,5
76,35,5
76,36,5
76,37,5
76,38,5
76,39,5
76,40,5
76,41,5
76,42,5
76,43,5
76,44,5
76,45,5
76,46,5
76,47,5
76,48,5
76,49,5
76,50,5
76,51,5
76,52,5
76,53,5
76,54,5
76,55,5
76,56,5
76,57,5
76,58,5
76,59,5
76,60,5
76,61,5
76,62,5
76,63,5
76,64,5
76,65,5
76,66,5
76,67,5
76,68,5
76,69,5
76,70,5
76,71,5
76,72,5
76,73,5
76,74,5
76,75,5
76,77,5
76,78,5
76,79,5
76,80,5
76,81,5
76,82,5
76,83,5
76,84,5
76,85,5
76,86,5
76,87,5
76,88,5
76,89,5
76,90,5
76,91,5
76,92,5
76,93,5
76,94,5
76,95,5
76,96,5
76,97,5
76,98,5
76,99,5
76,100,5
76,101,5
76,102,5
76,103,5
76,104,5
76,105,5
76,106,5
76,107,5
76,108,5
76,109,5
76,110,5
76,111,5
76,112,5
76,113,5
76,114,5
76,115,5
76,116,5
76,117,5
76,118,5
76,119,5
76,120,5
76,121,5
76,122,5
76,123,5
76,124,5
76,125,5
76,126,5
76,127,5
76,128,5
76,129,5
76,130,5
76,131,5
76,132,5
76,133,5
76,134,5
76,135,5
76,136,5
76,137,5
76,138,5
76,139,5
76,140,5
76,141,5
76,142,5
76,143,5
76,144,5
76,145,5
76,146,5
76,147,5
76,148,5
76,149,5
76,150,5
76,151,5
76,152,5
76,153,5
76,154,5
76,155,5
76,156,5
76,157,5
76,158,5
76,159,5
76,160,5
76,161,5
76,162,5
76,163,5
76,164,5
76,165,5
76,166,5
76,167,5
76,168,5
76,169,5
76,170,5
76,171,5
76,172,5
76,173,5
76,174,5
76,175,5
76,176,5
76,177,5
76,178,5
76,179,5
76,180,5
76,181,5
76,182,5
76,183,5
76,184,5
76,185,5
76,186,5
76,187,5
76,188,5
76,189,5
76,190,5
76,191,5
76,192,5
76,193,5
76,194,5
76,215,5
76,217,5
76,219,5
76,221,5
76,223,5
77,0,5
77,1,5
77,2,5
77,3,5
77,4,5
77,5,5
77,6,5
77,7,5
77,8,5
77,9,5
77,10,5
77,11,5
77,12,5
77,13,5
77,14,5
77,15,5
77,16,5
77,17,5
77,18,5
77,19,5
77,20,5
77,21,5
77,22,5
77,23,5
77,24,5
77,25,5
77,26,5
77,27,5
77,28,5
77,29,5
77,30,5
77,31,5
77,32,5
77,33,5
77,34,5
77,35,5
77,36,5
77,37,5
77,38,5
77,39,5
77,40,5
77,41,5
77,42,5
77,43,5
77,44,5
77,45,5
77,46,5
77,47,5
77,48,5
77,49,5
77,50,5
77,51,5
77,52,5
77,53,5
77,54,5
77,55,5
77,56,5
77,57,5
77,58,5
77,59,5
77,60,5
77,61,5
77,62,5
77,63,5
77,64,5
77,65,5
77,66,5
77,67,5
77,68,5
77,69,5
77,70,5
77,71,5
77,72,5
77,73,5
77,74,5
77,75,5
77,76,5
77,78,5
77,79,5
77,80,5
77,81,5
77,82,5
77,83,5
77,84,5
77,85,5
77,86,5
77,87,5
77,88,5
77,89,5
77,90,5
77,91,5
77,92,5
77,93,5
77,94,5
77,95,5
77,96,5
77,97,5
77,98,5
77,99,5
77,100,5
77,101,5
77,102,5
77,103,5
77,104,5
77,105,5
77,106,5
77,107,5
77,108,5
77,109,5
77,110,5
77,111,5
77,112,5
77,113,5
77,114,5
77,115,5
77,116,5
77,117,5
77,118,5
77,119,5
77,120,5
77,121,5
77,122,5
77,123,5
77,124,5
77,125,5
77,126,5
77,127,5
77,128,5
77,129,5
77,130,5
77,131,5
77,132,5
77,133,5
77,134,5
77,135,5
77,136,5
77,137,5
77,138,5
77,139,5
77,140,5
77,141,5
77,142,5
77,143,5
77,144,5
77,145,5
77,146,5
77,147,5
77,148,5
77,149,5
77,150,5
77,151,5
77,152,5
77,153,5
77,154,5
77,155,5
77,156,5
77,157,5
77,158,5
77,159,5
77,160,5
77,161,5
77,162,5
77,163,5
77,164,5
77,165,5
77,166,5
77,167,5
77,168,5
77,169,5
77,170,5
77,171,5
77,172,5
77,173,5
77,174,5
77,175,5
77,176,5
77,177,5
77,178,5
77,179,5
77,180,5
77,181,5
77,182,5
77,183,5
77,184,5
77,185,5
77,186,5
77,187,5
77,188,5
77,189,5
77,190,5
77,191,5
77,192,5
77,193,5
77,194,5
77,215,5
77,217,5
77,219,5
77,221,5
77,223,5
78,0,5
78,1,5
78,2,5
78,3,5
78,4,5
78,5,5
78,6,5
78,7,5
78,8,5
78,9,5
78,10,5
78,11,5
78,12,5
78,13,5
78,14,5
78,15,5
78,16,5
78,17,5
78,18,5
78,19,5
78,20,5
78,21,5
78,22,5
78,23,5
78,24,5
78,25,5
78,26,5
78,27,5
78,28,5
78,29,5
78,30,5
78,31,5
78,32,5
78,33,5
78,34,5
78,35,5
78,36,5
78,37,5
78,38,5
78,39,5
78,40,5
78,41,5
78,42,5
78,43,5
78,44,5
78,45,5
78,46,5
78,47,5
78,48,5
78,49,5
78,50,5
78,51,5
78,52,5
78,53,5
78,54,5
78,55,5
78,56,5
78,57,5
78,58,5
78,59,5
78,60,5
78,61,5
78,62,5
78,63,5
78,64,5
78,65,5
78,66,5
78,67,5
78,68,5
78,69,5
78,70,5
78,71,5
78,72,5
78,73,5
78,74,5
78,75,5
78,76,5
78,77,5
78,79,5
78,80,5
78,81,5
78,82,5
78,83,5
78,84,5
78,85,5
78,86,5
78,87,5
78,88,5
78,89,5
78,90,5
78,91,5
78,92,5
78,93,5
78,94,5
78,95,5
78,96,5
78,97,5
78,98,5
78,99,5
78,100,5
78,101,5
78,102,5
78,103,5
78,104,5
78,105,5
78,106,5
78,107,5
78,108,5
78,109,5
78,110,5
78,111,5
78,112,5
78,113,5
78,114,5
78,115,5
78,116,5
78,117,5
78,118,5
78,119,5
78,120,5
78,121,5
78,122,5
78,123,5
78,124,5
78,125,5
78,126,5
78,127,5
78,128,5
78,129,5
78,130,5
78,131,5
78,132,5
78,133,5
78,134,5
78,135,5
78,136,5
78,137,5
78,138,5
78,139,5
78,140,5
78,141,5
78,142,5
78,143,5
78,144,5
78,145,5
78,146,5
78,147,5
78,148,5
78,149,5
78,150,5
78,151,5
78,152,5
78,153,5
78,154,5
78,155,5
78,156,5
78,157,5
78,158,5
78,159,5
78,160,5
78,161,5
78,162,5
78,163,5
78,164,5
78,165,5
78,166,5
78,167,5
78,168,5
78,169,5
78,170,5
78,171,5
78,172,5
78,173,5
78,174,5
78,175,5
78,176,5
78,177,5
78,178,5
78,179,5
78,180,5
78,181,5
78,182,5
78,183,5
78,184,5
78,185,5
78,186,5
78,187,5
78,188,5
78,189,5
78,190,5
78,191,5
78,192,5
78,193,5
78,194,5
78,215,5
78,217,5
78,219,5
78,221,5
78,223,5
79,0,5
79,1,5
79,2,5
79,3,5
79,4,5
79,5,5
79,6,5
79,7,5
79,8,5
79,9,5
79,10,5
79,11,5
79,12,5
79,13,5
79,14,5
79,15,5
79,16,5
79,17,5
79,18,5
79,19,5
79,20,5
79,21,5
79,22,5
79,23,5
79,24,5
79,25,5
79,26,5
79,27,5
79,28,5
79,29,5
79,30,5
79,31,5
79,32,5
79,33,5
79,34,5
79,35,5
79,36,5
79,37,5
79,38,5
79,39,5
79,40,5
79,41,5
79,42,5
79,43,5
79,44,5
79,45,5
79,46,5
79,47,5
79,48,5
79,49,5
79,50,5
79,51,5
79,52,5
79,53,5
79,54,5
79,55,5
79,56,5
79,57,5
79,58,5
79,59,5
79,60,5
79,61,5
79,62,5
79,63,5
79,64,5
79,65,5
79,66,5
79,67,5
79,68,5
79,69,5
79,70,5
79,71,5
79,72,5
79,73,5
79,74,5
79,75,5
79,76,5
79,77,5
79,78,5
79,80,5
79,81,5
79,82,5
79,83,5
79,84,5
79,85,5
79,86,5
79,87,5
79,88,5
79,89,5
79,90,5
79,91,5
79,92,5
79,93,5
79,94,5
79,95,5
79,96,5
79,97,5
79,98,5
79,99,5
79,100,5
79,101,5
79,102,5
79,103,5
79,104,5
79,105,5
79,106,5
79,107,5
79,108,5
79,109,5
79,110,5
79,111,5
79,112,5
79,113,5
79,114,5
79,115,5
79,116,5
79,117,5
79,118,5
79,119,5
79,120,5
79,121,5
79,122,5
79,123,5
79,124,5
79,125,5
79,126,5
79,127,5
79,128,5
79,129,5
79,130,5
79,131,5
79,132,5
79,133,5
79,134,5
79,135,5
79,136,5
79,137,5
79,138,5
79,139,5
79,140,5
79,141,5
79,142,5
79,143,5
79,144,5
79,145,5
79,146,5
79,147,5
79,148,5
79,149,5
79,150,5
79,151,5
79,152,5
79,153,5
79,154,5
79,155,5
79,156,5
79,157,5
79,158,5
79,159,5
79,160,5
79,161,5
79,162,5
79,163,5
79,164,5
79,165,5
79,166,5
79,167,5
79,168,5
79,169,5
79,170,5
79,171,5
79,172,5
79,173,5
79,174,5
79,175,5
79,176,5
79,177,5
79,178,5
79,179,5
79,180,5
79,181,5
79,182,5
79,183,5
79,184,5
79,185,5
79,186,5
79,187,5
79,188,5
79,189,5
79,190,5
79,191,5
79,192,5
79,193,5
79,194,5
79,215,5
79,217,5
79,219,5
79,221,5
79,223,5
80,0,5
80,1,5
80,2,5
80,3,5
80,4,5
80,5,5
80,6,5
80,7,5
80,8,5
80,9,5
80,10,5
80,11,5
80,12,5
80,13,5
80,14,5
80,15,5
80,16,5
80,17,5
80,18,5
80,19,5
80,20,5
80,21,5
80,22,5
80,23,5
80,24,5
80,25,5
80,26,5
80,27,5
80,28,5
80,29,5
80,30,5
80,31,5
80,32,5
80,33,5
80,34,5
80,35,5
80,36,5
80,37,5
80,38,5
80,39,5
80,40,5
80,41,5
80,42,5
80,43,5
80,44,5
80,45,5
80,46,5
80,47,5
80,48,5
80,49,5
80,50,5
80,51,5
80,52,5
80,53,5
80,54,5
80,55,5
80,56,5
80,57,5
80,58,5
80,59,5
80,60,5
80,61,5
80,62,5
80,63,5
80,64,5
80,65,5
80,66,5
80,67,5
80,68,5
80,69,5
80,70,5
80,71,5
80,72,5
80,73,5
80,74,5
80,75,5
80,76,5
80,77,5
80,78,5
80,79,5
80,81,5
80,82,5
80,83,5
80,84,5
80,85,5
80,86,5
80,87,5
80,88,5
80,89,5
80,90,5
80,91,5
80,92,5
80,93,5
80,94,5
80,95,5
80,96,5
80,97,5
80,98,5
80,99,5
80,100,5
80,101,5
80,102,5
80,103,5
80,104,5
80,105,5
80,106,5
80,107,5
80,108,5
80,109,5
80,110,5
80,111,5
80,112,5
80,113,5
80,114,5
80,115,5
80,116,5
80,117,5
80,118,5
80,119,5
80,120,5
80,121,5
80,122,5
80,123,5
80,124,5
80,125,5
80,126,5
80,127,5
80,128,5
80,129,5
80,130,5
80,131,5
80,132,5
80,133,5
80,134,5
80,135,5
80,136,5
80,137,5
80,138,5
80,139,5
80,140,5
80,141,5
80,142,5
80,143,5
80,144,5
80,145,5
80,146,5
80,147,5
80,148,5
80,149,5
80,150,5
80,151,5
80,152,5
80,153,5
80,154,5
80,155,5
80,156,5
80,157,5
80,158,5
80,159,5
80,160,5
80,161,5
80,162,5
80,163,5
80,164,5
80,165,5
80,166,5
80,167,5
80,168,5
80,169,5
80,170,5
80,171,5
80,172,5
80,173,5
80,174,5
80,175,5
80,176,5
80,177,5
80,178,5
80,179,5
80,180,5
80,181,5
80,182,5
80,183,5
80,184,5
80,185,5
80,186,5
80,187,5
80,188,5
80,189,5
80,190,5
80,191,5
80,192,5
80,193,5
80,194,5
80,215,5
80,217,5
80,219,5
80,221,5
80,223,5
81,0,5
81,1,5
81,2,5
81,3,5
81,4,5
81,5,5
81,6,5
81,7,5
81,8,5
81,9,5
81,10,5
81,11,5
81,12,5
81,13,5
81,14,5
81,15,5
81,16,5
81,17,5
81,18,5
81,19,5
81,20,5
81,21,5
81,22,5
81,23,5
81,24,5
81,25,5
81,26,5
81,27,5
81,28,5
81,29,5
81,30,5
81,31,5
81,32,5
81,33,5
81,34,5
81,35,5
81,36,5
81,37,5
81,38,5
81,39,5
81,40,5
81,41,5
81,42,5
81,43,5
81,44,5
81,45,5
81,46,5
81,47,5
81,48,5
81,49,5
81,50,5
81,51,5
81,52,5
81,53,5
81,54,5
81,55,5
81,56,5
81,57,5
81,58,5
81,59,5
81,60,5
81,61,5
81,62,5
81,63,5
81,64,5
81,65,5
81,66,5
81,67,5
81,68,5
81,69,5
81,70,5
81,71,5
81,72,5
81,73,5
81,74,5
81,75,5
81,76,5
81,77,5
81,78,5
81,79,5
81,80,5
81,82,5
81,83,5
81,84,5
81,85,5
81,86,5
81,87,5
81,88,5
81,89,5
81,90,5
81,91,5
81,92,5
81,93,5
81,94,5
81,95,5
81,96,5
81,97,5
81,98,5
81,99,5
81,100,5
81,101,5
81,102,5
81,103,5
81,104,5
81,105,5
81,106,5
81,107,5
81,108,5
81,109,5
81,110,5
81,111,5
81,112,5
81,113,5
81,114,5
81,115,5
81,116,5
81,117,5
81,118,5
81,119,5
81,120,5
81,121,5
81,122,5
81,123,5
81,124,5
81,125,5
81,126,5
81,127,5
81,128,5
81,129,5
81,130,5
81,131,5
81,132,5
81,133,5
81,134,5
81,135,5
81,136,5
81,137,5
81,138,5
81,139,5
81,140,5
81,141,5
81,142,5
81,143,5
81,144,5
81,145,5
81,146,5
81,147,5
81,148,5
81,149,5
81,150,5
81,151,5
81,152,5
81,153,5
81,154,5
81,155,5
81,156,5
81,157,5
81,158,5
81,159,5
81,160,5
81,161,5
81,162,5
81,163,5
81,164,5
81,165,5
81,166,5
81,167,5
81,168,5
81,169,5
81,170,5
81,171,5
81,172,5
81,173,5
81,174,5
81,175,5
81,176,5
81,177,5
81,178,5
81,179,5
81,180,5
81,181,5
81,182,5
81,183,5
81,184,5
81,185,5
81,186,5
81,187,5
81,188,5
81,189,5
81,190,5
81,191,5
81,192,5
81,193,5
81,194,5
81,215,5
81,217,5
81,219,5
81,221,5
81,223,5
82,0,5
82,1,5
82,2,5
82,3,5
82,4,5
82,5,5
82,6,5
82,7,5
82,8,5
82,9,5
82,10,5
82,11,5
82,12,5
82,13,5
82,14,5
82,15,5
82,16,5
82,17,5
82,18,5
82,19,5
82,20,5
82,21,5
82,22,5
82,23,5
82,24,5
82,25,5
82,26,5
82,27,5
82,28,5
82,29,5
82,30,5
82,31,5
82,32,5
82,33,5
82,34,5
82,35,5
82,36,5
82,37,5
82,38,5
82,39,5
82,40,5
82,41,5
82,42,5
82,43,5
82,44,5
82,45,5
82,46,5
82,47,5
82,48,5
82,49,5
82,50,5
82,51,5
82,52,5
82,53,5
82,54,5
82,55,5
82,56,5
82,57,5
82,58,5
82,59,5
82,60,5
82,61,5
82,62,5
82,63,5
82,64,5
82,65,5
82,66,5
82,67,5
82,68,5
82,69,5
82,70,5
82,71,5
82,72,5
82,73,5
82,74,5
82,75,5
82,76,5
82,77,5
82,78,5
82,79,5
82,80,5
82,81,5
82,83,5
82,84,5
82,85,5
82,86,5
82,87,5
82,88,5
82,89,5
82,90,5
82,91,5
82,92,5
82,93,5
82,94,5
82,95,5
82,96,5
82,97,5
82,98,5
82,99,5
82,100,5
82,101,5
82,102,5
82,103,5
82,104,5
82,105,5
82,106,5
82,107,5
82,108,5
82,109,5
82,110,5
82,111,5
82,112,5
82,113,5
82,114,5
82,115,5
82,116,5
82,117,5
82,118,5
82,119,5
82,120,5
82,121,5
82,122,5
82,123,5
82,124,5
82,125,5
82,126,5
82,127,5
82,128,5
82,129,5
82,130,5
82,131,5
82,132,5
82,133,5
82,134,5
82,135,5
82,136,5
82,137,5
82,138,5
82,139,5
82,140,5
82,141,5
82,142,5
82,143,5
82,144,5
82,145,5
82,146,5
82,147,5
82,148,5
82,149,5
82,150,5
82,151,5
82,152,5
82,153,5
82,154,5
82,155,5
82,156,5
82,157,5
82,158,5
82,159,5
82,160,5
82,161,5
82,162,5
82,163,5
82,164,5
82,165,5
82,166,5
82,167,5
82,168,5
82,169,5
82,170,5
82,171,5
82,172,5
82,173,5
82,174,5
82,175,5
82,176,5
82,177,5
82,178,5
82,179,5
82,180,5
82,181,5
82,182,5
82,183,5
82,184,5
82,185,5
82,186,5
82,187,5
82,188,5
82,189,5
82,190,5
82,191,5
82,192,5
82,193,5
82,194,5
82,215,5
82,217,5
82,219,5
82,221,5
82,223,5
83,0,5
83,1,5
83,2,5
83,3,5
83,4,5
83,5,5
83,6,5
83,7,5
83,8,5
83,9,5
83,10,5
83,11,5
83,12,5
83,13,5
83,14,5
83,15,5
83,16,5
83,17,5
83,18,5
83,19,5
83,20,5
83,21,5
83,22,5
83,23,5
83,24,5
83,25,5
83,26,5
83,27,5
83,28,5
83,29,5
83,30,5
83,31,5
83,32,5
83,33,5
83,34,5
83,35,5
83,36,5
83,37,5
83,38,5
83,39,5
83,40,5
83,41,5
83,42,5
83,43,5
83,44,5
83,45,5
83,46,5
83,47,5
83,48,5
83,49,5
83,50,5
83,51,5
83,52,5
83,53,5
83,54,5
83,55,5
83,56,5
83,57,5
83,58,5
83,59,5
83,60,5
83,61,5
83,62,5
83,63,5
83,64,5
83,65,5
83,66,5
83,67,5
83,68,5
83,69,5
83,70,5
83,71,5
83,72,5
83,73,5
83,74,5
83,75,5
83,76,5
83,77,5
83,78,5
83,79,5
83,80,5
83,81,5
83,82,5
83,84,5
83,85,5
83,86,5
83,87,5
83,88,5
83,89,5
83,90,5
83,91,5
83,92,5
83,93,5
83,94,5
83,95,5
83,96,5
83,97,5
83,98,5
83,99,5
83,100,5
83,101,5
83,102,5
83,103,5
83,104,5
83,105,5
83,106,5
83,107,5
83,108,5
83,109,5
83,110,5
83,111,5
83,112,5
83,113,5
83,114,5
83,115,5
83,116,5
83,117,5
83,118,5
83,119,5
83,120,5
83,121,5
83,122,5
83,123,5
83,124,5
83,125,5
83,126,5
83,127,5
83,128,5
83,129,5
83,130,5
83,131,5
83,132,5
83,133,5
83,134,5
83,135,5
83,136,5
83,137,5
83,138,5
83,139,5
83,140,5
83,141,5
83,142,5
83,143,5
83,144,5
83,145,5
83,146,5
83,147,5
83,148,5
83,149,5
83,150,5
83,151,5
83,152,5
83,153,5
83,154,5
83,155,5
83,156,5
83,157,5
83,158,5
83,159,5
83,160,5
83,161,5
83,162,5
83,163,5
83,164,5
83,165,5
83,166,5
83,167,5
83,168,5
83,169,5
83,170,5
83,171,5
83,172,5
83,173,5
83,174,5
83,175,5
83,176,5
83,177,5
83,178,5
83,179,5
83,180,5
83,181,5
83,182,5
83,183,5
83,184,5
83,185,5
83,186,5
83,187,5
83,188,5
83,189,5
83,190,5
83,191,5
83,192,5
83,193,5
83,194,5
83,215,5
83,217,5
83,219,5
83,221,5
83,223,5
84,0,5
84,1,5
84,2,5
84,3,5
84,4,5
84,5,5
84,6,5
84,7,5
84,8,5
84,9,5
84,10,5
84,11,5
84,12,5
84,13,5
84,14,5
84,15,5
84,16,5
84,17,5
84,18,5
84,19,5
84,20,5
84,21,5
84,22,5
84,23,5
84,24,5
84,25,5
84,26,5
84,27,5
84,28,5
84,29,5
84,30,5
84,31,5
84,32,5
84,33,5
84,34,5
84,35,5
84,36,5
84,37,5
84,38,5
84,39,5
84,40,5
84,41,5
84,42,5
84,43,5
84,44,5
84,45,5
84,46,5
84,47,5
84,48,5
84,49,5
84,50,5
84,51,5
84,52,5
84,53,5
84,54,5
84,55,5
84,56,5
84,57,5
84,58,5
84,59,5
84,60,5
84,61,5
84,62,5
84,63,5
84,64,5
84,65,5
84,66,5
84,67,5
84,68,5
84,69,5
84,70,5
84,71,5
84,72,5
84,73,5
84,74,5
84,75,5
84,76,5
84,77,5
84,78,5
84,79,5
84,80,5
84,81,5
84,82,5
84,83,5
84,85,5
84,86,5
84,87,5
84,88,5
84,89,5
84,90,5
84,91,5
84,92,5
84,93,5
84,94,5
84,95,5
84,96,5
84,97,5
84,98,5
84,99,5
84,100,5
84,101,5
84,102,5
84,103,5
84,104,5
84,105,5
84,106,5
84,107,5
84,108,5
84,109,5
84,110,5
84,111,5
84,112,5
84,113,5
84,114,5
84,115,5
84,116,5
84,117,5
84,118,5
84,119,5
84,120,5
84,121,5
84,122,5
84,123,5
84,124,5
84,125,5
84,126,5
84,127,5
84,128,5
84,129,5
84,130,5
84,131,5
84,132,5
84,133,5
84,134,5
84,135,5
84,136,5
84,137,5
84,138,5
84,139,5
84,140,5
84,141,5
84,142,5
84,143,5
84,144,5
84,145,5
84,146,5
84,147,5
84,148,5
84,149,5
84,150,5
84,151,5
84,152,5
84,153,5
84,154,5
84,155,5
84,156,5
84,157,5
84,158,5
84,159,5
84,160,5
84,161,5
84,162,5
84,163,5
84,164,5
84,165,5
84,166,5
84,167,5
84,168,5
84,169,5
84,170,5
84,171,5
84,172,5
84,173,5
84,174,5
84,175,5
84,176,5
84,177,5
84,178,5
84,179,5
84,180,5
84,181,5
84,182,5
84,183,5
84,184,5
84,185,5
84,186,5
84,187,5
84,188,5
84,189,5
84,190,5
84,191,5
84,192,5
84,193,5
84,194,5
84,215,5
84,217,5
84,219,5
84,221,5
84,223,5
85,0,5
85,1,5
85,2,5
85,3,5
85,4,5
85,5,5
85,6,5
85,7,5
85,8,5
85,9,5
85,10,5
85,11,5
85,12,5
85,13,5
85,14,5
85,15,5
85,16,5
85,17,5
85,18,5
85,19,5
85,20,5
85,21,5
85,22,5
85,23,5
85,24,5
85,25,5
85,26,5
85,27,5
85,28,5
85,29,5
85,30,5
85,31,5
85,32,5
85,33,5
85,34,5
85,35,5
85,36,5
85,37,5
85,38,5
85,39,5
85,40,5
85,41,5
85,42,5
85,43,5
85,44,5
85,45,5
85,46,5
85,47,5
85,48,5
85,49,5
85,50,5
85,51,5
85,52,5
85,53,5
85,54,5
85,55,5
85,56,5
85,57,5
85,58,5
85,59,5
85,60,5
85,61,5
85,62,5
85,63,5
85,64,5
85,65,5
85,66,5
85,67,5
85,68,5
85,69,5
85,70,5
85,71,5
85,72,5
85,73,5
85,74,5
85,75,5
85,76,5
85,77,5
85,78,5
85,79,5
85,80,5
85,81,5
85,82,5
85,83,5
85,84,5
85,86,5
85,87,5
85,88,5
85,89,5
85,90,5
85,91,5
85,92,5
85,93,5
85,94,5
85,95,5
85,96,5
85,97,5
85,98,5
85,99,5
85,100,5
85,101,5
85,102,5
85,103,5
85,104,5
85,105,5
85,106,5
85,107,5
85,108,5
85,109,5
85,110,5
85,111,5
85,112,5
85,113,5
85,114,5
85,115,5
85,116,5
85,117,5
85,118,5
85,119,5
85,120,5
85,121,5
85,122,5
85,123,5
85,124,5
85,125,5
85,126,5
85,127,5
85,128,5
85,129,5
85,130,5
85,131,5
85,132,5
85,133,5
85,134,5
85,135,5
85,136,5
85,137,5
85,138,5
85,139,5
85,140,5
85,141,5
85,142,5
85,143,5
85,144,5
85,145,5
85,146,5
85,147,5
85,148,5
85,149,5
85,150,5
85,151,5
85,152,5
85,153,5
85,154,5
85,155,5
85,156,5
85,157,5
85,158,5
85,159,5
85,160,5
85,161,5
85,162,5
85,163,5
85,164,5
85,165,5
85,166,5
85,167,5
85,168,5
85,169,5
85,170,5
85,171,5
85,172,5
85,173,5
85,174,5
85,175,5
85,176,5
85,177,5
85,178,5
85,179,5
85,180,5
85,181,5
85,182,5
85,183,5
85,184,5
85,185,5
85,186,5
85,187,5
85,188,5
85,189,5
85,190,5
85,191,5
85,192,5
85,193,5
85,194,5
85,215,5
85,217,5
85,219,5
85,221,5
85,223,5
86,0,5
86,1,5
86,2,5
86,3,5
86,4,5
86,5,5
86,6,5
86,7,5
86,8,5
86,9,5
86,10,5
86,11,5
86,12,5
86,13,5
86,14,5
86,15,5
86,16,5
86,17,5
86,18,5
86,19,5
86,20,5
86,21,5
86,22,5
86,23,5
86,24,5
86,25,5
86,26,5
86,27,5
86,28,5
86,29,5
86,30,5
86,31,5
86,32,5
86,33,5
86,34,5
86,35,5
86,36,5
86,37,5
86,38,5
86,39,5
86,40,5
86,41,5
86,42,5
86,43,5
86,44,5
86,45,5
86,46,5
86,47,5
86,48,5
86,49,5
86,50,5
86,51,5
86,52,5
86,53,5
86,54,5
86,55,5
86,56,5
86,57,5
86,58,5
86,59,5
86,60,5
86,61,5
86,62,5
86,63,5
86,64,5
86,65,5
86,66,5
86,67,5
86,68,5
86,69,5
86,70,5
86,71,5
86,72,5
86,73,5
86,74,5
86,75,5
86,76,5
86,77,5
86,78,5
86,79,5
86,80,5
86,81,5
86,82,5
86,83,5
86,84,5
86,85,5
86,87,5
86,88,5
86,89,5
86,90,5
86,91,5
86,92,5
86,93,5
86,94,5
86,95,5
86,96,5
86,97,5
86,98,5
86,99,5
86,100,5
86,101,5
86,102,5
86,103,5
86,104,5
86,105,5
86,106,5
86,107,5
86,108,5
86,109,5
86,110,5
86,111,5
86,112,5
86,113,5
86,114,5
86,115,5
86,116,5
86,117,5
86,118,5
86,119,5
86,120,5
86,121,5
86,122,5
86,123,5
86,124,5
86,125,5
86,126,5
86,127,5
86,128,5
86,129,5
86,130,5
86,131,5
86,132,5
86,133,5
86,134,5
86,135,5
86,136,5
86,137,5
86,138,5
86,139,5
86,140,5
86,141,5
86,142,5
86,143,5
86,144,5
86,145,5
86,146,5
86,147,5
86,148,5
86,149,5
86,150,5
86,151,5
86,152,5
86,153,5
86,154,5
86,155,5
86,156,5
86,157,5
86,158,5
86,159,5
86,160,5
86,161,5
86,162,5
86,163,5
86,164,5
86,165,5
86,166,5
86,167,5
86,168,5
86,169,5
86,170,5
86,171,5
86,172,5
86,173,5
86,174,5
86,175,5
86,176,5
86,177,5
86,178,5
86,179,5
86,180,5
86,181,5
86,182,5
86,183,5
86,184,5
86,185,5
86,186,5
86,187,5
86,188,5
86,189,5
86,190,5
86,191,5
86,192,5
86,193,5
86,194,5
86,215,5
86,217,5
86,219,5
86,221,5
86,223,5
87,0,6
87,1,6
87,2,6
87,3,6
87,4,6
87,5,6
87,6,6
87,7,6
87,8,6
87,9,6
87,10,6
87,11,6
87,12,6
87,13,6
87,14,6
87,15,6
87,16,6
87,17,6
87,18,6
87,19,6
87,20,6
87,21,6
87,22,6
87,23,6
87,24,6
87,25,6
87,26,6
87,27,6
87,28,6
87,29,6
87,30,6
87,31,6
87,32,6
87,33,6
87,34,6
87,35,6
87,36,6
87,37,6
87,38,6
87,39,6
87,40,6
87,41,6
87,42,6
87,43,6
87,44,6
87,45,6
87,46,6
87,47,6
87,48,6
87,49,6
87,50,6
87,51,6
87,52,6
87,53,6
87,54,6
87,55,6
87,56,6
87,57,6
87,58,6
87,59,6
87,60,6
87,61,6
87,62,6
87,63,6
87,64,6
87,65,6
87,66,6
87,67,6
87,68,6
87,69,6
87,70,6
87,71,6
87,72,6
87,73,6
87,74,6
87,75,6
87,76,6
87,77,6
87,78,6
87,79,6
87,80,6
87,81,6
87,82,6
87,83,6
87,84,6
87,85,6
87,86,6
87,88,6
87,89,6
87,90,6
87,91,6
87,92,6
87,93,6
87,94,6
87,95,6
87,96,6
87,97,6
87,98,6
87,99,6
87,100,6
87,101,6
87,102,6
87,103,6
87,104,6
87,105,6
87,106,6
87,107,6
87,108,6
87,109,6
87,110,6
87,111,6
87,112,6
87,113,6
87,114,6
87,115,6
87,116,6
87,117,6
87,118,6
87,119,6
87,120,6
87,121,6
87,122,6
87,123,6
87,124,6
87,125,6
87,126,6
87,127,6
87,128,6
87,129,6
87,130,6
87,131,6
87,132,6
87,133,6
87,134,6
87,135,6
87,136,6
87,137,6
87,138,6
87,139,6
87,140,6
87,141,6
87,142,6
87,143,6
87,144,6
87,145,6
87,146,6
87,147,6
87,148,6
87,149,6
87,150,6
87,151,6
87,152,6
87,153,6
87,154,6
87,155,6
87,156,6
87,157,6
87,158,6
87,159,6
87,160,6
87,161,6
87,162,6
87,163,6
87,164,6
87,165,6
87,166,6
87,167,6
87,168,6
87,169,6
87,170,6
87,171,6
87,172,6
87,173,6
87,174,6
87,175,6
87,176,6
87,177,6
87,178,6
87,179,6
87,180,6
87,181,6
87,182,6
87,183,6
87,184,6
87,185,6
87,186,6
87,187,6
87,188,6
87,189,6
87,190,6
87,191,6
87,192,6
87,193,6
87,194,6
87,215,6
87,217,6
87,219,6
87,221,6
87,223,6
88,0,6
88,1,6
88,2,6
88,3,6
88,4,6
88,5,6
88,6,6
88,7,6
88,8,6
88,9,6
88,10,6
88,11,6
88,12,6
88,13,6
88,14,6
88,15,6
88,16,6
88,17,6
88,18,6
88,19,6
88,20,6
88,21,6
88,22,6
88,23,6
88,24,6
88,25,6
88,26,6
88,27,6
88,28,6
88,29,6
88,30,6
88,31,6
88,32,6
88,33,6
88,34,6
88,35,6
88,36,6
88,37,6
88,38,6
88,39,6
88,40,6
88,41,6
88,42,6
88,43,6
88,44,6
88,45,6
88,46,6
88,47,6
88,48,6
88,49,6
88,50,6
88,51,6
88,52,6
88,53,6
88,54,6
88,55,6
88,56,6
88,57,6
88,58,6
88,59,6
88,60,6
88,61,6
88,62,6
88,63,6
88,64,6
88,65,6
88,66,6
88,67,6
88,68,6
88,69,6
88,70,6
88,71,6
88,72,6
88,73,6
88,74,6
88,75,6
88,76,6
88,77,6
88,78,6
88,79,6
88,80,6
88,81,6
88,82,6
88,83,6
88,84,6
88,85,6
88,86,6
88,87,6
88,89,6
88,90,6
88,91,6
88,92,6
88,93,6
88,94,6
88,95,6
88,96,6
88,97,6
88,98,6
88,99,6
88,100,6
88,101,6
88,102,6
88,103,6
88,104,6
88,105,6
88,106,6
88,107,6
88,108,6
88,109,6
88,110,6
88,111,6
88,112,6
88,113,6
88,114,6
88,115,6
88,116,6
88,117,6
88,118,6
88,119,6
88,120,6
88,121,6
88,122,6
88,123,6
88,124,6
88,125,6
88,126,6
88,127,6
88,128,6
88,129,6
88,130,6
88,131,6
88,132,6
88,133,6
88,134,6
88,135,6
88,136,6
88,137,6
88,138,6
88,139,6
88,140,6
88,141,6
88,142,6
88,143,6
88,144,6
88,145,6
88,146,6
88,147,6
88,148,6
88,149,6
88,150,6
88,151,6
88,152,6
88,153,6
88,154,6
88,155,6
88,156,6
88,157,6
88,158,6
88,159,6
88,160,6
88,161,6
88,162,6
88,163,6
88,164,6
88,165,6
88,166,6
88,167,6
88,168,6
88,169,6
88,170,6
88,171,6
88,172,6
88,173,6
88,174,6
88,175,6
88,176,6
88,177,6
88,178,6
88,179,6
88,180,6
88,181,6
88,182,6
88,183,6
88,184,6
88,185,6
88,186,6
88,187,6
88,188,6
88,189,6
88,190,6
88,191,6
88,192,6
88,193,6
88,194,6
88,215,6
88,217,6
88,219,6
88,221,6
88,223,6
89,0,6
89,1,6
89,2,6
89,3,6
89,4,6
89,5,6
89,6,6
89,7,6
89,8,6
89,9,6
89,10,6
89,11,6
89,12,6
89,13,6
89,14,6
89,15,6
89,16,6
89,17,6
89,18,6
89,19,6
89,20,6
89,21,6
89,22,6
89,23,6
89,24,6
89,25,6
89,26,6
89,27,6
89,28,6
89,29,6
89,30,6
89,31,6
89,32,6
89,33,6
89,34,6
89,35,6
89,36,6
89,37,6
89,38,6
89,39,6
89,40,6
89,41,6
89,42,6
89,43,6
89,44,6
89,45,6
89,46,6
89,47,6
89,48,6
89,49,6
89,50,6
89,51,6
89,52,6
89,53,6
89,54,6
89,55,6
89,56,6
89,57,6
89,58,6
89,59,6
89,60,6
89,61,6
89,62,6
89,63,6
89,64,6
89,65,6
89,66,6
89,67,6
89,68,6
89,69,6
89,70,6
89,71,6
89,72,6
89,73,6
89,74,6
89,75,6
89,76,6
89,77,6
89,78,6
89,79,6
89,80,6
89,81,6
89,82,6
89,83,6
89,84,6
89,85,6
89,86,6
89,87,6
89,88,6
89,90,6
89,91,6
89,92,6
89,93,6
89,94,6
89,95,6
89,96,6
89,97,6
89,98,6
89,99,6
89,100,6
89,101,6
89,102,6
89,103,6
89,104,6
89,105,6
89,106,6
89,107,6
89,108,6
89,109,6
89,110,6
89,111,6
89,112,6
89,113,6
89,114,6
89,115,6
89,116,6
89,117,6
89,118,6
89,119,6
89,120,6
89,121,6
89,122,6
89,123,6
89,124,6
89,125,6
89,126,6
89,127,6
89,128,6
89,129,6
89,130,6
89,131,6
89,132,6
89,133,6
89,134,6
89,135,6
89,136,6
89,137,6
89,138,6
89,139,6
89,140,6
89,141,6
89,142,6
89,143,6
89,144,6
89,145,6
89,146,6
89,147,6
89,148,6
89,149,6
89,150,6
89,151,6
89,152,6
89,153,6
89,154,6
89,155,6
89,156,6
89,157,6
89,158,6
89,159,6
89,160,6
89,161,6
89,162,6
89,163,6
89,164,6
89,165,6
89,166,6
89,167,6
89,168,6
89,169,6
89,170,6
89,171,6
89,172,6
89,173,6
89,174,6
89,175,6
89,176,6
89,177,6
89,178,6
89,179,6
89,180,6
89,181,6
89,182,6
89,183,6
89,184,6
89,185,6
89,186,6
89,187,6
89,188,6
89,189,6
89,190,6
89,191,6
89,192,6
89,193,6
89,194,6
89,215,6
89,217,6
89,219,6
89,221,6
89,223,6
90,0,6
90,1,6
90,2,6
90,3,6
90,4,6
90,5,6
90,6,6
90,7,6
90,8,6
90,9,6
90,10,6
90,11,6
90,12,6
90,13,6
90,14,6
90,15,6
90,16,6
90,17,6
90,18,6
90,19,6
90,20,6
90,21,6
90,22,6
90,23,6
90,24,6
90,25,6
90,26,6
90,27,6
90,28,6
90,29,6
90,30,6
90,31,6
90,32,6
90,33,6
90,34,6
90,35,6
90,36,6
90,37,6
90,38,6
90,39,6
90,40,6
90,41,6
90,42,6
90,43,6
90,44,6
90,45,6
90,46,6
90,47,6
90,48,6
90,49,6
90,50,6
90,51,6
90,52,6
90,53,6
90,54,6
90,55,6
90,56,6
90,57,6
90,58,6
90,59,6
90,60,6
90,61,6
90,62,6
90,63,6
90,64,6
90,65,6
90,66,6
90,67,6
90,68,6
90,69,6
90,70,6
90,71,6
90,72,6
90,73,6
90,74,6
90,75,6
90,76,6
90,77,6
90,78,6
90,79,6
90,80,6
90,81,6
90,82,6
90,83,6
90,84,6
90,85,6
90,86,6
90,87,6
90,88,6
90,89,6
90,91,6
90,92,6
90,93,6
90,94,6
90,95,6
90,96,6
90,97,6
90,98,6
90,99,6
90,100,6
90,101,6
90,102,6
90,103,6
90,104,6
90,105,6
90,106,6
90,107,6
90,108,6
90,109,6
90,110,6
90,111,6
90,112,6
90,113,6
90,114,6
90,115,6
90,116,6
90,117,6
90,118,6
90,119,6
90,120,6
90,121,6
90,122,6
90,123,6
90,124,6
90,125,6
90,126,6
90,127,6
90,128,6
90,129,6
90,130,6
90,131,6
90,132,6
90,133,6
90,134,6
90,135,6
90,136,6
90,137,6
90,138,6
90,139,6
90,140,6
90,141,6
90,142,6
90,143,6
90,144,6
90,145,6
90,146,6
90,147,6
90,148,6
90,149,6
90,150,6
90,151,6
90,152,6
90,153,6
90,154,6
90,155,6
90,156,6
90,157,6
90,158,6
90,159,6
90,160,6
90,161,6
90,162,6
90,163,6
90,164,6
90,165,6
90,166,6
90,167,6
90,168,6
90,169,6
90,170,6
90,171,6
90,172,6
90,173,6
90,174,6
90,175,6
90,176,6
90,177,6
90,178,6
90,179,6
90,180,6
90,181,6
90,182,6
90,183,6
90,184,6
90,185,6
90,186,6
90,187,6
90,188,6
90,189,6
90,190,6
90,191,6
90,192,6
90,193,6
90,194,6
90,215,6
90,217,6
90,219,6
90,221,6
90,223,6
91,0,6
91,1,6
91,2,6
91,3,6
91,4,6
91,5,6
91,6,6
91,7,6
91,8,6
91,9,6
91,10,6
91,11,6
91,12,6
91,13,6
91,14,6
91,15,6
91,16,6
91,17,6
91,18,6
91,19,6
91,20,6
91,21,6
91,22,6
91,23,6
91,24,6
91,25,6
91,26,6
91,27,6
91,28,6
91,29,6
91,30,6
91,31,6
91,32,6
91,33,6
91,34,6
91,35,6
91,36,6
91,37,6
91,38,6
91,39,6
91,40,6
91,41,6
91,42,6
91,43,6
91,44,6
91,45,6
91,46,6
91,47,6
91,48,6
91,49,6
91,50,6
91,51,6
91,52,6
91,53,6
91,54,6
91,55,6
91,56,6
91,57,6
91,58,6
91,59,6
91,60,6
91,61,6
91,62,6
91,63,6
91,64,6
91,65,6
91,66,6
91,67,6
91,68,6
91,69,6
91,70,6
91,71,6
91,72,6
91,73,6
91,74,6
91,75,6
91,76,6
91,77,6
91,78,6
91,79,6
91,80,6
91,81,6
91,82,6
91,83,6
91,84,6
91,85,6
91,86,6
91,87,6
91,88,6
91,89,6
91,90,6
91,92,6
91,93,6
91,94,6
91,95,6
91,96,6
91,97,6
91,98,6
91,99,6
91,100,6
91,101,6
91,102,6
91,103,6
91,104,6
91,105,6
91,106,6
91,107,6
91,108,6
91,109,6
91,110,6
91,111,6
91,112,6
91,113,6
91,114,6
91,115,6
91,116,6
91,117,6
91,118,6
91,119,6
91,120,6
91,121,6
91,122,6
91,123,6
91,124,6
91,125,6
91,126,6
91,127,6
91,128,6
91,129,6
91,130,6
91,131,6
91,132,6
91,133,6
91,134,6
91,135,6
91,136,6
91,137,6
91,138,6
91,139,6
91,140,6
91,141,6
91,142,6
91,143,6
91,144,6
91,145,6
91,146,6
91,147,6
91,148,6
91,149,6
91,150,6
91,151,6
91,152,6
91,153,6
91,154,6
91,155,6
91,156,6
91,157,6
91,158,6
91,159,6
91,160,6
91,161,6
91,162,6
91,163,6
91,164,6
91,165,6
91,166,6
91,167,6
91,168,6
91,169,6
91,170,6
91,171,6
91,172,6
91,173,6
91,174,6
91,175,6
91,176,6
91,177,6
91,178,6
91,179,6
91,180,6
91,181,6
91,182,6
91,183,6
91,184,6
91,185,6
91,186,6
91,187,6
91,188,6
91,189,6
91,190,6
91,191,6
91,192,6
91,193,6
91,194,6
91,215,6
91,217,6
91,219,6
91,221,6
91,223,6
92,0,6
92,1,6
92,2,6
92,3,6
92,4,6
92,5,6
92,6,6
92,7,6
92,8,6
92,9,6
92,10,6
92,11,6
92,12,6
92,13,6
92,14,6
92,15,6
92,16,6
92,17,6
92,18,6
92,19,6
92,20,6
92,21,6
92,22,6
92,23,6
92,24,6
92,25,6
92,26,6
92,27,6
92,28,6
92,29,6
92,30,6
92,31,6
92,32,6
92,33,6
92,34,6
92,35,6
92,36,6
92,37,6
92,38,6
92,39,6
92,40,6
92,41,6
92,42,6
92,43,6
92,44,6
92,45,6
92,46,6
92,47,6
92,48,6
92,49,6
92,50,6
92,51,6
92,52,6
92,53,6
92,54,6
92,55,6
92,56,6
92,57,6
92,58,6
92,59,6
92,60,6
92,61,6
92,62,6
92,63,6
92,64,6
92,65,6
92,66,6
92,67,6
92,68,6
92,69,6
92,70,6
92,71,6
92,72,6
92,73,6
92,74,6
92,75,6
92,76,6
92,77,6
92,78,6
92,79,6
92,80,6
92,81,6
92,82,6
92,83,6
92,84,6
92,85,6
92,86,6
92,87,6
92,88,6
92,89,6
92,90,6
92,91,6
92,93,6
92,94,6
92,95,6
92,96,6
92,97,6
92,98,6
92,99,6
92,100,6
92,101,6
92,102,6
92,103,6
92,104,6
92,105,6
92,106,6
92,107,6
92,108,6
92,109,6
92,110,6
92,111,6
92,112,6
92,113,6
92,114,6
92,115,6
92,116,6
92,117,6
92,118,6
92,119,6
92,120,6
92,121,6
92,122,6
92,123,6
92,124,6
92,125,6
92,126,6
92,127,6
92,128,6
92,129,6
92,130,6
92,131,6
92,132,6
92,133,6
92,134,6
92,135,6
92,136,6
92,137,6
92,138,6
92,139,6
92,140,6
92,141,6
92,142,6
92,143,6
92,144,6
92,145,6
92,146,6
92,147,6
92,148,6
92,149,6
92,150,6
92,151,6
92,152,6
92,153,6
92,154,6
92,155,6
92,156,6
92,157,6
92,158,6
92,159,6
92,160,6
92,161,6
92,162,6
92,163,6
92,164,6
92,165,6
92,166,6
92,167,6
92,168,6
92,169,6
92,170,6
92,171,6
92,172,6
92,173,6
92,174,6
92,175,6
92,176,6
92,177,6
92,178,6
92,179,6
92,180,6
92,181,6
92,182,6
92,183,6
92,184,6
92,185,6
92,186,6
92,187,6
92,188,6
92,189,6
92,190,6
92,191,6
92,192,6
92,193,6
92,194,6
92,215,6
92,217,6
92,219,6
92,221,6
92,223,6
93,0,6
93,1,6
93,2,6
93,3,6
93,4,6
93,5,6
93,6,6
93,7,6
93,8,6
93,9,6
93,10,6
93,11,6
93,12,6
93,13,6
93,14,6
93,15,6
93,16,6
93,17,6
93,18,6
93,19,6
93,20,6
93,21,6
93,22,6
93,23,6
93,24,6
93,25,6
93,26,6
93,27,6
93,28,6
93,29,6
93,30,6
93,31,6
93,32,6
93,33,6
93,34,6
93,35,6
93,36,6
93,37,6
93,38,6
93,39,6
93,40,6
93,41,6
93,42,6
93,43,6
93,44,6
93,45,6
93,46,6
93,47,6
93,48,6
93,49,6
93,50,6
93,51,6
93,52,6
93,53,6
93,54,6
93,55,6
93,56,6
93,57,6
93,58,6
93,59,6
93,60,6
93,61,6
93,62,6
93,63,6
93,64,6
93,65,6
93,66,6
93,67,6
93,68,6
93,69,6
93,70,6
93,71,6
93,72,6
93,73,6
93,74,6
93,75,6
93,76,6
93,77,6
93,78,6
93,79,6
93,80,6
93,81,6
93,82,6
93,83,6
93,84,6
93,85,6
93,86,6
93,87,6
93,88,6
93,89,6
93,90,6
93,91,6
93,92,6
93,94,6
93,95,6
93,96,6
93,97,6
93,98,6
93,99,6
93,100,6
93,101,6
93,102,6
93,103,6
93,104,6
93,105,6
93,106,6
93,107,6
93,108,6
93,109,6
93,110,6
93,111,6
93,112,6
93,113,6
93,114,6
93,115,6
93,116,6
93,117,6
93,118,6
93,119,6
93,120,6
93,121,6
93,122,6
93,123,6
93,124,6
93,125,6
93,126,6
93,127,6
93,128,6
93,129,6
93,130,6
93,131,6
93,132,6
93,133,6
93,134,6
93,135,6
93,136,6
93,137,6
93,138,6
93,139,6
93,140,6
93,141,6
93,142,6
93,143,6
93,144,6
93,145,6
93,146,6
93,147,6
93,148,6
93,149,6
93,150,6
93,151,6
93,152,6
93,153,6
93,154,6
93,155,6
93,156,6
93,157,6
93,158,6
93,159,6
93,160,6
93,161,6
93,162,6
93,163,6
93,164,6
93,165,6
93,166,6
93,167,6
93,168,6
93,169,6
93,170,6
93,171,6
93,172,6
93,173,6
93,174,6
93,175,6
93,176,6
93,177,6
93,178,6
93,179,6
93,180,6
93,181,6
93,182,6
93,183,6
93,184,6
93,185,6
93,186,6
93,187,6
93,188,6
93,189,6
93,190,6
93,191,6
93,192,6
93,193,6
93,194,6
93,215,6
93,217,6
93,219,6
93,221,6
93,223,6
94,0,6
94,1,6
94,2,6
94,3,6
94,4,6
94,5,6
94,6,6
94,7,6
94,8,6
94,9,6
94,10,6
94,11,6
94,12,6
94,13,6
94,14,6
94,15,6
94,16,6
94,17,6
94,18,6
94,19,6
94,20,6
94,21,6
94,22,6
94,23,6
94,24,6
94,25,6
94,26,6
94,27,6
94,28,6
94,29,6
94,30,6
94,31,6
94,32,6
94,33,6
94,34,6
94,35,6
94,36,6
94,37,6
94,38,6
94,39,6
94,40,6
94,41,6
94,42,6
94,43,6
94,44,6
94,45,6
94,46,6
94,47,6
94,48,6
94,49,6
94,50,6
94,51,6
94,52,6
94,53,6
94,54,6
94,55,6
94,56,6
94,57,6
94,58,6
94,59,6
94,60,6
94,61,6
94,62,6
94,63,6
94,64,6
94,65,6
94,66,6
94,67,6
94,68,6
94,69,6
94,70,6
94,71,6
94,72,6
94,73,6
94,74,6
94,75,6
94,76,6
94,77,6
94,78,6
94,79,6
94,80,6
94,81,6
94,82,6
94,83,6
94,84,6
94,85,6
94,86,6
94,87,6
94,88,6
94,89,6
94,90,6
94,91,6
94,92,6
94,93,6
94,95,6
94,96,6
94,97,6
94,98,6
94,99,6
94,100,6
94,101,6
94,102,6
94,103,6
94,104,6
94,105,6
94,106,6
94,107,6
94,108,6
94,109,6
94,110,6
94,111,6
94,112,6
94,113,6
94,114,6
94,115,6
94,116,6
94,117,6
94,118,6
94,119,6
94,120,6
94,121,6
94,122,6
94,123,6
94,124,6
94,125,6
94,126,6
94,127,6
94,128,6
94,129,6
94,130,6
94,131,6
94,132,6
94,133,6
94,134,6
94,135,6
94,136,6
94,137,6
94,138,6
94,139,6
94,140,6
94,141,6
94,142,6
94,143,6
94,144,6
94,145,6
94,146,6
94,147,6
94,148,6
94,149,6
94,150,6
94,151,6
94,152,6
94,153,6
94,154,6
94,155,6
94,156,6
94,157,6
94,158,6
94,159,6
94,160,6
94,161,6
94,162,6
94,163,6
94,164,6
94,165,6
94,166,6
94,167,6
94,168,6
94,169,6
94,170,6
94,171,6
94,172,6
94,173,6
94,174,6
94,175,6
94,176,6
94,177,6
94,178,6
94,179,6
94,180,6
94,181,6
94,182,6
94,183,6
94,184,6
94,185,6
94,186,6
94,187,6
94,188,6
94,189,6
94,190,6
94,191,6
94,192,6
94,193,6
94,194,6
94,215,6
94,217,6
94,219,6
94,221,6
94,223,6
95,0,6
95,1,6
95,2,6
95,3,6
95,4,6
95,5,6
95,6,6
95,7,6
95,8,6
95,9,6
95,10,6
95,11,6
95,12,6
95,13,6
95,14,6
95,15,6
95,16,6
95,17,6
95,18,6
95,19,6
95,20,6
95,21,6
95,22,6
95,23,6
95,24,6
95,25,6
95,26,6
95,27,6
95,28,6
95,29,6
95,30,6
95,31,6
95,32,6
95,33,6
95,34,6
95,35,6
95,36,6
95,37,6
95,38,6
95,39,6
95,40,6
95,41,6
95,42,6
95,43,6
95,44,6
95,45,6
95,46,6
95,47,6
95,48,6
95,49,6
95,50,6
95,51,6
95,52,6
95,53,6
95,54,6
95,55,6
95,56,6
95,57,6
95,58,6
95,59,6
95,60,6
95,61,6
95,62,6
95,63,6
95,64,6
95,65,6
95,66,6
95,67,6
95,68,6
95,69,6
95,70,6
95,71,6
95,72,6
95,73,6
95,74,6
95,75,6
95,76,6
95,77,6
95,78,6
95,79,6
95,80,6
95,81,6
95,82,6
95,83,6
95,84,6
95,85,6
95,86,6
95,87,6
95,88,6
95,89,6
95,90,6
95,91,6
95,92,6
95,93,6
95,94,6
95,96,6
95,97,6
95,98,6
95,99,6
95,100,6
95,101,6
95,102,6
95,103,6
95,104,6
95,105,6
95,106,6
95,107,6
95,108,6
95,109,6
95,110,6
95,111,6
95,112,6
95,113,6
95,114,6
95,115,6
95,116,6
95,117,6
95,118,6
95,119,6
95,120,6
95,121,6
95,122,6
95,123,6
95,124,6
95,125,6
95,126,6
95,127,6
95,128,6
95,129,6
95,130,6
95,131,6
95,132,6
95,133,6
95,134,6
95,135,6
95,136,6
95,137,6
95,138,6
95,139,6
95,140,6
95,141,6
95,142,6
95,143,6
95,144,6
95,145,6
95,146,6
95,147,6
95,148,6
95,149,6
95,150,6
95,151,6
95,152,6
95,153,6
95,154,6
95,155,6
95,156,6
95,157,6
95,158,6
95,159,6
95,160,6
95,161,6
95,162,6
95,163,6
95,164,6
95,165,6
95,166,6
95,167,6
95,168,6
95,169,6
95,170,6
95,171,6
95,172,6
95,173,6
95,174,6
95,175,6
95,176,6
95,177,6
95,178,6
95,179,6
95,180,6
95,181,6
95,182,6
95,183,6
95,184,6
95,185,6
95,186,6
95,187,6
95,188,6
95,189,6
95,190,6
95,191,6
95,192,6
95,193,6
95,194,6
95,215,6
95,217,6
95,219,6
95,221,6
95,223,6
96,0,6
96,1,6
96,2,6
96,3,6
96,4,6
96,5,6
96,6,6
96,7,6
96,8,6
96,9,6
96,10,6
96,11,6
96,12,6
96,13,6
96,14,6
96,15,6
96,16,6
96,17,6
96,18,6
96,19,6
96,20,6
96,21,6
96,22,6
96,23,6
96,24,6
96,25,6
96,26,6
96,27,6
96,28,6
96,29,6
96,30,6
96,31,6
96,32,6
96,33,6
96,34,6
96,35,6
96,36,6
96,37,6
96,38,6
96,39,6
96,40,6
96,41,6
96,42,6
96,43,6
96,44,6
96,45,6
96,46,6
96,47,6
96,48,6
96,49,6
96,50,6
96,51,6
96,52,6
96,53,6
96,54,6
96,55,6
96,56,6
96,57,6
96,58,6
96,59,6
96,60,6
96,61,6
96,62,6
96,63,6
96,64,6
96,65,6
96,66,6
96,67,6
96,68,6
96,69,6
96,70,6
96,71,6
96,72,6
96,73,6
96,74,6
96,75,6
96,76,6
96,77,6
96,78,6
96,79,6
96,80,6
96,81,6
96,82,6
96,83,6
96,84,6
96,85,6
96,86,6
96,87,6
96,88,6
96,89,6
96,90,6
96,91,6
96,92,6
96,93,6
96,94,6
96,95,6
96,97,6
96,98,6
96,99,6
96,100,6
96,101,6
96,102,6
96,103,6
96,104,6
96,105,6
96,106,6
96,107,6
96,108,6
96,109,6
96,110,6
96,111,6
96,112,6
96,113,6
96,114,6
96,115,6
96,116,6
96,117,6
96,118,6
96,119,6
96,120,6
96,121,6
96,122,6
96,123,6
96,124,6
96,125,6
96,126,6
96,127,6
96,128,6
96,129,6
96,130,6
96,131,6
96,132,6
96,133,6
96,134,6
96,135,6
96,136,6
96,137,6
96,138,6
96,139,6
96,140,6
96,141,6
96,142,6
96,143,6
96,144,6
96,145,6
96,146,6
96,147,6
96,148,6
96,149,6
96,150,6
96,151,6
96,152,6
96,153,6
96,154,6
96,155,6
96,156,6
96,157,6
96,158,6
96,159,6
96,160,6
96,161,6
96,162,6
96,163,6
96,164,6
96,165,6
96,166,6
96,167,6
96,168,6
96,169,6
96,170,6
96,171,6
96,172,6
96,173,6
96,174,6
96,175,6
96,176,6
96,177,6
96,178,6
96,179,6
96,180,6
96,181,6
96,182,6
96,183,6
96,184,6
96,185,6
96,186,6
96,187,6
96,188,6
96,189,6
96,190,6
96,191,6
96,192,6
96,193,6
96,194,6
96,215,6
96,217,6
96,219,6
96,221,6
96,223,6
97,0,6
97,1,6
97,2,6
97,3,6
97,4,6
97,5,6
97,6,6
97,7,6
97,8,6
97,9,6
97,10,6
97,11,6
97,12,6
97,13,6
97,14,6
97,15,6
97,16,6
97,17,6
97,18,6
97,19,6
97,20,6
97,21,6
97,22,6
97,23,6
97,24,6
97,25,6
97,26,6
97,27,6
97,28,6
97,29,6
97,30,6
97,31,6
97,32,6
97,33,6
97,34,6
97,35,6
97,36,6
97,37,6
97,38,6
97,39,6
97,40,6
97,41,6
97,42,6
97,43,6
97,44,6
97,45,6
97,46,6
97,47,6
97,48,6
97,49,6
97,50,6
97,51,6
97,52,6
97,53,6
97,54,6
97,55,6
97,56,6
97,57,6
97,58,6
97,59,6
97,60,6
97,61,6
97,62,6
97,63,6
97,64,6
97,65,6
97,66,6
97,67,6
97,68,6
97,69,6
97,70,6
97,71,6
97,72,6
97,73,6
97,74,6
97,75,6
97,76,6
97,77,6
97,78,6
97,79,6
97,80,6
97,81,6
97,82,6
97,83,6
97,84,6
97,85,6
97,86,6
97,87,6
97,88,6
97,89,6
97,90,6
97,91,6
97,92,6
97,93,6
97,94,6
97,95,6
97,96,6
97,98,6
97,99,6
97,100,6
97,101,6
97,102,6
97,103,6
97,104,6
97,105,6
97,106,6
97,107,6
97,108,6
97,109,6
97,110,6
97,111,6
97,112,6
97,113,6
97,114,6
97,115,6
97,116,6
97,117,6
97,118,6
97,119,6
97,120,6
97,121,6
97,122,6
97,123,6
97,124,6
97,125,6
97,126,6
97,127,6
97,128,6
97,129,6
97,130,6
97,131,6
97,132,6
97,133,6
97,134,6
97,135,6
97,136,6
97,137,6
97,138,6
97,139,6
97,140,6
97,141,6
97,142,6
97,143,6
97,144,6
97,145,6
97,146,6
97,147,6
97,148,6
97,149,6
97,150,6
97,151,6
97,152,6
97,153,6
97,154,6
97,155,6
97,156,6
97,157,6
97,158,6
97,159,6
97,160,6
97,161,6
97,162,6
97,163,6
97,164,6
97,165,6
97,166,6
97,167,6
97,168,6
97,169,6
97,170,6
97,171,6
97,172,6
97,173,6
97,174,6
97,175,6
97,176,6
97,177,6
97,178,6
97,179,6
97,180,6
97,181,6
97,182,6
97,183,6
97,184,6
97,185,6
97,186,6
97,187,6
97,188,6
97,189,6
97,190,6
97,191,6
97,192,6
97,193,6
97,194,6
97,215,6
97,217,6
97,219,6
97,221,6
97,223,6
98,0,6
98,1,6
98,2,6
98,3,6
98,4,6
98,5,6
98,6,6
98,7,6
98,8,6
98,9,6
98,10,6
98,11,6
98,12,6
98,13,6
98,14,6
98,15,6
98,16,6
98,17,6
98,18,6
98,19,6
98,20,6
98,21,6
98,22,6
98,23,6
98,24,6
98,25,6
98,26,6
98,27,6
98,28,6
98,29,6
98,30,6
98,31,6
98,32,6
98,33,6
98,34,6
98,35,6
98,36,6
98,37,6
98,38,6
98,39,6
98,40,6
98,41,6
98,42,6
98,43,6
98,44,6
98,45,6
98,46,6
98,47,6
98,48,6
98,49,6
98,50,6
98,51,6
98,52,6
98,53,6
98,54,6
98,55,6
98,56,6
98,57,6
98,58,6
98,59,6
98,60,6
98,61,6
98,62,6
98,63,6
98,64,6
98,65,6
98,66,6
98,67,6
98,68,6
98,69,6
98,70,6
98,71,6
98,72,6
98,73,6
98,74,6
98,75,6
98,76,6
98,77,6
98,78,6
98,79,6
98,80,6
98,81,6
98,82,6
98,83,6
98,84,6
98,85,6
98,86,6
98,87,6
98,88,6
98,89,6
98,90,6
98,91,6
98,92,6
98,93,6
98,94,6
98,95,6
98,96,6
98,97,6
98,99,6
98,100,6
98,101,6
98,102,6
98,103,6
98,104,6
98,105,6
98,106,6
98,107,6
98,108,6
98,109,6
98,110,6
98,111,6
98,112,6
98,113,6
98,114,6
98,115,6
98,116,6
98,117,6
98,118,6
98,119,6
98,120,6
98,121,6
98,122,6
98,123,6
98,124,6
98,125,6
98,126,6
98,127,6
98,128,6
98,129,6
98,130,6
98,131,6
98,132,6
98,133,6
98,134,6
98,135,6
98,136,6
98,137,6
98,138,6
98,139,6
98,140,6
98,141,6
98,142,6
98,143,6
98,144,6
98,145,6
98,146,6
98,147,6
98,148,6
98,149,6
98,150,6
98,151,6
98,152,6
98,153,6
98,154,6
98,155,6
98,156,6
98,157,6
98,158,6
98,159,6
98,160,6
98,161,6
98,162,6
98,163,6
98,164,6
98,165,6
98,166,6
98,167,6
98,168,6
98,169,6
98,170,6
98,171,6
98,172,6
98,173,6
98,174,6
98,175,6
98,176,6
98,177,6
98,178,6
98,179,6
98,180,6
98,181,6
98,182,6
98,183,6
98,184,6
98,185,6
98,186,6
98,187,6
98,188,6
98,189,6
98,190,6
98,191,6
98,192,6
98,193,6
98,194,6
98,215,6
98,217,6
98,219,6
98,221,6
98,223,6
99,0,7
99,1,7
99,2,7
99,3,7
99,4,7
99,5,7
99,6,7
99,7,7
99,8,7
99,9,7
99,10,7
99,11,7
99,12,7
99,13,7
99,14,7
99,15,7
99,16,7
99,17,7
99,18,7
99,19,7
99,20,7
99,21,7
99,22,7
99,23,7
99,24,7
99,25,7
99,26,7
99,27,7
99,28,7
99,29,7
99,30,7
99,31,7
99,32,7
99,33,7
99,34,7
99,35,7
99,36,7
99,37,7
99,38,7
99,39,7
99,40,7
99,41,7
99,42,7
99,43,7
99,44,7
99,45,7
99,46,7
99,47,7
99,48,7
99,49,7
99,50,7
99,51,7
99,52,7
99,53,7
99,54,7
99,55,7
99,56,7
99,57,7
99,58,7
99,59,7
99,60,7
99,61,7
99,62,7
99,63,7
99,64,7
99,65,7
99,66,7
99,67,7
99,68,7
99,69,7
99,70,7
99,71,7
99,72,7
99,73,7
99,74,7
99,75,7
99,76,7
99,77,7
99,78,7
99,79,7
99,80,7
99,81,7
99,82,7
99,83,7
99,84,7
99,85,7
99,86,7
99,87,7
99,88,7
99,89,7
99,90,7
99,91,7
99,92,7
99,93,7
99,94,7
99,95,7
99,96,7
99,97,7
99,98,7
99,100,7
99,101,7
99,102,7
99,103,7
99,104,7
99,105,7
99,106,7
99,107,7
99,108,7
99,109,7
99,110,7
99,111,7
99,112,7
99,113,7
99,114,7
99,115,7
99,116,7
99,117,7
99,118,7
99,119,7
99,120,7
99,121,7
99,122,7
99,123,7
99,124,7
99,125,7
99,126,7
99,127,7
99,128,7
99,129,7
99,130,7
99,131,7
99,132,7
99,133,7
99,134,7
99,135,7
99,136,7
99,137,7
99,138,7
99,139,7
99,140,7
99,141,7
99,142,7
99,143,7
99,144,7
99,145,7
99,146,7
99,147,7
99,148,7
99,149,7
99,150,7
99,151,7
99,152,7
99,153,7
99,154,7
99,155,7
99,156,7
99,157,7
99,158,7
99,159,7
99,160,7
99,161,7
99,162,7
99,163,7
99,164,7
99,165,7
99,166,7
99,167,7
99,168,7
99,169,7
99,170,7
99,171,7
99,172,7
99,173,7
99,174,7
99,175,7
99,176,7
99,177,7
99,178,7
99,179,7
99,180,7
99,181,7
99,182,7
99,183,7
99,184,7
99,185,7
99,186,7
99,187,7
99,188,7
99,189,7
99,190,7
99,191,7
99,192,7
99,193,7
99,194,7
99,215,7
99,217,7
99,219,7
99,221,7
99,223,7
100,0,7
100,1,7
100,2,7
100,3,7
100,4,7
100,5,7
100,6,7
100,7,7
100,8,7
100,9,7
100,10,7
100,11,7
100,12,7
100,13,7
100,14,7
100,15,7
100,16,7
100,17,7
100,18,7
100,19,7
100,20,7
100,21,7
100,22,7
100,23,7
100,24,7
100,25,7
100,26,7
100,27,7
100,28,7
100,29,7
100,30,7
100,31,7
100,32,7
100,33,7
100,34,7
100,35,7
100,36,7
100,37,7
100,38,7
100,39,7
100,40,7
100,41,7
100,42,7
100,43,7
100,44,7
100,45,7
100,46,7
100,47,7
100,48,7
100,49,7
100,50,7
100,51,7
100,52,7
100,53,7
100,54,7
100,55,7
100,56,7
100,57,7
100,58,7
100,59,7
100,60,7
100,61,7
100,62,7
100,63,7
100,64,7
100,65,7
100,66,7
100,67,7
100,68,7
100,69,7
100,70,7
100,71,7
100,72,7
100,73,7
100,74,7
100,75,7
100,76,7
100,77,7
100,78,7
100,79,7
100,80,7
100,81,7
100,82,7
100,83,7
100,84,7
100,85,7
100,86,7
100,87,7
100,88,7
100,89,7
100,90,7
100,91,7
100,92,7
100,93,7
100,94,7
100,95,7
100,96,7
100,97,7
100,98,7
100,99,7
100,101,7
100,102,7
100,103,7
100,104,7
100,105,7
100,106,7
100,107,7
100,108,7
100,109,7
100,110,7
100,111,7
100,112,7
100,113,7
100,114,7
100,115,7
100,116,7
100,117,7
100,118,7
100,119,7
100,120,7
100,121,7
100,122,7
100,123,7
100,124,7
100,125,7
100,126,7
100,127,7
100,128,7
100,129,7
100,130,7
100,131,7
100,132,7
100,133,7
100,134,7
100,135,7
100,136,7
100,137,7
100,138,7
100,139,7
100,140,7
100,141,7
100,142,7
100,143,7
100,144,7
100,145,7
100,146,7
100,147,7
100,148,7
100,149,7
100,150,7
100,151,7
100,152,7
100,153,7
100,154,7
100,155,7
100,156,7
100,157,7
100,158,7
100,159,7
100,160,7
100,161,7
100,162,7
100,163,7
100,164,7
100,165,7
100,166,7
100,167,7
100,168,7
100,169,7
100,170,7
100,171,7
100,172,7
100,173,7
100,174,7
100,175,7
100,176,7
100,177,7
100,178,7
100,179,7
100,180,7
100,181,7
100,182,7
100,183,7
100,184,7
100,185,7
100,186,7
100,187,7
100,188,7
100,189,7
100,190,7
100,191,7
100,192,7
100,193,7
100,194,7
100,215,7
100,217,7
100,219,7
100,221,7
100,223,7
101,0,7
101,1,7
101,2,7
101,3,7
101,4,7
101,5,7
101,6,7
101,7,7
101,8,7
101,9,7
101,10,7
101,11,7
101,12,7
101,13,7
101,14,7
101,15,7
101,16,7
101,17,7
101,18,7
101,19,7
101,20,7
101,21,7
101,22,7
101,23,7
101,24,7
101,25,7
101,26,7
101,27,7
101,28,7
101,29,7
101,30,7
101,31,7
101,32,7
101,33,7
101,34,7
101,35,7
101,36,7
101,37,7
101,38,7
101,39,7
101,40,7
101,41,7
101,42,7
101,43,7
101,44,7
101,45,7
101,46,7
101,47,7
101,48,7
101,49,7
101,50,7
101,51,7
101,52,7
101,53,7
101,54,7
101,55,7
101,56,7
101,57,7
101,58,7
101,59,7
101,60,7
101,61,7
101,62,7
101,63,7
101,64,7
101,65,7
101,66,7
101,67,7
101,68,7
101,69,7
101,70,7
101,71,7
101,72,7
101,73,7
101,74,7
101,75,7
101,76,7
101,77,7
101,78,7
101,79,7
101,80,7
101,81,7
101,82,7
101,83,7
101,84,7
101,85,7
101,86,7
101,87,7
101,88,7
101,89,7
101,90,7
101,91,7
101,92,7
101,93,7
101,94,7
101,95,7
101,96,7
101,97,7
101,98,7
101,99,7
101,100,7
101,102,7
101,103,7
101,104,7
101,105,7
101,106,7
101,107,7
101,108,7
101,109,7
101,110,7
101,111,7
101,112,7
101,113,7
101,114,7
101,115,7
101,116,7
101,117,7
101,118,7
101,119,7
101,120,7
101,121,7
101,122,7
101,123,7
101,124,7
101,125,7
101,126,7
101,127,7
101,128,7
101,129,7
101,130,7
101,131,7
101,132,7
101,133,7
101,134,7
101,135,7
101,136,7
101,137,7
101,138,7
101,139,7
101,140,7
101,141,7
101,142,7
101,143,7
101,144,7
101,145,7
101,146,7
101,147,7
101,148,7
101,149,7
101,150,7
101,151,7
101,152,7
101,153,7
101,154,7
101,155,7
101,156,7
101,157,7
101,158,7
101,159,7
101,160,7
101,161,7
101,162,7
101,163,7
101,164,7
101,165,7
101,166,7
101,167,7
101,168,7
101,169,7
101,170,7
101,171,7
101,172,7
101,173,7
101,174,7
101,175,7
101,176,7
101,177,7
101,178,7
101,179,7
101,180,7
101,181,7
101,182,7
101,183,7
101,184,7
101,185,7
101,186,7
101,187,7
101,188,7
101,189,7
101,190,7
101,191,7
101,192,7
101,193,7
101,194,7
101,215,7
101,217,7
101,219,7
101,221,7
101,223,7
102,0,7
102,1,7
102,2,7
102,3,7
102,4,7
102,5,7
102,6,7
102,7,7
102,8,7
102,9,7
102,10,7
102,11,7
102,12,7
102,13,7
102,14,7
102,15,7
102,16,7
102,17,7
102,18,7
102,19,7
102,20,7
102,21,7
102,22,7
102,23,7
102,24,7
102,25,7
102,26,7
102,27,7
102,28,7
102,29,7
102,30,7
102,31,7
102,32,7
102,33,7
102,34,7
102,35,7
102,36,7
102,37,7
102,38,7
102,39,7
102,40,7
102,41,7
102,42,7
102,43,7
102,44,7
102,45,7
102,46,7
102,47,7
102,48,7
102,49,7
102,50,7
102,51,7
102,52,7
102,53,7
102,54,7
102,55,7
102,56,7
102,57,7
102,58,7
102,59,7
102,60,7
102,61,7
102,62,7
102,63,7
102,64,7
102,65,7
102,66,7
102,67,7
102,68,7
102,69,7
102,70,7
102,71,7
102,72,7
102,73,7
102,74,7
102,75,7
102,76,7
102,77,7
102,78,7
102,79,7
102,80,7
102,81,7
102,82,7
102,83,7
102,84,7
102,85,7
102,86,7
102,87,7
102,88,7
102,89,7
102,90,7
102,91,7
102,92,7
102,93,7
102,94,7
102,95,7
102,96,7
102,97,7
102,98,7
102,99,7
102,100,7
102,101,7
102,103,7
102,104,7
102,105,7
102,106,7
102,107,7
102,108,7
102,109,7
102,110,7
102,111,7
102,112,7
102,113,7
102,114,7
102,115,7
102,116,7
102,117,7
102,118,7
102,119,7
102,120,7
102,121,7
102,122,7
102,123,7
102,124,7
102,125,7
102,126,7
102,127,7
102,128,7
102,129,7
102,130,7
102,131,7
102,132,7
102,133,7
102,134,7
102,135,7
102,136,7
102,137,7
102,138,7
102,139,7
102,140,7
102,141,7
102,142,7
102,143,7
102,144,7
102,145,7
102,146,7
102,147,7
102,148,7
102,149,7
102,150,7
102,151,7
102,152,7
102,153,7
102,154,7
102,155,7
102,156,7
102,157,7
102,158,7
102,159,7
102,160,7
102,161,7
102,162,7
102,163,7
102,164,7
102,165,7
102,166,7
102,167,7
102,168,7
102,169,7
102,170,7
102,171,7
102,172,7
102,173,7
102,174,7
102,175,7
102,176,7
102,177,7
102,178,7
102,179,7
102,180,7
102,181,7
102,182,7
102,183,7
102,184,7
102,185,7
102,186,7
102,187,7
102,188,7
102,189,7
102,190,7
102,191,7
102,192,7
102,193,7
102,194,7
102,215,7
102,217,7
102,219,7
102,221,7
102,223,7
103,0,7
103,1,7
103,2,7
103,3,7
103,4,7
103,5,7
103,6,7
103,7,7
103,8,7
103,9,7
103,10,7
103,11,7
103,12,7
103,13,7
103,14,7
103,15,7
103,16,7
103,17,7
103,18,7
103,19,7
103,20,7
103,21,7
103,22,7
103,23,7
103,24,7
103,25,7
103,26,7
103,27,7
103,28,7
103,29,7
103,30,7
103,31,7
103,32,7
103,33,7
103,34,7
103,35,7
103,36,7
103,37,7
103,38,7
103,39,7
103,40,7
103,41,7
103,42,7
103,43,7
103,44,7
103,45,7
103,46,7
103,47,7
103,48,7
103,49,7
103,50,7
103,51,7
103,52,7
103,53,7
103,54,7
103,55,7
103,56,7
103,57,7
103,58,7
103,59,7
103,60,7
103,61,7
103,62,7
103,63,7
103,64,7
103,65,7
103,66,7
103,67,7
103,68,7
103,69,7
103,70,7
103,71,7
103,72,7
103,73,7
103,74,7
103,75,7
103,76,7
103,77,7
103,78,7
103,79,7
103,80,7
103,81,7
103,82,7
103,83,7
103,84,7
103,85,7
103,86,7
103,87,7
103,88,7
103,89,7
103,90,7
103,91,7
103,92,7
103,93,7
103,94,7
103,95,7
103,96,7
103,97,7
103,98,7
103,99,7
103,100,7
103,101,7
103,102,7
103,104,7
103,105,7
103,106,7
103,107,7
103,108,7
103,109,7
103,110,7
103,111,7
103,112,7
103,113,7
103,114,7
103,115,7
103,116,7
103,117,7
103,118,7
103,119,7
103,120,7
103,121,7
103,122,7
103,123,7
103,124,7
103,125,7
103,126,7
103,127,7
103,128,7
103,129,7
103,130,7
103,131,7
103,132,7
103,133,7
103,134,7
103,135,7
103,136,7
103,137,7
103,138,7
103,139,7
103,140,7
103,141,7
103,142,7
103,143,7
103,144,7
103,145,7
103,146,7
103,147,7
103,148,7
103,149,7
103,150,7
103,151,7
103,152,7
103,153,7
103,154,7
103,155,7
103,156,7
103,157,7
103,158,7
103,159,7
103,160,7
103,161,7
103,162,7
103,163,7
103,164,7
103,165,7
103,166,7
103,167,7
103,168,7
103,169,7
103,170,7
103,171,7
103,172,7
103,173,7
103,174,7
103,175,7
103,176,7
103,177,7
103,178,7
103,179,7
103,180,7
103,181,7
103,182,7
103,183,7
103,184,7
103,185,7
103,186,7
103,187,7
103,188,7
103,189,7
103,190,7
103,191,7
103,192,7
103,193,7
103,194,7
103,215,7
103,217,7
103,219,7
103,221,7
103,223,7
104,0,7
104,1,7
104,2,7
104,3,7
104,4,7
104,5,7
104,6,7
104,7,7
104,8,7
104,9,7
104,10,7
104,11,7
104,12,7
104,13,7
104,14,7
104,15,7
104,16,7
104,17,7
104,18,7
104,19,7
104,20,7
104,21,7
104,22,7
104,23,7
104,24,7
104,25,7
104,26,7
104,27,7
104,28,7
104,29,7
104,30,7
104,31,7
104,32,7
104,33,7
104,34,7
104,35,7
104,36,7
104,37,7
104,38,7
104,39,7
104,40,7
104,41,7
104,42,7
104,43,7
104,44,7
104,45,7
104,46,7
104,47,7
104,48,7
104,49,7
104,50,7
104,51,7
104,52,7
104,53,7
104,54,7
104,55,7
104,56,7
104,57,7
104,58,7
104,59,7
104,60,7
104,61,7
104,62,7
104,63,7
104,64,7
104,65,7
104,66,7
104,67,7
104,68,7
104,69,7
104,70,7
104,71,7
104,72,7
104,73,7
104,74,7
104,75,7
104,76,7
104,77,7
104,78,7
104,79,7
104,80,7
104,81,7
104,82,7
104,83,7
104,84,7
104,85,7
104,86,7
104,87,7
104,88,7
104,89,7
104,90,7
104,91,7
104,92,7
104,93,7
104,94,7
104,95,7
104,96,7
104,97,7
104,98,7
104,99,7
104,100,7
104,101,7
104,102,7
104,103,7
104,105,7
104,106,7
104,107,7
104,108,7
104,109,7
104,110,7
104,111,7
104,112,7
104,113,7
104,114,7
104,115,7
104,116,7
104,117,7
104,118,7
104,119,7
104,120,7
104,121,7
104,122,7
104,123,7
104,124,7
104,125,7
104,126,7
104,127,7
104,128,7
104,129,7
104,130,7
104,131,7
104,132,7
104,133,7
104,134,7
104,135,7
104,136,7
104,137,7
104,138,7
104,139,7
104,140,7
104,141,7
104,142,7
104,143,7
104,144,7
104,145,7
104,146,7
104,147,7
104,148,7
104,149,7
104,150,7
104,151,7
104,152,7
104,153,7
104,154,7
104,155,7
104,156,7
104,157,7
104,158,7
104,159,7
104,160,7
104,161,7
104,162,7
104,163,7
104,164,7
104,165,7
104,166,7
104,167,7
104,168,7
104,169,7
104,170,7
104,171,7
104,172,7
104,173,7
104,174,7
104,175,7
104,176,7
104,177,7
104,178,7
104,179,7
104,180,7
104,181,7
104,182,7
104,183,7
104,184,7
104,185,7
104,186,7
104,187,7
104,188,7
104,189,7
104,190,7
104,191,7
104,192,7
104,193,7
104,194,7
104,215,7
104,217,7
104,219,7
104,221,7
104,223,7
105,0,7
105,1,7
105,2,7
105,3,7
105,4,7
105,5,7
105,6,7
105,7,7
105,8,7
105,9,7
105,10,7
105,11,7
105,12,7
105,13,7
105,14,7
105,15,7
105,16,7
105,17,7
105,18,7
105,19,7
105,20,7
105,21,7
105,22,7
105,23,7
105,24,7
105,25,7
105,26,7
105,27,7
105,28,7
105,29,7
105,30,7
105,31,7
105,32,7
105,33,7
105,34,7
105,35,7
105,36,7
105,37,7
105,38,7
105,39,7
105,40,7
105,41,7
105,42,7
105,43,7
105,44,7
105,45,7
105,46,7
105,47,7
105,48,7
105,49,7
105,50,7
105,51,7
105,52,7
105,53,7
105,54,7
105,55,7
105,56,7
105,57,7
105,58,7
105,59,7
105,60,7
105,61,7
105,62,7
105,63,7
105,64,7
105,65,7
105,66,7
105,67,7
105,68,7
105,69,7
105,70,7
105,71,7
105,72,7
105,73,7
105,74,7
105,75,7
105,76,7
105,77,7
105,78,7
105,79,7
105,80,7
105,81,7
105,82,7
105,83,7
105,84,7
105,85,7
105,86,7
105,87,7
105,88,7
105,89,7
105,90,7
105,91,7
105,92,7
105,93,7
105,94,7
105,95,7
105,96,7
105,97,7
105,98,7
105,99,7
105,100,7
105,101,7
105,102,7
105,103,7
105,104,7
105,106,7
105,107,7
105,108,7
105,109,7
105,110,7
105,111,7
105,112,7
105,113,7
105,114,7
105,115,7
105,116,7
105,117,7
105,118,7
105,119,7
105,120,7
105,121,7
105,122,7
105,123,7
105,124,7
105,125,7
105,126,7
105,127,7
105,128,7
105,129,7
105,130,7
105,131,7
105,132,7
105,133,7
105,134,7
105,135,7
105,136,7
105,137,7
105,138,7
105,139,7
105,140,7
105,141,7
105,142,7
105,143,7
105,144,7
105,145,7
105,146,7
105,147,7
105,148,7
105,149,7
105,150,7
105,151,7
105,152,7
105,153,7
105,154,7
105,155,7
105,156,7
105,157,7
105,158,7
105,159,7
105,160,7
105,161,7
105,162,7
105,163,7
105,164,7
105,165,7
105,166,7
105,167,7
105,168,7
105,169,7
105,170,7
105,171,7
105,172,7
105,173,7
105,174,7
105,175,7
105,176,7
105,177,7
105,178,7
105,179,7
105,180,7
105,181,7
105,182,7
105,183,7
105,184,7
105,185,7
105,186,7
105,187,7
105,188,7
105,189,7
105,190,7
105,191,7
105,192,7
105,193,7
105,194,7
105,215,7
105,217,7
105,219,7
105,221,7
105,223,7
106,0,7
106,1,7
106,2,7
106,3,7
106,4,7
106,5,7
106,6,7
106,7,7
106,8,7
106,9,7
106,10,7
106,11,7
106,12,7
106,13,7
106,14,7
106,15,7
106,16,7
106,17,7
106,18,7
106,19,7
106,20,7
106,21,7
106,22,7
106,23,7
106,24,7
106,25,7
106,26,7
106,27,7
106,28,7
106,29,7
106,30,7
106,31,7
106,32,7
106,33,7
106,34,7
106,35,7
106,36,7
106,37,7
106,38,7
106,39,7
106,40,7
106,41,7
106,42,7
106,43,7
106,44,7
106,45,7
106,46,7
106,47,7
106,48,7
106,49,7
106,50,7
106,51,7
106,52,7
106,53,7
106,54,7
106,55,7
106,56,7
106,57,7
106,58,7
106,59,7
106,60,7
106,61,7
106,62,7
106,63,7
106,64,7
106,65,7
106,66,7
106,67,7
106,68,7
106,69,7
106,70,7
106,71,7
106,72,7
106,73,7
106,74,7
106,75,7
106,76,7
106,77,7
106,78,7
106,79,7
106,80,7
106,81,7
106,82,7
106,83,7
106,84,7
106,85,7
106,86,7
106,87,7
106,88,7
106,89,7
106,90,7
106,91,7
106,92,7
106,93,7
106,94,7
106,95,7
106,96,7
106,97,7
106,98,7
106,99,7
106,100,7
106,101,7
106,102,7
106,103,7
106,104,7
106,105,7
106,107,7
106,108,7
106,109,7
106,110,7
106,111,7
106,112,7
106,113,7
106,114,7
106,115,7
106,116,7
106,117,7
106,118,7
106,119,7
106,120,7
106,121,7
106,122,7
106,123,7
106,124,7
106,125,7
106,126,7
106,127,7
106,128,7
106,129,7
106,130,7
106,131,7
106,132,7
106,133,7
106,134,7
106,135,7
106,136,7
106,137,7
106,138,7
106,139,7
106,140,7
106,141,7
106,142,7
106,143,7
106,144,7
106,145,7
106,146,7
106,147,7
106,148,7
106,149,7
106,150,7
106,151,7
106,152,7
106,153,7
106,154,7
106,155,7
106,156,7
106,157,7
106,158,7
106,159,7
106,160,7
106,161,7
106,162,7
106,163,7
106,164,7
106,165,7
106,166,7
106,167,7
106,168,7
106,169,7
106,170,7
106,171,7
106,172,7
106,173,7
106,174,7
106,175,7
106,176,7
106,177,7
106,178,7
106,179,7
106,180,7
106,181,7
106,182,7
106,183,7
106,184,7
106,185,7
106,186,7
106,187,7
106,188,7
106,189,7
106,190,7
106,191,7
106,192,7
106,193,7
106,194,7
106,215,7
106,217,7
106,219,7
106,221,7
106,223,7
107,0,7
107,1,7
107,2,7
107,3,7
107,4,7
107,5,7
107,6,7
107,7,7
107,8,7
107,9,7
107,10,7
107,11,7
107,12,7
107,13,7
107,14,7
107,15,7
107,16,7
107,17,7
107,18,7
107,19,7
107,20,7
107,21,7
107,22,7
107,23,7
107,24,7
107,25,7
107,26,7
107,27,7
107,28,7
107,29,7
107,30,7
107,31,7
107,32,7
107,33,7
107,34,7
107,35,7
107,36,7
107,37,7
107,38,7
107,39,7
107,40,7
107,41,7
107,42,7
107,43,7
107,44,7
107,45,7
107,46,7
107,47,7
107,48,7
107,49,7
107,50,7
107,51,7
107,52,7
107,53,7
107,54,7
107,55,7
107,56,7
107,57,7
107,58,7
107,59,7
107,60,7
107,61,7
107,62,7
107,63,7
107,64,7
107,65,7
107,66,7
107,67,7
107,68,7
107,69,7
107,70,7
107,71,7
107,72,7
107,73,7
107,74,7
107,75,7
107,76,7
107,77,7
107,78,7
107,79,7
107,80,7
107,81,7
107,82,7
107,83,7
107,84,7
107,85,7
107,86,7
107,87,7
107,88,7
107,89,7
107,90,7
107,91,7
107,92,7
107,93,7
107,94,7
107,95,7
107,96,7
107,97,7
107,98,7
107,99,7
107,100,7
107,101,7
107,102,7
107,103,7
107,104,7
107,105,7
107,106,7
107,108,7
107,109,7
107,110,7
107,111,7
107,112,7
107,113,7
107,114,7
107,115,7
107,116,7
107,117,7
107,118,7
107,119,7
107,120,7
107,121,7
107,122,7
107,123,7
107,124,7
107,125,7
107,126,7
107,127,7
107,128,7
107,129,7
107,130,7
107,131,7
107,132,7
107,133,7
107,134,7
107,135,7
107,136,7
107,137,7
107,138,7
107,139,7
107,140,7
107,141,7
107,142,7
107,143,7
107,144,7
107,145,7
107,146,7
107,147,7
107,148,7
107,149,7
107,150,7
107,151,7
107,152,7
107,153,7
107,154,7
107,155,7
107,156,7
107,157,7
107,158,7
107,159,7
107,160,7
107,161,7
107,162,7
107,163,7
107,164,7
107,165,7
107,166,7
107,167,7
107,168,7
107,169,7
107,170,7
107,171,7
107,172,7
107,173,7
107,174,7
107,175,7
107,176,7
107,177,7
107,178,7
107,179,7
107,180,7
107,181,7
107,182,7
107,183,7
107,184,7
107,185,7
107,186,7
107,187,7
107,188,7
107,189,7
107,190,7
107,191,7
107,192,7
107,193,7
107,194,7
107,215,7
107,217,7
107,219,7
107,221,7
107,223,7
108,0,7
108,1,7
108,2,7
108,3,7
108,4,7
108,5,7
108,6,7
108,7,7
108,8,7
108,9,7
108,10,7
108,11,7
108,12,7
108,13,7
108,14,7
108,15,7
108,16,7
108,17,7
108,18,7
108,19,7
108,20,7
108,21,7
108,22,7
108,23,7
108,24,7
108,25,7
108,26,7
108,27,7
108,28,7
108,29,7
108,30,7
108,31,7
108,32,7
108,33,7
108,34,7
108,35,7
108,36,7
108,37,7
108,38,7
108,39,7
108,40,7
108,41,7
108,42,7
108,43,7
108,44,7
108,45,7
108,46,7
108,47,7
108,48,7
108,49,7
108,50,7
108,51,7
108,52,7
108,53,7
108,54,7
108,55,7
108,56,7
108,57,7
108,58,7
108,59,7
108,60,7
108,61,7
108,62,7
108,63,7
108,64,7
108,65,7
108,66,7
108,67,7
108,68,7
108,69,7
108,70,7
108,71,7
108,72,7
108,73,7
108,74,7
108,75,7
108,76,7
108,77,7
108,78,7
108,79,7
108,80,7
108,81,7
108,82,7
108,83,7
108,84,7
108,85,7
108,86,7
108,87,7
108,88,7
108,89,7
108,90,7
108,91,7
108,92,7
108,93,7
108,94,7
108,95,7
108,96,7
108,97,7
108,98,7
108,99,7
108,100,7
108,101,7
108,102,7
108,103,7
108,104,7
108,105,7
108,106,7
108,107,7
108,109,7
108,110,7
108,111,7
108,112,7
108,113,7
108,114,7
108,115,7
108,116,7
108,117,7
108,118,7
108,119,7
108,120,7
108,121,7
108,122,7
108,123,7
108,124,7
108,125,7
108,126,7
108,127,7
108,128,7
108,129,7
108,130,7
108,131,7
108,132,7
108,133,7
108,134,7
108,135,7
108,136,7
108,137,7
108,138,7
108,139,7
108,140,7
108,141,7
108,142,7
108,143,7
108,144,7
108,145,7
108,146,7
108,147,7
108,148,7
108,149,7
108,150,7
108,151,7
108,152,7
108,153,7
108,154,7
108,155,7
108,156,7
108,157,7
108,158,7
108,159,7
108,160,7
108,161,7
108,162,7
108,163,7
108,164,7
108,165,7
108,166,7
108,167,7
108,168,7
108,169,7
108,170,7
108,171,7
108,172,7
108,173,7
108,174,7
108,175,7
108,176,7
108,177,7
108,178,7
108,179,7
108,180,7
108,181,7
108,182,7
108,183,7
108,184,7
108,185,7
108,186,7
108,187,7
108,188,7
108,189,7
108,190,7
108,191,7
108,192,7
108,193,7
108,194,7
108,215,7
108,217,7
108,219,7
108,221,7
108,223,7
109,0,7
109,1,7
109,2,7
109,3,7
109,4,7
109,5,7
109,6,7
109,7,7
109,8,7
109,9,7
109,10,7
109,11,7
109,12,7
109,13,7
109,14,7
109,15,7
109,16,7
109,17,7
109,18,7
109,19,7
109,20,7
109,21,7
109,22,7
109,23,7
109,24,7
109,25,7
109,26,7
109,27,7
109,28,7
109,29,7
109,30,7
109,31,7
109,32,7
109,33,7
109,34,7
109,35,7
109,36,7
109,37,7
109,38,7
109,39,7
109,40,7
109,41,7
109,42,7
109,43,7
109,44,7
109,45,7
109,46,7
109,47,7
109,48,7
109,49,7
109,50,7
109,51,7
109,52,7
109,53,7
109,54,7
109,55,7
109,56,7
109,57,7
109,58,7
109,59,7
109,60,7
109,61,7
109,62,7
109,63,7
109,64,7
109,65,7
109,66,7
109,67,7
109,68,7
109,69,7
109,70,7
109,71,7
109,72,7
109,73,7
109,74,7
109,75,7
109,76,7
109,77,7
109,78,7
109,79,7
109,80,7
109,81,7
109,82,7
109,83,7
109,84,7
109,85,7
109,86,7
109,87,7
109,88,7
109,89,7
109,90,7
109,91,7
109,92,7
109,93,7
109,94,7
109,95,7
109,96,7
109,97,7
109,98,7
109,99,7
109,100,7
109,101,7
109,102,7
109,103,7
109,104,7
109,105,7
109,106,7
109,107,7
109,108,7
109,110,7
109,111,7
109,112,7
109,113,7
109,114,7
109,115,7
109,116,7
109,117,7
109,118,7
109,119,7
109,120,7
109,121,7
109,122,7
109,123,7
109,124,7
109,125,7
109,126,7
109,127,7
109,128,7
109,129,7
109,130,7
109,131,7
109,132,7
109,133,7
109,134,7
109,135,7
109,136,7
109,137,7
109,138,7
109,139,7
109,140,7
109,141,7
109,142,7
109,143,7
109,144,7
109,145,7
109,146,7
109,147,7
109,148,7
109,149,7
109,150,7
109,151,7
109,152,7
109,153,7
109,154,7
109,155,7
109,156,7
109,157,7
109,158,7
109,159,7
109,160,7
109,161,7
109,162,7
109,163,7
109,164,7
109,165,7
109,166,7
109,167,7
109,168,7
109,169,7
109,170,7
109,171,7
109,172,7
109,173,7
109,174,7
109,175,7
109,176,7
109,177,7
109,178,7
109,179,7
109,180,7
109,181,7
109,182,7
109,183,7
109,184,7
109,185,7
109,186,7
109,187,7
109,188,7
109,189,7
109,190,7
109,191,7
109,192,7
109,193,7
109,194,7
109,215,7
109,217,7
109,219,7
109,221,7
109,223,7
110,0,7
110,1,7
110,2,7
110,3,7
110,4,7
110,5,7
110,6,7
110,7,7
110,8,7
110,9,7
110,10,7
110,11,7
110,12,7
110,13,7
110,14,7
110,15,7
110,16,7
110,17,7
110,18,7
110,19,7
110,20,7
110,21,7
110,22,7
110,23,7
110,24,7
110,25,7
110,26,7
110,27,7
110,28,7
110,29,7
110,30,7
110,31,7
110,32,7
110,33,7
110,34,7
110,35,7
110,36,7
110,37,7
110,38,7
110,39,7
110,40,7
110,41,7
110,42,7
110,43,7
110,44,7
110,45,7
110,46,7
110,47,7
110,48,7
110,49,7
110,50,7
110,51,7
110,52,7
110,53,7
110,54,7
110,55,7
110,56,7
110,57,7
110,58,7
110,59,7
110,60,7
110,61,7
110,62,7
110,63,7
110,64,7
110,65,7
110,66,7
110,67,7
110,68,7
110,69,7
110,70,7
110,71,7
110,72,7
110,73,7
110,74,7
110,75,7
110,76,7
110,77,7
110,78,7
110,79,7
110,80,7
110,81,7
110,82,7
110,83,7
110,84,7
110,85,7
110,86,7
110,87,7
110,88,7
110,89,7
110,90,7
110,91,7
110,92,7
110,93,7
110,94,7
110,95,7
110,96,7
110,97,7
110,98,7
110,99,7
110,100,7
110,101,7
110,102,7
110,103,7
110,104,7
110,105,7
110,106,7
110,107,7
110,108,7
110,109,7
110,111,7
110,112,7
110,113,7
110,114,7
110,115,7
110,116,7
110,117,7
110,118,7
110,119,7
110,120,7
110,121,7
110,122,7
110,123,7
110,124,7
110,125,7
110,126,7
110,127,7
110,128,7
110,129,7
110,130,7
110,131,7
110,132,7
110,133,7
110,134,7
110,135,7
110,136,7
110,137,7
110,138,7
110,139,7
110,140,7
110,141,7
110,142,7
110,143,7
110,144,7
110,145,7
110,146,7
110,147,7
110,148,7
110,149,7
110,150,7
110,151,7
110,152,7
110,153,7
110,154,7
110,155,7
110,156,7
110,157,7
110,158,7
110,159,7
110,160,7
110,161,7
110,162,7
110,163,7
110,164,7
110,165,7
110,166,7
110,167,7
110,168,7
110,169,7
110,170,7
110,171,7
110,172,7
110,173,7
110,174,7
110,175,7
110,176,7
110,177,7
110,178,7
110,179,7
110,180,7
110,181,7
110,182,7
110,183,7
110,184,7
110,185,7
110,186,7
110,187,7
110,188,7
110,189,7
110,190,7
110,191,7
110,192,7
110,193,7
110,194,7
110,215,7
110,217,7
110,219,7
110,221,7
110,223,7
111,0,8
111,1,8
111,2,8
111,3,8
111,4,8
111,5,8
111,6,8
111,7,8
111,8,8
111,9,8
111,10,8
111,11,8
111,12,8
111,13,8
111,14,8
111,15,8
111,16,8
111,17,8
111,18,8
111,19,8
111,20,8
111,21,8
111,22,8
111,23,8
111,24,8
111,25,8
111,26,8
111,27,8
111,28,8
111,29,8
111,30,8
111,31,8
111,32,8
111,33,8
111,34,8
111,35,8
111,36,8
111,37,8
111,38,8
111,39,8
111,40,8
111,41,8
111,42,8
111,43,8
111,44,8
111,45,8
111,46,8
111,47,8
111,48,8
111,49,8
111,50,8
111,51,8
111,52,8
111,53,8
111,54,8
111,55,8
111,56,8
111,57,8
111,58,8
111,59,8
111,60,8
111,61,8
111,62,8
111,63,8
111,64,8
111,65,8
111,66,8
111,67,8
111,68,8
111,69,8
111,70,8
111,71,8
111,72,8
111,73,8
111,74,8
111,75,8
111,76,8
111,77,8
111,78,8
111,79,8
111,80,8
111,81,8
111,82,8
111,83,8
111,84,8
111,85,8
111,86,8
111,87,8
111,88,8
111,89,8
111,90,8
111,91,8
111,92,8
111,93,8
111,94,8
111,95,8
111,96,8
111,97,8
111,98,8
111,99,8
111,100,8
111,101,8
111,102,8
111,103,8
111,104,8
111,105,8
111,106,8
111,107,8
111,108,8
111,109,8
111,110,8
111,112,8
111,113,8
111,114,8
111,115,8
111,116,8
111,117,8
111,118,8
111,119,8
111,120,8
111,121,8
111,122,8
111,123,8
111,124,8
111,125,8
111,126,8
111,127,8
111,128,8
111,129,8
111,130,8
111,131,8
111,132,8
111,133,8
111,134,8
111,135,8
111,136,8
111,137,8
111,138,8
111,139,8
111,140,8
111,141,8
111,142,8
111,143,8
111,144,8
111,145,8
111,146,8
111,147,8
111,148,8
111,149,8
111,150,8
111,151,8
111,152,8
111,153,8
111,154,8
111,155,8
111,156,8
111,157,8
111,158,8
111,159,8
111,160,8
111,161,8
111,162,8
111,163,8
111,164,8
111,165,8
111,166,8
111,167,8
111,168,8
111,169,8
111,170,8
111,171,8
111,172,8
111,173,8
111,174,8
111,175,8
111,176,8
111,177,8
111,178,8
111,179,8
111,180,8
111,181,8
111,182,8
111,183,8
111,184,8
111,185,8
111,186,8
111,187,8
111,188,8
111,189,8
111,190,8
111,191,8
111,192,8
111,193,8
111,194,8
111,215,8
111,217,8
111,219,8
111,221,8
111,223,8
112,0,8
112,1,8
112,2,8
112,3,8
112,4,8
112,5,8
112,6,8
112,7,8
112,8,8
112,9,8
112,10,8
112,11,8
112,12,8
112,13,8
112,14,8
112,15,8
112,16,8
112,17,8
112,18,8
112,19,8
112,20,8
112,21,8
112,22,8
112,23,8
112,24,8
112,25,8
112,26,8
112,27,8
112,28,8
112,29,8
112,30,8
112,31,8
112,32,8
112,33,8
112,34,8
112,35,8
112,36,8
112,37,8
112,38,8
112,39,8
112,40,8
112,41,8
112,42,8
112,43,8
112,44,8
112,45,8
112,46,8
112,47,8
112,48,8
112,49,8
112,50,8
112,51,8
112,52,8
112,53,8
112,54,8
112,55,8
112,56,8
112,57,8
112,58,8
112,59,8
112,60,8
112,61,8
112,62,8
112,63,8
112,64,8
112,65,8
112,66,8
112,67,8
112,68,8
112,69,8
112,70,8
112,71,8
112,72,8
112,73,8
112,74,8
112,75,8
112,76,8
112,77,8
112,78,8
112,79,8
112,80,8
112,81,8
112,82,8
112,83,8
112,84,8
112,85,8
112,86,8
112,87,8
112,88,8
112,89,8
112,90,8
112,91,8
112,92,8
112,93,8
112,94,8
112,95,8
112,96,8
112,97,8
112,98,8
112,99,8
112,100,8
112,101,8
112,102,8
112,103,8
112,104,8
112,105,8
112,106,8
112,107,8
112,108,8
112,109,8
112,110,8
112,111,8
112,113,8
112,114,8
112,115,8
112,116,8
112,117,8
112,118,8
112,119,8
112,120,8
112,121,8
112,122,8
112,123,8
112,124,8
112,125,8
112,126,8
112,127,8
112,128,8
112,129,8
112,130,8
112,131,8
112,132,8
112,133,8
112,134,8
112,135,8
112,136,8
112,137,8
112,138,8
112,139,8
112,140,8
112,141,8
112,142,8
112,143,8
112,144,8
112,145,8
112,146,8
112,147,8
112,148,8
112,149,8
112,150,8
112,151,8
112,152,8
112,153,8
112,154,8
112,155,8
112,156,8
112,157,8
112,158,8
112,159,8
112,160,8
112,161,8
112,162,8
112,163,8
112,164,8
112,165,8
112,166,8
112,167,8
112,168,8
112,169,8
112,170,8
112,171,8
112,172,8
112,173,8
112,174,8
112,175,8
112,176,8
112,177,8
112,178,8
112,179,8
112,180,8
112,181,8
112,182,8
112,183,8
112,184,8
112,185,8
112,186,8
112,187,8
112,188,8
112,189,8
112,190,8
112,191,8
112,192,8
112,193,8
112,194,8
112,215,8
112,217,8
112,219,8
112,221,8
112,223,8
113,0,8
113,1,8
113,2,8
113,3,8
113,4,8
113,5,8
113,6,8
113,7,8
113,8,8
113,9,8
113,10,8
113,11,8
113,12,8
113,13,8
113,14,8
113,15,8
113,16,8
113,17,8
113,18,8
113,19,8
113,20,8
113,21,8
113,22,8
113,23,8
113,24,8
113,25,8
113,26,8
113,27,8
113,28,8
113,29,8
113,30,8
113,31,8
113,32,8
113,33,8
113,34,8
113,35,8
113,36,8
113,37,8
113,38,8
113,39,8
113,40,8
113,41,8
113,42,8
113,43,8
113,44,8
113,45,8
113,46,8
113,47,8
113,48,8
113,49,8
113,50,8
113,51,8
113,52,8
113,53,8
113,54,8
113,55,8
113,56,8
113,57,8
113,58,8
113,59,8
113,60,8
113,61,8
113,62,8
113,63,8
113,64,8
113,65,8
113,66,8
113,67,8
113,68,8
113,69,8
113,70,8
113,71,8
113,72,8
113,73,8
113,74,8
113,75,8
113,76,8
113,77,8
113,78,8
113,79,8
113,80,8
113,81,8
113,82,8
113,83,8
113,84,8
113,85,8
113,86,8
113,87,8
113,88,8
113,89,8
113,90,8
113,91,8
113,92,8
113,93,8
113,94,8
113,95,8
113,96,8
113,97,8
113,98,8
113,99,8
113,100,8
113,101,8
113,102,8
113,103,8
113,104,8
113,105,8
113,106,8
113,107,8
113,108,8
113,109,8
113,110,8
113,111,8
113,112,8
113,114,8
113,115,8
113,116,8
113,117,8
113,118,8
113,119,8
113,120,8
113,121,8
113,122,8
113,123,8
113,124,8
113,125,8
113,126,8
113,127,8
113,128,8
113,129,8
113,130,8
113,131,8
113,132,8
113,133,8
113,134,8
113,135,8
113,136,8
113,137,8
113,138,8
113,139,8
113,140,8
113,141,8
113,142,8
113,143,8
113,144,8
113,145,8
113,146,8
113,147,8
113,148,8
113,149,8
113,150,8
113,151,8
113,152,8
113,153,8
113,154,8
113,155,8
113,156,8
113,157,8
113,158,8
113,159,8
113,160,8
113,161,8
113,162,8
113,163,8
113,164,8
113,165,8
113,166,8
113,167,8
113,168,8
113,169,8
113,170,8
113,171,8
113,172,8
113,173,8
113,174,8
113,175,8
113,176,8
113,177,8
113,178,8
113,179,8
113,180,8
113,181,8
113,182,8
113,183,8
113,184,8
113,185,8
113,186,8
113,187,8
113,188,8
113,189,8
113,190,8
113,191,8
113,192,8
113,193,8
113,194,8
113,215,8
113,217,8
113,219,8
113,221,8
113,223,8
114,0,8
114,1,8
114,2,8
114,3,8
114,4,8
114,5,8
114,6,8
114,7,8
114,8,8
114,9,8
114,10,8
114,11,8
114,12,8
114,13,8
114,14,8
114,15,8
114,16,8
114,17,8
114,18,8
114,19,8
114,20,8
114,21,8
114,22,8
114,23,8
114,24,8
114,25,8
114,26,8
114,27,8
114,28,8
114,29,8
114,30,8
114,31,8
114,32,8
114,33,8
114,34,8
114,35,8
114,36,8
114,37,8
114,38,8
114,39,8
114,40,8
114,41,8
114,42,8
114,43,8
114,44,8
114,45,8
114,46,8
114,47,8
114,48,8
114,49,8
114,50,8
114,51,8
114,52,8
114,53,8
114,54,8
114,55,8
114,56,8
114,57,8
114,58,8
114,59,8
114,60,8
114,61,8
114,62,8
114,63,8
114,64,8
114,65,8
114,66,8
114,67,8
114,68,8
114,69,8
114,70,8
114,71,8
114,72,8
114,73,8
114,74,8
114,75,8
114,76,8
114,77,8
114,78,8
114,79,8
114,80,8
114,81,8
114,82,8
114,83,8
114,84,8
114,85,8
114,86,8
114,87,8
114,88,8
114,89,8
114,90,8
114,91,8
114,92,8
114,93,8
114,94,8
114,95,8
114,96,8
114,97,8
114,98,8
114,99,8
114,100,8
114,101,8
114,102,8
114,103,8
114,104,8
114,105,8
114,106,8
114,107,8
114,108,8
114,109,8
114,110,8
114,111,8
114,112,8
114,113,8
114,115,8
114,116,8
114,117,8
114,118,8
114,119,8
114,120,8
114,121,8
114,122,8
114,123,8
114,124,8
114,125,8
114,126,8
114,127,8
114,128,8
114,129,8
114,130,8
114,131,8
114,132,8
114,133,8
114,134,8
114,135,8
114,136,8
114,137,8
114,138,8
114,139,8
114,140,8
114,141,8
114,142,8
114,143,8
114,144,8
114,145,8
114,146,8
114,147,8
114,148,8
114,149,8
114,150,8
114,151,8
114,152,8
114,153,8
114,154,8
114,155,8
114,156,8
114,157,8
114,158,8
114,159,8
114,160,8
114,161,8
114,162,8
114,163,8
114,164,8
114,165,8
114,166,8
114,167,8
114,168,8
114,169,8
114,170,8
114,171,8
114,172,8
114,173,8
114,174,8
114,175,8
114,176,8
114,177,8
114,178,8
114,179,8
114,180,8
114,181,8
114,182,8
114,183,8
114,184,8
114,185,8
114,186,8
114,187,8
114,188,8
114,189,8
114,190,8
114,191,8
114,192,8
114,193,8
114,194,8
114,215,8
114,217,8
114,219,8
114,221,8
114,223,8
115,0,8
115,1,8
115,2,8
115,3,8
115,4,8
115,5,8
115,6,8
115,7,8
115,8,8
115,9,8
115,10,8
115,11,8
115,12,8
115,13,8
115,14,8
115,15,8
115,16,8
115,17,8
115,18,8
115,19,8
115,20,8
115,21,8
115,22,8
115,23,8
115,24,8
115,25,8
115,26,8
115,27,8
115,28,8
115,29,8
115,30,8
115,31,8
115,32,8
115,33,8
115,34,8
115,35,8
115,36,8
115,37,8
115,38,8
115,39,8
115,40,8
115,41,8
115,42,8
115,43,8
115,44,8
115,45,8
115,46,8
115,47,8
115,48,8
115,49,8
115,50,8
115,51,8
115,52,8
115,53,8
115,54,8
115,55,8
115,56,8
115,57,8
115,58,8
115,59,8
115,60,8
115,61,8
115,62,8
115,63,8
115,64,8
115,65,8
115,66,8
115,67,8
115,68,8
115,69,8
115,70,8
115,71,8
115,72,8
115,73,8
115,74,8
115,75,8
115,76,8
115,77,8
115,78,8
115,79,8
115,80,8
115,81,8
115,82,8
115,83,8
115,84,8
115,85,8
115,86,8
115,87,8
115,88,8
115,89,8
115,90,8
115,91,8
115,92,8
115,93,8
115,94,8
115,95,8
115,96,8
115,97,8
115,98,8
115,99,8
115,100,8
115,101,8
115,102,8
115,103,8
115,104,8
115,105,8
115,106,8
115,107,8
115,108,8
115,109,8
115,110,8
115,111,8
115,112,8
115,113,8
115,114,8
115,116,8
115,117,8
115,118,8
115,119,8
115,120,8
115,121,8
115,122,8
115,123,8
115,124,8
115,125,8
115,126,8
115,127,8
115,128,8
115,129,8
115,130,8
115,131,8
115,132,8
115,133,8
115,134,8
115,135,8
115,136,8
115,137,8
115,138,8
115,139,8
115,140,8
115,141,8
115,142,8
115,143,8
115,144,8
115,145,8
115,146,8
115,147,8
115,148,8
115,149,8
115,150,8
115,151,8
115,152,8
115,153,8
115,154,8
115,155,8
115,156,8
115,157,8
115,158,8
115,159,8
115,160,8
115,161,8
115,162,8
115,163,8
115,164,8
115,165,8
115,166,8
115,167,8
115,168,8
115,169,8
115,170,8
115,171,8
115,172,8
115,173,8
115,174,8
115,175,8
115,176,8
115,177,8
115,178,8
115,179,8
115,180,8
115,181,8
115,182,8
115,183,8
115,184,8
115,185,8
115,186,8
115,187,8
115,188,8
115,189,8
115,190,8
115,191,8
115,192,8
115,193,8
115,194,8
115,215,8
115,217,8
115,219,8
115,221,8
115,223,8
116,0,8
116,1,8
116,2,8
116,3,8
116,4,8
116,5,8
116,6,8
116,7,8
116,8,8
116,9,8
116,10,8
116,11,8
116,12,8
116,13,8
116,14,8
116,15,8
116,16,8
116,17,8
116,18,8
116,19,8
116,20,8
116,21,8
116,22,8
116,23,8
116,24,8
116,25,8
116,26,8
116,27,8
116,28,8
116,29,8
116,30,8
116,31,8
116,32,8
116,33,8
116,34,8
116,35,8
116,36,8
116,37,8
116,38,8
116,39,8
116,40,8
116,41,8
116,42,8
116,43,8
116,44,8
116,45,8
116,46,8
116,47,8
116,48,8
116,49,8
116,50,8
116,51,8
116,52,8
116,53,8
116,54,8
116,55,8
116,56,8
116,57,8
116,58,8
116,59,8
116,60,8
116,61,8
116,62,8
116,63,8
116,64,8
116,65,8
116,66,8
116,67,8
116,68,8
116,69,8
116,70,8
116,71,8
116,72,8
116,73,8
116,74,8
116,75,8
116,76,8
116,77,8
116,78,8
116,79,8
116,80,8
116,81,8
116,82,8
116,83,8
116,84,8
116,85,8
116,86,8
116,87,8
116,88,8
116,89,8
116,90,8
116,91,8
116,92,8
116,93,8
116,94,8
116,95,8
116,96,8
116,97,8
116,98,8
116,99,8
116,100,8
116,101,8
116,102,8
116,103,8
116,104,8
116,105,8
116,106,8
116,107,8
116,108,8
116,109,8
116,110,8
116,111,8
116,112,8
116,113,8
116,114,8
116,115,8
116,117,8
116,118,8
116,119,8
116,120,8
116,121,8
116,122,8
116,123,8
116,124,8
116,125,8
116,126,8
116,127,8
116,128,8
116,129,8
116,130,8
116,131,8
116,132,8
116,133,8
116,134,8
116,135,8
116,136,8
116,137,8
116,138,8
116,139,8
116,140,8
116,141,8
116,142,8
116,143,8
116,144,8
116,145,8
116,146,8
116,147,8
116,148,8
116,149,8
116,150,8
116,151,8
116,152,8
116,153,8
116,154,8
116,155,8
116,156,8
116,157,8
116,158,8
116,159,8
116,160,8
116,161,8
116,162,8
116,163,8
116,164,8
116,165,8
116,166,8
116,167,8
116,168,8
116,169,8
116,170,8
116,171,8
116,172,8
116,173,8
116,174,8
116,175,8
116,176,8
116,177,8
116,178,8
116,179,8
116,180,8
116,181,8
116,182,8
116,183,8
116,184,8
116,185,8
116,186,8
116,187,8
116,188,8
116,189,8
116,190,8
116,191,8
116,192,8
116,193,8
116,194,8
116,215,8
116,217,8
116,219,8
116,221,8
116,223,8
117,0,8
117,1,8
117,2,8
117,3,8
117,4,8
117,5,8
117,6,8
117,7,8
117,8,8
117,9,8
117,10,8
117,11,8
117,12,8
117,13,8
117,14,8
117,15,8
117,16,8
117,17,8
117,18,8
117,19,8
117,20,8
117,21,8
117,22,8
117,23,8
117,24,8
117,25,8
117,26,8
117,27,8
117,28,8
117,29,8
117,30,8
117,31,8
117,32,8
117,33,8
117,34,8
117,35,8
117,36,8
117,37,8
117,38,8
117,39,8
117,40,8
117,41,8
117,42,8
117,43,8
117,44,8
117,45,8
117,46,8
117,47,8
117,48,8
117,49,8
117,50,8
117,51,8
117,52,8
117,53,8
117,54,8
117,55,8
117,56,8
117,57,8
117,58,8
117,59,8
117,60,8
117,61,8
117,62,8
117,63,8
117,64,8
117,65,8
117,66,8
117,67,8
117,68,8
117,69,8
117,70,8
117,71,8
117,72,8
117,73,8
117,74,8
117,75,8
117,76,8
117,77,8
117,78,8
117,79,8
117,80,8
117,81,8
117,82,8
117,83,8
117,84,8
117,85,8
117,86,8
117,87,8
117,88,8
117,89,8
117,90,8
117,91,8
117,92,8
117,93,8
117,94,8
117,95,8
117,96,8
117,97,8
117,98,8
117,99,8
117,100,8
117,101,8
117,102,8
117,103,8
117,104,8
117,105,8
117,106,8
117,107,8
117,108,8
117,109,8
117,110,8
117,111,8
117,112,8
117,113,8
117,114,8
117,115,8
117,116,8
117,118,8
117,119,8
117,120,8
117,121,8
117,122,8
117,123,8
117,124,8
117,125,8
117,126,8
117,127,8
117,128,8
117,129,8
117,130,8
117,131,8
117,132,8
117,133,8
117,134,8
117,135,8
117,136,8
117,137,8
117,138,8
117,139,8
117,140,8
117,141,8
117,142,8
117,143,8
117,144,8
117,145,8
117,146,8
117,147,8
117,148,8
117,149,8
117,150,8
117,151,8
117,152,8
117,153,8
117,154,8
117,155,8
117,156,8
117,157,8
117,158,8
117,159,8
117,160,8
117,161,8
117,162,8
117,163,8
117,164,8
117,165,8
117,166,8
117,167,8
117,168,8
117,169,8
117,170,8
117,171,8
117,172,8
117,173,8
117,174,8
117,175,8
117,176,8
117,177,8
117,178,8
117,179,8
117,180,8
117,181,8
117,182,8
117,183,8
117,184,8
117,185,8
117,186,8
117,187,8
117,188,8
117,189,8
117,190,8
117,191,8
117,192,8
117,193,8
117,194,8
117,215,8
117,217,8
117,219,8
117,221,8
117,223,8
118,0,8
118,1,8
118,2,8
118,3,8
118,4,8
118,5,8
118,6,8
118,7,8
118,8,8
118,9,8
118,10,8
118,11,8
118,12,8
118,13,8
118,14,8
118,15,8
118,16,8
118,17,8
118,18,8
118,19,8
118,20,8
118,21,8
118,22,8
118,23,8
118,24,8
118,25,8
118,26,8
118,27,8
118,28,8
118,29,8
118,30,8
118,31,8
118,32,8
118,33,8
118,34,8
118,35,8
118,36,8
118,37,8
118,38,8
118,39,8
118,40,8
118,41,8
118,42,8
118,43,8
118,44,8
118,45,8
118,46,8
118,47,8
118,48,8
118,49,8
118,50,8
118,51,8
118,52,8
118,53,8
118,54,8
118,55,8
118,56,8
118,57,8
118,58,8
118,59,8
118,60,8
118,61,8
118,62,8
118,63,8
118,64,8
118,65,8
118,66,8
118,67,8
118,68,8
118,69,8
118,70,8
118,71,8
118,72,8
118,73,8
118,74,8
118,75,8
118,76,8
118,77,8
118,78,8
118,79,8
118,80,8
118,81,8
118,82,8
118,83,8
118,84,8
118,85,8
118,86,8
118,87,8
118,88,8
118,89,8
118,90,8
118,91,8
118,92,8
118,93,8
118,94,8
118,95,8
118,96,8
118,97,8
118,98,8
118,99,8
118,100,8
118,101,8
118,102,8
118,103,8
118,104,8
118,105,8
118,106,8
118,107,8
118,108,8
118,109,8
118,110,8
118,111,8
118,112,8
118,113,8
118,114,8
118,115,8
118,116,8
118,117,8
118,119,8
118,120,8
118,121,8
118,122,8
118,123,8
118,124,8
118,125,8
118,126,8
118,127,8
118,128,8
118,129,8
118,130,8
118,131,8
118,132,8
118,133,8
118,134,8
118,135,8
118,136,8
118,137,8
118,138,8
118,139,8
118,140,8
118,141,8
118,142,8
118,143,8
118,144,8
118,145,8
118,146,8
118,147,8
118,148,8
118,149,8
118,150,8
118,151,8
118,152,8
118,153,8
118,154,8
118,155,8
118,156,8
118,157,8
118,158,8
118,159,8
118,160,8
118,161,8
118,162,8
118,163,8
118,164,8
118,165,8
118,166,8
118,167,8
118,168,8
118,169,8
118,170,8
118,171,8
118,172,8
118,173,8
118,174,8
118,175,8
118,176,8
118,177,8
118,178,8
118,179,8
118,180,8
118,181,8
118,182,8
118,183,8
118,184,8
118,185,8
118,186,8
118,187,8
118,188,8
118,189,8
118,190,8
118,191,8
118,192,8
118,193,8
118,194,8
118,215,8
118,217,8
118,219,8
118,221,8
118,223,8
119,0,8
119,1,8
119,2,8
119,3,8
119,4,8
119,5,8
119,6,8
119,7,8
119,8,8
119,9,8
119,10,8
119,11,8
119,12,8
119,13,8
119,14,8
119,15,8
119,16,8
119,17,8
119,18,8
119,19,8
119,20,8
119,21,8
119,22,8
119,23,8
119,24,8
119,25,8
119,26,8
119,27,8
119,28,8
119,29,8
119,30,8
119,31,8
119,32,8
119,33,8
119,34,8
119,35,8
119,36,8
119,37,8
119,38,8
119,39,8
119,40,8
119,41,8
119,42,8
119,43,8
119,44,8
119,45,8
119,46,8
119,47,8
119,48,8
119,49,8
119,50,8
119,51,8
119,52,8
119,53,8
119,54,8
119,55,8
119,56,8
119,57,8
119,58,8
119,59,8
119,60,8
119,61,8
119,62,8
119,63,8
119,64,8
119,65,8
119,66,8
119,67,8
119,68,8
119,69,8
119,70,8
119,71,8
119,72,8
119,73,8
119,74,8
119,75,8
119,76,8
119,77,8
119,78,8
119,79,8
119,80,8
119,81,8
119,82,8
119,83,8
119,84,8
119,85,8
119,86,8
119,87,8
119,88,8
119,89,8
119,90,8
119,91,8
119,92,8
119,93,8
119,94,8
119,95,8
119,96,8
119,97,8
119,98,8
119,99,8
119,100,8
119,101,8
119,102,8
119,103,8
119,104,8
119,105,8
119,106,8
119,107,8
119,108,8
119,109,8
119,110,8
119,111,8
119,112,8
119,113,8
119,114,8
119,115,8
119,116,8
119,117,8
119,118,8
119,120,8
119,121,8
119,122,8
119,123,8
119,124,8
119,125,8
119,126,8
119,127,8
119,128,8
119,129,8
119,130,8
119,131,8
119,132,8
119,133,8
119,134,8
119,135,8
119,136,8
119,137,8
119,138,8
119,139,8
119,140,8
119,141,8
119,142,8
119,143,8
119,144,8
119,145,8
119,146,8
119,147,8
119,148,8
119,149,8
119,150,8
119,151,8
119,152,8
119,153,8
119,154,8
119,155,8
119,156,8
119,157,8
119,158,8
119,159,8
119,160,8
119,161,8
119,162,8
119,163,8
119,164,8
119,165,8
119,166,8
119,167,8
119,168,8
119,169,8
119,170,8
119,171,8
119,172,8
119,173,8
119,174,8
119,175,8
119,176,8
119,177,8
119,178,8
119,179,8
119,180,8
119,181,8
119,182,8
119,183,8
119,184,8
119,185,8
119,186,8
119,187,8
119,188,8
119,189,8
119,190,8
119,191,8
119,192,8
119,193,8
119,194,8
119,215,8
119,217,8
119,219,8
119,221,8
119,223,8
120,0,8
120,1,8
120,2,8
120,3,8
120,4,8
120,5,8
120,6,8
120,7,8
120,8,8
120,9,8
120,10,8
120,11,8
120,12,8
120,13,8
120,14,8
120,15,8
120,16,8
120,17,8
120,18,8
120,19,8
120,20,8
120,21,8
120,22,8
120,23,8
120,24,8
120,25,8
120,26,8
120,27,8
120,28,8
120,29,8
120,30,8
120,31,8
120,32,8
120,33,8
120,34,8
120,35,8
120,36,8
120,37,8
120,38,8
120,39,8
120,40,8
120,41,8
120,42,8
120,43,8
120,44,8
120,45,8
120,46,8
120,47,8
120,48,8
120,49,8
120,50,8
120,51,8
120,52,8
120,53,8
120,54,8
120,55,8
120,56,8
120,57,8
120,58,8
120,59,8
120,60,8
120,61,8
120,62,8
120,63,8
120,64,8
120,65,8
120,66,8
120,67,8
120,68,8
120,69,8
120,70,8
120,71,8
120,72,8
120,73,8
120,74,8
120,75,8
120,76,8
120,77,8
120,78,8
120,79,8
120,80,8
120,81,8
120,82,8
120,83,8
120,84,8
120,85,8
120,86,8
120,87,8
120,88,8
120,89,8
120,90,8
120,91,8
120,92,8
120,93,8
120,94,8
120,95,8
120,96,8
120,97,8
120,98,8
120,99,8
120,100,8
120,101,8
120,102,8
120,103,8
120,104,8
120,105,8
120,106,8
120,107,8
120,108,8
120,109,8
120,110,8
120,111,8
120,112,8
120,113,8
120,114,8
120,115,8
120,116,8
120,117,8
120,118,8
120,119,8
120,121,8
120,122,8
120,123,8
120,124,8
120,125,8
120,126,8
120,127,8
120,128,8
120,129,8
120,130,8
120,131,8
120,132,8
120,133,8
120,134,8
120,135,8
120,136,8
120,137,8
120,138,8
120,139,8
120,140,8
120,141,8
120,142,8
120,143,8
120,144,8
120,145,8
120,146,8
120,147,8
120,148,8
120,149,8
120,150,8
120,151,8
120,152,8
120,153,8
120,154,8
120,155,8
120,156,8
120,157,8
120,158,8
120,159,8
120,160,8
120,161,8
120,162,8
120,163,8
120,164,8
120,165,8
120,166,8
120,167,8
120,168,8
120,169,8
120,170,8
120,171,8
120,172,8
120,173,8
120,174,8
120,175,8
120,176,8
120,177,8
120,178,8
120,179,8
120,180,8
120,181,8
120,182,8
120,183,8
120,184,8
120,185,8
120,186,8
120,187,8
120,188,8
120,189,8
120,190,8
120,191,8
120,192,8
120,193,8
120,194,8
120,215,8
120,217,8
120,219,8
120,221,8
120,223,8
121,0,8
121,1,8
121,2,8
121,3,8
121,4,8
121,5,8
121,6,8
121,7,8
121,8,8
121,9,8
121,10,8
121,11,8
121,12,8
121,13,8
121,14,8
121,15,8
121,16,8
121,17,8
121,18,8
121,19,8
121,20,8
121,21,8
121,22,8
121,23,8
121,24,8
121,25,8
121,26,8
121,27,8
121,28,8
121,29,8
121,30,8
121,31,8
121,32,8
121,33,8
121,34,8
121,35,8
121,36,8
121,37,8
121,38,8
121,39,8
121,40,8
121,41,8
121,42,8
121,43,8
121,44,8
121,45,8
121,46,8
121,47,8
121,48,8
121,49,8
121,50,8
121,51,8
121,52,8
121,53,8
121,54,8
121,55,8
121,56,8
121,57,8
121,58,8
121,59,8
121,60,8
121,61,8
121,62,8
121,63,8
121,64,8
121,65,8
121,66,8
121,67,8
121,68,8
121,69,8
121,70,8
121,71,8
121,72,8
121,73,8
121,74,8
121,75,8
121,76,8
121,77,8
121,78,8
121,79,8
121,80,8
121,81,8
121,82,8
121,83,8
121,84,8
121,85,8
121,86,8
121,87,8
121,88,8
121,89,8
121,90,8
121,91,8
121,92,8
121,93,8
121,94,8
121,95,8
121,96,8
121,97,8
121,98,8
121,99,8
121,100,8
121,101,8
121,102,8
121,103,8
121,104,8
121,105,8
121,106,8
121,107,8
121,108,8
121,109,8
121,110,8
121,111,8
121,112,8
121,113,8
121,114,8
121,115,8
121,116,8
121,117,8
121,118,8
121,119,8
121,120,8
121,122,8
121,123,8
121,124,8
121,125,8
121,126,8
121,127,8
121,128,8
121,129,8
121,130,8
121,131,8
121,132,8
121,133,8
121,134,8
121,135,8
121,136,8
121,137,8
121,138,8
121,139,8
121,140,8
121,141,8
121,142,8
121,143,8
121,144,8
121,145,8
121,146,8
121,147,8
121,148,8
121,149,8
121,150,8
121,151,8
121,152,8
121,153,8
121,154,8
121,155,8
121,156,8
121,157,8
121,158,8
121,159,8
121,160,8
121,161,8
121,162,8
121,163,8
121,164,8
121,165,8
121,166,8
121,167,8
121,168,8
121,169,8
121,170,8
121,171,8
121,172,8
121,173,8
121,174,8
121,175,8
121,176,8
121,177,8
121,178,8
121,179,8
121,180,8
121,181,8
121,182,8
121,183,8
121,184,8
121,185,8
121,186,8
121,187,8
121,188,8
121,189,8
121,190,8
121,191,8
121,192,8
121,193,8
121,194,8
121,215,8
121,217,8
121,219,8
121,221,8
121,223,8
122,0,8
122,1,8
122,2,8
122,3,8
122,4,8
122,5,8
122,6,8
122,7,8
122,8,8
122,9,8
122,10,8
122,11,8
122,12,8
122,13,8
122,14,8
122,15,8
122,16,8
122,17,8
122,18,8
122,19,8
122,20,8
122,21,8
122,22,8
122,23,8
122,24,8
122,25,8
122,26,8
122,27,8
122,28,8
122,29,8
122,30,8
122,31,8
122,32,8
122,33,8
122,34,8
122,35,8
122,36,8
122,37,8
122,38,8
122,39,8
122,40,8
122,41,8
122,42,8
122,43,8
122,44,8
122,45,8
122,46,8
122,47,8
122,48,8
122,49,8
122,50,8
122,51,8
122,52,8
122,53,8
122,54,8
122,55,8
122,56,8
122,57,8
122,58,8
122,59,8
122,60,8
122,61,8
122,62,8
122,63,8
122,64,8
122,65,8
122,66,8
122,67,8
122,68,8
122,69,8
122,70,8
122,71,8
122,72,8
122,73,8
122,74,8
122,75,8
122,76,8
122,77,8
122,78,8
122,79,8
122,80,8
122,81,8
122,82,8
122,83,8
122,84,8
122,85,8
122,86,8
122,87,8
122,88,8
122,89,8
122,90,8
122,91,8
122,92,8
122,93,8
122,94,8
122,95,8
122,96,8
122,97,8
122,98,8
122,99,8
122,100,8
122,101,8
122,102,8
122,103,8
122,104,8
122,105,8
122,106,8
122,107,8
122,108,8
122,109,8
122,110,8
122,111,8
122,112,8
122,113,8
122,114,8
122,115,8
122,116,8
122,117,8
122,118,8
122,119,8
122,120,8
122,121,8
122,123,8
122,124,8
122,125,8
122,126,8
122,127,8
122,128,8
122,129,8
122,130,8
122,131,8
122,132,8
122,133,8
122,134,8
122,135,8
122,136,8
122,137,8
122,138,8
122,139,8
122,140,8
122,141,8
122,142,8
122,143,8
122,144,8
122,145,8
122,146,8
122,147,8
122,148,8
122,149,8
122,150,8
122,151,8
122,152,8
122,153,8
122,154,8
122,155,8
122,156,8
122,157,8
122,158,8
122,159,8
122,160,8
122,161,8
122,162,8
122,163,8
122,164,8
122,165,8
122,166,8
122,167,8
122,168,8
122,169,8
122,170,8
122,171,8
122,172,8
122,173,8
122,174,8
122,175,8
122,176,8
122,177,8
122,178,8
122,179,8
122,180,8
122,181,8
122,182,8
122,183,8
122,184,8
122,185,8
122,186,8
122,187,8
122,188,8
122,189,8
122,190,8
122,191,8
122,192,8
122,193,8
122,194,8
122,215,8
122,217,8
122,219,8
122,221,8
122,223,8
123,0,9
123,1,9
123,2,9
123,3,9
123,4,9
123,5,9
123,6,9
123,7,9
123,8,9
123,9,9
123,10,9
123,11,9
123,12,9
123,13,9
123,14,9
123,15,9
123,16,9
123,17,9
123,18,9
123,19,9
123,20,9
123,21,9
123,22,9
123,23,9
123,24,9
123,25,9
123,26,9
123,27,9
123,28,9
123,29,9
123,30,9
123,31,9
123,32,9
123,33,9
123,34,9
123,35,9
123,36,9
123,37,9
123,38,9
123,39,9
123,40,9
123,41,9
123,42,9
123,43,9
123,44,9
123,45,9
123,46,9
123,47,9
123,48,9
123,49,9
123,50,9
123,51,9
123,52,9
123,53,9
123,54,9
123,55,9
123,56,9
123,57,9
123,58,9
123,59,9
123,60,9
123,61,9
123,62,9
123,63,9
123,64,9
123,65,9
123,66,9
123,67,9
123,68,9
123,69,9
123,70,9
123,71,9
123,72,9
123,73,9
123,74,9
123,75,9
123,76,9
123,77,9
123,78,9
123,79,9
123,80,9
123,81,9
123,82,9
123,83,9
123,84,9
123,85,9
123,86,9
123,87,9
123,88,9
123,89,9
123,90,9
123,91,9
123,92,9
123,93,9
123,94,9
123,95,9
123,96,9
123,97,9
123,98,9
123,99,9
123,100,9
123,101,9
123,102,9
123,103,9
123,104,9
123,105,9
123,106,9
123,107,9
123,108,9
123,109,9
123,110,9
123,111,9
123,112,9
123,113,9
123,114,9
123,115,9
123,116,9
123,117,9
123,118,9
123,119,9
123,120,9
123,121,9
123,122,9
123,124,9
123,125,9
123,126,9
123,127,9
123,128,9
123,129,9
123,130,9
123,131,9
123,132,9
123,133,9
123,134,9
123,135,9
123,136,9
123,137,9
123,138,9
123,139,9
123,140,9
123,141,9
123,142,9
123,143,9
123,144,9
123,145,9
123,146,9
123,147,9
123,148,9
123,149,9
123,150,9
123,151,9
123,152,9
123,153,9
123,154,9
123,155,9
123,156,9
123,157,9
123,158,9
123,159,9
123,160,9
123,161,9
123,162,9
123,163,9
123,164,9
123,165,9
123,166,9
123,167,9
123,168,9
123,169,9
123,170,9
123,171,9
123,172,9
123,173,9
123,174,9
123,175,9
123,176,9
123,177,9
123,178,9
123,179,9
123,180,9
123,181,9
123,182,9
123,183,9
123,184,9
123,185,9
123,186,9
123,187,9
123,188,9
123,189,9
123,190,9
123,191,9
123,192,9
123,193,9
123,194,9
123,215,9
123,217,9
123,219,9
123,221,9
123,223,9
124,0,9
124,1,9
124,2,9
124,3,9
124,4,9
124,5,9
124,6,9
124,7,9
124,8,9
124,9,9
124,10,9
124,11,9
124,12,9
124,13,9
124,14,9
124,15,9
124,16,9
124,17,9
124,18,9
124,19,9
124,20,9
124,21,9
124,22,9
124,23,9
124,24,9
124,25,9
124,26,9
124,27,9
124,28,9
124,29,9
124,30,9
124,31,9
124,32,9
124,33,9
124,34,9
124,35,9
124,36,9
124,37,9
124,38,9
124,39,9
124,40,9
124,41,9
124,42,9
124,43,9
124,44,9
124,45,9
124,46,9
124,47,9
124,48,9
124,49,9
124,50,9
124,51,9
124,52,9
124,53,9
124,54,9
124,55,9
124,56,9
124,57,9
124,58,9
124,59,9
124,60,9
124,61,9
124,62,9
124,63,9
124,64,9
124,65,9
124,66,9
124,67,9
124,68,9
124,69,9
124,70,9
124,71,9
124,72,9
124,73,9
124,74,9
124,75,9
124,76,9
124,77,9
124,78,9
124,79,9
124,80,9
124,81,9
124,82,9
124,83,9
124,84,9
124,85,9
124,86,9
124,87,9
124,88,9
124,89,9
124,90,9
124,91,9
124,92,9
124,93,9
124,94,9
124,95,9
124,96,9
124,97,9
124,98,9
124,99,9
124,100,9
124,101,9
124,102,9
124,103,9
124,104,9
124,105,9
124,106,9
124,107,9
124,108,9
124,109,9
124,110,9
124,111,9
124,112,9
124,113,9
124,114,9
124,115,9
124,116,9
124,117,9
124,118,9
124,119,9
124,120,9
124,121,9
124,122,9
124,123,9
124,125,9
124,126,9
124,127,9
124,128,9
124,129,9
124,130,9
124,131,9
124,132,9
124,133,9
124,134,9
124,135,9
124,136,9
124,137,9
124,138,9
124,139,9
124,140,9
124,141,9
124,142,9
124,143,9
124,144,9
124,145,9
124,146,9
124,147,9
124,148,9
124,149,9
124,150,9
124,151,9
124,152,9
124,153,9
124,154,9
124,155,9
124,156,9
124,157,9
124,158,9
124,159,9
124,160,9
124,161,9
124,162,9
124,163,9
124,164,9
124,165,9
124,166,9
124,167,9
124,168,9
124,169,9
124,170,9
124,171,9
124,172,9
124,173,9
124,174,9
124,175,9
124,176,9
124,177,9
124,178,9
124,179,9
124,180,9
124,181,9
124,182,9
124,183,9
124,184,9
124,185,9
124,186,9
124,187,9
124,188,9
124,189,9
124,190,9
124,191,9
124,192,9
124,193,9
124,194,9
124,215,9
124,217,9
124,219,9
124,221,9
124,223,9
125,0,9
125,1,9
125,2,9
125,3,9
125,4,9
125,5,9
125,6,9
125,7,9
125,8,9
125,9,9
125,10,9
125,11,9
125,12,9
125,13,9
125,14,9
125,15,9
125,16,9
125,17,9
125,18,9
125,19,9
125,20,9
125,21,9
125,22,9
125,23,9
125,24,9
125,25,9
125,26,9
125,27,9
125,28,9
125,29,9
125,30,9
125,31,9
125,32,9
125,33,9
125,34,9
125,35,9
125,36,9
125,37,9
125,38,9
125,39,9
125,40,9
125,41,9
125,42,9
125,43,9
125,44,9
125,45,9
125,46,9
125,47,9
125,48,9
125,49,9
125,50,9
125,51,9
125,52,9
125,53,9
125,54,9
125,55,9
125,56,9
125,57,9
125,58,9
125,59,9
125,60,9
125,61,9
125,62,9
125,63,9
125,64,9
125,65,9
125,66,9
125,67,9
125,68,9
125,69,9
125,70,9
125,71,9
125,72,9
125,73,9
125,74,9
125,75,9
125,76,9
125,77,9
125,78,9
125,79,9
125,80,9
125,81,9
125,82,9
125,83,9
125,84,9
125,85,9
125,86,9
125,87,9
125,88,9
125,89,9
125,90,9
125,91,9
125,92,9
125,93,9
125,94,9
125,95,9
125,96,9
125,97,9
125,98,9
125,99,9
125,100,9
125,101,9
125,102,9
125,103,9
125,104,9
125,105,9
125,106,9
125,107,9
125,108,9
125,109,9
125,110,9
125,111,9
125,112,9
125,113,9
125,114,9
125,115,9
125,116,9
125,117,9
125,118,9
125,119,9
125,120,9
125,121,9
125,122,9
125,123,9
125,124,9
125,126,9
125,127,9
125,128,9
125,129,9
125,130,9
125,131,9
125,132,9
125,133,9
125,134,9
125,135,9
125,136,9
125,137,9
125,138,9
125,139,9
125,140,9
125,141,9
125,142,9
125,143,9
125,144,9
125,145,9
125,146,9
125,147,9
125,148,9
125,149,9
125,150,9
125,151,9
125,152,9
125,153,9
125,154,9
125,155,9
125,156,9
125,157,9
125,158,9
125,159,9
125,160,9
125,161,9
125,162,9
125,163,9
125,164,9
125,165,9
125,166,9
125,167,9
125,168,9
125,169,9
125,170,9
125,171,9
125,172,9
125,173,9
125,174,9
125,175,9
125,176,9
125,177,9
125,178,9
125,179,9
125,180,9
125,181,9
125,182,9
125,183,9
125,184,9
125,185,9
125,186,9
125,187,9
125,188,9
125,189,9
125,190,9
125,191,9
125,192,9
125,193,9
125,194,9
125,215,9
125,217,9
125,219,9
125,221,9
125,223,9
126,0,9
126,1,9
126,2,9
126,3,9
126,4,9
126,5,9
126,6,9
126,7,9
126,8,9
126,9,9
126,10,9
126,11,9
126,12,9
126,13,9
126,14,9
126,15,9
126,16,9
126,17,9
126,18,9
126,19,9
126,20,9
126,21,9
126,22,9
126,23,9
126,24,9
126,25,9
126,26,9
126,27,9
126,28,9
126,29,9
126,30,9
126,31,9
126,32,9
126,33,9
126,34,9
126,35,9
126,36,9
126,37,9
126,38,9
126,39,9
126,40,9
126,41,9
126,42,9
126,43,9
126,44,9
126,45,9
126,46,9
126,47,9
126,48,9
126,49,9
126,50,9
126,51,9
126,52,9
126,53,9
126,54,9
126,55,9
126,56,9
126,57,9
126,58,9
126,59,9
126,60,9
126,61,9
126,62,9
126,63,9
126,64,9
126,65,9
126,66,9
126,67,9
126,68,9
126,69,9
126,70,9
126,71,9
126,72,9
126,73,9
126,74,9
126,75,9
126,76,9
126,77,9
126,78,9
126,79,9
126,80,9
126,81,9
126,82,9
126,83,9
126,84,9
126,85,9
126,86,9
126,87,9
126,88,9
126,89,9
126,90,9
126,91,9
126,92,9
126,93,9
126,94,9
126,95,9
126,96,9
126,97,9
126,98,9
126,99,9
126,100,9
126,101,9
126,102,9
126,103,9
126,104,9
126,105,9
126,106,9
126,107,9
126,108,9
126,109,9
126,110,9
126,111,9
126,112,9
126,113,9
126,114,9
126,115,9
126,116,9
126,117,9
126,118,9
126,119,9
126,120,9
126,121,9
126,122,9
126,123,9
126,124,9
126,125,9
126,127,9
126,128,9
126,129,9
126,130,9
126,131,9
126,132,9
126,133,9
126,134,9
126,135,9
126,136,9
126,137,9
126,138,9
126,139,9
126,140,9
126,141,9
126,142,9
126,143,9
126,144,9
126,145,9
126,146,9
126,147,9
126,148,9
126,149,9
126,150,9
126,151,9
126,152,9
126,153,9
126,154,9
126,155,9
126,156,9
126,157,9
126,158,9
126,159,9
126,160,9
126,161,9
126,162,9
126,163,9
126,164,9
126,165,9
126,166,9
126,167,9
126,168,9
126,169,9
126,170,9
126,171,9
126,172,9
126,173,9
126,174,9
126,175,9
126,176,9
126,177,9
126,178,9
126,179,9
126,180,9
126,181,9
126,182,9
126,183,9
126,184,9
126,185,9
126,186,9
126,187,9
126,188,9
126,189,9
126,190,9
126,191,9
126,192,9
126,193,9
126,194,9
126,215,9
126,217,9
126,219,9
126,221,9
126,223,9
127,0,9
127,1,9
127,2,9
127,3,9
127,4,9
127,5,9
127,6,9
127,7,9
127,8,9
127,9,9
127,10,9
127,11,9
127,12,9
127,13,9
127,14,9
127,15,9
127,16,9
127,17,9
127,18,9
127,19,9
127,20,9
127,21,9
127,22,9
127,23,9
127,24,9
127,25,9
127,26,9
127,27,9
127,28,9
127,29,9
127,30,9
127,31,9
127,32,9
127,33,9
127,34,9
127,35,9
127,36,9
127,37,9
127,38,9
127,39,9
127,40,9
127,41,9
127,42,9
127,43,9
127,44,9
127,45,9
127,46,9
127,47,9
127,48,9
127,49,9
127,50,9
127,51,9
127,52,9
127,53,9
127,54,9
127,55,9
127,56,9
127,57,9
127,58,9
127,59,9
127,60,9
127,61,9
127,62,9
127,63,9
127,64,9
127,65,9
127,66,9
127,67,9
127,68,9
127,69,9
127,70,9
127,71,9
127,72,9
127,73,9
127,74,9
127,75,9
127,76,9
127,77,9
127,78,9
127,79,9
127,80,9
127,81,9
127,82,9
127,83,9
127,84,9
127,85,9
127,86,9
127,87,9
127,88,9
127,89,9
127,90,9
127,91,9
127,92,9
127,93,9
127,94,9
127,95,9
127,96,9
127,97,9
127,98,9
127,99,9
127,100,9
127,101,9
127,102,9
127,103,9
127,104,9
127,105,9
127,106,9
127,107,9
127,108,9
127,109,9
127,110,9
127,111,9
127,112,9
127,113,9
127,114,9
127,115,9
127,116,9
127,117,9
127,118,9
127,119,9
127,120,9
127,121,9
127,122,9
127,123,9
127,124,9
127,125,9
127,126,9
127,128,9
127,129,9
127,130,9
127,131,9
127,132,9
127,133,9
127,134,9
127,135,9
127,136,9
127,137,9
127,138,9
127,139,9
127,140,9
127,141,9
127,142,9
127,143,9
127,144,9
127,145,9
127,146,9
127,147,9
127,148,9
127,149,9
127,150,9
127,151,9
127,152,9
127,153,9
127,154,9
127,155,9
127,156,9
127,157,9
127,158,9
127,159,9
127,160,9
127,161,9
127,162,9
127,163,9
127,164,9
127,165,9
127,166,9
127,167,9
127,168,9
127,169,9
127,170,9
127,171,9
127,172,9
127,173,9
127,174,9
127,175,9
127,176,9
127,177,9
127,178,9
127,179,9
127,180,9
127,181,9
127,182,9
127,183,9
127,184,9
127,185,9
127,186,9
127,187,9
127,188,9
127,189,9
127,190,9
127,191,9
127,192,9
127,193,9
127,194,9
127,215,9
127,217,9
127,219,9
127,221,9
127,223,9
128,0,9
128,1,9
128,2,9
128,3,9
128,4,9
128,5,9
128,6,9
128,7,9
128,8,9
128,9,9
128,10,9
128,11,9
128,12,9
128,13,9
128,14,9
128,15,9
128,16,9
128,17,9
128,18,9
128,19,9
128,20,9
128,21,9
128,22,9
128,23,9
128,24,9
128,25,9
128,26,9
128,27,9
128,28,9
128,29,9
128,30,9
128,31,9
128,32,9
128,33,9
128,34,9
128,35,9
128,36,9
128,37,9
128,38,9
128,39,9
128,40,9
128,41,9
128,42,9
128,43,9
128,44,9
128,45,9
128,46,9
128,47,9
128,48,9
128,49,9
128,50,9
128,51,9
128,52,9
128,53,9
128,54,9
128,55,9
128,56,9
128,57,9
128,58,9
128,59,9
128,60,9
128,61,9
128,62,9
128,63,9
128,64,9
128,65,9
128,66,9
128,67,9
128,68,9
128,69,9
128,70,9
128,71,9
128,72,9
128,73,9
128,74,9
128,75,9
128,76,9
128,77,9
128,78,9
128,79,9
128,80,9
128,81,9
128,82,9
128,83,9
128,84,9
128,85,9
128,86,9
128,87,9
128,88,9
128,89,9
128,90,9
128,91,9
128,92,9
128,93,9
128,94,9
128,95,9
128,96,9
128,97,9
128,98,9
128,99,9
128,100,9
128,101,9
128,102,9
128,103,9
128,104,9
128,105,9
128,106,9
128,107,9
128,108,9
128,109,9
128,110,9
128,111,9
128,112,9
128,113,9
128,114,9
128,115,9
128,116,9
128,117,9
128,118,9
128,119,9
128,120,9
128,121,9
128,122,9
128,123,9
128,124,9
128,125,9
128,126,9
128,127,9
128,129,9
128,130,9
128,131,9
128,132,9
128,133,9
128,134,9
128,135,9
128,136,9
128,137,9
128,138,9
128,139,9
128,140,9
128,141,9
128,142,9
128,143,9
128,144,9
128,145,9
128,146,9
128,147,9
128,148,9
128,149,9
128,150,9
128,151,9
128,152,9
128,153,9
128,154,9
128,155,9
128,156,9
128,157,9
128,158,9
128,159,9
128,160,9
128,161,9
128,162,9
128,163,9
128,164,9
128,165,9
128,166,9
128,167,9
128,168,9
128,169,9
128,170,9
128,171,9
128,172,9
128,173,9
128,174,9
128,175,9
128,176,9
128,177,9
128,178,9
128,179,9
128,180,9
128,181,9
128,182,9
128,183,9
128,184,9
128,185,9
128,186,9
128,187,9
128,188,9
128,189,9
128,190,9
128,191,9
128,192,9
128,193,9
128,194,9
128,215,9
128,217,9
128,219,9
128,221,9
128,223,9
129,0,9
129,1,9
129,2,9
129,3,9
129,4,9
129,5,9
129,6,9
129,7,9
129,8,9
129,9,9
129,10,9
129,11,9
129,12,9
129,13,9
129,14,9
129,15,9
129,16,9
129,17,9
129,18,9
129,19,9
129,20,9
129,21,9
129,22,9
129,23,9
129,24,9
129,25,9
129,26,9
129,27,9
129,28,9
129,29,9
129,30,9
129,31,9
129,32,9
129,33,9
129,34,9
129,35,9
129,36,9
129,37,9
129,38,9
129,39,9
129,40,9
129,41,9
129,42,9
129,43,9
129,44,9
129,45,9
129,46,9
129,47,9
129,48,9
129,49,9
129,50,9
129,51,9
129,52,9
129,53,9
129,54,9
129,55,9
129,56,9
129,57,9
129,58,9
129,59,9
129,60,9
129,61,9
129,62,9
129,63,9
129,64,9
129,65,9
129,66,9
129,67,9
129,68,9
129,69,9
129,70,9
129,71,9
129,72,9
129,73,9
129,74,9
129,75,9
129,76,9
129,77,9
129,78,9
129,79,9
129,80,9
129,81,9
129,82,9
129,83,9
129,84,9
129,85,9
129,86,9
129,87,9
129,88,9
129,89,9
129,90,9
129,91,9
129,92,9
129,93,9
129,94,9
129,95,9
129,96,9
129,97,9
129,98,9
129,99,9
129,100,9
129,101,9
129,102,9
129,103,9
129,104,9
129,105,9
129,106,9
129,107,9
129,108,9
129,109,9
129,110,9
129,111,9
129,112,9
129,113,9
129,114,9
129,115,9
129,116,9
129,117,9
129,118,9
129,119,9
129,120,9
129,121,9
129,122,9
129,123,9
129,124,9
129,125,9
129,126,9
129,127,9
129,128,9
129,130,9
129,131,9
129,132,9
129,133,9
129,134,9
129,135,9
129,136,9
129,137,9
129,138,9
129,139,9
129,140,9
129,141,9
129,142,9
129,143,9
129,144,9
129,145,9
129,146,9
129,147,9
129,148,9
129,149,9
129,150,9
129,151,9
129,152,9
129,153,9
129,154,9
129,155,9
129,156,9
129,157,9
129,158,9
129,159,9
129,160,9
129,161,9
129,162,9
129,163,9
129,164,9
129,165,9
129,166,9
129,167,9
129,168,9
129,169,9
129,170,9
129,171,9
129,172,9
129,173,9
129,174,9
129,175,9
129,176,9
129,177,9
129,178,9
129,179,9
129,180,9
129,181,9
129,182,9
129,183,9
129,184,9
129,185,9
129,186,9
129,187,9
129,188,9
129,189,9
129,190,9
129,191,9
129,192,9
129,193,9
129,194,9
129,215,9
129,217,9
129,219,9
129,221,9
129,223,9
130,0,9
130,1,9
130,2,9
130,3,9
130,4,9
130,5,9
130,6,9
130,7,9
130,8,9
130,9,9
130,10,9
130,11,9
130,12,9
130,13,9
130,14,9
130,15,9
130,16,9
130,17,9
130,18,9
130,19,9
130,20,9
130,21,9
130,22,9
130,23,9
130,24,9
130,25,9
130,26,9
130,27,9
130,28,9
130,29,9
130,30,9
130,31,9
130,32,9
130,33,9
130,34,9
130,35,9
130,36,9
130,37,9
130,38,9
130,39,9
130,40,9
130,41,9
130,42,9
130,43,9
130,44,9
130,45,9
130,46,9
130,47,9
130,48,9
130,49,9
130,50,9
130,51,9
130,52,9
130,53,9
130,54,9
130,55,9
130,56,9
130,57,9
130,58,9
130,59,9
130,60,9
130,61,9
130,62,9
130,63,9
130,64,9
130,65,9
130,66,9
130,67,9
130,68,9
130,69,9
130,70,9
130,71,9
130,72,9
130,73,9
130,74,9
130,75,9
130,76,9
130,77,9
130,78,9
130,79,9
130,80,9
130,81,9
130,82,9
130,83,9
130,84,9
130,85,9
130,86,9
130,87,9
130,88,9
130,89,9
130,90,9
130,91,9
130,92,9
130,93,9
130,94,9
130,95,9
130,96,9
130,97,9
130,98,9
130,99,9
130,100,9
130,101,9
130,102,9
130,103,9
130,104,9
130,105,9
130,106,9
130,107,9
130,108,9
130,109,9
130,110,9
130,111,9
130,112,9
130,113,9
130,114,9
130,115,9
130,116,9
130,117,9
130,118,9
130,119,9
130,120,9
130,121,9
130,122,9
130,123,9
130,124,9
130,125,9
130,126,9
130,127,9
130,128,9
130,129,9
130,131,9
130,132,9
130,133,9
130,134,9
130,135,9
130,136,9
130,137,9
130,138,9
130,139,9
130,140,9
130,141,9
130,142,9
130,143,9
130,144,9
130,145,9
130,146,9
130,147,9
130,148,9
130,149,9
130,150,9
130,151,9
130,152,9
130,153,9
130,154,9
130,155,9
130,156,9
130,157,9
130,158,9
130,159,9
130,160,9
130,161,9
130,162,9
130,163,9
130,164,9
130,165,9
130,166,9
130,167,9
130,168,9
130,169,9
130,170,9
130,171,9
130,172,9
130,173,9
130,174,9
130,175,9
130,176,9
130,177,9
130,178,9
130,179,9
130,180,9
130,181,9
130,182,9
130,183,9
130,184,9
130,185,9
130,186,9
130,187,9
130,188,9
130,189,9
130,190,9
130,191,9
130,192,9
130,193,9
130,194,9
130,215,9
130,217,9
130,219,9
130,221,9
130,223,9
131,0,9
131,1,9
131,2,9
131,3,9
131,4,9
131,5,9
131,6,9
131,7,9
131,8,9
131,9,9
131,10,9
131,11,9
131,12,9
131,13,9
131,14,9
131,15,9
131,16,9
131,17,9
131,18,9
131,19,9
131,20,9
131,21,9
131,22,9
131,23,9
131,24,9
131,25,9
131,26,9
131,27,9
131,28,9
131,29,9
131,30,9
131,31,9
131,32,9
131,33,9
131,34,9
131,35,9
131,36,9
131,37,9
131,38,9
131,39,9
131,40,9
131,41,9
131,42,9
131,43,9
131,44,9
131,45,9
131,46,9
131,47,9
131,48,9
131,49,9
131,50,9
131,51,9
131,52,9
131,53,9
131,54,9
131,55,9
131,56,9
131,57,9
131,58,9
131,59,9
131,60,9
131,61,9
131,62,9
131,63,9
131,64,9
131,65,9
131,66,9
131,67,9
131,68,9
131,69,9
131,70,9
131,71,9
131,72,9
131,73,9
131,74,9
131,75,9
131,76,9
131,77,9
131,78,9
131,79,9
131,80,9
131,81,9
131,82,9
131,83,9
131,84,9
131,85,9
131,86,9
131,87,9
131,88,9
131,89,9
131,90,9
131,91,9
131,92,9
131,93,9
131,94,9
131,95,9
131,96,9
131,97,9
131,98,9
131,99,9
131,100,9
131,101,9
131,102,9
131,103,9
131,104,9
131,105,9
131,106,9
131,107,9
131,108,9
131,109,9
131,110,9
131,111,9
131,112,9
131,113,9
131,114,9
131,115,9
131,116,9
131,117,9
131,118,9
131,119,9
131,120,9
131,121,9
131,122,9
131,123,9
131,124,9
131,125,9
131,126,9
131,127,9
131,128,9
131,129,9
131,130,9
131,132,9
131,133,9
131,134,9
131,135,9
131,136,9
131,137,9
131,138,9
131,139,9
131,140,9
131,141,9
131,142,9
131,143,9
131,144,9
131,145,9
131,146,9
131,147,9
131,148,9
131,149,9
131,150,9
131,151,9
131,152,9
131,153,9
131,154,9
131,155,9
131,156,9
131,157,9
131,158,9
131,159,9
131,160,9
131,161,9
131,162,9
131,163,9
131,164,9
131,165,9
131,166,9
131,167,9
131,168,9
131,169,9
131,170,9
131,171,9
131,172,9
131,173,9
131,174,9
131,175,9
131,176,9
131,177,9
131,178,9
131,179,9
131,180,9
131,181,9
131,182,9
131,183,9
131,184,9
131,185,9
131,186,9
131,187,9
131,188,9
131,189,9
131,190,9
131,191,9
131,192,9
131,193,9
131,194,9
131,215,9
131,217,9
131,219,9
131,221,9
131,223,9
132,0,9
132,1,9
132,2,9
132,3,9
132,4,9
132,5,9
132,6,9
132,7,9
132,8,9
132,9,9
132,10,9
132,11,9
132,12,9
132,13,9
132,14,9
132,15,9
132,16,9
132,17,9
132,18,9
132,19,9
132,20,9
132,21,9
132,22,9
132,23,9
132,24,9
132,25,9
132,26,9
132,27,9
132,28,9
132,29,9
132,30,9
132,31,9
132,32,9
132,33,9
132,34,9
132,35,9
132,36,9
132,37,9
132,38,9
132,39,9
132,40,9
132,41,9
132,42,9
132,43,9
132,44,9
132,45,9
132,46,9
132,47,9
132,48,9
132,49,9
132,50,9
132,51,9
132,52,9
132,53,9
132,54,9
132,55,9
132,56,9
132,57,9
132,58,9
132,59,9
132,60,9
132,61,9
132,62,9
132,63,9
132,64,9
132,65,9
132,66,9
132,67,9
132,68,9
132,69,9
132,70,9
132,71,9
132,72,9
132,73,9
132,74,9
132,75,9
132,76,9
132,77,9
132,78,9
132,79,9
132,80,9
132,81,9
132,82,9
132,83,9
132,84,9
132,85,9
132,86,9
132,87,9
132,88,9
132,89,9
132,90,9
132,91,9
132,92,9
132,93,9
132,94,9
132,95,9
132,96,9
132,97,9
132,98,9
132,99,9
132,100,9
132,101,9
132,102,9
132,103,9
132,104,9
132,105,9
132,106,9
132,107,9
132,108,9
132,109,9
132,110,9
132,111,9
132,112,9
132,113,9
132,114,9
132,115,9
132,116,9
132,117,9
132,118,9
132,119,9
132,120,9
132,121,9
132,122,9
132,123,9
132,124,9
132,125,9
132,126,9
132,127,9
132,128,9
132,129,9
132,130,9
132,131,9
132,133,9
132,134,9
132,135,9
132,136,9
132,137,9
132,138,9
132,139,9
132,140,9
132,141,9
132,142,9
132,143,9
132,144,9
132,145,9
132,146,9
132,147,9
132,148,9
132,149,9
132,150,9
132,151,9
132,152,9
132,153,9
132,154,9
132,155,9
132,156,9
132,157,9
132,158,9
132,159,9
132,160,9
132,161,9
132,162,9
132,163,9
132,164,9
132,165,9
132,166,9
132,167,9
132,168,9
132,169,9
132,170,9
132,171,9
132,172,9
132,173,9
132,174,9
132,175,9
132,176,9
132,177,9
132,178,9
132,179,9
132,180,9
132,181,9
132,182,9
132,183,9
132,184,9
132,185,9
132,186,9
132,187,9
132,188,9
132,189,9
132,190,9
132,191,9
132,192,9
132,193,9
132,194,9
132,215,9
132,217,9
132,219,9
132,221,9
132,223,9
133,0,9
133,1,9
133,2,9
133,3,9
133,4,9
133,5,9
133,6,9
133,7,9
133,8,9
133,9,9
133,10,9
133,11,9
133,12,9
133,13,9
133,14,9
133,15,9
133,16,9
133,17,9
133,18,9
133,19,9
133,20,9
133,21,9
133,22,9
133,23,9
133,24,9
133,25,9
133,26,9
133,27,9
133,28,9
133,29,9
133,30,9
133,31,9
133,32,9
133,33,9
133,34,9
133,35,9
133,36,9
133,37,9
133,38,9
133,39,9
133,40,9
133,41,9
133,42,9
133,43,9
133,44,9
133,45,9
133,46,9
133,47,9
133,48,9
133,49,9
133,50,9
133,51,9
133,52,9
133,53,9
133,54,9
133,55,9
133,56,9
133,57,9
133,58,9
133,59,9
133,60,9
133,61,9
133,62,9
133,63,9
133,64,9
133,65,9
133,66,9
133,67,9
133,68,9
133,69,9
133,70,9
133,71,9
133,72,9
133,73,9
133,74,9
133,75,9
133,76,9
133,77,9
133,78,9
133,79,9
133,80,9
133,81,9
133,82,9
133,83,9
133,84,9
133,85,9
133,86,9
133,87,9
133,88,9
133,89,9
133,90,9
133,91,9
133,92,9
133,93,9
133,94,9
133,95,9
133,96,9
133,97,9
133,98,9
133,99,9
133,100,9
133,101,9
133,102,9
133,103,9
133,104,9
133,105,9
133,106,9
133,107,9
133,108,9
133,109,9
133,110,9
133,111,9
133,112,9
133,113,9
133,114,9
133,115,9
133,116,9
133,117,9
133,118,9
133,119,9
133,120,9
133,121,9
133,122,9
133,123,9
133,124,9
133,125,9
133,126,9
133,127,9
133,128,9
133,129,9
133,130,9
133,131,9
133,132,9
133,134,9
133,135,9
133,136,9
133,137,9
133,138,9
133,139,9
133,140,9
133,141,9
133,142,9
133,143,9
133,144,9
133,145,9
133,146,9
133,147,9
133,148,9
133,149,9
133,150,9
133,151,9
133,152,9
133,153,9
133,154,9
133,155,9
133,156,9
133,157,9
133,158,9
133,159,9
133,160,9
133,161,9
133,162,9
133,163,9
133,164,9
133,165,9
133,166,9
133,167,9
133,168,9
133,169,9
133,170,9
133,171,9
133,172,9
133,173,9
133,174,9
133,175,9
133,176,9
133,177,9
133,178,9
133,179,9
133,180,9
133,181,9
133,182,9
133,183,9
133,184,9
133,185,9
133,186,9
133,187,9
133,188,9
133,189,9
133,190,9
133,191,9
133,192,9
133,193,9
133,194,9
133,215,9
133,217,9
133,219,9
133,221,9
133,223,9
134,0,9
134,1,9
134,2,9
134,3,9
134,4,9
134,5,9
134,6,9
134,7,9
134,8,9
134,9,9
134,10,9
134,11,9
134,12,9
134,13,9
134,14,9
134,15,9
134,16,9
134,17,9
134,18,9
134,19,9
134,20,9
134,21,9
134,22,9
134,23,9
134,24,9
134,25,9
134,26,9
134,27,9
134,28,9
134,29,9
134,30,9
134,31,9
134,32,9
134,33,9
134,34,9
134,35,9
134,36,9
134,37,9
134,38,9
134,39,9
134,40,9
134,41,9
134,42,9
134,43,9
134,44,9
134,45,9
134,46,9
134,47,9
134,48,9
134,49,9
134,50,9
134,51,9
134,52,9
134,53,9
134,54,9
134,55,9
134,56,9
134,57,9
134,58,9
134,59,9
134,60,9
134,61,9
134,62,9
134,63,9
134,64,9
134,65,9
134,66,9
134,67,9
134,68,9
134,69,9
134,70,9
134,71,9
134,72,9
134,73,9
134,74,9
134,75,9
134,76,9
134,77,9
134,78,9
134,79,9
134,80,9
134,81,9
134,82,9
134,83,9
134,84,9
134,85,9
134,86,9
134,87,9
134,88,9
134,89,9
134,90,9
134,91,9
134,92,9
134,93,9
134,94,9
134,95,9
134,96,9
134,97,9
134,98,9
134,99,9
134,100,9
134,101,9
134,102,9
134,103,9
134,104,9
134,105,9
134,106,9
134,107,9
134,108,9
134,109,9
134,110,9
134,111,9
134,112,9
134,113,9
134,114,9
134,115,9
134,116,9
134,117,9
134,118,9
134,119,9
134,120,9
134,121,9
134,122,9
134,123,9
134,124,9
134,125,9
134,126,9
134,127,9
134,128,9
134,129,9
134,130,9
134,131,9
134,132,9
134,133,9
134,135,9
134,136,9
134,137,9
134,138,9
134,139,9
134,140,9
134,141,9
134,142,9
134,143,9
134,144,9
134,145,9
134,146,9
134,147,9
134,148,9
134,149,9
134,150,9
134,151,9
134,152,9
134,153,9
134,154,9
134,155,9
134,156,9
134,157,9
134,158,9
134,159,9
134,160,9
134,161,9
134,162,9
134,163,9
134,164,9
134,165,9
134,166,9
134,167,9
134,168,9
134,169,9
134,170,9
134,171,9
134,172,9
134,173,9
134,174,9
134,175,9
134,176,9
134,177,9
134,178,9
134,179,9
134,180,9
134,181,9
134,182,9
134,183,9
134,184,9
134,185,9
134,186,9
134,187,9
134,188,9
134,189,9
134,190,9
134,191,9
134,192,9
134,193,9
134,194,9
134,215,9
134,217,9
134,219,9
134,221,9
134,223,9
135,0,10
135,1,10
135,2,10
135,3,10
135,4,10
135,5,10
135,6,10
135,7,10
135,8,10
135,9,10
135,10,10
135,11,10
135,12,10
135,13,10
135,14,10
135,15,10
135,16,10
135,17,10
135,18,10
135,19,10
135,20,10
135,21,10
135,22,10
135,23,10
135,24,10
135,25,10
135,26,10
135,27,10
135,28,10
135,29,10
135,30,10
135,31,10
135,32,10
135,33,10
135,34,10
135,35,10
135,36,10
135,37,10
135,38,10
135,39,10
135,40,10
135,41,10
135,42,10
135,43,10
135,44,10
135,45,10
135,46,10
135,47,10
135,48,10
135,49,10
135,50,10
135,51,10
135,52,10
135,53,10
135,54,10
135,55,10
135,56,10
135,57,10
135,58,10
135,59,10
135,60,10
135,61,10
135,62,10
135,63,10
135,64,10
135,65,10
135,66,10
135,67,10
135,68,10
135,69,10
135,70,10
135,71,10
135,72,10
135,73,10
135,74,10
135,75,10
135,76,10
135,77,10
135,78,10
135,79,10
135,80,10
135,81,10
135,82,10
135,83,10
135,84,10
135,85,10
135,86,10
135,87,10
135,88,10
135,89,10
135,90,10
135,91,10
135,92,10
135,93,10
135,94,10
135,95,10
135,96,10
135,97,10
135,98,10
135,99,10
135,100,10
135,101,10
135,102,10
135,103,10
135,104,10
135,105,10
135,106,10
135,107,10
135,108,10
135,109,10
135,110,10
135,111,10
135,112,10
135,113,10
135,114,10
135,115,10
135,116,10
135,117,10
135,118,10
135,119,10
135,120,10
135,121,10
135,122,10
135,123,10
135,124,10
135,125,10
135,126,10
135,127,10
135,128,10
135,129,10
135,130,10
135,131,10
135,132,10
135,133,10
135,134,10
135,136,10
135,137,10
135,138,10
135,139,10
135,140,10
135,141,10
135,142,10
135,143,10
135,144,10
135,145,10
135,146,10
135,147,10
135,148,10
135,149,10
135,150,10
135,151,10
135,152,10
135,153,10
135,154,10
135,155,10
135,156,10
135,157,10
135,158,10
135,159,10
135,160,10
135,161,10
135,162,10
135,163,10
135,164,10
135,165,10
135,166,10
135,167,10
135,168,10
135,169,10
135,170,10
135,171,10
135,172,10
135,173,10
135,174,10
135,175,10
135,176,10
135,177,10
135,178,10
135,179,10
135,180,10
135,181,10
135,182,10
135,183,10
135,184,10
135,185,10
135,186,10
135,187,10
135,188,10
135,189,10
135,190,10
135,191,10
135,192,10
135,193,10
135,194,10
135,215,10
135,217,10
135,219,10
135,221,10
135,223,10
136,0,10
136,1,10
136,2,10
136,3,10
136,4,10
136,5,10
136,6,10
136,7,10
136,8,10
136,9,10
136,10,10
136,11,10
136,12,10
136,13,10
136,14,10
136,15,10
136,16,10
136,17,10
136,18,10
136,19,10
136,20,10
136,21,10
136,22,10
136,23,10
136,24,10
136,25,10
136,26,10
136,27,10
136,28,10
136,29,10
136,30,10
136,31,10
136,32,10
136,33,10
136,34,10
136,35,10
136,36,10
136,37,10
136,38,10
136,39,10
136,40,10
136,41,10
136,42,10
136,43,10
136,44,10
136,45,10
136,46,10
136,47,10
136,48,10
136,49,10
136,50,10
136,51,10
136,52,10
136,53,10
136,54,10
136,55,10
136,56,10
136,57,10
136,58,10
136,59,10
136,60,10
136,61,10
136,62,10
136,63,10
136,64,10
136,65,10
136,66,10
136,67,10
136,68,10
136,69,10
136,70,10
136,71,10
136,72,10
136,73,10
136,74,10
136,75,10
136,76,10
136,77,10
136,78,10
136,79,10
136,80,10
136,81,10
136,82,10
136,83,10
136,84,10
136,85,10
136,86,10
136,87,10
136,88,10
136,89,10
136,90,10
136,91,10
136,92,10
136,93,10
136,94,10
136,95,10
136,96,10
136,97,10
136,98,10
136,99,10
136,100,10
136,101,10
136,102,10
136,103,10
136,104,10
136,105,10
136,106,10
136,107,10
136,108,10
136,109,10
136,110,10
136,111,10
136,112,10
136,113,10
136,114,10
136,115,10
136,116,10
136,117,10
136,118,10
136,119,10
136,120,10
136,121,10
136,122,10
136,123,10
136,124,10
136,125,10
136,126,10
136,127,10
136,128,10
136,129,10
136,130,10
136,131,10
136,132,10
136,133,10
136,134,10
136,135,10
136,137,10
136,138,10
136,139,10
136,140,10
136,141,10
136,142,10
136,143,10
136,144,10
136,145,10
136,146,10
136,147,10
136,148,10
136,149,10
136,150,10
136,151,10
136,152,10
136,153,10
136,154,10
136,155,10
136,156,10
136,157,10
136,158,10
136,159,10
136,160,10
136,161,10
136,162,10
136,163,10
136,164,10
136,165,10
136,166,10
136,167,10
136,168,10
136,169,10
136,170,10
136,171,10
136,172,10
136,173,10
136,174,10
136,175,10
136,176,10
136,177,10
136,178,10
136,179,10
136,180,10
136,181,10
136,182,10
136,183,10
136,184,10
136,185,10
136,186,10
136,187,10
136,188,10
136,189,10
136,190,10
136,191,10
136,192,10
136,193,10
136,194,10
136,215,10
136,217,10
136,219,10
136,221,10
136,223,10
137,0,10
137,1,10
137,2,10
137,3,10
137,4,10
137,5,10
137,6,10
137,7,10
137,8,10
137,9,10
137,10,10
137,11,10
137,12,10
137,13,10
137,14,10
137,15,10
137,16,10
137,17,10
137,18,10
137,19,10
137,20,10
137,21,10
137,22,10
137,23,10
137,24,10
137,25,10
137,26,10
137,27,10
137,28,10
137,29,10
137,30,10
137,31,10
137,32,10
137,33,10
137,34,10
137,35,10
137,36,10
137,37,10
137,38,10
137,39,10
137,40,10
137,41,10
137,42,10
137,43,10
137,44,10
137,45,10
137,46,10
137,47,10
137,48,10
137,49,10
137,50,10
137,51,10
137,52,10
137,53,10
137,54,10
137,55,10
137,56,10
137,57,10
137,58,10
137,59,10
137,60,10
137,61,10
137,62,10
137,63,10
137,64,10
137,65,10
137,66,10
137,67,10
137,68,10
137,69,10
137,70,10
137,71,10
137,72,10
137,73,10
137,74,10
137,75,10
137,76,10
137,77,10
137,78,10
137,79,10
137,80,10
137,81,10
137,82,10
137,83,10
137,84,10
137,85,10
137,86,10
137,87,10
137,88,10
137,89,10
137,90,10
137,91,10
137,92,10
137,93,10
137,94,10
137,95,10
137,96,10
137,97,10
137,98,10
137,99,10
137,100,10
137,101,10
137,102,10
137,103,10
137,104,10
137,105,10
137,106,10
137,107,10
137,108,10
137,109,10
137,110,10
137,111,10
137,112,10
137,113,10
137,114,10
137,115,10
137,116,10
137,117,10
137,118,10
137,119,10
137,120,10
137,121,10
137,122,10
137,123,10
137,124,10
137,125,10
137,126,10
137,127,10
137,128,10
137,129,10
137,130,10
137,131,10
137,132,10
137,133,10
137,134,10
137,135,10
137,136,10
137,138,10
137,139,10
137,140,10
137,141,10
137,142,10
137,143,10
137,144,10
137,145,10
137,146,10
137,147,10
137,148,10
137,149,10
137,150,10
137,151,10
137,152,10
137,153,10
137,154,10
137,155,10
137,156,10
137,157,10
137,158,10
137,159,10
137,160,10
137,161,10
137,162,10
137,163,10
137,164,10
137,165,10
137,166,10
137,167,10
137,168,10
137,169,10
137,170,10
137,171,10
137,172,10
137,173,10
137,174,10
137,175,10
137,176,10
137,177,10
137,178,10
137,179,10
137,180,10
137,181,10
137,182,10
137,183,10
137,184,10
137,185,10
137,186,10
137,187,10
137,188,10
137,189,10
137,190,10
137,191,10
137,192,10
137,193,10
137,194,10
137,215,10
137,217,10
137,219,10
137,221,10
137,223,10
138,0,10
138,1,10
138,2,10
138,3,10
138,4,10
138,5,10
138,6,10
138,7,10
138,8,10
138,9,10
138,10,10
138,11,10
138,12,10
138,13,10
138,14,10
138,15,10
138,16,10
138,17,10
138,18,10
138,19,10
138,20,10
138,21,10
138,22,10
138,23,10
138,24,10
138,25,10
138,26,10
138,27,10
138,28,10
138,29,10
138,30,10
138,31,10
138,32,10
138,33,10
138,34,10
138,35,10
138,36,10
138,37,10
138,38,10
138,39,10
138,40,10
138,41,10
138,42,10
138,43,10
138,44,10
138,45,10
138,46,10
138,47,10
138,48,10
138,49,10
138,50,10
138,51,10
138,52,10
138,53,10
138,54,10
138,55,10
138,56,10
138,57,10
138,58,10
138,59,10
138,60,10
138,61,10
138,62,10
138,63,10
138,64,10
138,65,10
138,66,10
138,67,10
138,68,10
138,69,10
138,70,10
138,71,10
138,72,10
138,73,10
138,74,10
138,75,10
138,76,10
138,77,10
138,78,10
138,79,10
138,80,10
138,81,10
138,82,10
138,83,10
138,84,10
138,85,10
138,86,10
138,87,10
138,88,10
138,89,10
138,90,10
138,91,10
138,92,10
138,93,10
138,94,10
138,95,10
138,96,10
138,97,10
138,98,10
138,99,10
138,100,10
138,101,10
138,102,10
138,103,10
138,104,10
138,105,10
138,106,10
138,107,10
138,108,10
138,109,10
138,110,10
138,111,10
138,112,10
138,113,10
138,114,10
138,115,10
138,116,10
138,117,10
138,118,10
138,119,10
138,120,10
138,121,10
138,122,10
138,123,10
138,124,10
138,125,10
138,126,10
138,127,10
138,128,10
138,129,10
138,130,10
138,131,10
138,132,10
138,133,10
138,134,10
138,135,10
138,136,10
138,137,10
138,139,10
138,140,10
138,141,10
138,142,10
138,143,10
138,144,10
138,145,10
138,146,10
138,147,10
138,148,10
138,149,10
138,150,10
138,151,10
138,152,10
138,153,10
138,154,10
138,155,10
138,156,10
138,157,10
138,158,10
138,159,10
138,160,10
138,161,10
138,162,10
138,163,10
138,164,10
138,165,10
138,166,10
138,167,10
138,168,10
138,169,10
138,170,10
138,171,10
138,172,10
138,173,10
138,174,10
138,175,10
138,176,10
138,177,10
138,178,10
138,179,10
138,180,10
138,181,10
138,182,10
138,183,10
138,184,10
138,185,10
138,186,10
138,187,10
138,188,10
138,189,10
138,190,10
138,191,10
138,192,10
138,193,10
138,194,10
138,215,10
138,217,10
138,219,10
138,221,10
138,223,10
139,0,10
139,1,10
139,2,10
139,3,10
139,4,10
139,5,10
139,6,10
139,7,10
139,8,10
139,9,10
139,10,10
139,11,10
139,12,10
139,13,10
139,14,10
139,15,10
139,16,10
139,17,10
139,18,10
139,19,10
139,20,10
139,21,10
139,22,10
139,23,10
139,24,10
139,25,10
139,26,10
139,27,10
139,28,10
139,29,10
139,30,10
139,31,10
139,32,10
139,33,10
139,34,10
139,35,10
139,36,10
139,37,10
139,38,10
139,39,10
139,40,10
139,41,10
139,42,10
139,43,10
139,44,10
139,45,10
139,46,10
139,47,10
139,48,10
139,49,10
139,50,10
139,51,10
139,52,10
139,53,10
139,54,10
139,55,10
139,56,10
139,57,10
139,58,10
139,59,10
139,60,10
139,61,10
139,62,10
139,63,10
139,64,10
139,65,10
139,66,10
139,67,10
139,68,10
139,69,10
139,70,10
139,71,10
139,72,10
139,73,10
139,74,10
139,75,10
139,76,10
139,77,10
139,78,10
139,79,10
139,80,10
139,81,10
139,82,10
139,83,10
139,84,10
139,85,10
139,86,10
139,87,10
139,88,10
139,89,10
139,90,10
139,91,10
139,92,10
139,93,10
139,94,10
139,95,10
139,96,10
139,97,10
139,98,10
139,99,10
139,100,10
139,101,10
139,102,10
139,103,10
139,104,10
139,105,10
139,106,10
139,107,10
139,108,10
139,109,10
139,110,10
139,111,10
139,112,10
139,113,10
139,114,10
139,115,10
139,116,10
139,117,10
139,118,10
139,119,10
139,120,10
139,121,10
139,122,10
139,123,10
139,124,10
139,125,10
139,126,10
139,127,10
139,128,10
139,129,10
139,130,10
139,131,10
139,132,10
139,133,10
139,134,10
139,135,10
139,136,10
139,137,10
139,138,10
139,140,10
139,141,10
139,142,10
139,143,10
139,144,10
139,145,10
139,146,10
139,147,10
139,148,10
139,149,10
139,150,10
139,151,10
139,152,10
139,153,10
139,154,10
139,155,10
139,156,10
139,157,10
139,158,10
139,159,10
139,160,10
139,161,10
139,162,10
139,163,10
139,164,10
139,165,10
139,166,10
139,167,10
139,168,10
139,169,10
139,170,10
139,171,10
139,172,10
139,173,10
139,174,10
139,175,10
139,176,10
139,177,10
139,178,10
139,179,10
139,180,10
139,181,10
139,182,10
139,183,10
139,184,10
139,185,10
139,186,10
139,187,10
139,188,10
139,189,10
139,190,10
139,191,10
139,192,10
139,193,10
139,194,10
139,215,10
139,217,10
139,219,10
139,221,10
139,223,10
140,0,10
140,1,10
140,2,10
140,3,10
140,4,10
140,5,10
140,6,10
140,7,10
140,8,10
140,9,10
140,10,10
140,11,10
140,12,10
140,13,10
140,14,10
140,15,10
140,16,10
140,17,10
140,18,10
140,19,10
140,20,10
140,21,10
140,22,10
140,23,10
140,24,10
140,25,10
140,26,10
140,27,10
140,28,10
140,29,10
140,30,10
140,31,10
140,32,10
140,33,10
140,34,10
140,35,10
140,36,10
140,37,10
140,38,10
140,39,10
140,40,10
140,41,10
140,42,10
140,43,10
140,44,10
140,45,10
140,46,10
140,47,10
140,48,10
140,49,10
140,50,10
140,51,10
140,52,10
140,53,10
140,54,10
140,55,10
140,56,10
140,57,10
140,58,10
140,59,10
140,60,10
140,61,10
140,62,10
140,63,10
140,64,10
140,65,10
140,66,10
140,67,10
140,68,10
140,69,10
140,70,10
140,71,10
140,72,10
140,73,10
140,74,10
140,75,10
140,76,10
140,77,10
140,78,10
140,79,10
140,80,10
140,81,10
140,82,10
140,83,10
140,84,10
140,85,10
140,86,10
140,87,10
140,88,10
140,89,10
140,90,10
140,91,10
140,92,10
140,93,10
140,94,10
140,95,10
140,96,10
140,97,10
140,98,10
140,99,10
140,100,10
140,101,10
140,102,10
140,103,10
140,104,10
140,105,10
140,106,10
140,107,10
140,108,10
140,109,10
140,110,10
140,111,10
140,112,10
140,113,10
140,114,10
140,115,10
140,116,10
140,117,10
140,118,10
140,119,10
140,120,10
140,121,10
140,122,10
140,123,10
140,124,10
140,125,10
140,126,10
140,127,10
140,128,10
140,129,10
140,130,10
140,131,10
140,132,10
140,133,10
140,134,10
140,135,10
140,136,10
140,137,10
140,138,10
140,139,10
140,141,10
140,142,10
140,143,10
140,144,10
140,145,10
140,146,10
140,147,10
140,148,10
140,149,10
140,150,10
140,151,10
140,152,10
140,153,10
140,154,10
140,155,10
140,156,10
140,157,10
140,158,10
140,159,10
140,160,10
140,161,10
140,162,10
140,163,10
140,164,10
140,165,10
140,166,10
140,167,10
140,168,10
140,169,10
140,170,10
140,171,10
140,172,10
140,173,10
140,174,10
140,175,10
140,176,10
140,177,10
140,178,10
140,179,10
140,180,10
140,181,10
140,182,10
140,183,10
140,184,10
140,185,10
140,186,10
140,187,10
140,188,10
140,189,10
140,190,10
140,191,10
140,192,10
140,193,10
140,194,10
140,215,10
140,217,10
140,219,10
140,221,10
140,223,10
141,0,10
141,1,10
141,2,10
141,3,10
141,4,10
141,5,10
141,6,10
141,7,10
141,8,10
141,9,10
141,10,10
141,11,10
141,12,10
141,13,10
141,14,10
141,15,10
141,16,10
141,17,10
141,18,10
141,19,10
141,20,10
141,21,10
141,22,10
141,23,10
141,24,10
141,25,10
141,26,10
141,27,10
141,28,10
141,29,10
141,30,10
141,31,10
141,32,10
141,33,10
141,34,10
141,35,10
141,36,10
141,37,10
141,38,10
141,39,10
141,40,10
141,41,10
141,42,10
141,43,10
141,44,10
141,45,10
141,46,10
141,47,10
141,48,10
141,49,10
141,50,10
141,51,10
141,52,10
141,53,10
141,54,10
141,55,10
141,56,10
141,57,10
141,58,10
141,59,10
141,60,10
141,61,10
141,62,10
141,63,10
141,64,10
141,65,10
141,66,10
141,67,10
141,68,10
141,69,10
141,70,10
141,71,10
141,72,10
141,73,10
141,74,10
141,75,10
141,76,10
141,77,10
141,78,10
141,79,10
141,80,10
141,81,10
141,82,10
141,83,10
141,84,10
141,85,10
141,86,10
141,87,10
141,88,10
141,89,10
141,90,10
141,91,10
141,92,10
141,93,10
141,94,10
141,95,10
141,96,10
141,97,10
141,98,10
141,99,10
141,100,10
141,101,10
141,102,10
141,103,10
141,104,10
141,105,10
141,106,10
141,107,10
141,108,10
141,109,10
141,110,10
141,111,10
141,112,10
141,113,10
141,114,10
141,115,10
141,116,10
141,117,10
141,118,10
141,119,10
141,120,10
141,121,10
141,122,10
141,123,10
141,124,10
141,125,10
141,126,10
141,127,10
141,128,10
141,129,10
141,130,10
141,131,10
141,132,10
141,133,10
141,134,10
141,135,10
141,136,10
141,137,10
141,138,10
141,139,10
141,140,10
141,142,10
141,143,10
141,144,10
141,145,10
141,146,10
141,147,10
141,148,10
141,149,10
141,150,10
141,151,10
141,152,10
141,153,10
141,154,10
141,155,10
141,156,10
141,157,10
141,158,10
141,159,10
141,160,10
141,161,10
141,162,10
141,163,10
141,164,10
141,165,10
141,166,10
141,167,10
141,168,10
141,169,10
141,170,10
141,171,10
141,172,10
141,173,10
141,174,10
141,175,10
141,176,10
141,177,10
141,178,10
141,179,10
141,180,10
141,181,10
141,182,10
141,183,10
141,184,10
141,185,10
141,186,10
141,187,10
141,188,10
141,189,10
141,190,10
141,191,10
141,192,10
141,193,10
141,194,10
141,215,10
141,217,10
141,219,10
141,221,10
141,223,10
142,0,10
142,1,10
142,2,10
142,3,10
142,4,10
142,5,10
142,6,10
142,7,10
142,8,10
142,9,10
142,10,10
142,11,10
142,12,10
142,13,10
142,14,10
142,15,10
142,16,10
142,17,10
142,18,10
142,19,10
142,20,10
142,21,10
142,22,10
142,23,10
142,24,10
142,25,10
142,26,10
142,27,10
142,28,10
142,29,10
142,30,10
142,31,10
142,32,10
142,33,10
142,34,10
142,35,10
142,36,10
142,37,10
142,38,10
142,39,10
142,40,10
142,41,10
142,42,10
142,43,10
142,44,10
142,45,10
142,46,10
142,47,10
142,48,10
142,49,10
142,50,10
142,51,10
142,52,10
142,53,10
142,54,10
142,55,10
142,56,10
142,57,10
142,58,10
142,59,10
142,60,10
142,61,10
142,62,10
142,63,10
142,64,10
142,65,10
142,66,10
142,67,10
142,68,10
142,69,10
142,70,10
142,71,10
142,72,10
142,73,10
142,74,10
142,75,10
142,76,10
142,77,10
142,78,10
142,79,10
142,80,10
142,81,10
142,82,10
142,83,10
142,84,10
142,85,10
142,86,10
142,87,10
142,88,10
142,89,10
142,90,10
142,91,10
142,92,10
142,93,10
142,94,10
142,95,10
142,96,10
142,97,10
142,98,10
142,99,10
142,100,10
142,101,10
142,102,10
142,103,10
142,104,10
142,105,10
142,106,10
142,107,10
142,108,10
142,109,10
142,110,10
142,111,10
142,112,10
142,113,10
142,114,10
142,115,10
142,116,10
142,117,10
142,118,10
142,119,10
142,120,10
142,121,10
142,122,10
142,123,10
142,124,10
142,125,10
142,126,10
142,127,10
142,128,10
142,129,10
142,130,10
142,131,10
142,132,10
142,133,10
142,134,10
142,135,10
142,136,10
142,137,10
142,138,10
142,139,10
142,140,10
142,141,10
142,143,10
142,144,10
142,145,10
142,146,10
142,147,10
142,148,10
142,149,10
142,150,10
142,151,10
142,152,10
142,153,10
142,154,10
142,155,10
142,156,10
142,157,10
142,158,10
142,159,10
142,160,10
142,161,10
142,162,10
142,163,10
142,164,10
142,165,10
142,166,10
142,167,10
142,168,10
142,169,10
142,170,10
142,171,10
142,172,10
142,173,10
142,174,10
142,175,10
142,176,10
142,177,10
142,178,10
142,179,10
142,180,10
142,181,10
142,182,10
142,183,10
142,184,10
142,185,10
142,186,10
142,187,10
142,188,10
142,189,10
142,190,10
142,191,10
142,192,10
142,193,10
142,194,10
142,215,10
142,217,10
142,219,10
142,221,10
142,223,10
143,0,10
143,1,10
143,2,10
143,3,10
143,4,10
143,5,10
143,6,10
143,7,10
143,8,10
143,9,10
143,10,10
143,11,10
143,12,10
143,13,10
143,14,10
143,15,10
143,16,10
143,17,10
143,18,10
143,19,10
143,20,10
143,21,10
143,22,10
143,23,10
143,24,10
143,25,10
143,26,10
143,27,10
143,28,10
143,29,10
143,30,10
143,31,10
143,32,10
143,33,10
143,34,10
143,35,10
143,36,10
143,37,10
143,38,10
143,39,10
143,40,10
143,41,10
143,42,10
143,43,10
143,44,10
143,45,10
143,46,10
143,47,10
143,48,10
143,49,10
143,50,10
143,51,10
143,52,10
143,53,10
143,54,10
143,55,10
143,56,10
143,57,10
143,58,10
143,59,10
143,60,10
143,61,10
143,62,10
143,63,10
143,64,10
143,65,10
143,66,10
143,67,10
143,68,10
143,69,10
143,70,10
143,71,10
143,72,10
143,73,10
143,74,10
143,75,10
143,76,10
143,77,10
143,78,10
143,79,10
143,80,10
143,81,10
143,82,10
143,83,10
143,84,10
143,85,10
143,86,10
143,87,10
143,88,10
143,89,10
143,90,10
143,91,10
143,92,10
143,93,10
143,94,10
143,95,10
143,96,10
143,97,10
143,98,10
143,99,10
143,100,10
143,101,10
143,102,10
143,103,10
143,104,10
143,105,10
143,106,10
143,107,10
143,108,10
143,109,10
143,110,10
143,111,10
143,112,10
143,113,10
143,114,10
143,115,10
143,116,10
143,117,10
143,118,10
143,119,10
143,120,10
143,121,10
143,122,10
143,123,10
143,124,10
143,125,10
143,126,10
143,127,10
143,128,10
143,129,10
143,130,10
143,131,10
143,132,10
143,133,10
143,134,10
143,135,10
143,136,10
143,137,10
143,138,10
143,139,10
143,140,10
143,141,10
143,142,10
143,144,10
143,145,10
143,146,10
143,147,10
143,148,10
143,149,10
143,150,10
143,151,10
143,152,10
143,153,10
143,154,10
143,155,10
143,156,10
143,157,10
143,158,10
143,159,10
143,160,10
143,161,10
143,162,10
143,163,10
143,164,10
143,165,10
143,166,10
143,167,10
143,168,10
143,169,10
143,170,10
143,171,10
143,172,10
143,173,10
143,174,10
143,175,10
143,176,10
143,177,10
143,178,10
143,179,10
143,180,10
143,181,10
143,182,10
143,183,10
143,184,10
143,185,10
143,186,10
143,187,10
143,188,10
143,189,10
143,190,10
143,191,10
143,192,10
143,193,10
143,194,10
143,215,10
143,217,10
143,219,10
143,221,10
143,223,10
144,0,10
144,1,10
144,2,10
144,3,10
144,4,10
144,5,10
144,6,10
144,7,10
144,8,10
144,9,10
144,10,10
144,11,10
144,12,10
144,13,10
144,14,10
144,15,10
144,16,10
144,17,10
144,18,10
144,19,10
144,20,10
144,21,10
144,22,10
144,23,10
144,24,10
144,25,10
144,26,10
144,27,10
144,28,10
144,29,10
144,30,10
144,31,10
144,32,10
144,33,10
144,34,10
144,35,10
144,36,10
144,37,10
144,38,10
144,39,10
144,40,10
144,41,10
144,42,10
144,43,10
144,44,10
144,45,10
144,46,10
144,47,10
144,48,10
144,49,10
144,50,10
144,51,10
144,52,10
144,53,10
144,54,10
144,55,10
144,56,10
144,57,10
144,58,10
144,59,10
144,60,10
144,61,10
144,62,10
144,63,10
144,64,10
144,65,10
144,66,10
144,67,10
144,68,10
144,69,10
144,70,10
144,71,10
144,72,10
144,73,10
144,74,10
144,75,10
144,76,10
144,77,10
144,78,10
144,79,10
144,80,10
144,81,10
144,82,10
144,83,10
144,84,10
144,85,10
144,86,10
144,87,10
144,88,10
144,89,10
144,90,10
144,91,10
144,92,10
144,93,10
144,94,10
144,95,10
144,96,10
144,97,10
144,98,10
144,99,10
144,100,10
144,101,10
144,102,10
144,103,10
144,104,10
144,105,10
144,106,10
144,107,10
144,108,10
144,109,10
144,110,10
144,111,10
144,112,10
144,113,10
144,114,10
144,115,10
144,116,10
144,117,10
144,118,10
144,119,10
144,120,10
144,121,10
144,122,10
144,123,10
144,124,10
144,125,10
144,126,10
144,127,10
144,128,10
144,129,10
144,130,10
144,131,10
144,132,10
144,133,10
144,134,10
144,135,10
144,136,10
144,137,10
144,138,10
144,139,10
144,140,10
144,141,10
144,142,10
144,143,10
144,145,10
144,146,10
144,147,10
144,148,10
144,149,10
144,150,10
144,151,10
144,152,10
144,153,10
144,154,10
144,155,10
144,156,10
144,157,10
144,158,10
144,159,10
144,160,10
144,161,10
144,162,10
144,163,10
144,164,10
144,165,10
144,166,10
144,167,10
144,168,10
144,169,10
144,170,10
144,171,10
144,172,10
144,173,10
144,174,10
144,175,10
144,176,10
144,177,10
144,178,10
144,179,10
144,180,10
144,181,10
144,182,10
144,183,10
144,184,10
144,185,10
144,186,10
144,187,10
144,188,10
144,189,10
144,190,10
144,191,10
144,192,10
144,193,10
144,194,10
144,215,10
144,217,10
144,219,10
144,221,10
144,223,10
145,0,10
145,1,10
145,2,10
145,3,10
145,4,10
145,5,10
145,6,10
145,7,10
145,8,10
145,9,10
145,10,10
145,11,10
145,12,10
145,13,10
145,14,10
145,15,10
145,16,10
145,17,10
145,18,10
145,19,10
145,20,10
145,21,10
145,22,10
145,23,10
145,24,10
145,25,10
145,26,10
145,27,10
145,28,10
145,29,10
145,30,10
145,31,10
145,32,10
145,33,10
145,34,10
145,35,10
145,36,10
145,37,10
145,38,10
145,39,10
145,40,10
145,41,10
145,42,10
145,43,10
145,44,10
145,45,10
145,46,10
145,47,10
145,48,10
145,49,10
145,50,10
145,51,10
145,52,10
145,53,10
145,54,10
145,55,10
145,56,10
145,57,10
145,58,10
145,59,10
145,60,10
145,61,10
145,62,10
145,63,10
145,64,10
145,65,10
145,66,10
145,67,10
145,68,10
145,69,10
145,70,10
145,71,10
145,72,10
145,73,10
145,74,10
145,75,10
145,76,10
145,77,10
145,78,10
145,79,10
145,80,10
145,81,10
145,82,10
145,83,10
145,84,10
145,85,10
145,86,10
145,87,10
145,88,10
145,89,10
145,90,10
145,91,10
145,92,10
145,93,10
145,94,10
145,95,10
145,96,10
145,97,10
145,98,10
145,99,10
145,100,10
145,101,10
145,102,10
145,103,10
145,104,10
145,105,10
145,106,10
145,107,10
145,108,10
145,109,10
145,110,10
145,111,10
145,112,10
145,113,10
145,114,10
145,115,10
145,116,10
145,117,10
145,118,10
145,119,10
145,120,10
145,121,10
145,122,10
145,123,10
145,124,10
145,125,10
145,126,10
145,127,10
145,128,10
145,129,10
145,130,10
145,131,10
145,132,10
145,133,10
145,134,10
145,135,10
145,136,10
145,137,10
145,138,10
145,139,10
145,140,10
145,141,10
145,142,10
145,143,10
145,144,10
145,146,10
145,147,10
145,148,10
145,149,10
145,150,10
145,151,10
145,152,10
145,153,10
145,154,10
145,155,10
145,156,10
145,157,10
145,158,10
145,159,10
145,160,10
145,161,10
145,162,10
145,163,10
145,164,10
145,165,10
145,166,10
145,167,10
145,168,10
145,169,10
145,170,10
145,171,10
145,172,10
145,173,10
145,174,10
145,175,10
145,176,10
145,177,10
145,178,10
145,179,10
145,180,10
145,181,10
145,182,10
145,183,10
145,184,10
145,185,10
145,186,10
145,187,10
145,188,10
145,189,10
145,190,10
145,191,10
145,192,10
145,193,10
145,194,10
145,215,10
145,217,10
145,219,10
145,221,10
145,223,10
146,0,10
146,1,10
146,2,10
146,3,10
146,4,10
146,5,10
146,6,10
146,7,10
146,8,10
146,9,10
146,10,10
146,11,10
146,12,10
146,13,10
146,14,10
146,15,10
146,16,10
146,17,10
146,18,10
146,19,10
146,20,10
146,21,10
146,22,10
146,23,10
146,24,10
146,25,10
146,26,10
146,27,10
146,28,10
146,29,10
146,30,10
146,31,10
146,32,10
146,33,10
146,34,10
146,35,10
146,36,10
146,37,10
146,38,10
146,39,10
146,40,10
146,41,10
146,42,10
146,43,10
146,44,10
146,45,10
146,46,10
146,47,10
146,48,10
146,49,10
146,50,10
146,51,10
146,52,10
146,53,10
146,54,10
146,55,10
146,56,10
146,57,10
146,58,10
146,59,10
146,60,10
146,61,10
146,62,10
146,63,10
146,64,10
146,65,10
146,66,10
146,67,10
146,68,10
146,69,10
146,70,10
146,71,10
146,72,10
146,73,10
146,74,10
146,75,10
146,76,10
146,77,10
146,78,10
146,79,10
146,80,10
146,81,10
146,82,10
146,83,10
146,84,10
146,85,10
146,86,10
146,87,10
146,88,10
146,89,10
146,90,10
146,91,10
146,92,10
146,93,10
146,94,10
146,95,10
146,96,10
146,97,10
146,98,10
146,99,10
146,100,10
146,101,10
146,102,10
146,103,10
146,104,10
146,105,10
146,106,10
146,107,10
146,108,10
146,109,10
146,110,10
146,111,10
146,112,10
146,113,10
146,114,10
146,115,10
146,116,10
146,117,10
146,118,10
146,119,10
146,120,10
146,121,10
146,122,10
146,123,10
146,124,10
146,125,10
146,126,10
146,127,10
146,128,10
146,129,10
146,130,10
146,131,10
146,132,10
146,133,10
146,134,10
146,135,10
146,136,10
146,137,10
146,138,10
146,139,10
146,140,10
146,141,10
146,142,10
146,143,10
146,144,10
146,145,10
146,147,10
146,148,10
146,149,10
146,150,10
146,151,10
146,152,10
146,153,10
146,154,10
146,155,10
146,156,10
146,157,10
146,158,10
146,159,10
146,160,10
146,161,10
146,162,10
146,163,10
146,164,10
146,165,10
146,166,10
146,167,10
146,168,10
146,169,10
146,170,10
146,171,10
146,172,10
146,173,10
146,174,10
146,175,10
146,176,10
146,177,10
146,178,10
146,179,10
146,180,10
146,181,10
146,182,10
146,183,10
146,184,10
146,185,10
146,186,10
146,187,10
146,188,10
146,189,10
146,190,10
146,191,10
146,192,10
146,193,10
146,194,10
146,215,10
146,217,10
146,219,10
146,221,10
146,223,10
147,0,11
147,1,11
147,2,11
147,3,11
147,4,11
147,5,11
147,6,11
147,7,11
147,8,11
147,9,11
147,10,11
147,11,11
147,12,11
147,13,11
147,14,11
147,15,11
147,16,11
147,17,11
147,18,11
147,19,11
147,20,11
147,21,11
147,22,11
147,23,11
147,24,11
147,25,11
147,26,11
147,27,11
147,28,11
147,29,11
147,30,11
147,31,11
147,32,11
147,33,11
147,34,11
147,35,11
147,36,11
147,37,11
147,38,11
147,39,11
147,40,11
147,41,11
147,42,11
147,43,11
147,44,11
147,45,11
147,46,11
147,47,11
147,48,11
147,49,11
147,50,11
147,51,11
147,52,11
147,53,11
147,54,11
147,55,11
147,56,11
147,57,11
147,58,11
147,59,11
147,60,11
147,61,11
147,62,11
147,63,11
147,64,11
147,65,11
147,66,11
147,67,11
147,68,11
147,69,11
147,70,11
147,71,11
147,72,11
147,73,11
147,74,11
147,75,11
147,76,11
147,77,11
147,78,11
147,79,11
147,80,11
147,81,11
147,82,11
147,83,11
147,84,11
147,85,11
147,86,11
147,87,11
147,88,11
147,89,11
147,90,11
147,91,11
147,92,11
147,93,11
147,94,11
147,95,11
147,96,11
147,97,11
147,98,11
147,99,11
147,100,11
147,101,11
147,102,11
147,103,11
147,104,11
147,105,11
147,106,11
147,107,11
147,108,11
147,109,11
147,110,11
147,111,11
147,112,11
147,113,11
147,114,11
147,115,11
147,116,11
147,117,11
147,118,11
147,119,11
147,120,11
147,121,11
147,122,11
147,123,11
147,124,11
147,125,11
147,126,11
147,127,11
147,128,11
147,129,11
147,130,11
147,131,11
147,132,11
147,133,11
147,134,11
147,135,11
147,136,11
147,137,11
147,138,11
147,139,11
147,140,11
147,141,11
147,142,11
147,143,11
147,144,11
147,145,11
147,146,11
147,148,11
147,149,11
147,150,11
147,151,11
147,152,11
147,153,11
147,154,11
147,155,11
147,156,11
147,157,11
147,158,11
147,159,11
147,160,11
147,161,11
147,162,11
147,163,11
147,164,11
147,165,11
147,166,11
147,167,11
147,168,11
147,169,11
147,170,11
147,171,11
147,172,11
147,173,11
147,174,11
147,175,11
147,176,11
147,177,11
147,178,11
147,179,11
147,180,11
147,181,11
147,182,11
147,183,11
147,184,11
147,185,11
147,186,11
147,187,11
147,188,11
147,189,11
147,190,11
147,191,11
147,192,11
147,193,11
147,194,11
147,215,11
147,217,11
147,219,11
147,221,11
147,223,11
148,0,11
148,1,11
148,2,11
148,3,11
148,4,11
148,5,11
148,6,11
148,7,11
148,8,11
148,9,11
148,10,11
148,11,11
148,12,11
148,13,11
148,14,11
148,15,11
148,16,11
148,17,11
148,18,11
148,19,11
148,20,11
148,21,11
148,22,11
148,23,11
148,24,11
148,25,11
148,26,11
148,27,11
148,28,11
148,29,11
148,30,11
148,31,11
148,32,11
148,33,11
148,34,11
148,35,11
148,36,11
148,37,11
148,38,11
148,39,11
148,40,11
148,41,11
148,42,11
148,43,11
148,44,11
148,45,11
148,46,11
148,47,11
148,48,11
148,49,11
148,50,11
148,51,11
148,52,11
148,53,11
148,54,11
148,55,11
148,56,11
148,57,11
148,58,11
148,59,11
148,60,11
148,61,11
148,62,11
148,63,11
148,64,11
148,65,11
148,66,11
148,67,11
148,68,11
148,69,11
148,70,11
148,71,11
148,72,11
148,73,11
148,74,11
148,75,11
148,76,11
148,77,11
148,78,11
148,79,11
148,80,11
148,81,11
148,82,11
148,83,11
148,84,11
148,85,11
148,86,11
148,87,11
148,88,11
148,89,11
148,90,11
148,91,11
148,92,11
148,93,11
148,94,11
148,95,11
148,96,11
148,97,11
148,98,11
148,99,11
148,100,11
148,101,11
148,102,11
148,103,11
148,104,11
148,105,11
148,106,11
148,107,11
148,108,11
148,109,11
148,110,11
148,111,11
148,112,11
148,113,11
148,114,11
148,115,11
148,116,11
148,117,11
148,118,11
148,119,11
148,120,11
148,121,11
148,122,11
148,123,11
148,124,11
148,125,11
148,126,11
148,127,11
148,128,11
148,129,11
148,130,11
148,131,11
148,132,11
148,133,11
148,134,11
148,135,11
148,136,11
148,137,11
148,138,11
148,139,11
148,140,11
148,141,11
148,142,11
148,143,11
148,144,11
148,145,11
148,146,11
148,147,11
148,149,11
148,150,11
148,151,11
148,152,11
148,153,11
148,154,11
148,155,11
148,156,11
148,157,11
148,158,11
148,159,11
148,160,11
148,161,11
148,162,11
148,163,11
148,164,11
148,165,11
148,166,11
148,167,11
148,168,11
148,169,11
148,170,11
148,171,11
148,172,11
148,173,11
148,174,11
148,175,11
148,176,11
148,177,11
148,178,11
148,179,11
148,180,11
148,181,11
148,182,11
148,183,11
148,184,11
148,185,11
148,186,11
148,187,11
148,188,11
148,189,11
148,190,11
148,191,11
148,192,11
148,193,11
148,194,11
148,215,11
148,217,11
148,219,11
148,221,11
148,223,11
149,0,11
149,1,11
149,2,11
149,3,11
149,4,11
149,5,11
149,6,11
149,7,11
149,8,11
149,9,11
149,10,11
149,11,11
149,12,11
149,13,11
149,14,11
149,15,11
149,16,11
149,17,11
149,18,11
149,19,11
149,20,11
149,21,11
149,22,11
149,23,11
149,24,11
149,25,11
149,26,11
149,27,11
149,28,11
149,29,11
149,30,11
149,31,11
149,32,11
149,33,11
149,34,11
149,35,11
149,36,11
149,37,11
149,38,11
149,39,11
149,40,11
149,41,11
149,42,11
149,43,11
149,44,11
149,45,11
149,46,11
149,47,11
149,48,11
149,49,11
149,50,11
149,51,11
149,52,11
149,53,11
149,54,11
149,55,11
149,56,11
149,57,11
149,58,11
149,59,11
149,60,11
149,61,11
149,62,11
149,63,11
149,64,11
149,65,11
149,66,11
149,67,11
149,68,11
149,69,11
149,70,11
149,71,11
149,72,11
149,73,11
149,74,11
149,75,11
149,76,11
149,77,11
149,78,11
149,79,11
149,80,11
149,81,11
149,82,11
149,83,11
149,84,11
149,85,11
149,86,11
149,87,11
149,88,11
149,89,11
149,90,11
149,91,11
149,92,11
149,93,11
149,94,11
149,95,11
149,96,11
149,97,11
149,98,11
149,99,11
149,100,11
149,101,11
149,102,11
149,103,11
149,104,11
149,105,11
149,106,11
149,107,11
149,108,11
149,109,11
149,110,11
149,111,11
149,112,11
149,113,11
149,114,11
149,115,11
149,116,11
149,117,11
149,118,11
149,119,11
149,120,11
149,121,11
149,122,11
149,123,11
149,124,11
149,125,11
149,126,11
149,127,11
149,128,11
149,129,11
149,130,11
149,131,11
149,132,11
149,133,11
149,134,11
149,135,11
149,136,11
149,137,11
149,138,11
149,139,11
149,140,11
149,141,11
149,142,11
149,143,11
149,144,11
149,145,11
149,146,11
149,147,11
149,148,11
149,150,11
149,151,11
149,152,11
149,153,11
149,154,11
149,155,11
149,156,11
149,157,11
149,158,11
149,159,11
149,160,11
149,161,11
149,162,11
149,163,11
149,164,11
149,165,11
149,166,11
149,167,11
149,168,11
149,169,11
149,170,11
149,171,11
149,172,11
149,173,11
149,174,11
149,175,11
149,176,11
149,177,11
149,178,11
149,179,11
149,180,11
149,181,11
149,182,11
149,183,11
149,184,11
149,185,11
149,186,11
149,187,11
149,188,11
149,189,11
149,190,11
149,191,11
149,192,11
149,193,11
149,194,11
149,215,11
149,217,11
149,219,11
149,221,11
149,223,11
150,0,11
150,1,11
150,2,11
150,3,11
150,4,11
150,5,11
150,6,11
150,7,11
150,8,11
150,9,11
150,10,11
150,11,11
150,12,11
150,13,11
150,14,11
150,15,11
150,16,11
150,17,11
150,18,11
150,19,11
150,20,11
150,21,11
150,22,11
150,23,11
150,24,11
150,25,11
150,26,11
150,27,11
150,28,11
150,29,11
150,30,11
150,31,11
150,32,11
150,33,11
150,34,11
150,35,11
150,36,11
150,37,11
150,38,11
150,39,11
150,40,11
150,41,11
150,42,11
150,43,11
150,44,11
150,45,11
150,46,11
150,47,11
150,48,11
150,49,11
150,50,11
150,51,11
150,52,11
150,53,11
150,54,11
150,55,11
150,56,11
150,57,11
150,58,11
150,59,11
150,60,11
150,61,11
150,62,11
150,63,11
150,64,11
150,65,11
150,66,11
150,67,11
150,68,11
150,69,11
150,70,11
150,71,11
150,72,11
150,73,11
150,74,11
150,75,11
150,76,11
150,77,11
150,78,11
150,79,11
150,80,11
150,81,11
150,82,11
150,83,11
150,84,11
150,85,11
150,86,11
150,87,11
150,88,11
150,89,11
150,90,11
150,91,11
150,92,11
150,93,11
150,94,11
150,95,11
150,96,11
150,97,11
150,98,11
150,99,11
150,100,11
150,101,11
150,102,11
150,103,11
150,104,11
150,105,11
150,106,11
150,107,11
150,108,11
150,109,11
150,110,11
150,111,11
150,112,11
150,113,11
150,114,11
150,115,11
150,116,11
150,117,11
150,118,11
150,119,11
150,120,11
150,121,11
150,122,11
150,123,11
150,124,11
150,125,11
150,126,11
150,127,11
150,128,11
150,129,11
150,130,11
150,131,11
150,132,11
150,133,11
150,134,11
150,135,11
150,136,11
150,137,11
150,138,11
150,139,11
150,140,11
150,141,11
150,142,11
150,143,11
150,144,11
150,145,11
150,146,11
150,147,11
150,148,11
150,149,11
150,151,11
150,152,11
150,153,11
150,154,11
150,155,11
150,156,11
150,157,11
150,158,11
150,159,11
150,160,11
150,161,11
150,162,11
150,163,11
150,164,11
150,165,11
150,166,11
150,167,11
150,168,11
150,169,11
150,170,11
150,171,11
150,172,11
150,173,11
150,174,11
150,175,11
150,176,11
150,177,11
150,178,11
150,179,11
150,180,11
150,181,11
150,182,11
150,183,11
150,184,11
150,185,11
150,186,11
150,187,11
150,188,11
150,189,11
150,190,11
150,191,11
150,192,11
150,193,11
150,194,11
150,215,11
150,217,11
150,219,11
150,221,11
150,223,11
151,0,11
151,1,11
151,2,11
151,3,11
151,4,11
151,5,11
151,6,11
151,7,11
151,8,11
151,9,11
151,10,11
151,11,11
151,12,11
151,13,11
151,14,11
151,15,11
151,16,11
151,17,11
151,18,11
151,19,11
151,20,11
151,21,11
151,22,11
151,23,11
151,24,11
151,25,11
151,26,11
151,27,11
151,28,11
151,29,11
151,30,11
151,31,11
151,32,11
151,33,11
151,34,11
151,35,11
151,36,11
151,37,11
151,38,11
151,39,11
151,40,11
151,41,11
151,42,11
151,43,11
151,44,11
151,45,11
151,46,11
151,47,11
151,48,11
151,49,11
151,50,11
151,51,11
151,52,11
151,53,11
151,54,11
151,55,11
151,56,11
151,57,11
151,58,11
151,59,11
151,60,11
151,61,11
151,62,11
151,63,11
151,64,11
151,65,11
151,66,11
151,67,11
151,68,11
151,69,11
151,70,11
151,71,11
151,72,11
151,73,11
151,74,11
151,75,11
151,76,11
151,77,11
151,78,11
151,79,11
151,80,11
151,81,11
151,82,11
151,83,11
151,84,11
151,85,11
151,86,11
151,87,11
151,88,11
151,89,11
151,90,11
151,91,11
151,92,11
151,93,11
151,94,11
151,95,11
151,96,11
151,97,11
151,98,11
151,99,11
151,100,11
151,101,11
151,102,11
151,103,11
151,104,11
151,105,11
151,106,11
151,107,11
151,108,11
151,109,11
151,110,11
151,111,11
151,112,11
151,113,11
151,114,11
151,115,11
151,116,11
151,117,11
151,118,11
151,119,11
151,120,11
151,121,11
151,122,11
151,123,11
151,124,11
151,125,11
151,126,11
151,127,11
151,128,11
151,129,11
151,130,11
151,131,11
151,132,11
151,133,11
151,134,11
151,135,11
151,136,11
151,137,11
151,138,11
151,139,11
151,140,11
151,141,11
151,142,11
151,143,11
151,144,11
151,145,11
151,146,11
151,147,11
151,148,11
151,149,11
151,150,11
151,152,11
151,153,11
151,154,11
151,155,11
151,156,11
151,157,11
151,158,11
151,159,11
151,160,11
151,161,11
151,162,11
151,163,11
151,164,11
151,165,11
151,166,11
151,167,11
151,168,11
151,169,11
151,170,11
151,171,11
151,172,11
151,173,11
151,174,11
151,175,11
151,176,11
151,177,11
151,178,11
151,179,11
151,180,11
151,181,11
151,182,11
151,183,11
151,184,11
151,185,11
151,186,11
151,187,11
151,188,11
151,189,11
151,190,11
151,191,11
151,192,11
151,193,11
151,194,11
151,215,11
151,217,11
151,219,11
151,221,11
151,223,11
152,0,11
152,1,11
152,2,11
152,3,11
152,4,11
152,5,11
152,6,11
152,7,11
152,8,11
152,9,11
152,10,11
152,11,11
152,12,11
152,13,11
152,14,11
152,15,11
152,16,11
152,17,11
152,18,11
152,19,11
152,20,11
152,21,11
152,22,11
152,23,11
152,24,11
152,25,11
152,26,11
152,27,11
152,28,11
152,29,11
152,30,11
152,31,11
152,32,11
152,33,11
152,34,11
152,35,11
152,36,11
152,37,11
152,38,11
152,39,11
152,40,11
152,41,11
152,42,11
152,43,11
152,44,11
152,45,11
152,46,11
152,47,11
152,48,11
152,49,11
152,50,11
152,51,11
152,52,11
152,53,11
152,54,11
152,55,11
152,56,11
152,57,11
152,58,11
152,59,11
152,60,11
152,61,11
152,62,11
152,63,11
152,64,11
152,65,11
152,66,11
152,67,11
152,68,11
152,69,11
152,70,11
152,71,11
152,72,11
152,73,11
152,74,11
152,75,11
152,76,11
152,77,11
152,78,11
152,79,11
152,80,11
152,81,11
152,82,11
152,83,11
152,84,11
152,85,11
152,86,11
152,87,11
152,88,11
152,89,11
152,90,11
152,91,11
152,92,11
152,93,11
152,94,11
152,95,11
152,96,11
152,97,11
152,98,11
152,99,11
152,100,11
152,101,11
152,102,11
152,103,11
152,104,11
152,105,11
152,106,11
152,107,11
152,108,11
152,109,11
152,110,11
152,111,11
152,112,11
152,113,11
152,114,11
152,115,11
152,116,11
152,117,11
152,118,11
152,119,11
152,120,11
152,121,11
152,122,11
152,123,11
152,124,11
152,125,11
152,126,11
152,127,11
152,128,11
152,129,11
152,130,11
152,131,11
152,132,11
152,133,11
152,134,11
152,135,11
152,136,11
152,137,11
152,138,11
152,139,11
152,140,11
152,141,11
152,142,11
152,143,11
152,144,11
152,145,11
152,146,11
152,147,11
152,148,11
152,149,11
152,150,11
152,151,11
152,153,11
152,154,11
152,155,11
152,156,11
152,157,11
152,158,11
152,159,11
152,160,11
152,161,11
152,162,11
152,163,11
152,164,11
152,165,11
152,166,11
152,167,11
152,168,11
152,169,11
152,170,11
152,171,11
152,172,11
152,173,11
152,174,11
152,175,11
152,176,11
152,177,11
152,178,11
152,179,11
152,180,11
152,181,11
152,182,11
152,183,11
152,184,11
152,185,11
152,186,11
152,187,11
152,188,11
152,189,11
152,190,11
152,191,11
152,192,11
152,193,11
152,194,11
152,215,11
152,217,11
152,219,11
152,221,11
152,223,11
153,0,11
153,1,11
153,2,11
153,3,11
153,4,11
153,5,11
153,6,11
153,7,11
153,8,11
153,9,11
153,10,11
153,11,11
153,12,11
153,13,11
153,14,11
153,15,11
153,16,11
153,17,11
153,18,11
153,19,11
153,20,11
153,21,11
153,22,11
153,23,11
153,24,11
153,25,11
153,26,11
153,27,11
153,28,11
153,29,11
153,30,11
153,31,11
153,32,11
153,33,11
153,34,11
153,35,11
153,36,11
153,37,11
153,38,11
153,39,11
153,40,11
153,41,11
153,42,11
153,43,11
153,44,11
153,45,11
153,46,11
153,47,11
153,48,11
153,49,11
153,50,11
153,51,11
153,52,11
153,53,11
153,54,11
153,55,11
153,56,11
153,57,11
153,58,11
153,59,11
153,60,11
153,61,11
153,62,11
153,63,11
153,64,11
153,65,11
153,66,11
153,67,11
153,68,11
153,69,11
153,70,11
153,71,11
153,72,11
153,73,11
153,74,11
153,75,11
153,76,11
153,77,11
153,78,11
153,79,11
153,80,11
153,81,11
153,82,11
153,83,11
153,84,11
153,85,11
153,86,11
153,87,11
153,88,11
153,89,11
153,90,11
153,91,11
153,92,11
153,93,11
153,94,11
153,95,11
153,96,11
153,97,11
153,98,11
153,99,11
153,100,11
153,101,11
153,102,11
153,103,11
153,104,11
153,105,11
153,106,11
153,107,11
153,108,11
153,109,11
153,110,11
153,111,11
153,112,11
153,113,11
153,114,11
153,115,11
153,116,11
153,117,11
153,118,11
153,119,11
153,120,11
153,121,11
153,122,11
153,123,11
153,124,11
153,125,11
153,126,11
153,127,11
153,128,11
153,129,11
153,130,11
153,131,11
153,132,11
153,133,11
153,134,11
153,135,11
153,136,11
153,137,11
153,138,11
153,139,11
153,140,11
153,141,11
153,142,11
153,143,11
153,144,11
153,145,11
153,146,11
153,147,11
153,148,11
153,149,11
153,150,11
153,151,11
153,152,11
153,154,11
153,155,11
153,156,11
153,157,11
153,158,11
153,159,11
153,160,11
153,161,11
153,162,11
153,163,11
153,164,11
153,165,11
153,166,11
153,167,11
153,168,11
153,169,11
153,170,11
153,171,11
153,172,11
153,173,11
153,174,11
153,175,11
153,176,11
153,177,11
153,178,11
153,179,11
153,180,11
153,181,11
153,182,11
153,183,11
153,184,11
153,185,11
153,186,11
153,187,11
153,188,11
153,189,11
153,190,11
153,191,11
153,192,11
153,193,11
153,194,11
153,215,11
153,217,11
153,219,11
153,221,11
153,223,11
154,0,11
154,1,11
154,2,11
154,3,11
154,4,11
154,5,11
154,6,11
154,7,11
154,8,11
154,9,11
154,10,11
154,11,11
154,12,11
154,13,11
154,14,11
154,15,11
154,16,11
154,17,11
154,18,11
154,19,11
154,20,11
154,21,11
154,22,11
154,23,11
154,24,11
154,25,11
154,26,11
154,27,11
154,28,11
154,29,11
154,30,11
154,31,11
154,32,11
154,33,11
154,34,11
154,35,11
154,36,11
154,37,11
154,38,11
154,39,11
154,40,11
154,41,11
154,42,11
154,43,11
154,44,11
154,45,11
154,46,11
154,47,11
154,48,11
154,49,11
154,50,11
154,51,11
154,52,11
154,53,11
154,54,11
154,55,11
154,56,11
154,57,11
154,58,11
154,59,11
154,60,11
154,61,11
154,62,11
154,63,11
154,64,11
154,65,11
154,66,11
154,67,11
154,68,11
154,69,11
154,70,11
154,71,11
154,72,11
154,73,11
154,74,11
154,75,11
154,76,11
154,77,11
154,78,11
154,79,11
154,80,11
154,81,11
154,82,11
154,83,11
154,84,11
154,85,11
154,86,11
154,87,11
154,88,11
154,89,11
154,90,11
154,91,11
154,92,11
154,93,11
154,94,11
154,95,11
154,96,11
154,97,11
154,98,11
154,99,11
154,100,11
154,101,11
154,102,11
154,103,11
154,104,11
154,105,11
154,106,11
154,107,11
154,108,11
154,109,11
154,110,11
154,111,11
154,112,11
154,113,11
154,114,11
154,115,11
154,116,11
154,117,11
154,118,11
154,119,11
154,120,11
154,121,11
154,122,11
154,123,11
154,124,11
154,125,11
154,126,11
154,127,11
154,128,11
154,129,11
154,130,11
154,131,11
154,132,11
154,133,11
154,134,11
154,135,11
154,136,11
154,137,11
154,138,11
154,139,11
154,140,11
154,141,11
154,142,11
154,143,11
154,144,11
154,145,11
154,146,11
154,147,11
154,148,11
154,149,11
154,150,11
154,151,11
154,152,11
154,153,11
154,155,11
154,156,11
154,157,11
154,158,11
154,159,11
154,160,11
154,161,11
154,162,11
154,163,11
154,164,11
154,165,11
154,166,11
154,167,11
154,168,11
154,169,11
154,170,11
154,171,11
154,172,11
154,173,11
154,174,11
154,175,11
154,176,11
154,177,11
154,178,11
154,179,11
154,180,11
154,181,11
154,182,11
154,183,11
154,184,11
154,185,11
154,186,11
154,187,11
154,188,11
154,189,11
154,190,11
154,191,11
154,192,11
154,193,11
154,194,11
154,215,11
154,217,11
154,219,11
154,221,11
154,223,11
155,0,11
155,1,11
155,2,11
155,3,11
155,4,11
155,5,11
155,6,11
155,7,11
155,8,11
155,9,11
155,10,11
155,11,11
155,12,11
155,13,11
155,14,11
155,15,11
155,16,11
155,17,11
155,18,11
155,19,11
155,20,11
155,21,11
155,22,11
155,23,11
155,24,11
155,25,11
155,26,11
155,27,11
155,28,11
155,29,11
155,30,11
155,31,11
155,32,11
155,33,11
155,34,11
155,35,11
155,36,11
155,37,11
155,38,11
155,39,11
155,40,11
155,41,11
155,42,11
155,43,11
155,44,11
155,45,11
155,46,11
155,47,11
155,48,11
155,49,11
155,50,11
155,51,11
155,52,11
155,53,11
155,54,11
155,55,11
155,56,11
155,57,11
155,58,11
155,59,11
155,60,11
155,61,11
155,62,11
155,63,11
155,64,11
155,65,11
155,66,11
155,67,11
155,68,11
155,69,11
155,70,11
155,71,11
155,72,11
155,73,11
155,74,11
155,75,11
155,76,11
155,77,11
155,78,11
155,79,11
155,80,11
155,81,11
155,82,11
155,83,11
155,84,11
155,85,11
155,86,11
155,87,11
155,88,11
155,89,11
155,90,11
155,91,11
155,92,11
155,93,11
155,94,11
155,95,11
155,96,11
155,97,11
155,98,11
155,99,11
155,100,11
155,101,11
155,102,11
155,103,11
155,104,11
155,105,11
155,106,11
155,107,11
155,108,11
155,109,11
155,110,11
155,111,11
155,112,11
155,113,11
155,114,11
155,115,11
155,116,11
155,117,11
155,118,11
155,119,11
155,120,11
155,121,11
155,122,11
155,123,11
155,124,11
155,125,11
155,126,11
155,127,11
155,128,11
155,129,11
155,130,11
155,131,11
155,132,11
155,133,11
155,134,11
155,135,11
155,136,11
155,137,11
155,138,11
155,139,11
155,140,11
155,141,11
155,142,11
155,143,11
155,144,11
155,145,11
155,146,11
155,147,11
155,148,11
155,149,11
155,150,11
155,151,11
155,152,11
155,153,11
155,154,11
155,156,11
155,157,11
155,158,11
155,159,11
155,160,11
155,161,11
155,162,11
155,163,11
155,164,11
155,165,11
155,166,11
155,167,11
155,168,11
155,169,11
155,170,11
155,171,11
155,172,11
155,173,11
155,174,11
155,175,11
155,176,11
155,177,11
155,178,11
155,179,11
155,180,11
155,181,11
155,182,11
155,183,11
155,184,11
155,185,11
155,186,11
155,187,11
155,188,11
155,189,11
155,190,11
155,191,11
155,192,11
155,193,11
155,194,11
155,215,11
155,217,11
155,219,11
155,221,11
155,223,11
156,0,11
156,1,11
156,2,11
156,3,11
156,4,11
156,5,11
156,6,11
156,7,11
156,8,11
156,9,11
156,10,11
156,11,11
156,12,11
156,13,11
156,14,11
156,15,11
156,16,11
156,17,11
156,18,11
156,19,11
156,20,11
156,21,11
156,22,11
156,23,11
156,24,11
156,25,11
156,26,11
156,27,11
156,28,11
156,29,11
156,30,11
156,31,11
156,32,11
156,33,11
156,34,11
156,35,11
156,36,11
156,37,11
156,38,11
156,39,11
156,40,11
156,41,11
156,42,11
156,43,11
156,44,11
156,45,11
156,46,11
156,47,11
156,48,11
156,49,11
156,50,11
156,51,11
156,52,11
156,53,11
156,54,11
156,55,11
156,56,11
156,57,11
156,58,11
156,59,11
156,60,11
156,61,11
156,62,11
156,63,11
156,64,11
156,65,11
156,66,11
156,67,11
156,68,11
156,69,11
156,70,11
156,71,11
156,72,11
156,73,11
156,74,11
156,75,11
156,76,11
156,77,11
156,78,11
156,79,11
156,80,11
156,81,11
156,82,11
156,83,11
156,84,11
156,85,11
156,86,11
156,87,11
156,88,11
156,89,11
156,90,11
156,91,11
156,92,11
156,93,11
156,94,11
156,95,11
156,96,11
156,97,11
156,98,11
156,99,11
156,100,11
156,101,11
156,102,11
156,103,11
156,104,11
156,105,11
156,106,11
156,107,11
156,108,11
156,109,11
156,110,11
156,111,11
156,112,11
156,113,11
156,114,11
156,115,11
156,116,11
156,117,11
156,118,11
156,119,11
156,120,11
156,121,11
156,122,11
156,123,11
156,124,11
156,125,11
156,126,11
156,127,11
156,128,11
156,129,11
156,130,11
156,131,11
156,132,11
156,133,11
156,134,11
156,135,11
156,136,11
156,137,11
156,138,11
156,139,11
156,140,11
156,141,11
156,142,11
156,143,11
156,144,11
156,145,11
156,146,11
156,147,11
156,148,11
156,149,11
156,150,11
156,151,11
156,152,11
156,153,11
156,154,11
156,155,11
156,157,11
156,158,11
156,159,11
156,160,11
156,161,11
156,162,11
156,163,11
156,164,11
156,165,11
156,166,11
156,167,11
156,168,11
156,169,11
156,170,11
156,171,11
156,172,11
156,173,11
156,174,11
156,175,11
156,176,11
156,177,11
156,178,11
156,179,11
156,180,11
156,181,11
156,182,11
156,183,11
156,184,11
156,185,11
156,186,11
156,187,11
156,188,11
156,189,11
156,190,11
156,191,11
156,192,11
156,193,11
156,194,11
156,215,11
156,217,11
156,219,11
156,221,11
156,223,11
157,0,11
157,1,11
157,2,11
157,3,11
157,4,11
157,5,11
157,6,11
157,7,11
157,8,11
157,9,11
157,10,11
157,11,11
157,12,11
157,13,11
157,14,11
157,15,11
157,16,11
157,17,11
157,18,11
157,19,11
157,20,11
157,21,11
157,22,11
157,23,11
157,24,11
157,25,11
157,26,11
157,27,11
157,28,11
157,29,11
157,30,11
157,31,11
157,32,11
157,33,11
157,34,11
157,35,11
157,36,11
157,37,11
157,38,11
157,39,11
157,40,11
157,41,11
157,42,11
157,43,11
157,44,11
157,45,11
157,46,11
157,47,11
157,48,11
157,49,11
157,50,11
157,51,11
157,52,11
157,53,11
157,54,11
157,55,11
157,56,11
157,57,11
157,58,11
157,59,11
157,60,11
157,61,11
157,62,11
157,63,11
157,64,11
157,65,11
157,66,11
157,67,11
157,68,11
157,69,11
157,70,11
157,71,11
157,72,11
157,73,11
157,74,11
157,75,11
157,76,11
157,77,11
157,78,11
157,79,11
157,80,11
157,81,11
157,82,11
157,83,11
157,84,11
157,85,11
157,86,11
157,87,11
157,88,11
157,89,11
157,90,11
157,91,11
157,92,11
157,93,11
157,94,11
157,95,11
157,96,11
157,97,11
157,98,11
157,99,11
157,100,11
157,101,11
157,102,11
157,103,11
157,104,11
157,105,11
157,106,11
157,107,11
157,108,11
157,109,11
157,110,11
157,111,11
157,112,11
157,113,11
157,114,11
157,115,11
157,116,11
157,117,11
157,118,11
157,119,11
157,120,11
157,121,11
157,122,11
157,123,11
157,124,11
157,125,11
157,126,11
157,127,11
157,128,11
157,129,11
157,130,11
157,131,11
157,132,11
157,133,11
157,134,11
157,135,11
157,136,11
157,137,11
157,138,11
157,139,11
157,140,11
157,141,11
157,142,11
157,143,11
157,144,11
157,145,11
157,146,11
157,147,11
157,148,11
157,149,11
157,150,11
157,151,11
157,152,11
157,153,11
157,154,11
157,155,11
157,156,11
157,158,11
157,159,11
157,160,11
157,161,11
157,162,11
157,163,11
157,164,11
157,165,11
157,166,11
157,167,11
157,168,11
157,169,11
157,170,11
157,171,11
157,172,11
157,173,11
157,174,11
157,175,11
157,176,11
157,177,11
157,178,11
157,179,11
157,180,11
157,181,11
157,182,11
157,183,11
157,184,11
157,185,11
157,186,11
157,187,11
157,188,11
157,189,11
157,190,11
157,191,11
157,192,11
157,193,11
157,194,11
157,215,11
157,217,11
157,219,11
157,221,11
157,223,11
158,0,11
158,1,11
158,2,11
158,3,11
158,4,11
158,5,11
158,6,11
158,7,11
158,8,11
158,9,11
158,10,11
158,11,11
158,12,11
158,13,11
158,14,11
158,15,11
158,16,11
158,17,11
158,18,11
158,19,11
158,20,11
158,21,11
158,22,11
158,23,11
158,24,11
158,25,11
158,26,11
158,27,11
158,28,11
158,29,11
158,30,11
158,31,11
158,32,11
158,33,11
158,34,11
158,35,11
158,36,11
158,37,11
158,38,11
158,39,11
158,40,11
158,41,11
158,42,11
158,43,11
158,44,11
158,45,11
158,46,11
158,47,11
158,48,11
158,49,11
158,50,11
158,51,11
158,52,11
158,53,11
158,54,11
158,55,11
158,56,11
158,57,11
158,58,11
158,59,11
158,60,11
158,61,11
158,62,11
158,63,11
158,64,11
158,65,11
158,66,11
158,67,11
158,68,11
158,69,11
158,70,11
158,71,11
158,72,11
158,73,11
158,74,11
158,75,11
158,76,11
158,77,11
158,78,11
158,79,11
158,80,11
158,81,11
158,82,11
158,83,11
158,84,11
158,85,11
158,86,11
158,87,11
158,88,11
158,89,11
158,90,11
158,91,11
158,92,11
158,93,11
158,94,11
158,95,11
158,96,11
158,97,11
158,98,11
158,99,11
158,100,11
158,101,11
158,102,11
158,103,11
158,104,11
158,105,11
158,106,11
158,107,11
158,108,11
158,109,11
158,110,11
158,111,11
158,112,11
158,113,11
158,114,11
158,115,11
158,116,11
158,117,11
158,118,11
158,119,11
158,120,11
158,121,11
158,122,11
158,123,11
158,124,11
158,125,11
158,126,11
158,127,11
158,128,11
158,129,11
158,130,11
158,131,11
158,132,11
158,133,11
158,134,11
158,135,11
158,136,11
158,137,11
158,138,11
158,139,11
158,140,11
158,141,11
158,142,11
158,143,11
158,144,11
158,145,11
158,146,11
158,147,11
158,148,11
158,149,11
158,150,11
158,151,11
158,152,11
158,153,11
158,154,11
158,155,11
158,156,11
158,157,11
158,159,11
158,160,11
158,161,11
158,162,11
158,163,11
158,164,11
158,165,11
158,166,11
158,167,11
158,168,11
158,169,11
158,170,11
158,171,11
158,172,11
158,173,11
158,174,11
158,175,11
158,176,11
158,177,11
158,178,11
158,179,11
158,180,11
158,181,11
158,182,11
158,183,11
158,184,11
158,185,11
158,186,11
158,187,11
158,188,11
158,189,11
158,190,11
158,191,11
158,192,11
158,193,11
158,194,11
158,215,11
158,217,11
158,219,11
158,221,11
158,223,11
159,0,12
159,1,12
159,2,12
159,3,12
159,4,12
159,5,12
159,6,12
159,7,12
159,8,12
159,9,12
159,10,12
159,11,12
159,12,12
159,13,12
159,14,12
159,15,12
159,16,12
159,17,12
159,18,12
159,19,12
159,20,12
159,21,12
159,22,12
159,23,12
159,24,12
159,25,12
159,26,12
159,27,12
159,28,12
159,29,12
159,30,12
159,31,12
159,32,12
159,33,12
159,34,12
159,35,12
159,36,12
159,37,12
159,38,12
159,39,12
159,40,12
159,41,12
159,42,12
159,43,12
159,44,12
159,45,12
159,46,12
159,47,12
159,48,12
159,49,12
159,50,12
159,51,12
159,52,12
159,53,12
159,54,12
159,55,12
159,56,12
159,57,12
159,58,12
159,59,12
159,60,12
159,61,12
159,62,12
159,63,12
159,64,12
159,65,12
159,66,12
159,67,12
159,68,12
159,69,12
159,70,12
159,71,12
159,72,12
159,73,12
159,74,12
159,75,12
159,76,12
159,77,12
159,78,12
159,79,12
159,80,12
159,81,12
159,82,12
159,83,12
159,84,12
159,85,12
159,86,12
159,87,12
159,88,12
159,89,12
159,90,12
159,91,12
159,92,12
159,93,12
159,94,12
159,95,12
159,96,12
159,97,12
159,98,12
159,99,12
159,100,12
159,101,12
159,102,12
159,103,12
159,104,12
159,105,12
159,106,12
159,107,12
159,108,12
159,109,12
159,110,12
159,111,12
159,112,12
159,113,12
159,114,12
159,115,12
159,116,12
159,117,12
159,118,12
159,119,12
159,120,12
159,121,12
159,122,12
159,123,12
159,124,12
159,125,12
159,126,12
159,127,12
159,128,12
159,129,12
159,130,12
159,131,12
159,132,12
159,133,12
159,134,12
159,135,12
159,136,12
159,137,12
159,138,12
159,139,12
159,140,12
159,141,12
159,142,12
159,143,12
159,144,12
159,145,12
159,146,12
159,147,12
159,148,12
159,149,12
159,150,12
159,151,12
159,152,12
159,153,12
159,154,12
159,155,12
159,156,12
159,157,12
159,158,12
159,160,12
159,161,12
159,162,12
159,163,12
159,164,12
159,165,12
159,166,12
159,167,12
159,168,12
159,169,12
159,170,12
159,171,12
159,172,12
159,173,12
159,174,12
159,175,12
159,176,12
159,177,12
159,178,12
159,179,12
159,180,12
159,181,12
159,182,12
159,183,12
159,184,12
159,185,12
159,186,12
159,187,12
159,188,12
159,189,12
159,190,12
159,191,12
159,192,12
159,193,12
159,194,12
159,215,12
159,217,12
159,219,12
159,221,12
159,223,12
160,0,12
160,1,12
160,2,12
160,3,12
160,4,12
160,5,12
160,6,12
160,7,12
160,8,12
160,9,12
160,10,12
160,11,12
160,12,12
160,13,12
160,14,12
160,15,12
160,16,12
160,17,12
160,18,12
160,19,12
160,20,12
160,21,12
160,22,12
160,23,12
160,24,12
160,25,12
160,26,12
160,27,12
160,28,12
160,29,12
160,30,12
160,31,12
160,32,12
160,33,12
160,34,12
160,35,12
160,36,12
160,37,12
160,38,12
160,39,12
160,40,12
160,41,12
160,42,12
160,43,12
160,44,12
160,45,12
160,46,12
160,47,12
160,48,12
160,49,12
160,50,12
160,51,12
160,52,12
160,53,12
160,54,12
160,55,12
160,56,12
160,57,12
160,58,12
160,59,12
160,60,12
160,61,12
160,62,12
160,63,12
160,64,12
160,65,12
160,66,12
160,67,12
160,68,12
160,69,12
160,70,12
160,71,12
160,72,12
160,73,12
160,74,12
160,75,12
160,76,12
160,77,12
160,78,12
160,79,12
160,80,12
160,81,12
160,82,12
160,83,12
160,84,12
160,85,12
160,86,12
160,87,12
160,88,12
160,89,12
160,90,12
160,91,12
160,92,12
160,93,12
160,94,12
160,95,12
160,96,12
160,97,12
160,98,12
160,99,12
160,100,12
160,101,12
160,102,12
160,103,12
160,104,12
160,105,12
160,106,12
160,107,12
160,108,12
160,109,12
160,110,12
160,111,12
160,112,12
160,113,12
160,114,12
160,115,12
160,116,12
160,117,12
160,118,12
160,119,12
160,120,12
160,121,12
160,122,12
160,123,12
160,124,12
160,125,12
160,126,12
160,127,12
160,128,12
160,129,12
160,130,12
160,131,12
160,132,12
160,133,12
160,134,12
160,135,12
160,136,12
160,137,12
160,138,12
160,139,12
160,140,12
160,141,12
160,142,12
160,143,12
160,144,12
160,145,12
160,146,12
160,147,12
160,148,12
160,149,12
160,150,12
160,151,12
160,152,12
160,153,12
160,154,12
160,155,12
160,156,12
160,157,12
160,158,12
160,159,12
160,161,12
160,162,12
160,163,12
160,164,12
160,165,12
160,166,12
160,167,12
160,168,12
160,169,12
160,170,12
160,171,12
160,172,12
160,173,12
160,174,12
160,175,12
160,176,12
160,177,12
160,178,12
160,179,12
160,180,12
160,181,12
160,182,12
160,183,12
160,184,12
160,185,12
160,186,12
160,187,12
160,188,12
160,189,12
160,190,12
160,191,12
160,192,12
160,193,12
160,194,12
160,215,12
160,217,12
160,219,12
160,221,12
160,223,12
161,0,12
161,1,12
161,2,12
161,3,12
161,4,12
161,5,12
161,6,12
161,7,12
161,8,12
161,9,12
161,10,12
161,11,12
161,12,12
161,13,12
161,14,12
161,15,12
161,16,12
161,17,12
161,18,12
161,19,12
161,20,12
161,21,12
161,22,12
161,23,12
161,24,12
161,25,12
161,26,12
161,27,12
161,28,12
161,29,12
161,30,12
161,31,12
161,32,12
161,33,12
161,34,12
161,35,12
161,36,12
161,37,12
161,38,12
161,39,12
161,40,12
161,41,12
161,42,12
161,43,12
161,44,12
161,45,12
161,46,12
161,47,12
161,48,12
161,49,12
161,50,12
161,51,12
161,52,12
161,53,12
161,54,12
161,55,12
161,56,12
161,57,12
161,58,12
161,59,12
161,60,12
161,61,12
161,62,12
161,63,12
161,64,12
161,65,12
161,66,12
161,67,12
161,68,12
161,69,12
161,70,12
161,71,12
161,72,12
161,73,12
161,74,12
161,75,12
161,76,12
161,77,12
161,78,12
161,79,12
161,80,12
161,81,12
161,82,12
161,83,12
161,84,12
161,85,12
161,86,12
161,87,12
161,88,12
161,89,12
161,90,12
161,91,12
161,92,12
161,93,12
161,94,12
161,95,12
161,96,12
161,97,12
161,98,12
161,99,12
161,100,12
161,101,12
161,102,12
161,103,12
161,104,12
161,105,12
161,106,12
161,107,12
161,108,12
161,109,12
161,110,12
161,111,12
161,112,12
161,113,12
161,114,12
161,115,12
161,116,12
161,117,12
161,118,12
161,119,12
161,120,12
161,121,12
161,122,12
161,123,12
161,124,12
161,125,12
161,126,12
161,127,12
161,128,12
161,129,12
161,130,12
161,131,12
161,132,12
161,133,12
161,134,12
161,135,12
161,136,12
161,137,12
161,138,12
161,139,12
161,140,12
161,141,12
161,142,12
161,143,12
161,144,12
161,145,12
161,146,12
161,147,12
161,148,12
161,149,12
161,150,12
161,151,12
161,152,12
161,153,12
161,154,12
161,155,12
161,156,12
161,157,12
161,158,12
161,159,12
161,160,12
161,162,12
161,163,12
161,164,12
161,165,12
161,166,12
161,167,12
161,168,12
161,169,12
161,170,12
161,171,12
161,172,12
161,173,12
161,174,12
161,175,12
161,176,12
161,177,12
161,178,12
161,179,12
161,180,12
161,181,12
161,182,12
161,183,12
161,184,12
161,185,12
161,186,12
161,187,12
161,188,12
161,189,12
161,190,12
161,191,12
161,192,12
161,193,12
161,194,12
161,215,12
161,217,12
161,219,12
161,221,12
161,223,12
162,0,12
162,1,12
162,2,12
162,3,12
162,4,12
162,5,12
162,6,12
162,7,12
162,8,12
162,9,12
162,10,12
162,11,12
162,12,12
162,13,12
162,14,12
162,15,12
162,16,12
162,17,12
162,18,12
162,19,12
162,20,12
162,21,12
162,22,12
162,23,12
162,24,12
162,25,12
162,26,12
162,27,12
162,28,12
162,29,12
162,30,12
162,31,12
162,32,12
162,33,12
162,34,12
162,35,12
162,36,12
162,37,12
162,38,12
162,39,12
162,40,12
162,41,12
162,42,12
162,43,12
162,44,12
162,45,12
162,46,12
162,47,12
162,48,12
162,49,12
162,50,12
162,51,12
162,52,12
162,53,12
162,54,12
162,55,12
162,56,12
162,57,12
162,58,12
162,59,12
162,60,12
162,61,12
162,62,12
162,63,12
162,64,12
162,65,12
162,66,12
162,67,12
162,68,12
162,69,12
162,70,12
162,71,12
162,72,12
162,73,12
162,74,12
162,75,12
162,76,12
162,77,12
162,78,12
162,79,12
162,80,12
162,81,12
162,82,12
162,83,12
162,84,12
162,85,12
162,86,12
162,87,12
162,88,12
162,89,12
162,90,12
162,91,12
162,92,12
162,93,12
162,94,12
162,95,12
162,96,12
162,97,12
162,98,12
162,99,12
162,100,12
162,101,12
162,102,12
162,103,12
162,104,12
162,105,12
162,106,12
162,107,12
162,108,12
162,109,12
162,110,12
162,111,12
162,112,12
162,113,12
162,114,12
162,115,12
162,116,12
162,117,12
162,118,12
162,119,12
162,120,12
162,121,12
162,122,12
162,123,12
162,124,12
162,125,12
162,126,12
162,127,12
162,128,12
162,129,12
162,130,12
162,131,12
162,132,12
162,133,12
162,134,12
162,135,12
162,136,12
162,137,12
162,138,12
162,139,12
162,140,12
162,141,12
162,142,12
162,143,12
162,144,12
162,145,12
162,146,12
162,147,12
162,148,12
162,149,12
162,150,12
162,151,12
162,152,12
162,153,12
162,154,12
162,155,12
162,156,12
162,157,12
162,158,12
162,159,12
162,160,12
162,161,12
162,163,12
162,164,12
162,165,12
162,166,12
162,167,12
162,168,12
162,169,12
162,170,12
162,171,12
162,172,12
162,173,12
162,174,12
162,175,12
162,176,12
162,177,12
162,178,12
162,179,12
162,180,12
162,181,12
162,182,12
162,183,12
162,184,12
162,185,12
162,186,12
162,187,12
162,188,12
162,189,12
162,190,12
162,191,12
162,192,12
162,193,12
162,194,12
162,215,12
162,217,12
162,219,12
162,221,12
162,223,12
163,0,12
163,1,12
163,2,12
163,3,12
163,4,12
163,5,12
163,6,12
163,7,12
163,8,12
163,9,12
163,10,12
163,11,12
163,12,12
163,13,12
163,14,12
163,15,12
163,16,12
163,17,12
163,18,12
163,19,12
163,20,12
163,21,12
163,22,12
163,23,12
163,24,12
163,25,12
163,26,12
163,27,12
163,28,12
163,29,12
163,30,12
163,31,12
163,32,12
163,33,12
163,34,12
163,35,12
163,36,12
163,37,12
163,38,12
163,39,12
163,40,12
163,41,12
163,42,12
163,43,12
163,44,12
163,45,12
163,46,12
163,47,12
163,48,12
163,49,12
163,50,12
163,51,12
163,52,12
163,53,12
163,54,12
163,55,12
163,56,12
163,57,12
163,58,12
163,59,12
163,60,12
163,61,12
163,62,12
163,63,12
163,64,12
163,65,12
163,66,12
163,67,12
163,68,12
163,69,12
163,70,12
163,71,12
163,72,12
163,73,12
163,74,12
163,75,12
163,76,12
163,77,12
163,78,12
163,79,12
163,80,12
163,81,12
163,82,12
163,83,12
163,84,12
163,85,12
163,86,12
163,87,12
163,88,12
163,89,12
163,90,12
163,91,12
163,92,12
163,93,12
163,94,12
163,95,12
163,96,12
163,97,12
163,98,12
163,99,12
163,100,12
163,101,12
163,102,12
163,103,12
163,104,12
163,105,12
163,106,12
163,107,12
163,108,12
163,109,12
163,110,12
163,111,12
163,112,12
163,113,12
163,114,12
163,115,12
163,116,12
163,117,12
163,118,12
163,119,12
163,120,12
163,121,12
163,122,12
163,123,12
163,124,12
163,125,12
163,126,12
163,127,12
163,128,12
163,129,12
163,130,12
163,131,12
163,132,12
163,133,12
163,134,12
163,135,12
163,136,12
163,137,12
163,138,12
163,139,12
163,140,12
163,141,12
163,142,12
163,143,12
163,144,12
163,145,12
163,146,12
163,147,12
163,148,12
163,149,12
163,150,12
163,151,12
163,152,12
163,153,12
163,154,12
163,155,12
163,156,12
163,157,12
163,158,12
163,159,12
163,160,12
163,161,12
163,162,12
163,164,12
163,165,12
163,166,12
163,167,12
163,168,12
163,169,12
163,170,12
163,171,12
163,172,12
163,173,12
163,174,12
163,175,12
163,176,12
163,177,12
163,178,12
163,179,12
163,180,12
163,181,12
163,182,12
163,183,12
163,184,12
163,185,12
163,186,12
163,187,12
163,188,12
163,189,12
163,190,12
163,191,12
163,192,12
163,193,12
163,194,12
163,215,12
163,217,12
163,219,12
163,221,12
163,223,12
164,0,12
164,1,12
164,2,12
164,3,12
164,4,12
164,5,12
164,6,12
164,7,12
164,8,12
164,9,12
164,10,12
164,11,12
164,12,12
164,13,12
164,14,12
164,15,12
164,16,12
164,17,12
164,18,12
164,19,12
164,20,12
164,21,12
164,22,12
164,23,12
164,24,12
164,25,12
164,26,12
164,27,12
164,28,12
164,29,12
164,30,12
164,31,12
164,32,12
164,33,12
164,34,12
164,35,12
164,36,12
164,37,12
164,38,12
164,39,12
164,40,12
164,41,12
164,42,12
164,43,12
164,44,12
164,45,12
164,46,12
164,47,12
164,48,12
164,49,12
164,50,12
164,51,12
164,52,12
164,53,12
164,54,12
164,55,12
164,56,12
164,57,12
164,58,12
164,59,12
164,60,12
164,61,12
164,62,12
164,63,12
164,64,12
164,65,12
164,66,12
164,67,12
164,68,12
164,69,12
164,70,12
164,71,12
164,72,12
164,73,12
164,74,12
164,75,12
164,76,12
164,77,12
164,78,12
164,79,12
164,80,12
164,81,12
164,82,12
164,83,12
164,84,12
164,85,12
164,86,12
164,87,12
164,88,12
164,89,12
164,90,12
164,91,12
164,92,12
164,93,12
164,94,12
164,95,12
164,96,12
164,97,12
164,98,12
164,99,12
164,100,12
164,101,12
164,102,12
164,103,12
164,104,12
164,105,12
164,106,12
164,107,12
164,108,12
164,109,12
164,110,12
164,111,12
164,112,12
164,113,12
164,114,12
164,115,12
164,116,12
164,117,12
164,118,12
164,119,12
164,120,12
164,121,12
164,122,12
164,123,12
164,124,12
164,125,12
164,126,12
164,127,12
164,128,12
164,129,12
164,130,12
164,131,12
164,132,12
164,133,12
164,134,12
164,135,12
164,136,12
164,137,12
164,138,12
164,139,12
164,140,12
164,141,12
164,142,12
164,143,12
164,144,12
164,145,12
164,146,12
164,147,12
164,148,12
164,149,12
164,150,12
164,151,12
164,152,12
164,153,12
164,154,12
164,155,12
164,156,12
164,157,12
164,158,12
164,159,12
164,160,12
164,161,12
164,162,12
164,163,12
164,165,12
164,166,12
164,167,12
164,168,12
164,169,12
164,170,12
164,171,12
164,172,12
164,173,12
164,174,12
164,175,12
164,176,12
164,177,12
164,178,12
164,179,12
164,180,12
164,181,12
164,182,12
164,183,12
164,184,12
164,185,12
164,186,12
164,187,12
164,188,12
164,189,12
164,190,12
164,191,12
164,192,12
164,193,12
164,194,12
164,215,12
164,217,12
164,219,12
164,221,12
164,223,12
165,0,12
165,1,12
165,2,12
165,3,12
165,4,12
165,5,12
165,6,12
165,7,12
165,8,12
165,9,12
165,10,12
165,11,12
165,12,12
165,13,12
165,14,12
165,15,12
165,16,12
165,17,12
165,18,12
165,19,12
165,20,12
165,21,12
165,22,12
165,23,12
165,24,12
165,25,12
165,26,12
165,27,12
165,28,12
165,29,12
165,30,12
165,31,12
165,32,12
165,33,12
165,34,12
165,35,12
165,36,12
165,37,12
165,38,12
165,39,12
165,40,12
165,41,12
165,42,12
165,43,12
165,44,12
165,45,12
165,46,12
165,47,12
165,48,12
165,49,12
165,50,12
165,51,12
165,52,12
165,53,12
165,54,12
165,55,12
165,56,12
165,57,12
165,58,12
165,59,12
165,60,12
165,61,12
165,62,12
165,63,12
165,64,12
165,65,12
165,66,12
165,67,12
165,68,12
165,69,12
165,70,12
165,71,12
165,72,12
165,73,12
165,74,12
165,75,12
165,76,12
165,77,12
165,78,12
165,79,12
165,80,12
165,81,12
165,82,12
165,83,12
165,84,12
165,85,12
165,86,12
165,87,12
165,88,12
165,89,12
165,90,12
165,91,12
165,92,12
165,93,12
165,94,12
165,95,12
165,96,12
165,97,12
165,98,12
165,99,12
165,100,12
165,101,12
165,102,12
165,103,12
165,104,12
165,105,12
165,106,12
165,107,12
165,108,12
165,109,12
165,110,12
165,111,12
165,112,12
165,113,12
165,114,12
165,115,12
165,116,12
165,117,12
165,118,12
165,119,12
165,120,12
165,121,12
165,122,12
165,123,12
165,124,12
165,125,12
165,126,12
165,127,12
165,128,12
165,129,12
165,130,12
165,131,12
165,132,12
165,133,12
165,134,12
165,135,12
165,136,12
165,137,12
165,138,12
165,139,12
165,140,12
165,141,12
165,142,12
165,143,12
165,144,12
165,145,12
165,146,12
165,147,12
165,148,12
165,149,12
165,150,12
165,151,12
165,152,12
165,153,12
165,154,12
165,155,12
165,156,12
165,157,12
165,158,12
165,159,12
165,160,12
165,161,12
165,162,12
165,163,12
165,164,12
165,166,12
165,167,12
165,168,12
165,169,12
165,170,12
165,171,12
165,172,12
165,173,12
165,174,12
165,175,12
165,176,12
165,177,12
165,178,12
165,179,12
165,180,12
165,181,12
165,182,12
165,183,12
165,184,12
165,185,12
165,186,12
165,187,12
165,188,12
165,189,12
165,190,12
165,191,12
165,192,12
165,193,12
165,194,12
165,215,12
165,217,12
165,219,12
165,221,12
165,223,12
166,0,12
166,1,12
166,2,12
166,3,12
166,4,12
166,5,12
166,6,12
166,7,12
166,8,12
166,9,12
166,10,12
166,11,12
166,12,12
166,13,12
166,14,12
166,15,12
166,16,12
166,17,12
166,18,12
166,19,12
166,20,12
166,21,12
166,22,12
166,23,12
166,24,12
166,25,12
166,26,12
166,27,12
166,28,12
166,29,12
166,30,12
166,31,12
166,32,12
166,33,12
166,34,12
166,35,12
166,36,12
166,37,12
166,38,12
166,39,12
166,40,12
166,41,12
166,42,12
166,43,12
166,44,12
166,45,12
166,46,12
166,47,12
166,48,12
166,49,12
166,50,12
166,51,12
166,52,12
166,53,12
166,54,12
166,55,12
166,56,12
166,57,12
166,58,12
166,59,12
166,60,12
166,61,12
166,62,12
166,63,12
166,64,12
166,65,12
166,66,12
166,67,12
166,68,12
166,69,12
166,70,12
166,71,12
166,72,12
166,73,12
166,74,12
166,75,12
166,76,12
166,77,12
166,78,12
166,79,12
166,80,12
166,81,12
166,82,12
166,83,12
166,84,12
166,85,12
166,86,12
166,87,12
166,88,12
166,89,12
166,90,12
166,91,12
166,92,12
166,93,12
166,94,12
166,95,12
166,96,12
166,97,12
166,98,12
166,99,12
166,100,12
166,101,12
166,102,12
166,103,12
166,104,12
166,105,12
166,106,12
166,107,12
166,108,12
166,109,12
166,110,12
166,111,12
166,112,12
166,113,12
166,114,12
166,115,12
166,116,12
166,117,12
166,118,12
166,119,12
166,120,12
166,121,12
166,122,12
166,123,12
166,124,12
166,125,12
166,126,12
166,127,12
166,128,12
166,129,12
166,130,12
166,131,12
166,132,12
166,133,12
166,134,12
166,135,12
166,136,12
166,137,12
166,138,12
166,139,12
166,140,12
166,141,12
166,142,12
166,143,12
166,144,12
166,145,12
166,146,12
166,147,12
166,148,12
166,149,12
166,150,12
166,151,12
166,152,12
166,153,12
166,154,12
166,155,12
166,156,12
166,157,12
166,158,12
166,159,12
166,160,12
166,161,12
166,162,12
166,163,12
166,164,12
166,165,12
166,167,12
166,168,12
166,169,12
166,170,12
166,171,12
166,172,12
166,173,12
166,174,12
166,175,12
166,176,12
166,177,12
166,178,12
166,179,12
166,180,12
166,181,12
166,182,12
166,183,12
166,184,12
166,185,12
166,186,12
166,187,12
166,188,12
166,189,12
166,190,12
166,191,12
166,192,12
166,193,12
166,194,12
166,215,12
166,217,12
166,219,12
166,221,12
166,223,12
167,0,12
167,1,12
167,2,12
167,3,12
167,4,12
167,5,12
167,6,12
167,7,12
167,8,12
167,9,12
167,10,12
167,11,12
167,12,12
167,13,12
167,14,12
167,15,12
167,16,12
167,17,12
167,18,12
167,19,12
167,20,12
167,21,12
167,22,12
167,23,12
167,24,12
167,25,12
167,26,12
167,27,12
167,28,12
167,29,12
167,30,12
167,31,12
167,32,12
167,33,12
167,34,12
167,35,12
167,36,12
167,37,12
167,38,12
167,39,12
167,40,12
167,41,12
167,42,12
167,43,12
167,44,12
167,45,12
167,46,12
167,47,12
167,48,12
167,49,12
167,50,12
167,51,12
167,52,12
167,53,12
167,54,12
167,55,12
167,56,12
167,57,12
167,58,12
167,59,12
167,60,12
167,61,12
167,62,12
167,63,12
167,64,12
167,65,12
167,66,12
167,67,12
167,68,12
167,69,12
167,70,12
167,71,12
167,72,12
167,73,12
167,74,12
167,75,12
167,76,12
167,77,12
167,78,12
167,79,12
167,80,12
167,81,12
167,82,12
167,83,12
167,84,12
167,85,12
167,86,12
167,87,12
167,88,12
167,89,12
167,90,12
167,91,12
167,92,12
167,93,12
167,94,12
167,95,12
167,96,12
167,97,12
167,98,12
167,99,12
167,100,12
167,101,12
167,102,12
167,103,12
167,104,12
167,105,12
167,106,12
167,107,12
167,108,12
167,109,12
167,110,12
167,111,12
167,112,12
167,113,12
167,114,12
167,115,12
167,116,12
167,117,12
167,118,12
167,119,12
167,120,12
167,121,12
167,122,12
167,123,12
167,124,12
167,125,12
167,126,12
167,127,12
167,128,12
167,129,12
167,130,12
167,131,12
167,132,12
167,133,12
167,134,12
167,135,12
167,136,12
167,137,12
167,138,12
167,139,12
167,140,12
167,141,12
167,142,12
167,143,12
167,144,12
167,145,12
167,146,12
167,147,12
167,148,12
167,149,12
167,150,12
167,151,12
167,152,12
167,153,12
167,154,12
167,155,12
167,156,12
167,157,12
167,158,12
167,159,12
167,160,12
167,161,12
167,162,12
167,163,12
167,164,12
167,165,12
167,166,12
167,168,12
167,169,12
167,170,12
167,171,12
167,172,12
167,173,12
167,174,12
167,175,12
167,176,12
167,177,12
167,178,12
167,179,12
167,180,12
167,181,12
167,182,12
167,183,12
167,184,12
167,185,12
167,186,12
167,187,12
167,188,12
167,189,12
167,190,12
167,191,12
167,192,12
167,193,12
167,194,12
167,215,12
167,217,12
167,219,12
167,221,12
167,223,12
168,0,12
168,1,12
168,2,12
168,3,12
168,4,12
168,5,12
168,6,12
168,7,12
168,8,12
168,9,12
168,10,12
168,11,12
168,12,12
168,13,12
168,14,12
168,15,12
168,16,12
168,17,12
168,18,12
168,19,12
168,20,12
168,21,12
168,22,12
168,23,12
168,24,12
168,25,12
168,26,12
168,27,12
168,28,12
168,29,12
168,30,12
168,31,12
168,32,12
168,33,12
168,34,12
168,35,12
168,36,12
168,37,12
168,38,12
168,39,12
168,40,12
168,41,12
168,42,12
168,43,12
168,44,12
168,45,12
168,46,12
168,47,12
168,48,12
168,49,12
168,50,12
168,51,12
168,52,12
168,53,12
168,54,12
168,55,12
168,56,12
168,57,12
168,58,12
168,59,12
168,60,12
168,61,12
168,62,12
168,63,12
168,64,12
168,65,12
168,66,12
168,67,12
168,68,12
168,69,12
168,70,12
168,71,12
168,72,12
168,73,12
168,74,12
168,75,12
168,76,12
168,77,12
168,78,12
168,79,12
168,80,12
168,81,12
168,82,12
168,83,12
168,84,12
168,85,12
168,86,12
168,87,12
168,88,12
168,89,12
168,90,12
168,91,12
168,92,12
168,93,12
168,94,12
168,95,12
168,96,12
168,97,12
168,98,12
168,99,12
168,100,12
168,101,12
168,102,12
168,103,12
168,104,12
168,105,12
168,106,12
168,107,12
168,108,12
168,109,12
168,110,12
168,111,12
168,112,12
168,113,12
168,114,12
168,115,12
168,116,12
168,117,12
168,118,12
168,119,12
168,120,12
168,121,12
168,122,12
168,123,12
168,124,12
168,125,12
168,126,12
168,127,12
168,128,12
168,129,12
168,130,12
168,131,12
168,132,12
168,133,12
168,134,12
168,135,12
168,136,12
168,137,12
168,138,12
168,139,12
168,140,12
168,141,12
168,142,12
168,143,12
168,144,12
168,145,12
168,146,12
168,147,12
168,148,12
168,149,12
168,150,12
168,151,12
168,152,12
168,153,12
168,154,12
168,155,12
168,156,12
168,157,12
168,158,12
168,159,12
168,160,12
168,161,12
168,162,12
168,163,12
168,164,12
168,165,12
168,166,12
168,167,12
168,169,12
168,170,12
168,171,12
168,172,12
168,173,12
168,174,12
168,175,12
168,176,12
168,177,12
168,178,12
168,179,12
168,180,12
168,181,12
168,182,12
168,183,12
168,184,12
168,185,12
168,186,12
168,187,12
168,188,12
168,189,12
168,190,12
168,191,12
168,192,12
168,193,12
168,194,12
168,215,12
168,217,12
168,219,12
168,221,12
168,223,12
169,0,12
169,1,12
169,2,12
169,3,12
169,4,12
169,5,12
169,6,12
169,7,12
169,8,12
169,9,12
169,10,12
169,11,12
169,12,12
169,13,12
169,14,12
169,15,12
169,16,12
169,17,12
169,18,12
169,19,12
169,20,12
169,21,12
169,22,12
169,23,12
169,24,12
169,25,12
169,26,12
169,27,12
169,28,12
169,29,12
169,30,12
169,31,12
169,32,12
169,33,12
169,34,12
169,35,12
169,36,12
169,37,12
169,38,12
169,39,12
169,40,12
169,41,12
169,42,12
169,43,12
169,44,12
169,45,12
169,46,12
169,47,12
169,48,12
169,49,12
169,50,12
169,51,12
169,52,12
169,53,12
169,54,12
169,55,12
169,56,12
169,57,12
169,58,12
169,59,12
169,60,12
169,61,12
169,62,12
169,63,12
169,64,12
169,65,12
169,66,12
169,67,12
169,68,12
169,69,12
169,70,12
169,71,12
169,72,12
169,73,12
169,74,12
169,75,12
169,76,12
169,77,12
169,78,12
169,79,12
169,80,12
169,81,12
169,82,12
169,83,12
169,84,12
169,85,12
169,86,12
169,87,12
169,88,12
169,89,12
169,90,12
169,91,12
169,92,12
169,93,12
169,94,12
169,95,12
169,96,12
169,97,12
169,98,12
169,99,12
169,100,12
169,101,12
169,102,12
169,103,12
169,104,12
169,105,12
169,106,12
169,107,12
169,108,12
169,109,12
169,110,12
169,111,12
169,112,12
169,113,12
169,114,12
169,115,12
169,116,12
169,117,12
169,118,12
169,119,12
169,120,12
169,121,12
169,122,12
169,123,12
169,124,12
169,125,12
169,126,12
169,127,12
169,128,12
169,129,12
169,130,12
169,131,12
169,132,12
169,133,12
169,134,12
169,135,12
169,136,12
169,137,12
169,138,12
169,139,12
169,140,12
169,141,12
169,142,12
169,143,12
169,144,12
169,145,12
169,146,12
169,147,12
169,148,12
169,149,12
169,150,12
169,151,12
169,152,12
169,153,12
169,154,12
169,155,12
169,156,12
169,157,12
169,158,12
169,159,12
169,160,12
169,161,12
169,162,12
169,163,12
169,164,12
169,165,12
169,166,12
169,167,12
169,168,12
169,170,12
169,171,12
169,172,12
169,173,12
169,174,12
169,175,12
169,176,12
169,177,12
169,178,12
169,179,12
169,180,12
169,181,12
169,182,12
169,183,12
169,184,12
169,185,12
169,186,12
169,187,12
169,188,12
169,189,12
169,190,12
169,191,12
169,192,12
169,193,12
169,194,12
169,215,12
169,217,12
169,219,12
169,221,12
169,223,12
170,0,12
170,1,12
170,2,12
170,3,12
170,4,12
170,5,12
170,6,12
170,7,12
170,8,12
170,9,12
170,10,12
170,11,12
170,12,12
170,13,12
170,14,12
170,15,12
170,16,12
170,17,12
170,18,12
170,19,12
170,20,12
170,21,12
170,22,12
170,23,12
170,24,12
170,25,12
170,26,12
170,27,12
170,28,12
170,29,12
170,30,12
170,31,12
170,32,12
170,33,12
170,34,12
170,35,12
170,36,12
170,37,12
170,38,12
170,39,12
170,40,12
170,41,12
170,42,12
170,43,12
170,44,12
170,45,12
170,46,12
170,47,12
170,48,12
170,49,12
170,50,12
170,51,12
170,52,12
170,53,12
170,54,12
170,55,12
170,56,12
170,57,12
170,58,12
170,59,12
170,60,12
170,61,12
170,62,12
170,63,12
170,64,12
170,65,12
170,66,12
170,67,12
170,68,12
170,69,12
170,70,12
170,71,12
170,72,12
170,73,12
170,74,12
170,75,12
170,76,12
170,77,12
170,78,12
170,79,12
170,80,12
170,81,12
170,82,12
170,83,12
170,84,12
170,85,12
170,86,12
170,87,12
170,88,12
170,89,12
170,90,12
170,91,12
170,92,12
170,93,12
170,94,12
170,95,12
170,96,12
170,97,12
170,98,12
170,99,12
170,100,12
170,101,12
170,102,12
170,103,12
170,104,12
170,105,12
170,106,12
170,107,12
170,108,12
170,109,12
170,110,12
170,111,12
170,112,12
170,113,12
170,114,12
170,115,12
170,116,12
170,117,12
170,118,12
170,119,12
170,120,12
170,121,12
170,122,12
170,123,12
170,124,12
170,125,12
170,126,12
170,127,12
170,128,12
170,129,12
170,130,12
170,131,12
170,132,12
170,133,12
170,134,12
170,135,12
170,136,12
170,137,12
170,138,12
170,139,12
170,140,12
170,141,12
170,142,12
170,143,12
170,144,12
170,145,12
170,146,12
170,147,12
170,148,12
170,149,12
170,150,12
170,151,12
170,152,12
170,153,12
170,154,12
170,155,12
170,156,12
170,157,12
170,158,12
170,159,12
170,160,12
170,161,12
170,162,12
170,163,12
170,164,12
170,165,12
170,166,12
170,167,12
170,168,12
170,169,12
170,171,12
170,172,12
170,173,12
170,174,12
170,175,12
170,176,12
170,177,12
170,178,12
170,179,12
170,180,12
170,181,12
170,182,12
170,183,12
170,184,12
170,185,12
170,186,12
170,187,12
170,188,12
170,189,12
170,190,12
170,191,12
170,192,12
170,193,12
170,194,12
170,215,12
170,217,12
170,219,12
170,221,12
170,223,12
171,0,13
171,1,13
171,2,13
171,3,13
171,4,13
171,5,13
171,6,13
171,7,13
171,8,13
171,9,13
171,10,13
171,11,13
171,12,13
171,13,13
171,14,13
171,15,13
171,16,13
171,17,13
171,18,13
171,19,13
171,20,13
171,21,13
171,22,13
171,23,13
171,24,13
171,25,13
171,26,13
171,27,13
171,28,13
171,29,13
171,30,13
171,31,13
171,32,13
171,33,13
171,34,13
171,35,13
171,36,13
171,37,13
171,38,13
171,39,13
171,40,13
171,41,13
171,42,13
171,43,13
171,44,13
171,45,13
171,46,13
171,47,13
171,48,13
171,49,13
171,50,13
171,51,13
171,52,13
171,53,13
171,54,13
171,55,13
171,56,13
171,57,13
171,58,13
171,59,13
171,60,13
171,61,13
171,62,13
171,63,13
171,64,13
171,65,13
171,66,13
171,67,13
171,68,13
171,69,13
171,70,13
171,71,13
171,72,13
171,73,13
171,74,13
171,75,13
171,76,13
171,77,13
171,78,13
171,79,13
171,80,13
171,81,13
171,82,13
171,83,13
171,84,13
171,85,13
171,86,13
171,87,13
171,88,13
171,89,13
171,90,13
171,91,13
171,92,13
171,93,13
171,94,13
171,95,13
171,96,13
171,97,13
171,98,13
171,99,13
171,100,13
171,101,13
171,102,13
171,103,13
171,104,13
171,105,13
171,106,13
171,107,13
171,108,13
171,109,13
171,110,13
171,111,13
171,112,13
171,113,13
171,114,13
171,115,13
171,116,13
171,117,13
171,118,13
171,119,13
171,120,13
171,121,13
171,122,13
171,123,13
171,124,13
171,125,13
171,126,13
171,127,13
171,128,13
171,129,13
171,130,13
171,131,13
171,132,13
171,133,13
171,134,13
171,135,13
171,136,13
171,137,13
171,138,13
171,139,13
171,140,13
171,141,13
171,142,13
171,143,13
171,144,13
171,145,13
171,146,13
171,147,13
171,148,13
171,149,13
171,150,13
171,151,13
171,152,13
171,153,13
171,154,13
171,155,13
171,156,13
171,157,13
171,158,13
171,159,13
171,160,13
171,161,13
171,162,13
171,163,13
171,164,13
171,165,13
171,166,13
171,167,13
171,168,13
171,169,13
171,170,13
171,172,13
171,173,13
171,174,13
171,175,13
171,176,13
171,177,13
171,178,13
171,179,13
171,180,13
171,181,13
171,182,13
171,183,13
171,184,13
171,185,13
171,186,13
171,187,13
171,188,13
171,189,13
171,190,13
171,191,13
171,192,13
171,193,13
171,194,13
171,215,13
171,217,13
171,219,13
171,221,13
171,223,13
172,0,13
172,1,13
172,2,13
172,3,13
172,4,13
172,5,13
172,6,13
172,7,13
172,8,13
172,9,13
172,10,13
172,11,13
172,12,13
172,13,13
172,14,13
172,15,13
172,16,13
172,17,13
172,18,13
172,19,13
172,20,13
172,21,13
172,22,13
172,23,13
172,24,13
172,25,13
172,26,13
172,27,13
172,28,13
172,29,13
172,30,13
172,31,13
172,32,13
172,33,13
172,34,13
172,35,13
172,36,13
172,37,13
172,38,13
172,39,13
172,40,13
172,41,13
172,42,13
172,43,13
172,44,13
172,45,13
172,46,13
172,47,13
172,48,13
172,49,13
172,50,13
172,51,13
172,52,13
172,53,13
172,54,13
172,55,13
172,56,13
172,57,13
172,58,13
172,59,13
172,60,13
172,61,13
172,62,13
172,63,13
172,64,13
172,65,13
172,66,13
172,67,13
172,68,13
172,69,13
172,70,13
172,71,13
172,72,13
172,73,13
172,74,13
172,75,13
172,76,13
172,77,13
172,78,13
172,79,13
172,80,13
172,81,13
172,82,13
172,83,13
172,84,13
172,85,13
172,86,13
172,87,13
172,88,13
172,89,13
172,90,13
172,91,13
172,92,13
172,93,13
172,94,13
172,95,13
172,96,13
172,97,13
172,98,13
172,99,13
172,100,13
172,101,13
172,102,13
172,103,13
172,104,13
172,105,13
172,106,13
172,107,13
172,108,13
172,109,13
172,110,13
172,111,13
172,112,13
172,113,13
172,114,13
172,115,13
172,116,13
172,117,13
172,118,13
172,119,13
172,120,13
172,121,13
172,122,13
172,123,13
172,124,13
172,125,13
172,126,13
172,127,13
172,128,13
172,129,13
172,130,13
172,131,13
172,132,13
172,133,13
172,134,13
172,135,13
172,136,13
172,137,13
172,138,13
172,139,13
172,140,13
172,141,13
172,142,13
172,143,13
172,144,13
172,145,13
172,146,13
172,147,13
172,148,13
172,149,13
172,150,13
172,151,13
172,152,13
172,153,13
172,154,13
172,155,13
172,156,13
172,157,13
172,158,13
172,159,13
172,160,13
172,161,13
172,162,13
172,163,13
172,164,13
172,165,13
172,166,13
172,167,13
172,168,13
172,169,13
172,170,13
172,171,13
172,173,13
172,174,13
172,175,13
172,176,13
172,177,13
172,178,13
172,179,13
172,180,13
172,181,13
172,182,13
172,183,13
172,184,13
172,185,13
172,186,13
172,187,13
172,188,13
172,189,13
172,190,13
172,191,13
172,192,13
172,193,13
172,194,13
172,215,13
172,217,13
172,219,13
172,221,13
172,223,13
173,0,13
173,1,13
173,2,13
173,3,13
173,4,13
173,5,13
173,6,13
173,7,13
173,8,13
173,9,13
173,10,13
173,11,13
173,12,13
173,13,13
173,14,13
173,15,13
173,16,13
173,17,13
173,18,13
173,19,13
173,20,13
173,21,13
173,22,13
173,23,13
173,24,13
173,25,13
173,26,13
173,27,13
173,28,13
173,29,13
173,30,13
173,31,13
173,32,13
173,33,13
173,34,13
173,35,13
173,36,13
173,37,13
173,38,13
173,39,13
173,40,13
173,41,13
173,42,13
173,43,13
173,44,13
173,45,13
173,46,13
173,47,13
173,48,13
173,49,13
173,50,13
173,51,13
173,52,13
173,53,13
173,54,13
173,55,13
173,56,13
173,57,13
173,58,13
173,59,13
173,60,13
173,61,13
173,62,13
173,63,13
173,64,13
173,65,13
173,66,13
173,67,13
173,68,13
173,69,13
173,70,13
173,71,13
173,72,13
173,73,13
173,74,13
173,75,13
173,76,13
173,77,13
173,78,13
173,79,13
173,80,13
173,81,13
173,82,13
173,83,13
173,84,13
173,85,13
173,86,13
173,87,13
173,88,13
173,89,13
173,90,13
173,91,13
173,92,13
173,93,13
173,94,13
173,95,13
173,96,13
173,97,13
173,98,13
173,99,13
173,100,13
173,101,13
173,102,13
173,103,13
173,104,13
173,105,13
173,106,13
173,107,13
173,108,13
173,109,13
173,110,13
173,111,13
173,112,13
173,113,13
173,114,13
173,115,13
173,116,13
173,117,13
173,118,13
173,119,13
173,120,13
173,121,13
173,122,13
173,123,13
173,124,13
173,125,13
173,126,13
173,127,13
173,128,13
173,129,13
173,130,13
173,131,13
173,132,13
173,133,13
173,134,13
173,135,13
173,136,13
173,137,13
173,138,13
173,139,13
173,140,13
173,141,13
173,142,13
173,143,13
173,144,13
173,145,13
173,146,13
173,147,13
173,148,13
173,149,13
173,150,13
173,151,13
173,152,13
173,153,13
173,154,13
173,155,13
173,156,13
173,157,13
173,158,13
173,159,13
173,160,13
173,161,13
173,162,13
173,163,13
173,164,13
173,165,13
173,166,13
173,167,13
173,168,13
173,169,13
173,170,13
173,171,13
173,172,13
173,174,13
173,175,13
173,176,13
173,177,13
173,178,13
173,179,13
173,180,13
173,181,13
173,182,13
173,183,13
173,184,13
173,185,13
173,186,13
173,187,13
173,188,13
173,189,13
173,190,13
173,191,13
173,192,13
173,193,13
173,194,13
173,215,13
173,217,13
173,219,13
173,221,13
173,223,13
174,0,13
174,1,13
174,2,13
174,3,13
174,4,13
174,5,13
174,6,13
174,7,13
174,8,13
174,9,13
174,10,13
174,11,13
174,12,13
174,13,13
174,14,13
174,15,13
174,16,13
174,17,13
174,18,13
174,19,13
174,20,13
174,21,13
174,22,13
174,23,13
174,24,13
174,25,13
174,26,13
174,27,13
174,28,13
174,29,13
174,30,13
174,31,13
174,32,13
174,33,13
174,34,13
174,35,13
174,36,13
174,37,13
174,38,13
174,39,13
174,40,13
174,41,13
174,42,13
174,43,13
174,44,13
174,45,13
174,46,13
174,47,13
174,48,13
174,49,13
174,50,13
174,51,13
174,52,13
174,53,13
174,54,13
174,55,13
174,56,13
174,57,13
174,58,13
174,59,13
174,60,13
174,61,13
174,62,13
174,63,13
174,64,13
174,65,13
174,66,13
174,67,13
174,68,13
174,69,13
174,70,13
174,71,13
174,72,13
174,73,13
174,74,13
174,75,13
174,76,13
174,77,13
174,78,13
174,79,13
174,80,13
174,81,13
174,82,13
174,83,13
174,84,13
174,85,13
174,86,13
174,87,13
174,88,13
174,89,13
174,90,13
174,91,13
174,92,13
174,93,13
174,94,13
174,95,13
174,96,13
174,97,13
174,98,13
174,99,13
174,100,13
174,101,13
174,102,13
174,103,13
174,104,13
174,105,13
174,106,13
174,107,13
174,108,13
174,109,13
174,110,13
174,111,13
174,112,13
174,113,13
174,114,13
174,115,13
174,116,13
174,117,13
174,118,13
174,119,13
174,120,13
174,121,13
174,122,13
174,123,13
174,124,13
174,125,13
174,126,13
174,127,13
174,128,13
174,129,13
174,130,13
174,131,13
174,132,13
174,133,13
174,134,13
174,135,13
174,136,13
174,137,13
174,138,13
174,139,13
174,140,13
174,141,13
174,142,13
174,143,13
174,144,13
174,145,13
174,146,13
174,147,13
174,148,13
174,149,13
174,150,13
174,151,13
174,152,13
174,153,13
174,154,13
174,155,13
174,156,13
174,157,13
174,158,13
174,159,13
174,160,13
174,161,13
174,162,13
174,163,13
174,164,13
174,165,13
174,166,13
174,167,13
174,168,13
174,169,13
174,170,13
174,171,13
174,172,13
174,173,13
174,175,13
174,176,13
174,177,13
174,178,13
174,179,13
174,180,13
174,181,13
174,182,13
174,183,13
174,184,13
174,185,13
174,186,13
174,187,13
174,188,13
174,189,13
174,190,13
174,191,13
174,192,13
174,193,13
174,194,13
174,215,13
174,217,13
174,219,13
174,221,13
174,223,13
175,0,13
175,1,13
175,2,13
175,3,13
175,4,13
175,5,13
175,6,13
175,7,13
175,8,13
175,9,13
175,10,13
175,11,13
175,12,13
175,13,13
175,14,13
175,15,13
175,16,13
175,17,13
175,18,13
175,19,13
175,20,13
175,21,13
175,22,13
175,23,13
175,24,13
175,25,13
175,26,13
175,27,13
175,28,13
175,29,13
175,30,13
175,31,13
175,32,13
175,33,13
175,34,13
175,35,13
175,36,13
175,37,13
175,38,13
175,39,13
175,40,13
175,41,13
175,42,13
175,43,13
175,44,13
175,45,13
175,46,13
175,47,13
175,48,13
175,49,13
175,50,13
175,51,13
175,52,13
175,53,13
175,54,13
175,55,13
175,56,13
175,57,13
175,58,13
175,59,13
175,60,13
175,61,13
175,62,13
175,63,13
175,64,13
175,65,13
175,66,13
175,67,13
175,68,13
175,69,13
175,70,13
175,71,13
175,72,13
175,73,13
175,74,13
175,75,13
175,76,13
175,77,13
175,78,13
175,79,13
175,80,13
175,81,13
175,82,13
175,83,13
175,84,13
175,85,13
175,86,13
175,87,13
175,88,13
175,89,13
175,90,13
175,91,13
175,92,13
175,93,13
175,94,13
175,95,13
175,96,13
175,97,13
175,98,13
175,99,13
175,100,13
175,101,13
175,102,13
175,103,13
175,104,13
175,105,13
175,106,13
175,107,13
175,108,13
175,109,13
175,110,13
175,111,13
175,112,13
175,113,13
175,114,13
175,115,13
175,116,13
175,117,13
175,118,13
175,119,13
175,120,13
175,121,13
175,122,13
175,123,13
175,124,13
175,125,13
175,126,13
175,127,13
175,128,13
175,129,13
175,130,13
175,131,13
175,132,13
175,133,13
175,134,13
175,135,13
175,136,13
175,137,13
175,138,13
175,139,13
175,140,13
175,141,13
175,142,13
175,143,13
175,144,13
175,145,13
175,146,13
175,147,13
175,148,13
175,149,13
175,150,13
175,151,13
175,152,13
175,153,13
175,154,13
175,155,13
175,156,13
175,157,13
175,158,13
175,159,13
175,160,13
175,161,13
175,162,13
175,163,13
175,164,13
175,165,13
175,166,13
175,167,13
175,168,13
175,169,13
175,170,13
175,171,13
175,172,13
175,173,13
175,174,13
175,176,13
175,177,13
175,178,13
175,179,13
175,180,13
175,181,13
175,182,13
175,183,13
175,184,13
175,185,13
175,186,13
175,187,13
175,188,13
175,189,13
175,190,13
175,191,13
175,192,13
175,193,13
175,194,13
175,215,13
175,217,13
175,219,13
175,221,13
175,223,13
176,0,13
176,1,13
176,2,13
176,3,13
176,4,13
176,5,13
176,6,13
176,7,13
176,8,13
176,9,13
176,10,13
176,11,13
176,12,13
176,13,13
176,14,13
176,15,13
176,16,13
176,17,13
176,18,13
176,19,13
176,20,13
176,21,13
176,22,13
176,23,13
176,24,13
176,25,13
176,26,13
176,27,13
176,28,13
176,29,13
176,30,13
176,31,13
176,32,13
176,33,13
176,34,13
176,35,13
176,36,13
176,37,13
176,38,13
176,39,13
176,40,13
176,41,13
176,42,13
176,43,13
176,44,13
176,45,13
176,46,13
176,47,13
176,48,13
176,49,13
176,50,13
176,51,13
176,52,13
176,53,13
176,54,13
176,55,13
176,56,13
176,57,13
176,58,13
176,59,13
176,60,13
176,61,13
176,62,13
176,63,13
176,64,13
176,65,13
176,66,13
176,67,13
176,68,13
176,69,13
176,70,13
176,71,13
176,72,13
176,73,13
176,74,13
176,75,13
176,76,13
176,77,13
176,78,13
176,79,13
176,80,13
176,81,13
176,82,13
176,83,13
176,84,13
176,85,13
176,86,13
176,87,13
176,88,13
176,89,13
176,90,13
176,91,13
176,92,13
176,93,13
176,94,13
176,95,13
176,96,13
176,97,13
176,98,13
176,99,13
176,100,13
176,101,13
176,102,13
176,103,13
176,104,13
176,105,13
176,106,13
176,107,13
176,108,13
176,109,13
176,110,13
176,111,13
176,112,13
176,113,13
176,114,13
176,115,13
176,116,13
176,117,13
176,118,13
176,119,13
176,120,13
176,121,13
176,122,13
176,123,13
176,124,13
176,125,13
176,126,13
176,127,13
176,128,13
176,129,13
176,130,13
176,131,13
176,132,13
176,133,13
176,134,13
176,135,13
176,136,13
176,137,13
176,138,13
176,139,13
176,140,13
176,141,13
176,142,13
176,143,13
176,144,13
176,145,13
176,146,13
176,147,13
176,148,13
176,149,13
176,150,13
176,151,13
176,152,13
176,153,13
176,154,13
176,155,13
176,156,13
176,157,13
176,158,13
176,159,13
176,160,13
176,161,13
176,162,13
176,163,13
176,164,13
176,165,13
176,166,13
176,167,13
176,168,13
176,169,13
176,170,13
176,171,13
176,172,13
176,173,13
176,174,13
176,175,13
176,177,13
176,178,13
176,179,13
176,180,13
176,181,13
176,182,13
176,183,13
176,184,13
176,185,13
176,186,13
176,187,13
176,188,13
176,189,13
176,190,13
176,191,13
176,192,13
176,193,13
176,194,13
176,215,13
176,217,13
176,219,13
176,221,13
176,223,13
177,0,13
177,1,13
177,2,13
177,3,13
177,4,13
177,5,13
177,6,13
177,7,13
177,8,13
177,9,13
177,10,13
177,11,13
177,12,13
177,13,13
177,14,13
177,15,13
177,16,13
177,17,13
177,18,13
177,19,13
177,20,13
177,21,13
177,22,13
177,23,13
177,24,13
177,25,13
177,26,13
177,27,13
177,28,13
177,29,13
177,30,13
177,31,13
177,32,13
177,33,13
177,34,13
177,35,13
177,36,13
177,37,13
177,38,13
177,39,13
177,40,13
177,41,13
177,42,13
177,43,13
177,44,13
177,45,13
177,46,13
177,47,13
177,48,13
177,49,13
177,50,13
177,51,13
177,52,13
177,53,13
177,54,13
177,55,13
177,56,13
177,57,13
177,58,13
177,59,13
177,60,13
177,61,13
177,62,13
177,63,13
177,64,13
177,65,13
177,66,13
177,67,13
177,68,13
177,69,13
177,70,13
177,71,13
177,72,13
177,73,13
177,74,13
177,75,13
177,76,13
177,77,13
177,78,13
177,79,13
177,80,13
177,81,13
177,82,13
177,83,13
177,84,13
177,85,13
177,86,13
177,87,13
177,88,13
177,89,13
177,90,13
177,91,13
177,92,13
177,93,13
177,94,13
177,95,13
177,96,13
177,97,13
177,98,13
177,99,13
177,100,13
177,101,13
177,102,13
177,103,13
177,104,13
177,105,13
177,106,13
177,107,13
177,108,13
177,109,13
177,110,13
177,111,13
177,112,13
177,113,13
177,114,13
177,115,13
177,116,13
177,117,13
177,118,13
177,119,13
177,120,13
177,121,13
177,122,13
177,123,13
177,124,13
177,125,13
177,126,13
177,127,13
177,128,13
177,129,13
177,130,13
177,131,13
177,132,13
177,133,13
177,134,13
177,135,13
177,136,13
177,137,13
177,138,13
177,139,13
177,140,13
177,141,13
177,142,13
177,143,13
177,144,13
177,145,13
177,146,13
177,147,13
177,148,13
177,149,13
177,150,13
177,151,13
177,152,13
177,153,13
177,154,13
177,155,13
177,156,13
177,157,13
177,158,13
177,159,13
177,160,13
177,161,13
177,162,13
177,163,13
177,164,13
177,165,13
177,166,13
177,167,13
177,168,13
177,169,13
177,170,13
177,171,13
177,172,13
177,173,13
177,174,13
177,175,13
177,176,13
177,178,13
177,179,13
177,180,13
177,181,13
177,182,13
177,183,13
177,184,13
177,185,13
177,186,13
177,187,13
177,188,13
177,189,13
177,190,13
177,191,13
177,192,13
177,193,13
177,194,13
177,215,13
177,217,13
177,219,13
177,221,13
177,223,13
178,0,13
178,1,13
178,2,13
178,3,13
178,4,13
178,5,13
178,6,13
178,7,13
178,8,13
178,9,13
178,10,13
178,11,13
178,12,13
178,13,13
178,14,13
178,15,13
178,16,13
178,17,13
178,18,13
178,19,13
178,20,13
178,21,13
178,22,13
178,23,13
178,24,13
178,25,13
178,26,13
178,27,13
178,28,13
178,29,13
178,30,13
178,31,13
178,32,13
178,33,13
178,34,13
178,35,13
178,36,13
178,37,13
178,38,13
178,39,13
178,40,13
178,41,13
178,42,13
178,43,13
178,44,13
178,45,13
178,46,13
178,47,13
178,48,13
178,49,13
178,50,13
178,51,13
178,52,13
178,53,13
178,54,13
178,55,13
178,56,13
178,57,13
178,58,13
178,59,13
178,60,13
178,61,13
178,62,13
178,63,13
178,64,13
178,65,13
178,66,13
178,67,13
178,68,13
178,69,13
178,70,13
178,71,13
178,72,13
178,73,13
178,74,13
178,75,13
178,76,13
178,77,13
178,78,13
178,79,13
178,80,13
178,81,13
178,82,13
178,83,13
178,84,13
178,85,13
178,86,13
178,87,13
178,88,13
178,89,13
178,90,13
178,91,13
178,92,13
178,93,13
178,94,13
178,95,13
178,96,13
178,97,13
178,98,13
178,99,13
178,100,13
178,101,13
178,102,13
178,103,13
178,104,13
178,105,13
178,106,13
178,107,13
178,108,13
178,109,13
178,110,13
178,111,13
178,112,13
178,113,13
178,114,13
178,115,13
178,116,13
178,117,13
178,118,13
178,119,13
178,120,13
178,121,13
178,122,13
178,123,13
178,124,13
178,125,13
178,126,13
178,127,13
178,128,13
178,129,13
178,130,13
178,131,13
178,132,13
178,133,13
178,134,13
178,135,13
178,136,13
178,137,13
178,138,13
178,139,13
178,140,13
178,141,13
178,142,13
178,143,13
178,144,13
178,145,13
178,146,13
178,147,13
178,148,13
178,149,13
178,150,13
178,151,13
178,152,13
178,153,13
178,154,13
178,155,13
178,156,13
178,157,13
178,158,13
178,159,13
178,160,13
178,161,13
178,162,13
178,163,13
178,164,13
178,165,13
178,166,13
178,167,13
178,168,13
178,169,13
178,170,13
178,171,13
178,172,13
178,173,13
178,174,13
178,175,13
178,176,13
178,177,13
178,179,13
178,180,13
178,181,13
178,182,13
178,183,13
178,184,13
178,185,13
178,186,13
178,187,13
178,188,13
178,189,13
178,190,13
178,191,13
178,192,13
178,193,13
178,194,13
178,215,13
178,217,13
178,219,13
178,221,13
178,223,13
179,0,13
179,1,13
179,2,13
179,3,13
179,4,13
179,5,13
179,6,13
179,7,13
179,8,13
179,9,13
179,10,13
179,11,13
179,12,13
179,13,13
179,14,13
179,15,13
179,16,13
179,17,13
179,18,13
179,19,13
179,20,13
179,21,13
179,22,13
179,23,13
179,24,13
179,25,13
179,26,13
179,27,13
179,28,13
179,29,13
179,30,13
179,31,13
179,32,13
179,33,13
179,34,13
179,35,13
179,36,13
179,37,13
179,38,13
179,39,13
179,40,13
179,41,13
179,42,13
179,43,13
179,44,13
179,45,13
179,46,13
179,47,13
179,48,13
179,49,13
179,50,13
179,51,13
179,52,13
179,53,13
179,54,13
179,55,13
179,56,13
179,57,13
179,58,13
179,59,13
179,60,13
179,61,13
179,62,13
179,63,13
179,64,13
179,65,13
179,66,13
179,67,13
179,68,13
179,69,13
179,70,13
179,71,13
179,72,13
179,73,13
179,74,13
179,75,13
179,76,13
179,77,13
179,78,13
179,79,13
179,80,13
179,81,13
179,82,13
179,83,13
179,84,13
179,85,13
179,86,13
179,87,13
179,88,13
179,89,13
179,90,13
179,91,13
179,92,13
179,93,13
179,94,13
179,95,13
179,96,13
179,97,13
179,98,13
179,99,13
179,100,13
179,101,13
179,102,13
179,103,13
179,104,13
179,105,13
179,106,13
179,107,13
179,108,13
179,109,13
179,110,13
179,111,13
179,112,13
179,113,13
179,114,13
179,115,13
179,116,13
179,117,13
179,118,13
179,119,13
179,120,13
179,121,13
179,122,13
179,123,13
179,124,13
179,125,13
179,126,13
179,127,13
179,128,13
179,129,13
179,130,13
179,131,13
179,132,13
179,133,13
179,134,13
179,135,13
179,136,13
179,137,13
179,138,13
179,139,13
179,140,13
179,141,13
179,142,13
179,143,13
179,144,13
179,145,13
179,146,13
179,147,13
179,148,13
179,149,13
179,150,13
179,151,13
179,152,13
179,153,13
179,154,13
179,155,13
179,156,13
179,157,13
179,158,13
179,159,13
179,160,13
179,161,13
179,162,13
179,163,13
179,164,13
179,165,13
179,166,13
179,167,13
179,168,13
179,169,13
179,170,13
179,171,13
179,172,13
179,173,13
179,174,13
179,175,13
179,176,13
179,177,13
179,178,13
179,180,13
179,181,13
179,182,13
179,183,13
179,184,13
179,185,13
179,186,13
179,187,13
179,188,13
179,189,13
179,190,13
179,191,13
179,192,13
179,193,13
179,194,13
179,215,13
179,217,13
179,219,13
179,221,13
179,223,13
180,0,13
180,1,13
180,2,13
180,3,13
180,4,13
180,5,13
180,6,13
180,7,13
180,8,13
180,9,13
180,10,13
180,11,13
180,12,13
180,13,13
180,14,13
180,15,13
180,16,13
180,17,13
180,18,13
180,19,13
180,20,13
180,21,13
180,22,13
180,23,13
180,24,13
180,25,13
180,26,13
180,27,13
180,28,13
180,29,13
180,30,13
180,31,13
180,32,13
180,33,13
180,34,13
180,35,13
180,36,13
180,37,13
180,38,13
180,39,13
180,40,13
180,41,13
180,42,13
180,43,13
180,44,13
180,45,13
180,46,13
180,47,13
180,48,13
180,49,13
180,50,13
180,51,13
180,52,13
180,53,13
180,54,13
180,55,13
180,56,13
180,57,13
180,58,13
180,59,13
180,60,13
180,61,13
180,62,13
180,63,13
180,64,13
180,65,13
180,66,13
180,67,13
180,68,13
180,69,13
180,70,13
180,71,13
180,72,13
180,73,13
180,74,13
180,75,13
180,76,13
180,77,13
180,78,13
180,79,13
180,80,13
180,81,13
180,82,13
180,83,13
180,84,13
180,85,13
180,86,13
180,87,13
180,88,13
180,89,13
180,90,13
180,91,13
180,92,13
180,93,13
180,94,13
180,95,13
180,96,13
180,97,13
180,98,13
180,99,13
180,100,13
180,101,13
180,102,13
180,103,13
180,104,13
180,105,13
180,106,13
180,107,13
180,108,13
180,109,13
180,110,13
180,111,13
180,112,13
180,113,13
180,114,13
180,115,13
180,116,13
180,117,13
180,118,13
180,119,13
180,120,13
180,121,13
180,122,13
180,123,13
180,124,13
180,125,13
180,126,13
180,127,13
180,128,13
180,129,13
180,130,13
180,131,13
180,132,13
180,133,13
180,134,13
180,135,13
180,136,13
180,137,13
180,138,13
180,139,13
180,140,13
180,141,13
180,142,13
180,143,13
180,144,13
180,145,13
180,146,13
180,147,13
180,148,13
180,149,13
180,150,13
180,151,13
180,152,13
180,153,13
180,154,13
180,155,13
180,156,13
180,157,13
180,158,13
180,159,13
180,160,13
180,161,13
180,162,13
180,163,13
180,164,13
180,165,13
180,166,13
180,167,13
180,168,13
180,169,13
180,170,13
180,171,13
180,172,13
180,173,13
180,174,13
180,175,13
180,176,13
180,177,13
180,178,13
180,179,13
180,181,13
180,182,13
180,183,13
180,184,13
180,185,13
180,186,13
180,187,13
180,188,13
180,189,13
180,190,13
180,191,13
180,192,13
180,193,13
180,194,13
180,215,13
180,217,13
180,219,13
180,221,13
180,223,13
181,0,13
181,1,13
181,2,13
181,3,13
181,4,13
181,5,13
181,6,13
181,7,13
181,8,13
181,9,13
181,10,13
181,11,13
181,12,13
181,13,13
181,14,13
181,15,13
181,16,13
181,17,13
181,18,13
181,19,13
181,20,13
181,21,13
181,22,13
181,23,13
181,24,13
181,25,13
181,26,13
181,27,13
181,28,13
181,29,13
181,30,13
181,31,13
181,32,13
181,33,13
181,34,13
181,35,13
181,36,13
181,37,13
181,38,13
181,39,13
181,40,13
181,41,13
181,42,13
181,43,13
181,44,13
181,45,13
181,46,13
181,47,13
181,48,13
181,49,13
181,50,13
181,51,13
181,52,13
181,53,13
181,54,13
181,55,13
181,56,13
181,57,13
181,58,13
181,59,13
181,60,13
181,61,13
181,62,13
181,63,13
181,64,13
181,65,13
181,66,13
181,67,13
181,68,13
181,69,13
181,70,13
181,71,13
181,72,13
181,73,13
181,74,13
181,75,13
181,76,13
181,77,13
181,78,13
181,79,13
181,80,13
181,81,13
181,82,13
181,83,13
181,84,13
181,85,13
181,86,13
181,87,13
181,88,13
181,89,13
181,90,13
181,91,13
181,92,13
181,93,13
181,94,13
181,95,13
181,96,13
181,97,13
181,98,13
181,99,13
181,100,13
181,101,13
181,102,13
181,103,13
181,104,13
181,105,13
181,106,13
181,107,13
181,108,13
181,109,13
181,110,13
181,111,13
181,112,13
181,113,13
181,114,13
181,115,13
181,116,13
181,117,13
181,118,13
181,119,13
181,120,13
181,121,13
181,122,13
181,123,13
181,124,13
181,125,13
181,126,13
181,127,13
181,128,13
181,129,13
181,130,13
181,131,13
181,132,13
181,133,13
181,134,13
181,135,13
181,136,13
181,137,13
181,138,13
181,139,13
181,140,13
181,141,13
181,142,13
181,143,13
181,144,13
181,145,13
181,146,13
181,147,13
181,148,13
181,149,13
181,150,13
181,151,13
181,152,13
181,153,13
181,154,13
181,155,13
181,156,13
181,157,13
181,158,13
181,159,13
181,160,13
181,161,13
181,162,13
181,163,13
181,164,13
181,165,13
181,166,13
181,167,13
181,168,13
181,169,13
181,170,13
181,171,13
181,172,13
181,173,13
181,174,13
181,175,13
181,176,13
181,177,13
181,178,13
181,179,13
181,180,13
181,182,13
181,183,13
181,184,13
181,185,13
181,186,13
181,187,13
181,188,13
181,189,13
181,190,13
181,191,13
181,192,13
181,193,13
181,194,13
181,215,13
181,217,13
181,219,13
181,221,13
181,223,13
182,0,13
182,1,13
182,2,13
182,3,13
182,4,13
182,5,13
182,6,13
182,7,13
182,8,13
182,9,13
182,10,13
182,11,13
182,12,13
182,13,13
182,14,13
182,15,13
182,16,13
182,17,13
182,18,13
182,19,13
182,20,13
182,21,13
182,22,13
182,23,13
182,24,13
182,25,13
182,26,13
182,27,13
182,28,13
182,29,13
182,30,13
182,31,13
182,32,13
182,33,13
182,34,13
182,35,13
182,36,13
182,37,13
182,38,13
182,39,13
182,40,13
182,41,13
182,42,13
182,43,13
182,44,13
182,45,13
182,46,13
182,47,13
182,48,13
182,49,13
182,50,13
182,51,13
182,52,13
182,53,13
182,54,13
182,55,13
182,56,13
182,57,13
182,58,13
182,59,13
182,60,13
182,61,13
182,62,13
182,63,13
182,64,13
182,65,13
182,66,13
182,67,13
182,68,13
182,69,13
182,70,13
182,71,13
182,72,13
182,73,13
182,74,13
182,75,13
182,76,13
182,77,13
182,78,13
182,79,13
182,80,13
182,81,13
182,82,13
182,83,13
182,84,13
182,85,13
182,86,13
182,87,13
182,88,13
182,89,13
182,90,13
182,91,13
182,92,13
182,93,13
182,94,13
182,95,13
182,96,13
182,97,13
182,98,13
182,99,13
182,100,13
182,101,13
182,102,13
182,103,13
182,104,13
182,105,13
182,106,13
182,107,13
182,108,13
182,109,13
182,110,13
182,111,13
182,112,13
182,113,13
182,114,13
182,115,13
182,116,13
182,117,13
182,118,13
182,119,13
182,120,13
182,121,13
182,122,13
182,123,13
182,124,13
182,125,13
182,126,13
182,127,13
182,128,13
182,129,13
182,130,13
182,131,13
182,132,13
182,133,13
182,134,13
182,135,13
182,136,13
182,137,13
182,138,13
182,139,13
182,140,13
182,141,13
182,142,13
182,143,13
182,144,13
182,145,13
182,146,13
182,147,13
182,148,13
182,149,13
182,150,13
182,151,13
182,152,13
182,153,13
182,154,13
182,155,13
182,156,13
182,157,13
182,158,13
182,159,13
182,160,13
182,161,13
182,162,13
182,163,13
182,164,13
182,165,13
182,166,13
182,167,13
182,168,13
182,169,13
182,170,13
182,171,13
182,172,13
182,173,13
182,174,13
182,175,13
182,176,13
182,177,13
182,178,13
182,179,13
182,180,13
182,181,13
182,183,13
182,184,13
182,185,13
182,186,13
182,187,13
182,188,13
182,189,13
182,190,13
182,191,13
182,192,13
182,193,13
182,194,13
182,215,13
182,217,13
182,219,13
182,221,13
182,223,13
183,0,14
183,1,14
183,2,14
183,3,14
183,4,14
183,5,14
183,6,14
183,7,14
183,8,14
183,9,14
183,10,14
183,11,14
183,12,14
183,13,14
183,14,14
183,15,14
183,16,14
183,17,14
183,18,14
183,19,14
183,20,14
183,21,14
183,22,14
183,23,14
183,24,14
183,25,14
183,26,14
183,27,14
183,28,14
183,29,14
183,30,14
183,31,14
183,32,14
183,33,14
183,34,14
183,35,14
183,36,14
183,37,14
183,38,14
183,39,14
183,40,14
183,41,14
183,42,14
183,43,14
183,44,14
183,45,14
183,46,14
183,47,14
183,48,14
183,49,14
183,50,14
183,51,14
183,52,14
183,53,14
183,54,14
183,55,14
183,56,14
183,57,14
183,58,14
183,59,14
183,60,14
183,61,14
183,62,14
183,63,14
183,64,14
183,65,14
183,66,14
183,67,14
183,68,14
183,69,14
183,70,14
183,71,14
183,72,14
183,73,14
183,74,14
183,75,14
183,76,14
183,77,14
183,78,14
183,79,14
183,80,14
183,81,14
183,82,14
183,83,14
183,84,14
183,85,14
183,86,14
183,87,14
183,88,14
183,89,14
183,90,14
183,91,14
183,92,14
183,93,14
183,94,14
183,95,14
183,96,14
183,97,14
183,98,14
183,99,14
183,100,14
183,101,14
183,102,14
183,103,14
183,104,14
183,105,14
183,106,14
183,107,14
183,108,14
183,109,14
183,110,14
183,111,14
183,112,14
183,113,14
183,114,14
183,115,14
183,116,14
183,117,14
183,118,14
183,119,14
183,120,14
183,121,14
183,122,14
183,123,14
183,124,14
183,125,14
183,126,14
183,127,14
183,128,14
183,129,14
183,130,14
183,131,14
183,132,14
183,133,14
183,134,14
183,135,14
183,136,14
183,137,14
183,138,14
183,139,14
183,140,14
183,141,14
183,142,14
183,143,14
183,144,14
183,145,14
183,146,14
183,147,14
183,148,14
183,149,14
183,150,14
183,151,14
183,152,14
183,153,14
183,154,14
183,155,14
183,156,14
183,157,14
183,158,14
183,159,14
183,160,14
183,161,14
183,162,14
183,163,14
183,164,14
183,165,14
183,166,14
183,167,14
183,168,14
183,169,14
183,170,14
183,171,14
183,172,14
183,173,14
183,174,14
183,175,14
183,176,14
183,177,14
183,178,14
183,179,14
183,180,14
183,181,14
183,182,14
183,184,14
183,185,14
183,186,14
183,187,14
183,188,14
183,189,14
183,190,14
183,191,14
183,192,14
183,193,14
183,194,14
183,215,14
183,217,14
183,219,14
183,221,14
183,223,14
184,0,14
184,1,14
184,2,14
184,3,14
184,4,14
184,5,14
184,6,14
184,7,14
184,8,14
184,9,14
184,10,14
184,11,14
184,12,14
184,13,14
184,14,14
184,15,14
184,16,14
184,17,14
184,18,14
184,19,14
184,20,14
184,21,14
184,22,14
184,23,14
184,24,14
184,25,14
184,26,14
184,27,14
184,28,14
184,29,14
184,30,14
184,31,14
184,32,14
184,33,14
184,34,14
184,35,14
184,36,14
184,37,14
184,38,14
184,39,14
184,40,14
184,41,14
184,42,14
184,43,14
184,44,14
184,45,14
184,46,14
184,47,14
184,48,14
184,49,14
184,50,14
184,51,14
184,52,14
184,53,14
184,54,14
184,55,14
184,56,14
184,57,14
184,58,14
184,59,14
184,60,14
184,61,14
184,62,14
184,63,14
184,64,14
184,65,14
184,66,14
184,67,14
184,68,14
184,69,14
184,70,14
184,71,14
184,72,14
184,73,14
184,74,14
184,75,14
184,76,14
184,77,14
184,78,14
184,79,14
184,80,14
184,81,14
184,82,14
184,83,14
184,84,14
184,85,14
184,86,14
184,87,14
184,88,14
184,89,14
184,90,14
184,91,14
184,92,14
184,93,14
184,94,14
184,95,14
184,96,14
184,97,14
184,98,14
184,99,14
184,100,14
184,101,14
184,102,14
184,103,14
184,104,14
184,105,14
184,106,14
184,107,14
184,108,14
184,109,14
184,110,14
184,111,14
184,112,14
184,113,14
184,114,14
184,115,14
184,116,14
184,117,14
184,118,14
184,119,14
184,120,14
184,121,14
184,122,14
184,123,14
184,124,14
184,125,14
184,126,14
184,127,14
184,128,14
184,129,14
184,130,14
184,131,14
184,132,14
184,133,14
184,134,14
184,135,14
184,136,14
184,137,14
184,138,14
184,139,14
184,140,14
184,141,14
184,142,14
184,143,14
184,144,14
184,145,14
184,146,14
184,147,14
184,148,14
184,149,14
184,150,14
184,151,14
184,152,14
184,153,14
184,154,14
184,155,14
184,156,14
184,157,14
184,158,14
184,159,14
184,160,14
184,161,14
184,162,14
184,163,14
184,164,14
184,165,14
184,166,14
184,167,14
184,168,14
184,169,14
184,170,14
184,171,14
184,172,14
184,173,14
184,174,14
184,175,14
184,176,14
184,177,14
184,178,14
184,179,14
184,180,14
184,181,14
184,182,14
184,183,14
184,185,14
184,186,14
184,187,14
184,188,14
184,189,14
184,190,14
184,191,14
184,192,14
184,193,14
184,194,14
184,215,14
184,217,14
184,219,14
184,221,14
184,223,14
185,0,14
185,1,14
185,2,14
185,3,14
185,4,14
185,5,14
185,6,14
185,7,14
185,8,14
185,9,14
185,10,14
185,11,14
185,12,14
185,13,14
185,14,14
185,15,14
185,16,14
185,17,14
185,18,14
185,19,14
185,20,14
185,21,14
185,22,14
185,23,14
185,24,14
185,25,14
185,26,14
185,27,14
185,28,14
185,29,14
185,30,14
185,31,14
185,32,14
185,33,14
185,34,14
185,35,14
185,36,14
185,37,14
185,38,14
185,39,14
185,40,14
185,41,14
185,42,14
185,43,14
185,44,14
185,45,14
185,46,14
185,47,14
185,48,14
185,49,14
185,50,14
185,51,14
185,52,14
185,53,14
185,54,14
185,55,14
185,56,14
185,57,14
185,58,14
185,59,14
185,60,14
185,61,14
185,62,14
185,63,14
185,64,14
185,65,14
185,66,14
185,67,14
185,68,14
185,69,14
185,70,14
185,71,14
185,72,14
185,73,14
185,74,14
185,75,14
185,76,14
185,77,14
185,78,14
185,79,14
185,80,14
185,81,14
185,82,14
185,83,14
185,84,14
185,85,14
185,86,14
185,87,14
185,88,14
185,89,14
185,90,14
185,91,14
185,92,14
185,93,14
185,94,14
185,95,14
185,96,14
185,97,14
185,98,14
185,99,14
185,100,14
185,101,14
185,102,14
185,103,14
185,104,14
185,105,14
185,106,14
185,107,14
185,108,14
185,109,14
185,110,14
185,111,14
185,112,14
185,113,14
185,114,14
185,115,14
185,116,14
185,117,14
185,118,14
185,119,14
185,120,14
185,121,14
185,122,14
185,123,14
185,124,14
185,125,14
185,126,14
185,127,14
185,128,14
185,129,14
185,130,14
185,131,14
185,132,14
185,133,14
185,134,14
185,135,14
185,136,14
185,137,14
185,138,14
185,139,14
185,140,14
185,141,14
185,142,14
185,143,14
185,144,14
185,145,14
185,146,14
185,147,14
185,148,14
185,149,14
185,150,14
185,151,14
185,152,14
185,153,14
185,154,14
185,155,14
185,156,14
185,157,14
185,158,14
185,159,14
185,160,14
185,161,14
185,162,14
185,163,14
185,164,14
185,165,14
185,166,14
185,167,14
185,168,14
185,169,14
185,170,14
185,171,14
185,172,14
185,173,14
185,174,14
185,175,14
185,176,14
185,177,14
185,178,14
185,179,14
185,180,14
185,181,14
185,182,14
185,183,14
185,184,14
185,186,14
185,187,14
185,188,14
185,189,14
185,190,14
185,191,14
185,192,14
185,193,14
185,194,14
185,215,14
185,217,14
185,219,14
185,221,14
185,223,14
186,0,14
186,1,14
186,2,14
186,3,14
186,4,14
186,5,14
186,6,14
186,7,14
186,8,14
186,9,14
186,10,14
186,11,14
186,12,14
186,13,14
186,14,14
186,15,14
186,16,14
186,17,14
186,18,14
186,19,14
186,20,14
186,21,14
186,22,14
186,23,14
186,24,14
186,25,14
186,26,14
186,27,14
186,28,14
186,29,14
186,30,14
186,31,14
186,32,14
186,33,14
186,34,14
186,35,14
186,36,14
186,37,14
186,38,14
186,39,14
186,40,14
186,41,14
186,42,14
186,43,14
186,44,14
186,45,14
186,46,14
186,47,14
186,48,14
186,49,14
186,50,14
186,51,14
186,52,14
186,53,14
186,54,14
186,55,14
186,56,14
186,57,14
186,58,14
186,59,14
186,60,14
186,61,14
186,62,14
186,63,14
186,64,14
186,65,14
186,66,14
186,67,14
186,68,14
186,69,14
186,70,14
186,71,14
186,72,14
186,73,14
186,74,14
186,75,14
186,76,14
186,77,14
186,78,14
186,79,14
186,80,14
186,81,14
186,82,14
186,83,14
186,84,14
186,85,14
186,86,14
186,87,14
186,88,14
186,89,14
186,90,14
186,91,14
186,92,14
186,93,14
186,94,14
186,95,14
186,96,14
186,97,14
186,98,14
186,99,14
186,100,14
186,101,14
186,102,14
186,103,14
186,104,14
186,105,14
186,106,14
186,107,14
186,108,14
186,109,14
186,110,14
186,111,14
186,112,14
186,113,14
186,114,14
186,115,14
186,116,14
186,117,14
186,118,14
186,119,14
186,120,14
186,121,14
186,122,14
186,123,14
186,124,14
186,125,14
186,126,14
186,127,14
186,128,14
186,129,14
186,130,14
186,131,14
186,132,14
186,133,14
186,134,14
186,135,14
186,136,14
186,137,14
186,138,14
186,139,14
186,140,14
186,141,14
186,142,14
186,143,14
186,144,14
186,145,14
186,146,14
186,147,14
186,148,14
186,149,14
186,150,14
186,151,14
186,152,14
186,153,14
186,154,14
186,155,14
186,156,14
186,157,14
186,158,14
186,159,14
186,160,14
186,161,14
186,162,14
186,163,14
186,164,14
186,165,14
186,166,14
186,167,14
186,168,14
186,169,14
186,170,14
186,171,14
186,172,14
186,173,14
186,174,14
186,175,14
186,176,14
186,177,14
186,178,14
186,179,14
186,180,14
186,181,14
186,182,14
186,183,14
186,184,14
186,185,14
186,187,14
186,188,14
186,189,14
186,190,14
186,191,14
186,192,14
186,193,14
186,194,14
186,215,14
186,217,14
186,219,14
186,221,14
186,223,14
187,0,14
187,1,14
187,2,14
187,3,14
187,4,14
187,5,14
187,6,14
187,7,14
187,8,14
187,9,14
187,10,14
187,11,14
187,12,14
187,13,14
187,14,14
187,15,14
187,16,14
187,17,14
187,18,14
187,19,14
187,20,14
187,21,14
187,22,14
187,23,14
187,24,14
187,25,14
187,26,14
187,27,14
187,28,14
187,29,14
187,30,14
187,31,14
187,32,14
187,33,14
187,34,14
187,35,14
187,36,14
187,37,14
187,38,14
187,39,14
187,40,14
187,41,14
187,42,14
187,43,14
187,44,14
187,45,14
187,46,14
187,47,14
187,48,14
187,49,14
187,50,14
187,51,14
187,52,14
187,53,14
187,54,14
187,55,14
187,56,14
187,57,14
187,58,14
187,59,14
187,60,14
187,61,14
187,62,14
187,63,14
187,64,14
187,65,14
187,66,14
187,67,14
187,68,14
187,69,14
187,70,14
187,71,14
187,72,14
187,73,14
187,74,14
187,75,14
187,76,14
187,77,14
187,78,14
187,79,14
187,80,14
187,81,14
187,82,14
187,83,14
187,84,14
187,85,14
187,86,14
187,87,14
187,88,14
187,89,14
187,90,14
187,91,14
187,92,14
187,93,14
187,94,14
187,95,14
187,96,14
187,97,14
187,98,14
187,99,14
187,100,14
187,101,14
187,102,14
187,103,14
187,104,14
187,105,14
187,106,14
187,107,14
187,108,14
187,109,14
187,110,14
187,111,14
187,112,14
187,113,14
187,114,14
187,115,14
187,116,14
187,117,14
187,118,14
187,119,14
187,120,14
187,121,14
187,122,14
187,123,14
187,124,14
187,125,14
187,126,14
187,127,14
187,128,14
187,129,14
187,130,14
187,131,14
187,132,14
187,133,14
187,134,14
187,135,14
187,136,14
187,137,14
187,138,14
187,139,14
187,140,14
187,141,14
187,142,14
187,143,14
187,144,14
187,145,14
187,146,14
187,147,14
187,148,14
187,149,14
187,150,14
187,151,14
187,152,14
187,153,14
187,154,14
187,155,14
187,156,14
187,157,14
187,158,14
187,159,14
187,160,14
187,161,14
187,162,14
187,163,14
187,164,14
187,165,14
187,166,14
187,167,14
187,168,14
187,169,14
187,170,14
187,171,14
187,172,14
187,173,14
187,174,14
187,175,14
187,176,14
187,177,14
187,178,14
187,179,14
187,180,14
187,181,14
187,182,14
187,183,14
187,184,14
187,185,14
187,186,14
187,188,14
187,189,14
187,190,14
187,191,14
187,192,14
187,193,14
187,194,14
187,215,14
187,217,14
187,219,14
187,221,14
187,223,14
188,0,14
188,1,14
188,2,14
188,3,14
188,4,14
188,5,14
188,6,14
188,7,14
188,8,14
188,9,14
188,10,14
188,11,14
188,12,14
188,13,14
188,14,14
188,15,14
188,16,14
188,17,14
188,18,14
188,19,14
188,20,14
188,21,14
188,22,14
188,23,14
188,24,14
188,25,14
188,26,14
188,27,14
188,28,14
188,29,14
188,30,14
188,31,14
188,32,14
188,33,14
188,34,14
188,35,14
188,36,14
188,37,14
188,38,14
188,39,14
188,40,14
188,41,14
188,42,14
188,43,14
188,44,14
188,45,14
188,46,14
188,47,14
188,48,14
188,49,14
188,50,14
188,51,14
188,52,14
188,53,14
188,54,14
188,55,14
188,56,14
188,57,14
188,58,14
188,59,14
188,60,14
188,61,14
188,62,14
188,63,14
188,64,14
188,65,14
188,66,14
188,67,14
188,68,14
188,69,14
188,70,14
188,71,14
188,72,14
188,73,14
188,74,14
188,75,14
188,76,14
188,77,14
188,78,14
188,79,14
188,80,14
188,81,14
188,82,14
188,83,14
188,84,14
188,85,14
188,86,14
188,87,14
188,88,14
188,89,14
188,90,14
188,91,14
188,92,14
188,93,14
188,94,14
188,95,14
188,96,14
188,97,14
188,98,14
188,99,14
188,100,14
188,101,14
188,102,14
188,103,14
188,104,14
188,105,14
188,106,14
188,107,14
188,108,14
188,109,14
188,110,14
188,111,14
188,112,14
188,113,14
188,114,14
188,115,14
188,116,14
188,117,14
188,118,14
188,119,14
188,120,14
188,121,14
188,122,14
188,123,14
188,124,14
188,125,14
188,126,14
188,127,14
188,128,14
188,129,14
188,130,14
188,131,14
188,132,14
188,133,14
188,134,14
188,135,14
188,136,14
188,137,14
188,138,14
188,139,14
188,140,14
188,141,14
188,142,14
188,143,14
188,144,14
188,145,14
188,146,14
188,147,14
188,148,14
188,149,14
188,150,14
188,151,14
188,152,14
188,153,14
188,154,14
188,155,14
188,156,14
188,157,14
188,158,14
188,159,14
188,160,14
188,161,14
188,162,14
188,163,14
188,164,14
188,165,14
188,166,14
188,167,14
188,168,14
188,169,14
188,170,14
188,171,14
188,172,14
188,173,14
188,174,14
188,175,14
188,176,14
188,177,14
188,178,14
188,179,14
188,180,14
188,181,14
188,182,14
188,183,14
188,184,14
188,185,14
188,186,14
188,187,14
188,189,14
188,190,14
188,191,14
188,192,14
188,193,14
188,194,14
188,215,14
188,217,14
188,219,14
188,221,14
188,223,14
189,0,14
189,1,14
189,2,14
189,3,14
189,4,14
189,5,14
189,6,14
189,7,14
189,8,14
189,9,14
189,10,14
189,11,14
189,12,14
189,13,14
189,14,14
189,15,14
189,16,14
189,17,14
189,18,14
189,19,14
189,20,14
189,21,14
189,22,14
189,23,14
189,24,14
189,25,14
189,26,14
189,27,14
189,28,14
189,29,14
189,30,14
189,31,14
189,32,14
189,33,14
189,34,14
189,35,14
189,36,14
189,37,14
189,38,14
189,39,14
189,40,14
189,41,14
189,42,14
189,43,14
189,44,14
189,45,14
189,46,14
189,47,14
189,48,14
189,49,14
189,50,14
189,51,14
189,52,14
189,53,14
189,54,14
189,55,14
189,56,14
189,57,14
189,58,14
189,59,14
189,60,14
189,61,14
189,62,14
189,63,14
189,64,14
189,65,14
189,66,14
189,67,14
189,68,14
189,69,14
189,70,14
189,71,14
189,72,14
189,73,14
189,74,14
189,75,14
189,76,14
189,77,14
189,78,14
189,79,14
189,80,14
189,81,14
189,82,14
189,83,14
189,84,14
189,85,14
189,86,14
189,87,14
189,88,14
189,89,14
189,90,14
189,91,14
189,92,14
189,93,14
189,94,14
189,95,14
189,96,14
189,97,14
189,98,14
189,99,14
189,100,14
189,101,14
189,102,14
189,103,14
189,104,14
189,105,14
189,106,14
189,107,14
189,108,14
189,109,14
189,110,14
189,111,14
189,112,14
189,113,14
189,114,14
189,115,14
189,116,14
189,117,14
189,118,14
189,119,14
189,120,14
189,121,14
189,122,14
189,123,14
189,124,14
189,125,14
189,126,14
189,127,14
189,128,14
189,129,14
189,130,14
189,131,14
189,132,14
189,133,14
189,134,14
189,135,14
189,136,14
189,137,14
189,138,14
189,139,14
189,140,14
189,141,14
189,142,14
189,143,14
189,144,14
189,145,14
189,146,14
189,147,14
189,148,14
189,149,14
189,150,14
189,151,14
189,152,14
189,153,14
189,154,14
189,155,14
189,156,14
189,157,14
189,158,14
189,159,14
189,160,14
189,161,14
189,162,14
189,163,14
189,164,14
189,165,14
189,166,14
189,167,14
189,168,14
189,169,14
189,170,14
189,171,14
189,172,14
189,173,14
189,174,14
189,175,14
189,176,14
189,177,14
189,178,14
189,179,14
189,180,14
189,181,14
189,182,14
189,183,14
189,184,14
189,185,14
189,186,14
189,187,14
189,188,14
189,190,14
189,191,14
189,192,14
189,193,14
189,194,14
189,215,14
189,217,14
189,219,14
189,221,14
189,223,14
190,0,14
190,1,14
190,2,14
190,3,14
190,4,14
190,5,14
190,6,14
190,7,14
190,8,14
190,9,14
190,10,14
190,11,14
190,12,14
190,13,14
190,14,14
190,15,14
190,16,14
190,17,14
190,18,14
190,19,14
190,20,14
190,21,14
190,22,14
190,23,14
190,24,14
190,25,14
190,26,14
190,27,14
190,28,14
190,29,14
190,30,14
190,31,14
190,32,14
190,33,14
190,34,14
190,35,14
190,36,14
190,37,14
190,38,14
190,39,14
190,40,14
190,41,14
190,42,14
190,43,14
190,44,14
190,45,14
190,46,14
190,47,14
190,48,14
190,49,14
190,50,14
190,51,14
190,52,14
190,53,14
190,54,14
190,55,14
190,56,14
190,57,14
190,58,14
190,59,14
190,60,14
190,61,14
190,62,14
190,63,14
190,64,14
190,65,14
190,66,14
190,67,14
190,68,14
190,69,14
190,70,14
190,71,14
190,72,14
190,73,14
190,74,14
190,75,14
190,76,14
190,77,14
190,78,14
190,79,14
190,80,14
190,81,14
190,82,14
190,83,14
190,84,14
190,85,14
190,86,14
190,87,14
190,88,14
190,89,14
190,90,14
190,91,14
190,92,14
190,93,14
190,94,14
190,95,14
190,96,14
190,97,14
190,98,14
190,99,14
190,100,14
190,101,14
190,102,14
190,103,14
190,104,14
190,105,14
190,106,14
190,107,14
190,108,14
190,109,14
190,110,14
190,111,14
190,112,14
190,113,14
190,114,14
190,115,14
190,116,14
190,117,14
190,118,14
190,119,14
190,120,14
190,121,14
190,122,14
190,123,14
190,124,14
190,125,14
190,126,14
190,127,14
190,128,14
190,129,14
190,130,14
190,131,14
190,132,14
190,133,14
190,134,14
190,135,14
190,136,14
190,137,14
190,138,14
190,139,14
190,140,14
190,141,14
190,142,14
190,143,14
190,144,14
190,145,14
190,146,14
190,147,14
190,148,14
190,149,14
190,150,14
190,151,14
190,152,14
190,153,14
190,154,14
190,155,14
190,156,14
190,157,14
190,158,14
190,159,14
190,160,14
190,161,14
190,162,14
190,163,14
190,164,14
190,165,14
190,166,14
190,167,14
190,168,14
190,169,14
190,170,14
190,171,14
190,172,14
190,173,14
190,174,14
190,175,14
190,176,14
190,177,14
190,178,14
190,179,14
190,180,14
190,181,14
190,182,14
190,183,14
190,184,14
190,185,14
190,186,14
190,187,14
190,188,14
190,189,14
190,191,14
190,192,14
190,193,14
190,194,14
190,215,14
190,217,14
190,219,14
190,221,14
190,223,14
191,0,14
191,1,14
191,2,14
191,3,14
191,4,14
191,5,14
191,6,14
191,7,14
191,8,14
191,9,14
191,10,14
191,11,14
191,12,14
191,13,14
191,14,14
191,15,14
191,16,14
191,17,14
191,18,14
191,19,14
191,20,14
191,21,14
191,22,14
191,23,14
191,24,14
191,25,14
191,26,14
191,27,14
191,28,14
191,29,14
191,30,14
191,31,14
191,32,14
191,33,14
191,34,14
191,35,14
191,36,14
191,37,14
191,38,14
191,39,14
191,40,14
191,41,14
191,42,14
191,43,14
191,44,14
191,45,14
191,46,14
191,47,14
191,48,14
191,49,14
191,50,14
191,51,14
191,52,14
191,53,14
191,54,14
191,55,14
191,56,14
191,57,14
191,58,14
191,59,14
191,60,14
191,61,14
191,62,14
191,63,14
191,64,14
191,65,14
191,66,14
191,67,14
191,68,14
191,69,14
191,70,14
191,71,14
191,72,14
191,73,14
191,74,14
191,75,14
191,76,14
191,77,14
191,78,14
191,79,14
191,80,14
191,81,14
191,82,14
191,83,14
191,84,14
191,85,14
191,86,14
191,87,14
191,88,14
191,89,14
191,90,14
191,91,14
191,92,14
191,93,14
191,94,14
191,95,14
191,96,14
191,97,14
191,98,14
191,99,14
191,100,14
191,101,14
191,102,14
191,103,14
191,104,14
191,105,14
191,106,14
191,107,14
191,108,14
191,109,14
191,110,14
191,111,14
191,112,14
191,113,14
191,114,14
191,115,14
191,116,14
191,117,14
191,118,14
191,119,14
191,120,14
191,121,14
191,122,14
191,123,14
191,124,14
191,125,14
191,126,14
191,127,14
191,128,14
191,129,14
191,130,14
191,131,14
191,132,14
191,133,14
191,134,14
191,135,14
191,136,14
191,137,14
191,138,14
191,139,14
191,140,14
191,141,14
191,142,14
191,143,14
191,144,14
191,145,14
191,146,14
191,147,14
191,148,14
191,149,14
191,150,14
191,151,14
191,152,14
191,153,14
191,154,14
191,155,14
191,156,14
191,157,14
191,158,14
191,159,14
191,160,14
191,161,14
191,162,14
191,163,14
191,164,14
191,165,14
191,166,14
191,167,14
191,168,14
191,169,14
191,170,14
191,171,14
191,172,14
191,173,14
191,174,14
191,175,14
191,176,14
191,177,14
191,178,14
191,179,14
191,180,14
191,181,14
191,182,14
191,183,14
191,184,14
191,185,14
191,186,14
191,187,14
191,188,14
191,189,14
191,190,14
191,192,14
191,193,14
191,194,14
191,215,14
191,217,14
191,219,14
191,221,14
191,223,14
192,0,14
192,1,14
192,2,14
192,3,14
192,4,14
192,5,14
192,6,14
192,7,14
192,8,14
192,9,14
192,10,14
192,11,14
192,12,14
192,13,14
192,14,14
192,15,14
192,16,14
192,17,14
192,18,14
192,19,14
192,20,14
192,21,14
192,22,14
192,23,14
192,24,14
192,25,14
192,26,14
192,27,14
192,28,14
192,29,14
192,30,14
192,31,14
192,32,14
192,33,14
192,34,14
192,35,14
192,36,14
192,37,14
192,38,14
192,39,14
192,40,14
192,41,14
192,42,14
192,43,14
192,44,14
192,45,14
192,46,14
192,47,14
192,48,14
192,49,14
192,50,14
192,51,14
192,52,14
192,53,14
192,54,14
192,55,14
192,56,14
192,57,14
192,58,14
192,59,14
192,60,14
192,61,14
192,62,14
192,63,14
192,64,14
192,65,14
192,66,14
192,67,14
192,68,14
192,69,14
192,70,14
192,71,14
192,72,14
192,73,14
192,74,14
192,75,14
192,76,14
192,77,14
192,78,14
192,79,14
192,80,14
192,81,14
192,82,14
192,83,14
192,84,14
192,85,14
192,86,14
192,87,14
192,88,14
192,89,14
192,90,14
192,91,14
192,92,14
192,93,14
192,94,14
192,95,14
192,96,14
192,97,14
192,98,14
192,99,14
192,100,14
192,101,14
192,102,14
192,103,14
192,104,14
192,105,14
192,106,14
192,107,14
192,108,14
192,109,14
192,110,14
192,111,14
192,112,14
192,113,14
192,114,14
192,115,14
192,116,14
192,117,14
192,118,14
192,119,14
192,120,14
192,121,14
192,122,14
192,123,14
192,124,14
192,125,14
192,126,14
192,127,14
192,128,14
192,129,14
192,130,14
192,131,14
192,132,14
192,133,14
192,134,14
192,135,14
192,136,14
192,137,14
192,138,14
192,139,14
192,140,14
192,141,14
192,142,14
192,143,14
192,144,14
192,145,14
192,146,14
192,147,14
192,148,14
192,149,14
192,150,14
192,151,14
192,152,14
192,153,14
192,154,14
192,155,14
192,156,14
192,157,14
192,158,14
192,159,14
192,160,14
192,161,14
192,162,14
192,163,14
192,164,14
192,165,14
192,166,14
192,167,14
192,168,14
192,169,14
192,170,14
192,171,14
192,172,14
192,173,14
192,174,14
192,175,14
192,176,14
192,177,14
192,178,14
192,179,14
192,180,14
192,181,14
192,182,14
192,183,14
192,184,14
192,185,14
192,186,14
192,187,14
192,188,14
192,189,14
192,190,14
192,191,14
192,193,14
192,194,14
192,215,14
192,217,14
192,219,14
192,221,14
192,223,14
193,0,14
193,1,14
193,2,14
193,3,14
193,4,14
193,5,14
193,6,14
193,7,14
193,8,14
193,9,14
193,10,14
193,11,14
193,12,14
193,13,14
193,14,14
193,15,14
193,16,14
193,17,14
193,18,14
193,19,14
193,20,14
193,21,14
193,22,14
193,23,14
193,24,14
193,25,14
193,26,14
193,27,14
193,28,14
193,29,14
193,30,14
193,31,14
193,32,14
193,33,14
193,34,14
193,35,14
193,36,14
193,37,14
193,38,14
193,39,14
193,40,14
193,41,14
193,42,14
193,43,14
193,44,14
193,45,14
193,46,14
193,47,14
193,48,14
193,49,14
193,50,14
193,51,14
193,52,14
193,53,14
193,54,14
193,55,14
193,56,14
193,57,14
193,58,14
193,59,14
193,60,14
193,61,14
193,62,14
193,63,14
193,64,14
193,65,14
193,66,14
193,67,14
193,68,14
193,69,14
193,70,14
193,71,14
193,72,14
193,73,14
193,74,14
193,75,14
193,76,14
193,77,14
193,78,14
193,79,14
193,80,14
193,81,14
193,82,14
193,83,14
193,84,14
193,85,14
193,86,14
193,87,14
193,88,14
193,89,14
193,90,14
193,91,14
193,92,14
193,93,14
193,94,14
193,95,14
193,96,14
193,97,14
193,98,14
193,99,14
193,100,14
193,101,14
193,102,14
193,103,14
193,104,14
193,105,14
193,106,14
193,107,14
193,108,14
193,109,14
193,110,14
193,111,14
193,112,14
193,113,14
193,114,14
193,115,14
193,116,14
193,117,14
193,118,14
193,119,14
193,120,14
193,121,14
193,122,14
193,123,14
193,124,14
193,125,14
193,126,14
193,127,14
193,128,14
193,129,14
193,130,14
193,131,14
193,132,14
193,133,14
193,134,14
193,135,14
193,136,14
193,137,14
193,138,14
193,139,14
193,140,14
193,141,14
193,142,14
193,143,14
193,144,14
193,145,14
193,146,14
193,147,14
193,148,14
193,149,14
193,150,14
193,151,14
193,152,14
193,153,14
193,154,14
193,155,14
193,156,14
193,157,14
193,158,14
193,159,14
193,160,14
193,161,14
193,162,14
193,163,14
193,164,14
193,165,14
193,166,14
193,167,14
193,168,14
193,169,14
193,170,14
193,171,14
193,172,14
193,173,14
193,174,14
193,175,14
193,176,14
193,177,14
193,178,14
193,179,14
193,180,14
193,181,14
193,182,14
193,183,14
193,184,14
193,185,14
193,186,14
193,187,14
193,188,14
193,189,14
193,190,14
193,191,14
193,192,14
193,194,14
193,215,14
193,217,14
193,219,14
193,221,14
193,223,14
194,0,14
194,1,14
194,2,14
194,3,14
194,4,14
194,5,14
194,6,14
194,7,14
194,8,14
194,9,14
194,10,14
194,11,14
194,12,14
194,13,14
194,14,14
194,15,14
194,16,14
194,17,14
194,18,14
194,19,14
194,20,14
194,21,14
194,22,14
194,23,14
194,24,14
194,25,14
194,26,14
194,27,14
194,28,14
194,29,14
194,30,14
194,31,14
194,32,14
194,33,14
194,34,14
194,35,14
194,36,14
194,37,14
194,38,14
194,39,14
194,40,14
194,41,14
194,42,14
194,43,14
194,44,14
194,45,14
194,46,14
194,47,14
194,48,14
194,49,14
194,50,14
194,51,14
194,52,14
194,53,14
194,54,14
194,55,14
194,56,14
194,57,14
194,58,14
194,59,14
194,60,14
194,61,14
194,62,14
194,63,14
194,64,14
194,65,14
194,66,14
194,67,14
194,68,14
194,69,14
194,70,14
194,71,14
194,72,14
194,73,14
194,74,14
194,75,14
194,76,14
194,77,14
194,78,14
194,79,14
194,80,14
194,81,14
194,82,14
194,83,14
194,84,14
194,85,14
194,86,14
194,87,14
194,88,14
194,89,14
194,90,14
194,91,14
194,92,14
194,93,14
194,94,14
194,95,14
194,96,14
194,97,14
194,98,14
194,99,14
194,100,14
194,101,14
194,102,14
194,103,14
194,104,14
194,105,14
194,106,14
194,107,14
194,108,14
194,109,14
194,110,14
194,111,14
194,112,14
194,113,14
194,114,14
194,115,14
194,116,14
194,117,14
194,118,14
194,119,14
194,120,14
194,121,14
194,122,14
194,123,14
194,124,14
194,125,14
194,126,14
194,127,14
194,128,14
194,129,14
194,130,14
194,131,14
194,132,14
194,133,14
194,134,14
194,135,14
194,136,14
194,137,14
194,138,14
194,139,14
194,140,14
194,141,14
194,142,14
194,143,14
194,144,14
194,145,14
194,146,14
194,147,14
194,148,14
194,149,14
194,150,14
194,151,14
194,152,14
194,153,14
194,154,14
194,155,14
194,156,14
194,157,14
194,158,14
194,159,14
194,160,14
194,161,14
194,162,14
194,163,14
194,164,14
194,165,14
194,166,14
194,167,14
194,168,14
194,169,14
194,170,14
194,171,14
194,172,14
194,173,14
194,174,14
194,175,14
194,176,14
194,177,14
194,178,14
194,179,14
194,180,14
194,181,14
194,182,14
194,183,14
194,184,14
194,185,14
194,186,14
194,187,14
194,188,14
194,189,14
194,190,14
194,191,14
194,192,14
194,193,14
194,215,14
194,217,14
194,219,14
194,221,14
194,223,14
215,0,0
215,1,0
215,2,0
215,3,0
215,4,0
215,5,0
215,6,0
215,7,0
215,8,0
215,9,0
215,10,0
215,11,0
215,12,0
215,13,0
215,14,0
215,15,0
215,16,0
215,17,0
215,18,0
215,19,0
215,20,0
215,21,0
215,22,0
215,23,0
215,24,0
215,25,0
215,26,0
215,27,0
215,28,0
215,29,0
215,30,0
215,31,0
215,32,0
215,33,0
215,34,0
215,35,0
215,36,0
215,37,0
215,38,0
215,39,0
215,40,0
215,41,0
215,42,0
215,43,0
215,44,0
215,45,0
215,46,0
215,47,0
215,48,0
215,49,0
215,50,0
215,51,0
215,52,0
215,53,0
215,54,0
215,55,0
215,56,0
215,57,0
215,58,0
215,59,0
215,60,0
215,61,0
215,62,0
215,63,0
215,64,0
215,65,0
215,66,0
215,67,0
215,68,0
215,69,0
215,70,0
215,71,0
215,72,0
215,73,0
215,74,0
215,75,0
215,76,0
215,77,0
215,78,0
215,79,0
215,80,0
215,81,0
215,82,0
215,83,0
215,84,0
215,85,0
215,86,0
215,87,0
215,88,0
215,89,0
215,90,0
215,91,0
215,92,0
215,93,0
215,94,0
215,95,0
215,96,0
215,97,0
215,98,0
215,99,0
215,100,0
215,101,0
215,102,0
215,103,0
215,104,0
215,105,0
215,106,0
215,107,0
215,108,0
215,109,0
215,110,0
215,111,0
215,112,0
215,113,0
215,114,0
215,115,0
215,116,0
215,117,0
215,118,0
215,119,0
215,120,0
215,121,0
215,122,0
215,123,0
215,124,0
215,125,0
215,126,0
215,127,0
215,128,0
215,129,0
215,130,0
215,131,0
215,132,0
215,133,0
215,134,0
215,135,0
215,136,0
215,137,0
215,138,0
215,139,0
215,140,0
215,141,0
215,142,0
215,143,0
215,144,0
215,145,0
215,146,0
215,147,0
215,148,0
215,149,0
215,150,0
215,151,0
215,152,0
215,153,0
215,154,0
215,155,0
215,156,0
215,157,0
215,158,0
215,159,0
215,160,0
215,161,0
215,162,0
215,163,0
215,164,0
215,165,0
215,166,0
215,167,0
215,168,0
215,169,0
215,170,0
215,171,0
215,172,0
215,173,0
215,174,0
215,175,0
215,176,0
215,177,0
215,178,0
215,179,0
215,180,0
215,181,0
215,182,0
215,183,0
215,184,0
215,185,0
215,186,0
215,187,0
215,188,0
215,189,0
215,190,0
215,191,0
215,192,0
215,193,0
215,194,0
215,217,0
215,219,0
215,221,0
215,223,0
217,0,3
217,1,3
217,2,3
217,3,3
217,4,3
217,5,3
217,6,3
217,7,3
217,8,3
217,9,3
217,10,3
217,11,3
217,12,3
217,13,3
217,14,3
217,15,3
217,16,3
217,17,3
217,18,3
217,19,3
217,20,3
217,21,3
217,22,3
217,23,3
217,24,3
217,25,3
217,26,3
217,27,3
217,28,3
217,29,3
217,30,3
217,31,3
217,32,3
217,33,3
217,34,3
217,35,3
217,36,3
217,37,3
217,38,3
217,39,3
217,40,3
217,41,3
217,42,3
217,43,3
217,44,3
217,45,3
217,46,3
217,47,3
217,48,3
217,49,3
217,50,3
217,51,3
217,52,3
217,53,3
217,54,3
217,55,3
217,56,3
217,57,3
217,58,3
217,59,3
217,60,3
217,61,3
217,62,3
217,63,3
217,64,3
217,65,3
217,66,3
217,67,3
217,68,3
217,69,3
217,70,3
217,71,3
217,72,3
217,73,3
217,74,3
217,75,3
217,76,3
217,77,3
217,78,3
217,79,3
217,80,3
217,81,3
217,82,3
217,83,3
217,84,3
217,85,3
217,86,3
217,87,3
217,88,3
217,89,3
217,90,3
217,91,3
217,92,3
217,93,3
217,94,3
217,95,3
217,96,3
217,97,3
217,98,3
217,99,3
217,100,3
217,101,3
217,102,3
217,103,3
217,104,3
217,105,3
217,106,3
217,107,3
217,108,3
217,109,3
217,110,3
217,111,3
217,112,3
217,113,3
217,114,3
217,115,3
217,116,3
217,117,3
217,118,3
217,119,3
217,120,3
217,121,3
217,122,3
217,123,3
217,124,3
217,125,3
217,126,3
217,127,3
217,128,3
217,129,3
217,130,3
217,131,3
217,132,3
217,133,3
217,134,3
217,135,3
217,136,3
217,137,3
217,138,3
217,139,3
217,140,3
217,141,3
217,142,3
217,143,3
217,144,3
217,145,3
217,146,3
217,147,3
217,148,3
217,149,3
217,150,3
217,151,3
217,152,3
217,153,3
217,154,3
217,155,3
217,156,3
217,157,3
217,158,3
217,159,3
217,160,3
217,161,3
217,162,3
217,163,3
217,164,3
217,165,3
217,166,3
217,167,3
217,168,3
217,169,3
217,170,3
217,171,3
217,172,3
217,173,3
217,174,3
217,175,3
217,176,3
217,177,3
217,178,3
217,179,3
217,180,3
217,181,3
217,182,3
217,183,3
217,184,3
217,185,3
217,186,3
217,187,3
217,188,3
217,189,3
217,190,3
217,191,3
217,192,3
217,193,3
217,194,3
217,215,3
217,219,3
217,221,3
217,223,3
219,0,6
219,1,6
219,2,6
219,3,6
219,4,6
219,5,6
219,6,6
219,7,6
219,8,6
219,9,6
219,10,6
219,11,6
219,12,6
219,13,6
219,14,6
219,15,6
219,16,6
219,17,6
219,18,6
219,19,6
219,20,6
219,21,6
219,22,6
219,23,6
219,24,6
219,25,6
219,26,6
219,27,6
219,28,6
219,29,6
219,30,6
219,31,6
219,32,6
219,33,6
219,34,6
219,35,6
219,36,6
219,37,6
219,38,6
219,39,6
219,40,6
219,41,6
219,42,6
219,43,6
219,44,6
219,45,6
219,46,6
219,47,6
219,48,6
219,49,6
219,50,6
219,51,6
219,52,6
219,53,6
219,54,6
219,55,6
219,56,6
219,57,6
219,58,6
219,59,6
219,60,6
219,61,6
219,62,6
219,63,6
219,64,6
219,65,6
219,66,6
219,67,6
219,68,6
219,69,6
219,70,6
219,71,6
219,72,6
219,73,6
219,74,6
219,75,6
219,76,6
219,77,6
219,78,6
219,79,6
219,80,6
219,81,6
219,82,6
219,83,6
219,84,6
219,85,6
219,86,6
219,87,6
219,88,6
219,89,6
219,90,6
219,91,6
219,92,6
219,93,6
219,94,6
219,95,6
219,96,6
219,97,6
219,98,6
219,99,6
219,100,6
219,101,6
219,102,6
219,103,6
219,104,6
219,105,6
219,106,6
219,107,6
219,108,6
219,109,6
219,110,6
219,111,6
219,112,6
219,113,6
219,114,6
219,115,6
219,116,6
219,117,6
219,118,6
219,119,6
219,120,6
219,121,6
219,122,6
219,123,6
219,124,6
219,125,6
219,126,6
219,127,6
219,128,6
219,129,6
219,130,6
219,131,6
219,132,6
219,133,6
219,134,6
219,135,6
219,136,6
219,137,6
219,138,6
219,139,6
219,140,6
219,141,6
219,142,6
219,143,6
219,144,6
219,145,6
219,146,6
219,147,6
219,148,6
219,149,6
219,150,6
219,151,6
219,152,6
219,153,6
219,154,6
219,155,6
219,156,6
219,157,6
219,158,6
219,159,6
219,160,6
219,161,6
219,162,6
219,163,6
219,164,6
219,165,6
219,166,6
219,167,6
219,168,6
219,169,6
219,170,6
219,171,6
219,172,6
219,173,6
219,174,6
219,175,6
219,176,6
219,177,6
219,178,6
219,179,6
219,180,6
219,181,6
219,182,6
219,183,6
219,184,6
219,185,6
219,186,6
219,187,6
219,188,6
219,189,6
219,190,6
219,191,6
219,192,6
219,193,6
219,194,6
219,215,6
219,217,6
219,221,6
219,223,6
221,0,9
221,1,9
221,2,9
221,3,9
221,4,9
221,5,9
221,6,9
221,7,9
221,8,9
221,9,9
221,10,9
221,11,9
221,12,9
221,13,9
221,14,9
221,15,9
221,16,9
221,17,9
221,18,9
221,19,9
221,20,9
221,21,9
221,22,9
221,23,9
221,24,9
221,25,9
221,26,9
221,27,9
221,28,9
221,29,9
221,30,9
221,31,9
221,32,9
221,33,9
221,34,9
221,35,9
221,36,9
221,37,9
221,38,9
221,39,9
221,40,9
221,41,9
221,42,9
221,43,9
221,44,9
221,45,9
221,46,9
221,47,9
221,48,9
221,49,9
221,50,9
221,51,9
221,52,9
221,53,9
221,54,9
221,55,9
221,56,9
221,57,9
221,58,9
221,59,9
221,60,9
221,61,9
221,62,9
221,63,9
221,64,9
221,65,9
221,66,9
221,67,9
221,68,9
221,69,9
221,70,9
221,71,9
221,72,9
221,73,9
221,74,9
221,75,9
221,76,9
221,77,9
221,78,9
221,79,9
221,80,9
221,81,9
221,82,9
221,83,9
221,84,9
221,85,9
221,86,9
221,87,9
221,88,9
221,89,9
221,90,9
221,91,9
221,92,9
221,93,9
221,94,9
221,95,9
221,96,9
221,97,9
221,98,9
221,99,9
221,100,9
221,101,9
221,102,9
221,103,9
221,104,9
221,105,9
221,106,9
221,107,9
221,108,9
221,109,9
221,110,9
221,111,9
221,112,9
221,113,9
221,114,9
221,115,9
221,116,9
221,117,9
221,118,9
221,119,9
221,120,9
221,121,9
221,122,9
221,123,9
221,124,9
221,125,9
221,126,9
221,127,9
221,128,9
221,129,9
221,130,9
221,131,9
221,132,9
221,133,9
221,134,9
221,135,9
221,136,9
221,137,9
221,138,9
221,139,9
221,140,9
221,141,9
221,142,9
221,143,9
221,144,9
221,145,9
221,146,9
221,147,9
221,148,9
221,149,9
221,150,9
221,151,9
221,152,9
221,153,9
221,154,9
221,155,9
221,156,9
221,157,9
221,158,9
221,159,9
221,160,9
221,161,9
221,162,9
221,163,9
221,164,9
221,165,9
221,166,9
221,167,9
221,168,9
221,169,9
221,170,9
221,171,9
221,172,9
221,173,9
221,174,9
221,175,9
221,176,9
221,177,9
221,178,9
221,179,9
221,180,9
221,181,9
221,182,9
221,183,9
221,184,9
221,185,9
221,186,9
221,187,9
221,188,9
221,189,9
221,190,9
221,191,9
221,192,9
221,193,9
221,194,9
221,215,9
221,217,9
221,219,9
221,223,9
223,0,12
223,1,12
223,2,12
223,3,12
223,4,12
223,5,12
223,6,12
223,7,12
223,8,12
223,9,12
223,10,12
223,11,12
223,12,12
223,13,12
223,14,12
223,15,12
223,16,12
223,17,12
223,18,12
223,19,12
223,20,12
223,21,12
223,22,12
223,23,12
223,24,12
223,25,12
223,26,12
223,27,12
223,28,12
223,29,12
223,30,12
223,31,12
223,32,12
223,33,12
223,34,12
223,35,12
223,36,12
223,37,12
223,38,12
223,39,12
223,40,12
223,41,12
223,42,12
223,43,12
223,44,12
223,45,12
223,46,12
223,47,12
223,48,12
223,49,12
223,50,12
223,51,12
223,52,12
223,53,12
223,54,12
223,55,12
223,56,12
223,57,12
223,58,12
223,59,12
223,60,12
223,61,12
223,62,12
223,63,12
223,64,12
223,65,12
223,66,12
223,67,12
223,68,12
223,69,12
223,70,12
223,71,12
223,72,12
223,73,12
223,74,12
223,75,12
223,76,12
223,77,12
223,78,12
223,79,12
223,80,12
223,81,12
223,82,12
223,83,12
223,84,12
223,85,12
223,86,12
223,87,12
223,88,12
223,89,12
223,90,12
223,91,12
223,92,12
223,93,12
223,94,12
223,95,12
223,96,12
223,97,12
223,98,12
223,99,12
223,100,12
223,101,12
223,102,12
223,103,12
223,104,12
223,105,12
223,106,12
223,107,12
223,108,12
223,109,12
223,110,12
223,111,12
223,112,12
223,113,12
223,114,12
223,115,12
223,116,12
223,117,12
223,118,12
223,119,12
223,120,12
223,121,12
223,122,12
223,123,12
223,124,12
223,125,12
223,126,12
223,127,12
223,128,12
223,129,12
223,130,12
223,131,12
223,132,12
223,133,12
223,134,12
223,135,12
223,136,12
223,137,12
223,138,12
223,139,12
223,140,12
223,141,12
223,142,12
223,143,12
223,144,12
223,145,12
223,146,12
223,147,12
223,148,12
223,149,12
223,150,12
223,151,12
223,152,12
223,153,12
223,154,12
223,155,12
223,156,12
223,157,12
223,158,12
223,159,12
223,160,12
223,161,12
223,162,12
223,163,12
223,164,12
223,165,12
223,166,12
223,167,12
223,168,12
223,169,12
223,170,12
223,171,12
223,172,12
223,173,12
223,174,12
223,175,12
223,176,12
223,177,12
223,178,12
223,179,12
223,180,12
223,181,12
223,182,12
223,183,12
223,184,12
223,185,12
223,186,12
223,187,12
223,188,12
223,189,12
223,190,12
223,191,12
223,192,12
223,193,12
223,194,12
223,215,12
223,217,12
223,219,12
223,221,12
