node,gnn_score
0,0.47542840242385864
1,0.7795166373252869
2,0.5605090260505676
3,0.616873562335968
4,0.3795107305049896
5,0.47218185663223267
6,0.2821647524833679
7,0.6624937653541565
8,0.32262012362480164
9,0.28522369265556335
10,0.7044411897659302
11,0.7800621390342712
12,0.5873584151268005
13,0.5043978095054626
14,0.5255361795425415
15,0.6915608048439026
16,0.43668848276138306
17,0.5071527361869812
18,0.2683042883872986
19,0.22203388810157776
20,0.674457848072052
21,0.4461853504180908
22,0.5163352489471436
23,0.3480544090270996
24,0.4175151586532593
25,0.3951800465583801
26,0.6315832138061523
27,0.5119720101356506
28,0.32764673233032227
29,0.7808570265769958
30,0.5772622227668762
31,0.36669811606407166
32,0.6625342965126038
33,0.604477047920227
34,0.4409613609313965
35,0.5075234770774841
36,0.6067887544631958
37,0.5702884197235107
38,0.6975926756858826
39,0.7877066731452942
40,0.4455433189868927
41,0.3915800452232361
42,0.2893678843975067
43,0.3879091143608093
44,0.43952926993370056
45,0.42114073038101196
46,0.5172364711761475
47,0.36529740691185
48,0.29239484667778015
49,0.5792547464370728
50,0.36535319685935974
51,0.3205411732196808
52,0.6104601621627808
53,0.23689983785152435
54,0.47821512818336487
55,0.4472144842147827
56,0.47150516510009766
57,0.602012038230896
58,0.40320515632629395
59,0.37490880489349365
60,0.5858691334724426
61,0.47820016741752625
62,0.24953871965408325
63,0.5000099539756775
64,0.28767597675323486
65,0.4427805244922638
66,0.4460858106613159
67,0.20363736152648926
68,0.5417349934577942
69,0.45464664697647095
70,0.4330405294895172
71,0.2976234555244446
72,0.47929856181144714
73,0.3784131705760956
74,0.6378957033157349
75,0.7205048203468323
76,0.5215162038803101
77,0.5434140563011169
78,0.49958673119544983
79,0.43682458996772766
80,0.33390143513679504
81,0.30692362785339355
82,0.41898584365844727
83,0.3193066120147705
84,0.4949546456336975
85,0.2543216347694397
86,0.7615299820899963
87,0.4214603304862976
88,0.40970706939697266
89,0.38998985290527344
90,0.7670238614082336
91,0.6103444695472717
92,0.7683204412460327
93,0.7388693690299988
94,0.6491337418556213
95,0.40813979506492615
96,0.6546725034713745
97,0.5737820863723755
98,0.3058265447616577
99,0.3963453769683838
100,0.2963028848171234
101,0.31376519799232483
102,0.4813283085823059
103,0.3962358832359314
104,0.5552652478218079
105,0.7058494687080383
106,0.40820586681365967
107,0.24048087000846863
108,0.40788576006889343
109,0.4508098363876343
110,0.7666891813278198
111,0.5912162661552429
112,0.525249719619751
113,0.2398151010274887
114,0.5418166518211365
115,0.4202805757522583
116,0.42953625321388245
117,0.46844038367271423
118,0.665604293346405
119,0.508797824382782
120,0.5456602573394775
121,0.45265722274780273
122,0.26537394523620605
123,0.5795632004737854
124,0.7703803777694702
125,0.44993874430656433
126,0.7683821320533752
127,0.5203350186347961
128,0.2006664276123047
129,0.4997955858707428
130,0.32747727632522583
131,0.3648350238800049
132,0.4785171449184418
133,0.7667216062545776
134,0.4164394438266754
135,0.712449848651886
136,0.7759944796562195
137,0.4544452130794525
138,0.44299113750457764
139,0.6089383959770203
140,0.6294494867324829
141,0.4649883210659027
142,0.4883419871330261
143,0.5095560550689697
144,0.2962268888950348
145,0.705277144908905
146,0.2771558463573456
147,0.7490924000740051
148,0.7820706367492676
149,0.3458395302295685
150,0.4824353754520416
151,0.7677679657936096
152,0.2945472300052643
153,0.34371617436408997
154,0.4405668079853058
155,0.3076399564743042
156,0.5839283466339111
157,0.4440612494945526
158,0.6784015893936157
159,0.32618558406829834
160,0.28716227412223816
161,0.7755129337310791
162,0.48002976179122925
163,0.2908453643321991
164,0.5250269770622253
165,0.4735127389431
166,0.5898076891899109
167,0.2894445061683655
168,0.4096924364566803
169,0.5590106248855591
170,0.39869844913482666
171,0.2621934413909912
172,0.554412841796875
173,0.33783671259880066
174,0.44738075137138367
175,0.2851789891719818
176,0.3977939486503601
177,0.47452062368392944
178,0.6184865832328796
179,0.7712709903717041
180,0.48924168944358826
181,0.48121964931488037
182,0.331522673368454
183,0.3178906738758087
184,0.46434372663497925
185,0.43907058238983154
186,0.789802610874176
187,0.4347717761993408
188,0.6066617369651794
189,0.28824150562286377
190,0.20603671669960022
191,0.5654523968696594
192,0.6002451181411743
193,0.2633834183216095
194,0.45340684056282043
195,0.5399017930030823
196,0.5347191095352173
197,0.4645984172821045
198,0.4908069968223572
199,0.4689638316631317
200,0.672845721244812
201,0.7544541954994202
202,0.4525774419307709
203,0.37863972783088684
204,0.2412516176700592
205,0.495284765958786
206,0.5227433443069458
207,0.2742599546909332
208,0.5364181399345398
209,0.5201267004013062
210,0.543978214263916
211,0.23705904185771942
212,0.33782675862312317
213,0.7716799974441528
214,0.5578247904777527
215,0.7429834604263306
216,0.3353213369846344
217,0.2592845857143402
218,0.4488511085510254
219,0.48144078254699707
220,0.3911537230014801
221,0.4751501679420471
222,0.6902953386306763
223,0.32109132409095764
224,0.3490021824836731
225,0.4498083293437958
226,0.5869928002357483
227,0.6498481631278992
228,0.42920228838920593
229,0.5864825248718262
230,0.46523964405059814
231,0.28020110726356506
232,0.654425323009491
233,0.3136838972568512
234,0.6976656913757324
235,0.3071124255657196
236,0.7233561873435974
237,0.45204001665115356
238,0.3929358124732971
239,0.32084494829177856
240,0.49108490347862244
241,0.40758445858955383
242,0.6711073517799377
243,0.41816002130508423
244,0.3935757279396057
245,0.36666807532310486
246,0.4280968904495239
247,0.4363500475883484
248,0.26642659306526184
249,0.34831902384757996
250,0.4433395266532898
251,0.35652056336402893
252,0.5635380148887634
253,0.37620779871940613
254,0.4681006669998169
255,0.46584948897361755
256,0.6778684854507446
257,0.6597095727920532
258,0.6136223673820496
259,0.346059650182724
260,0.4152200520038605
261,0.23405298590660095
262,0.6612100601196289
263,0.33583635091781616
264,0.24983270466327667
265,0.5847052335739136
266,0.35230371356010437
267,0.23368437588214874
268,0.505508542060852
269,0.4383743405342102
270,0.5074979662895203
271,0.7864391803741455
272,0.24120227992534637
273,0.5578762888908386
274,0.2822299301624298
275,0.6479471325874329
276,0.3542284071445465
277,0.33345258235931396
278,0.5708239078521729
279,0.4166967570781708
280,0.7119939923286438
281,0.4069829285144806
282,0.7761226892471313
283,0.46469372510910034
284,0.5221795439720154
285,0.677072286605835
286,0.7715375423431396
287,0.6246461272239685
288,0.7759624123573303
289,0.41294196248054504
290,0.21258163452148438
291,0.36678728461265564
292,0.640251100063324
293,0.7878139615058899
294,0.28957128524780273
295,0.5096724033355713
296,0.6118590235710144
297,0.7721619606018066
298,0.5950965881347656
299,0.5777527689933777
300,0.36241117119789124
301,0.37161386013031006
302,0.5970838665962219
303,0.2639605402946472
304,0.6033344864845276
305,0.5870261788368225
306,0.28708338737487793
307,0.271261066198349
308,0.3329276740550995
309,0.2254551202058792
310,0.3802333176136017
311,0.5731188654899597
312,0.4242002069950104
313,0.34207314252853394
314,0.3649808168411255
315,0.37961748242378235
316,0.33986014127731323
317,0.46929657459259033
318,0.5290565490722656
319,0.34187576174736023
320,0.5973068475723267
321,0.5478812456130981
322,0.4489765465259552
323,0.6983182430267334
324,0.7784345149993896
325,0.38105928897857666
326,0.780677318572998
327,0.7765008211135864
328,0.30781713128089905
329,0.7665019035339355
330,0.4361075460910797
331,0.27944138646125793
332,0.4133397936820984
333,0.6330816149711609
334,0.26787614822387695
335,0.32843154668807983
336,0.3923763632774353
337,0.4108074903488159
338,0.7261696457862854
339,0.47319358587265015
340,0.7276594638824463
341,0.3981296420097351
342,0.4755212962627411
343,0.5477383136749268
344,0.3781149685382843
345,0.23722289502620697
346,0.37522101402282715
347,0.42994585633277893
348,0.5027450919151306
349,0.386221319437027
350,0.4298779368400574
351,0.43063822388648987
352,0.5085570216178894
353,0.625828206539154
354,0.5812473893165588
355,0.5146880149841309
356,0.2330823391675949
357,0.7261733412742615
358,0.4010823965072632
359,0.6180447340011597
360,0.7001076936721802
361,0.6096467971801758
362,0.4430227279663086
363,0.6851743459701538
364,0.402939110994339
365,0.4525943398475647
366,0.5038766860961914
367,0.4027428925037384
368,0.7702006101608276
369,0.528659999370575
370,0.6464555263519287
371,0.47229132056236267
372,0.6085858941078186
373,0.7285588383674622
374,0.6698391437530518
375,0.4457561671733856
376,0.4925404191017151
377,0.4782252907752991
378,0.6312499642372131
379,0.7625435590744019
380,0.3836138844490051
381,0.5049205422401428
382,0.645033597946167
383,0.5766592621803284
384,0.513911783695221
385,0.425786554813385
386,0.780714750289917
387,0.6855637431144714
388,0.43160295486450195
389,0.6083820462226868
390,0.4625076353549957
391,0.51894211769104
392,0.7747192978858948
393,0.5369220972061157
394,0.45934489369392395
395,0.6537664532661438
396,0.4303663969039917
397,0.2717355489730835
398,0.7128504514694214
399,0.54706209897995
400,0.3091980218887329
401,0.646844208240509
402,0.4106699824333191
403,0.5850533246994019
404,0.7479382157325745
405,0.5837999582290649
406,0.5564091801643372
407,0.4581757187843323
408,0.42010676860809326
409,0.6612662076950073
410,0.6490397453308105
411,0.4719275236129761
412,0.7234854102134705
413,0.41643378138542175
414,0.23109176754951477
415,0.580348551273346
416,0.2440192997455597
417,0.32381391525268555
418,0.569104790687561
419,0.3137774169445038
420,0.45389479398727417
421,0.6154536008834839
422,0.46823742985725403
423,0.32651498913764954
424,0.652920126914978
425,0.45789411664009094
426,0.6447907090187073
427,0.5209923982620239
428,0.7381810545921326
429,0.3944781720638275
430,0.3865182101726532
431,0.6464729905128479
432,0.40175631642341614
433,0.6846014857292175
434,0.4975150525569916
435,0.5878264307975769
436,0.6233156323432922
437,0.42327699065208435
438,0.4356948137283325
439,0.48514097929000854
440,0.5586562156677246
441,0.416506826877594
442,0.3560517132282257
443,0.7766266465187073
444,0.762925386428833
445,0.46613505482673645
446,0.41190263628959656
447,0.43449345231056213
448,0.4498157501220703
449,0.6368644833564758
450,0.554644763469696
451,0.3649681508541107
452,0.4189193844795227
453,0.3284792900085449
454,0.36962106823921204
455,0.6076911687850952
456,0.2537926137447357
457,0.7812950015068054
458,0.5932705402374268
459,0.6248330473899841
460,0.5000795722007751
461,0.37339848279953003
462,0.4580402672290802
463,0.42000481486320496
464,0.7766953706741333
465,0.638048529624939
466,0.3248571753501892
467,0.30666792392730713
468,0.5581099987030029
469,0.47648656368255615
470,0.28140389919281006
471,0.44669535756111145
472,0.6752070784568787
473,0.7400702834129333
474,0.42788004875183105
475,0.49809229373931885
476,0.3461633324623108
477,0.49040505290031433
478,0.5879103541374207
479,0.5921145081520081
480,0.28008854389190674
481,0.2716660797595978
482,0.42970216274261475
483,0.4036269187927246
484,0.5488215684890747
485,0.7606971859931946
486,0.3265642821788788
487,0.24074861407279968
488,0.2985359728336334
489,0.7620645761489868
490,0.2939547598361969
491,0.6882975697517395
492,0.5580089688301086
493,0.707441508769989
494,0.7614427208900452
495,0.7715617418289185
496,0.44725143909454346
497,0.5680618286132812
498,0.47085991501808167
499,0.7681152820587158
500,0.2798290252685547
501,0.6134153604507446
502,0.36929699778556824
503,0.3935842216014862
504,0.7701788544654846
505,0.2318880409002304
506,0.6909056305885315
507,0.4708443582057953
508,0.6122996211051941
509,0.5088762044906616
510,0.33632388710975647
511,0.4816531240940094
512,0.458002507686615
513,0.681879997253418
514,0.4013257324695587
515,0.5676776170730591
516,0.22490617632865906
517,0.5171288847923279
518,0.39872369170188904
519,0.5080925822257996
520,0.3301663398742676
521,0.5116904973983765
522,0.42637765407562256
523,0.5451587438583374
524,0.4732569456100464
525,0.5402184724807739
526,0.2809426784515381
527,0.6771088242530823
528,0.4056248664855957
529,0.4593934118747711
530,0.7829789519309998
531,0.26215383410453796
532,0.4669308662414551
533,0.39840763807296753
534,0.7708251476287842
535,0.3716990649700165
536,0.3646439015865326
537,0.6861715316772461
538,0.29469937086105347
539,0.4849013388156891
540,0.43123742938041687
541,0.7601768970489502
542,0.47811469435691833
543,0.7135343551635742
544,0.37701502442359924
545,0.42041656374931335
546,0.295596182346344
547,0.7693758606910706
548,0.4582909941673279
549,0.7067751884460449
550,0.5023664236068726
551,0.42006370425224304
552,0.5396013259887695
553,0.43205612897872925
554,0.4052312970161438
555,0.7850967049598694
556,0.33759361505508423
557,0.22906649112701416
558,0.7656831741333008
559,0.4447040557861328
560,0.4635525047779083
561,0.4885924160480499
562,0.7804096937179565
563,0.5633257627487183
564,0.4899941682815552
565,0.560025691986084
566,0.7820107936859131
567,0.6636977791786194
568,0.6572559475898743
569,0.7085638642311096
570,0.45399829745292664
571,0.7809015512466431
572,0.4931042492389679
573,0.5459822416305542
574,0.5697802305221558
575,0.5846810340881348
576,0.47115474939346313
577,0.6914643049240112
578,0.3751075863838196
579,0.5842006206512451
580,0.26813098788261414
581,0.30678609013557434
582,0.7751818895339966
583,0.49679529666900635
584,0.5919705629348755
585,0.5174891948699951
586,0.27241018414497375
587,0.3910200893878937
588,0.6603714823722839
589,0.3508773148059845
590,0.3792600929737091
591,0.44951575994491577
592,0.22949296236038208
593,0.6201004981994629
594,0.4514675438404083
595,0.6821351647377014
596,0.4939575493335724
597,0.48072391748428345
598,0.34803107380867004
599,0.5410135984420776
600,0.5656092762947083
601,0.3750409185886383
602,0.45587965846061707
603,0.34478363394737244
604,0.25760146975517273
605,0.4801706075668335
606,0.6758675575256348
607,0.2502022981643677
608,0.7557132244110107
609,0.4709344804286957
610,0.26277345418930054
611,0.5883682370185852
612,0.39412254095077515
613,0.3232410252094269
614,0.54651939868927
615,0.39998358488082886
616,0.6904431581497192
617,0.2403717041015625
618,0.766595184803009
619,0.6967499852180481
620,0.668695330619812
621,0.6572700142860413
622,0.43422436714172363
623,0.29062730073928833
624,0.48438000679016113
625,0.5412974953651428
626,0.5304113626480103
627,0.7045043110847473
628,0.4830491840839386
629,0.6424412131309509
630,0.606741189956665
631,0.643093466758728
632,0.5374792218208313
633,0.414046049118042
634,0.6854936480522156
635,0.7767655849456787
636,0.2770129442214966
637,0.3443838655948639
638,0.5302479267120361
639,0.7338232398033142
640,0.42369598150253296
641,0.5016886591911316
642,0.3077374994754791
643,0.4740945100784302
644,0.4819169044494629
645,0.28545787930488586
646,0.32626596093177795
647,0.2815498113632202
648,0.46997588872909546
649,0.29616308212280273
650,0.39453113079071045
651,0.43329110741615295
652,0.44001469016075134
653,0.43099772930145264
654,0.5563257932662964
655,0.553311288356781
656,0.29180508852005005
657,0.4705314338207245
658,0.5242409110069275
659,0.6857342720031738
660,0.5932402014732361
661,0.3714602291584015
662,0.4488998055458069
663,0.2794652581214905
664,0.40834060311317444
665,0.38609936833381653
666,0.5357105135917664
667,0.7139168977737427
668,0.7122504711151123
669,0.532804012298584
670,0.5529432892799377
671,0.6261302828788757
672,0.7652779221534729
673,0.330587774515152
674,0.6206809282302856
675,0.36989086866378784
676,0.6051592826843262
677,0.6304540634155273
678,0.5484335422515869
679,0.4036746025085449
680,0.33680030703544617
681,0.4389289319515228
682,0.2812984585762024
683,0.36487245559692383
684,0.5947118997573853
685,0.4378136992454529
686,0.28921592235565186
687,0.39348509907722473
688,0.21136167645454407
689,0.4258887767791748
690,0.5080844759941101
691,0.39318594336509705
692,0.2261229008436203
693,0.510412871837616
694,0.39906346797943115
695,0.4092192053794861
696,0.5574609041213989
697,0.406820684671402
698,0.35341912508010864
699,0.5970564484596252
700,0.4212191700935364
701,0.40894901752471924
702,0.51762455701828
703,0.7679322361946106
704,0.4657748341560364
705,0.5919363498687744
706,0.46383094787597656
707,0.4632142186164856
708,0.2947870194911957
709,0.4810480773448944
710,0.7292298078536987
711,0.3427163362503052
712,0.3453671634197235
713,0.5405172109603882
714,0.5399001836776733
715,0.7018653750419617
716,0.46151450276374817
717,0.7677444815635681
718,0.7798691987991333
719,0.3590213656425476
720,0.49871495366096497
721,0.37136927247047424
722,0.2850506603717804
723,0.24457477033138275
724,0.7065988779067993
725,0.5408021807670593
726,0.7144288420677185
727,0.3296470642089844
728,0.6788069605827332
729,0.4905308485031128
730,0.2743069529533386
731,0.5760124921798706
732,0.37356239557266235
733,0.7663344144821167
734,0.3884136974811554
735,0.33038756251335144
736,0.21122722327709198
737,0.3991483449935913
738,0.612699568271637
739,0.36332565546035767
740,0.25040364265441895
741,0.4275081157684326
742,0.46268826723098755
743,0.68799889087677
744,0.31030070781707764
745,0.7392882108688354
746,0.45505812764167786
747,0.5013588666915894
748,0.4747689664363861
749,0.23615799844264984
750,0.38953664898872375
751,0.7050098776817322
752,0.2248929888010025
753,0.44483479857444763
754,0.7817474007606506
755,0.24547512829303741
756,0.7890448570251465
757,0.5651803612709045
758,0.4310366213321686
759,0.21640539169311523
760,0.49203479290008545
761,0.4055339992046356
762,0.7186304926872253
763,0.3962647020816803
764,0.5542222857475281
765,0.5688031911849976
766,0.44839397072792053
767,0.3355208933353424
768,0.5806329846382141
769,0.21360856294631958
770,0.579856276512146
771,0.5694541931152344
772,0.4507012665271759
773,0.5358695983886719
774,0.6567741632461548
775,0.6402832269668579
776,0.4116270840167999
777,0.31539806723594666
778,0.3472181558609009
779,0.28933650255203247
780,0.47561296820640564
781,0.23703165352344513
782,0.7211613655090332
783,0.5174241662025452
784,0.6918838620185852
785,0.7657651305198669
786,0.26707684993743896
787,0.45199868083000183
788,0.3890865445137024
789,0.6484018564224243
790,0.49588510394096375
791,0.26694539189338684
792,0.30622661113739014
793,0.772649884223938
794,0.4453963339328766
795,0.6086218357086182
796,0.2923550009727478
797,0.29956623911857605
798,0.6396875977516174
799,0.413471519947052
800,0.5992283821105957
801,0.3374656140804291
802,0.4023256301879883
803,0.23144584894180298
804,0.30228009819984436
805,0.704900324344635
806,0.34198853373527527
807,0.4827876389026642
808,0.4788365364074707
809,0.6116700768470764
810,0.6812697052955627
811,0.5043071508407593
812,0.43463796377182007
813,0.33917099237442017
814,0.49088865518569946
815,0.477901428937912
816,0.31653892993927
817,0.62833172082901
818,0.6586637496948242
819,0.5618537068367004
820,0.42673203349113464
821,0.7507597208023071
822,0.23155559599399567
823,0.4360973536968231
824,0.41139453649520874
825,0.263916015625
826,0.2356978803873062
827,0.4698811173439026
828,0.4815791845321655
829,0.5030670762062073
830,0.7094284296035767
831,0.5563833713531494
832,0.20256710052490234
833,0.3186498284339905
834,0.5681815147399902
835,0.6608120203018188
836,0.27140191197395325
837,0.4370156526565552
838,0.7042771577835083
839,0.3249081075191498
840,0.44728758931159973
841,0.6462857723236084
842,0.631271481513977
843,0.3787972927093506
844,0.31107771396636963
845,0.4326896369457245
846,0.5808454155921936
847,0.2814543545246124
848,0.3013339638710022
849,0.4613073468208313
850,0.7777652144432068
851,0.33546051383018494
852,0.6711723208427429
853,0.7524222135543823
854,0.7110644578933716
855,0.7487167716026306
856,0.5632461905479431
857,0.3706057667732239
858,0.4277000427246094
859,0.34437206387519836
860,0.5641041994094849
861,0.6284192800521851
862,0.5766984224319458
863,0.5357059836387634
864,0.23008136451244354
865,0.6865641474723816
866,0.38220271468162537
867,0.4326454699039459
868,0.45529672503471375
869,0.2292936146259308
870,0.7798718214035034
871,0.5708781480789185
872,0.5262106657028198
873,0.39694204926490784
874,0.6226277947425842
875,0.36499443650245667
876,0.624430775642395
877,0.5722204446792603
878,0.40158432722091675
879,0.31797802448272705
880,0.5727968215942383
881,0.7646920084953308
882,0.5660719871520996
883,0.480744868516922
884,0.5677546262741089
885,0.49307188391685486
886,0.5247484445571899
887,0.5795831680297852
888,0.5856571197509766
889,0.4302377998828888
890,0.4857465922832489
891,0.25200730562210083
892,0.5786503553390503
893,0.3775333762168884
894,0.5766862630844116
895,0.7510254979133606
896,0.24734629690647125
897,0.6829856038093567
898,0.3722096085548401
899,0.23120546340942383
900,0.7889916896820068
901,0.22450311481952667
902,0.514307975769043
903,0.3475760221481323
904,0.28991517424583435
905,0.6210260987281799
906,0.6911396980285645
907,0.32409343123435974
908,0.5945229530334473
909,0.7694793343544006
910,0.5285101532936096
911,0.26730409264564514
912,0.763768196105957
913,0.7772975564002991
914,0.6037351489067078
915,0.5122733116149902
916,0.19870389997959137
917,0.7752873301506042
918,0.6570190191268921
919,0.4037803113460541
920,0.6801576018333435
921,0.5099470615386963
922,0.43384334444999695
923,0.334023118019104
924,0.3448571562767029
925,0.6720162034034729
926,0.6166931986808777
927,0.3089262843132019
928,0.6088064908981323
929,0.6440502405166626
930,0.34330591559410095
931,0.2970540225505829
932,0.5660223364830017
933,0.49545907974243164
934,0.5227376818656921
935,0.5544074177742004
936,0.5346655249595642
937,0.6112170815467834
938,0.6944979429244995
939,0.38694658875465393
940,0.3367980122566223
941,0.563601553440094
942,0.7797091007232666
943,0.6450172662734985
944,0.24453431367874146
945,0.2324560284614563
946,0.6058447957038879
947,0.44854918122291565
948,0.7500963807106018
949,0.5113107562065125
950,0.5329514145851135
951,0.4582027196884155
952,0.37275251746177673
953,0.7912492752075195
954,0.5022732615470886
955,0.3575936555862427
956,0.3691417872905731
957,0.4477216899394989
958,0.2783430814743042
959,0.4805889129638672
960,0.26486706733703613
961,0.30092307925224304
962,0.751430094242096
963,0.42744332551956177
964,0.6362034678459167
965,0.45654401183128357
966,0.4672211706638336
967,0.5670223236083984
968,0.5289124250411987
969,0.2241506725549698
970,0.6797997355461121
971,0.5012710094451904
972,0.7652720808982849
973,0.7768259644508362
974,0.7283292412757874
975,0.40918275713920593
976,0.5582137107849121
977,0.4829215407371521
978,0.7406333088874817
979,0.5525698065757751
980,0.5269152522087097
981,0.2945637106895447
982,0.39274534583091736
983,0.2643223702907562
984,0.48897653818130493
985,0.515001654624939
986,0.504033088684082
987,0.48609310388565063
988,0.5380556583404541
989,0.4015290141105652
990,0.7107070088386536
991,0.22593683004379272
992,0.7251439094543457
993,0.7654539942741394
994,0.3165856897830963
995,0.33460941910743713
996,0.4491787254810333
997,0.44535860419273376
998,0.40601062774658203
999,0.5425854921340942
1000,0.7274681329727173
1001,0.5771306753158569
1002,0.37604445219039917
1003,0.6427880525588989
1004,0.4558262526988983
1005,0.39575326442718506
1006,0.4780239462852478
1007,0.64178067445755
1008,0.5190166234970093
1009,0.41269615292549133
1010,0.3244090974330902
1011,0.43733879923820496
1012,0.5613981485366821
1013,0.4535936713218689
1014,0.5282776355743408
1015,0.43708691000938416
1016,0.7113983631134033
1017,0.4691208302974701
1018,0.7695222496986389
1019,0.49717047810554504
1020,0.3739003837108612
1021,0.4157537817955017
1022,0.7899367213249207
1023,0.4156700372695923
1024,0.6835575699806213
1025,0.48528435826301575
1026,0.23265492916107178
1027,0.5751777291297913
1028,0.27258574962615967
1029,0.32259830832481384
1030,0.4116518795490265
1031,0.359979510307312
1032,0.5489473342895508
1033,0.21984204649925232
1034,0.7670771479606628
1035,0.6304776072502136
1036,0.31793713569641113
1037,0.32828232645988464
1038,0.2727351188659668
1039,0.48307958245277405
1040,0.28850820660591125
1041,0.5554818511009216
1042,0.5440157651901245
1043,0.39019495248794556
1044,0.7725488543510437
1045,0.5688567161560059
1046,0.26302725076675415
1047,0.2434951364994049
1048,0.24776887893676758
1049,0.4241371750831604
1050,0.4362840950489044
1051,0.4114408493041992
1052,0.3167632222175598
1053,0.2227075845003128
1054,0.5020793676376343
1055,0.5117591023445129
1056,0.5696536302566528
1057,0.773167610168457
1058,0.3144029974937439
1059,0.37641283869743347
1060,0.7627827525138855
1061,0.4461613893508911
1062,0.5048609972000122
1063,0.46021562814712524
1064,0.49147528409957886
1065,0.5333759188652039
1066,0.36669689416885376
1067,0.6565537452697754
1068,0.669221043586731
1069,0.7378179430961609
1070,0.7194399833679199
1071,0.3822956383228302
1072,0.5143877863883972
1073,0.30219995975494385
1074,0.31416645646095276
1075,0.3972884714603424
1076,0.6518126726150513
1077,0.2648298740386963
1078,0.26723724603652954
1079,0.5259431600570679
1080,0.4159490168094635
1081,0.6068603992462158
1082,0.25807246565818787
1083,0.49680089950561523
1084,0.3775775134563446
1085,0.4492644667625427
1086,0.34841272234916687
1087,0.5371917486190796
1088,0.46212923526763916
1089,0.5316751003265381
1090,0.3924494981765747
1091,0.42723020911216736
1092,0.5455643534660339
1093,0.7660343050956726
1094,0.2761591374874115
1095,0.7834956049919128
1096,0.3045293986797333
1097,0.2634880244731903
1098,0.458609402179718
1099,0.6749453544616699
1100,0.28172412514686584
1101,0.5748078227043152
1102,0.5614435076713562
1103,0.7709558010101318
1104,0.3199102580547333
1105,0.5864778757095337
1106,0.40889814496040344
1107,0.2156248241662979
1108,0.3852700889110565
1109,0.6477062106132507
1110,0.7528359293937683
1111,0.4650062024593353
1112,0.6053298115730286
1113,0.3681164085865021
1114,0.33872511982917786
1115,0.50372314453125
1116,0.7912365198135376
1117,0.4794062674045563
1118,0.6890205144882202
1119,0.44246533513069153
1120,0.21952660381793976
1121,0.5261642336845398
1122,0.5507227182388306
1123,0.6617345809936523
1124,0.4167114198207855
1125,0.216668501496315
1126,0.3811407685279846
1127,0.76426762342453
1128,0.25034722685813904
1129,0.2831147015094757
1130,0.14964379370212555
1131,0.28409701585769653
1132,0.31527137756347656
1133,0.6344108581542969
1134,0.4458973705768585
1135,0.2467673271894455
1136,0.2987910211086273
1137,0.6213152408599854
1138,0.6365951299667358
1139,0.4684424102306366
1140,0.5982925295829773
1141,0.5596954226493835
1142,0.45672324299812317
1143,0.23421964049339294
1144,0.4902722239494324
1145,0.7629038691520691
1146,0.506108283996582
1147,0.45959895849227905
1148,0.44510945677757263
1149,0.5469938516616821
1150,0.44851580262184143
1151,0.3319699764251709
1152,0.4188438057899475
1153,0.4168330430984497
1154,0.2755807042121887
1155,0.572196900844574
1156,0.47937750816345215
1157,0.5592765212059021
1158,0.47169238328933716
1159,0.6940803527832031
1160,0.5662700533866882
1161,0.6128092408180237
1162,0.4579274356365204
1163,0.6498854756355286
1164,0.7934204339981079
1165,0.6477463245391846
1166,0.30639928579330444
1167,0.39192694425582886
1168,0.33870869874954224
1169,0.2951447069644928
1170,0.3517506420612335
1171,0.26863861083984375
1172,0.25995194911956787
1173,0.48625704646110535
1174,0.3673895597457886
1175,0.6770032644271851
1176,0.48229849338531494
1177,0.38628867268562317
1178,0.46650320291519165
1179,0.45753157138824463
1180,0.44435521960258484
1181,0.5347772836685181
1182,0.4567422866821289
1183,0.5395125150680542
1184,0.7672345638275146
1185,0.5940646529197693
1186,0.5703590512275696
1187,0.3401743173599243
1188,0.3858785927295685
1189,0.6778011322021484
1190,0.26749178767204285
1191,0.3467279374599457
1192,0.4778118431568146
1193,0.5302579402923584
1194,0.4276977777481079
1195,0.5172175168991089
1196,0.3751460015773773
1197,0.4521673321723938
1198,0.5974523425102234
1199,0.7111565470695496
1200,0.7786198258399963
1201,0.33275309205055237
1202,0.5466138124465942
1203,0.713543176651001
1204,0.5321444272994995
1205,0.4578058421611786
1206,0.4246164858341217
1207,0.37709882855415344
1208,0.23952850699424744
1209,0.189536914229393
1210,0.4090674817562103
1211,0.5222721695899963
1212,0.6211841106414795
1213,0.6181830763816833
1214,0.22778485715389252
1215,0.6665627360343933
1216,0.6260120868682861
1217,0.7532986998558044
1218,0.6571927666664124
1219,0.6816880106925964
1220,0.46765393018722534
1221,0.4067005515098572
1222,0.6983319520950317
1223,0.5759150385856628
1224,0.3681630790233612
1225,0.40260446071624756
1226,0.770073413848877
1227,0.6456075310707092
1228,0.6275185346603394
1229,0.4859430491924286
1230,0.40532079339027405
1231,0.6981836557388306
1232,0.4288424253463745
1233,0.5528773665428162
1234,0.4892267882823944
1235,0.4502410590648651
1236,0.7754058837890625
1237,0.7507351636886597
1238,0.23701584339141846
1239,0.6866123676300049
1240,0.7078737616539001
1241,0.4706006348133087
1242,0.6428218483924866
1243,0.5281590819358826
1244,0.2380024939775467
1245,0.7669616341590881
1246,0.2276020050048828
1247,0.24313753843307495
1248,0.7727391719818115
1249,0.7852799296379089
1250,0.7623894810676575
1251,0.7018241882324219
1252,0.7676985859870911
1253,0.3615506887435913
1254,0.7796159982681274
1255,0.3292768597602844
1256,0.6288310289382935
1257,0.4952210485935211
1258,0.561836838722229
1259,0.3626587986946106
1260,0.6222074031829834
1261,0.6197128891944885
1262,0.3509913682937622
1263,0.5817652940750122
1264,0.45644256472587585
1265,0.5137023329734802
1266,0.4589489996433258
1267,0.6488720178604126
1268,0.3826230466365814
1269,0.7667190432548523
1270,0.3972584903240204
1271,0.5127744078636169
1272,0.4365364611148834
1273,0.6146343350410461
1274,0.46445223689079285
1275,0.451951265335083
1276,0.5692992806434631
1277,0.4353938102722168
1278,0.4358288645744324
1279,0.5495745539665222
1280,0.5237579941749573
1281,0.6118355989456177
1282,0.35629764199256897
1283,0.48337647318840027
1284,0.7614912390708923
1285,0.40228211879730225
1286,0.45211708545684814
1287,0.7889887690544128
1288,0.5848895907402039
1289,0.5799546837806702
1290,0.48484960198402405
1291,0.7253488302230835
1292,0.27295270562171936
1293,0.31205034255981445
1294,0.5622139573097229
1295,0.582188606262207
1296,0.4295233488082886
1297,0.7690252661705017
1298,0.7479613423347473
1299,0.25865450501441956
1300,0.40265408158302307
1301,0.5166550278663635
1302,0.7564281821250916
1303,0.6110354065895081
1304,0.6882765293121338
1305,0.4194808602333069
1306,0.4002979099750519
1307,0.6153532862663269
1308,0.4455460011959076
1309,0.47970473766326904
1310,0.29874831438064575
1311,0.1915699541568756
1312,0.22385835647583008
1313,0.45935946702957153
1314,0.5668165683746338
1315,0.41924646496772766
1316,0.2607666552066803
1317,0.5622710585594177
1318,0.7077239751815796
1319,0.7626956701278687
1320,0.2172163426876068
1321,0.3811827003955841
1322,0.6107609868049622
1323,0.36270806193351746
1324,0.515195906162262
1325,0.455411434173584
1326,0.4288161098957062
1327,0.5506590008735657
1328,0.3368038237094879
1329,0.6643781065940857
1330,0.7550743222236633
1331,0.522337019443512
1332,0.5432519912719727
1333,0.5611861348152161
1334,0.5627520680427551
1335,0.5028514862060547
1336,0.3718237578868866
1337,0.27809423208236694
1338,0.22779837250709534
1339,0.45414912700653076
1340,0.4389992356300354
1341,0.5016887187957764
1342,0.7571178674697876
1343,0.4703541398048401
1344,0.4043785035610199
1345,0.5419675707817078
1346,0.4126293659210205
1347,0.6953248977661133
1348,0.38896626234054565
1349,0.4525427520275116
1350,0.25167566537857056
1351,0.56389981508255
1352,0.4783399999141693
1353,0.7152166962623596
1354,0.43525025248527527
1355,0.5586363077163696
1356,0.3536684215068817
1357,0.5942012071609497
1358,0.4389978051185608
1359,0.2917720079421997
1360,0.5402235388755798
1361,0.45028045773506165
1362,0.4368917942047119
1363,0.7686494588851929
1364,0.5928375124931335
1365,0.5475148558616638
1366,0.4703560769557953
1367,0.5301212072372437
1368,0.3583559989929199
1369,0.41090476512908936
1370,0.39326784014701843
1371,0.48181405663490295
1372,0.39950698614120483
1373,0.31624481081962585
1374,0.2740296721458435
1375,0.33641892671585083
1376,0.4135703444480896
1377,0.35589736700057983
1378,0.4304172992706299
1379,0.40703439712524414
1380,0.5261856317520142
1381,0.16408419609069824
1382,0.7371320128440857
1383,0.2520078122615814
1384,0.7685023546218872
1385,0.5550968050956726
1386,0.5459167957305908
1387,0.6038339138031006
1388,0.4604599177837372
1389,0.3557080328464508
1390,0.7640831470489502
1391,0.7794100642204285
1392,0.3143666088581085
1393,0.4469044804573059
1394,0.25359663367271423
1395,0.729453980922699
1396,0.50048828125
1397,0.742865264415741
1398,0.6892729997634888
1399,0.4373319745063782
1400,0.22898519039154053
1401,0.6252715587615967
1402,0.5064619183540344
1403,0.28697115182876587
1404,0.24091340601444244
1405,0.40254685282707214
1406,0.5083621740341187
1407,0.47701123356819153
1408,0.7123555541038513
1409,0.41425320506095886
1410,0.42238157987594604
1411,0.630902111530304
1412,0.4455314874649048
1413,0.3309786319732666
1414,0.7783592939376831
1415,0.4657703936100006
1416,0.7704855799674988
1417,0.3001638650894165
1418,0.4506937563419342
1419,0.684535801410675
1420,0.31184136867523193
1421,0.24314306676387787
1422,0.4640117883682251
1423,0.6866779327392578
1424,0.4089084267616272
1425,0.5468366742134094
1426,0.7200321555137634
1427,0.4433581531047821
1428,0.7768380641937256
1429,0.4311107397079468
1430,0.26299458742141724
1431,0.5320123434066772
1432,0.6115013360977173
1433,0.32706648111343384
1434,0.776557207107544
1435,0.3650817275047302
1436,0.3143000304698944
1437,0.4121166467666626
1438,0.36169713735580444
1439,0.5872456431388855
1440,0.46196258068084717
1441,0.6028838753700256
1442,0.7675838470458984
1443,0.4058552384376526
1444,0.4044838845729828
1445,0.5477391481399536
1446,0.6050812005996704
1447,0.4696350395679474
1448,0.7936049103736877
1449,0.535830020904541
1450,0.6393793225288391
1451,0.4817184805870056
1452,0.29491961002349854
1453,0.6079044342041016
1454,0.3863139748573303
1455,0.3297487199306488
1456,0.5172014236450195
1457,0.4812602996826172
1458,0.5360778570175171
1459,0.3956235349178314
1460,0.22733555734157562
1461,0.324115127325058
1462,0.7776429057121277
1463,0.2603544592857361
1464,0.5931520462036133
1465,0.7675402164459229
1466,0.41655221581459045
1467,0.46530890464782715
1468,0.6654844880104065
1469,0.4604679346084595
1470,0.5689369440078735
1471,0.3685173988342285
1472,0.45601189136505127
1473,0.7826060056686401
1474,0.30708131194114685
1475,0.42817458510398865
1476,0.4707023501396179
1477,0.6243188381195068
1478,0.2720402777194977
1479,0.5873677134513855
1480,0.6013584733009338
1481,0.23442865908145905
1482,0.33914515376091003
1483,0.4846874177455902
1484,0.5483964681625366
1485,0.24622617661952972
1486,0.5780994296073914
1487,0.7407587170600891
1488,0.41391241550445557
1489,0.5579663515090942
1490,0.758179247379303
1491,0.46012893319129944
1492,0.34390127658843994
1493,0.46317240595817566
1494,0.7853418588638306
1495,0.543388307094574
1496,0.36334750056266785
1497,0.40016698837280273
1498,0.5322511196136475
1499,0.2287299633026123
1500,0.4630275070667267
1501,0.4666317105293274
1502,0.3986189067363739
1503,0.48778706789016724
1504,0.27982550859451294
1505,0.338581919670105
1506,0.46950241923332214
1507,0.7016162276268005
1508,0.32759612798690796
1509,0.4571399986743927
1510,0.3039187490940094
1511,0.7809596657752991
1512,0.3827105462551117
1513,0.7735540270805359
1514,0.5663583874702454
1515,0.37755438685417175
1516,0.43565958738327026
1517,0.7614933252334595
1518,0.5053622126579285
1519,0.37605205178260803
1520,0.43950462341308594
1521,0.373948335647583
1522,0.290161669254303
1523,0.691325306892395
1524,0.30464863777160645
1525,0.5134391188621521
1526,0.5197813510894775
1527,0.7867903709411621
1528,0.46356964111328125
1529,0.44275376200675964
1530,0.5798711180686951
1531,0.6100934147834778
1532,0.4860488176345825
1533,0.7373183965682983
1534,0.5173879265785217
1535,0.2875871956348419
1536,0.38045427203178406
1537,0.5775423645973206
1538,0.45030373334884644
1539,0.6588094234466553
1540,0.5269688963890076
1541,0.5091532468795776
1542,0.31620436906814575
1543,0.5313411951065063
1544,0.34780049324035645
1545,0.7539176344871521
1546,0.4244214594364166
1547,0.6225736141204834
1548,0.6956099271774292
1549,0.41153591871261597
1550,0.6470182538032532
1551,0.2880091965198517
1552,0.3363455533981323
1553,0.5985730886459351
1554,0.41308680176734924
1555,0.41512975096702576
1556,0.3338344991207123
1557,0.22224268317222595
1558,0.221395343542099
1559,0.4225177764892578
1560,0.7662191987037659
1561,0.6265504956245422
1562,0.283602774143219
1563,0.7792608737945557
1564,0.4261690080165863
1565,0.2367483526468277
1566,0.552262008190155
1567,0.6710531115531921
1568,0.528765857219696
1569,0.36205950379371643
1570,0.41942116618156433
1571,0.5291539430618286
1572,0.622430145740509
1573,0.5413157939910889
1574,0.780774712562561
1575,0.46774420142173767
1576,0.7721179127693176
1577,0.48670750856399536
1578,0.4902697205543518
1579,0.6226518750190735
1580,0.35098570585250854
1581,0.7694720029830933
1582,0.5058891177177429
1583,0.3941175937652588
1584,0.7728502154350281
1585,0.36750420928001404
1586,0.5710746049880981
1587,0.47123202681541443
1588,0.4287357032299042
1589,0.7840219140052795
1590,0.7066717743873596
1591,0.5285054445266724
1592,0.3434799909591675
1593,0.5453426837921143
1594,0.7101898193359375
1595,0.4614766538143158
1596,0.4983161687850952
1597,0.37190836668014526
1598,0.25015708804130554
1599,0.7412903308868408
1600,0.24226760864257812
1601,0.5270045399665833
1602,0.30768030881881714
1603,0.24902456998825073
1604,0.6468761563301086
1605,0.5339593291282654
1606,0.6018686294555664
1607,0.647558331489563
1608,0.3436186909675598
1609,0.407951682806015
1610,0.7806686162948608
1611,0.44958797097206116
1612,0.6779811382293701
1613,0.45929354429244995
1614,0.6562687754631042
1615,0.6751984357833862
1616,0.2610570788383484
1617,0.5031989216804504
1618,0.41953083872795105
1619,0.4863612651824951
1620,0.5131035447120667
1621,0.46028682589530945
1622,0.44131019711494446
1623,0.5122683048248291
1624,0.4143274426460266
1625,0.47167015075683594
1626,0.27154740691185
1627,0.5896451473236084
1628,0.37428340315818787
1629,0.4877089560031891
1630,0.598747730255127
1631,0.43575620651245117
1632,0.5339342355728149
1633,0.2516022026538849
1634,0.4665549099445343
1635,0.7601468563079834
1636,0.2532961964607239
1637,0.42262566089630127
1638,0.47955018281936646
1639,0.34109997749328613
1640,0.42936375737190247
1641,0.4595988094806671
1642,0.2933395504951477
1643,0.4292578399181366
1644,0.5879244208335876
1645,0.5847684144973755
1646,0.4044641852378845
1647,0.2201436460018158
1648,0.7044069766998291
1649,0.45595186948776245
1650,0.458196222782135
1651,0.5355933308601379
1652,0.5651307702064514
1653,0.7793870568275452
1654,0.3922998905181885
1655,0.44590726494789124
1656,0.41691839694976807
1657,0.24905148148536682
1658,0.6799967288970947
1659,0.44778430461883545
1660,0.4021930992603302
1661,0.26247528195381165
1662,0.45106813311576843
1663,0.2588898241519928
1664,0.37149715423583984
1665,0.26521870493888855
1666,0.7394359707832336
1667,0.28619393706321716
1668,0.4769197106361389
1669,0.520121693611145
1670,0.434529572725296
1671,0.4801851511001587
1672,0.34052398800849915
1673,0.6292706727981567
1674,0.27568984031677246
1675,0.7621731162071228
1676,0.507526695728302
1677,0.3070664405822754
1678,0.6750904321670532
1679,0.3932216167449951
1680,0.7771527171134949
1681,0.36495518684387207
1682,0.5538192391395569
1683,0.6267938613891602
1684,0.431486576795578
1685,0.3989241421222687
1686,0.7790911197662354
1687,0.4437730312347412
1688,0.6804606914520264
1689,0.6389250755310059
1690,0.7737615704536438
1691,0.6241039633750916
1692,0.41845765709877014
1693,0.5300682783126831
1694,0.2566846013069153
1695,0.39141833782196045
1696,0.3454398810863495
1697,0.4418342709541321
1698,0.4603021442890167
1699,0.7614646553993225
1700,0.325663298368454
1701,0.6336427927017212
1702,0.333473801612854
1703,0.6767621040344238
1704,0.3229588568210602
1705,0.4759775698184967
1706,0.5176958441734314
1707,0.43963292241096497
1708,0.2409846931695938
1709,0.7836000323295593
1710,0.5530728101730347
1711,0.44056349992752075
1712,0.310071736574173
1713,0.2881772816181183
1714,0.5686158537864685
1715,0.4819604754447937
1716,0.5134921669960022
1717,0.4578922390937805
1718,0.424140065908432
1719,0.4949834644794464
1720,0.4643905460834503
1721,0.36008068919181824
1722,0.4806381165981293
1723,0.4093836843967438
1724,0.6326169967651367
1725,0.7117885947227478
1726,0.625396192073822
1727,0.3629714250564575
1728,0.5713306665420532
1729,0.31936168670654297
1730,0.43001335859298706
1731,0.616989016532898
1732,0.31759247183799744
1733,0.6674562692642212
1734,0.5972658395767212
1735,0.4390166103839874
1736,0.4611107409000397
1737,0.5036055445671082
1738,0.7357403635978699
1739,0.34160706400871277
1740,0.4644871950149536
1741,0.29984012246131897
1742,0.3023896813392639
1743,0.46133455634117126
1744,0.777873694896698
1745,0.4790160357952118
1746,0.7374585866928101
1747,0.6040864586830139
1748,0.6827067732810974
1749,0.3373049199581146
1750,0.40371453762054443
1751,0.6617283225059509
1752,0.3282863199710846
1753,0.39975035190582275
1754,0.76817786693573
1755,0.373537540435791
1756,0.5968009233474731
1757,0.7669707536697388
1758,0.7511459589004517
1759,0.5295005440711975
1760,0.5469719171524048
1761,0.34299859404563904
1762,0.31135380268096924
1763,0.46841341257095337
1764,0.7932630181312561
1765,0.3771291971206665
1766,0.48150914907455444
1767,0.539470374584198
1768,0.5340675711631775
1769,0.6465729475021362
1770,0.38219591975212097
1771,0.5789951086044312
1772,0.358357310295105
1773,0.47742384672164917
1774,0.39812883734703064
1775,0.6905685067176819
1776,0.46141406893730164
1777,0.3232614994049072
1778,0.2524500787258148
1779,0.7819815278053284
1780,0.4393863379955292
1781,0.4829452335834503
1782,0.53053879737854
1783,0.3809657096862793
1784,0.4630934000015259
1785,0.35165873169898987
1786,0.6822456121444702
1787,0.4630202054977417
1788,0.4285341203212738
1789,0.6319395303726196
1790,0.5595135688781738
1791,0.5071395039558411
1792,0.22612755000591278
1793,0.3997615873813629
1794,0.33657100796699524
1795,0.39662423729896545
1796,0.45202285051345825
1797,0.48267850279808044
1798,0.3996245861053467
1799,0.4507221579551697
1800,0.5869395136833191
1801,0.2403896003961563
1802,0.538513720035553
1803,0.6030177474021912
1804,0.4400830864906311
1805,0.25890427827835083
1806,0.2873552143573761
1807,0.4174516499042511
1808,0.5637415647506714
1809,0.4804815649986267
1810,0.4713684320449829
1811,0.25421035289764404
1812,0.24280768632888794
1813,0.5810105204582214
1814,0.2147642970085144
1815,0.48223960399627686
1816,0.47671669721603394
1817,0.2644120454788208
1818,0.6217902898788452
1819,0.5673955678939819
1820,0.4158725142478943
1821,0.754848062992096
1822,0.3962744474411011
1823,0.5096598863601685
1824,0.43749895691871643
1825,0.3980436325073242
1826,0.5584394931793213
1827,0.48068082332611084
1828,0.40832915902137756
1829,0.476385235786438
1830,0.44617292284965515
1831,0.37657442688941956
1832,0.241348996758461
1833,0.7551472187042236
1834,0.42262184619903564
1835,0.5370213985443115
1836,0.7634632587432861
1837,0.3494313955307007
1838,0.35332903265953064
1839,0.3424823582172394
1840,0.46584922075271606
1841,0.6688635349273682
1842,0.25177258253097534
1843,0.24552352726459503
1844,0.3666386008262634
1845,0.3124932050704956
1846,0.23073481023311615
1847,0.5361387133598328
1848,0.6800766587257385
1849,0.7714518904685974
1850,0.44046154618263245
1851,0.420657217502594
1852,0.4559629559516907
1853,0.6773303747177124
1854,0.356434166431427
1855,0.4940114915370941
1856,0.3132830560207367
1857,0.6206687688827515
1858,0.4801519811153412
1859,0.44553342461586
1860,0.7705522775650024
1861,0.39356541633605957
1862,0.542448878288269
1863,0.2742662727832794
1864,0.646549642086029
1865,0.5229305028915405
1866,0.463867723941803
1867,0.43389758467674255
1868,0.33908042311668396
1869,0.4367560148239136
1870,0.6045759320259094
1871,0.2786291837692261
1872,0.4344923496246338
1873,0.5365461111068726
1874,0.33540892601013184
1875,0.5271151661872864
1876,0.41173484921455383
1877,0.7284198999404907
1878,0.5230655670166016
1879,0.5674111247062683
1880,0.4088042080402374
1881,0.42561355233192444
1882,0.6931142807006836
1883,0.5601920485496521
1884,0.5373491048812866
1885,0.7796222567558289
1886,0.48224306106567383
1887,0.41965681314468384
1888,0.46628543734550476
1889,0.41851913928985596
1890,0.4470781087875366
1891,0.524648904800415
1892,0.48165762424468994
1893,0.5284762978553772
1894,0.5151393413543701
1895,0.5272091031074524
1896,0.41806843876838684
1897,0.2989446818828583
1898,0.6535015106201172
1899,0.7607831954956055
1900,0.41291582584381104
1901,0.36033761501312256
1902,0.39814186096191406
1903,0.7012084126472473
1904,0.5782506465911865
1905,0.3015984296798706
1906,0.4694351255893707
1907,0.6471008658409119
1908,0.6868124604225159
1909,0.40222471952438354
1910,0.2426961064338684
1911,0.767306387424469
1912,0.25457534193992615
1913,0.4939716160297394
1914,0.3805868327617645
1915,0.4170059561729431
1916,0.7807481288909912
1917,0.6794387102127075
1918,0.40950456261634827
1919,0.39024120569229126
1920,0.5158584713935852
1921,0.4970286786556244
1922,0.4684075117111206
1923,0.35872459411621094
1924,0.599341630935669
1925,0.2916373908519745
1926,0.5361612439155579
1927,0.3084898591041565
1928,0.5248355865478516
1929,0.4511239230632782
1930,0.6928336024284363
1931,0.5045602321624756
1932,0.4194028377532959
1933,0.43514788150787354
1934,0.5031697154045105
1935,0.4320261478424072
1936,0.6196762919425964
1937,0.6147842407226562
1938,0.3841245174407959
1939,0.31532061100006104
1940,0.6667476892471313
1941,0.5610635876655579
1942,0.7710145115852356
1943,0.5031609535217285
1944,0.2747993469238281
1945,0.7559224367141724
1946,0.5704732537269592
1947,0.5322712063789368
1948,0.56044602394104
1949,0.46087223291397095
1950,0.4683867394924164
1951,0.563310444355011
1952,0.6287468671798706
1953,0.7856335043907166
1954,0.5296309590339661
1955,0.322152316570282
1956,0.7060412168502808
1957,0.39444583654403687
1958,0.4493092894554138
1959,0.4620591402053833
1960,0.20764069259166718
1961,0.3720528483390808
1962,0.31215929985046387
1963,0.2437465935945511
1964,0.22365304827690125
1965,0.49559661746025085
1966,0.33368873596191406
1967,0.4829562306404114
1968,0.45695534348487854
1969,0.6510435342788696
1970,0.47396084666252136
1971,0.5630425214767456
1972,0.4116041958332062
1973,0.44487419724464417
1974,0.4835841953754425
1975,0.5911504626274109
1976,0.2817547023296356
1977,0.4575340151786804
1978,0.5363432168960571
1979,0.4307463765144348
1980,0.24296154081821442
1981,0.5634872913360596
1982,0.4946517050266266
1983,0.490401953458786
1984,0.5553448796272278
1985,0.2804875671863556
1986,0.6177955865859985
1987,0.2800031006336212
1988,0.5384923815727234
1989,0.7718381881713867
1990,0.39097627997398376
1991,0.42158243060112
1992,0.49051621556282043
1993,0.4437292814254761
1994,0.6103225350379944
1995,0.6075730919837952
1996,0.41586679220199585
1997,0.5140705704689026
1998,0.5429872870445251
1999,0.41284701228141785
2000,0.5577688217163086
2001,0.3557942509651184
2002,0.6703305840492249
2003,0.4541641175746918
2004,0.510509729385376
2005,0.24387139081954956
2006,0.6379300355911255
2007,0.5095306634902954
2008,0.45347484946250916
2009,0.36664021015167236
2010,0.5413997769355774
2011,0.20629549026489258
2012,0.5934854745864868
2013,0.5079355835914612
2014,0.6230815052986145
2015,0.5122078061103821
2016,0.5540090203285217
2017,0.7194470763206482
2018,0.47315114736557007
2019,0.6500007510185242
2020,0.5569424033164978
2021,0.3495972454547882
2022,0.5182791948318481
2023,0.40712422132492065
2024,0.7402784824371338
2025,0.5393187999725342
2026,0.43342286348342896
2027,0.3686679005622864
2028,0.42856645584106445
2029,0.4879412353038788
2030,0.46181434392929077
2031,0.5794665217399597
2032,0.5068777203559875
2033,0.7723121047019958
2034,0.47421595454216003
2035,0.30525508522987366
2036,0.45895302295684814
2037,0.758695662021637
2038,0.4755132794380188
2039,0.5264151096343994
2040,0.49386847019195557
2041,0.47572118043899536
2042,0.3821927309036255
2043,0.5966264605522156
2044,0.5831185579299927
2045,0.32096734642982483
2046,0.7553902268409729
2047,0.695182204246521
2048,0.6501141786575317
2049,0.3921663761138916
2050,0.2868182361125946
2051,0.30613142251968384
2052,0.6528621315956116
2053,0.486092209815979
2054,0.4349450469017029
2055,0.40091994404792786
2056,0.43902450799942017
2057,0.6372175812721252
2058,0.628186047077179
2059,0.5970446467399597
2060,0.481710284948349
2061,0.6692225933074951
2062,0.7415788769721985
2063,0.4274500906467438
2064,0.2717064321041107
2065,0.40654653310775757
2066,0.676974356174469
2067,0.5477044582366943
2068,0.3481398820877075
2069,0.4620824456214905
2070,0.44800814986228943
2071,0.48716044425964355
2072,0.5108369588851929
2073,0.27387088537216187
2074,0.3584165871143341
2075,0.49120035767555237
2076,0.3270301818847656
2077,0.39676740765571594
2078,0.34219464659690857
2079,0.5242810845375061
2080,0.5944799780845642
2081,0.43954604864120483
2082,0.6617303490638733
2083,0.516650915145874
2084,0.49349117279052734
2085,0.4334101378917694
2086,0.22856444120407104
2087,0.44125843048095703
2088,0.3626147508621216
2089,0.42605674266815186
2090,0.4223824143409729
2091,0.6059603691101074
2092,0.5677048563957214
2093,0.2310837358236313
2094,0.6256559491157532
2095,0.553136944770813
2096,0.7870246767997742
2097,0.3777921497821808
2098,0.42373770475387573
2099,0.6218459010124207
2100,0.5034851431846619
2101,0.30363962054252625
2102,0.4087286591529846
2103,0.6389502882957458
2104,0.7501198053359985
2105,0.3331679105758667
2106,0.5941641330718994
2107,0.2614707946777344
2108,0.5218076705932617
2109,0.703919529914856
2110,0.5025817155838013
2111,0.7670623064041138
2112,0.7904160618782043
2113,0.5817773938179016
2114,0.6502659916877747
2115,0.6230933666229248
2116,0.23295636475086212
2117,0.76822429895401
2118,0.38132429122924805
2119,0.46473073959350586
2120,0.41730189323425293
2121,0.35565221309661865
2122,0.3935204744338989
2123,0.47014492750167847
2124,0.2136448472738266
2125,0.4085004925727844
2126,0.2781921327114105
2127,0.6489318609237671
2128,0.6309372186660767
2129,0.7473627924919128
2130,0.5983902215957642
2131,0.7723479270935059
2132,0.2628265619277954
2133,0.6126349568367004
2134,0.6820192933082581
2135,0.5296462774276733
2136,0.29543423652648926
2137,0.5158573389053345
2138,0.23911169171333313
2139,0.5918791890144348
2140,0.500682532787323
2141,0.32258978486061096
2142,0.5001121759414673
2143,0.7626820802688599
2144,0.32552406191825867
2145,0.5813755989074707
2146,0.46237924695014954
2147,0.4533216655254364
2148,0.2694443464279175
2149,0.6611727476119995
2150,0.3999945819377899
2151,0.44168204069137573
2152,0.3650386929512024
2153,0.2939108610153198
2154,0.23493652045726776
2155,0.4241531193256378
2156,0.47073647379875183
2157,0.46000295877456665
2158,0.42441296577453613
2159,0.4467141926288605
2160,0.44596561789512634
2161,0.4108639657497406
2162,0.47673824429512024
2163,0.5421140789985657
2164,0.6424683928489685
2165,0.7174709439277649
2166,0.4243408143520355
2167,0.45813286304473877
2168,0.44656258821487427
2169,0.7209950089454651
2170,0.2481638342142105
2171,0.7733294367790222
2172,0.461740106344223
2173,0.6715789437294006
2174,0.703254759311676
2175,0.5365108847618103
2176,0.5356742739677429
2177,0.39429694414138794
2178,0.23340554535388947
2179,0.42463305592536926
2180,0.5333772897720337
2181,0.476081520318985
2182,0.7487506866455078
2183,0.6543083190917969
2184,0.6406601667404175
2185,0.33782246708869934
2186,0.47161734104156494
2187,0.6771917939186096
2188,0.3379054665565491
2189,0.39713016152381897
2190,0.5881431698799133
2191,0.2358059138059616
2192,0.7332037091255188
2193,0.7833552360534668
2194,0.7000803351402283
2195,0.37849318981170654
2196,0.6776093244552612
2197,0.35663607716560364
2198,0.31214386224746704
2199,0.7832764983177185
2200,0.4872964918613434
2201,0.22824758291244507
2202,0.5047034621238708
2203,0.4915739893913269
2204,0.4415215849876404
2205,0.6331377625465393
2206,0.5399563908576965
2207,0.38333138823509216
2208,0.4062723219394684
2209,0.6691411733627319
2210,0.7834340929985046
2211,0.5810251235961914
2212,0.6931147575378418
2213,0.764070451259613
2214,0.4964454770088196
2215,0.5949144959449768
2216,0.6475983262062073
2217,0.43421444296836853
2218,0.638471245765686
2219,0.7047858238220215
2220,0.37335777282714844
2221,0.6030565500259399
2222,0.2059628814458847
2223,0.5658837556838989
2224,0.43923017382621765
2225,0.20508791506290436
2226,0.31718116998672485
2227,0.22452011704444885
2228,0.475315660238266
2229,0.5760957598686218
2230,0.40169355273246765
2231,0.7777235507965088
2232,0.38419869542121887
2233,0.5127436518669128
2234,0.44333839416503906
2235,0.4991736114025116
2236,0.3080892562866211
2237,0.5589414834976196
2238,0.43562284111976624
2239,0.44354432821273804
2240,0.4208329916000366
2241,0.3984997272491455
2242,0.34268802404403687
2243,0.5307473540306091
2244,0.6278219819068909
2245,0.7738099694252014
2246,0.47780367732048035
2247,0.45953282713890076
2248,0.43804705142974854
2249,0.6953622102737427
2250,0.7808679342269897
2251,0.3585977256298065
2252,0.287365198135376
2253,0.29431211948394775
2254,0.4912364184856415
2255,0.5369927883148193
2256,0.7780882716178894
2257,0.6945037841796875
2258,0.4721169173717499
2259,0.40877366065979004
2260,0.46398934721946716
2261,0.5424256324768066
2262,0.3611052334308624
2263,0.5278318524360657
2264,0.5095987915992737
2265,0.6007139682769775
2266,0.6723045706748962
2267,0.47615519165992737
2268,0.4652419686317444
2269,0.5276582837104797
2270,0.5369137525558472
2271,0.2603163421154022
2272,0.7764657735824585
2273,0.7341005802154541
2274,0.3882349133491516
2275,0.4913197457790375
2276,0.5803843140602112
2277,0.569064736366272
2278,0.5844264030456543
2279,0.6281332969665527
2280,0.7293162941932678
2281,0.4305640459060669
2282,0.7539874315261841
2283,0.3431081473827362
2284,0.5560823678970337
2285,0.7773888111114502
2286,0.3277389407157898
2287,0.4890908896923065
2288,0.47803860902786255
2289,0.5824854373931885
2290,0.4266391694545746
2291,0.3998761773109436
2292,0.7598376870155334
2293,0.5500082969665527
2294,0.3553010821342468
2295,0.2963846027851105
2296,0.2913375198841095
2297,0.6687211990356445
2298,0.7651069760322571
2299,0.33061346411705017
2300,0.7343317270278931
2301,0.5202689170837402
2302,0.27666908502578735
2303,0.4412323534488678
2304,0.7349772453308105
2305,0.7625358700752258
2306,0.4909447133541107
2307,0.3352119028568268
2308,0.5352903008460999
2309,0.7745828032493591
2310,0.6502892971038818
2311,0.7906644940376282
2312,0.534307599067688
2313,0.41286590695381165
2314,0.32896488904953003
2315,0.21620887517929077
2316,0.5028128623962402
2317,0.45728394389152527
2318,0.40148723125457764
2319,0.587496280670166
2320,0.4044632613658905
2321,0.553551971912384
2322,0.4628105163574219
2323,0.7370323538780212
2324,0.4112316071987152
2325,0.7100409865379333
2326,0.22975696623325348
2327,0.4419347643852234
2328,0.5693532824516296
2329,0.47766542434692383
2330,0.5916228294372559
2331,0.6137142777442932
2332,0.541743278503418
2333,0.5534265041351318
2334,0.44135046005249023
2335,0.6061620712280273
2336,0.5048393607139587
2337,0.5127787590026855
2338,0.76270991563797
2339,0.4054371118545532
2340,0.6941835284233093
2341,0.6875428557395935
2342,0.5744767189025879
2343,0.5760774612426758
2344,0.3485111892223358
2345,0.6734219789505005
2346,0.30183297395706177
2347,0.4796093702316284
2348,0.47199276089668274
2349,0.7759020924568176
2350,0.40460795164108276
2351,0.2617218494415283
2352,0.4485991597175598
2353,0.4196504056453705
2354,0.47032514214515686
2355,0.3813033998012543
2356,0.4100209176540375
2357,0.4657931625843048
2358,0.4943595230579376
2359,0.6051815748214722
2360,0.37625667452812195
2361,0.5012316703796387
2362,0.570329487323761
2363,0.6492221355438232
2364,0.3810175657272339
2365,0.3122400641441345
2366,0.3938598930835724
2367,0.5316624641418457
2368,0.49639973044395447
2369,0.3449579179286957
2370,0.49904659390449524
2371,0.4645995497703552
2372,0.412274569272995
2373,0.32787513732910156
2374,0.45970478653907776
2375,0.5115362405776978
2376,0.48279905319213867
2377,0.420030802488327
2378,0.2970620095729828
2379,0.6947253942489624
2380,0.45898643136024475
2381,0.4915773868560791
2382,0.6884375214576721
2383,0.7809796333312988
2384,0.44478297233581543
2385,0.5387903451919556
2386,0.40397149324417114
2387,0.2764807343482971
2388,0.24777084589004517
2389,0.48876091837882996
2390,0.3694852888584137
2391,0.6776047945022583
2392,0.43278878927230835
2393,0.4630061388015747
2394,0.580440104007721
2395,0.36032673716545105
2396,0.5234552621841431
2397,0.49052831530570984
2398,0.5397704243659973
2399,0.3022771179676056
2400,0.5460596084594727
2401,0.7693623304367065
2402,0.624381422996521
2403,0.4046977460384369
2404,0.7764900922775269
2405,0.3164963722229004
2406,0.37704652547836304
2407,0.48545387387275696
2408,0.45024508237838745
2409,0.3232964873313904
2410,0.6194328665733337
2411,0.4577963650226593
2412,0.40565481781959534
2413,0.47873225808143616
2414,0.5956185460090637
2415,0.3838161528110504
2416,0.3827703595161438
2417,0.6294008493423462
2418,0.5004313588142395
2419,0.2860924303531647
2420,0.42318812012672424
2421,0.5447822213172913
2422,0.5357186198234558
2423,0.5121554136276245
2424,0.2492668479681015
2425,0.32922449707984924
2426,0.526942789554596
2427,0.4117301106452942
2428,0.5777970552444458
2429,0.3583807051181793
2430,0.4716546833515167
2431,0.6886992454528809
2432,0.6024445295333862
2433,0.6675651669502258
2434,0.3543210029602051
2435,0.7664907574653625
2436,0.3735666573047638
2437,0.3915606737136841
2438,0.31181520223617554
2439,0.6133151054382324
2440,0.5671589970588684
2441,0.2948541045188904
2442,0.22601263225078583
2443,0.756574273109436
2444,0.5917593240737915
2445,0.32478585839271545
2446,0.7769669890403748
2447,0.4557141363620758
2448,0.3487869203090668
2449,0.3331588804721832
2450,0.7711325287818909
2451,0.35698795318603516
2452,0.7087594866752625
2453,0.7814366221427917
2454,0.4700862169265747
2455,0.5811120271682739
2456,0.44651341438293457
2457,0.38919028639793396
2458,0.36947840452194214
2459,0.764032781124115
2460,0.4248609244823456
2461,0.33562490344047546
2462,0.4988153576850891
2463,0.30682921409606934
2464,0.6896724700927734
2465,0.4651024639606476
2466,0.24536322057247162
2467,0.47069698572158813
2468,0.35997939109802246
2469,0.5753470659255981
2470,0.6368327736854553
2471,0.34468260407447815
2472,0.24717091023921967
2473,0.4245013892650604
2474,0.2853280305862427
2475,0.5636324882507324
2476,0.6197385191917419
2477,0.29666054248809814
2478,0.48378390073776245
2479,0.5562475919723511
2480,0.30407190322875977
2481,0.3001333773136139
2482,0.35643842816352844
2483,0.27895841002464294
2484,0.6027225852012634
2485,0.37429139018058777
2486,0.5702070593833923
2487,0.6371687650680542
2488,0.7487187385559082
2489,0.7575082778930664
2490,0.5224342346191406
2491,0.4443601369857788
2492,0.6353660225868225
2493,0.26153767108917236
2494,0.6678761839866638
2495,0.4276854991912842
2496,0.45763099193573
2497,0.3863412141799927
2498,0.5053386688232422
2499,0.44900941848754883
2500,0.5959001183509827
2501,0.5951879620552063
2502,0.37675029039382935
2503,0.7697940468788147
2504,0.7240094542503357
2505,0.3383675217628479
2506,0.48781105875968933
2507,0.3034857213497162
2508,0.6026737689971924
2509,0.603965699672699
2510,0.48620349168777466
2511,0.6072272062301636
2512,0.6927397847175598
2513,0.6737104654312134
2514,0.20394901931285858
2515,0.5314292907714844
2516,0.5432468056678772
2517,0.5378373265266418
2518,0.2554608881473541
2519,0.5405011773109436
2520,0.5723409652709961
2521,0.7249844074249268
2522,0.6908122897148132
2523,0.6245058178901672
2524,0.49038073420524597
2525,0.4764775335788727
2526,0.4673721492290497
2527,0.6690179705619812
2528,0.5389147400856018
2529,0.4849573075771332
2530,0.45035943388938904
2531,0.3690314292907715
2532,0.5186704397201538
2533,0.6091781854629517
2534,0.7750332355499268
2535,0.3958747386932373
2536,0.34548884630203247
2537,0.4892250895500183
2538,0.7706032395362854
2539,0.5422590970993042
2540,0.3944770097732544
2541,0.6972816586494446
2542,0.3544566035270691
2543,0.7613314390182495
2544,0.39361244440078735
2545,0.45870932936668396
2546,0.48996981978416443
2547,0.46754327416419983
2548,0.4477359652519226
2549,0.5412852168083191
2550,0.4632210433483124
2551,0.731593906879425
2552,0.44058844447135925
2553,0.39632439613342285
2554,0.28957000374794006
2555,0.3444565236568451
2556,0.24401360750198364
2557,0.42293664813041687
2558,0.5445694923400879
2559,0.5266198515892029
2560,0.3173820376396179
2561,0.7575078010559082
2562,0.4080972671508789
2563,0.6434625387191772
2564,0.5040981769561768
2565,0.5449798107147217
2566,0.3561134934425354
2567,0.6323590874671936
2568,0.6819612383842468
2569,0.48047080636024475
2570,0.29314273595809937
2571,0.5565356612205505
2572,0.7100239396095276
2573,0.39139458537101746
2574,0.4667114019393921
2575,0.4381788969039917
2576,0.5208097100257874
2577,0.3881526589393616
2578,0.22754551470279694
2579,0.6043010950088501
2580,0.2976054251194
2581,0.4067775309085846
2582,0.6622100472450256
2583,0.5606472492218018
2584,0.34433573484420776
2585,0.521655797958374
2586,0.26856037974357605
2587,0.46486684679985046
2588,0.42373403906822205
2589,0.3872523307800293
2590,0.2536468505859375
2591,0.32828783988952637
2592,0.4583815336227417
2593,0.4550572335720062
2594,0.2279306948184967
2595,0.4922698438167572
2596,0.5206203460693359
2597,0.46247759461402893
2598,0.42282670736312866
2599,0.5001316666603088
2600,0.6626684069633484
2601,0.5404717326164246
2602,0.28823766112327576
2603,0.5814878344535828
2604,0.7718412280082703
2605,0.5829852819442749
2606,0.43266919255256653
2607,0.33031517267227173
2608,0.45462942123413086
2609,0.2317720204591751
2610,0.4584837257862091
2611,0.7499254941940308
2612,0.4321792721748352
2613,0.2534225583076477
2614,0.4800662398338318
2615,0.39360153675079346
2616,0.6362141966819763
2617,0.5843667387962341
2618,0.348544180393219
2619,0.775762140750885
2620,0.6525443196296692
2621,0.7668613195419312
2622,0.5038221478462219
2623,0.2600260376930237
2624,0.2782445251941681
2625,0.29814860224723816
2626,0.4867372214794159
2627,0.29904910922050476
2628,0.6861467957496643
2629,0.2538668215274811
2630,0.44130587577819824
2631,0.45771798491477966
2632,0.39881235361099243
2633,0.7792478799819946
2634,0.5469720959663391
2635,0.7715495824813843
2636,0.716149091720581
2637,0.7722741961479187
2638,0.4755384027957916
2639,0.5228373408317566
2640,0.5208629369735718
2641,0.4508120119571686
2642,0.5700963735580444
2643,0.28312915563583374
2644,0.4311634600162506
2645,0.44322362542152405
2646,0.2465233951807022
2647,0.6605697274208069
2648,0.7671882510185242
2649,0.43993687629699707
2650,0.4929255545139313
2651,0.4016175866127014
2652,0.5295349359512329
2653,0.22474871575832367
2654,0.5188193321228027
2655,0.4575015902519226
2656,0.7626399397850037
2657,0.6810639500617981
2658,0.4744497537612915
2659,0.7326963543891907
2660,0.21794471144676208
2661,0.6888109445571899
2662,0.2986862361431122
2663,0.41493189334869385
2664,0.5210527181625366
2665,0.4674283266067505
2666,0.3344913721084595
2667,0.5427259206771851
2668,0.5665687918663025
2669,0.2020873725414276
2670,0.3412887454032898
2671,0.4446002244949341
2672,0.4844212234020233
2673,0.7431656718254089
2674,0.27055034041404724
2675,0.5982372164726257
2676,0.49130740761756897
2677,0.36365455389022827
2678,0.33891287446022034
2679,0.39731261134147644
2680,0.28771018981933594
2681,0.27989551424980164
2682,0.748652458190918
2683,0.6628478765487671
2684,0.4392623007297516
2685,0.45582395792007446
2686,0.33716103434562683
2687,0.6539537310600281
2688,0.22166559100151062
2689,0.7534897923469543
2690,0.4582008719444275
2691,0.24531897902488708
2692,0.47578319907188416
2693,0.6010493040084839
2694,0.7511674761772156
2695,0.5228351950645447
2696,0.43815430998802185
2697,0.32632729411125183
2698,0.7799397110939026
2699,0.43554380536079407
2700,0.6242228150367737
2701,0.2482445389032364
2702,0.5430091023445129
2703,0.5001096129417419
2704,0.41503047943115234
2705,0.4100978374481201
2706,0.6898705959320068
2707,0.36672720313072205
2708,0.7741376757621765
2709,0.3447272479534149
2710,0.7619701623916626
2711,0.6691818833351135
2712,0.7184668779373169
2713,0.284494012594223
2714,0.512904703617096
2715,0.4887290596961975
2716,0.7767069339752197
2717,0.4106634557247162
2718,0.3379635512828827
2719,0.4933376610279083
2720,0.4408351182937622
2721,0.3081759214401245
2722,0.2863946855068207
2723,0.3088899254798889
2724,0.745429277420044
2725,0.519995391368866
2726,0.5670329928398132
2727,0.50053471326828
2728,0.2635255455970764
2729,0.4859097898006439
2730,0.5100067853927612
2731,0.78465735912323
2732,0.4294808506965637
2733,0.7714074850082397
2734,0.30308958888053894
2735,0.7757613062858582
2736,0.23400549590587616
2737,0.45562320947647095
2738,0.6786397099494934
2739,0.44249793887138367
2740,0.3251492977142334
2741,0.4885776937007904
2742,0.7272178530693054
2743,0.2886355221271515
2744,0.5964022278785706
2745,0.26937583088874817
2746,0.24584533274173737
2747,0.3292717933654785
2748,0.5583658218383789
2749,0.5694580078125
2750,0.6329013705253601
2751,0.4725838899612427
2752,0.325264573097229
2753,0.6679139137268066
2754,0.4261453449726105
2755,0.5300396680831909
2756,0.2050294578075409
2757,0.5862131714820862
2758,0.35459139943122864
2759,0.307688444852829
2760,0.45578640699386597
2761,0.5571929216384888
2762,0.3747909665107727
2763,0.2501501739025116
2764,0.5970308184623718
2765,0.3903888761997223
2766,0.4977574050426483
2767,0.26608747243881226
2768,0.21922990679740906
2769,0.3231229782104492
2770,0.4985399842262268
2771,0.36750730872154236
2772,0.21521790325641632
2773,0.6119574904441833
2774,0.22547997534275055
2775,0.501092791557312
2776,0.5414451360702515
2777,0.6525959968566895
2778,0.5084739327430725
2779,0.5997012257575989
2780,0.3844737112522125
2781,0.6388790011405945
2782,0.677666425704956
2783,0.4147922992706299
2784,0.2316989153623581
2785,0.7152205109596252
2786,0.6048585772514343
2787,0.4236448109149933
2788,0.7146410346031189
2789,0.5561743974685669
2790,0.46953126788139343
2791,0.6281340718269348
2792,0.41491103172302246
2793,0.7595165371894836
2794,0.7760363817214966
2795,0.4520118534564972
2796,0.760643482208252
2797,0.5138908624649048
2798,0.3234192430973053
2799,0.5924524664878845
2800,0.7663225531578064
2801,0.5335837006568909
2802,0.7343003153800964
2803,0.653060793876648
2804,0.5127364993095398
2805,0.5189546942710876
2806,0.2850983440876007
2807,0.425912082195282
2808,0.7058004140853882
2809,0.5486592650413513
2810,0.7211247086524963
2811,0.43796923756599426
2812,0.6434934139251709
2813,0.31927070021629333
2814,0.5214058756828308
2815,0.4653877913951874
2816,0.23871611058712006
2817,0.3348301649093628
2818,0.45178642868995667
2819,0.25176817178726196
2820,0.5761770606040955
2821,0.7733599543571472
2822,0.4198630154132843
2823,0.5521596074104309
2824,0.715377688407898
2825,0.3701656758785248
2826,0.4370749592781067
2827,0.42397549748420715
2828,0.4041610062122345
2829,0.521000325679779
2830,0.607215404510498
2831,0.5371308922767639
2832,0.26798781752586365
2833,0.6800640225410461
2834,0.253620982170105
2835,0.5138506293296814
2836,0.6452682018280029
2837,0.39729270339012146
2838,0.20264030992984772
2839,0.417795866727829
2840,0.5485920906066895
2841,0.4628714323043823
2842,0.43129754066467285
2843,0.2881253957748413
2844,0.4110143184661865
2845,0.7813460230827332
2846,0.7704731822013855
2847,0.4461428225040436
2848,0.45469167828559875
2849,0.4934455156326294
2850,0.2602452039718628
2851,0.7070103883743286
2852,0.33436691761016846
2853,0.4593486785888672
2854,0.5757126212120056
2855,0.2507619261741638
2856,0.7597635388374329
2857,0.5148402452468872
2858,0.7856765985488892
2859,0.6261409521102905
2860,0.44232699275016785
2861,0.2518167197704315
2862,0.7651059031486511
2863,0.7849506139755249
2864,0.4154282808303833
2865,0.6635443568229675
2866,0.6033012270927429
2867,0.23474402725696564
2868,0.5237767100334167
2869,0.282988578081131
2870,0.29586297273635864
2871,0.534459114074707
2872,0.28620588779449463
2873,0.6719380021095276
2874,0.4493677318096161
2875,0.6501308083534241
2876,0.5863370299339294
2877,0.4703373908996582
2878,0.5737016797065735
2879,0.5999408960342407
2880,0.6078692674636841
2881,0.649855375289917
2882,0.4684291183948517
2883,0.3324483036994934
2884,0.7649560570716858
2885,0.21467800438404083
2886,0.5753613114356995
2887,0.7507290244102478
2888,0.2508164346218109
2889,0.35325169563293457
2890,0.7497124671936035
2891,0.7017918825149536
2892,0.7711502909660339
2893,0.3838467299938202
2894,0.5171991586685181
2895,0.5303289294242859
2896,0.28337255120277405
2897,0.21909655630588531
2898,0.4534945487976074
2899,0.20828212797641754
2900,0.3452838063240051
2901,0.7657445669174194
2902,0.3799905478954315
2903,0.21677064895629883
2904,0.48413926362991333
2905,0.7138552069664001
2906,0.5337634086608887
2907,0.2625775635242462
2908,0.4843050539493561
2909,0.5369609594345093
2910,0.22025035321712494
2911,0.2722947597503662
2912,0.7892786860466003
2913,0.4844273626804352
2914,0.6638157367706299
2915,0.3588583767414093
2916,0.4634132385253906
2917,0.2053125649690628
2918,0.218714639544487
2919,0.6326125860214233
2920,0.5771046876907349
2921,0.4027235209941864
2922,0.5420247316360474
2923,0.40229934453964233
2924,0.6721245050430298
2925,0.37143972516059875
2926,0.49749836325645447
2927,0.32432126998901367
2928,0.6476988792419434
2929,0.4568548798561096
2930,0.5029640793800354
2931,0.6835131645202637
2932,0.45162373781204224
2933,0.7857261300086975
2934,0.5330341458320618
2935,0.6568576693534851
2936,0.2909314036369324
2937,0.4704359173774719
2938,0.44852200150489807
2939,0.3393625319004059
2940,0.3504655659198761
2941,0.4664880931377411
2942,0.4834219813346863
2943,0.2534593939781189
2944,0.7370076775550842
2945,0.6190049648284912
2946,0.6869267821311951
2947,0.44433918595314026
2948,0.48773398995399475
2949,0.5214644074440002
2950,0.4130786061286926
2951,0.7448103427886963
2952,0.45655491948127747
2953,0.2529894709587097
2954,0.41632717847824097
2955,0.4469405710697174
2956,0.28957411646842957
2957,0.7598741054534912
2958,0.44176360964775085
2959,0.4890803396701813
2960,0.25510117411613464
2961,0.45254600048065186
2962,0.7832555770874023
2963,0.6279017925262451
2964,0.29581907391548157
2965,0.4119652509689331
2966,0.4406393766403198
2967,0.5354382395744324
2968,0.40590327978134155
2969,0.4462689161300659
2970,0.4701825678348541
2971,0.44677838683128357
2972,0.4469740688800812
2973,0.7022898197174072
2974,0.49272432923316956
2975,0.5165484547615051
2976,0.5630854368209839
2977,0.6968374252319336
2978,0.5527254343032837
2979,0.4434123933315277
2980,0.45211061835289
2981,0.26595762372016907
2982,0.7528164386749268
2983,0.6036799550056458
2984,0.4081224203109741
2985,0.5366027355194092
2986,0.4602457880973816
2987,0.22894951701164246
2988,0.5453571081161499
2989,0.3660491704940796
2990,0.6218283772468567
2991,0.40741831064224243
2992,0.4974270164966583
2993,0.46334102749824524
2994,0.25226131081581116
2995,0.6690890789031982
2996,0.3966507315635681
2997,0.2669803202152252
2998,0.5941375494003296
2999,0.5594307780265808
3000,0.6083078980445862
3001,0.7691957950592041
3002,0.7315744161605835
3003,0.26872995495796204
3004,0.39084699749946594
3005,0.6268059015274048
3006,0.3582063317298889
3007,0.29657989740371704
3008,0.6683454513549805
3009,0.45909255743026733
3010,0.36390066146850586
3011,0.3932385742664337
3012,0.5709120035171509
3013,0.7102802991867065
3014,0.7746070027351379
3015,0.4313031733036041
3016,0.6881775259971619
3017,0.3508358895778656
3018,0.7518895864486694
3019,0.7434567809104919
3020,0.4312516748905182
3021,0.275971919298172
3022,0.591629683971405
3023,0.7316350340843201
3024,0.7526302933692932
3025,0.35473203659057617
3026,0.31155359745025635
3027,0.431734561920166
3028,0.4956871569156647
3029,0.39682045578956604
3030,0.471399188041687
3031,0.36620357632637024
3032,0.7577030062675476
3033,0.4481950104236603
3034,0.4456312656402588
3035,0.3461831510066986
3036,0.5236579179763794
3037,0.41120731830596924
3038,0.3009873926639557
3039,0.4206041693687439
3040,0.4338294267654419
3041,0.7764365077018738
3042,0.25475195050239563
3043,0.7655709385871887
3044,0.6075851917266846
3045,0.5433691740036011
3046,0.7565836310386658
3047,0.2912158668041229
3048,0.4866340458393097
3049,0.5639594197273254
3050,0.5121743083000183
3051,0.22941359877586365
3052,0.28028786182403564
3053,0.4133361279964447
3054,0.4572758972644806
3055,0.4175060987472534
3056,0.35092827677726746
3057,0.4770500361919403
3058,0.4690858721733093
3059,0.490468293428421
3060,0.4350731074810028
3061,0.3572130501270294
3062,0.6071651577949524
3063,0.7402507066726685
3064,0.6793797612190247
3065,0.6649653911590576
3066,0.5329066514968872
3067,0.47893792390823364
3068,0.49313125014305115
3069,0.6066879034042358
3070,0.3851045072078705
3071,0.3257986903190613
3072,0.743854284286499
3073,0.7791489362716675
3074,0.3985133767127991
3075,0.24938690662384033
3076,0.3348967730998993
3077,0.24305808544158936
3078,0.550632655620575
3079,0.6704652309417725
3080,0.6186450123786926
3081,0.7796245813369751
3082,0.6023512482643127
3083,0.413588285446167
3084,0.7655125260353088
3085,0.45274877548217773
3086,0.3935791850090027
3087,0.443878173828125
3088,0.4134000539779663
3089,0.5559222102165222
3090,0.7700375914573669
3091,0.5468776822090149
3092,0.43494510650634766
3093,0.6630551815032959
3094,0.5730345249176025
3095,0.3753971755504608
3096,0.33099162578582764
3097,0.373352974653244
3098,0.5012789368629456
3099,0.6302357912063599
3100,0.47244322299957275
3101,0.5982229709625244
3102,0.7684667110443115
3103,0.2464783638715744
3104,0.517957866191864
3105,0.40197351574897766
3106,0.3888157904148102
3107,0.1961667835712433
3108,0.6301169991493225
3109,0.48874351382255554
3110,0.7595766186714172
3111,0.7874308228492737
3112,0.5709655284881592
3113,0.6086414456367493
3114,0.5815944671630859
3115,0.32191866636276245
3116,0.25788721442222595
3117,0.6400059461593628
3118,0.7761518359184265
3119,0.2546250820159912
3120,0.500421941280365
3121,0.596384584903717
3122,0.3927709758281708
3123,0.775678277015686
3124,0.4513082802295685
3125,0.23867976665496826
3126,0.44667544960975647
3127,0.4184210002422333
3128,0.6416487097740173
3129,0.4208076298236847
3130,0.5877653956413269
3131,0.5848627090454102
3132,0.4214507043361664
3133,0.7639079093933105
3134,0.4387303590774536
3135,0.7155628204345703
3136,0.46155744791030884
3137,0.7523178458213806
3138,0.7163729667663574
3139,0.7670195698738098
3140,0.4961482584476471
3141,0.30623552203178406
3142,0.5389087200164795
3143,0.6412715315818787
3144,0.6611075401306152
3145,0.3282845616340637
3146,0.233169823884964
3147,0.3811657726764679
3148,0.4832283854484558
3149,0.5346429944038391
3150,0.48644500970840454
3151,0.4229803681373596
3152,0.6494008302688599
3153,0.595295786857605
3154,0.4630940556526184
3155,0.2525269687175751
3156,0.7581416964530945
3157,0.47367510199546814
3158,0.24424538016319275
3159,0.7713559865951538
3160,0.4814192056655884
3161,0.4528871774673462
3162,0.30663055181503296
3163,0.3008086383342743
3164,0.6010711789131165
3165,0.5117555856704712
3166,0.4723151624202728
3167,0.4582023024559021
3168,0.5126662254333496
3169,0.5666970014572144
3170,0.5445270538330078
3171,0.2139148712158203
3172,0.4878351390361786
3173,0.27093449234962463
3174,0.24129265546798706
3175,0.4666721522808075
3176,0.435651570558548
3177,0.43558380007743835
3178,0.5922818183898926
3179,0.42140433192253113
3180,0.4851953089237213
3181,0.5506702661514282
3182,0.23678147792816162
3183,0.44318920373916626
3184,0.3495132625102997
3185,0.6505979299545288
3186,0.5703882575035095
3187,0.41744759678840637
3188,0.3448491394519806
3189,0.7786368131637573
3190,0.6980100274085999
3191,0.26574498414993286
3192,0.4622064530849457
3193,0.6156175136566162
3194,0.2471032738685608
3195,0.4075101912021637
3196,0.6401862502098083
3197,0.5027557611465454
3198,0.476921409368515
3199,0.6563551425933838
3200,0.47424378991127014
3201,0.3528977930545807
3202,0.3122488856315613
3203,0.631754457950592
3204,0.48146942257881165
3205,0.6116904020309448
3206,0.5236986875534058
3207,0.4485982060432434
3208,0.7530522346496582
3209,0.3139543831348419
3210,0.439732164144516
3211,0.7386088371276855
3212,0.6441531181335449
3213,0.7070345878601074
3214,0.7671171426773071
3215,0.2542007565498352
3216,0.6771260499954224
3217,0.7083196640014648
3218,0.6971369981765747
3219,0.41135478019714355
3220,0.45906195044517517
3221,0.24195496737957
3222,0.6470094919204712
3223,0.6889943480491638
3224,0.3823902904987335
3225,0.46994027495384216
3226,0.25920429825782776
3227,0.7213715314865112
3228,0.5152060985565186
3229,0.5227142572402954
3230,0.4472772777080536
3231,0.702363908290863
3232,0.32269543409347534
3233,0.4691343307495117
3234,0.2669527232646942
3235,0.5892056822776794
3236,0.2178671807050705
3237,0.4661562442779541
3238,0.48484277725219727
3239,0.676731288433075
3240,0.5844139456748962
3241,0.26154977083206177
3242,0.39922499656677246
3243,0.2774430513381958
3244,0.4163649082183838
3245,0.6630832552909851
3246,0.3735574781894684
3247,0.5241988897323608
3248,0.5566636919975281
3249,0.4107086658477783
3250,0.7827741503715515
3251,0.4530288279056549
3252,0.41641244292259216
3253,0.396701455116272
3254,0.2451770156621933
3255,0.3460341691970825
3256,0.7940020561218262
3257,0.43690845370292664
3258,0.2640969753265381
3259,0.4253494441509247
3260,0.2359241247177124
3261,0.6976531147956848
3262,0.5922946333885193
3263,0.3215925097465515
3264,0.769553542137146
3265,0.33978408575057983
3266,0.7366256713867188
3267,0.41581466794013977
3268,0.21120943129062653
3269,0.7624438405036926
3270,0.4173108637332916
3271,0.3389897346496582
3272,0.7763711214065552
3273,0.5377629995346069
3274,0.2695554494857788
3275,0.35749977827072144
3276,0.4083631932735443
3277,0.4865947961807251
3278,0.2677077054977417
3279,0.6771894693374634
3280,0.498943567276001
3281,0.7691545486450195
3282,0.24590758979320526
3283,0.6048233509063721
3284,0.6065002083778381
3285,0.7688918113708496
3286,0.36797773838043213
3287,0.77532958984375
3288,0.6908429265022278
3289,0.2541375458240509
3290,0.4454267919063568
3291,0.2965033948421478
3292,0.5080469250679016
3293,0.7040987014770508
3294,0.5489467978477478
3295,0.3657360076904297
3296,0.5606113076210022
3297,0.44641438126564026
3298,0.7804972529411316
3299,0.5422835350036621
3300,0.6302881240844727
3301,0.38391217589378357
3302,0.5416753888130188
3303,0.7670362591743469
3304,0.7600732445716858
3305,0.3743450939655304
3306,0.7699994444847107
3307,0.4323751926422119
3308,0.41591623425483704
3309,0.29103827476501465
3310,0.6124589443206787
3311,0.27225881814956665
3312,0.7037196159362793
3313,0.5633160471916199
3314,0.5432465076446533
3315,0.4450218975543976
3316,0.6421867609024048
3317,0.6088926196098328
3318,0.4558922350406647
3319,0.7333831787109375
3320,0.31194251775741577
3321,0.44010061025619507
3322,0.4583628177642822
3323,0.44645610451698303
3324,0.587644100189209
3325,0.5386298298835754
3326,0.6968769431114197
3327,0.40493741631507874
3328,0.28523561358451843
3329,0.46176356077194214
3330,0.4396892488002777
3331,0.4122505486011505
3332,0.45210421085357666
3333,0.40911924839019775
3334,0.42396003007888794
3335,0.5564325451850891
3336,0.31708019971847534
3337,0.2682638168334961
3338,0.4648054242134094
3339,0.530166506767273
3340,0.3127351999282837
3341,0.37663161754608154
3342,0.583957314491272
3343,0.36991366744041443
3344,0.4241107404232025
3345,0.6817456483840942
3346,0.6360777616500854
3347,0.3642352223396301
3348,0.437378466129303
3349,0.4924216568470001
3350,0.4324793517589569
3351,0.7020850777626038
3352,0.23877139389514923
3353,0.5195257067680359
3354,0.32152557373046875
3355,0.6936742067337036
3356,0.4662209451198578
3357,0.47493961453437805
3358,0.2793326675891876
3359,0.26199501752853394
3360,0.7825438976287842
3361,0.43668287992477417
3362,0.5030252933502197
3363,0.6979596018791199
3364,0.23404908180236816
3365,0.47900688648223877
3366,0.4577716290950775
3367,0.743421733379364
3368,0.5492058992385864
3369,0.777954638004303
3370,0.5109376311302185
3371,0.3330385386943817
3372,0.5322538614273071
3373,0.4222545921802521
3374,0.27114397287368774
3375,0.25200989842414856
3376,0.42709413170814514
3377,0.5140129327774048
3378,0.26712435483932495
3379,0.6590210199356079
3380,0.40524378418922424
3381,0.3393951952457428
3382,0.6934338212013245
3383,0.40529075264930725
3384,0.7814079523086548
3385,0.3945193588733673
3386,0.24112850427627563
3387,0.4516301453113556
3388,0.31868982315063477
3389,0.3152053654193878
3390,0.34143638610839844
3391,0.5313723087310791
3392,0.35588210821151733
3393,0.36459290981292725
3394,0.41384419798851013
3395,0.777235209941864
3396,0.6806896924972534
3397,0.4838901162147522
3398,0.5302315354347229
3399,0.4334384500980377
3400,0.364490807056427
3401,0.7354217171669006
3402,0.27557533979415894
3403,0.239822655916214
3404,0.2659437656402588
3405,0.5424866676330566
3406,0.7807855010032654
3407,0.6057019233703613
3408,0.4862965941429138
3409,0.23650416731834412
3410,0.6594083905220032
3411,0.6995570063591003
3412,0.23302701115608215
3413,0.4478874206542969
3414,0.7639598846435547
3415,0.6375330090522766
3416,0.4760220944881439
3417,0.250002920627594
3418,0.5337984561920166
3419,0.4315100312232971
3420,0.4458872079849243
3421,0.3648022711277008
3422,0.28380823135375977
3423,0.28672483563423157
3424,0.6260576248168945
3425,0.5777943730354309
3426,0.34182074666023254
3427,0.5241554379463196
3428,0.4699961543083191
3429,0.4025960862636566
3430,0.5664005875587463
3431,0.5249320268630981
3432,0.46924030780792236
3433,0.3148961067199707
3434,0.7123923897743225
3435,0.4536620080471039
3436,0.37702101469039917
3437,0.39097484946250916
3438,0.6993191242218018
3439,0.23128460347652435
3440,0.44217121601104736
3441,0.33640798926353455
3442,0.28788065910339355
3443,0.6364955902099609
3444,0.6326213479042053
3445,0.5032155513763428
3446,0.33332332968711853
3447,0.40162894129753113
3448,0.5565245747566223
3449,0.4766846299171448
3450,0.4226357042789459
3451,0.39214468002319336
3452,0.6422727704048157
3453,0.45872485637664795
3454,0.6623152494430542
3455,0.4900423586368561
3456,0.3737841248512268
3457,0.5485325455665588
3458,0.22613748908042908
3459,0.44225746393203735
3460,0.7240567803382874
3461,0.37390339374542236
3462,0.3452876806259155
3463,0.46881628036499023
3464,0.4186881184577942
3465,0.5800262689590454
3466,0.5603948831558228
3467,0.27823013067245483
3468,0.4777483642101288
3469,0.5924623608589172
3470,0.5151197910308838
3471,0.25685784220695496
3472,0.7714518308639526
3473,0.4717097580432892
3474,0.49136972427368164
3475,0.32990097999572754
3476,0.5035579800605774
3477,0.3142126798629761
3478,0.3384324610233307
3479,0.5927983522415161
3480,0.6548171043395996
3481,0.2781273424625397
3482,0.35025468468666077
3483,0.4987070858478546
3484,0.5459465384483337
3485,0.5345513224601746
3486,0.2867960035800934
3487,0.3908180594444275
3488,0.3592243790626526
3489,0.2280227094888687
3490,0.5501667857170105
3491,0.5031927824020386
3492,0.5700449347496033
3493,0.4764223098754883
3494,0.35158345103263855
3495,0.4488219618797302
3496,0.29966989159584045
3497,0.7763563990592957
3498,0.5605705380439758
3499,0.3078901171684265
3500,0.2186010777950287
3501,0.4267430305480957
3502,0.47171804308891296
3503,0.2116382122039795
3504,0.6262624859809875
3505,0.5662795901298523
3506,0.7320335507392883
3507,0.45103558897972107
3508,0.6770976185798645
3509,0.7036279439926147
3510,0.4885372817516327
3511,0.5501449704170227
3512,0.4833340048789978
3513,0.42396974563598633
3514,0.7916734218597412
3515,0.5762277245521545
3516,0.48539313673973083
3517,0.196942999958992
3518,0.45887047052383423
3519,0.4082346260547638
3520,0.5361154079437256
3521,0.4717669188976288
3522,0.5445389151573181
3523,0.6595756411552429
3524,0.48315009474754333
3525,0.6536356806755066
3526,0.42793354392051697
3527,0.410672664642334
3528,0.47299277782440186
3529,0.42170119285583496
3530,0.630010724067688
3531,0.5811299085617065
3532,0.35781580209732056
3533,0.2557181715965271
3534,0.3477736711502075
3535,0.28438231348991394
3536,0.4934910833835602
3537,0.36715957522392273
3538,0.2575841546058655
3539,0.5777229070663452
3540,0.7742764353752136
3541,0.6668981909751892
3542,0.4965396225452423
3543,0.2890847325325012
3544,0.649745762348175
3545,0.3799944221973419
3546,0.642967700958252
3547,0.49046656489372253
3548,0.7109730839729309
3549,0.39637500047683716
3550,0.5789831876754761
3551,0.5514652132987976
3552,0.438477098941803
3553,0.2652980387210846
3554,0.6202951073646545
3555,0.7037268877029419
3556,0.4587307274341583
3557,0.46132466197013855
3558,0.5247947573661804
3559,0.5906020998954773
3560,0.4919168949127197
3561,0.5011930465698242
3562,0.5825715065002441
3563,0.47767728567123413
3564,0.4073435664176941
3565,0.3331514596939087
3566,0.33437785506248474
3567,0.6323073506355286
3568,0.6788403391838074
3569,0.5158790946006775
3570,0.41015514731407166
3571,0.46491730213165283
3572,0.6159942746162415
3573,0.7415269613265991
3574,0.3780510425567627
3575,0.2303818166255951
3576,0.6278295516967773
3577,0.5214487910270691
3578,0.390749454498291
3579,0.2196442186832428
3580,0.47323983907699585
3581,0.4098140001296997
3582,0.5896182656288147
3583,0.347183495759964
3584,0.2892593443393707
3585,0.5232332348823547
3586,0.5494665503501892
3587,0.2765689790248871
3588,0.3993453085422516
3589,0.7304456830024719
3590,0.4564796984195709
3591,0.20124351978302002
3592,0.6177676916122437
3593,0.3332492709159851
3594,0.47105327248573303
3595,0.5141832828521729
3596,0.7135000228881836
3597,0.4923418462276459
3598,0.679747998714447
3599,0.30401381850242615
3600,0.4599354565143585
3601,0.4636961817741394
3602,0.6539817452430725
3603,0.49285992980003357
3604,0.38758519291877747
3605,0.6209632158279419
3606,0.4493383467197418
3607,0.5764711499214172
3608,0.423289954662323
3609,0.6132559776306152
3610,0.31869661808013916
3611,0.46461594104766846
3612,0.5584313273429871
3613,0.38468649983406067
3614,0.6007538437843323
3615,0.4785522222518921
3616,0.7788532972335815
3617,0.6318770051002502
3618,0.45802268385887146
3619,0.5849159359931946
3620,0.7818959951400757
3621,0.5372295379638672
3622,0.5343618988990784
3623,0.30151864886283875
3624,0.5481835007667542
3625,0.43487459421157837
3626,0.4294161796569824
3627,0.32799723744392395
3628,0.29719552397727966
3629,0.3050992488861084
3630,0.3759132921695709
3631,0.5835132598876953
3632,0.7196500897407532
3633,0.2703188955783844
3634,0.5665578842163086
3635,0.4657948911190033
3636,0.5078462958335876
3637,0.6138280034065247
3638,0.22572830319404602
3639,0.5291094183921814
3640,0.7042091488838196
3641,0.6342560648918152
3642,0.3490757942199707
3643,0.3343692421913147
3644,0.7795877456665039
3645,0.4732552766799927
3646,0.6282134652137756
3647,0.5290603041648865
3648,0.4646071195602417
3649,0.23736944794654846
3650,0.3869374394416809
3651,0.48769697546958923
3652,0.5115087032318115
3653,0.7431545257568359
3654,0.21529805660247803
3655,0.3326108753681183
3656,0.6052291393280029
3657,0.501988410949707
3658,0.7797335386276245
3659,0.5859537124633789
3660,0.35388481616973877
3661,0.6613099575042725
3662,0.5530154705047607
3663,0.6671897768974304
3664,0.7527973055839539
3665,0.4549764096736908
3666,0.5189142823219299
3667,0.37866759300231934
3668,0.6618460416793823
3669,0.4691515564918518
3670,0.4887832701206207
3671,0.7163246273994446
3672,0.5940234065055847
3673,0.24859915673732758
3674,0.3810041844844818
3675,0.634108304977417
3676,0.7563279867172241
3677,0.5484177470207214
3678,0.42256325483322144
3679,0.2669396996498108
3680,0.6117702722549438
3681,0.568032443523407
3682,0.2553178369998932
3683,0.44369378685951233
3684,0.41570398211479187
3685,0.39458733797073364
3686,0.3279270827770233
3687,0.5278164148330688
3688,0.3509502708911896
3689,0.7120069861412048
3690,0.6379959583282471
3691,0.4688616693019867
3692,0.29946574568748474
3693,0.6118778586387634
3694,0.6428616642951965
3695,0.4374859035015106
3696,0.48508602380752563
3697,0.6571739315986633
3698,0.23682110011577606
3699,0.21515275537967682
3700,0.22679194808006287
3701,0.4007149934768677
3702,0.5531609058380127
3703,0.3323774039745331
3704,0.49434253573417664
3705,0.5496358275413513
3706,0.4737858772277832
3707,0.5338690280914307
3708,0.4946203827857971
3709,0.44503501057624817
3710,0.4973098039627075
3711,0.593604564666748
3712,0.6410782933235168
3713,0.3285106122493744
3714,0.4641251862049103
3715,0.26839178800582886
3716,0.6728021502494812
3717,0.46283063292503357
3718,0.4320515990257263
3719,0.44231975078582764
3720,0.6994132399559021
3721,0.5402358174324036
3722,0.40944725275039673
3723,0.6700701713562012
3724,0.5396468043327332
3725,0.24282504618167877
3726,0.7751024961471558
3727,0.4461929202079773
3728,0.30725449323654175
3729,0.740089476108551
3730,0.550504744052887
3731,0.3741111755371094
3732,0.4643613398075104
3733,0.6196315884590149
3734,0.43055808544158936
3735,0.3139098584651947
3736,0.4625256657600403
3737,0.4697446823120117
3738,0.5848204493522644
3739,0.42957696318626404
3740,0.6681743264198303
3741,0.7084457874298096
3742,0.5499483346939087
3743,0.5620746612548828
3744,0.49140146374702454
3745,0.430420845746994
3746,0.567254900932312
3747,0.5090822577476501
3748,0.4049113392829895
3749,0.4752082824707031
3750,0.4789736866950989
3751,0.27308017015457153
3752,0.7191103100776672
3753,0.541196346282959
3754,0.3610232174396515
3755,0.5812519788742065
3756,0.6795592308044434
3757,0.4639798402786255
3758,0.5404394865036011
3759,0.4026453495025635
3760,0.31781676411628723
3761,0.3953389823436737
3762,0.40538978576660156
3763,0.3981839716434479
3764,0.5565879940986633
3765,0.622158408164978
3766,0.49996739625930786
3767,0.7729213237762451
3768,0.34760016202926636
3769,0.25180208683013916
3770,0.3177851438522339
3771,0.47186729311943054
3772,0.6463128328323364
3773,0.3051528036594391
3774,0.5880352258682251
3775,0.45794788002967834
3776,0.6697753071784973
3777,0.2919476628303528
3778,0.43477997183799744
3779,0.7086940407752991
3780,0.5319601893424988
3781,0.515347421169281
3782,0.7129044532775879
3783,0.48422276973724365
3784,0.4815990924835205
3785,0.4776341915130615
3786,0.25516262650489807
3787,0.7822753190994263
3788,0.7508554458618164
3789,0.5865428447723389
3790,0.43412891030311584
3791,0.6675592660903931
3792,0.44528719782829285
3793,0.32045435905456543
3794,0.7530826926231384
3795,0.6288795471191406
3796,0.6437246799468994
3797,0.6583830118179321
3798,0.2370268851518631
3799,0.5447339415550232
3800,0.7509776949882507
3801,0.2936881482601166
3802,0.45856091380119324
3803,0.21038809418678284
3804,0.5564574599266052
3805,0.6439811587333679
3806,0.4577903151512146
3807,0.5983261466026306
3808,0.25219428539276123
3809,0.6292256116867065
3810,0.6479810476303101
3811,0.5756630301475525
3812,0.528846800327301
3813,0.6297547221183777
3814,0.45396482944488525
3815,0.4958637058734894
3816,0.4557499587535858
3817,0.41780370473861694
3818,0.5848633050918579
3819,0.4244343042373657
3820,0.23856598138809204
3821,0.46098077297210693
3822,0.35600557923316956
3823,0.4931137263774872
3824,0.3833504319190979
3825,0.5100219249725342
3826,0.4739236533641815
3827,0.30517303943634033
3828,0.46850892901420593
3829,0.5137139558792114
3830,0.5612181425094604
3831,0.25407713651657104
3832,0.36006325483322144
3833,0.5229888558387756
3834,0.45439615845680237
3835,0.746384859085083
3836,0.6464272141456604
3837,0.7740782499313354
3838,0.6125171780586243
3839,0.6840309500694275
3840,0.25491923093795776
3841,0.3475823402404785
3842,0.43909457325935364
3843,0.3499332070350647
3844,0.77691650390625
3845,0.22734332084655762
3846,0.7316197156906128
3847,0.46141791343688965
3848,0.47384533286094666
3849,0.5375491976737976
3850,0.4229206442832947
3851,0.5859587788581848
3852,0.2759384214878082
3853,0.76592618227005
3854,0.23121580481529236
3855,0.3998115062713623
3856,0.7671741843223572
3857,0.378716379404068
3858,0.3836457133293152
3859,0.45905801653862
3860,0.572860836982727
3861,0.3962157666683197
3862,0.22980614006519318
3863,0.3880748450756073
3864,0.6628134250640869
3865,0.6667302846908569
3866,0.2756262719631195
3867,0.352016806602478
3868,0.5222510695457458
3869,0.47460857033729553
3870,0.27569395303726196
3871,0.5282184481620789
3872,0.4817107617855072
3873,0.4240809977054596
3874,0.6969817876815796
3875,0.47838374972343445
3876,0.4430212378501892
3877,0.7598277926445007
3878,0.7648084163665771
3879,0.7436295747756958
3880,0.3772628903388977
3881,0.542525589466095
3882,0.7246713042259216
3883,0.37387099862098694
3884,0.24215830862522125
3885,0.6998230218887329
3886,0.5199218988418579
3887,0.5450654029846191
3888,0.7417423725128174
3889,0.4338977634906769
3890,0.7551185488700867
3891,0.6219385862350464
3892,0.2590600550174713
3893,0.4576539993286133
3894,0.7620763182640076
3895,0.39927947521209717
3896,0.3451045751571655
3897,0.23209600150585175
3898,0.5788347721099854
3899,0.6265671253204346
3900,0.7716228365898132
3901,0.5073925256729126
3902,0.26731550693511963
3903,0.43602025508880615
3904,0.35983389616012573
3905,0.5591198205947876
3906,0.5934526920318604
3907,0.4940601587295532
3908,0.6820931434631348
3909,0.5122804045677185
3910,0.7145372629165649
3911,0.29354342818260193
3912,0.5784779191017151
3913,0.2910540997982025
3914,0.549972653388977
3915,0.611545979976654
3916,0.5936369299888611
3917,0.7708119750022888
3918,0.33439338207244873
3919,0.5943613052368164
3920,0.7354094982147217
3921,0.4772581458091736
3922,0.3855346739292145
3923,0.32411718368530273
3924,0.37352868914604187
3925,0.7961645126342773
3926,0.7698190808296204
3927,0.4465847909450531
3928,0.7702639102935791
3929,0.4615207016468048
3930,0.5560057163238525
3931,0.25567376613616943
3932,0.2455461323261261
3933,0.48951414227485657
3934,0.4691123366355896
3935,0.27572202682495117
3936,0.24380777776241302
3937,0.237778440117836
3938,0.3258139193058014
3939,0.7598415017127991
3940,0.4674117863178253
3941,0.6549519896507263
3942,0.2510031461715698
3943,0.32343432307243347
3944,0.6319921612739563
3945,0.374957799911499
3946,0.4316258430480957
3947,0.29764145612716675
3948,0.4455719590187073
3949,0.3401011824607849
3950,0.3744274079799652
3951,0.5035380721092224
3952,0.7622386813163757
3953,0.42650648951530457
3954,0.2768813669681549
3955,0.5389857292175293
3956,0.2664860785007477
3957,0.40119469165802
3958,0.24568387866020203
3959,0.532120406627655
3960,0.6794092059135437
3961,0.7278773784637451
3962,0.19326728582382202
3963,0.7245378494262695
3964,0.551939070224762
3965,0.4301657974720001
3966,0.6448583602905273
3967,0.6796359419822693
3968,0.4522930085659027
3969,0.4606958031654358
3970,0.6067830920219421
3971,0.6561957597732544
3972,0.4847603738307953
3973,0.5241016149520874
3974,0.5506851077079773
3975,0.7650581002235413
3976,0.7787567973136902
3977,0.2538450062274933
3978,0.6137197613716125
3979,0.29341280460357666
3980,0.3324989378452301
3981,0.7039920687675476
3982,0.7751610279083252
3983,0.7600365877151489
3984,0.47340595722198486
3985,0.5362796187400818
3986,0.7800040245056152
3987,0.29920852184295654
3988,0.6305816173553467
3989,0.49302780628204346
3990,0.27608522772789
3991,0.7417495250701904
3992,0.4312838912010193
3993,0.6561930179595947
3994,0.7853410840034485
3995,0.5897535085678101
3996,0.48785585165023804
3997,0.40322747826576233
3998,0.29012981057167053
3999,0.301015168428421
4000,0.3925647735595703
4001,0.6165668964385986
4002,0.5599094033241272
4003,0.4979233145713806
4004,0.2917769253253937
4005,0.7313457131385803
4006,0.6286290884017944
4007,0.6059955954551697
4008,0.46336472034454346
4009,0.6436583995819092
4010,0.35200193524360657
4011,0.7885574698448181
4012,0.2836051881313324
4013,0.29475346207618713
4014,0.6003975868225098
4015,0.42193403840065
4016,0.5146335959434509
4017,0.4238583743572235
4018,0.6765425801277161
4019,0.5050761699676514
4020,0.7276312708854675
4021,0.4119383990764618
4022,0.252629816532135
4023,0.3870748281478882
4024,0.6945903301239014
4025,0.3337670564651489
4026,0.4149535894393921
4027,0.23686270415782928
4028,0.20067264139652252
4029,0.5117311477661133
4030,0.44387611746788025
4031,0.637569010257721
4032,0.7523718476295471
4033,0.44891273975372314
4034,0.3406634032726288
4035,0.5901252031326294
4036,0.5634000897407532
4037,0.44026121497154236
4038,0.4736049175262451
4039,0.584785521030426
4040,0.3206913471221924
4041,0.4987938404083252
4042,0.5260722041130066
4043,0.7710550427436829
4044,0.3719037175178528
4045,0.5933915972709656
4046,0.4673718810081482
4047,0.6328359842300415
4048,0.22822682559490204
4049,0.7685756087303162
4050,0.5084824562072754
4051,0.7841277718544006
4052,0.20430883765220642
4053,0.22674646973609924
4054,0.6728297472000122
4055,0.2233763337135315
4056,0.25637346506118774
4057,0.6622908115386963
4058,0.3243598937988281
4059,0.5397948026657104
4060,0.3169642388820648
4061,0.2576681673526764
4062,0.6201626658439636
4063,0.4901205599308014
4064,0.3798663020133972
4065,0.36771339178085327
4066,0.37300166487693787
4067,0.4507599472999573
4068,0.3483845591545105
4069,0.7639256715774536
4070,0.47170552611351013
4071,0.5078244805335999
4072,0.2961004674434662
4073,0.7537999749183655
4074,0.3508222699165344
4075,0.27075451612472534
4076,0.5220440626144409
4077,0.3533041477203369
4078,0.5937044024467468
4079,0.3031258285045624
4080,0.7800456881523132
4081,0.5471927523612976
4082,0.4616711735725403
4083,0.5691304206848145
4084,0.2586674392223358
4085,0.5411093831062317
4086,0.6195899248123169
4087,0.5414390563964844
4088,0.5657970309257507
4089,0.6425979137420654
4090,0.7608644962310791
4091,0.34396645426750183
4092,0.45464029908180237
4093,0.5173647403717041
4094,0.4917091727256775
4095,0.47252970933914185
4096,0.6414638161659241
4097,0.46162673830986023
4098,0.39489397406578064
4099,0.6406711935997009
4100,0.5860028266906738
4101,0.570732057094574
4102,0.5107247233390808
4103,0.463989794254303
4104,0.6120342016220093
4105,0.39586928486824036
4106,0.749527633190155
4107,0.44424891471862793
4108,0.3193016052246094
4109,0.4804399609565735
4110,0.24724645912647247
4111,0.25286591053009033
4112,0.5742278695106506
4113,0.6748061180114746
4114,0.5125394463539124
4115,0.44320493936538696
4116,0.3843446969985962
4117,0.7010966539382935
4118,0.6861157417297363
4119,0.42251160740852356
4120,0.47721347212791443
4121,0.44092628359794617
4122,0.711528480052948
4123,0.4166925549507141
4124,0.7062487006187439
4125,0.5015053153038025
4126,0.4524209201335907
4127,0.4332374930381775
4128,0.7606194615364075
4129,0.5062782168388367
4130,0.4289339482784271
4131,0.32401639223098755
4132,0.71616530418396
4133,0.6444665193557739
4134,0.5404461622238159
4135,0.2367074340581894
4136,0.7616223096847534
4137,0.40554335713386536
4138,0.5386117100715637
4139,0.6002899408340454
4140,0.6615619659423828
4141,0.35735148191452026
4142,0.6750996708869934
4143,0.42909708619117737
4144,0.4589194357395172
4145,0.4299061894416809
4146,0.42284515500068665
4147,0.2957230508327484
4148,0.634874701499939
4149,0.6678730249404907
4150,0.3902515769004822
4151,0.5426645874977112
4152,0.5276857018470764
4153,0.45790576934814453
4154,0.575929582118988
4155,0.45860689878463745
4156,0.3052750527858734
4157,0.4675787091255188
4158,0.2762351334095001
4159,0.688401460647583
4160,0.4008873701095581
4161,0.5455494523048401
4162,0.5068770051002502
4163,0.7749294638633728
4164,0.6372612714767456
4165,0.4047824442386627
4166,0.7786181569099426
4167,0.2605891823768616
4168,0.32060864567756653
4169,0.5690183043479919
4170,0.7829001545906067
4171,0.2715177834033966
4172,0.7140930891036987
4173,0.3646294176578522
4174,0.3917241394519806
4175,0.5899685025215149
4176,0.4833468198776245
4177,0.7210880517959595
4178,0.2673364281654358
4179,0.2718000113964081
4180,0.290141224861145
4181,0.38939446210861206
4182,0.6164013147354126
4183,0.46266812086105347
4184,0.38990724086761475
4185,0.661407470703125
4186,0.4611571729183197
4187,0.4203164875507355
4188,0.4320800006389618
4189,0.577763557434082
4190,0.33253997564315796
4191,0.6077083945274353
4192,0.3887541592121124
4193,0.6884171962738037
4194,0.6997726559638977
4195,0.3027768135070801
4196,0.23610715568065643
4197,0.4804055690765381
4198,0.48570048809051514
4199,0.4724172353744507
4200,0.531417727470398
4201,0.47992268204689026
4202,0.4045071303844452
4203,0.4324173033237457
4204,0.4100176990032196
4205,0.37749984860420227
4206,0.39336830377578735
4207,0.42698296904563904
4208,0.4542619287967682
4209,0.39230215549468994
4210,0.7632474899291992
4211,0.4896106421947479
4212,0.4451320767402649
4213,0.7801360487937927
4214,0.6601877808570862
4215,0.4106703996658325
4216,0.6448127031326294
4217,0.24400697648525238
4218,0.5170742273330688
4219,0.44319888949394226
4220,0.4181429445743561
4221,0.3228955864906311
4222,0.6045411229133606
4223,0.3301452696323395
4224,0.4221339225769043
4225,0.4622515141963959
4226,0.43536996841430664
4227,0.6849635243415833
4228,0.5862407088279724
4229,0.6877274513244629
4230,0.3217579126358032
4231,0.5603033304214478
4232,0.6334384083747864
4233,0.36727121472358704
4234,0.5114770531654358
4235,0.30308523774147034
4236,0.28104883432388306
4237,0.5344374179840088
4238,0.4676697254180908
4239,0.409171998500824
4240,0.4472135007381439
4241,0.4837479889392853
4242,0.5093779563903809
4243,0.36396554112434387
4244,0.37000414729118347
4245,0.5745148658752441
4246,0.5362757444381714
4247,0.43847543001174927
4248,0.4630802571773529
4249,0.4941532611846924
4250,0.255200058221817
4251,0.22556565701961517
4252,0.24666370451450348
4253,0.7849446535110474
4254,0.7511854767799377
4255,0.5585561990737915
4256,0.5511581897735596
4257,0.4950402081012726
4258,0.7545801997184753
4259,0.3364952802658081
4260,0.6022186279296875
4261,0.44454672932624817
4262,0.43311890959739685
4263,0.5879207253456116
4264,0.5568568110466003
4265,0.4975886940956116
4266,0.49096792936325073
4267,0.4042826294898987
4268,0.23586559295654297
4269,0.3667483627796173
4270,0.4855239689350128
4271,0.2983812391757965
4272,0.41273030638694763
4273,0.3849155902862549
4274,0.359859824180603
4275,0.5742183923721313
4276,0.45706793665885925
4277,0.5396232604980469
4278,0.6815140247344971
4279,0.29309630393981934
4280,0.2262566089630127
4281,0.4394109547138214
4282,0.44752246141433716
4283,0.7117393612861633
4284,0.5159870982170105
4285,0.4901125133037567
4286,0.5097366571426392
4287,0.5381650924682617
4288,0.45982128381729126
4289,0.6078730821609497
4290,0.5048475861549377
4291,0.491393119096756
4292,0.36458784341812134
4293,0.7577391862869263
4294,0.3112141191959381
4295,0.5890862345695496
4296,0.7903282642364502
4297,0.5965870022773743
4298,0.5875340104103088
4299,0.6661040782928467
4300,0.2652643918991089
4301,0.46496596932411194
4302,0.4702760577201843
4303,0.4948101043701172
4304,0.5871764421463013
4305,0.4481083154678345
4306,0.4682227075099945
4307,0.50778728723526
4308,0.4009670913219452
4309,0.5028455853462219
4310,0.2256534993648529
4311,0.665004312992096
4312,0.31374591588974
4313,0.31336498260498047
4314,0.4535248875617981
4315,0.6848020553588867
4316,0.45594149827957153
4317,0.4424409568309784
4318,0.7179589867591858
4319,0.6957929730415344
4320,0.5681251883506775
4321,0.4077419936656952
4322,0.6271593570709229
4323,0.5736569762229919
4324,0.44366997480392456
4325,0.4748792350292206
4326,0.5064131021499634
4327,0.5846500992774963
4328,0.4748443365097046
4329,0.24556633830070496
4330,0.7668492794036865
4331,0.6184687614440918
4332,0.6039121747016907
4333,0.5397964715957642
4334,0.7721197605133057
4335,0.6628701090812683
4336,0.4100984036922455
4337,0.5386486649513245
4338,0.4788203835487366
4339,0.4405297040939331
4340,0.39697393774986267
4341,0.4547833800315857
4342,0.36539459228515625
4343,0.4999169111251831
4344,0.37489619851112366
4345,0.7781106233596802
4346,0.5693730115890503
4347,0.5019794702529907
4348,0.5156739354133606
4349,0.43392735719680786
4350,0.2848268151283264
4351,0.7639460563659668
4352,0.4742432236671448
4353,0.6519880294799805
4354,0.44203588366508484
4355,0.4827355444431305
4356,0.26041996479034424
4357,0.6188016533851624
4358,0.4475677013397217
4359,0.23019269108772278
4360,0.5602201223373413
4361,0.3452785611152649
4362,0.4423232674598694
4363,0.691676139831543
4364,0.6959937214851379
4365,0.44554322957992554
4366,0.5300194025039673
4367,0.1895887404680252
4368,0.6706862449645996
4369,0.3971484899520874
4370,0.49004507064819336
4371,0.4469021260738373
4372,0.5064181685447693
4373,0.33250027894973755
4374,0.3132229745388031
4375,0.5090264678001404
4376,0.29692673683166504
4377,0.5988013744354248
4378,0.6008066534996033
4379,0.4220206141471863
4380,0.4884600341320038
4381,0.6059610247612
4382,0.3430902361869812
4383,0.646431565284729
4384,0.3946271538734436
4385,0.5528415441513062
4386,0.35140421986579895
4387,0.5513575077056885
4388,0.38994506001472473
4389,0.4251060485839844
4390,0.4666838049888611
4391,0.517871081829071
4392,0.6365501284599304
4393,0.2777382731437683
4394,0.7032445073127747
4395,0.6684571504592896
4396,0.5626278519630432
4397,0.43666428327560425
4398,0.5539590120315552
4399,0.6195289492607117
4400,0.7183377742767334
4401,0.45672768354415894
4402,0.4675636887550354
4403,0.5032047629356384
4404,0.3037514090538025
4405,0.39072051644325256
4406,0.5273093581199646
4407,0.572636604309082
4408,0.46585753560066223
4409,0.6031395196914673
4410,0.6945497989654541
4411,0.28319475054740906
4412,0.5192139744758606
4413,0.7604603171348572
4414,0.7165340781211853
4415,0.27208876609802246
4416,0.5561546087265015
4417,0.5964202880859375
4418,0.3020760416984558
4419,0.5242413282394409
4420,0.4770446717739105
4421,0.45858198404312134
4422,0.21183691918849945
4423,0.480871319770813
4424,0.5829502940177917
4425,0.33722639083862305
4426,0.44474145770072937
4427,0.39290106296539307
4428,0.39219194650650024
4429,0.49418094754219055
4430,0.38125959038734436
4431,0.44429007172584534
4432,0.6532081365585327
4433,0.4337584972381592
4434,0.5206450819969177
4435,0.7856132984161377
4436,0.43184560537338257
4437,0.7814743518829346
4438,0.6052860021591187
4439,0.774495542049408
4440,0.5423367619514465
4441,0.35202664136886597
4442,0.43527159094810486
4443,0.44448599219322205
4444,0.5549474358558655
4445,0.303565114736557
4446,0.6716884970664978
4447,0.5346072912216187
4448,0.6043179035186768
4449,0.621611475944519
4450,0.35518649220466614
4451,0.45105671882629395
4452,0.6492841839790344
4453,0.6285970211029053
4454,0.6083296537399292
4455,0.775422215461731
4456,0.5773476958274841
4457,0.22862787544727325
4458,0.4571402370929718
4459,0.7891461849212646
4460,0.480375200510025
4461,0.37456193566322327
4462,0.6033496260643005
4463,0.787565290927887
4464,0.7652475237846375
4465,0.39958086609840393
4466,0.2834508717060089
4467,0.39053452014923096
4468,0.38383355736732483
4469,0.4424470365047455
4470,0.5071198344230652
4471,0.739944577217102
4472,0.6463290452957153
4473,0.6140504479408264
4474,0.4725845456123352
4475,0.4188382923603058
4476,0.5353498458862305
4477,0.4134654998779297
4478,0.7781776785850525
4479,0.6357900500297546
4480,0.5092788934707642
4481,0.2936084270477295
4482,0.6029585003852844
4483,0.25688353180885315
4484,0.35319066047668457
4485,0.43560394644737244
4486,0.5339400172233582
4487,0.4301716387271881
4488,0.44742152094841003
4489,0.5142129063606262
4490,0.5382503867149353
4491,0.7925063967704773
4492,0.47074565291404724
4493,0.4655601382255554
4494,0.669448733329773
4495,0.42416590452194214
4496,0.6489900350570679
4497,0.6384501457214355
4498,0.2904990017414093
4499,0.4994003176689148
4500,0.4344698488712311
4501,0.7088346481323242
4502,0.6077202558517456
4503,0.3945653736591339
4504,0.4655439257621765
4505,0.42040565609931946
4506,0.6034359931945801
4507,0.36285901069641113
4508,0.2258041352033615
4509,0.33049535751342773
4510,0.6539556980133057
4511,0.3664685785770416
4512,0.4517710208892822
4513,0.224988654255867
4514,0.7080690860748291
4515,0.4602472186088562
4516,0.35324153304100037
4517,0.4408499598503113
4518,0.3997690975666046
4519,0.20354370772838593
4520,0.2101895958185196
4521,0.46373888850212097
4522,0.6764442920684814
4523,0.39884597063064575
4524,0.6691814661026001
4525,0.3069215714931488
4526,0.7753812670707703
4527,0.44078686833381653
4528,0.5187990069389343
4529,0.4757896661758423
4530,0.5844621062278748
4531,0.673163652420044
4532,0.7838804125785828
4533,0.4383983612060547
4534,0.48810094594955444
4535,0.5084830522537231
4536,0.26480236649513245
4537,0.5422101616859436
4538,0.3747076094150543
4539,0.788404107093811
4540,0.41565051674842834
4541,0.38937050104141235
4542,0.5896269083023071
4543,0.5007405281066895
4544,0.3470141589641571
4545,0.36120516061782837
4546,0.727810800075531
4547,0.4636400043964386
4548,0.230880007147789
4549,0.5229199528694153
4550,0.28515154123306274
4551,0.4301811456680298
4552,0.3814697265625
4553,0.5081915855407715
4554,0.4856905937194824
4555,0.49932625889778137
4556,0.2161000818014145
4557,0.45224931836128235
4558,0.36160942912101746
4559,0.4019899368286133
4560,0.698625922203064
4561,0.6055728197097778
4562,0.4603433310985565
4563,0.29094672203063965
4564,0.3199240267276764
4565,0.24831217527389526
4566,0.44623151421546936
4567,0.5514116287231445
4568,0.5988584160804749
4569,0.3236948251724243
4570,0.7584668397903442
4571,0.6453831791877747
4572,0.3754858076572418
4573,0.33729350566864014
4574,0.4681297838687897
4575,0.6846457719802856
4576,0.5533499717712402
4577,0.497586190700531
4578,0.7641240358352661
4579,0.5981619954109192
4580,0.3849547505378723
4581,0.5999723672866821
4582,0.45438164472579956
4583,0.32280591130256653
4584,0.530174195766449
4585,0.369028240442276
4586,0.5878840684890747
4587,0.23449815809726715
4588,0.5453129410743713
4589,0.2008424699306488
4590,0.310092031955719
4591,0.4522593915462494
4592,0.34494128823280334
4593,0.29010850191116333
4594,0.38195744156837463
4595,0.320511132478714
4596,0.5333488583564758
4597,0.6031505465507507
4598,0.4454919695854187
4599,0.4093093276023865
4600,0.31319907307624817
4601,0.2580576241016388
4602,0.5904635190963745
4603,0.3704856336116791
4604,0.5886303186416626
4605,0.6937636137008667
4606,0.5295383334159851
4607,0.2760142982006073
4608,0.6100006103515625
4609,0.49115055799484253
4610,0.6091505885124207
4611,0.6677879095077515
4612,0.7754142880439758
4613,0.7582420706748962
4614,0.6211311221122742
4615,0.7608025074005127
4616,0.7774417400360107
4617,0.5133129954338074
4618,0.6170079112052917
4619,0.7892966866493225
4620,0.4474696218967438
4621,0.37398168444633484
4622,0.2495318055152893
4623,0.2696766257286072
4624,0.4524192214012146
4625,0.5278072953224182
4626,0.49766695499420166
4627,0.5983835458755493
4628,0.6320601105690002
4629,0.3987567126750946
4630,0.6176055073738098
4631,0.40546420216560364
4632,0.3968357741832733
4633,0.776187002658844
4634,0.2959533929824829
4635,0.2746690809726715
4636,0.37079378962516785
4637,0.6847994327545166
4638,0.5849108695983887
4639,0.4509609043598175
4640,0.7623039484024048
4641,0.4163864850997925
4642,0.2601540982723236
4643,0.7139654159545898
4644,0.218003049492836
4645,0.5680100917816162
4646,0.48175179958343506
4647,0.4500470757484436
4648,0.748589277267456
4649,0.6327587962150574
4650,0.5994701385498047
4651,0.4672049582004547
4652,0.30960723757743835
4653,0.428038626909256
4654,0.7834561467170715
4655,0.6186020970344543
4656,0.4088972508907318
4657,0.48397883772850037
4658,0.7579872012138367
4659,0.5101496577262878
4660,0.5995243787765503
4661,0.7154956459999084
4662,0.5832012891769409
4663,0.6783016324043274
4664,0.4855758547782898
4665,0.7713035345077515
4666,0.43820497393608093
4667,0.2609621286392212
4668,0.5375260710716248
4669,0.39975520968437195
4670,0.7435056567192078
4671,0.23965846002101898
4672,0.6438514590263367
4673,0.37319833040237427
4674,0.26419395208358765
4675,0.761925220489502
4676,0.5930697917938232
4677,0.7660503387451172
4678,0.5843023657798767
4679,0.5935541987419128
4680,0.44604092836380005
4681,0.6308194398880005
4682,0.5760047435760498
4683,0.775354266166687
4684,0.39017781615257263
4685,0.366661936044693
4686,0.5912674069404602
4687,0.350885808467865
4688,0.518074095249176
4689,0.6225239634513855
4690,0.761245846748352
4691,0.324179083108902
4692,0.4253588914871216
4693,0.3108130991458893
4694,0.5785543918609619
4695,0.6516614556312561
4696,0.782390296459198
4697,0.4707212448120117
4698,0.5323116779327393
4699,0.33587169647216797
4700,0.5184689164161682
4701,0.27582308650016785
4702,0.2995665967464447
4703,0.3983559310436249
4704,0.456275075674057
4705,0.45915457606315613
4706,0.7571787238121033
4707,0.33762896060943604
4708,0.31964829564094543
4709,0.5436296463012695
4710,0.4704115092754364
4711,0.7049044370651245
4712,0.586987316608429
4713,0.4207328259944916
4714,0.2608335316181183
4715,0.2843901216983795
4716,0.22416460514068604
4717,0.5180381536483765
4718,0.40665584802627563
4719,0.4736897051334381
4720,0.7273460626602173
4721,0.5545481443405151
4722,0.616596519947052
4723,0.5239284038543701
4724,0.5385441184043884
4725,0.6762040257453918
4726,0.4276222586631775
4727,0.2794778048992157
4728,0.3987005949020386
4729,0.4015766382217407
4730,0.29728296399116516
4731,0.6456092596054077
4732,0.7102354764938354
4733,0.6244262456893921
4734,0.6885608434677124
4735,0.428803026676178
4736,0.3924724757671356
4737,0.4079829752445221
4738,0.441367506980896
4739,0.4033936560153961
4740,0.48188120126724243
4741,0.7653264999389648
4742,0.47869670391082764
4743,0.6864256858825684
4744,0.41147544980049133
4745,0.4942378103733063
4746,0.43425947427749634
4747,0.7407381534576416
4748,0.3507710099220276
4749,0.6944319605827332
4750,0.3597608506679535
4751,0.2627740502357483
4752,0.23915548622608185
4753,0.47989535331726074
4754,0.5042012333869934
4755,0.6360390782356262
4756,0.7398770451545715
4757,0.46899551153182983
4758,0.3224278688430786
4759,0.4267473518848419
4760,0.5410385727882385
4761,0.7412355542182922
4762,0.3186034560203552
4763,0.5638366341590881
4764,0.4046728014945984
4765,0.23533682525157928
4766,0.7752658724784851
4767,0.45484843850135803
4768,0.4803209900856018
4769,0.48355239629745483
4770,0.42921197414398193
4771,0.7683295011520386
4772,0.32767292857170105
4773,0.6294248700141907
4774,0.46170783042907715
4775,0.3929689824581146
4776,0.6965832114219666
4777,0.6674832701683044
4778,0.6800109148025513
4779,0.6428413987159729
4780,0.755695104598999
4781,0.24006447196006775
4782,0.3754703402519226
4783,0.543041467666626
4784,0.4608403742313385
4785,0.31920069456100464
4786,0.4361014664173126
4787,0.3097851276397705
4788,0.37818992137908936
4789,0.2952342629432678
4790,0.5195245146751404
4791,0.5052437782287598
4792,0.43139874935150146
4793,0.2767522931098938
4794,0.5202376246452332
4795,0.45840829610824585
4796,0.6503781080245972
4797,0.6271085143089294
4798,0.46686503291130066
4799,0.43102601170539856
4800,0.4472728967666626
4801,0.4148994982242584
4802,0.6461073160171509
4803,0.49241015315055847
4804,0.4441922903060913
4805,0.5615065693855286
4806,0.45060086250305176
4807,0.6188405156135559
4808,0.5319643616676331
4809,0.5914665460586548
4810,0.680763840675354
4811,0.44075149297714233
4812,0.7646246552467346
4813,0.48528438806533813
4814,0.5960084795951843
4815,0.3072034418582916
4816,0.4756423532962799
4817,0.49794572591781616
4818,0.7439467310905457
4819,0.314729243516922
4820,0.3426160514354706
4821,0.2762488126754761
4822,0.3939698338508606
4823,0.5208557844161987
4824,0.6673005223274231
4825,0.3149645924568176
4826,0.3952735662460327
4827,0.6612302660942078
4828,0.4366222620010376
4829,0.478387713432312
4830,0.7774146795272827
4831,0.2901000678539276
4832,0.3025532364845276
4833,0.24924254417419434
4834,0.6747393608093262
4835,0.5967803001403809
4836,0.6260489821434021
4837,0.5831711292266846
4838,0.4959752857685089
4839,0.4310668706893921
4840,0.4142000377178192
4841,0.5091713070869446
4842,0.43320441246032715
4843,0.41176217794418335
4844,0.5329056978225708
4845,0.5982864499092102
4846,0.5251278877258301
4847,0.5219962000846863
4848,0.3956521451473236
4849,0.7354070544242859
4850,0.44348809123039246
4851,0.5461164116859436
4852,0.39131447672843933
4853,0.3152369260787964
4854,0.38625723123550415
4855,0.40353381633758545
4856,0.778679609298706
4857,0.4864838123321533
4858,0.43070802092552185
4859,0.2628432512283325
4860,0.294279009103775
4861,0.24205203354358673
4862,0.21662046015262604
4863,0.31941473484039307
4864,0.37860798835754395
4865,0.4411942958831787
4866,0.4662264287471771
4867,0.4034149646759033
4868,0.45762884616851807
4869,0.6427342295646667
4870,0.59514319896698
4871,0.7648493051528931
4872,0.24894112348556519
4873,0.5796542763710022
4874,0.26525887846946716
4875,0.4428234100341797
4876,0.33581554889678955
4877,0.3356902003288269
4878,0.48731663823127747
4879,0.39760029315948486
4880,0.44185829162597656
4881,0.28062835335731506
4882,0.43918973207473755
4883,0.7770418524742126
4884,0.5927597284317017
4885,0.772299587726593
4886,0.5750362873077393
4887,0.35720205307006836
4888,0.286975234746933
4889,0.6188952326774597
4890,0.31626906991004944
4891,0.54630446434021
4892,0.5228036642074585
4893,0.5007399320602417
4894,0.7607829570770264
4895,0.7686375975608826
4896,0.5587300062179565
4897,0.48177045583724976
4898,0.27279236912727356
4899,0.4072830080986023
4900,0.4726462662220001
4901,0.5838714838027954
4902,0.37918657064437866
4903,0.4601421654224396
4904,0.43310967087745667
4905,0.6146472096443176
4906,0.6148772835731506
4907,0.24927228689193726
4908,0.45018917322158813
4909,0.38636866211891174
4910,0.4457486569881439
4911,0.4083377420902252
4912,0.3961960971355438
4913,0.4597862660884857
4914,0.6746333837509155
4915,0.22675834596157074
4916,0.40779760479927063
4917,0.47543758153915405
4918,0.7614641189575195
4919,0.5453612208366394
4920,0.4063993990421295
4921,0.4162731468677521
4922,0.5339514017105103
4923,0.7390708923339844
4924,0.5402612090110779
4925,0.22843310236930847
4926,0.6219924092292786
4927,0.5791447162628174
4928,0.3358517587184906
4929,0.3909010589122772
4930,0.6967121362686157
4931,0.5021184086799622
4932,0.7107377648353577
4933,0.4566328823566437
4934,0.47031667828559875
4935,0.5761507749557495
4936,0.7781074643135071
4937,0.6847496032714844
4938,0.6348978281021118
4939,0.6025581359863281
4940,0.35097241401672363
4941,0.6122874021530151
4942,0.7623031735420227
4943,0.6927942037582397
4944,0.5238720774650574
4945,0.42745256423950195
4946,0.40756064653396606
4947,0.5589641332626343
4948,0.7872085571289062
4949,0.2868925631046295
4950,0.6486122608184814
4951,0.42780372500419617
4952,0.771369993686676
4953,0.6567299365997314
4954,0.21754500269889832
4955,0.4590674042701721
4956,0.3926779329776764
4957,0.2064456045627594
4958,0.5979969501495361
4959,0.4646420180797577
4960,0.4892279803752899
4961,0.3165391981601715
4962,0.7733675241470337
4963,0.44399505853652954
4964,0.4953024089336395
4965,0.300991028547287
4966,0.25993895530700684
4967,0.4589271545410156
4968,0.47522130608558655
4969,0.775185227394104
4970,0.5781738758087158
4971,0.7809160947799683
4972,0.2334485948085785
4973,0.735292375087738
4974,0.4530841112136841
4975,0.37329503893852234
4976,0.3355470299720764
4977,0.27211999893188477
4978,0.41132745146751404
4979,0.6764239072799683
4980,0.36869803071022034
4981,0.5079888105392456
4982,0.7165653109550476
4983,0.7761114239692688
4984,0.7719451785087585
4985,0.45293551683425903
4986,0.45141685009002686
4987,0.4116157293319702
4988,0.6083033084869385
4989,0.217547208070755
4990,0.4609098434448242
4991,0.4596944749355316
4992,0.7725550532341003
4993,0.44082120060920715
4994,0.45455023646354675
4995,0.23459021747112274
4996,0.4980059266090393
4997,0.4549262821674347
4998,0.6158209443092346
4999,0.4582637846469879
5000,0.2306806743144989
5001,0.5382878184318542
5002,0.21843385696411133
5003,0.5952772498130798
5004,0.5256005525588989
5005,0.46338704228401184
5006,0.5631037950515747
5007,0.48586753010749817
5008,0.3278241455554962
5009,0.3526603579521179
5010,0.662635862827301
5011,0.6336766481399536
5012,0.5487239360809326
5013,0.40633049607276917
5014,0.7025070190429688
5015,0.6804283261299133
5016,0.4797833263874054
5017,0.43710747361183167
5018,0.43103379011154175
5019,0.4237091541290283
5020,0.46949896216392517
5021,0.5184719562530518
5022,0.2526037096977234
5023,0.2645023763179779
5024,0.4305347800254822
5025,0.2534219026565552
5026,0.6701499223709106
5027,0.5017219185829163
5028,0.7671109437942505
5029,0.4828198552131653
5030,0.30355119705200195
5031,0.43671897053718567
5032,0.48623767495155334
5033,0.6715684533119202
5034,0.325406938791275
5035,0.3179941177368164
5036,0.5048399567604065
5037,0.7824582457542419
5038,0.41715192794799805
5039,0.6806382536888123
5040,0.2965245842933655
5041,0.6490358114242554
5042,0.470485657453537
5043,0.4595817029476166
5044,0.5335133671760559
5045,0.6274029016494751
5046,0.4637475609779358
5047,0.3491747975349426
5048,0.28638705611228943
5049,0.3271259069442749
5050,0.3793451488018036
5051,0.3948119580745697
5052,0.30947718024253845
5053,0.7554525136947632
5054,0.23104102909564972
5055,0.4707786440849304
5056,0.5611868500709534
5057,0.5096666812896729
5058,0.2359665483236313
5059,0.5763156414031982
5060,0.47419875860214233
5061,0.6785082817077637
5062,0.4769465923309326
5063,0.42739033699035645
5064,0.4598175883293152
5065,0.31059905886650085
5066,0.6323358416557312
5067,0.38929057121276855
5068,0.5455570816993713
5069,0.4633216857910156
5070,0.646106481552124
5071,0.7735230326652527
5072,0.7631217241287231
5073,0.4001868665218353
5074,0.4663139581680298
5075,0.6429163217544556
5076,0.45849841833114624
5077,0.7148788571357727
5078,0.2531282901763916
5079,0.37955281138420105
5080,0.23771698772907257
5081,0.313566118478775
5082,0.44705259799957275
5083,0.7423940300941467
5084,0.3464529812335968
5085,0.2955903708934784
5086,0.38768917322158813
5087,0.22254040837287903
5088,0.7610015273094177
5089,0.40736666321754456
5090,0.4631924331188202
5091,0.705721378326416
5092,0.2845487892627716
5093,0.4918302595615387
5094,0.5455955862998962
5095,0.5911322236061096
5096,0.3411012887954712
5097,0.3844352960586548
5098,0.3469375669956207
5099,0.40489453077316284
5100,0.615608811378479
5101,0.5509968400001526
5102,0.26817119121551514
5103,0.3945738971233368
5104,0.26341548562049866
5105,0.774379312992096
5106,0.47328341007232666
5107,0.38634517788887024
5108,0.42842918634414673
5109,0.7424481511116028
5110,0.4496470093727112
5111,0.6173866987228394
5112,0.6632068753242493
5113,0.6904200315475464
5114,0.44725772738456726
5115,0.5525496602058411
5116,0.3234522044658661
5117,0.4118195176124573
5118,0.4618559777736664
5119,0.5146153569221497
5120,0.6742649674415588
5121,0.4509439170360565
5122,0.6031070947647095
5123,0.44543686509132385
5124,0.3838484585285187
5125,0.43446633219718933
5126,0.2995598316192627
5127,0.7875391244888306
5128,0.5191072225570679
5129,0.2580181062221527
5130,0.42156654596328735
5131,0.5928825736045837
5132,0.5901684165000916
5133,0.71807461977005
5134,0.4311845302581787
5135,0.41664451360702515
5136,0.5181376338005066
5137,0.6439089179039001
5138,0.39634883403778076
5139,0.775166928768158
5140,0.37295031547546387
5141,0.40015706419944763
5142,0.4488690197467804
5143,0.26795437932014465
5144,0.5603665709495544
5145,0.6797873377799988
5146,0.448113352060318
5147,0.5249064564704895
5148,0.4692928194999695
5149,0.44916704297065735
5150,0.25439441204071045
5151,0.46835601329803467
5152,0.3881877660751343
5153,0.45184433460235596
5154,0.46490252017974854
5155,0.6866247057914734
5156,0.3533978760242462
5157,0.6803122162818909
5158,0.2402680367231369
5159,0.7285491228103638
5160,0.6599946022033691
5161,0.6045576333999634
5162,0.5529550313949585
5163,0.33016714453697205
5164,0.6756839752197266
5165,0.5637968182563782
5166,0.2928615212440491
5167,0.5806445479393005
5168,0.7893703579902649
5169,0.5140402317047119
5170,0.49347546696662903
5171,0.46240898966789246
5172,0.6102818250656128
5173,0.410915344953537
5174,0.4654915928840637
5175,0.40619635581970215
5176,0.5716971755027771
5177,0.44621485471725464
5178,0.45894989371299744
5179,0.2662002444267273
5180,0.44486919045448303
5181,0.43672260642051697
5182,0.2711201310157776
5183,0.4034636318683624
5184,0.3667486608028412
5185,0.5166256427764893
5186,0.247603178024292
5187,0.5866538882255554
5188,0.5086827874183655
5189,0.2530719041824341
5190,0.4999749958515167
5191,0.7453033924102783
5192,0.45515701174736023
5193,0.6516848206520081
5194,0.3967784345149994
5195,0.3153785765171051
5196,0.4372604191303253
5197,0.7152696251869202
5198,0.6304700970649719
5199,0.3447239398956299
5200,0.7737677693367004
5201,0.22491371631622314
5202,0.44758227467536926
5203,0.5824252963066101
5204,0.5534534454345703
5205,0.514558732509613
5206,0.4574682414531708
5207,0.3401430547237396
5208,0.45348668098449707
5209,0.25373855233192444
5210,0.4756629467010498
5211,0.6365110874176025
5212,0.21922577917575836
5213,0.23797622323036194
5214,0.3984542489051819
5215,0.3217477798461914
5216,0.2302408367395401
5217,0.4203098714351654
5218,0.7699914574623108
5219,0.22555240988731384
5220,0.637362539768219
5221,0.42450568079948425
5222,0.38337743282318115
5223,0.41512730717658997
5224,0.34974759817123413
5225,0.4521397054195404
5226,0.4685504138469696
5227,0.4862199127674103
5228,0.6852864027023315
5229,0.4992833435535431
5230,0.4568711817264557
5231,0.30672070384025574
5232,0.6147847175598145
5233,0.29635512828826904
5234,0.39593660831451416
5235,0.4952830970287323
5236,0.48558509349823
5237,0.38817092776298523
5238,0.5212541818618774
5239,0.3587600588798523
5240,0.47407668828964233
5241,0.5135905742645264
5242,0.6743877530097961
5243,0.32713574171066284
5244,0.7515982389450073
5245,0.4644183814525604
5246,0.6665064096450806
5247,0.5027682781219482
5248,0.6020599007606506
5249,0.6689724326133728
5250,0.4295711815357208
5251,0.7633517980575562
5252,0.41033700108528137
5253,0.41705745458602905
5254,0.7709405422210693
5255,0.7653191685676575
5256,0.35645973682403564
5257,0.7468286156654358
5258,0.24382129311561584
5259,0.39798223972320557
5260,0.4088364541530609
5261,0.413176953792572
5262,0.44056373834609985
5263,0.5947990417480469
5264,0.293042927980423
5265,0.22470535337924957
5266,0.38271915912628174
5267,0.29708272218704224
5268,0.4242989122867584
5269,0.5117795467376709
5270,0.38203006982803345
5271,0.5896161794662476
5272,0.6449760794639587
5273,0.4659503102302551
5274,0.2688339948654175
5275,0.34740883111953735
5276,0.2997235059738159
5277,0.46468114852905273
5278,0.46445170044898987
5279,0.5380818247795105
5280,0.563663125038147
5281,0.7691528797149658
5282,0.6734961867332458
5283,0.4435652494430542
5284,0.48017042875289917
5285,0.6849367022514343
5286,0.7818930149078369
5287,0.31533899903297424
5288,0.3218461275100708
5289,0.4299122393131256
5290,0.4518280029296875
5291,0.37005415558815
5292,0.5035990476608276
5293,0.474752813577652
5294,0.7082175016403198
5295,0.5461295247077942
5296,0.5504090189933777
5297,0.26832181215286255
5298,0.5322068929672241
5299,0.3048049211502075
5300,0.37468892335891724
5301,0.7735599875450134
5302,0.49532222747802734
5303,0.6430913805961609
5304,0.5724959969520569
5305,0.3558129668235779
5306,0.2365144044160843
5307,0.5004987120628357
5308,0.4384980797767639
5309,0.43825438618659973
5310,0.5889963507652283
5311,0.7370005249977112
5312,0.29380086064338684
5313,0.5157044529914856
5314,0.4655216336250305
5315,0.599122941493988
5316,0.4752483069896698
5317,0.3269389867782593
5318,0.766988217830658
5319,0.38496729731559753
5320,0.4717100262641907
5321,0.19010503590106964
5322,0.32520440220832825
5323,0.28052619099617004
5324,0.43792882561683655
5325,0.5825319290161133
5326,0.42153650522232056
5327,0.3812101185321808
5328,0.4749833047389984
5329,0.5471082925796509
5330,0.7655189037322998
5331,0.4691833257675171
5332,0.6339514255523682
5333,0.5491860508918762
5334,0.7706058621406555
5335,0.5011047720909119
5336,0.3113912045955658
5337,0.789018988609314
5338,0.43891385197639465
5339,0.5035088062286377
5340,0.754135012626648
5341,0.43646112084388733
5342,0.4128696620464325
5343,0.40490952134132385
5344,0.7768798470497131
5345,0.5272501707077026
5346,0.6806268095970154
5347,0.464322030544281
5348,0.6353981494903564
5349,0.5662680268287659
5350,0.4499434232711792
5351,0.36177095770835876
5352,0.5343616604804993
5353,0.4590502083301544
5354,0.2750006318092346
5355,0.733829140663147
5356,0.6205313801765442
5357,0.4457298815250397
5358,0.23920215666294098
5359,0.3486858308315277
5360,0.6108149290084839
5361,0.723844587802887
5362,0.31468722224235535
5363,0.4751932621002197
5364,0.4434974193572998
5365,0.4606500566005707
5366,0.34754782915115356
5367,0.5583280920982361
5368,0.3384464383125305
5369,0.2465367615222931
5370,0.5313587188720703
5371,0.23042428493499756
5372,0.4353828430175781
5373,0.4319213032722473
5374,0.4726790189743042
5375,0.32728201150894165
5376,0.44801822304725647
5377,0.7342464923858643
5378,0.4508550763130188
5379,0.5207880139350891
5380,0.47231367230415344
5381,0.5084925889968872
5382,0.37172091007232666
5383,0.7570089101791382
5384,0.47028735280036926
5385,0.405117392539978
5386,0.5162941813468933
5387,0.4613798260688782
5388,0.7432611584663391
5389,0.4053838849067688
5390,0.6188762187957764
5391,0.4387335181236267
5392,0.43593600392341614
5393,0.5262408256530762
5394,0.45488056540489197
5395,0.2676639258861542
5396,0.7018330097198486
5397,0.7311636805534363
5398,0.5889559984207153
5399,0.6877090334892273
5400,0.3379098176956177
5401,0.43998733162879944
5402,0.46629011631011963
5403,0.22865909337997437
5404,0.6661936044692993
5405,0.41746658086776733
5406,0.6518213748931885
5407,0.4735918641090393
5408,0.7867681980133057
5409,0.6470810174942017
5410,0.36445361375808716
5411,0.6976141929626465
5412,0.6083638668060303
5413,0.7747092843055725
5414,0.4717252552509308
5415,0.2297666370868683
5416,0.2141965925693512
5417,0.7533486485481262
5418,0.2497873306274414
5419,0.3881949484348297
5420,0.5028768181800842
5421,0.5349283814430237
5422,0.313388854265213
5423,0.46159037947654724
5424,0.5960768461227417
5425,0.321006715297699
5426,0.5972668528556824
5427,0.6048378944396973
5428,0.40894654393196106
5429,0.3439841866493225
5430,0.42291274666786194
5431,0.5166864991188049
5432,0.5229980945587158
5433,0.25905364751815796
5434,0.7803226113319397
5435,0.4974193572998047
5436,0.46795082092285156
5437,0.41994956135749817
5438,0.38097497820854187
5439,0.348334938287735
5440,0.44318312406539917
5441,0.6052753329277039
5442,0.4362318813800812
5443,0.346461683511734
5444,0.22343340516090393
5445,0.5805875658988953
5446,0.3275018036365509
5447,0.6730546355247498
5448,0.5611579418182373
5449,0.46318453550338745
5450,0.2977684438228607
5451,0.4212120473384857
5452,0.23777982592582703
5453,0.6877238750457764
5454,0.35115376114845276
5455,0.7824645042419434
5456,0.5080850720405579
5457,0.7742475271224976
5458,0.3405379056930542
5459,0.4209599196910858
5460,0.5382338762283325
5461,0.7032910585403442
5462,0.44813916087150574
5463,0.21887080371379852
5464,0.5312525033950806
5465,0.4075567424297333
5466,0.6416983604431152
5467,0.5252003073692322
5468,0.25115424394607544
5469,0.5540162324905396
5470,0.7313591837882996
5471,0.3089200258255005
5472,0.428935170173645
5473,0.5305776596069336
5474,0.5917420387268066
5475,0.5148364305496216
5476,0.5413984656333923
5477,0.5861591100692749
5478,0.3159639835357666
5479,0.7591544389724731
5480,0.4223785400390625
5481,0.521209716796875
5482,0.6539842486381531
5483,0.6687853336334229
5484,0.49680256843566895
5485,0.5013189911842346
5486,0.49799689650535583
5487,0.74838787317276
5488,0.5628046989440918
5489,0.44038787484169006
5490,0.7726680040359497
5491,0.5456365942955017
5492,0.4412184953689575
5493,0.5676666498184204
5494,0.4947775602340698
5495,0.23425576090812683
5496,0.443584680557251
5497,0.5135495066642761
5498,0.522490918636322
5499,0.39469659328460693
5500,0.6492622494697571
5501,0.3248315155506134
5502,0.36889731884002686
5503,0.2780934274196625
5504,0.6978362202644348
5505,0.4503875970840454
5506,0.4614819884300232
5507,0.60538250207901
5508,0.38714540004730225
5509,0.5894200801849365
5510,0.7196065187454224
5511,0.7613251805305481
5512,0.4594360888004303
5513,0.4251728951931
5514,0.39137470722198486
5515,0.4307791292667389
5516,0.5228230357170105
5517,0.4865570366382599
5518,0.38077378273010254
5519,0.47715431451797485
5520,0.3757856786251068
5521,0.7401432991027832
5522,0.4198777377605438
5523,0.6179717779159546
5524,0.2768767476081848
5525,0.24284973740577698
5526,0.7787281274795532
5527,0.23207123577594757
5528,0.5757611989974976
5529,0.2431761473417282
5530,0.775922417640686
5531,0.4284045994281769
5532,0.48038873076438904
5533,0.4584578573703766
5534,0.5968416333198547
5535,0.7575688362121582
5536,0.42585068941116333
5537,0.3041640818119049
5538,0.3341349959373474
5539,0.5978153944015503
5540,0.5842875838279724
5541,0.4371633231639862
5542,0.5703300833702087
5543,0.4641296863555908
5544,0.4209967851638794
5545,0.5645981431007385
5546,0.3199165165424347
5547,0.6543539762496948
5548,0.499121755361557
5549,0.31625837087631226
5550,0.7652849555015564
5551,0.5072077512741089
5552,0.7020679712295532
5553,0.32792025804519653
5554,0.7095008492469788
5555,0.3786873519420624
5556,0.6537318825721741
5557,0.384035587310791
5558,0.7046574950218201
5559,0.775821328163147
5560,0.7641562819480896
5561,0.7085584402084351
5562,0.2030429244041443
5563,0.5526185631752014
5564,0.3184364140033722
5565,0.42075303196907043
5566,0.34970512986183167
5567,0.2428184300661087
5568,0.6940720081329346
5569,0.19158335030078888
5570,0.26584795117378235
5571,0.5912976861000061
5572,0.36832568049430847
5573,0.5645296573638916
5574,0.6591885685920715
5575,0.5822073221206665
5576,0.24358950555324554
5577,0.5876268744468689
5578,0.375927209854126
5579,0.45718279480934143
5580,0.24083702266216278
5581,0.43631047010421753
5582,0.5511384010314941
5583,0.4207861125469208
5584,0.5615130066871643
5585,0.27781248092651367
5586,0.5816421508789062
5587,0.636056125164032
5588,0.7706923484802246
5589,0.39296671748161316
5590,0.39986324310302734
5591,0.6432742476463318
5592,0.44700634479522705
5593,0.7791644930839539
5594,0.40482673048973083
5595,0.3078334927558899
5596,0.6099245548248291
5597,0.7042139172554016
5598,0.6665915846824646
5599,0.30678388476371765
5600,0.6474301815032959
5601,0.7832848429679871
5602,0.5722442865371704
5603,0.3693099021911621
5604,0.5965917110443115
5605,0.30233272910118103
5606,0.6857993006706238
5607,0.44073963165283203
5608,0.48853373527526855
5609,0.7728647589683533
5610,0.763550877571106
5611,0.5846037268638611
5612,0.5359988808631897
5613,0.5010011196136475
5614,0.5631234049797058
5615,0.5912793874740601
5616,0.4589817523956299
5617,0.5656331777572632
5618,0.4154103696346283
5619,0.3751015067100525
5620,0.6964146494865417
5621,0.33308175206184387
5622,0.46506956219673157
5623,0.6693784594535828
5624,0.6971676349639893
5625,0.4477248787879944
5626,0.5066481232643127
5627,0.42696240544319153
5628,0.46433597803115845
5629,0.3193740248680115
5630,0.3313569724559784
5631,0.5012641549110413
5632,0.5044892430305481
5633,0.6410986185073853
5634,0.5202518105506897
5635,0.3575615882873535
5636,0.3470132350921631
5637,0.43937137722969055
5638,0.32468393445014954
5639,0.5317243933677673
5640,0.5876939296722412
5641,0.45237475633621216
5642,0.4917769432067871
5643,0.5671005845069885
5644,0.6849592328071594
5645,0.4765340983867645
5646,0.372390478849411
5647,0.4711918532848358
5648,0.5034416317939758
5649,0.5637782216072083
5650,0.27230870723724365
5651,0.23654510080814362
5652,0.4610351622104645
5653,0.28861430287361145
5654,0.7889428734779358
5655,0.7676416635513306
5656,0.7113950848579407
5657,0.4624321460723877
5658,0.6433238387107849
5659,0.7597157955169678
5660,0.502040445804596
5661,0.5766019225120544
5662,0.3659917712211609
5663,0.3392086625099182
5664,0.5157811045646667
5665,0.670665442943573
5666,0.4622334837913513
5667,0.5016067624092102
5668,0.6050108075141907
5669,0.5543155074119568
5670,0.256822794675827
5671,0.777189314365387
5672,0.2322215735912323
5673,0.6549355983734131
5674,0.4389399588108063
5675,0.6150307059288025
5676,0.29892703890800476
5677,0.2229679375886917
5678,0.32150712609291077
5679,0.5371947884559631
5680,0.23896898329257965
5681,0.35963335633277893
5682,0.7306406497955322
5683,0.5820667743682861
5684,0.5548931956291199
5685,0.6931150555610657
5686,0.42858847975730896
5687,0.3470531404018402
5688,0.5067010521888733
5689,0.3520742654800415
5690,0.4754958152770996
5691,0.24229763448238373
5692,0.7193977236747742
5693,0.533930778503418
5694,0.3940219283103943
5695,0.42268478870391846
5696,0.5878573060035706
5697,0.7698653340339661
5698,0.32509055733680725
5699,0.2758947014808655
5700,0.4154545068740845
5701,0.5760120153427124
5702,0.37695789337158203
5703,0.684767484664917
5704,0.6765416860580444
5705,0.43783003091812134
5706,0.4559205174446106
5707,0.537625253200531
5708,0.5771898031234741
5709,0.43889012932777405
5710,0.5997267365455627
5711,0.42532894015312195
5712,0.31360316276550293
5713,0.5797455906867981
5714,0.464569091796875
5715,0.49333956837654114
5716,0.4672555923461914
5717,0.704620897769928
5718,0.45718875527381897
5719,0.4452659487724304
5720,0.456184059381485
5721,0.36486321687698364
5722,0.294758677482605
5723,0.6088172197341919
5724,0.6528369784355164
5725,0.502765953540802
5726,0.5788720846176147
5727,0.6982394456863403
5728,0.7682958245277405
5729,0.5039021968841553
5730,0.3335438072681427
5731,0.7246604561805725
5732,0.32162049412727356
5733,0.5860874056816101
5734,0.4742177128791809
5735,0.45239391922950745
5736,0.38959431648254395
5737,0.2797626554965973
5738,0.5795573592185974
5739,0.4513789415359497
5740,0.26002880930900574
5741,0.43094193935394287
5742,0.5980145335197449
5743,0.587880551815033
5744,0.6116605997085571
5745,0.7411745190620422
5746,0.5505300760269165
5747,0.32051795721054077
5748,0.7512317895889282
5749,0.4541168212890625
5750,0.7364678382873535
5751,0.45385608077049255
5752,0.4077664017677307
5753,0.5944443345069885
5754,0.23606188595294952
5755,0.4180772304534912
5756,0.7684716582298279
5757,0.7286468744277954
5758,0.41766640543937683
5759,0.4738697111606598
5760,0.3383946716785431
5761,0.24613890051841736
5762,0.5500739216804504
5763,0.6142867207527161
5764,0.566856324672699
5765,0.4498932957649231
5766,0.4577224552631378
5767,0.6584407091140747
5768,0.4512770175933838
5769,0.4376089572906494
5770,0.303287535905838
5771,0.5071489214897156
5772,0.7822047472000122
5773,0.45263054966926575
5774,0.6298103928565979
5775,0.4221677780151367
5776,0.2293500155210495
5777,0.27460598945617676
5778,0.7280476689338684
5779,0.4353785514831543
5780,0.7686228156089783
5781,0.6553005576133728
5782,0.28670212626457214
5783,0.780648946762085
5784,0.4584272801876068
5785,0.40559932589530945
5786,0.37183013558387756
5787,0.553939938545227
5788,0.676624596118927
5789,0.6841377019882202
5790,0.3654519021511078
5791,0.2826146185398102
5792,0.6614454388618469
5793,0.4965708255767822
5794,0.22256241738796234
5795,0.463630735874176
5796,0.19813752174377441
5797,0.7533120512962341
5798,0.7805018424987793
5799,0.40625128149986267
5800,0.5122940540313721
5801,0.5360954403877258
5802,0.7829661965370178
5803,0.38004031777381897
5804,0.46954602003097534
5805,0.6105121374130249
5806,0.42069917917251587
5807,0.7740137577056885
5808,0.5066038370132446
5809,0.3016062378883362
5810,0.514805793762207
5811,0.4721865952014923
5812,0.6768275499343872
5813,0.46103233098983765
5814,0.44575777649879456
5815,0.5006547570228577
5816,0.6789260506629944
5817,0.27070698142051697
5818,0.40812811255455017
5819,0.5131277441978455
5820,0.730983316898346
5821,0.5128276944160461
5822,0.6339018940925598
5823,0.2612113654613495
5824,0.6368460059165955
5825,0.6386975049972534
5826,0.4716396927833557
5827,0.5485875606536865
5828,0.5988954305648804
5829,0.585893988609314
5830,0.7286387085914612
5831,0.3184966742992401
5832,0.45763516426086426
5833,0.5993230938911438
5834,0.5021246671676636
5835,0.4534236192703247
5836,0.6542080640792847
5837,0.4509556293487549
5838,0.24186073243618011
5839,0.75444495677948
5840,0.33672916889190674
5841,0.46972161531448364
5842,0.4943425953388214
5843,0.5557712912559509
5844,0.25113943219184875
5845,0.41093727946281433
5846,0.24443550407886505
5847,0.5026329755783081
5848,0.3453134596347809
5849,0.6398193836212158
5850,0.5993971228599548
5851,0.29668936133384705
5852,0.4420230984687805
5853,0.5190364122390747
5854,0.770143449306488
5855,0.5634899735450745
5856,0.6069310307502747
5857,0.5466766953468323
5858,0.6146475076675415
5859,0.5465807914733887
5860,0.5031806826591492
5861,0.683559238910675
5862,0.4195745885372162
5863,0.6972388029098511
5864,0.3042443096637726
5865,0.5498803853988647
5866,0.48930880427360535
5867,0.584649384021759
5868,0.45301660895347595
5869,0.4202803373336792
5870,0.38856780529022217
5871,0.7582826614379883
5872,0.2859449088573456
5873,0.5102806091308594
5874,0.2911035716533661
5875,0.6050183176994324
5876,0.4960280954837799
5877,0.5590198040008545
5878,0.7769001126289368
5879,0.3336055874824524
5880,0.6050962209701538
5881,0.44999629259109497
5882,0.3935466706752777
5883,0.7156941294670105
5884,0.5227435827255249
5885,0.45538291335105896
5886,0.34892377257347107
5887,0.46029049158096313
5888,0.6097667217254639
5889,0.6064161062240601
5890,0.4717040956020355
5891,0.6357466578483582
5892,0.5350089073181152
5893,0.2637803554534912
5894,0.5119524598121643
5895,0.5185147523880005
5896,0.7886021137237549
5897,0.3238380253314972
5898,0.6587742567062378
5899,0.6975322961807251
5900,0.41387102007865906
5901,0.7738654017448425
5902,0.4555642008781433
5903,0.6185243129730225
5904,0.6605856418609619
5905,0.5238953232765198
5906,0.43345755338668823
5907,0.6344549059867859
5908,0.33977174758911133
5909,0.7739868760108948
5910,0.4725564420223236
5911,0.7325922846794128
5912,0.7579847574234009
5913,0.7657093405723572
5914,0.4308878481388092
5915,0.5780740976333618
5916,0.42298105359077454
5917,0.3077344298362732
5918,0.6812563538551331
5919,0.48252224922180176
5920,0.24097274243831635
5921,0.30806437134742737
5922,0.7444199919700623
5923,0.501456081867218
5924,0.7608696818351746
5925,0.5429931879043579
5926,0.3553166091442108
5927,0.5338820219039917
5928,0.4429163634777069
5929,0.5943617820739746
5930,0.218649223446846
5931,0.270554780960083
5932,0.47255048155784607
5933,0.35258832573890686
5934,0.7167589068412781
5935,0.24326424300670624
5936,0.45034363865852356
5937,0.5465879440307617
5938,0.23972833156585693
5939,0.372260719537735
5940,0.6692545413970947
5941,0.6094948649406433
5942,0.4373171329498291
5943,0.280372679233551
5944,0.6060869693756104
5945,0.49346300959587097
5946,0.3169879615306854
5947,0.34493860602378845
5948,0.3423636853694916
5949,0.34797561168670654
5950,0.4566807150840759
5951,0.7483976483345032
5952,0.671724259853363
5953,0.3064732253551483
5954,0.6017648577690125
5955,0.563528835773468
5956,0.42749840021133423
5957,0.7576540112495422
5958,0.6536476016044617
5959,0.2969062924385071
5960,0.2519592046737671
5961,0.29088330268859863
5962,0.33255234360694885
5963,0.3224491775035858
5964,0.4908553659915924
5965,0.5145378708839417
5966,0.5923838019371033
5967,0.48110663890838623
5968,0.3566321134567261
5969,0.4379245936870575
5970,0.250641405582428
5971,0.5253397226333618
5972,0.5643320679664612
5973,0.7670441269874573
5974,0.49333032965660095
5975,0.6237754225730896
5976,0.4654396176338196
5977,0.34032800793647766
5978,0.25061166286468506
5979,0.3837568461894989
5980,0.4259203374385834
5981,0.47707343101501465
5982,0.705847978591919
5983,0.7378053665161133
5984,0.45704057812690735
5985,0.690960168838501
5986,0.5392445921897888
5987,0.4103947579860687
5988,0.3166150450706482
5989,0.7766146063804626
5990,0.3891313076019287
5991,0.2767787277698517
5992,0.21258047223091125
5993,0.33995211124420166
5994,0.6314085721969604
5995,0.6077572703361511
5996,0.2614283859729767
5997,0.7836199998855591
5998,0.46307507157325745
5999,0.27619898319244385
6000,0.48937809467315674
6001,0.5382372736930847
6002,0.7718624472618103
6003,0.4014582633972168
6004,0.5249903798103333
6005,0.5719595551490784
6006,0.7937692999839783
6007,0.6203426718711853
6008,0.2687404751777649
6009,0.6171424984931946
6010,0.4807013273239136
6011,0.5052713751792908
6012,0.45514804124832153
6013,0.4745789170265198
6014,0.5277048945426941
6015,0.36931297183036804
6016,0.4818499684333801
6017,0.4525512754917145
6018,0.5176200270652771
6019,0.31122887134552
6020,0.5726555585861206
6021,0.7598713636398315
6022,0.4512501358985901
6023,0.7926446199417114
6024,0.267795205116272
6025,0.3464825749397278
6026,0.5233690738677979
6027,0.4761674404144287
6028,0.27004390954971313
6029,0.6203567981719971
6030,0.2529869079589844
6031,0.261978417634964
6032,0.3959249258041382
6033,0.6202763319015503
6034,0.7688366174697876
6035,0.4464815557003021
6036,0.5038101673126221
6037,0.41343897581100464
6038,0.67130446434021
6039,0.6349061131477356
6040,0.28327950835227966
6041,0.24763597548007965
6042,0.3049706518650055
6043,0.3643454909324646
6044,0.7717524766921997
6045,0.48843657970428467
6046,0.4411010146141052
6047,0.3500934839248657
6048,0.3704456090927124
6049,0.6554125547409058
6050,0.6808682084083557
6051,0.48203954100608826
6052,0.6356846690177917
6053,0.22437596321105957
6054,0.7822307348251343
6055,0.445078045129776
6056,0.4696447253227234
6057,0.3746146261692047
6058,0.5589491724967957
6059,0.5005232095718384
6060,0.7823833227157593
6061,0.7585514187812805
6062,0.18866074085235596
6063,0.4483129382133484
6064,0.3714309632778168
6065,0.32098159193992615
6066,0.5033963918685913
6067,0.7784508466720581
6068,0.7109360098838806
6069,0.702075183391571
6070,0.22795522212982178
6071,0.6246175765991211
6072,0.30840879678726196
6073,0.7840462327003479
6074,0.4933796226978302
6075,0.2681673765182495
6076,0.5861607789993286
6077,0.4331114590167999
6078,0.5919046998023987
6079,0.550632119178772
6080,0.6694132685661316
6081,0.5806505084037781
6082,0.46281397342681885
6083,0.36333754658699036
6084,0.6158519983291626
6085,0.45800599455833435
6086,0.6788126826286316
6087,0.4129284918308258
6088,0.7003730535507202
6089,0.462948203086853
6090,0.49173083901405334
6091,0.3712146282196045
6092,0.44418656826019287
6093,0.47910499572753906
6094,0.6471149325370789
6095,0.31767594814300537
6096,0.18841655552387238
6097,0.32956475019454956
6098,0.458985835313797
6099,0.3804773688316345
6100,0.706261396408081
6101,0.6135149002075195
6102,0.6461508274078369
6103,0.7623304724693298
6104,0.3732072114944458
6105,0.34636521339416504
6106,0.40921932458877563
6107,0.549680233001709
6108,0.24075207114219666
6109,0.3339529037475586
6110,0.7731280326843262
6111,0.7940592169761658
6112,0.5663630366325378
6113,0.7676237225532532
6114,0.599759578704834
6115,0.786101758480072
6116,0.5754547715187073
6117,0.7672256231307983
6118,0.5141683220863342
6119,0.32462823390960693
6120,0.5128734707832336
6121,0.3433471620082855
6122,0.3858080804347992
6123,0.20227840542793274
6124,0.5199359059333801
6125,0.7793604731559753
6126,0.7537049055099487
6127,0.5467159152030945
6128,0.5729291439056396
6129,0.5696779489517212
6130,0.4369116723537445
6131,0.5064008831977844
6132,0.3185012638568878
6133,0.28795647621154785
6134,0.4688505232334137
6135,0.7825164198875427
6136,0.5272188782691956
6137,0.27307698130607605
6138,0.5217923521995544
6139,0.4454103112220764
6140,0.3389003276824951
6141,0.2962956428527832
6142,0.44236651062965393
6143,0.4492873251438141
6144,0.5661718845367432
6145,0.24134886264801025
6146,0.5084419250488281
6147,0.5490960478782654
6148,0.42257145047187805
6149,0.34623533487319946
6150,0.30053114891052246
6151,0.26928311586380005
6152,0.6201786994934082
6153,0.3481055200099945
6154,0.24790853261947632
6155,0.36266329884529114
6156,0.471139520406723
6157,0.7562265992164612
6158,0.2495477795600891
6159,0.4864059388637543
6160,0.3917626142501831
6161,0.5775290131568909
6162,0.5059769749641418
6163,0.36532142758369446
6164,0.5594159960746765
6165,0.5472962856292725
6166,0.691704273223877
6167,0.5220621824264526
6168,0.29287055134773254
6169,0.4666895270347595
6170,0.41081929206848145
6171,0.2768055498600006
6172,0.38962942361831665
6173,0.3181128203868866
6174,0.2614268958568573
6175,0.3945591151714325
6176,0.67574143409729
6177,0.7562367916107178
6178,0.2303934246301651
6179,0.39238250255584717
6180,0.6234741806983948
6181,0.5027017593383789
6182,0.5204455852508545
6183,0.5369330048561096
6184,0.6342617273330688
6185,0.5640985369682312
6186,0.4683363139629364
6187,0.4651435911655426
6188,0.4110358953475952
6189,0.46428507566452026
6190,0.7148421406745911
6191,0.7763869762420654
6192,0.47492715716362
6193,0.45404160022735596
6194,0.42344900965690613
6195,0.4624048173427582
6196,0.31613489985466003
6197,0.6224738359451294
6198,0.5546215772628784
6199,0.33558687567710876
6200,0.31934306025505066
6201,0.7569233775138855
6202,0.2947613596916199
6203,0.3739330470561981
6204,0.32264965772628784
6205,0.7837889790534973
6206,0.6922733783721924
6207,0.3991650640964508
6208,0.5761261582374573
6209,0.6933477520942688
6210,0.2752104699611664
6211,0.7608294486999512
6212,0.7483393549919128
6213,0.2625811696052551
6214,0.3843126893043518
6215,0.5338772535324097
6216,0.35056477785110474
6217,0.3333696126937866
6218,0.610258936882019
6219,0.3943181335926056
6220,0.41204598546028137
6221,0.6241111159324646
6222,0.38794901967048645
6223,0.3532262444496155
6224,0.6279510259628296
6225,0.5455769896507263
6226,0.47266605496406555
6227,0.4983457028865814
6228,0.36813652515411377
6229,0.4873340129852295
6230,0.5535546541213989
6231,0.33578556776046753
6232,0.7559097409248352
6233,0.5871796011924744
6234,0.5353397727012634
6235,0.4278063178062439
6236,0.6063854098320007
6237,0.28977617621421814
6238,0.7463785409927368
6239,0.5660682916641235
6240,0.594597339630127
6241,0.4871918559074402
6242,0.5857778191566467
6243,0.4909249544143677
6244,0.6043304800987244
6245,0.3800013065338135
6246,0.25994348526000977
6247,0.25501468777656555
6248,0.46617281436920166
6249,0.24548092484474182
6250,0.33676019310951233
6251,0.41377004981040955
6252,0.37785279750823975
6253,0.2758084237575531
6254,0.47803112864494324
6255,0.3025709092617035
6256,0.26861292123794556
6257,0.5216682553291321
6258,0.5359413623809814
6259,0.3826196789741516
6260,0.5918593406677246
6261,0.7757900357246399
6262,0.318114697933197
6263,0.565190315246582
6264,0.2770419716835022
6265,0.6465567350387573
6266,0.49711310863494873
6267,0.5386542677879333
6268,0.2668667137622833
6269,0.6470369696617126
6270,0.7559965252876282
6271,0.5917472839355469
6272,0.45244690775871277
6273,0.403679221868515
6274,0.5319846272468567
6275,0.41790705919265747
6276,0.6602602601051331
6277,0.33404842019081116
6278,0.27577170729637146
6279,0.22380410134792328
6280,0.5291783809661865
6281,0.4403064548969269
6282,0.345572292804718
6283,0.3968403935432434
6284,0.2509235739707947
6285,0.775124728679657
6286,0.6338276863098145
6287,0.5912191271781921
6288,0.5219714641571045
6289,0.6042108535766602
6290,0.28831592202186584
6291,0.7375472784042358
6292,0.5305576324462891
6293,0.6036073565483093
6294,0.5127554535865784
6295,0.46636098623275757
6296,0.6240598559379578
6297,0.3849557638168335
6298,0.3946962058544159
6299,0.6863393187522888
6300,0.4082399904727936
6301,0.3580303192138672
6302,0.6569176912307739
6303,0.5883463621139526
6304,0.7748162150382996
6305,0.6428059339523315
6306,0.5475814342498779
6307,0.42700421810150146
6308,0.5143777132034302
6309,0.6010749936103821
6310,0.22823843359947205
6311,0.6183289885520935
6312,0.6461750864982605
6313,0.2957920432090759
6314,0.45406144857406616
6315,0.44714757800102234
6316,0.48088979721069336
6317,0.3547523319721222
6318,0.4470914602279663
6319,0.35584786534309387
6320,0.6401495933532715
6321,0.38589993119239807
6322,0.2195526361465454
6323,0.23237113654613495
6324,0.26957181096076965
6325,0.2237769067287445
6326,0.5736163258552551
6327,0.7726517915725708
6328,0.4840666651725769
6329,0.24539291858673096
6330,0.7182325720787048
6331,0.7531050443649292
6332,0.7313801050186157
6333,0.7075203657150269
6334,0.5155476927757263
6335,0.4298132658004761
6336,0.584318220615387
6337,0.21912916004657745
6338,0.457805335521698
6339,0.29585447907447815
6340,0.631435751914978
6341,0.6289457678794861
6342,0.4163595736026764
6343,0.6616138815879822
6344,0.4116993844509125
6345,0.6593744158744812
6346,0.37178468704223633
6347,0.254844605922699
6348,0.4740156829357147
6349,0.3936862349510193
6350,0.27184078097343445
6351,0.3633418083190918
6352,0.7381762862205505
6353,0.5548292398452759
6354,0.3853375315666199
6355,0.6130220293998718
6356,0.5242754817008972
6357,0.425811767578125
6358,0.44112637639045715
6359,0.35073649883270264
6360,0.7591803669929504
6361,0.2710740268230438
6362,0.47713321447372437
6363,0.6148108243942261
6364,0.6882844567298889
6365,0.5469274520874023
6366,0.5250822305679321
6367,0.4811435341835022
6368,0.44444942474365234
6369,0.2752927243709564
6370,0.6708725690841675
6371,0.7815240621566772
6372,0.4499926269054413
6373,0.46251606941223145
6374,0.593528151512146
6375,0.37864384055137634
6376,0.352742075920105
6377,0.4761561453342438
6378,0.5034881234169006
6379,0.5084025859832764
6380,0.39710599184036255
6381,0.44519057869911194
6382,0.7402604222297668
6383,0.5060790181159973
6384,0.5297790765762329
6385,0.5302299857139587
6386,0.4150884747505188
6387,0.4698461890220642
6388,0.5903502702713013
6389,0.7243890166282654
6390,0.46705731749534607
6391,0.638969361782074
6392,0.4943195581436157
6393,0.6552320718765259
6394,0.31010138988494873
6395,0.7871460914611816
6396,0.49157679080963135
6397,0.772553026676178
6398,0.609033465385437
6399,0.2623656988143921
6400,0.6238066554069519
6401,0.4409119784832001
6402,0.42818665504455566
6403,0.47480058670043945
6404,0.48371511697769165
6405,0.5498054027557373
6406,0.7304204106330872
6407,0.5849187970161438
6408,0.6358039975166321
6409,0.7393410801887512
6410,0.763492226600647
6411,0.523549497127533
6412,0.5449017882347107
6413,0.44417667388916016
6414,0.23300877213478088
6415,0.5310631394386292
6416,0.33227217197418213
6417,0.7853200435638428
6418,0.2128351926803589
6419,0.41019827127456665
6420,0.5081512331962585
6421,0.7520379424095154
6422,0.5546653270721436
6423,0.43570977449417114
6424,0.42501360177993774
6425,0.6603113412857056
6426,0.3705034852027893
6427,0.7545446753501892
6428,0.3631243109703064
6429,0.5125222206115723
6430,0.5499956607818604
6431,0.4773201048374176
6432,0.440117746591568
6433,0.5821670889854431
6434,0.6420551538467407
6435,0.473497211933136
6436,0.46131882071495056
6437,0.6104881167411804
6438,0.5246223211288452
6439,0.26815563440322876
6440,0.3241535723209381
6441,0.5891901254653931
6442,0.6215840578079224
6443,0.5897802710533142
6444,0.4160468876361847
6445,0.342207670211792
6446,0.5032488107681274
6447,0.42411142587661743
6448,0.23849712312221527
6449,0.5292338728904724
6450,0.3160359561443329
6451,0.6715442538261414
6452,0.6066809296607971
6453,0.6556748151779175
6454,0.41816502809524536
6455,0.4426179528236389
6456,0.44882500171661377
6457,0.5217247009277344
6458,0.5882671475410461
6459,0.5231286883354187
6460,0.7632331848144531
6461,0.426837682723999
6462,0.38282510638237
6463,0.4683208465576172
6464,0.40442290902137756
6465,0.5854377150535583
6466,0.6371888518333435
6467,0.7288540005683899
6468,0.3060702383518219
6469,0.6504453420639038
6470,0.5250715017318726
6471,0.7777222394943237
6472,0.4394192695617676
6473,0.7084060907363892
6474,0.7220250964164734
6475,0.5367587804794312
6476,0.45031920075416565
6477,0.4394508898258209
6478,0.5986999869346619
6479,0.2642079293727875
6480,0.42050307989120483
6481,0.32882317900657654
6482,0.29388952255249023
6483,0.5192892551422119
6484,0.35509946942329407
6485,0.4152735471725464
6486,0.46476465463638306
6487,0.6997319459915161
6488,0.3660985231399536
6489,0.5112720131874084
6490,0.6370234489440918
6491,0.4587898552417755
6492,0.6082920432090759
6493,0.43112701177597046
6494,0.46718543767929077
6495,0.698961079120636
6496,0.6803781390190125
6497,0.35707518458366394
6498,0.4703924357891083
6499,0.5167012810707092
6500,0.5608116388320923
6501,0.4730471074581146
6502,0.30982425808906555
6503,0.39042791724205017
6504,0.3344561457633972
6505,0.25675103068351746
6506,0.3452884256839752
6507,0.44490885734558105
6508,0.4104269742965698
6509,0.3396732211112976
6510,0.23824134469032288
6511,0.5067654848098755
6512,0.6215399503707886
6513,0.6040114760398865
6514,0.4435250759124756
6515,0.4747339189052582
6516,0.41677722334861755
6517,0.6118601560592651
6518,0.24141576886177063
6519,0.6167672276496887
6520,0.28750723600387573
6521,0.7285405397415161
6522,0.6202746629714966
6523,0.2592601776123047
6524,0.5121393203735352
6525,0.5503352880477905
6526,0.4060618281364441
6527,0.5555347204208374
6528,0.32630348205566406
6529,0.4986315667629242
6530,0.41273242235183716
6531,0.7694709300994873
6532,0.4911586344242096
6533,0.4680463969707489
6534,0.5345199108123779
6535,0.367074579000473
6536,0.7743633389472961
6537,0.41538742184638977
6538,0.6882932782173157
6539,0.27326300740242004
6540,0.3122759461402893
6541,0.32387053966522217
6542,0.23782490193843842
6543,0.5707370042800903
6544,0.39924782514572144
6545,0.4941427707672119
6546,0.46280813217163086
6547,0.4000610411167145
6548,0.4140475392341614
6549,0.5223608016967773
6550,0.5439653396606445
6551,0.5771952867507935
6552,0.7764703631401062
6553,0.35781845450401306
6554,0.3892226219177246
6555,0.36196398735046387
6556,0.5814967751502991
6557,0.3626728057861328
6558,0.78519207239151
6559,0.4057767987251282
6560,0.4662073850631714
6561,0.4279375672340393
6562,0.4814363420009613
6563,0.4465159475803375
6564,0.51316237449646
6565,0.7060142159461975
6566,0.3474055528640747
6567,0.7795984745025635
6568,0.6551750898361206
6569,0.6685359477996826
6570,0.6023298501968384
6571,0.4965919852256775
6572,0.40823230147361755
6573,0.3291615843772888
6574,0.5498532056808472
6575,0.33102405071258545
6576,0.530149519443512
6577,0.618539035320282
6578,0.759105920791626
6579,0.3022027611732483
6580,0.4398913085460663
6581,0.5491451025009155
6582,0.24770493805408478
6583,0.39861688017845154
6584,0.23502609133720398
6585,0.388256698846817
6586,0.5461538434028625
6587,0.39916056394577026
6588,0.5256113409996033
6589,0.3853052854537964
6590,0.5914392471313477
6591,0.3823314905166626
6592,0.4787692725658417
6593,0.270153284072876
6594,0.7784155607223511
6595,0.7904911041259766
6596,0.5473721027374268
6597,0.6858307123184204
6598,0.5314428210258484
6599,0.5200640559196472
6600,0.44732466340065
6601,0.3889611065387726
6602,0.26876434683799744
6603,0.6171713471412659
6604,0.44885772466659546
6605,0.24522392451763153
6606,0.7647039890289307
6607,0.3214379847049713
6608,0.4420452415943146
6609,0.4597170948982239
6610,0.5203365683555603
6611,0.2616015076637268
6612,0.5161422491073608
6613,0.7228183150291443
6614,0.3726135194301605
6615,0.24066396057605743
6616,0.3792508542537689
6617,0.40227237343788147
6618,0.6438075304031372
6619,0.4280717074871063
6620,0.42639997601509094
6621,0.3065747618675232
6622,0.31077638268470764
6623,0.7685667872428894
6624,0.2699595093727112
6625,0.7416229248046875
6626,0.34288159012794495
6627,0.534407913684845
6628,0.3709183633327484
6629,0.4246891736984253
6630,0.3815802037715912
6631,0.5729286074638367
6632,0.2942295968532562
6633,0.3436480462551117
6634,0.4579983353614807
6635,0.5334839224815369
6636,0.7042784690856934
6637,0.5931617617607117
6638,0.2100972682237625
6639,0.7057594656944275
6640,0.2713298797607422
6641,0.22576135396957397
6642,0.4268384277820587
6643,0.6020920276641846
6644,0.6053983569145203
6645,0.600425660610199
6646,0.6960660815238953
6647,0.4323158264160156
6648,0.41130879521369934
6649,0.651042103767395
6650,0.3498584032058716
6651,0.5573874711990356
6652,0.7717636823654175
6653,0.6022945642471313
6654,0.6915900111198425
6655,0.4163949489593506
6656,0.3858136236667633
6657,0.5978399515151978
6658,0.40564119815826416
6659,0.6176574230194092
6660,0.6176005005836487
6661,0.4578346908092499
6662,0.2481584995985031
6663,0.575226902961731
6664,0.22358177602291107
6665,0.4234517514705658
6666,0.7823858857154846
6667,0.5146930813789368
6668,0.6987494230270386
6669,0.42379674315452576
6670,0.44287416338920593
6671,0.36210936307907104
6672,0.4314594268798828
6673,0.24343422055244446
6674,0.39856523275375366
6675,0.3398491442203522
6676,0.419825941324234
6677,0.538309633731842
6678,0.3684753477573395
6679,0.4536111652851105
6680,0.47388848662376404
6681,0.759445309638977
6682,0.25884827971458435
6683,0.6513300538063049
6684,0.43008923530578613
6685,0.48673710227012634
6686,0.3032742440700531
6687,0.6434115171432495
6688,0.3035251200199127
6689,0.39974576234817505
6690,0.5560464859008789
6691,0.49009063839912415
6692,0.7397640347480774
6693,0.31534361839294434
6694,0.7635612487792969
6695,0.3776867091655731
6696,0.5451924800872803
6697,0.6607658267021179
6698,0.4894666075706482
6699,0.39002567529678345
6700,0.24338288605213165
6701,0.5039935111999512
6702,0.456178218126297
6703,0.35434409976005554
6704,0.5377899408340454
6705,0.2714529037475586
6706,0.401422917842865
6707,0.7553315162658691
6708,0.6956526041030884
6709,0.5781048536300659
6710,0.7685277462005615
6711,0.2879098355770111
6712,0.23400552570819855
6713,0.6893781423568726
6714,0.44151824712753296
6715,0.6399590969085693
6716,0.6832979917526245
6717,0.41880732774734497
6718,0.3729208707809448
6719,0.5821793675422668
6720,0.5100980401039124
6721,0.7708360552787781
6722,0.21187160909175873
6723,0.5796554684638977
6724,0.336808979511261
6725,0.4374393820762634
6726,0.702448844909668
6727,0.25751373171806335
6728,0.2568427622318268
6729,0.598647952079773
6730,0.6925944685935974
6731,0.7790668606758118
6732,0.3161623477935791
6733,0.422619491815567
6734,0.6194170713424683
6735,0.3163819909095764
6736,0.3342311978340149
6737,0.576505184173584
6738,0.39534878730773926
6739,0.6268873810768127
6740,0.3632029891014099
6741,0.36317235231399536
6742,0.7917409539222717
6743,0.4362597167491913
6744,0.7575112581253052
6745,0.37681522965431213
6746,0.5613882541656494
6747,0.41301876306533813
6748,0.3412932753562927
6749,0.2715736925601959
6750,0.46943315863609314
6751,0.547598123550415
6752,0.7864710092544556
6753,0.5443214774131775
6754,0.4643215239048004
6755,0.26576003432273865
6756,0.4738612473011017
6757,0.701736330986023
6758,0.2377902716398239
6759,0.3458279073238373
6760,0.38852399587631226
6761,0.5571780204772949
6762,0.5803390741348267
6763,0.6190050840377808
6764,0.6683112978935242
6765,0.39235416054725647
6766,0.570464551448822
6767,0.4232351779937744
6768,0.5603805184364319
6769,0.5856815576553345
6770,0.47667741775512695
6771,0.2792879343032837
6772,0.6856517791748047
6773,0.5182443261146545
6774,0.6503230929374695
6775,0.5186643004417419
6776,0.767289400100708
6777,0.4024806022644043
6778,0.5268253684043884
6779,0.26856276392936707
6780,0.4953349232673645
6781,0.3589232563972473
6782,0.3524169921875
6783,0.39665529131889343
6784,0.2971338927745819
6785,0.26579749584198
6786,0.6777395009994507
6787,0.6518329381942749
6788,0.3721342086791992
6789,0.4982403814792633
6790,0.3826080858707428
6791,0.6078482866287231
6792,0.3959411084651947
6793,0.4867515563964844
6794,0.7740623354911804
6795,0.7805049419403076
6796,0.43429630994796753
6797,0.5743229985237122
6798,0.7725961208343506
6799,0.44290691614151
6800,0.4370746314525604
6801,0.5568187236785889
6802,0.6393163800239563
6803,0.2966713011264801
6804,0.5050987601280212
6805,0.7408809065818787
6806,0.7526066899299622
6807,0.6266342997550964
6808,0.5846167206764221
6809,0.6676690578460693
6810,0.678498387336731
6811,0.4959174394607544
6812,0.5918450355529785
6813,0.5910117030143738
6814,0.6526774764060974
6815,0.38072308897972107
6816,0.38499802350997925
6817,0.4300173819065094
6818,0.32209888100624084
6819,0.24035775661468506
6820,0.4338766038417816
6821,0.1812116652727127
6822,0.6250542998313904
6823,0.6606126427650452
6824,0.6111011505126953
6825,0.27938714623451233
6826,0.4654308557510376
6827,0.38078877329826355
6828,0.40733832120895386
6829,0.45363208651542664
6830,0.3695477545261383
6831,0.5096226930618286
6832,0.25259488821029663
6833,0.5698578953742981
6834,0.34310078620910645
6835,0.597217321395874
6836,0.3645664155483246
6837,0.4034309983253479
6838,0.4087293744087219
6839,0.4208313226699829
6840,0.39154908061027527
6841,0.43763962388038635
6842,0.682960569858551
6843,0.42048346996307373
6844,0.6105250120162964
6845,0.6606270670890808
6846,0.6609504222869873
6847,0.5968396067619324
6848,0.46385061740875244
6849,0.43873870372772217
6850,0.524066150188446
6851,0.3997669816017151
6852,0.7256788015365601
6853,0.36261603236198425
6854,0.7739126682281494
6855,0.32968705892562866
6856,0.6464386582374573
6857,0.6152684688568115
6858,0.41144251823425293
6859,0.6152146458625793
6860,0.4658606946468353
6861,0.7685389518737793
6862,0.3652667701244354
6863,0.42492327094078064
6864,0.6618785858154297
6865,0.6399153470993042
6866,0.4543963372707367
6867,0.37583938241004944
6868,0.5300787687301636
6869,0.6322842240333557
6870,0.6453388929367065
6871,0.40685123205184937
6872,0.43677565455436707
6873,0.5437374711036682
6874,0.534650981426239
6875,0.5523310899734497
6876,0.2272409200668335
6877,0.3826134204864502
6878,0.7588304281234741
6879,0.24341948330402374
6880,0.5832298994064331
6881,0.483105331659317
6882,0.44850385189056396
6883,0.531861424446106
6884,0.4654587507247925
6885,0.5371226072311401
6886,0.2375836968421936
6887,0.4511415362358093
6888,0.22052635252475739
6889,0.46346205472946167
6890,0.3203258812427521
6891,0.7588580846786499
6892,0.4084043502807617
6893,0.29988065361976624
6894,0.2503335475921631
6895,0.5898118019104004
6896,0.7839361429214478
6897,0.3679465055465698
6898,0.33791646361351013
6899,0.20491373538970947
6900,0.6601231098175049
6901,0.7271288633346558
6902,0.2632920742034912
6903,0.4090966284275055
6904,0.47467824816703796
6905,0.6150301694869995
6906,0.4846833050251007
6907,0.5908032655715942
6908,0.48594045639038086
6909,0.650350034236908
6910,0.6957583427429199
6911,0.7196049690246582
6912,0.6063821315765381
6913,0.5135433673858643
6914,0.2660166919231415
6915,0.4102759063243866
6916,0.4774138331413269
6917,0.3849734365940094
6918,0.37754204869270325
6919,0.4375131130218506
6920,0.46016183495521545
6921,0.4933438301086426
6922,0.27063560485839844
6923,0.3541766107082367
6924,0.5682424306869507
6925,0.7764750719070435
6926,0.5222291946411133
6927,0.46867069602012634
6928,0.498086541891098
6929,0.676629364490509
6930,0.49110832810401917
6931,0.4659988582134247
6932,0.741574227809906
6933,0.6153076887130737
6934,0.3503033518791199
6935,0.2811829745769501
6936,0.3546258211135864
6937,0.6323873996734619
6938,0.4491594731807709
6939,0.36025652289390564
6940,0.5504786968231201
6941,0.4630140960216522
6942,0.7809417843818665
6943,0.7502762675285339
6944,0.5064859986305237
6945,0.2783088684082031
6946,0.44787317514419556
6947,0.4518651068210602
6948,0.6694591641426086
6949,0.2330666482448578
6950,0.44336357712745667
6951,0.4143788814544678
6952,0.2143549919128418
6953,0.6453848481178284
6954,0.6196514964103699
6955,0.5236638188362122
6956,0.7903064489364624
6957,0.41210392117500305
6958,0.3583301901817322
6959,0.3388405740261078
6960,0.2564198076725006
6961,0.4738553464412689
6962,0.428078293800354
6963,0.43989741802215576
6964,0.6196601390838623
6965,0.4434231221675873
6966,0.5996286869049072
6967,0.5008148550987244
6968,0.48464810848236084
6969,0.7613450884819031
6970,0.4970289468765259
6971,0.791923999786377
6972,0.4470103085041046
6973,0.33821168541908264
6974,0.5416254997253418
6975,0.28243446350097656
6976,0.7201093435287476
6977,0.474168598651886
6978,0.3122701942920685
6979,0.7148577570915222
6980,0.5952562093734741
6981,0.770727813243866
6982,0.5624058842658997
6983,0.32528969645500183
6984,0.47634369134902954
6985,0.7586612701416016
6986,0.4032442569732666
6987,0.37000569701194763
6988,0.7699694633483887
6989,0.2607647180557251
6990,0.5583709478378296
6991,0.772822916507721
6992,0.5854099988937378
6993,0.5622358322143555
6994,0.4639665484428406
6995,0.47617602348327637
6996,0.3333158493041992
6997,0.7110475897789001
6998,0.6086896657943726
6999,0.6731559634208679
7000,0.769273579120636
7001,0.697334885597229
7002,0.4221612811088562
7003,0.3126281797885895
7004,0.5348508954048157
7005,0.7722594141960144
7006,0.4673125743865967
7007,0.45802661776542664
7008,0.21983768045902252
7009,0.46034881472587585
7010,0.24332642555236816
7011,0.5261111855506897
7012,0.7692628502845764
7013,0.7867256999015808
7014,0.4819003641605377
7015,0.2471647560596466
7016,0.35670894384384155
7017,0.5294817686080933
7018,0.4479297995567322
7019,0.5641992092132568
7020,0.5201948285102844
7021,0.3297097682952881
7022,0.6959474682807922
7023,0.728141188621521
7024,0.2560117244720459
7025,0.5598445534706116
7026,0.7890081405639648
7027,0.6617509722709656
7028,0.507587730884552
7029,0.21515321731567383
7030,0.6695475578308105
7031,0.698058009147644
7032,0.3521544635295868
7033,0.38786187767982483
7034,0.610805332660675
7035,0.24521462619304657
7036,0.5693396925926208
7037,0.40611758828163147
7038,0.5288704633712769
7039,0.5308582782745361
7040,0.3495958745479584
7041,0.4539051949977875
7042,0.38843896985054016
7043,0.7809051275253296
7044,0.5112844705581665
7045,0.40429967641830444
7046,0.5992406606674194
7047,0.3311377465724945
7048,0.4869726896286011
7049,0.4778032600879669
7050,0.5891796350479126
7051,0.408627450466156
7052,0.3052692711353302
7053,0.4805240035057068
7054,0.485434353351593
7055,0.7301957607269287
7056,0.42494529485702515
7057,0.6849679946899414
7058,0.5370563864707947
7059,0.5497451424598694
7060,0.6409837007522583
7061,0.2615490257740021
7062,0.7882733941078186
7063,0.2582571804523468
7064,0.7549370527267456
7065,0.3431665301322937
7066,0.4645025134086609
7067,0.5804924368858337
7068,0.39763206243515015
7069,0.7246350049972534
7070,0.594572126865387
7071,0.470551997423172
7072,0.5545139312744141
7073,0.5990710258483887
7074,0.33749642968177795
7075,0.5016135573387146
7076,0.32400450110435486
7077,0.7843265533447266
7078,0.7792859673500061
7079,0.46059858798980713
7080,0.37086164951324463
7081,0.6261716485023499
7082,0.7653006315231323
7083,0.5231236815452576
7084,0.3209700882434845
7085,0.7067327499389648
7086,0.4156782627105713
7087,0.4246840178966522
7088,0.45773136615753174
7089,0.497020959854126
7090,0.4676099121570587
7091,0.39828503131866455
7092,0.30719316005706787
7093,0.39578408002853394
7094,0.4799500107765198
7095,0.4155676066875458
7096,0.3379994332790375
7097,0.5899361371994019
7098,0.38685181736946106
7099,0.7610712647438049
7100,0.44919437170028687
7101,0.4846093952655792
7102,0.34994369745254517
7103,0.6116253137588501
7104,0.7831628918647766
7105,0.761340856552124
7106,0.47580087184906006
7107,0.5741583108901978
7108,0.6138620972633362
7109,0.4579727351665497
7110,0.5470027923583984
7111,0.4483778476715088
7112,0.41208115220069885
7113,0.4316118061542511
7114,0.4232611060142517
7115,0.5976541638374329
7116,0.5129154324531555
7117,0.35759952664375305
7118,0.6306828856468201
7119,0.7315042614936829
7120,0.37659895420074463
7121,0.5599772930145264
7122,0.26168596744537354
7123,0.4094869792461395
7124,0.3168714642524719
7125,0.2459990233182907
7126,0.6474287509918213
7127,0.2655162215232849
7128,0.6348779201507568
7129,0.5235098600387573
7130,0.38278135657310486
7131,0.4553701877593994
7132,0.7254535555839539
7133,0.708666980266571
7134,0.24159803986549377
7135,0.43144842982292175
7136,0.3377816379070282
7137,0.3127480149269104
7138,0.565471887588501
7139,0.4471655786037445
7140,0.3434895873069763
7141,0.5472819805145264
7142,0.4480259120464325
7143,0.44998466968536377
7144,0.3386983573436737
7145,0.6480448842048645
7146,0.5075256824493408
7147,0.4463663697242737
7148,0.5595887899398804
7149,0.5392728447914124
7150,0.6722177267074585
7151,0.4483887553215027
7152,0.7608875632286072
7153,0.4589318633079529
7154,0.26203280687332153
7155,0.452032208442688
7156,0.6433910131454468
7157,0.4552537500858307
7158,0.4816462993621826
7159,0.5955185890197754
7160,0.43336039781570435
7161,0.34903597831726074
7162,0.23361147940158844
7163,0.7875340580940247
7164,0.42155277729034424
7165,0.4646265208721161
7166,0.3394525945186615
7167,0.4697495996952057
7168,0.30131620168685913
7169,0.6036887764930725
7170,0.41292035579681396
7171,0.5758615732192993
7172,0.3088621199131012
7173,0.3553781509399414
7174,0.603684663772583
7175,0.31256330013275146
7176,0.5037989020347595
7177,0.4471130669116974
7178,0.2288312315940857
7179,0.48812687397003174
7180,0.452768474817276
7181,0.5927693843841553
7182,0.6471655964851379
7183,0.6586123108863831
7184,0.6762922406196594
7185,0.26915284991264343
7186,0.6967060565948486
7187,0.30160316824913025
7188,0.4647130072116852
7189,0.36827757954597473
7190,0.400855153799057
7191,0.5452684164047241
7192,0.5044005513191223
7193,0.7694864869117737
7194,0.4806937873363495
7195,0.6307921409606934
7196,0.7843518853187561
7197,0.3049723207950592
7198,0.7818293571472168
7199,0.47865062952041626
7200,0.5440894365310669
7201,0.23545661568641663
7202,0.42990827560424805
7203,0.5558584332466125
7204,0.3231825828552246
7205,0.3130468428134918
7206,0.4904232919216156
7207,0.5336492657661438
7208,0.34571143984794617
7209,0.3547575771808624
7210,0.25251704454421997
7211,0.7383397221565247
7212,0.40796011686325073
7213,0.4951169788837433
7214,0.3032902181148529
7215,0.4646246135234833
7216,0.3939463794231415
7217,0.4744674265384674
7218,0.4820404052734375
7219,0.6788826584815979
7220,0.4587026834487915
7221,0.46943652629852295
7222,0.5524640083312988
7223,0.29255443811416626
7224,0.6647446751594543
7225,0.6652604937553406
7226,0.7414150238037109
7227,0.5827186107635498
7228,0.2508797347545624
7229,0.5333349108695984
7230,0.4469669759273529
7231,0.613611102104187
7232,0.3643744885921478
7233,0.6476851105690002
7234,0.3596951961517334
7235,0.4848666787147522
7236,0.4880030155181885
7237,0.3596087396144867
7238,0.473023384809494
7239,0.7851771116256714
7240,0.4296231269836426
7241,0.5413565039634705
7242,0.42508628964424133
7243,0.5145071744918823
7244,0.3113989531993866
7245,0.24653898179531097
7246,0.7844918966293335
7247,0.7853981852531433
7248,0.5975605845451355
7249,0.780946671962738
7250,0.5597402453422546
7251,0.4196762144565582
7252,0.6750704646110535
7253,0.46295037865638733
7254,0.3879288136959076
7255,0.2760623097419739
7256,0.5439004898071289
7257,0.3441893756389618
7258,0.7616684436798096
7259,0.4598344564437866
7260,0.4299353361129761
7261,0.4119986593723297
7262,0.7859955430030823
7263,0.33194997906684875
7264,0.5771178603172302
7265,0.29246649146080017
7266,0.7615876793861389
7267,0.547105610370636
7268,0.562427282333374
7269,0.5790631175041199
7270,0.45672792196273804
7271,0.5798611044883728
7272,0.21695692837238312
7273,0.3314129710197449
7274,0.4070999026298523
7275,0.5892242193222046
7276,0.6906666159629822
7277,0.3515274226665497
7278,0.6165213584899902
7279,0.33550548553466797
7280,0.23717468976974487
7281,0.5201245546340942
7282,0.6723157167434692
7283,0.5883634686470032
7284,0.6509984135627747
7285,0.4907242953777313
7286,0.5900740027427673
7287,0.5125368237495422
7288,0.4596746563911438
7289,0.4248208701610565
7290,0.5976080894470215
7291,0.5644768476486206
7292,0.5304934978485107
7293,0.4804655909538269
7294,0.49088117480278015
7295,0.4312281906604767
7296,0.448426753282547
7297,0.24432389438152313
7298,0.4378488063812256
7299,0.5182068943977356
7300,0.648760199546814
7301,0.40238720178604126
7302,0.47001442313194275
7303,0.29691460728645325
7304,0.265953004360199
7305,0.30336958169937134
7306,0.3942639231681824
7307,0.7695444226264954
7308,0.3264576494693756
7309,0.44543132185935974
7310,0.6924583315849304
7311,0.5897430777549744
7312,0.49394291639328003
7313,0.2921842634677887
7314,0.49967366456985474
7315,0.6975772380828857
7316,0.6736030578613281
7317,0.2618093192577362
7318,0.45623138546943665
7319,0.7237275242805481
7320,0.5951018333435059
7321,0.4334871470928192
7322,0.522588849067688
7323,0.5511904358863831
7324,0.5587613582611084
7325,0.2912386655807495
7326,0.5692322850227356
7327,0.26944196224212646
7328,0.2812695801258087
7329,0.6437369585037231
7330,0.3289763331413269
7331,0.5360737442970276
7332,0.5049185156822205
7333,0.28323042392730713
7334,0.33916687965393066
7335,0.4271719753742218
7336,0.3934437334537506
7337,0.3512927293777466
7338,0.49285298585891724
7339,0.5044793486595154
7340,0.5656359195709229
7341,0.6244981288909912
7342,0.49208757281303406
7343,0.4329797327518463
7344,0.7689113020896912
7345,0.484451562166214
7346,0.3689568042755127
7347,0.5994405150413513
7348,0.3023885488510132
7349,0.6044657826423645
7350,0.28348150849342346
7351,0.4377894103527069
7352,0.5257591605186462
7353,0.6636042594909668
7354,0.7814615368843079
7355,0.2484443187713623
7356,0.27444005012512207
7357,0.4579094350337982
7358,0.5740013718605042
7359,0.3841472566127777
7360,0.40955695509910583
7361,0.44005414843559265
7362,0.47439566254615784
7363,0.5395038723945618
7364,0.7692905068397522
7365,0.6614249348640442
7366,0.3140082061290741
7367,0.5020490884780884
7368,0.569797694683075
7369,0.5965635776519775
7370,0.7666639685630798
7371,0.4273916482925415
7372,0.3090190291404724
7373,0.3486303985118866
7374,0.4489332437515259
7375,0.43892040848731995
7376,0.3789152503013611
7377,0.23169781267642975
7378,0.45789018273353577
7379,0.40624886751174927
7380,0.4306301176548004
7381,0.46597203612327576
7382,0.4392210841178894
7383,0.311031699180603
7384,0.34344133734703064
7385,0.3867293894290924
7386,0.3918873369693756
7387,0.3138086795806885
7388,0.6569012999534607
7389,0.4936625361442566
7390,0.6804839968681335
7391,0.6728606820106506
7392,0.4612850844860077
7393,0.48384085297584534
7394,0.5405495762825012
7395,0.2977311611175537
7396,0.3166220784187317
7397,0.4464595317840576
7398,0.22343085706233978
7399,0.4630435109138489
7400,0.5264695286750793
7401,0.4728286564350128
7402,0.5829671025276184
7403,0.6843036413192749
7404,0.5248960852622986
7405,0.7718095183372498
7406,0.610689103603363
7407,0.2784910798072815
7408,0.40382543206214905
7409,0.6123897433280945
7410,0.7713069319725037
7411,0.2482566237449646
7412,0.3601886034011841
7413,0.3991962671279907
7414,0.7256671190261841
7415,0.4300346076488495
7416,0.4251127243041992
7417,0.6255568861961365
7418,0.32348522543907166
7419,0.48896485567092896
7420,0.26482462882995605
7421,0.5003448724746704
7422,0.6627794504165649
7423,0.21765220165252686
7424,0.464654803276062
7425,0.23209376633167267
7426,0.4179288148880005
7427,0.3853681981563568
7428,0.2054910808801651
7429,0.7845348119735718
7430,0.5851446986198425
7431,0.5967376232147217
7432,0.45796123147010803
7433,0.5281236171722412
7434,0.3160897493362427
7435,0.5283739566802979
7436,0.6194400787353516
7437,0.5091882348060608
7438,0.7393918037414551
7439,0.4595640301704407
7440,0.23050886392593384
7441,0.7546981573104858
7442,0.3774559497833252
7443,0.5598825216293335
7444,0.5352206826210022
7445,0.7232486009597778
7446,0.7389503717422485
7447,0.4845677316188812
7448,0.3272804021835327
7449,0.511474609375
7450,0.7742413878440857
7451,0.6031806468963623
7452,0.7627128958702087
7453,0.7732949256896973
7454,0.46400824189186096
7455,0.5315513610839844
7456,0.3292914927005768
7457,0.5172902941703796
7458,0.7893624901771545
7459,0.3790023624897003
7460,0.4105791747570038
7461,0.4071328938007355
7462,0.568335235118866
7463,0.5044148564338684
7464,0.3283119201660156
7465,0.5211528539657593
7466,0.20459403097629547
7467,0.26228392124176025
7468,0.7634173035621643
7469,0.7006900310516357
7470,0.729343831539154
7471,0.45279353857040405
7472,0.4309600591659546
7473,0.4023597836494446
7474,0.47404196858406067
7475,0.2767009735107422
7476,0.33302074670791626
7477,0.44298452138900757
7478,0.4279143214225769
7479,0.21339429914951324
7480,0.5479251742362976
7481,0.22592303156852722
7482,0.23237285017967224
7483,0.516266405582428
7484,0.443501740694046
7485,0.683847188949585
7486,0.5954629778862
7487,0.38551363348960876
7488,0.43082374334335327
7489,0.622373104095459
7490,0.23448802530765533
7491,0.6930522322654724
7492,0.6680349111557007
7493,0.5648902058601379
7494,0.77985018491745
7495,0.26387903094291687
7496,0.3594604432582855
7497,0.3740086853504181
7498,0.4737130105495453
7499,0.22172996401786804
7500,0.6165778636932373
7501,0.6961151957511902
7502,0.5083383321762085
7503,0.29985055327415466
7504,0.4275895357131958
7505,0.3329279124736786
7506,0.629437267780304
7507,0.7443957328796387
7508,0.5357989072799683
7509,0.7694188952445984
7510,0.30057960748672485
7511,0.5770093202590942
7512,0.46379590034484863
7513,0.4854041635990143
7514,0.523232638835907
7515,0.6819437146186829
7516,0.3456020653247833
7517,0.35245323181152344
7518,0.47217535972595215
7519,0.41619670391082764
7520,0.6724581718444824
7521,0.34232425689697266
7522,0.7838249802589417
7523,0.7449721693992615
7524,0.29720738530158997
7525,0.44335201382637024
7526,0.7684054374694824
7527,0.509113609790802
7528,0.6749918460845947
7529,0.3958951532840729
7530,0.6065904498100281
7531,0.26878657937049866
7532,0.4814533591270447
7533,0.245911106467247
7534,0.651594340801239
7535,0.37013503909111023
7536,0.44394993782043457
7537,0.7887119054794312
7538,0.41881993412971497
7539,0.4512971043586731
7540,0.24404767155647278
7541,0.33397719264030457
7542,0.33633947372436523
7543,0.6684764623641968
7544,0.4237386882305145
7545,0.34437501430511475
7546,0.5000921487808228
7547,0.6321449279785156
7548,0.33258286118507385
7549,0.5023227334022522
7550,0.4392753839492798
7551,0.5007629990577698
7552,0.5508055686950684
7553,0.44239574670791626
7554,0.5154958367347717
7555,0.6103377938270569
7556,0.2963210940361023
7557,0.32537758350372314
7558,0.766726553440094
7559,0.49796634912490845
7560,0.24532218277454376
7561,0.479537695646286
7562,0.3837815523147583
7563,0.4422677159309387
7564,0.5792350769042969
7565,0.6275695562362671
7566,0.5765940546989441
7567,0.5171913504600525
7568,0.6608924865722656
7569,0.4498327970504761
7570,0.6183228492736816
7571,0.3857300877571106
7572,0.24621474742889404
7573,0.48374414443969727
7574,0.38704365491867065
7575,0.4094652533531189
7576,0.47324663400650024
7577,0.37558478116989136
7578,0.42494094371795654
7579,0.49538707733154297
7580,0.4622267484664917
7581,0.2598850727081299
7582,0.4655560255050659
7583,0.3545594811439514
7584,0.45702266693115234
7585,0.5081008076667786
7586,0.46188250184059143
7587,0.6476579308509827
7588,0.7726545929908752
7589,0.45864060521125793
7590,0.764792263507843
7591,0.5551850199699402
7592,0.40164515376091003
7593,0.29349228739738464
7594,0.619149386882782
7595,0.4768659174442291
7596,0.48789387941360474
7597,0.4117305874824524
7598,0.5316261053085327
7599,0.5394289493560791
7600,0.5610857009887695
7601,0.47074636816978455
7602,0.23483340442180634
7603,0.6305500864982605
7604,0.44923508167266846
7605,0.3422558009624481
7606,0.6686394810676575
7607,0.439758837223053
7608,0.5973709225654602
7609,0.22990575432777405
7610,0.6900500655174255
7611,0.4090176820755005
7612,0.3712555766105652
7613,0.49764251708984375
7614,0.5256220102310181
7615,0.27594926953315735
7616,0.4301294982433319
7617,0.4923032224178314
7618,0.23374134302139282
7619,0.6626413464546204
7620,0.3528931140899658
7621,0.6490912437438965
7622,0.28758713603019714
7623,0.4735855758190155
7624,0.21300433576107025
7625,0.4453037679195404
7626,0.407391220331192
7627,0.3328506350517273
7628,0.2771553695201874
7629,0.5800216794013977
7630,0.43112942576408386
7631,0.7599921822547913
7632,0.5627535581588745
7633,0.39680016040802
7634,0.2742297351360321
7635,0.5902957320213318
7636,0.77641761302948
7637,0.3121620714664459
7638,0.7355587482452393
7639,0.2893434464931488
7640,0.5915829539299011
7641,0.5237889885902405
7642,0.21348914504051208
7643,0.588876485824585
7644,0.6250778436660767
7645,0.6693424582481384
7646,0.22738465666770935
7647,0.2756233215332031
7648,0.4875626266002655
7649,0.24968001246452332
7650,0.49528828263282776
7651,0.2941283583641052
7652,0.36771926283836365
7653,0.2551659345626831
7654,0.39063572883605957
7655,0.5460484027862549
7656,0.4989127516746521
7657,0.6218182444572449
7658,0.42603224515914917
7659,0.22314541041851044
7660,0.38447314500808716
7661,0.3665790557861328
7662,0.6350969672203064
7663,0.6858218908309937
7664,0.7680976390838623
7665,0.4175787568092346
7666,0.3104933500289917
7667,0.7572518587112427
7668,0.7058701515197754
7669,0.4560871422290802
7670,0.7732812166213989
7671,0.4442785680294037
7672,0.5095687508583069
7673,0.4176007807254791
7674,0.360081285238266
7675,0.5495641231536865
7676,0.6191958785057068
7677,0.5874098539352417
7678,0.33895277976989746
7679,0.34406185150146484
7680,0.6247507929801941
7681,0.5136430859565735
7682,0.2943015396595001
7683,0.5214812159538269
7684,0.5433411002159119
7685,0.23518265783786774
7686,0.5706357359886169
7687,0.41806235909461975
7688,0.3970978856086731
7689,0.4340687096118927
7690,0.5457490682601929
7691,0.3047412931919098
7692,0.739351212978363
7693,0.44578832387924194
7694,0.2831701636314392
7695,0.38991081714630127
7696,0.3114529550075531
7697,0.5276430249214172
7698,0.4646759629249573
7699,0.4101826846599579
7700,0.5679281949996948
7701,0.2210620790719986
7702,0.3601303696632385
7703,0.3034501373767853
7704,0.5900454521179199
7705,0.46941134333610535
7706,0.3178509473800659
7707,0.4402496814727783
7708,0.5308720469474792
7709,0.548170804977417
7710,0.3259340524673462
7711,0.24271532893180847
7712,0.6453415155410767
7713,0.35521048307418823
7714,0.480878084897995
7715,0.21295367181301117
7716,0.5808423757553101
7717,0.5066191554069519
7718,0.5993753671646118
7719,0.7703558206558228
7720,0.72048419713974
7721,0.7072995901107788
7722,0.5982840061187744
7723,0.6197041273117065
7724,0.48920395970344543
7725,0.41391849517822266
7726,0.5972471237182617
7727,0.6480615735054016
7728,0.7303429245948792
7729,0.7778472304344177
7730,0.26125890016555786
7731,0.49237099289894104
7732,0.38012605905532837
7733,0.5349257588386536
7734,0.4871535301208496
7735,0.4910036027431488
7736,0.5484024882316589
7737,0.3605364263057709
7738,0.2767743170261383
7739,0.7740731835365295
7740,0.469164103269577
7741,0.3085269331932068
7742,0.5121549367904663
7743,0.5942293405532837
7744,0.4745316505432129
7745,0.44813477993011475
7746,0.36315837502479553
7747,0.5579450130462646
7748,0.5547633767127991
7749,0.6556182503700256
7750,0.7359896898269653
7751,0.4729139506816864
7752,0.5287610292434692
7753,0.478161096572876
7754,0.4740528464317322
7755,0.4772373139858246
7756,0.43659907579421997
7757,0.7842471599578857
7758,0.4095434248447418
7759,0.47595030069351196
7760,0.782609760761261
7761,0.32568109035491943
7762,0.5249818563461304
7763,0.44897809624671936
7764,0.5405306816101074
7765,0.360774964094162
7766,0.6862872838973999
7767,0.4844520092010498
7768,0.4723331332206726
7769,0.42947477102279663
7770,0.6073518395423889
7771,0.3682681918144226
7772,0.7700258493423462
7773,0.7814850807189941
7774,0.45019835233688354
7775,0.33929353952407837
7776,0.3265950381755829
7777,0.2717992663383484
7778,0.4320940673351288
7779,0.5482833981513977
7780,0.4215007722377777
7781,0.36870965361595154
7782,0.2939468324184418
7783,0.4296514391899109
7784,0.5197388529777527
7785,0.4636182487010956
7786,0.405356764793396
7787,0.33448266983032227
7788,0.4295867681503296
7789,0.2587440311908722
7790,0.24522101879119873
7791,0.4233432710170746
7792,0.7036173343658447
7793,0.5109173655509949
7794,0.6221559047698975
7795,0.4040294885635376
7796,0.6486399173736572
7797,0.4143611192703247
7798,0.6838648915290833
7799,0.7431724071502686
7800,0.545390784740448
7801,0.4921601116657257
7802,0.5159815549850464
7803,0.6003618240356445
7804,0.47255468368530273
7805,0.7657790780067444
7806,0.45034849643707275
7807,0.28374430537223816
7808,0.7646756768226624
7809,0.4074668884277344
7810,0.7566543221473694
7811,0.7681607007980347
7812,0.21644195914268494
7813,0.7629296183586121
7814,0.6644670963287354
7815,0.4639362096786499
7816,0.27734631299972534
7817,0.6560387015342712
7818,0.3718377351760864
7819,0.4523315131664276
7820,0.46086859703063965
7821,0.5988391041755676
7822,0.22581002116203308
7823,0.7931138873100281
7824,0.7817984223365784
7825,0.6418198347091675
7826,0.21970351040363312
7827,0.2663176953792572
7828,0.2607073187828064
7829,0.7653043866157532
7830,0.7660085558891296
7831,0.547051191329956
7832,0.7757967114448547
7833,0.22443197667598724
7834,0.218616783618927
7835,0.6585093140602112
7836,0.7513875365257263
7837,0.42726898193359375
7838,0.5810641050338745
7839,0.27304607629776
7840,0.4966200292110443
7841,0.7360040545463562
7842,0.7751923203468323
7843,0.7725115418434143
7844,0.3934773802757263
7845,0.5358085632324219
7846,0.6876794099807739
7847,0.2784828543663025
7848,0.6408318877220154
7849,0.2398807853460312
7850,0.5034725666046143
7851,0.5525889992713928
7852,0.3985808491706848
7853,0.5616080164909363
7854,0.6910523176193237
7855,0.4097039997577667
7856,0.3623141944408417
7857,0.33141323924064636
7858,0.28395897150039673
7859,0.4442867338657379
7860,0.7793712615966797
7861,0.6256933212280273
7862,0.45062878727912903
7863,0.5991098284721375
7864,0.7160433530807495
7865,0.45805099606513977
7866,0.4627966582775116
7867,0.5717160105705261
7868,0.3824460208415985
7869,0.3468044698238373
7870,0.7617943286895752
7871,0.4502633810043335
7872,0.7925275564193726
7873,0.40942296385765076
7874,0.5225833058357239
7875,0.6150507926940918
7876,0.7600825428962708
7877,0.5216707587242126
7878,0.3382650315761566
7879,0.580146312713623
7880,0.4973227381706238
7881,0.7122021317481995
7882,0.5021823644638062
7883,0.3719845414161682
7884,0.3615504801273346
7885,0.4231215715408325
7886,0.4897356927394867
7887,0.6720632314682007
7888,0.33360737562179565
7889,0.25106897950172424
7890,0.5303176641464233
7891,0.38127174973487854
7892,0.49066779017448425
7893,0.5283336043357849
7894,0.5209850072860718
7895,0.791048526763916
7896,0.3962342143058777
7897,0.5105985403060913
7898,0.7134957909584045
7899,0.5494646430015564
7900,0.46638476848602295
7901,0.5840559601783752
7902,0.6085869073867798
7903,0.5369808673858643
7904,0.5125439167022705
7905,0.7697924971580505
7906,0.5998467206954956
7907,0.5069143772125244
7908,0.3310571610927582
7909,0.40464454889297485
7910,0.7696788311004639
7911,0.5195915102958679
7912,0.6552937626838684
7913,0.6073490381240845
7914,0.4424699544906616
7915,0.5708506107330322
7916,0.4196782112121582
7917,0.6747292280197144
7918,0.5178335309028625
7919,0.345920205116272
7920,0.7095455527305603
7921,0.4577574133872986
7922,0.5509313344955444
7923,0.2186419814825058
7924,0.5200682282447815
7925,0.7097816467285156
7926,0.4598431885242462
7927,0.5068767070770264
7928,0.24194402992725372
7929,0.5518994927406311
7930,0.5622415542602539
7931,0.6816725730895996
7932,0.47681495547294617
7933,0.4700392484664917
7934,0.5044751167297363
7935,0.5767228007316589
7936,0.5278697609901428
7937,0.7750934958457947
7938,0.7800710201263428
7939,0.7608981132507324
7940,0.7823443412780762
7941,0.2919960618019104
7942,0.4002966284751892
7943,0.6072209477424622
7944,0.7590855956077576
7945,0.656617283821106
7946,0.43968796730041504
7947,0.6749228239059448
7948,0.5565503239631653
7949,0.27510586380958557
7950,0.5435724854469299
7951,0.3019587993621826
7952,0.7712461948394775
7953,0.7598709464073181
7954,0.6353827118873596
7955,0.5671955347061157
7956,0.4021981656551361
7957,0.28005728125572205
7958,0.4792576730251312
7959,0.7104751467704773
7960,0.792843759059906
7961,0.49226921796798706
7962,0.5538477897644043
7963,0.5411853790283203
7964,0.44629809260368347
7965,0.39871323108673096
7966,0.5450724959373474
7967,0.5341075658798218
7968,0.5364024043083191
7969,0.6801967620849609
7970,0.32507261633872986
7971,0.6235181093215942
7972,0.4899342656135559
7973,0.7334911823272705
7974,0.6257287263870239
7975,0.34056612849235535
7976,0.7844188809394836
7977,0.7800930142402649
7978,0.7573537826538086
7979,0.5729598999023438
7980,0.32130172848701477
7981,0.33903324604034424
7982,0.45799872279167175
7983,0.6976840496063232
7984,0.8005648255348206
7985,0.2564137876033783
7986,0.35199666023254395
7987,0.5203087329864502
7988,0.4218863844871521
7989,0.5574696063995361
7990,0.4229610562324524
7991,0.46621933579444885
7992,0.4541064202785492
7993,0.7601972818374634
7994,0.4004436433315277
7995,0.787628710269928
7996,0.7537450194358826
7997,0.7758283615112305
7998,0.2756670415401459
7999,0.5182477831840515
8000,0.7714271545410156
8001,0.46100860834121704
8002,0.4334065318107605
8003,0.35593149065971375
8004,0.35975947976112366
8005,0.2619764804840088
8006,0.4670046865940094
8007,0.35854998230934143
8008,0.5154831409454346
8009,0.5342050194740295
8010,0.4052458107471466
8011,0.7700724601745605
8012,0.37488090991973877
8013,0.31039831042289734
8014,0.42440348863601685
8015,0.5831835269927979
8016,0.5272705554962158
8017,0.5395262837409973
8018,0.4052508473396301
8019,0.7354861497879028
8020,0.3847036361694336
8021,0.6347129344940186
8022,0.456085205078125
8023,0.5995244979858398
8024,0.49124422669410706
8025,0.7113366723060608
8026,0.4318362772464752
8027,0.6968356370925903
8028,0.5470319390296936
8029,0.40392425656318665
8030,0.509302020072937
8031,0.6715912222862244
8032,0.35822635889053345
8033,0.5890505909919739
8034,0.41559404134750366
8035,0.21996349096298218
8036,0.4094129204750061
8037,0.3040466010570526
8038,0.7167109847068787
8039,0.20170870423316956
8040,0.57654869556427
8041,0.42043784260749817
8042,0.5416556000709534
8043,0.7026485204696655
8044,0.6152690052986145
8045,0.34758368134498596
8046,0.45151054859161377
8047,0.7828956842422485
8048,0.6939473152160645
8049,0.3791769742965698
8050,0.7008323073387146
8051,0.46465930342674255
8052,0.47034090757369995
8053,0.7258362174034119
8054,0.48230159282684326
8055,0.23607958853244781
8056,0.45329779386520386
8057,0.667182207107544
8058,0.5800045132637024
8059,0.40823519229888916
8060,0.4224852919578552
8061,0.3827159106731415
8062,0.4516930878162384
8063,0.5332641005516052
8064,0.22332580387592316
8065,0.7518321871757507
8066,0.428697794675827
8067,0.4758066236972809
8068,0.24544407427310944
8069,0.4887884557247162
8070,0.585877001285553
8071,0.43174436688423157
8072,0.6000993847846985
8073,0.3195279836654663
8074,0.49361905455589294
8075,0.7462716102600098
8076,0.7648480534553528
8077,0.6123157143592834
8078,0.6166069507598877
8079,0.5951130986213684
8080,0.4779924750328064
8081,0.5357264280319214
8082,0.5735536813735962
8083,0.2570413053035736
8084,0.4307706654071808
8085,0.6023442149162292
8086,0.19550380110740662
8087,0.6307069063186646
8088,0.4233728051185608
8089,0.2735466957092285
8090,0.4017241299152374
8091,0.5397124290466309
8092,0.2895299196243286
8093,0.5118159651756287
8094,0.36688318848609924
8095,0.593712568283081
8096,0.40336236357688904
8097,0.7654803991317749
8098,0.3162756860256195
8099,0.49207010865211487
8100,0.7842646837234497
8101,0.45829877257347107
8102,0.5147754549980164
8103,0.46998152136802673
8104,0.4181163012981415
8105,0.4203382730484009
8106,0.6136239767074585
8107,0.37939080595970154
8108,0.3730100393295288
8109,0.626740574836731
8110,0.4105430543422699
8111,0.4446715712547302
8112,0.454833447933197
8113,0.7392231822013855
8114,0.7018483877182007
8115,0.46146923303604126
8116,0.21576283872127533
8117,0.4486156105995178
8118,0.3848142921924591
8119,0.6688735485076904
8120,0.4529014825820923
8121,0.4436436593532562
8122,0.454280823469162
8123,0.5119028091430664
8124,0.5787673592567444
8125,0.6660128235816956
8126,0.41334882378578186
8127,0.6578001976013184
8128,0.5094223022460938
8129,0.5091485381126404
8130,0.6550609469413757
8131,0.4537717401981354
8132,0.7773663997650146
8133,0.34334462881088257
8134,0.3791627585887909
8135,0.6335328221321106
8136,0.41680800914764404
8137,0.3924048840999603
8138,0.45485973358154297
8139,0.625594437122345
8140,0.6656690239906311
8141,0.4085492789745331
8142,0.5758780837059021
8143,0.5730736255645752
8144,0.5181391835212708
8145,0.45800894498825073
8146,0.5362093448638916
8147,0.4956528842449188
8148,0.2975868284702301
8149,0.41574573516845703
8150,0.4797568619251251
8151,0.4255007803440094
8152,0.2288629114627838
8153,0.21380046010017395
8154,0.5085132122039795
8155,0.5256299376487732
8156,0.6351005434989929
8157,0.42438629269599915
8158,0.34098416566848755
8159,0.41492775082588196
8160,0.2774338126182556
8161,0.42731085419654846
8162,0.35088878870010376
8163,0.269559770822525
8164,0.5516741871833801
8165,0.3685005307197571
8166,0.4290672540664673
8167,0.589786946773529
8168,0.6605753898620605
8169,0.4839067757129669
8170,0.38282424211502075
8171,0.4825628697872162
8172,0.3547990024089813
8173,0.343962162733078
8174,0.57565838098526
8175,0.3689090311527252
8176,0.7380741238594055
8177,0.3946108818054199
8178,0.4358792304992676
8179,0.24247904121875763
8180,0.7843154072761536
8181,0.458003968000412
8182,0.5209906101226807
8183,0.42055946588516235
8184,0.3798240125179291
8185,0.6253735423088074
8186,0.4742847681045532
8187,0.6326807141304016
8188,0.7186344861984253
8189,0.32079944014549255
8190,0.7448282837867737
8191,0.41373980045318604
8192,0.4975549578666687
8193,0.22476045787334442
8194,0.5122247934341431
8195,0.2723931670188904
8196,0.5785682797431946
8197,0.26841893792152405
8198,0.3174750804901123
8199,0.2727476954460144
8200,0.7790006995201111
8201,0.45631837844848633
8202,0.4912755787372589
8203,0.7118430137634277
8204,0.48600101470947266
8205,0.3009471893310547
8206,0.38943034410476685
8207,0.642182469367981
8208,0.34069007635116577
8209,0.7820712327957153
8210,0.2600637376308441
8211,0.3464079201221466
8212,0.334328293800354
8213,0.33889997005462646
8214,0.329569935798645
8215,0.6180428862571716
8216,0.4569898843765259
8217,0.21382185816764832
8218,0.6954004168510437
8219,0.663582444190979
8220,0.33944693207740784
8221,0.5100870728492737
8222,0.2266719788312912
8223,0.78208327293396
8224,0.3535603880882263
8225,0.35875335335731506
8226,0.6905056834220886
8227,0.4329153895378113
8228,0.3616257309913635
8229,0.7200314998626709
8230,0.4274705648422241
8231,0.26246970891952515
8232,0.5912235975265503
8233,0.7861496210098267
8234,0.48188313841819763
8235,0.4372345507144928
8236,0.5063778162002563
8237,0.5929033160209656
8238,0.1756279319524765
8239,0.7206602096557617
8240,0.4793253242969513
8241,0.5098405480384827
8242,0.4697478115558624
8243,0.38785165548324585
8244,0.4550304412841797
8245,0.45256659388542175
8246,0.36253008246421814
8247,0.6052584648132324
8248,0.3468340039253235
8249,0.5886968374252319
8250,0.703109860420227
8251,0.35016104578971863
8252,0.4498554766178131
8253,0.43113136291503906
8254,0.44163039326667786
8255,0.6585271954536438
8256,0.21244467794895172
8257,0.29224640130996704
8258,0.5578025579452515
8259,0.39161553978919983
8260,0.43193691968917847
8261,0.7824644446372986
8262,0.46829891204833984
8263,0.6943655610084534
8264,0.5456603765487671
8265,0.33089444041252136
8266,0.23114772140979767
8267,0.47143644094467163
8268,0.45551055669784546
8269,0.35217076539993286
8270,0.4199276864528656
8271,0.351906418800354
8272,0.32366809248924255
8273,0.6012951731681824
8274,0.3944527804851532
8275,0.39334389567375183
8276,0.471335232257843
8277,0.3908258378505707
8278,0.4786984324455261
8279,0.5303915739059448
8280,0.5330020189285278
8281,0.5486579537391663
8282,0.5253506898880005
8283,0.34116241335868835
8284,0.2402154952287674
8285,0.35818588733673096
8286,0.4426851272583008
8287,0.5435517430305481
8288,0.5996410250663757
8289,0.4553997814655304
8290,0.4809775650501251
8291,0.7256748676300049
8292,0.3614642024040222
8293,0.6567506194114685
8294,0.25977709889411926
8295,0.5572690367698669
8296,0.547865092754364
8297,0.6595990657806396
8298,0.3797234892845154
8299,0.23015694320201874
8300,0.2567857503890991
8301,0.591715931892395
8302,0.7833953499794006
8303,0.4231506586074829
8304,0.37313443422317505
8305,0.22940334677696228
8306,0.5970939993858337
8307,0.4971947968006134
8308,0.33918023109436035
8309,0.2923021614551544
8310,0.4672307074069977
8311,0.5721756219863892
8312,0.5020617842674255
8313,0.5517498254776001
8314,0.5781858563423157
8315,0.7791928052902222
8316,0.2977040112018585
8317,0.373562216758728
8318,0.5283108353614807
8319,0.5014371275901794
8320,0.23752456903457642
8321,0.42557257413864136
8322,0.6034438014030457
8323,0.4781869351863861
8324,0.5680321455001831
8325,0.4448043704032898
8326,0.47812700271606445
8327,0.22879348695278168
8328,0.41565778851509094
8329,0.2715015709400177
8330,0.6651787161827087
8331,0.4653526842594147
8332,0.5837182998657227
8333,0.5680928826332092
8334,0.4504280686378479
8335,0.5285112857818604
8336,0.3460596799850464
8337,0.3892095386981964
8338,0.33218780159950256
8339,0.3148002326488495
8340,0.41527289152145386
8341,0.4796655774116516
8342,0.2895665764808655
8343,0.660698413848877
8344,0.4205015003681183
8345,0.6214665174484253
8346,0.7554571628570557
8347,0.5141460299491882
8348,0.453117698431015
8349,0.5907490849494934
8350,0.36282673478126526
8351,0.5224762558937073
8352,0.40662693977355957
8353,0.547990620136261
8354,0.5997372269630432
8355,0.24140320718288422
8356,0.7505746483802795
8357,0.5563110113143921
8358,0.41766002774238586
8359,0.4425528347492218
8360,0.5277027487754822
8361,0.43653231859207153
8362,0.4659222960472107
8363,0.5893298387527466
8364,0.5435950756072998
8365,0.40560224652290344
8366,0.3892081379890442
8367,0.47883251309394836
8368,0.3806435465812683
8369,0.6414368748664856
8370,0.45702245831489563
8371,0.2969473898410797
8372,0.6039993166923523
8373,0.41007915139198303
8374,0.31495213508605957
8375,0.31856030225753784
8376,0.5094130039215088
8377,0.4775138199329376
8378,0.7330350279808044
8379,0.44962477684020996
8380,0.5092610120773315
8381,0.24912305176258087
8382,0.3260960578918457
8383,0.5156410932540894
8384,0.32019931077957153
8385,0.42689597606658936
8386,0.2540765702724457
8387,0.49748891592025757
8388,0.5431731343269348
8389,0.4390298128128052
8390,0.5522843599319458
8391,0.2584497332572937
8392,0.6475005149841309
8393,0.5082616209983826
8394,0.3085957169532776
8395,0.22216856479644775
8396,0.6258599758148193
8397,0.33355912566185
8398,0.32828399538993835
8399,0.2020311951637268
8400,0.6115757822990417
8401,0.4295719563961029
8402,0.4779825806617737
8403,0.7587637901306152
8404,0.3357813060283661
8405,0.37824949622154236
8406,0.25467878580093384
8407,0.2626156508922577
8408,0.3817001283168793
8409,0.433306485414505
8410,0.24811215698719025
8411,0.656604528427124
8412,0.4957558214664459
8413,0.40791425108909607
8414,0.6280307769775391
8415,0.45961156487464905
8416,0.5523891448974609
8417,0.3068493902683258
8418,0.5598585605621338
8419,0.22662922739982605
8420,0.45212429761886597
8421,0.42813238501548767
8422,0.48596253991127014
8423,0.3786446452140808
8424,0.45236554741859436
8425,0.3782959282398224
8426,0.4305274188518524
8427,0.4571554362773895
8428,0.788445770740509
8429,0.49372750520706177
8430,0.516169548034668
8431,0.4475101828575134
8432,0.6450228095054626
8433,0.6013357043266296
8434,0.3275523781776428
8435,0.5871812105178833
8436,0.3654024600982666
8437,0.7428721189498901
8438,0.245954230427742
8439,0.5049965977668762
8440,0.45395365357398987
8441,0.4014017581939697
8442,0.3321702182292938
8443,0.4859442710876465
8444,0.47954097390174866
8445,0.6088092923164368
8446,0.4287659525871277
8447,0.44568055868148804
8448,0.5076164603233337
8449,0.6927622556686401
8450,0.7689185738563538
8451,0.740753710269928
8452,0.42789092659950256
8453,0.6258823275566101
8454,0.6970854997634888
8455,0.41219252347946167
8456,0.6465385556221008
8457,0.39301803708076477
8458,0.5709847211837769
8459,0.39705339074134827
8460,0.4366564452648163
8461,0.5618991255760193
8462,0.776565670967102
8463,0.21023668348789215
8464,0.5208539962768555
8465,0.29832011461257935
8466,0.7133024334907532
8467,0.2691546380519867
8468,0.6191859841346741
8469,0.29500970244407654
8470,0.5137394070625305
8471,0.3619712293148041
8472,0.36768868565559387
8473,0.45627427101135254
8474,0.260442316532135
8475,0.7321348786354065
8476,0.3875088095664978
8477,0.4138610064983368
8478,0.4547021687030792
8479,0.47742435336112976
8480,0.2808781564235687
8481,0.40893223881721497
8482,0.7814885377883911
8483,0.6743566989898682
8484,0.7811368703842163
8485,0.6591628193855286
8486,0.4207049310207367
8487,0.3216809928417206
8488,0.6693835854530334
8489,0.32100969552993774
8490,0.40517252683639526
8491,0.3881375193595886
8492,0.49376362562179565
8493,0.40092939138412476
8494,0.7047256231307983
8495,0.24252313375473022
8496,0.5656130313873291
8497,0.245594322681427
8498,0.5475560426712036
8499,0.41323691606521606
8500,0.22827859222888947
8501,0.5379267334938049
8502,0.3001985549926758
8503,0.4614085555076599
8504,0.4558526575565338
8505,0.6037518382072449
8506,0.4496057331562042
8507,0.760084331035614
8508,0.5541408658027649
8509,0.47955161333084106
8510,0.22356289625167847
8511,0.29822254180908203
8512,0.6941260099411011
8513,0.7668343782424927
8514,0.49822813272476196
8515,0.7695690989494324
8516,0.5138666033744812
8517,0.4544703960418701
8518,0.6017171144485474
8519,0.432056725025177
8520,0.307784765958786
8521,0.46381187438964844
8522,0.5553035736083984
8523,0.3691524863243103
8524,0.5932921171188354
8525,0.5029237270355225
8526,0.6448286771774292
8527,0.34671521186828613
8528,0.4861218333244324
8529,0.6947357654571533
8530,0.4020187258720398
8531,0.43383264541625977
8532,0.6683705449104309
8533,0.5574348568916321
8534,0.4644615650177002
8535,0.3108882009983063
8536,0.5257092714309692
8537,0.6328036189079285
8538,0.506282389163971
8539,0.4641193151473999
8540,0.21803011000156403
8541,0.39668571949005127
8542,0.2984073758125305
8543,0.24190771579742432
8544,0.31281691789627075
8545,0.3719102144241333
8546,0.5335479378700256
8547,0.45791497826576233
8548,0.6318967938423157
8549,0.4825153648853302
8550,0.4122636616230011
8551,0.4440760016441345
8552,0.37329789996147156
8553,0.5506165623664856
8554,0.7611913681030273
8555,0.6715218424797058
8556,0.43038877844810486
8557,0.22849367558956146
8558,0.496700644493103
8559,0.7506572008132935
8560,0.3722940981388092
8561,0.34767964482307434
8562,0.7758550643920898
8563,0.4414478540420532
8564,0.5130338668823242
8565,0.47149476408958435
8566,0.5428310036659241
8567,0.7734687924385071
8568,0.43159130215644836
8569,0.45932406187057495
8570,0.4094981253147125
8571,0.4715542197227478
8572,0.7185341119766235
8573,0.5849721431732178
8574,0.7550119757652283
8575,0.6145035028457642
8576,0.6146928668022156
8577,0.43173855543136597
8578,0.6237018704414368
8579,0.2357805371284485
8580,0.3728824853897095
8581,0.7276715636253357
8582,0.5136256217956543
8583,0.67874675989151
8584,0.4365200400352478
8585,0.32791048288345337
8586,0.3375202417373657
8587,0.24558472633361816
8588,0.36340489983558655
8589,0.23444737493991852
8590,0.24093027412891388
8591,0.6665778756141663
8592,0.784485936164856
8593,0.5530740022659302
8594,0.7791115641593933
8595,0.3567676842212677
8596,0.649480938911438
8597,0.4748300015926361
8598,0.4002573788166046
8599,0.3193795084953308
8600,0.6742151975631714
8601,0.5220794081687927
8602,0.3268240988254547
8603,0.6087480187416077
8604,0.4189482033252716
8605,0.2291477620601654
8606,0.616360068321228
8607,0.21658360958099365
8608,0.7784709930419922
8609,0.42309558391571045
8610,0.4823192358016968
8611,0.6776502728462219
8612,0.7020162343978882
8613,0.28011354804039
8614,0.5193502902984619
8615,0.48038336634635925
8616,0.765129029750824
8617,0.49459147453308105
8618,0.35970860719680786
8619,0.27068743109703064
8620,0.6471242904663086
8621,0.4014221727848053
8622,0.6182548403739929
8623,0.5524476766586304
8624,0.561601996421814
8625,0.402974396944046
8626,0.5978635549545288
8627,0.3391616940498352
8628,0.7899548411369324
8629,0.20668043196201324
8630,0.2187308520078659
8631,0.5941474437713623
8632,0.36749234795570374
8633,0.27486446499824524
8634,0.4672643542289734
8635,0.4374423325061798
8636,0.23310302197933197
8637,0.5291064977645874
8638,0.4526098370552063
8639,0.32562488317489624
8640,0.5749473571777344
8641,0.3044728636741638
8642,0.5768159627914429
8643,0.6672704815864563
8644,0.4347580075263977
8645,0.20099763572216034
8646,0.48427292704582214
8647,0.5620493292808533
8648,0.405918687582016
8649,0.28855863213539124
8650,0.3926634192466736
8651,0.4347969889640808
8652,0.7094383835792542
8653,0.4591304361820221
8654,0.7783400416374207
8655,0.37896403670310974
8656,0.4751226305961609
8657,0.527260959148407
8658,0.37317055463790894
8659,0.22843317687511444
8660,0.7719294428825378
8661,0.7301055192947388
8662,0.780998706817627
8663,0.3794529139995575
8664,0.7718954086303711
8665,0.26366493105888367
8666,0.5431989431381226
8667,0.35852909088134766
8668,0.548493504524231
8669,0.7708542346954346
8670,0.6840307712554932
8671,0.4491513967514038
8672,0.4919763207435608
8673,0.7587050795555115
8674,0.6120112538337708
8675,0.41608887910842896
8676,0.458516925573349
8677,0.39028051495552063
8678,0.5701936483383179
8679,0.39189043641090393
8680,0.6420736908912659
8681,0.243634894490242
8682,0.5283406972885132
8683,0.2331341803073883
8684,0.49973416328430176
8685,0.477414608001709
8686,0.5368103384971619
8687,0.28055980801582336
8688,0.49740079045295715
8689,0.7638359665870667
8690,0.5188969373703003
8691,0.24736425280570984
8692,0.46139103174209595
8693,0.5399764776229858
8694,0.3455710709095001
8695,0.4264949560165405
8696,0.21637992560863495
8697,0.2558998465538025
8698,0.5141230225563049
8699,0.2388499677181244
8700,0.4378320276737213
8701,0.4461967349052429
8702,0.4774918854236603
8703,0.7535471320152283
8704,0.3904702663421631
8705,0.5404545068740845
8706,0.32439547777175903
8707,0.32250508666038513
8708,0.5860211849212646
8709,0.6081981658935547
8710,0.6198457479476929
8711,0.7721845507621765
8712,0.3521438241004944
8713,0.6352337598800659
8714,0.4064271152019501
8715,0.6137720346450806
8716,0.5547050833702087
8717,0.41966569423675537
8718,0.652087926864624
8719,0.41535162925720215
8720,0.531449556350708
8721,0.46389123797416687
8722,0.6513177752494812
8723,0.32503899931907654
8724,0.4968169629573822
8725,0.37977662682533264
8726,0.7422494888305664
8727,0.47172412276268005
8728,0.5025163888931274
8729,0.6005030274391174
8730,0.6188448667526245
8731,0.7360774874687195
8732,0.5552304983139038
8733,0.5286015868186951
8734,0.4300672113895416
8735,0.6951552033424377
8736,0.2585482597351074
8737,0.372807115316391
8738,0.30030277371406555
8739,0.34893715381622314
8740,0.5501285791397095
8741,0.5113252997398376
8742,0.44202253222465515
8743,0.38293400406837463
8744,0.5238390564918518
8745,0.2678562104701996
8746,0.7744031548500061
8747,0.49610430002212524
8748,0.4573310911655426
8749,0.6060952544212341
8750,0.2758306562900543
8751,0.40727004408836365
8752,0.33073896169662476
8753,0.6246235966682434
8754,0.3514518737792969
8755,0.569624125957489
8756,0.4778960943222046
8757,0.5529178977012634
8758,0.4837358891963959
8759,0.3852013647556305
8760,0.5095310807228088
8761,0.6664981842041016
8762,0.49485620856285095
8763,0.6231244206428528
8764,0.40979868173599243
8765,0.47785601019859314
8766,0.7684993147850037
8767,0.5848025679588318
8768,0.6129557490348816
8769,0.6369513869285583
8770,0.5603516101837158
8771,0.7112177014350891
8772,0.482293039560318
8773,0.4297451674938202
8774,0.36423322558403015
8775,0.604172945022583
8776,0.25453981757164
8777,0.5203424096107483
8778,0.5069484114646912
8779,0.6167135238647461
8780,0.4053671360015869
8781,0.5195143818855286
8782,0.422069251537323
8783,0.731890857219696
8784,0.7567217946052551
8785,0.6211264133453369
8786,0.21564558148384094
8787,0.26336511969566345
8788,0.6900781989097595
8789,0.37182968854904175
8790,0.3562963604927063
8791,0.512580156326294
8792,0.30546489357948303
8793,0.550783097743988
8794,0.520476222038269
8795,0.4648436903953552
8796,0.5017727613449097
8797,0.7626160979270935
8798,0.34083616733551025
8799,0.5226102471351624
8800,0.42851459980010986
8801,0.4577047824859619
8802,0.6626373529434204
8803,0.41077476739883423
8804,0.5688461065292358
8805,0.5796937942504883
8806,0.3912833631038666
8807,0.5191983580589294
8808,0.774218738079071
8809,0.4313434660434723
8810,0.572544515132904
8811,0.46164801716804504
8812,0.5352618098258972
8813,0.37484899163246155
8814,0.7683706879615784
8815,0.5765555500984192
8816,0.6457908749580383
8817,0.3215068578720093
8818,0.4701712131500244
8819,0.23997452855110168
8820,0.5167208313941956
8821,0.4574063718318939
8822,0.6181158423423767
8823,0.7014881372451782
8824,0.7255128026008606
8825,0.43512338399887085
8826,0.27400726079940796
8827,0.3284703195095062
8828,0.47864651679992676
8829,0.5081826448440552
8830,0.7861074805259705
8831,0.35977792739868164
8832,0.5582095384597778
8833,0.5978896617889404
8834,0.2856749892234802
8835,0.6321337223052979
8836,0.35664618015289307
8837,0.5067684054374695
8838,0.3243486285209656
8839,0.49521404504776
8840,0.464570552110672
8841,0.7680198550224304
8842,0.737144410610199
8843,0.7713753581047058
8844,0.48867806792259216
8845,0.3190578520298004
8846,0.3388436734676361
8847,0.42683517932891846
8848,0.7738282680511475
8849,0.6834217309951782
8850,0.4519745707511902
8851,0.7748845815658569
8852,0.4939858317375183
8853,0.2088586986064911
8854,0.22927983105182648
8855,0.2666994631290436
8856,0.23239277303218842
8857,0.7587448358535767
8858,0.20771044492721558
8859,0.33379417657852173
8860,0.38828223943710327
8861,0.21179643273353577
8862,0.44666364789009094
8863,0.54054194688797
8864,0.46331673860549927
8865,0.47353309392929077
8866,0.6409851312637329
8867,0.7562941908836365
8868,0.7627354264259338
8869,0.2546344995498657
8870,0.6566073894500732
8871,0.5075861811637878
8872,0.3931710124015808
8873,0.45857182145118713
8874,0.6255401968955994
8875,0.5987961292266846
8876,0.24934963881969452
8877,0.5442600250244141
8878,0.5208374857902527
8879,0.5435542464256287
8880,0.4160690903663635
8881,0.3115563690662384
8882,0.3053664565086365
8883,0.5324487090110779
8884,0.45413938164711
8885,0.43087542057037354
8886,0.671407163143158
8887,0.18061809241771698
8888,0.5641628503799438
8889,0.5029353499412537
8890,0.3167535960674286
8891,0.2459620237350464
8892,0.32878169417381287
8893,0.4697519838809967
8894,0.5593108534812927
8895,0.6154903173446655
8896,0.4727981984615326
8897,0.5804861783981323
8898,0.50634765625
8899,0.52584308385849
8900,0.29147738218307495
8901,0.6367552280426025
8902,0.5842590928077698
8903,0.5203250646591187
8904,0.6251187920570374
8905,0.25407928228378296
8906,0.40183937549591064
8907,0.6993071436882019
8908,0.2383282631635666
8909,0.4845120906829834
8910,0.6687788367271423
8911,0.17150665819644928
8912,0.4860192537307739
8913,0.4718533158302307
8914,0.7341420650482178
8915,0.24268926680088043
8916,0.6546111106872559
8917,0.36766675114631653
8918,0.6554948687553406
8919,0.688396692276001
8920,0.34621983766555786
8921,0.26247382164001465
8922,0.6728857159614563
8923,0.5865194201469421
8924,0.419418066740036
8925,0.39850544929504395
8926,0.31080320477485657
8927,0.7845847010612488
8928,0.48227521777153015
8929,0.506033182144165
8930,0.7783761024475098
8931,0.4406736493110657
8932,0.4435475766658783
8933,0.42808303236961365
8934,0.37738287448883057
8935,0.7629637718200684
8936,0.7663156986236572
8937,0.5368666052818298
8938,0.28464168310165405
8939,0.4589560329914093
8940,0.35824406147003174
8941,0.2671075761318207
8942,0.45413440465927124
8943,0.7861442565917969
8944,0.30454739928245544
8945,0.5931179523468018
8946,0.3256324827671051
8947,0.44733676314353943
8948,0.7578350305557251
8949,0.3555445671081543
8950,0.6354426145553589
8951,0.4602830708026886
8952,0.5063326954841614
8953,0.43507859110832214
8954,0.4768410623073578
8955,0.5112142562866211
8956,0.6422396302223206
8957,0.568917453289032
8958,0.40291714668273926
8959,0.6036983132362366
8960,0.5734471678733826
8961,0.7747246623039246
8962,0.30382493138313293
8963,0.650964617729187
8964,0.5474669337272644
8965,0.31828439235687256
8966,0.20042532682418823
8967,0.28356534242630005
8968,0.37612035870552063
8969,0.5797504186630249
8970,0.6649318337440491
8971,0.46027883887290955
8972,0.3316361606121063
8973,0.2449454516172409
8974,0.6683783531188965
8975,0.5186638832092285
8976,0.42508891224861145
8977,0.41500124335289
8978,0.2696104943752289
8979,0.6910247802734375
8980,0.2466742843389511
8981,0.7639445662498474
8982,0.30629950761795044
8983,0.2867892384529114
8984,0.6032418012619019
8985,0.47878962755203247
8986,0.3913714289665222
8987,0.35737624764442444
8988,0.44907402992248535
8989,0.6338416337966919
8990,0.3194781243801117
8991,0.2510056495666504
8992,0.34575510025024414
8993,0.6165407299995422
8994,0.6306399703025818
8995,0.6031862497329712
8996,0.42563971877098083
8997,0.45820164680480957
8998,0.414211630821228
8999,0.777172327041626
9000,0.35471847653388977
9001,0.7875178456306458
9002,0.31623849272727966
9003,0.36126965284347534
9004,0.2614256739616394
9005,0.431009441614151
9006,0.3959721028804779
9007,0.4710284471511841
9008,0.2611655294895172
9009,0.518926739692688
9010,0.5449829697608948
9011,0.6712900400161743
9012,0.48028019070625305
9013,0.5150550603866577
9014,0.4644344449043274
9015,0.4971969425678253
9016,0.3537663519382477
9017,0.7708461284637451
9018,0.7780300378799438
9019,0.7784623503684998
9020,0.43998175859451294
9021,0.24885445833206177
9022,0.7415686249732971
9023,0.5871062874794006
9024,0.5822583436965942
9025,0.6625813245773315
9026,0.465899258852005
9027,0.4862915277481079
9028,0.6991367340087891
9029,0.5297302007675171
9030,0.5220981240272522
9031,0.46427226066589355
9032,0.5409359931945801
9033,0.48311111330986023
9034,0.43088868260383606
9035,0.24142365157604218
9036,0.2696341276168823
9037,0.41985395550727844
9038,0.6367931962013245
9039,0.7217060923576355
9040,0.6134313344955444
9041,0.7718660235404968
9042,0.5305353403091431
9043,0.4819319546222687
9044,0.7354565262794495
9045,0.6558938026428223
9046,0.6088784337043762
9047,0.6269941329956055
9048,0.74875408411026
9049,0.4268195331096649
9050,0.3708185851573944
9051,0.543877899646759
9052,0.43069884181022644
9053,0.3774726092815399
9054,0.6994196176528931
9055,0.4378250539302826
9056,0.4753311276435852
9057,0.606299638748169
9058,0.4826309382915497
9059,0.47757962346076965
9060,0.43363189697265625
9061,0.7688069939613342
9062,0.37253978848457336
9063,0.600784420967102
9064,0.2542168200016022
9065,0.441930890083313
9066,0.2283657193183899
9067,0.5608956217765808
9068,0.585957944393158
9069,0.5000303387641907
9070,0.5420547723770142
9071,0.2903895974159241
9072,0.5685025453567505
9073,0.6645899415016174
9074,0.473677396774292
9075,0.2842695116996765
9076,0.47691068053245544
9077,0.5487962961196899
9078,0.5777640342712402
9079,0.43157249689102173
9080,0.5222839117050171
9081,0.7739394903182983
9082,0.6898654103279114
9083,0.6761661767959595
9084,0.5063676834106445
9085,0.2583589553833008
9086,0.7896149754524231
9087,0.2745445668697357
9088,0.6195810437202454
9089,0.2553417384624481
9090,0.2880825102329254
9091,0.444934606552124
9092,0.45264044404029846
9093,0.7643746733665466
9094,0.3076661229133606
9095,0.49232372641563416
9096,0.3313819169998169
9097,0.26857414841651917
9098,0.4305930435657501
9099,0.5608146786689758
9100,0.49957507848739624
9101,0.7525088787078857
9102,0.4544389247894287
9103,0.40827274322509766
9104,0.5601447224617004
9105,0.47811105847358704
9106,0.4464821219444275
9107,0.5150078535079956
9108,0.4129610061645508
9109,0.41818106174468994
9110,0.39663490653038025
9111,0.5209276080131531
9112,0.5312573313713074
9113,0.35341817140579224
9114,0.49327152967453003
9115,0.5422636270523071
9116,0.3651689887046814
9117,0.5102450251579285
9118,0.6776801347732544
9119,0.37283703684806824
9120,0.6334283947944641
9121,0.6328234672546387
9122,0.46086427569389343
9123,0.43441635370254517
9124,0.6440877318382263
9125,0.4475308954715729
9126,0.25320303440093994
9127,0.26957231760025024
9128,0.4456576406955719
9129,0.39985865354537964
9130,0.4432651698589325
9131,0.3943479061126709
9132,0.46475815773010254
9133,0.7811785340309143
9134,0.7697674036026001
9135,0.36736539006233215
9136,0.6076232194900513
9137,0.5231721997261047
9138,0.4442797601222992
9139,0.4227764308452606
9140,0.7840530276298523
9141,0.3188287913799286
9142,0.2506939172744751
9143,0.5303123593330383
9144,0.5886955261230469
9145,0.3381659686565399
9146,0.32904890179634094
9147,0.2652774751186371
9148,0.30806681513786316
9149,0.5137803554534912
9150,0.594885528087616
9151,0.47264137864112854
9152,0.3441774845123291
9153,0.24735337495803833
9154,0.4668564200401306
9155,0.39434295892715454
9156,0.6957557797431946
9157,0.537406325340271
9158,0.4192490875720978
9159,0.24510249495506287
9160,0.45240476727485657
9161,0.624944269657135
9162,0.2841607928276062
9163,0.19850189983844757
9164,0.4228982627391815
9165,0.41643720865249634
9166,0.581216037273407
9167,0.44346728920936584
9168,0.20027200877666473
9169,0.41622820496559143
9170,0.6011874675750732
9171,0.39053675532341003
9172,0.22751162946224213
9173,0.43118324875831604
9174,0.4964562654495239
9175,0.3573445677757263
9176,0.49748459458351135
9177,0.3290191888809204
9178,0.4016992747783661
9179,0.257583349943161
9180,0.6447303891181946
9181,0.29886355996131897
9182,0.5291701555252075
9183,0.3889238238334656
9184,0.29630690813064575
9185,0.6018142104148865
9186,0.5978474020957947
9187,0.40606024861335754
9188,0.5301327705383301
9189,0.4396267235279083
9190,0.40487751364707947
9191,0.258186399936676
9192,0.7386419773101807
9193,0.6462198495864868
9194,0.38703006505966187
9195,0.4868527054786682
9196,0.4847800135612488
9197,0.7777034640312195
9198,0.5310511589050293
9199,0.6864783763885498
9200,0.4051472246646881
9201,0.5770052075386047
9202,0.6025095582008362
9203,0.44672685861587524
9204,0.24280299246311188
9205,0.34838637709617615
9206,0.42172807455062866
9207,0.4750938415527344
9208,0.7707686424255371
9209,0.4740455150604248
9210,0.42285993695259094
9211,0.26623693108558655
9212,0.2807972729206085
9213,0.563075602054596
9214,0.5292799472808838
9215,0.5646964907646179
9216,0.700389564037323
9217,0.45727455615997314
9218,0.43012771010398865
9219,0.2679232358932495
9220,0.5920127630233765
9221,0.769822895526886
9222,0.4505895972251892
9223,0.6488412618637085
9224,0.3666982054710388
9225,0.4649571478366852
9226,0.4933537542819977
9227,0.7203776240348816
9228,0.33917236328125
9229,0.6068061590194702
9230,0.46641770005226135
9231,0.5766259431838989
9232,0.3511822521686554
9233,0.4557909369468689
9234,0.41259515285491943
9235,0.7587682008743286
9236,0.4599378705024719
9237,0.26673686504364014
9238,0.48407745361328125
9239,0.32732057571411133
9240,0.733138382434845
9241,0.4342111349105835
9242,0.481324702501297
9243,0.2817443907260895
9244,0.6107282042503357
9245,0.6025866866111755
9246,0.4129564166069031
9247,0.4874303638935089
9248,0.43710869550704956
9249,0.3284391462802887
9250,0.5943965911865234
9251,0.6157523989677429
9252,0.261068731546402
9253,0.5901667475700378
9254,0.4749414324760437
9255,0.2978968024253845
9256,0.24077200889587402
9257,0.3231368660926819
9258,0.49867990612983704
9259,0.43241259455680847
9260,0.3376006782054901
9261,0.3199741244316101
9262,0.6918229460716248
9263,0.7372604012489319
9264,0.45957818627357483
9265,0.714916467666626
9266,0.47573670744895935
9267,0.669014573097229
9268,0.3543452024459839
9269,0.6624859571456909
9270,0.5124982595443726
9271,0.32837972044944763
9272,0.3837181329727173
9273,0.49431413412094116
9274,0.34639203548431396
9275,0.6051059365272522
9276,0.3723493218421936
9277,0.4062514007091522
9278,0.4880785644054413
9279,0.6541289687156677
9280,0.5223813056945801
9281,0.402885764837265
9282,0.4690822660923004
9283,0.3730262815952301
9284,0.4627411663532257
9285,0.5564815402030945
9286,0.5661578178405762
9287,0.22697286307811737
9288,0.7619085907936096
9289,0.517352819442749
9290,0.3802889585494995
9291,0.3345300853252411
9292,0.5760242342948914
9293,0.5409476161003113
9294,0.4840260446071625
9295,0.46721336245536804
9296,0.5238237380981445
9297,0.4243015646934509
9298,0.34237223863601685
9299,0.29879990220069885
9300,0.22823570668697357
9301,0.683158814907074
9302,0.37657466530799866
9303,0.44588300585746765
9304,0.6220284700393677
9305,0.44094452261924744
9306,0.40206292271614075
9307,0.6409679055213928
9308,0.5294240713119507
9309,0.4408188760280609
9310,0.7021986246109009
9311,0.7600706219673157
9312,0.7778571844100952
9313,0.2465069741010666
9314,0.6092547178268433
9315,0.5633760690689087
9316,0.44669651985168457
9317,0.5448828935623169
9318,0.7208206057548523
9319,0.5431234836578369
9320,0.6544654965400696
9321,0.770353376865387
9322,0.3459259867668152
9323,0.39242294430732727
9324,0.44888949394226074
9325,0.7382083535194397
9326,0.7009122967720032
9327,0.6279962658882141
9328,0.5172905921936035
9329,0.2891334593296051
9330,0.34561848640441895
9331,0.326097697019577
9332,0.46022024750709534
9333,0.5602244138717651
9334,0.3063662648200989
9335,0.5143854022026062
9336,0.44557130336761475
9337,0.6760542988777161
9338,0.512791633605957
9339,0.40242213010787964
9340,0.47360649704933167
9341,0.33197683095932007
9342,0.4491548538208008
9343,0.43864527344703674
9344,0.5827279686927795
9345,0.3746076226234436
9346,0.5066004395484924
9347,0.3180069923400879
9348,0.7742652297019958
9349,0.6864569187164307
9350,0.5061913132667542
9351,0.4021138548851013
9352,0.3317094147205353
9353,0.5792829990386963
9354,0.39434364438056946
9355,0.7666353583335876
9356,0.628821074962616
9357,0.22320054471492767
9358,0.3897040784358978
9359,0.23106156289577484
9360,0.4431394934654236
9361,0.7779934406280518
9362,0.6301649212837219
9363,0.5592868328094482
9364,0.5165317058563232
9365,0.6275701522827148
9366,0.6582925319671631
9367,0.4358634948730469
9368,0.5188232660293579
9369,0.4598485231399536
9370,0.7738145589828491
9371,0.7619693875312805
9372,0.5569382905960083
9373,0.4397451877593994
9374,0.39635035395622253
9375,0.4030313193798065
9376,0.31155943870544434
9377,0.49830859899520874
9378,0.5321287512779236
9379,0.2089570313692093
9380,0.44697245955467224
9381,0.6191253066062927
9382,0.4674587547779083
9383,0.29267171025276184
9384,0.44543716311454773
9385,0.7696070075035095
9386,0.4946535527706146
9387,0.2725050747394562
9388,0.3272775113582611
9389,0.6567563414573669
9390,0.788007915019989
9391,0.667453944683075
9392,0.44647514820098877
9393,0.4247485101222992
9394,0.4188497066497803
9395,0.6077736616134644
9396,0.4570205509662628
9397,0.609968900680542
9398,0.4639270007610321
9399,0.6347615718841553
9400,0.4608892798423767
9401,0.5001509189605713
9402,0.4582657814025879
9403,0.4630277156829834
9404,0.7027206420898438
9405,0.6278182864189148
9406,0.2800351679325104
9407,0.5818310379981995
9408,0.2940060794353485
9409,0.4570011794567108
9410,0.7827064990997314
9411,0.5771849155426025
9412,0.5076898336410522
9413,0.5430381894111633
9414,0.7361283302307129
9415,0.6858855485916138
9416,0.42958569526672363
9417,0.4052143692970276
9418,0.35481682419776917
9419,0.47391775250434875
9420,0.6449794173240662
9421,0.5883978009223938
9422,0.7601284980773926
9423,0.659867525100708
9424,0.4998689293861389
9425,0.4601534903049469
9426,0.20495273172855377
9427,0.7828294038772583
9428,0.6975458860397339
9429,0.759881854057312
9430,0.2501028776168823
9431,0.3810178339481354
9432,0.6655485033988953
9433,0.3835754692554474
9434,0.3247240483760834
9435,0.5202797651290894
9436,0.317963570356369
9437,0.46862614154815674
9438,0.7644613981246948
9439,0.5137955546379089
9440,0.3768446743488312
9441,0.4127005934715271
9442,0.6050012707710266
9443,0.3877786695957184
9444,0.2966369390487671
9445,0.6723676919937134
9446,0.3176416754722595
9447,0.7333189845085144
9448,0.4170383810997009
9449,0.6375767588615417
9450,0.690194845199585
9451,0.6332836747169495
9452,0.4414405822753906
9453,0.26156479120254517
9454,0.2283915877342224
9455,0.6585307121276855
9456,0.23293274641036987
9457,0.698294997215271
9458,0.6471545100212097
9459,0.38766059279441833
9460,0.5475008487701416
9461,0.35276463627815247
9462,0.4171711802482605
9463,0.3677796423435211
9464,0.2811940312385559
9465,0.4106132686138153
9466,0.3313612937927246
9467,0.5929707884788513
9468,0.779107928276062
9469,0.4716692268848419
9470,0.4412243068218231
9471,0.514526903629303
9472,0.33423611521720886
9473,0.5339030623435974
9474,0.6073917746543884
9475,0.5518020391464233
9476,0.6615066528320312
9477,0.4370586574077606
9478,0.3192516565322876
9479,0.38034579157829285
9480,0.6186345815658569
9481,0.7163223624229431
9482,0.7334901094436646
9483,0.3964046537876129
9484,0.450635701417923
9485,0.43229541182518005
9486,0.47937941551208496
9487,0.4590643346309662
9488,0.43032020330429077
9489,0.45890897512435913
9490,0.7117190957069397
9491,0.691180944442749
9492,0.40022262930870056
9493,0.44271835684776306
9494,0.45777416229248047
9495,0.20214243233203888
9496,0.4832027554512024
9497,0.40032678842544556
9498,0.4131672978401184
9499,0.6610812544822693
9500,0.5196895599365234
9501,0.7211412787437439
9502,0.20808902382850647
9503,0.32403725385665894
9504,0.4925060272216797
9505,0.23332135379314423
9506,0.5890010595321655
9507,0.4475145936012268
9508,0.41578787565231323
9509,0.7658898830413818
9510,0.37300634384155273
9511,0.3910647928714752
9512,0.4527289569377899
9513,0.4801660478115082
9514,0.5192201733589172
9515,0.4706714451313019
9516,0.5852311849594116
9517,0.4598305821418762
9518,0.6759155988693237
9519,0.46668440103530884
9520,0.4445878267288208
9521,0.7272475361824036
9522,0.4699837565422058
9523,0.5914121866226196
9524,0.7265529036521912
9525,0.6734793782234192
9526,0.2760292887687683
9527,0.29848185181617737
9528,0.5270681977272034
9529,0.44565993547439575
9530,0.5213123559951782
9531,0.47241127490997314
9532,0.755361020565033
9533,0.23087607324123383
9534,0.4763505458831787
9535,0.7283156514167786
9536,0.7748585939407349
9537,0.28050199151039124
9538,0.382545530796051
9539,0.6921729445457458
9540,0.34497353434562683
9541,0.4780760705471039
9542,0.32740941643714905
9543,0.7105361223220825
9544,0.37035366892814636
9545,0.4838072657585144
9546,0.45130062103271484
9547,0.24930737912654877
9548,0.4171038269996643
9549,0.5092490315437317
9550,0.7882862091064453
9551,0.24088168144226074
9552,0.5718358159065247
9553,0.2473188191652298
9554,0.35779863595962524
9555,0.5066648721694946
9556,0.7600960731506348
9557,0.5229251980781555
9558,0.5821939706802368
9559,0.44949471950531006
9560,0.4255825877189636
9561,0.7460846304893494
9562,0.4177306890487671
9563,0.48814648389816284
9564,0.4695446491241455
9565,0.5735576152801514
9566,0.7837207317352295
9567,0.6286787986755371
9568,0.40323367714881897
9569,0.340341717004776
9570,0.6131631135940552
9571,0.42352285981178284
9572,0.48017066717147827
9573,0.6386749148368835
9574,0.23661422729492188
9575,0.253016859292984
9576,0.2559620440006256
9577,0.4146391749382019
9578,0.3518821597099304
9579,0.4526810050010681
9580,0.6165336966514587
9581,0.47932755947113037
9582,0.742263913154602
9583,0.30525633692741394
9584,0.5288307666778564
9585,0.7346192002296448
9586,0.4399195909500122
9587,0.2739679217338562
9588,0.6052998900413513
9589,0.510664165019989
9590,0.3555094599723816
9591,0.46988794207572937
9592,0.41391897201538086
9593,0.29280462861061096
9594,0.5760583281517029
9595,0.2822049856185913
9596,0.6410685181617737
9597,0.6028785705566406
9598,0.40576907992362976
9599,0.6142226457595825
9600,0.5389936566352844
9601,0.3091732859611511
9602,0.5028124451637268
9603,0.6068665981292725
9604,0.36120933294296265
9605,0.4703608453273773
9606,0.3313961625099182
9607,0.5528124570846558
9608,0.45043569803237915
9609,0.4300682842731476
9610,0.3407556116580963
9611,0.46397778391838074
9612,0.7421048879623413
9613,0.4476776123046875
9614,0.4288337230682373
9615,0.19688498973846436
9616,0.36134958267211914
9617,0.4007299840450287
9618,0.601487934589386
9619,0.4426117241382599
9620,0.5351118445396423
9621,0.4316929280757904
9622,0.395490825176239
9623,0.3747364580631256
9624,0.31318938732147217
9625,0.5931949019432068
9626,0.5084415078163147
9627,0.47172969579696655
9628,0.35429999232292175
9629,0.7699345350265503
9630,0.4210702180862427
9631,0.7117879390716553
9632,0.4816574454307556
9633,0.401332288980484
9634,0.5332506895065308
9635,0.21139323711395264
9636,0.529265284538269
9637,0.4593476951122284
9638,0.2547058165073395
9639,0.1929176300764084
9640,0.26788488030433655
9641,0.6473057866096497
9642,0.3417419493198395
9643,0.34148040413856506
9644,0.4581708610057831
9645,0.771004855632782
9646,0.5865508913993835
9647,0.45315828919410706
9648,0.6085653305053711
9649,0.5289743542671204
9650,0.7118755578994751
9651,0.4821353852748871
9652,0.2503223717212677
9653,0.5667378902435303
9654,0.6671534180641174
9655,0.3092711269855499
9656,0.40356773138046265
9657,0.40616101026535034
9658,0.4803481996059418
9659,0.6696894764900208
9660,0.5129581093788147
9661,0.5480532646179199
9662,0.702937126159668
9663,0.5162336230278015
9664,0.4134693145751953
9665,0.5213202834129333
9666,0.23364360630512238
9667,0.5336001515388489
9668,0.37252894043922424
9669,0.6490546464920044
9670,0.4129042625427246
9671,0.7323594689369202
9672,0.4123261868953705
9673,0.7651051878929138
9674,0.6585611701011658
9675,0.44280174374580383
9676,0.39411622285842896
9677,0.7805968523025513
9678,0.40781673789024353
9679,0.6472029089927673
9680,0.5114692449569702
9681,0.5366960167884827
9682,0.7761539220809937
9683,0.4377764165401459
9684,0.32433241605758667
9685,0.30668631196022034
9686,0.5297767519950867
9687,0.752086877822876
9688,0.25373953580856323
9689,0.62422776222229
9690,0.3836786150932312
9691,0.47787442803382874
9692,0.33978205919265747
9693,0.37380290031433105
9694,0.2842560112476349
9695,0.3890046775341034
9696,0.392580509185791
9697,0.4787563681602478
9698,0.2705830931663513
9699,0.37415140867233276
9700,0.6853047013282776
9701,0.4451572299003601
9702,0.46259790658950806
9703,0.3583521544933319
9704,0.4140191972255707
9705,0.33240464329719543
9706,0.4285314083099365
9707,0.7645073533058167
9708,0.30367976427078247
9709,0.3420485854148865
9710,0.4835744798183441
9711,0.7045972943305969
9712,0.4469968378543854
9713,0.7741672396659851
9714,0.7731976509094238
9715,0.4533633589744568
9716,0.29002082347869873
9717,0.4849529266357422
9718,0.6661553978919983
9719,0.6786837577819824
9720,0.4085259437561035
9721,0.4879288077354431
9722,0.20551572740077972
9723,0.4121932089328766
9724,0.37252292037010193
9725,0.49817365407943726
9726,0.2772732079029083
9727,0.5091432929039001
9728,0.3892749845981598
9729,0.5688381791114807
9730,0.43353933095932007
9731,0.4872182309627533
9732,0.4690740406513214
9733,0.4697432219982147
9734,0.5088006258010864
9735,0.501043438911438
9736,0.22399453818798065
9737,0.4362788498401642
9738,0.7487439513206482
9739,0.6835708022117615
9740,0.3744257986545563
9741,0.6403217911720276
9742,0.357311487197876
9743,0.4454515874385834
9744,0.7458084225654602
9745,0.6635125875473022
9746,0.3969282805919647
9747,0.45558109879493713
9748,0.2795414626598358
9749,0.6751956939697266
9750,0.46736907958984375
9751,0.29580578207969666
9752,0.5756722688674927
9753,0.4474657475948334
9754,0.5498626828193665
9755,0.5498985648155212
9756,0.53154057264328
9757,0.547617495059967
9758,0.32972005009651184
9759,0.3337254226207733
9760,0.6631503701210022
9761,0.4290139675140381
9762,0.4783775210380554
9763,0.6099286675453186
9764,0.5433006286621094
9765,0.4622083902359009
9766,0.767061710357666
9767,0.7351715564727783
9768,0.7749379873275757
9769,0.418844074010849
9770,0.426296204328537
9771,0.33446356654167175
9772,0.6843975186347961
9773,0.5517849326133728
9774,0.7724616527557373
9775,0.32890716195106506
9776,0.6641433238983154
9777,0.7125517129898071
9778,0.5976074934005737
9779,0.4734412431716919
9780,0.39092573523521423
9781,0.4448843002319336
9782,0.32693713903427124
9783,0.4312424063682556
9784,0.6861273646354675
9785,0.7795506715774536
9786,0.4402133822441101
9787,0.540525496006012
9788,0.27244311571121216
9789,0.7814024686813354
9790,0.36625534296035767
9791,0.22259078919887543
9792,0.5620719790458679
9793,0.44923922419548035
9794,0.5526434779167175
9795,0.6537472009658813
9796,0.4890301525592804
9797,0.34530505537986755
9798,0.4996093213558197
9799,0.40283897519111633
9800,0.7668429613113403
9801,0.6639949083328247
9802,0.4976208806037903
9803,0.38537028431892395
9804,0.7784313559532166
9805,0.4507891833782196
9806,0.30728670954704285
9807,0.5917362570762634
9808,0.32289305329322815
9809,0.6612831950187683
9810,0.3924656808376312
9811,0.4670020639896393
9812,0.4116961359977722
9813,0.48174551129341125
9814,0.6533275842666626
9815,0.5534067153930664
9816,0.28016695380210876
9817,0.7736900448799133
9818,0.7575135827064514
9819,0.27162256836891174
9820,0.5935059189796448
9821,0.2967539131641388
9822,0.6184760928153992
9823,0.3581995368003845
9824,0.5045316815376282
9825,0.2993009090423584
9826,0.3874611556529999
9827,0.4333842396736145
9828,0.3732112646102905
9829,0.6137723922729492
9830,0.42556828260421753
9831,0.23637717962265015
9832,0.48042136430740356
9833,0.5728917121887207
9834,0.7772499918937683
9835,0.515571653842926
9836,0.576082170009613
9837,0.627033531665802
9838,0.7836329936981201
9839,0.4922138452529907
9840,0.31461504101753235
9841,0.3121718466281891
9842,0.7022224068641663
9843,0.6491360664367676
9844,0.3977225422859192
9845,0.47267383337020874
9846,0.5223768353462219
9847,0.41536247730255127
9848,0.4612312912940979
9849,0.40463942289352417
9850,0.26172199845314026
9851,0.6683316230773926
9852,0.5536046624183655
9853,0.7825204133987427
9854,0.4787396192550659
9855,0.6836746335029602
9856,0.7560456395149231
9857,0.5464944839477539
9858,0.4818934500217438
9859,0.3543752133846283
9860,0.3529718220233917
9861,0.5449652075767517
9862,0.3483390510082245
9863,0.24390070140361786
9864,0.6985794305801392
9865,0.5151737928390503
9866,0.7640482187271118
9867,0.5110921263694763
9868,0.37734153866767883
9869,0.6991097927093506
9870,0.5032894015312195
9871,0.4232969582080841
9872,0.4540814459323883
9873,0.45676007866859436
9874,0.4492137134075165
9875,0.6517977714538574
9876,0.4849450886249542
9877,0.47978854179382324
9878,0.4007541835308075
9879,0.7745961546897888
9880,0.7832145690917969
9881,0.5361698269844055
9882,0.49957796931266785
9883,0.5454354286193848
9884,0.44648098945617676
9885,0.37718120217323303
9886,0.32900652289390564
9887,0.6914740800857544
9888,0.5030794143676758
9889,0.38979578018188477
9890,0.45301878452301025
9891,0.6898567080497742
9892,0.4144175946712494
9893,0.4774583578109741
9894,0.39836838841438293
9895,0.6031303405761719
9896,0.38262906670570374
9897,0.22996564209461212
9898,0.4483148753643036
9899,0.39740389585494995
9900,0.6835530400276184
9901,0.44267573952674866
9902,0.24037182331085205
9903,0.5692496299743652
9904,0.6998923420906067
9905,0.5064877867698669
9906,0.762942910194397
9907,0.5396297574043274
9908,0.7751944065093994
9909,0.45594459772109985
9910,0.7588818073272705
9911,0.661921501159668
9912,0.6122323274612427
9913,0.2549802362918854
9914,0.2441740334033966
9915,0.6820890307426453
9916,0.44904083013534546
9917,0.6132585406303406
9918,0.43465960025787354
9919,0.25508958101272583
9920,0.47972288727760315
9921,0.6450244188308716
9922,0.6976480484008789
9923,0.7870038747787476
9924,0.5892392992973328
9925,0.22965110838413239
9926,0.22865420579910278
9927,0.29865872859954834
9928,0.5899711847305298
9929,0.38259872794151306
9930,0.6467784643173218
9931,0.5458123087882996
9932,0.5424500703811646
9933,0.6629418730735779
9934,0.5136221647262573
9935,0.5198100209236145
9936,0.24190114438533783
9937,0.7589564323425293
9938,0.42533421516418457
9939,0.7011896967887878
9940,0.36429867148399353
9941,0.5839974880218506
9942,0.31912168860435486
9943,0.49077439308166504
9944,0.6119189858436584
9945,0.3798106908798218
9946,0.39746540784835815
9947,0.7780276536941528
9948,0.32560276985168457
9949,0.7782517075538635
9950,0.7734653949737549
9951,0.41075223684310913
9952,0.43487975001335144
9953,0.3927672207355499
9954,0.5490642189979553
9955,0.23313374817371368
9956,0.3074893653392792
9957,0.2711518108844757
9958,0.7677001357078552
9959,0.5224484205245972
9960,0.6657569408416748
9961,0.5702074766159058
9962,0.37816542387008667
9963,0.391399621963501
9964,0.3046472668647766
9965,0.5192444920539856
9966,0.770179033279419
9967,0.520202100276947
9968,0.3048759698867798
9969,0.5210950374603271
9970,0.6331581473350525
9971,0.6381394267082214
9972,0.3507483899593353
9973,0.20038063824176788
9974,0.3190304934978485
9975,0.4052577316761017
9976,0.4500405192375183
9977,0.5086390972137451
9978,0.6623047590255737
9979,0.44827884435653687
9980,0.37046927213668823
9981,0.5244594216346741
9982,0.7304102182388306
9983,0.39425572752952576
9984,0.7880087494850159
9985,0.36407503485679626
9986,0.3179180920124054
9987,0.7543227672576904
9988,0.7742830514907837
9989,0.6628264784812927
9990,0.4495082497596741
9991,0.5294060707092285
9992,0.4574109613895416
9993,0.3391965329647064
9994,0.2466958463191986
9995,0.2547368109226227
9996,0.4736476540565491
9997,0.21764254570007324
9998,0.3490448296070099
9999,0.37545889616012573
10000,0.48071521520614624
10001,0.2675072252750397
10002,0.7595207095146179
10003,0.46444833278656006
10004,0.45092836022377014
10005,0.4325834810733795
10006,0.566593587398529
10007,0.6023129820823669
10008,0.4965672492980957
10009,0.658220648765564
10010,0.4001607596874237
10011,0.3602558374404907
10012,0.2906922698020935
10013,0.7644534707069397
10014,0.47681719064712524
10015,0.5185887813568115
10016,0.26562148332595825
10017,0.3478063642978668
10018,0.2860212028026581
10019,0.4501549005508423
10020,0.7730994820594788
10021,0.6419363021850586
10022,0.5021368861198425
10023,0.5644221305847168
10024,0.6723625063896179
10025,0.435646653175354
10026,0.3647824227809906
10027,0.4223462641239166
10028,0.46431872248649597
10029,0.4584324359893799
10030,0.22732503712177277
10031,0.3795631229877472
10032,0.5702228546142578
10033,0.43123024702072144
10034,0.3873582184314728
10035,0.5960294604301453
10036,0.6751829385757446
10037,0.6684451103210449
10038,0.6405044794082642
10039,0.4145377278327942
10040,0.42163875699043274
10041,0.4704255163669586
10042,0.5122861266136169
10043,0.5352756977081299
10044,0.4452301859855652
10045,0.36677926778793335
10046,0.6679149866104126
10047,0.2760908901691437
10048,0.3195076286792755
10049,0.24772557616233826
10050,0.6695361137390137
10051,0.6510260701179504
10052,0.23660972714424133
10053,0.7054709196090698
10054,0.6560000777244568
10055,0.6031782031059265
10056,0.5078248977661133
10057,0.4671151041984558
10058,0.43804997205734253
10059,0.3773253262042999
10060,0.523039698600769
10061,0.45619791746139526
10062,0.7417697906494141
10063,0.7498618364334106
10064,0.26008790731430054
10065,0.7682337760925293
10066,0.4663107395172119
10067,0.6060153841972351
10068,0.4826588034629822
10069,0.6935606598854065
10070,0.29002702236175537
10071,0.5018683075904846
10072,0.24031676352024078
10073,0.7892816066741943
10074,0.3536684215068817
10075,0.45082786679267883
10076,0.6096873879432678
10077,0.7795345783233643
10078,0.5812466740608215
10079,0.5190925598144531
10080,0.34269315004348755
10081,0.4694617688655853
10082,0.4161771535873413
10083,0.5780983567237854
10084,0.5466629266738892
10085,0.6786307096481323
10086,0.4477441608905792
10087,0.3067081570625305
10088,0.7480329275131226
10089,0.5398387908935547
10090,0.5249956846237183
10091,0.6300813555717468
10092,0.4752223789691925
10093,0.6800572872161865
10094,0.7081733345985413
10095,0.5554251670837402
10096,0.21912167966365814
10097,0.7682251930236816
10098,0.5021647810935974
10099,0.36717578768730164
10100,0.6765138506889343
10101,0.214996337890625
10102,0.2914808392524719
10103,0.5083097219467163
10104,0.536354124546051
10105,0.3184214234352112
10106,0.4642728567123413
10107,0.6961384415626526
10108,0.5449020266532898
10109,0.45058852434158325
10110,0.6203475594520569
10111,0.41998961567878723
10112,0.43255946040153503
10113,0.38009047508239746
10114,0.26585569977760315
10115,0.3706960678100586
10116,0.6372029781341553
10117,0.5105434060096741
10118,0.3431379497051239
10119,0.44041764736175537
10120,0.4690689742565155
10121,0.4629546105861664
10122,0.3402557373046875
10123,0.7453700304031372
10124,0.7807843089103699
10125,0.6845678091049194
10126,0.4335392117500305
10127,0.5297889113426208
10128,0.7185282707214355
10129,0.2853558659553528
10130,0.37422657012939453
10131,0.7804588675498962
10132,0.7703233957290649
10133,0.2146570235490799
10134,0.43248945474624634
10135,0.4557521343231201
10136,0.4822898805141449
10137,0.4415660500526428
10138,0.49052298069000244
10139,0.5670310258865356
10140,0.5421706438064575
10141,0.7230654358863831
10142,0.3444448709487915
10143,0.25614210963249207
10144,0.49025413393974304
10145,0.4635867774486542
10146,0.5184933543205261
10147,0.5038382411003113
10148,0.5902474522590637
10149,0.6458983421325684
10150,0.4235896170139313
10151,0.23826521635055542
10152,0.5559297800064087
10153,0.36724966764450073
10154,0.2998679578304291
10155,0.36846432089805603
10156,0.3157401978969574
10157,0.4514656960964203
10158,0.6907359957695007
10159,0.6682721376419067
10160,0.43523886799812317
10161,0.46856364607810974
10162,0.3297744691371918
10163,0.449781209230423
10164,0.6461706757545471
10165,0.30926573276519775
10166,0.7822096943855286
10167,0.42559415102005005
10168,0.6295232772827148
10169,0.455543577671051
10170,0.4303966760635376
10171,0.37995344400405884
10172,0.7293015718460083
10173,0.44790902733802795
10174,0.6207695603370667
10175,0.35364875197410583
10176,0.4101214110851288
10177,0.4759819805622101
10178,0.5729553699493408
10179,0.36051303148269653
10180,0.41526558995246887
10181,0.46120405197143555
10182,0.5437930822372437
10183,0.23653683066368103
10184,0.4513411819934845
10185,0.5621632933616638
10186,0.44902586936950684
10187,0.3538949191570282
10188,0.36260223388671875
10189,0.4240027070045471
10190,0.770847737789154
10191,0.765400767326355
10192,0.26624423265457153
10193,0.2581423819065094
10194,0.45872989296913147
10195,0.7886401414871216
10196,0.49080419540405273
10197,0.6143073439598083
10198,0.689972996711731
10199,0.39597851037979126
10200,0.2977663576602936
10201,0.6700682044029236
10202,0.540884792804718
10203,0.43232399225234985
10204,0.615899920463562
10205,0.42009788751602173
10206,0.6561354994773865
10207,0.44762372970581055
10208,0.4500061869621277
10209,0.5310381054878235
10210,0.46910324692726135
10211,0.4454145133495331
10212,0.5727213621139526
10213,0.39125436544418335
10214,0.4775664210319519
10215,0.2663438618183136
10216,0.40184280276298523
10217,0.7636062502861023
10218,0.6200648546218872
10219,0.4380180239677429
10220,0.22149832546710968
10221,0.4531777501106262
10222,0.5808053612709045
10223,0.6702272891998291
10224,0.5620273351669312
10225,0.3326272666454315
10226,0.41784003376960754
10227,0.4845860004425049
10228,0.4386228322982788
10229,0.8053298592567444
10230,0.29067471623420715
10231,0.4465602934360504
10232,0.5038356781005859
10233,0.7214254140853882
10234,0.4018257260322571
10235,0.6766130924224854
10236,0.2834801971912384
10237,0.2491014450788498
10238,0.6803943514823914
10239,0.42766323685646057
10240,0.6773970127105713
10241,0.47369465231895447
10242,0.2006841003894806
10243,0.21861618757247925
10244,0.5995404720306396
10245,0.25126978754997253
10246,0.35654884576797485
10247,0.7116945385932922
10248,0.4181295335292816
10249,0.5993047952651978
10250,0.49398109316825867
10251,0.3493419289588928
10252,0.39704790711402893
10253,0.7263860702514648
10254,0.7427233457565308
10255,0.5496246814727783
10256,0.5315486192703247
10257,0.4775887131690979
10258,0.41436198353767395
10259,0.4943738877773285
10260,0.48645538091659546
10261,0.45810917019844055
10262,0.7798234820365906
10263,0.17510685324668884
10264,0.3429701328277588
10265,0.4267033338546753
10266,0.517281174659729
10267,0.7283965349197388
10268,0.5699641704559326
10269,0.17372600734233856
10270,0.38827821612358093
10271,0.776485025882721
10272,0.6387835741043091
10273,0.6942477226257324
10274,0.6099936962127686
10275,0.368853360414505
10276,0.5174062848091125
10277,0.3959369361400604
10278,0.7333582639694214
10279,0.7605783939361572
10280,0.46061769127845764
10281,0.5544626116752625
10282,0.7241256237030029
10283,0.38093844056129456
10284,0.49748116731643677
10285,0.2683447301387787
10286,0.3968224823474884
10287,0.22096039354801178
10288,0.23908992111682892
10289,0.6598752737045288
10290,0.36485299468040466
10291,0.6145056486129761
10292,0.7710288763046265
10293,0.667491614818573
10294,0.3784289062023163
10295,0.3091244101524353
10296,0.43576815724372864
10297,0.7395825982093811
10298,0.6580215692520142
10299,0.7652844786643982
10300,0.6471776366233826
10301,0.778223991394043
10302,0.48223772644996643
10303,0.7389046549797058
10304,0.6550434231758118
10305,0.289004385471344
10306,0.4337126910686493
10307,0.4038144648075104
10308,0.45106908679008484
10309,0.643738329410553
10310,0.43233558535575867
10311,0.502855658531189
10312,0.44082891941070557
10313,0.3565261960029602
10314,0.436071515083313
10315,0.4848950207233429
10316,0.5118508338928223
10317,0.6579683423042297
10318,0.4547106921672821
10319,0.5970931649208069
10320,0.5261338353157043
10321,0.2558461129665375
10322,0.5282698273658752
10323,0.6417793035507202
10324,0.46435028314590454
10325,0.5941774845123291
10326,0.2698902189731598
10327,0.3700248599052429
10328,0.45376360416412354
10329,0.4480893313884735
10330,0.624955415725708
10331,0.2691429853439331
10332,0.5526909232139587
10333,0.6630681157112122
10334,0.31392091512680054
10335,0.48099130392074585
10336,0.751825749874115
10337,0.5286060571670532
10338,0.6796203255653381
10339,0.2534599006175995
10340,0.2922433912754059
10341,0.27878397703170776
10342,0.4338274598121643
10343,0.7143048644065857
10344,0.7143586874008179
10345,0.49993664026260376
10346,0.4537239372730255
10347,0.6692023873329163
10348,0.47251975536346436
10349,0.5693172216415405
10350,0.47007402777671814
10351,0.2858385443687439
10352,0.4351716935634613
10353,0.3650156259536743
10354,0.5006483197212219
10355,0.5203037261962891
10356,0.46539199352264404
10357,0.4210606813430786
10358,0.2700525224208832
10359,0.42798250913619995
10360,0.42313352227211
10361,0.7838184237480164
10362,0.7618532180786133
10363,0.4456317722797394
10364,0.6716706156730652
10365,0.37789586186408997
10366,0.2844548225402832
10367,0.4066915512084961
10368,0.42124634981155396
10369,0.7339555621147156
10370,0.7320945858955383
10371,0.768568217754364
10372,0.6538769602775574
10373,0.289345383644104
10374,0.23464201390743256
10375,0.3192059099674225
10376,0.6835950613021851
10377,0.7715114951133728
10378,0.3172306418418884
10379,0.47073715925216675
10380,0.7784548401832581
10381,0.5407619476318359
10382,0.6178709864616394
10383,0.6706838011741638
10384,0.5871363878250122
10385,0.43184277415275574
10386,0.28593406081199646
10387,0.4341575503349304
10388,0.7802890539169312
10389,0.5231147408485413
10390,0.5606744289398193
10391,0.5604844689369202
10392,0.30604884028434753
10393,0.566806435585022
10394,0.647666335105896
10395,0.5736373066902161
10396,0.24655713140964508
10397,0.691493034362793
10398,0.2963348925113678
10399,0.31287461519241333
10400,0.6419193744659424
10401,0.3403736352920532
10402,0.2967001497745514
10403,0.7061055898666382
10404,0.44049736857414246
10405,0.7944246530532837
10406,0.467342346906662
10407,0.2354246973991394
10408,0.3472360670566559
10409,0.5470196604728699
10410,0.4038906991481781
10411,0.7715364098548889
10412,0.43755653500556946
10413,0.5068526268005371
10414,0.46504589915275574
10415,0.4883888065814972
10416,0.45177850127220154
10417,0.4807203412055969
10418,0.30140775442123413
10419,0.583609402179718
10420,0.29040926694869995
10421,0.6370347738265991
10422,0.26153022050857544
10423,0.4765711724758148
10424,0.4665464758872986
10425,0.5982784032821655
10426,0.4659724235534668
10427,0.754494845867157
10428,0.3181264102458954
10429,0.42236751317977905
10430,0.6887568235397339
10431,0.528265655040741
10432,0.6442309617996216
10433,0.5565254092216492
10434,0.46079161763191223
10435,0.3370850384235382
10436,0.7363036870956421
10437,0.23271392285823822
10438,0.7773228287696838
10439,0.7270833253860474
10440,0.33377784490585327
10441,0.48033443093299866
10442,0.2343570739030838
10443,0.7911500930786133
10444,0.43855974078178406
10445,0.4099331498146057
10446,0.37132471799850464
10447,0.5019395351409912
10448,0.7079852223396301
10449,0.5284616351127625
10450,0.633463978767395
10451,0.5155878663063049
10452,0.3492627441883087
10453,0.6780821681022644
10454,0.360487699508667
10455,0.47822731733322144
10456,0.3527667820453644
10457,0.6060795783996582
10458,0.5216309428215027
10459,0.46782660484313965
10460,0.3361879289150238
10461,0.6768975257873535
10462,0.49064940214157104
10463,0.3232056200504303
10464,0.6111912131309509
10465,0.30703866481781006
10466,0.3721570074558258
10467,0.6838631629943848
10468,0.4988469183444977
10469,0.553358793258667
10470,0.26673415303230286
10471,0.6751742362976074
10472,0.3511229455471039
10473,0.4283430874347687
10474,0.586837649345398
10475,0.49687525629997253
10476,0.43224456906318665
10477,0.5298308730125427
10478,0.6057901382446289
10479,0.38651731610298157
10480,0.661859929561615
10481,0.5304702520370483
10482,0.7516623139381409
10483,0.6877598166465759
10484,0.46638160943984985
10485,0.38786834478378296
10486,0.7818952798843384
10487,0.7624534964561462
10488,0.5862225294113159
10489,0.22385095059871674
10490,0.4772116541862488
10491,0.372628778219223
10492,0.5062894821166992
10493,0.5437036156654358
10494,0.6734333038330078
10495,0.5735927820205688
10496,0.4203929305076599
10497,0.4569793939590454
10498,0.31732872128486633
10499,0.5814655423164368
10500,0.7801868319511414
10501,0.6472596526145935
10502,0.3982570767402649
10503,0.5230165123939514
10504,0.4919712245464325
10505,0.773574948310852
10506,0.6926161646842957
10507,0.33774763345718384
10508,0.6908758282661438
10509,0.3937114179134369
10510,0.7185484766960144
10511,0.40195515751838684
10512,0.4692392349243164
10513,0.46000510454177856
10514,0.5059636831283569
10515,0.7764824032783508
10516,0.3966744542121887
10517,0.3887360990047455
10518,0.44268032908439636
10519,0.36558520793914795
10520,0.2400255799293518
10521,0.48971572518348694
10522,0.4486002027988434
10523,0.401224821805954
10524,0.2683229446411133
10525,0.38127508759498596
10526,0.5844516158103943
10527,0.6302418112754822
10528,0.39284002780914307
10529,0.6072971820831299
10530,0.7134520411491394
10531,0.47605717182159424
10532,0.5375203490257263
10533,0.38222697377204895
10534,0.7699316740036011
10535,0.2213413417339325
10536,0.6947019100189209
10537,0.6134169697761536
10538,0.46284812688827515
10539,0.26974552869796753
10540,0.6615427136421204
10541,0.7643795013427734
10542,0.7750881910324097
10543,0.4658545255661011
10544,0.7762396335601807
10545,0.5484556555747986
10546,0.7018244862556458
10547,0.2403661161661148
10548,0.45949190855026245
10549,0.7641989588737488
10550,0.5159218311309814
10551,0.6115601062774658
10552,0.4694010019302368
10553,0.47552913427352905
10554,0.6801763772964478
10555,0.5510096549987793
10556,0.3445633351802826
10557,0.39160266518592834
10558,0.6857771873474121
10559,0.5159701704978943
10560,0.31658557057380676
10561,0.564353346824646
10562,0.5777257680892944
10563,0.4836297929286957
10564,0.4723890721797943
10565,0.32745230197906494
10566,0.5971465706825256
10567,0.7003578543663025
10568,0.3711678087711334
10569,0.5831231474876404
10570,0.4680391550064087
10571,0.47608819603919983
10572,0.4868910610675812
10573,0.5456767082214355
10574,0.28658169507980347
10575,0.2706327736377716
10576,0.4419929087162018
10577,0.7477791905403137
10578,0.23729157447814941
10579,0.302661657333374
10580,0.6233202219009399
10581,0.3962364196777344
10582,0.5332198739051819
10583,0.4390464127063751
10584,0.7044877409934998
10585,0.6395676732063293
10586,0.5445781946182251
10587,0.4128972291946411
10588,0.516853392124176
10589,0.49472078680992126
10590,0.38757479190826416
10591,0.304485023021698
10592,0.7649449706077576
10593,0.7775845527648926
10594,0.37141987681388855
10595,0.2276705652475357
10596,0.4583582580089569
10597,0.5948046445846558
10598,0.47985920310020447
10599,0.2029823362827301
10600,0.6047609448432922
10601,0.3279043734073639
10602,0.45389944314956665
10603,0.5667686462402344
10604,0.3408917188644409
10605,0.4727385938167572
10606,0.19286467134952545
10607,0.3141152262687683
10608,0.5786142945289612
10609,0.620173454284668
10610,0.6203875541687012
10611,0.5711557865142822
10612,0.397403359413147
10613,0.28329595923423767
10614,0.4569041430950165
10615,0.5719600319862366
10616,0.7042590379714966
10617,0.4062612056732178
10618,0.3871524930000305
10619,0.4875060021877289
10620,0.6761901378631592
10621,0.47371673583984375
10622,0.5782051682472229
10623,0.4333462715148926
10624,0.4422188103199005
10625,0.6366474032402039
10626,0.3535521626472473
10627,0.5584231019020081
10628,0.33480104804039
10629,0.506035327911377
10630,0.7805048823356628
10631,0.5035418272018433
10632,0.45501744747161865
10633,0.6239660382270813
10634,0.6714243292808533
10635,0.6800837516784668
10636,0.6851813793182373
10637,0.5788291096687317
10638,0.6821336150169373
10639,0.4161895215511322
10640,0.6199175119400024
10641,0.7572632431983948
10642,0.6213334202766418
10643,0.4626063108444214
10644,0.3995491564273834
10645,0.3169099986553192
10646,0.6546037793159485
10647,0.4092349708080292
10648,0.6695042252540588
10649,0.34530290961265564
10650,0.2186155915260315
10651,0.479591965675354
10652,0.5752922296524048
10653,0.4654628336429596
10654,0.5293253660202026
10655,0.5767663717269897
10656,0.7316099405288696
10657,0.31848251819610596
10658,0.48033854365348816
10659,0.6356215476989746
10660,0.5663947463035583
10661,0.28720012307167053
10662,0.49529579281806946
10663,0.7599223256111145
10664,0.2891635000705719
10665,0.3237801194190979
10666,0.46093547344207764
10667,0.26145750284194946
10668,0.4319324195384979
10669,0.3651440739631653
10670,0.5982018709182739
10671,0.5138776302337646
10672,0.38954979181289673
10673,0.5160455703735352
10674,0.6089665293693542
10675,0.5836774110794067
10676,0.47513848543167114
10677,0.6481276750564575
10678,0.7093033194541931
10679,0.7904177904129028
10680,0.5815550684928894
10681,0.7653350830078125
10682,0.6057866215705872
10683,0.5065178275108337
10684,0.32563263177871704
10685,0.4233878254890442
10686,0.3361096978187561
10687,0.31286555528640747
10688,0.5457119345664978
10689,0.32407620549201965
10690,0.4812656044960022
10691,0.3383350074291229
10692,0.4974808096885681
10693,0.43513569235801697
10694,0.4278353154659271
10695,0.7836108207702637
10696,0.5628470182418823
10697,0.7724224925041199
10698,0.6910141706466675
10699,0.22195248305797577
10700,0.5415365695953369
10701,0.6757296919822693
10702,0.246602401137352
10703,0.21471896767616272
10704,0.551515519618988
10705,0.2786950469017029
10706,0.422912061214447
10707,0.5668239593505859
10708,0.3976956307888031
10709,0.6574724912643433
10710,0.572699248790741
10711,0.5775748491287231
10712,0.5450962781906128
10713,0.6255089044570923
10714,0.4042171835899353
10715,0.4845486283302307
10716,0.5856419205665588
10717,0.25939273834228516
10718,0.5009239912033081
10719,0.3208483159542084
10720,0.44081586599349976
10721,0.30239301919937134
10722,0.6590890288352966
10723,0.4309658110141754
10724,0.47473010420799255
10725,0.4672209322452545
10726,0.4135247468948364
10727,0.7443268299102783
10728,0.44065290689468384
10729,0.45980578660964966
10730,0.5733625888824463
10731,0.44089847803115845
10732,0.5032595992088318
10733,0.31398648023605347
10734,0.664797306060791
10735,0.48507949709892273
10736,0.3687399625778198
10737,0.34909820556640625
10738,0.6486281156539917
10739,0.24438810348510742
10740,0.4570975601673126
10741,0.4814722537994385
10742,0.4451116919517517
10743,0.4227253794670105
10744,0.6640328764915466
10745,0.4837910532951355
10746,0.3297654986381531
10747,0.47733867168426514
10748,0.31783199310302734
10749,0.37158870697021484
10750,0.7864364981651306
10751,0.7023724317550659
10752,0.7872567176818848
10753,0.5406213402748108
10754,0.6476283073425293
10755,0.418351948261261
10756,0.5013529062271118
10757,0.580794632434845
10758,0.4251927137374878
10759,0.6469354629516602
10760,0.33465704321861267
10761,0.42812201380729675
10762,0.5009634494781494
10763,0.7736338973045349
10764,0.4118906855583191
10765,0.41536322236061096
10766,0.43721118569374084
10767,0.3961767554283142
10768,0.4014192521572113
10769,0.659515917301178
10770,0.4159669280052185
10771,0.2783105969429016
10772,0.3169359862804413
10773,0.771914541721344
10774,0.35629743337631226
10775,0.5125826001167297
10776,0.775589108467102
10777,0.41605597734451294
10778,0.2827860116958618
10779,0.6142082810401917
10780,0.31090694665908813
10781,0.7709176540374756
10782,0.4396671652793884
10783,0.4782968759536743
10784,0.5829344391822815
10785,0.27814584970474243
10786,0.4518500864505768
10787,0.4617167115211487
10788,0.6363602876663208
10789,0.6722803711891174
10790,0.46425989270210266
10791,0.626416027545929
10792,0.3346179723739624
10793,0.2815203368663788
10794,0.23151162266731262
10795,0.7735335230827332
10796,0.5798342823982239
10797,0.2458696961402893
10798,0.35430842638015747
10799,0.4766906499862671
10800,0.6390588283538818
10801,0.38433197140693665
10802,0.4573528468608856
10803,0.6585181951522827
10804,0.3776512145996094
10805,0.6213938593864441
10806,0.45220234990119934
10807,0.6226959824562073
10808,0.3016122877597809
10809,0.4397870898246765
10810,0.5278679728507996
10811,0.5739156603813171
10812,0.34262603521347046
10813,0.27976709604263306
10814,0.5073156356811523
10815,0.7330557107925415
10816,0.2903059720993042
10817,0.779312252998352
10818,0.39264941215515137
10819,0.4960499107837677
10820,0.32905131578445435
10821,0.38117146492004395
10822,0.33956441283226013
10823,0.4019635021686554
10824,0.4807840883731842
10825,0.3232843577861786
10826,0.6079156398773193
10827,0.3757625222206116
10828,0.6542075276374817
10829,0.2940366566181183
10830,0.3329273760318756
10831,0.4554567337036133
10832,0.45206838846206665
10833,0.7697106003761292
10834,0.49624043703079224
10835,0.28116053342819214
10836,0.6295945048332214
10837,0.5389253497123718
10838,0.37709030508995056
10839,0.21558089554309845
10840,0.4420466125011444
10841,0.46490275859832764
10842,0.4373762607574463
10843,0.5609005689620972
10844,0.7273284196853638
10845,0.4810680150985718
10846,0.5864139795303345
10847,0.5602979063987732
10848,0.4502891004085541
10849,0.5793066024780273
10850,0.4313323199748993
10851,0.23908205330371857
10852,0.7285150289535522
10853,0.7178283333778381
10854,0.44698020815849304
10855,0.767535388469696
10856,0.7810227870941162
10857,0.4783031642436981
10858,0.29372259974479675
10859,0.668561577796936
10860,0.7488998174667358
10861,0.45454907417297363
10862,0.310653418302536
10863,0.6682218909263611
10864,0.7663378119468689
10865,0.38406360149383545
10866,0.6388563513755798
10867,0.7796149253845215
10868,0.5679659843444824
10869,0.6781394481658936
10870,0.41680383682250977
10871,0.47873854637145996
10872,0.6592986583709717
10873,0.4570236802101135
10874,0.28586357831954956
10875,0.7627601623535156
10876,0.36925309896469116
10877,0.5909866094589233
10878,0.438844233751297
10879,0.5132295489311218
10880,0.46197137236595154
10881,0.39941325783729553
10882,0.551048994064331
10883,0.4105372726917267
10884,0.4138772189617157
10885,0.6605537533760071
10886,0.6829671263694763
10887,0.777147650718689
10888,0.5779072642326355
10889,0.41357383131980896
10890,0.5433300137519836
10891,0.3077428340911865
10892,0.3724495768547058
10893,0.6940181851387024
10894,0.674505352973938
10895,0.7814642190933228
10896,0.5407796502113342
10897,0.40351635217666626
10898,0.4358663856983185
10899,0.7597215175628662
10900,0.3973373472690582
10901,0.5862895250320435
10902,0.37998101115226746
10903,0.7738997936248779
10904,0.5462391376495361
10905,0.30787011981010437
10906,0.5195441842079163
10907,0.4437996745109558
10908,0.2376655489206314
10909,0.21879391372203827
10910,0.7789071798324585
10911,0.7668965458869934
10912,0.6858850717544556
10913,0.49893808364868164
10914,0.2531527876853943
10915,0.47016283869743347
10916,0.4583445191383362
10917,0.5261069536209106
10918,0.681542694568634
10919,0.7656051516532898
10920,0.738811194896698
10921,0.6408916115760803
10922,0.5510491728782654
10923,0.776776134967804
10924,0.6786868572235107
10925,0.4175768494606018
10926,0.6681395173072815
10927,0.6377399563789368
10928,0.6976643204689026
10929,0.4715522229671478
10930,0.7652310729026794
10931,0.7575719356536865
10932,0.473420649766922
10933,0.38706111907958984
10934,0.28817352652549744
10935,0.3293003439903259
10936,0.40140020847320557
10937,0.5261674523353577
10938,0.46740734577178955
10939,0.7674890160560608
10940,0.33374154567718506
10941,0.4838230013847351
10942,0.4855375289916992
10943,0.44595637917518616
10944,0.572908341884613
10945,0.44055911898612976
10946,0.4574950039386749
10947,0.37163737416267395
10948,0.6374539136886597
10949,0.44426271319389343
10950,0.3938245177268982
10951,0.41726061701774597
10952,0.7277185320854187
10953,0.5378128886222839
10954,0.6329733729362488
10955,0.6403250098228455
10956,0.5602421760559082
10957,0.5008503198623657
10958,0.2691071629524231
10959,0.3748721480369568
10960,0.36764776706695557
10961,0.4220794141292572
10962,0.5355668067932129
10963,0.4064454734325409
10964,0.5516182780265808
10965,0.7663981318473816
10966,0.7686623930931091
10967,0.7215628623962402
10968,0.23829172551631927
10969,0.3747151792049408
10970,0.22472448647022247
10971,0.6634544134140015
10972,0.3159382939338684
10973,0.5537266135215759
10974,0.4616575241088867
10975,0.7684850096702576
10976,0.5185211300849915
10977,0.5369223952293396
10978,0.6259849667549133
10979,0.5682074427604675
10980,0.47863441705703735
10981,0.21872805058956146
10982,0.47103333473205566
10983,0.48512086272239685
10984,0.4654466211795807
10985,0.6072553396224976
10986,0.3159639239311218
10987,0.3950800895690918
10988,0.22350330650806427
10989,0.23065288364887238
10990,0.3110930621623993
10991,0.43247926235198975
10992,0.24761801958084106
10993,0.431461364030838
10994,0.5021776556968689
10995,0.3152438998222351
10996,0.387418657541275
10997,0.7440704107284546
10998,0.733722984790802
10999,0.5317221879959106
11000,0.6331802010536194
11001,0.5547353029251099
11002,0.3635481595993042
11003,0.49677029252052307
11004,0.29581111669540405
11005,0.575825035572052
11006,0.6315839290618896
11007,0.6721923351287842
11008,0.6360435485839844
11009,0.6180480122566223
11010,0.5297806859016418
11011,0.4496115744113922
11012,0.31819218397140503
11013,0.2908988893032074
11014,0.6359667181968689
11015,0.45517292618751526
11016,0.7947984337806702
11017,0.4567009210586548
11018,0.7463335990905762
11019,0.37186479568481445
11020,0.4750434160232544
11021,0.43578964471817017
11022,0.32115229964256287
11023,0.567320704460144
11024,0.4127975106239319
11025,0.2753189504146576
11026,0.5926096439361572
11027,0.5414278507232666
11028,0.4199111759662628
11029,0.2937711477279663
11030,0.2853711247444153
11031,0.28664278984069824
11032,0.6522313356399536
11033,0.24420994520187378
11034,0.40936076641082764
11035,0.772378146648407
11036,0.7619381546974182
11037,0.659134566783905
11038,0.49202650785446167
11039,0.46455925703048706
11040,0.6112294793128967
11041,0.2308243066072464
11042,0.5502091646194458
11043,0.6671543121337891
11044,0.40745142102241516
11045,0.4515814781188965
11046,0.4903298020362854
11047,0.2301487922668457
11048,0.6956343054771423
11049,0.6503036022186279
11050,0.39233243465423584
11051,0.5511615872383118
11052,0.5053023099899292
11053,0.49996721744537354
11054,0.25669777393341064
11055,0.25859975814819336
11056,0.7669596076011658
11057,0.46733105182647705
11058,0.36669597029685974
11059,0.33192190527915955
11060,0.7741392850875854
11061,0.658700704574585
11062,0.2942669093608856
11063,0.34306231141090393
11064,0.3016403019428253
11065,0.5520243048667908
11066,0.4575066864490509
11067,0.5866273045539856
11068,0.63983553647995
11069,0.7709339261054993
11070,0.5195679068565369
11071,0.7855353951454163
11072,0.6457805633544922
11073,0.41210708022117615
11074,0.7787248492240906
11075,0.47332528233528137
11076,0.5586543083190918
11077,0.40606218576431274
11078,0.3746272623538971
11079,0.7639751434326172
11080,0.43508079648017883
11081,0.555644154548645
11082,0.3085348606109619
11083,0.6053075194358826
11084,0.43314436078071594
11085,0.6561731100082397
11086,0.607896625995636
11087,0.2809186577796936
11088,0.3247946798801422
11089,0.41893231868743896
11090,0.7531150579452515
11091,0.415830135345459
11092,0.1944366693496704
11093,0.780034065246582
11094,0.5558902025222778
11095,0.40409478545188904
11096,0.7611830830574036
11097,0.4139916002750397
11098,0.7764590978622437
11099,0.5113530158996582
11100,0.46890828013420105
11101,0.46057963371276855
11102,0.5228109955787659
11103,0.5300236940383911
11104,0.37320026755332947
11105,0.4690496623516083
11106,0.22132508456707
11107,0.2486555576324463
11108,0.6127040386199951
11109,0.31832027435302734
11110,0.5322107672691345
11111,0.6281811594963074
11112,0.3066164553165436
11113,0.37153834104537964
11114,0.5236703157424927
11115,0.6079556345939636
11116,0.24599234759807587
11117,0.6582343578338623
11118,0.5182678699493408
11119,0.5471246838569641
11120,0.45988956093788147
11121,0.5698823928833008
11122,0.393603652715683
11123,0.48995327949523926
11124,0.6049250364303589
11125,0.6849112510681152
11126,0.43532443046569824
11127,0.4653374254703522
11128,0.5090335607528687
11129,0.4954277575016022
11130,0.43595343828201294
11131,0.49401378631591797
11132,0.33526700735092163
11133,0.22268711030483246
11134,0.3264023959636688
11135,0.41667142510414124
11136,0.7641322612762451
11137,0.5260907411575317
11138,0.3781464993953705
11139,0.36682242155075073
11140,0.41150596737861633
11141,0.3210470974445343
11142,0.46359893679618835
11143,0.4381159842014313
11144,0.2932021915912628
11145,0.26441818475723267
11146,0.6687465310096741
11147,0.2974673807621002
11148,0.6234478950500488
11149,0.4530963599681854
11150,0.3730238080024719
11151,0.4725086987018585
11152,0.6012277007102966
11153,0.4146963953971863
11154,0.5634844899177551
11155,0.6994611024856567
11156,0.26028668880462646
11157,0.6169094443321228
11158,0.648884654045105
11159,0.5924931764602661
11160,0.3787725567817688
11161,0.4516845643520355
11162,0.40192192792892456
11163,0.7811585068702698
11164,0.5144465565681458
11165,0.2553555965423584
11166,0.4053184390068054
11167,0.526719868183136
11168,0.7830370664596558
11169,0.42103874683380127
11170,0.5366303324699402
11171,0.6542941927909851
11172,0.4396025538444519
11173,0.5705533623695374
11174,0.44575759768486023
11175,0.772284984588623
11176,0.5018097758293152
11177,0.3701731264591217
11178,0.5308652520179749
11179,0.2880125939846039
11180,0.5102247595787048
11181,0.7513788938522339
11182,0.4355032742023468
11183,0.39626988768577576
11184,0.4338968098163605
11185,0.4683704674243927
11186,0.37609514594078064
11187,0.41019144654273987
11188,0.7018030881881714
11189,0.4408757984638214
11190,0.534692645072937
11191,0.45576104521751404
11192,0.631209671497345
11193,0.4527485966682434
11194,0.4529832899570465
11195,0.5311213731765747
11196,0.6559285521507263
11197,0.7112417221069336
11198,0.3750663697719574
11199,0.46034568548202515
11200,0.5383297801017761
11201,0.27819010615348816
11202,0.5454961657524109
11203,0.6058389544487
11204,0.6995929479598999
11205,0.6113830804824829
11206,0.6247947812080383
11207,0.383098304271698
11208,0.2608409523963928
11209,0.6007257699966431
11210,0.3840527832508087
11211,0.32775306701660156
11212,0.7685604095458984
11213,0.5493848323822021
11214,0.4156438708305359
11215,0.7100636959075928
11216,0.5136005878448486
11217,0.778672993183136
11218,0.32108232378959656
11219,0.44000428915023804
11220,0.7841413021087646
11221,0.7926937937736511
11222,0.35006800293922424
11223,0.5110593438148499
11224,0.5200294852256775
11225,0.5907160043716431
11226,0.23483002185821533
11227,0.23455710709095
11228,0.48593565821647644
11229,0.3567448854446411
11230,0.3499165177345276
11231,0.3469373881816864
11232,0.6886677145957947
11233,0.3696255385875702
11234,0.7647514343261719
11235,0.6732825636863708
11236,0.6819725632667542
11237,0.3214166462421417
11238,0.5313355922698975
11239,0.2835800051689148
11240,0.2613164782524109
11241,0.778588056564331
11242,0.4385528564453125
11243,0.6174126863479614
11244,0.41643744707107544
11245,0.4192078709602356
11246,0.37383463978767395
11247,0.6972965002059937
11248,0.27661457657814026
11249,0.35251933336257935
11250,0.48976773023605347
11251,0.44458118081092834
11252,0.45414620637893677
11253,0.4493105113506317
11254,0.5577273368835449
11255,0.29659104347229004
11256,0.4169977903366089
11257,0.7764446139335632
11258,0.23817561566829681
11259,0.6002693176269531
11260,0.6300432682037354
11261,0.4808329641819
11262,0.3908635973930359
11263,0.4515523612499237
11264,0.4644816219806671
11265,0.25302717089653015
11266,0.5554189682006836
11267,0.25014522671699524
11268,0.6968492269515991
11269,0.464212566614151
11270,0.38879331946372986
11271,0.47035011649131775
11272,0.47128933668136597
11273,0.7796908617019653
11274,0.6140913963317871
11275,0.7678553462028503
11276,0.5379289984703064
11277,0.7559806704521179
11278,0.3794868290424347
11279,0.6517268419265747
11280,0.7831045985221863
11281,0.3725355863571167
11282,0.5869491696357727
11283,0.7764590382575989
11284,0.34747833013534546
11285,0.7621286511421204
11286,0.32452884316444397
11287,0.6194340586662292
11288,0.22322629392147064
11289,0.47126567363739014
11290,0.6620657444000244
11291,0.6981987357139587
11292,0.23825587332248688
11293,0.3974217176437378
11294,0.6142009496688843
11295,0.2511945068836212
11296,0.5069293975830078
11297,0.30291637778282166
11298,0.6895322203636169
11299,0.45583370327949524
11300,0.6487823128700256
11301,0.2407860904932022
11302,0.5633664727210999
11303,0.6550239324569702
11304,0.4556420147418976
11305,0.7739954590797424
11306,0.3839840590953827
11307,0.45466381311416626
11308,0.5366459488868713
11309,0.690825343132019
11310,0.6678213477134705
11311,0.2553130090236664
11312,0.3764805793762207
11313,0.23609571158885956
11314,0.43565884232521057
11315,0.4184110462665558
11316,0.3533630669116974
11317,0.45977750420570374
11318,0.4468332827091217
11319,0.21726752817630768
11320,0.2748163044452667
11321,0.5874087810516357
11322,0.5762732028961182
11323,0.579775869846344
11324,0.4531184732913971
11325,0.22808608412742615
11326,0.523461103439331
11327,0.5920341610908508
11328,0.5182511210441589
11329,0.39152395725250244
11330,0.4769997000694275
11331,0.5960568785667419
11332,0.2631804943084717
11333,0.5369774103164673
11334,0.5995438694953918
11335,0.29109835624694824
11336,0.5738756656646729
11337,0.39498037099838257
11338,0.44639357924461365
11339,0.691663920879364
11340,0.22171218693256378
11341,0.7718543410301208
11342,0.23405033349990845
11343,0.5192160606384277
11344,0.7732846140861511
11345,0.5528383851051331
11346,0.5869356989860535
11347,0.5601794719696045
11348,0.7490414977073669
11349,0.40523481369018555
11350,0.4762229025363922
11351,0.7814494371414185
11352,0.4678666889667511
11353,0.41732150316238403
11354,0.4591425359249115
11355,0.5040374994277954
11356,0.47873440384864807
11357,0.7032870054244995
11358,0.4626151919364929
11359,0.5767177939414978
11360,0.730150043964386
11361,0.35465893149375916
11362,0.25054413080215454
11363,0.45912793278694153
11364,0.5387378931045532
11365,0.5148760676383972
11366,0.522579550743103
11367,0.44982343912124634
11368,0.7370018362998962
11369,0.5345950722694397
11370,0.39418017864227295
11371,0.5483337640762329
11372,0.23704904317855835
11373,0.4828470051288605
11374,0.7164633870124817
11375,0.41900014877319336
11376,0.45005443692207336
11377,0.4506968557834625
11378,0.6133933663368225
11379,0.46942338347435
11380,0.3888731598854065
11381,0.36421313881874084
11382,0.5337958931922913
11383,0.45282241702079773
11384,0.4177796244621277
11385,0.3464924395084381
11386,0.48958858847618103
11387,0.5167236924171448
11388,0.4567428529262543
11389,0.4128139019012451
11390,0.5091730356216431
11391,0.2835790514945984
11392,0.49931445717811584
11393,0.5927741527557373
11394,0.4712796211242676
11395,0.25697851181030273
11396,0.7702295184135437
11397,0.43371859192848206
11398,0.39488255977630615
11399,0.536311149597168
11400,0.6509342193603516
11401,0.5337870717048645
11402,0.8018226027488708
11403,0.7610858082771301
11404,0.40570563077926636
11405,0.5304738879203796
11406,0.6688658595085144
11407,0.23426200449466705
11408,0.48861581087112427
11409,0.5856720209121704
11410,0.38266268372535706
11411,0.6169818043708801
11412,0.4206559658050537
11413,0.5340758562088013
11414,0.4919326901435852
11415,0.4431917667388916
11416,0.6870798468589783
11417,0.6661291122436523
11418,0.4765855073928833
11419,0.42742881178855896
11420,0.7230132818222046
11421,0.24292008578777313
11422,0.2683333456516266
11423,0.5967006087303162
11424,0.5352606177330017
11425,0.5456763505935669
11426,0.3599244952201843
11427,0.29229170083999634
11428,0.35011526942253113
11429,0.5288420915603638
11430,0.6109087467193604
11431,0.7740339040756226
11432,0.30875393748283386
11433,0.3066433370113373
11434,0.6705039739608765
11435,0.7799302339553833
11436,0.45544904470443726
11437,0.40040090680122375
11438,0.48444217443466187
11439,0.2333688586950302
11440,0.5537841320037842
11441,0.313802033662796
11442,0.4063971936702728
11443,0.5158493518829346
11444,0.757496178150177
11445,0.3843497037887573
11446,0.49637940526008606
11447,0.45577770471572876
11448,0.5752811431884766
11449,0.49815669655799866
11450,0.6565581560134888
11451,0.7337530851364136
11452,0.39213863015174866
11453,0.697064220905304
11454,0.3447132110595703
11455,0.4226941466331482
11456,0.39197149872779846
11457,0.4523751437664032
11458,0.43553051352500916
11459,0.31386032700538635
11460,0.47717201709747314
11461,0.45118194818496704
11462,0.32156217098236084
11463,0.31735172867774963
11464,0.3990948498249054
11465,0.560274064540863
11466,0.22558869421482086
11467,0.7617821097373962
11468,0.47284457087516785
11469,0.6898002624511719
11470,0.6917557120323181
11471,0.455216646194458
11472,0.625148355960846
11473,0.39456018805503845
11474,0.3167373239994049
11475,0.5024920701980591
11476,0.41877278685569763
11477,0.3705202639102936
11478,0.2438783347606659
11479,0.4862061142921448
11480,0.4042156934738159
11481,0.2226865440607071
11482,0.4654446840286255
11483,0.40145328640937805
11484,0.2260512411594391
11485,0.5184094905853271
11486,0.3320820927619934
11487,0.5299263000488281
11488,0.7710092663764954
11489,0.494961678981781
11490,0.5542119741439819
11491,0.3414367139339447
11492,0.5226792693138123
11493,0.27010321617126465
11494,0.46612322330474854
11495,0.557630181312561
11496,0.47025594115257263
11497,0.6024632453918457
11498,0.6278095245361328
11499,0.5226409435272217
11500,0.39832744002342224
11501,0.24283520877361298
11502,0.3169136047363281
11503,0.5891929268836975
11504,0.38610389828681946
11505,0.33032962679862976
11506,0.2213980257511139
11507,0.5175961256027222
11508,0.5300302505493164
11509,0.4399760067462921
11510,0.3589922785758972
11511,0.5600958466529846
11512,0.7480959892272949
11513,0.4814549684524536
11514,0.3404707908630371
11515,0.5426700711250305
11516,0.39780840277671814
11517,0.3165372610092163
11518,0.4645112454891205
11519,0.6450490951538086
11520,0.4299873411655426
11521,0.5343446135520935
11522,0.7887077927589417
11523,0.4474218487739563
11524,0.4012104272842407
11525,0.22273953258991241
11526,0.5220324993133545
11527,0.49043217301368713
11528,0.7295077443122864
11529,0.3606020510196686
11530,0.4640877842903137
11531,0.7544523477554321
11532,0.614539384841919
11533,0.4097227454185486
11534,0.42406827211380005
11535,0.3158709406852722
11536,0.7798666954040527
11537,0.36225247383117676
11538,0.47031840682029724
11539,0.5906448364257812
11540,0.5293918251991272
11541,0.44316190481185913
11542,0.4509251117706299
11543,0.7818084955215454
11544,0.4969403147697449
11545,0.42848536372184753
11546,0.44337543845176697
11547,0.27877047657966614
11548,0.4682859182357788
11549,0.43407848477363586
11550,0.45179760456085205
11551,0.47335246205329895
11552,0.7787165641784668
11553,0.34225955605506897
11554,0.6532719731330872
11555,0.6648193597793579
11556,0.5187179446220398
11557,0.586912214756012
11558,0.3362204432487488
11559,0.7756021618843079
11560,0.5097398161888123
11561,0.29784464836120605
11562,0.6138628721237183
11563,0.2395126223564148
11564,0.3067079782485962
11565,0.31372299790382385
11566,0.26670601963996887
11567,0.4562916159629822
11568,0.5801283717155457
11569,0.3182094395160675
11570,0.4160129725933075
11571,0.24398061633110046
11572,0.43440839648246765
11573,0.41675907373428345
11574,0.5480018854141235
11575,0.44768184423446655
11576,0.3493088185787201
11577,0.5403736233711243
11578,0.2979218363761902
11579,0.5276811122894287
11580,0.3918183445930481
11581,0.5691271424293518
11582,0.4182446002960205
11583,0.6466479301452637
11584,0.2677912712097168
11585,0.4513115882873535
11586,0.458805650472641
11587,0.3002408742904663
11588,0.7790951132774353
11589,0.43394747376441956
11590,0.25420239567756653
11591,0.7429201006889343
11592,0.2229158878326416
11593,0.7613667249679565
11594,0.41401392221450806
11595,0.5658451914787292
11596,0.42495012283325195
11597,0.7047358751296997
11598,0.44371676445007324
11599,0.23035603761672974
11600,0.3870618939399719
11601,0.6466158032417297
11602,0.6292080283164978
11603,0.5562124252319336
11604,0.32292208075523376
11605,0.2748163640499115
11606,0.5741624236106873
11607,0.37540262937545776
11608,0.5927866101264954
11609,0.3254098892211914
11610,0.551586925983429
11611,0.5376213192939758
11612,0.41189685463905334
11613,0.4134118854999542
11614,0.32589393854141235
11615,0.45449697971343994
11616,0.7634427547454834
11617,0.4675566256046295
11618,0.5012602806091309
11619,0.3065316677093506
11620,0.4793265759944916
11621,0.7334103584289551
11622,0.4388314485549927
11623,0.5638234615325928
11624,0.4923807382583618
11625,0.7369488477706909
11626,0.47721266746520996
11627,0.31777670979499817
11628,0.5970784425735474
11629,0.35761499404907227
11630,0.4613930284976959
11631,0.4097903072834015
11632,0.3385152518749237
11633,0.3274615406990051
11634,0.44573548436164856
11635,0.5604759454727173
11636,0.4149024784564972
11637,0.4806736409664154
11638,0.4722939729690552
11639,0.4042685627937317
11640,0.34929603338241577
11641,0.38049736618995667
11642,0.5606314539909363
11643,0.594947874546051
11644,0.48535335063934326
11645,0.3121539056301117
11646,0.5667410492897034
11647,0.6907278895378113
11648,0.4284908175468445
11649,0.3032818138599396
11650,0.6591697931289673
11651,0.5419953465461731
11652,0.17951498925685883
11653,0.26481953263282776
11654,0.588459849357605
11655,0.38439974188804626
11656,0.5523343682289124
11657,0.26304465532302856
11658,0.6005584001541138
11659,0.6637079119682312
11660,0.6145110726356506
11661,0.5727437138557434
11662,0.7693583965301514
11663,0.3053438663482666
11664,0.46842116117477417
11665,0.4332349896430969
11666,0.5205724835395813
11667,0.7069533467292786
11668,0.6004846096038818
11669,0.7837572693824768
11670,0.24510857462882996
11671,0.4945530295372009
11672,0.4062443971633911
11673,0.4032338559627533
11674,0.4299977719783783
11675,0.29794031381607056
11676,0.2915922701358795
11677,0.5174895524978638
11678,0.4903121888637543
11679,0.45324817299842834
11680,0.47790560126304626
11681,0.5395325422286987
11682,0.2659931182861328
11683,0.4199776351451874
11684,0.2684832513332367
11685,0.39298591017723083
11686,0.7811293005943298
11687,0.28092437982559204
11688,0.42763638496398926
11689,0.36576440930366516
11690,0.48249977827072144
11691,0.3414669632911682
11692,0.29766878485679626
11693,0.40959471464157104
11694,0.5106765627861023
11695,0.3225833475589752
11696,0.4655967652797699
11697,0.5412154197692871
11698,0.631197452545166
11699,0.28866955637931824
11700,0.6106652021408081
11701,0.5883006453514099
11702,0.2722757160663605
11703,0.3664531111717224
11704,0.7429883480072021
11705,0.4381314814090729
11706,0.7053799629211426
11707,0.3070531487464905
11708,0.5570729970932007
11709,0.7690398693084717
11710,0.6117096543312073
11711,0.35414326190948486
11712,0.48361629247665405
11713,0.6707433462142944
11714,0.47936147451400757
11715,0.47751569747924805
11716,0.6543411016464233
11717,0.2607894837856293
11718,0.4708012640476227
11719,0.6726434826850891
11720,0.4632706344127655
11721,0.3767242431640625
11722,0.6714708209037781
11723,0.3923875689506531
11724,0.5401456356048584
11725,0.608498215675354
11726,0.5839290618896484
11727,0.6457938551902771
11728,0.49749913811683655
11729,0.5442796349525452
11730,0.6939624547958374
11731,0.4840255379676819
11732,0.5084531307220459
11733,0.4506017863750458
11734,0.4917701780796051
11735,0.2805306017398834
11736,0.6314131021499634
11737,0.5227228999137878
11738,0.5717466473579407
11739,0.4754452407360077
11740,0.32581040263175964
11741,0.480371356010437
11742,0.6147282123565674
11743,0.5741745829582214
11744,0.770074188709259
11745,0.40527334809303284
11746,0.31984686851501465
11747,0.4640336334705353
11748,0.5192598700523376
11749,0.41308867931365967
11750,0.4658344089984894
11751,0.595262348651886
11752,0.3794303238391876
11753,0.47201478481292725
11754,0.4426667094230652
11755,0.6413520574569702
11756,0.5546404719352722
11757,0.40645119547843933
11758,0.43748050928115845
11759,0.6721178293228149
11760,0.48364022374153137
11761,0.6003468036651611
11762,0.42597275972366333
11763,0.5319708585739136
11764,0.7717543840408325
11765,0.49037548899650574
11766,0.5473521947860718
11767,0.33751922845840454
11768,0.768598735332489
11769,0.6562707424163818
11770,0.4733307957649231
11771,0.3832338750362396
11772,0.40518826246261597
11773,0.7065947651863098
11774,0.3666805624961853
11775,0.5891045331954956
11776,0.7622048258781433
11777,0.44233837723731995
11778,0.6448808312416077
11779,0.686032772064209
11780,0.45872431993484497
11781,0.54677814245224
11782,0.5043257474899292
11783,0.4003179371356964
11784,0.46595513820648193
11785,0.43651607632637024
11786,0.29839470982551575
11787,0.7541332840919495
11788,0.6801799535751343
11789,0.4189905524253845
11790,0.5061379671096802
11791,0.27792131900787354
11792,0.46209752559661865
11793,0.3392554521560669
11794,0.4098435640335083
11795,0.5680321455001831
11796,0.2783570885658264
11797,0.548588216304779
11798,0.35108911991119385
11799,0.6603673100471497
11800,0.27225929498672485
11801,0.4887147545814514
11802,0.6153678894042969
11803,0.39336541295051575
11804,0.6092175841331482
11805,0.35473448038101196
11806,0.5326414704322815
11807,0.4490077495574951
11808,0.4801173806190491
11809,0.7203232645988464
11810,0.4184236526489258
11811,0.3925567865371704
11812,0.41806116700172424
11813,0.30676937103271484
11814,0.5302795767784119
11815,0.7725617289543152
11816,0.5146698951721191
11817,0.5723742246627808
11818,0.7609376311302185
11819,0.7635295987129211
11820,0.3929036259651184
11821,0.4305618107318878
11822,0.5668556094169617
11823,0.6972249746322632
11824,0.6377983689308167
11825,0.7598061561584473
11826,0.2814439535140991
11827,0.4215709865093231
11828,0.6099032759666443
11829,0.2655467092990875
11830,0.46339377760887146
11831,0.5467661619186401
11832,0.47544220089912415
11833,0.1960037350654602
11834,0.3378930985927582
11835,0.5674684047698975
11836,0.7833209037780762
11837,0.5290254950523376
11838,0.41157907247543335
11839,0.7675668001174927
11840,0.5236598253250122
11841,0.5624540448188782
11842,0.21840710937976837
11843,0.4215148091316223
11844,0.45661550760269165
11845,0.4591400623321533
11846,0.2863178253173828
11847,0.445809006690979
11848,0.25828900933265686
11849,0.5840489268302917
11850,0.28064391016960144
11851,0.3752225935459137
11852,0.24815870821475983
11853,0.7761489152908325
11854,0.5495876669883728
11855,0.5406901836395264
11856,0.30407077074050903
11857,0.6065436005592346
11858,0.47282931208610535
11859,0.37364816665649414
11860,0.3848942816257477
11861,0.49968186020851135
11862,0.3248330056667328
11863,0.735316276550293
11864,0.6455555558204651
11865,0.3678162395954132
11866,0.7798023819923401
11867,0.6544182300567627
11868,0.2805948853492737
11869,0.41183334589004517
11870,0.3269509971141815
11871,0.2693391442298889
11872,0.3641130030155182
11873,0.3835514485836029
11874,0.30068913102149963
11875,0.7566541433334351
11876,0.716994047164917
11877,0.41130712628364563
11878,0.22894391417503357
11879,0.5912004709243774
11880,0.30358096957206726
11881,0.4662605822086334
11882,0.38717955350875854
11883,0.4199132025241852
11884,0.5083126425743103
11885,0.7500150203704834
11886,0.6514042615890503
11887,0.6122151017189026
11888,0.6753645539283752
11889,0.3912830054759979
11890,0.5536015033721924
11891,0.7694658041000366
11892,0.49174565076828003
11893,0.40292954444885254
11894,0.3806488513946533
11895,0.6472212672233582
11896,0.6371561884880066
11897,0.29886817932128906
11898,0.35504040122032166
11899,0.42317140102386475
11900,0.4053754508495331
11901,0.6411390900611877
11902,0.3598157465457916
11903,0.5707765221595764
11904,0.5561864376068115
11905,0.3706280291080475
11906,0.27187052369117737
11907,0.4487161934375763
11908,0.5257757306098938
11909,0.7656338810920715
11910,0.587898313999176
11911,0.6000481247901917
11912,0.7834917306900024
11913,0.6961219310760498
11914,0.3053734302520752
11915,0.40025344491004944
11916,0.6420027017593384
11917,0.30877548456192017
11918,0.7756776213645935
11919,0.6616169214248657
11920,0.3536021411418915
11921,0.3664509057998657
11922,0.4641273617744446
11923,0.36312490701675415
11924,0.46521204710006714
11925,0.7407782673835754
11926,0.591343879699707
11927,0.5801045298576355
11928,0.42775657773017883
11929,0.3893490731716156
11930,0.7625690698623657
11931,0.5281500220298767
11932,0.6076966524124146
11933,0.40132930874824524
11934,0.5205885171890259
11935,0.5788084268569946
11936,0.3938148319721222
11937,0.5575734376907349
11938,0.508571207523346
11939,0.42816683650016785
11940,0.3319776654243469
11941,0.3649251461029053
11942,0.3706483542919159
11943,0.40715789794921875
11944,0.5410711169242859
11945,0.4863154888153076
11946,0.44980740547180176
11947,0.2368302196264267
11948,0.3382076025009155
11949,0.41065219044685364
11950,0.5735790729522705
11951,0.7052395343780518
11952,0.48124226927757263
11953,0.27648285031318665
11954,0.5040900707244873
11955,0.7582590579986572
11956,0.4533415734767914
11957,0.4085504412651062
11958,0.7469156980514526
11959,0.28068795800209045
11960,0.4967138171195984
11961,0.5378089547157288
11962,0.6894150376319885
11963,0.7616322636604309
11964,0.3923136591911316
11965,0.49880096316337585
11966,0.5415894389152527
11967,0.48452749848365784
11968,0.6883249878883362
11969,0.4448776841163635
11970,0.33401042222976685
11971,0.704406201839447
11972,0.7302386164665222
11973,0.5234458446502686
11974,0.24976171553134918
11975,0.7821665406227112
11976,0.5915220379829407
11977,0.4917605519294739
11978,0.25175973773002625
11979,0.5386805534362793
11980,0.5063604712486267
11981,0.38459840416908264
11982,0.2297057956457138
11983,0.3569035828113556
11984,0.7779885530471802
11985,0.19111455976963043
11986,0.4527924954891205
11987,0.4306650161743164
11988,0.445736289024353
11989,0.2747242748737335
11990,0.45830482244491577
11991,0.3061605989933014
11992,0.24237190186977386
11993,0.7279582619667053
11994,0.7806668877601624
11995,0.4968508183956146
11996,0.44951584935188293
11997,0.426113486289978
11998,0.5632234215736389
11999,0.7441684007644653
12000,0.290537029504776
12001,0.5218491554260254
12002,0.64615797996521
12003,0.5245105028152466
12004,0.3287598788738251
12005,0.31928715109825134
12006,0.5228079557418823
12007,0.471202552318573
12008,0.4416351020336151
12009,0.34291425347328186
12010,0.763824462890625
12011,0.45926690101623535
12012,0.5015401840209961
12013,0.456855446100235
12014,0.44767042994499207
12015,0.3318392038345337
12016,0.2648116648197174
12017,0.5128805637359619
12018,0.5068004131317139
12019,0.7659636735916138
12020,0.3835605978965759
12021,0.7582234144210815
12022,0.7757954597473145
12023,0.5142430067062378
12024,0.7865653038024902
12025,0.4591574966907501
12026,0.48714837431907654
12027,0.4941576421260834
12028,0.4353579878807068
12029,0.6358489990234375
12030,0.29043659567832947
12031,0.3504713773727417
12032,0.47893384099006653
12033,0.5709894895553589
12034,0.5291059613227844
12035,0.33801406621932983
12036,0.391520619392395
12037,0.5830697417259216
12038,0.7710508108139038
12039,0.6844525337219238
12040,0.5314163565635681
12041,0.42642417550086975
12042,0.6677273511886597
12043,0.3593060374259949
12044,0.45825526118278503
12045,0.5343414545059204
12046,0.44420650601387024
12047,0.46670597791671753
12048,0.6996186375617981
12049,0.22597017884254456
12050,0.37353408336639404
12051,0.30088314414024353
12052,0.5635998845100403
12053,0.4644771218299866
12054,0.4435456395149231
12055,0.32060104608535767
12056,0.4239051938056946
12057,0.4680672883987427
12058,0.6387215852737427
12059,0.41421133279800415
12060,0.7670453190803528
12061,0.47377559542655945
12062,0.6467776298522949
12063,0.35486552119255066
12064,0.45514002442359924
12065,0.7539490461349487
12066,0.635501503944397
12067,0.4002428650856018
12068,0.6767697930335999
12069,0.44719991087913513
12070,0.573061466217041
12071,0.40365070104599
12072,0.6742808222770691
12073,0.7650052905082703
12074,0.45641055703163147
12075,0.6398972868919373
12076,0.33489882946014404
12077,0.6413425803184509
12078,0.7412640452384949
12079,0.7701389193534851
12080,0.511418879032135
12081,0.33349084854125977
12082,0.6158681511878967
12083,0.7108297348022461
12084,0.7772208452224731
12085,0.25758835673332214
12086,0.6368074417114258
12087,0.45062896609306335
12088,0.7718738913536072
12089,0.6968206763267517
12090,0.34887489676475525
12091,0.7828471660614014
12092,0.2527651786804199
12093,0.34349581599235535
12094,0.5181034803390503
12095,0.28122320771217346
12096,0.3361903429031372
12097,0.34532082080841064
12098,0.5991632342338562
12099,0.5408394932746887
12100,0.46374842524528503
12101,0.422769159078598
12102,0.4700283706188202
12103,0.3718871772289276
12104,0.7832310199737549
12105,0.5797222852706909
12106,0.6349548697471619
12107,0.5309064388275146
12108,0.5206461548805237
12109,0.25839123129844666
12110,0.3460698425769806
12111,0.282049298286438
12112,0.396441251039505
12113,0.4688522517681122
12114,0.40599706768989563
12115,0.3192445635795593
12116,0.4242035150527954
12117,0.48700177669525146
12118,0.323757529258728
12119,0.6720224618911743
12120,0.27459827065467834
12121,0.2823333144187927
12122,0.49065640568733215
12123,0.5404508709907532
12124,0.43049463629722595
12125,0.7208539247512817
12126,0.6097182631492615
12127,0.46658357977867126
12128,0.49315574765205383
12129,0.42848002910614014
12130,0.6907784342765808
12131,0.5855924487113953
12132,0.3681851923465729
12133,0.36800292134284973
12134,0.2857741415500641
12135,0.6430451273918152
12136,0.5601687431335449
12137,0.7678807377815247
12138,0.7717194557189941
12139,0.45490574836730957
12140,0.6105468273162842
12141,0.44905585050582886
12142,0.4695976972579956
12143,0.5772328972816467
12144,0.42921388149261475
12145,0.21683667600154877
12146,0.3445570170879364
12147,0.7744010090827942
12148,0.5448090434074402
12149,0.7776302695274353
12150,0.4477621018886566
12151,0.5255836844444275
12152,0.6388793587684631
12153,0.6326311826705933
12154,0.2684711515903473
12155,0.3217114210128784
12156,0.2859826982021332
12157,0.20787259936332703
12158,0.301163911819458
12159,0.3820858597755432
12160,0.37169331312179565
12161,0.6118053197860718
12162,0.7555269002914429
12163,0.7383096218109131
12164,0.7598905563354492
12165,0.5292840003967285
12166,0.40696123242378235
12167,0.686750054359436
12168,0.6038051247596741
12169,0.4668425917625427
12170,0.6993150115013123
12171,0.34391188621520996
12172,0.3282589614391327
12173,0.4793221950531006
12174,0.45785003900527954
12175,0.7674509882926941
12176,0.5093494057655334
12177,0.41858455538749695
12178,0.6460056900978088
12179,0.7667542695999146
12180,0.41117873787879944
12181,0.40794771909713745
12182,0.6080458164215088
12183,0.638668417930603
12184,0.44766533374786377
12185,0.5047998428344727
12186,0.48221442103385925
12187,0.5150657892227173
12188,0.5343537926673889
12189,0.33479276299476624
12190,0.36361804604530334
12191,0.5380557179450989
12192,0.2812823951244354
12193,0.3247787058353424
12194,0.5814064145088196
12195,0.6813997030258179
12196,0.27308154106140137
12197,0.20001725852489471
12198,0.7578037977218628
12199,0.3087864816188812
12200,0.6244813799858093
12201,0.5189341902732849
12202,0.759619414806366
12203,0.6402969360351562
12204,0.36072713136672974
12205,0.2779078483581543
12206,0.549248993396759
12207,0.4019860327243805
12208,0.6786226034164429
12209,0.5985077023506165
12210,0.3968341052532196
12211,0.7623386979103088
12212,0.6630852222442627
12213,0.497516930103302
12214,0.4250132739543915
12215,0.6086054444313049
12216,0.6374768018722534
12217,0.7581000924110413
12218,0.7690088748931885
12219,0.29932132363319397
12220,0.46800369024276733
12221,0.5626237988471985
12222,0.5344125628471375
12223,0.5480737686157227
12224,0.7298712134361267
12225,0.49145179986953735
12226,0.4360678493976593
12227,0.7260376214981079
12228,0.23667481541633606
12229,0.6246304512023926
12230,0.6130785942077637
12231,0.20058313012123108
12232,0.2373397946357727
12233,0.7260730266571045
12234,0.4295662045478821
12235,0.3845829963684082
12236,0.6206241250038147
12237,0.38281336426734924
12238,0.7348114848136902
12239,0.2634892463684082
12240,0.259988009929657
12241,0.646842360496521
12242,0.5786209106445312
12243,0.49800172448158264
12244,0.6024056077003479
12245,0.4217682182788849
12246,0.38698530197143555
12247,0.7914310097694397
12248,0.7475115060806274
12249,0.4757903218269348
12250,0.2831287086009979
12251,0.47020846605300903
12252,0.7182715535163879
12253,0.5220040082931519
12254,0.7105995416641235
12255,0.4235055446624756
12256,0.5102207064628601
12257,0.5681672096252441
12258,0.337351530790329
12259,0.32407984137535095
12260,0.7278667092323303
12261,0.486314982175827
12262,0.4315331280231476
12263,0.2273041307926178
12264,0.7762612700462341
12265,0.4473128616809845
12266,0.3015533685684204
12267,0.7434650659561157
12268,0.4423094689846039
12269,0.7270087599754333
12270,0.5855425596237183
12271,0.5639550685882568
12272,0.6180598735809326
12273,0.5609217286109924
12274,0.25541096925735474
12275,0.5817171931266785
12276,0.4381425380706787
12277,0.4577155113220215
12278,0.38288336992263794
12279,0.7533586025238037
12280,0.4392085075378418
12281,0.7304247617721558
12282,0.26732712984085083
12283,0.435837984085083
12284,0.5778271555900574
12285,0.7817237377166748
12286,0.37572425603866577
12287,0.2199995070695877
12288,0.47450321912765503
12289,0.5582830905914307
12290,0.432878315448761
12291,0.4851183295249939
12292,0.42115968465805054
12293,0.7043461799621582
12294,0.4107116758823395
12295,0.3791683614253998
12296,0.6525247693061829
12297,0.4433600604534149
12298,0.5544624924659729
12299,0.4584493041038513
12300,0.2840631604194641
12301,0.6184058785438538
12302,0.49038586020469666
12303,0.5798313617706299
12304,0.3027900159358978
12305,0.5252631902694702
12306,0.49855127930641174
12307,0.318747878074646
12308,0.7691458463668823
12309,0.4593026340007782
12310,0.5208534002304077
12311,0.3733334541320801
12312,0.5619082450866699
12313,0.49700358510017395
12314,0.7586145401000977
12315,0.4098314046859741
12316,0.45702266693115234
12317,0.403376966714859
12318,0.6729732751846313
12319,0.5759199857711792
12320,0.4634900689125061
12321,0.49314290285110474
12322,0.5665619969367981
12323,0.4535626471042633
12324,0.44513529539108276
12325,0.43482768535614014
12326,0.6964278817176819
12327,0.5400775074958801
12328,0.47871020436286926
12329,0.7837099432945251
12330,0.545769989490509
12331,0.5079163908958435
12332,0.37837865948677063
12333,0.5122829079627991
12334,0.4093407094478607
12335,0.20753642916679382
12336,0.32055190205574036
12337,0.44272521138191223
12338,0.32400500774383545
12339,0.5310247540473938
12340,0.6740180850028992
12341,0.40211722254753113
12342,0.46169349551200867
12343,0.2715420424938202
12344,0.33876219391822815
12345,0.29276376962661743
12346,0.2824934124946594
12347,0.46302035450935364
12348,0.5796707272529602
12349,0.2694341540336609
12350,0.7360485792160034
12351,0.5676289796829224
12352,0.6952758431434631
12353,0.41805800795555115
12354,0.4289471209049225
12355,0.4440530836582184
12356,0.42993611097335815
12357,0.48069068789482117
12358,0.2854386270046234
12359,0.7680994272232056
12360,0.7245131134986877
12361,0.4530855119228363
12362,0.7830336689949036
12363,0.6354504227638245
12364,0.491892009973526
12365,0.766466498374939
12366,0.4236546754837036
12367,0.39543038606643677
12368,0.46265146136283875
12369,0.4151306748390198
12370,0.7752162218093872
12371,0.4479641318321228
12372,0.4815542697906494
12373,0.5282678008079529
12374,0.3650803565979004
12375,0.4746665954589844
12376,0.7900936603546143
12377,0.35324931144714355
12378,0.2564335763454437
12379,0.7688262462615967
12380,0.6152851581573486
12381,0.5129385590553284
12382,0.5968806743621826
12383,0.500400722026825
12384,0.3509956896305084
12385,0.7754224538803101
12386,0.5337127447128296
12387,0.4302522838115692
12388,0.5084021091461182
12389,0.33601534366607666
12390,0.5782187581062317
12391,0.2685321271419525
12392,0.6048404574394226
12393,0.4637424945831299
12394,0.36121588945388794
12395,0.3299795687198639
12396,0.3766782283782959
12397,0.48051658272743225
12398,0.5704870223999023
12399,0.3858031630516052
12400,0.3136735260486603
12401,0.23991213738918304
12402,0.35461053252220154
12403,0.4411103129386902
12404,0.4640314280986786
12405,0.39408501982688904
12406,0.3549959361553192
12407,0.3666549026966095
12408,0.2073899656534195
12409,0.4355897307395935
12410,0.447980672121048
12411,0.6062373518943787
12412,0.587624728679657
12413,0.6776636838912964
12414,0.4179011285305023
12415,0.7720255255699158
12416,0.7715983986854553
12417,0.517137885093689
12418,0.32434189319610596
12419,0.45775434374809265
12420,0.34968239068984985
12421,0.46033409237861633
12422,0.5988543629646301
12423,0.7128686904907227
12424,0.4522247612476349
12425,0.32138580083847046
12426,0.7569122910499573
12427,0.505696713924408
12428,0.22820904850959778
12429,0.6542752981185913
12430,0.26866400241851807
12431,0.392728716135025
12432,0.5011035203933716
12433,0.7086657285690308
12434,0.2540092468261719
12435,0.5386564135551453
12436,0.3976011276245117
12437,0.4642745852470398
12438,0.7363317012786865
12439,0.4674285054206848
12440,0.35242873430252075
12441,0.530585527420044
12442,0.6022078394889832
12443,0.3833311200141907
12444,0.6780945062637329
12445,0.3134421408176422
12446,0.33693957328796387
12447,0.2312965840101242
12448,0.4128485918045044
12449,0.7794350385665894
12450,0.5254388451576233
12451,0.46925923228263855
12452,0.45402443408966064
12453,0.36910000443458557
12454,0.4087335765361786
12455,0.752614438533783
12456,0.22167809307575226
12457,0.30308979749679565
12458,0.7674368023872375
12459,0.45582619309425354
12460,0.38576540350914
12461,0.6421558260917664
12462,0.6764100193977356
12463,0.4538498818874359
12464,0.4889669716358185
12465,0.42967987060546875
12466,0.2107134908437729
12467,0.32569608092308044
12468,0.7622751593589783
12469,0.7729892730712891
12470,0.4364475607872009
12471,0.33087441325187683
12472,0.4545983076095581
12473,0.7923034429550171
12474,0.20237043499946594
12475,0.359710693359375
12476,0.7617648839950562
12477,0.4186416268348694
12478,0.33681371808052063
12479,0.4918930232524872
12480,0.5757344365119934
12481,0.27583134174346924
12482,0.37830421328544617
12483,0.5817841291427612
12484,0.5698025822639465
12485,0.2558799386024475
12486,0.5238956212997437
12487,0.3324812352657318
12488,0.49002566933631897
12489,0.45376721024513245
12490,0.3889394998550415
12491,0.37108901143074036
12492,0.7551008462905884
12493,0.6106722950935364
12494,0.3172410726547241
12495,0.7504760026931763
12496,0.5135713219642639
12497,0.5357688665390015
12498,0.5848925709724426
12499,0.4199719727039337
12500,0.4208402633666992
12501,0.5783350467681885
12502,0.2196739763021469
12503,0.7331398129463196
12504,0.2617208957672119
12505,0.46879932284355164
12506,0.572986364364624
12507,0.44455525279045105
12508,0.22081516683101654
12509,0.2574053704738617
12510,0.27151402831077576
12511,0.6726064085960388
12512,0.5680099725723267
12513,0.21833080053329468
12514,0.6472503542900085
12515,0.6717520356178284
12516,0.43247246742248535
12517,0.7867357730865479
12518,0.3978417217731476
12519,0.36093586683273315
12520,0.31878092885017395
12521,0.22753162682056427
12522,0.44103574752807617
12523,0.2965533137321472
12524,0.3319050967693329
12525,0.6260234713554382
12526,0.4459691345691681
12527,0.6519630551338196
12528,0.4604572355747223
12529,0.313082218170166
12530,0.5629825592041016
12531,0.3544478714466095
12532,0.5808159708976746
12533,0.371237576007843
12534,0.5169335007667542
12535,0.4421663284301758
12536,0.3749810755252838
12537,0.5671884417533875
12538,0.5698765516281128
12539,0.30035093426704407
12540,0.5586261749267578
12541,0.39961251616477966
12542,0.4455578625202179
12543,0.5263302326202393
12544,0.6534838080406189
12545,0.4810801148414612
12546,0.4724856913089752
12547,0.4831075072288513
12548,0.46957826614379883
12549,0.37244901061058044
12550,0.5529321432113647
12551,0.6715266108512878
12552,0.6358193159103394
12553,0.2689465880393982
12554,0.25047627091407776
12555,0.4808068573474884
12556,0.766237199306488
12557,0.45366665720939636
12558,0.4406847655773163
12559,0.6277578473091125
12560,0.5863080620765686
12561,0.5456777215003967
12562,0.40522870421409607
12563,0.24702277779579163
12564,0.7677018046379089
12565,0.33582183718681335
12566,0.47259363532066345
12567,0.641130805015564
12568,0.4853273332118988
12569,0.5374221205711365
12570,0.26696640253067017
12571,0.7618451714515686
12572,0.6822211146354675
12573,0.384487122297287
12574,0.6816003918647766
12575,0.4205370843410492
12576,0.6443254947662354
12577,0.7604137063026428
12578,0.45082953572273254
12579,0.5913841724395752
12580,0.4323855936527252
12581,0.37502264976501465
12582,0.5999133586883545
12583,0.6927921175956726
12584,0.2532675862312317
12585,0.3124101161956787
12586,0.4833006262779236
12587,0.24669714272022247
12588,0.7795012593269348
12589,0.47304803133010864
12590,0.5118695497512817
12591,0.3573972284793854
12592,0.6164515614509583
12593,0.31038349866867065
12594,0.38213884830474854
12595,0.6112169027328491
12596,0.5131710767745972
12597,0.48761671781539917
12598,0.5196501612663269
12599,0.5243311524391174
12600,0.6787428259849548
12601,0.7619507908821106
12602,0.648865818977356
12603,0.6521255970001221
12604,0.43681085109710693
12605,0.7833960652351379
12606,0.5376031994819641
12607,0.21482522785663605
12608,0.4129762649536133
12609,0.633918821811676
12610,0.45173075795173645
12611,0.2541317343711853
12612,0.46346795558929443
12613,0.5801807045936584
12614,0.7718742489814758
12615,0.5501163601875305
12616,0.7790182828903198
12617,0.36543017625808716
12618,0.44849419593811035
12619,0.2281266748905182
12620,0.5263402462005615
12621,0.39518940448760986
12622,0.7636038064956665
12623,0.7009637355804443
12624,0.2619997262954712
12625,0.3397497534751892
12626,0.32582560181617737
12627,0.62537682056427
12628,0.7766111493110657
12629,0.6187755465507507
12630,0.2914971709251404
12631,0.29683950543403625
12632,0.7553421854972839
12633,0.42215585708618164
12634,0.747166097164154
12635,0.35824477672576904
12636,0.5610003471374512
12637,0.6298561692237854
12638,0.5088298320770264
12639,0.3376449942588806
12640,0.4563082456588745
12641,0.31680330634117126
12642,0.4048178493976593
12643,0.3989827036857605
12644,0.44093918800354004
12645,0.47727060317993164
12646,0.38681939244270325
12647,0.4265193045139313
12648,0.34251880645751953
12649,0.5897904634475708
12650,0.5495580434799194
12651,0.6399358510971069
12652,0.5469213724136353
12653,0.4373898208141327
12654,0.7141029834747314
12655,0.49119243025779724
12656,0.47608622908592224
12657,0.5435090065002441
12658,0.4650156795978546
12659,0.44087788462638855
12660,0.7772247195243835
12661,0.6074161529541016
12662,0.33820590376853943
12663,0.29640993475914
12664,0.4316750168800354
12665,0.5293262004852295
12666,0.22921426594257355
12667,0.47830522060394287
12668,0.5451445579528809
12669,0.7744336128234863
12670,0.370412677526474
12671,0.3025185167789459
12672,0.45164260268211365
12673,0.6366133689880371
12674,0.7813705801963806
12675,0.3242477774620056
12676,0.46082940697669983
12677,0.6649631857872009
12678,0.5316973328590393
12679,0.30352380871772766
12680,0.5220522284507751
12681,0.3717915713787079
12682,0.5587971210479736
12683,0.637732744216919
12684,0.769977331161499
12685,0.3223280906677246
12686,0.42716842889785767
12687,0.2798027992248535
12688,0.6517670750617981
12689,0.5148865580558777
12690,0.49376943707466125
12691,0.4637099504470825
12692,0.3740956783294678
12693,0.6057805418968201
12694,0.4550868272781372
12695,0.37405914068222046
12696,0.7747090458869934
12697,0.28475797176361084
12698,0.47766366600990295
12699,0.39120352268218994
12700,0.32412993907928467
12701,0.7824321985244751
12702,0.4425390660762787
12703,0.7644160985946655
12704,0.46755003929138184
12705,0.4082402288913727
12706,0.40605634450912476
12707,0.3356224000453949
12708,0.6343964338302612
12709,0.2626095414161682
12710,0.4257133901119232
12711,0.4660249650478363
12712,0.5159833431243896
12713,0.6655156016349792
12714,0.49242156744003296
12715,0.6493532657623291
12716,0.472262442111969
12717,0.40307149291038513
12718,0.44813913106918335
12719,0.7371650338172913
12720,0.45501673221588135
12721,0.5657557845115662
12722,0.5915047526359558
12723,0.4704786241054535
12724,0.36413630843162537
12725,0.37781307101249695
12726,0.5519182085990906
12727,0.7844570875167847
12728,0.6440314650535583
12729,0.3561566174030304
12730,0.4989681541919708
12731,0.4460162818431854
12732,0.4459820091724396
12733,0.766777515411377
12734,0.2937658727169037
12735,0.7665475606918335
12736,0.47788339853286743
12737,0.6158803701400757
12738,0.6878175139427185
12739,0.2565748691558838
12740,0.42970654368400574
12741,0.25220128893852234
12742,0.43869006633758545
12743,0.3946925401687622
12744,0.7751522660255432
12745,0.7764580845832825
12746,0.6600905656814575
12747,0.5542353391647339
12748,0.7166736125946045
12749,0.4692889451980591
12750,0.4649021029472351
12751,0.6688300371170044
12752,0.5873025059700012
12753,0.2925039827823639
12754,0.5349386930465698
12755,0.5400936007499695
12756,0.764879047870636
12757,0.48577913641929626
12758,0.4220278561115265
12759,0.46354860067367554
12760,0.22482351958751678
12761,0.7595902681350708
12762,0.5742415189743042
12763,0.7620458006858826
12764,0.5817912817001343
12765,0.38330236077308655
12766,0.455845445394516
12767,0.7743120789527893
12768,0.41246137022972107
12769,0.39197710156440735
12770,0.6233763694763184
12771,0.4038524627685547
12772,0.3987944722175598
12773,0.5694504976272583
12774,0.3717467784881592
12775,0.3289763331413269
12776,0.49593833088874817
12777,0.3195573687553406
12778,0.7709557414054871
12779,0.3311965763568878
12780,0.5909795761108398
12781,0.45220497250556946
12782,0.5408296585083008
12783,0.3900582790374756
12784,0.40678131580352783
12785,0.7815961241722107
12786,0.44232967495918274
12787,0.7643629908561707
12788,0.7852097153663635
12789,0.5314281582832336
12790,0.4228341579437256
12791,0.4299575984477997
12792,0.5948215126991272
12793,0.4728417694568634
12794,0.2136293351650238
12795,0.33520570397377014
12796,0.47269997000694275
12797,0.7092961668968201
12798,0.5357306003570557
12799,0.6920554041862488
12800,0.41411498188972473
12801,0.3245694637298584
12802,0.27744919061660767
12803,0.5737828016281128
12804,0.4394397735595703
12805,0.4200965166091919
12806,0.4114118814468384
12807,0.49105700850486755
12808,0.2881602346897125
12809,0.6716416478157043
12810,0.5763128399848938
12811,0.762959897518158
12812,0.7560200691223145
12813,0.7196252346038818
12814,0.5765470862388611
12815,0.39382287859916687
12816,0.6526413559913635
12817,0.4370855987071991
12818,0.3542955219745636
12819,0.5972549319267273
12820,0.32075074315071106
12821,0.5881737470626831
12822,0.30415982007980347
12823,0.5126386284828186
12824,0.38212618231773376
12825,0.46943554282188416
12826,0.4352494478225708
12827,0.5085753798484802
12828,0.2603495419025421
12829,0.48393741250038147
12830,0.5333361029624939
12831,0.5844533443450928
12832,0.260049432516098
12833,0.3881591856479645
12834,0.5615823268890381
12835,0.3000897169113159
12836,0.46619513630867004
12837,0.5348663926124573
12838,0.3199504017829895
12839,0.33395445346832275
12840,0.4443265199661255
12841,0.5820013284683228
12842,0.47648385167121887
12843,0.37762004137039185
12844,0.6312989592552185
12845,0.33705538511276245
12846,0.4605037271976471
12847,0.7879300713539124
12848,0.6112618446350098
12849,0.6393453478813171
12850,0.5163246393203735
12851,0.25340479612350464
12852,0.47010207176208496
12853,0.5058664083480835
12854,0.3677724003791809
12855,0.45975634455680847
12856,0.6302938461303711
12857,0.6819783449172974
12858,0.5491089820861816
12859,0.5212268829345703
12860,0.44972550868988037
12861,0.4577123522758484
12862,0.4836080074310303
12863,0.6946005821228027
12864,0.7407200336456299
12865,0.4571915864944458
12866,0.4543975591659546
12867,0.26937854290008545
12868,0.5265774130821228
12869,0.24313317239284515
12870,0.5353886485099792
12871,0.7890422940254211
12872,0.6116570234298706
12873,0.46817776560783386
12874,0.3413239121437073
12875,0.6799263954162598
12876,0.6295061707496643
12877,0.6013197302818298
12878,0.46606719493865967
12879,0.45255178213119507
12880,0.5307142734527588
12881,0.7608299851417542
12882,0.349782258272171
12883,0.23304928839206696
12884,0.4519859552383423
12885,0.7794380784034729
12886,0.6854367256164551
12887,0.5510737299919128
12888,0.6467424631118774
12889,0.48412710428237915
12890,0.4608222544193268
12891,0.6593048572540283
12892,0.6149797439575195
12893,0.5898841619491577
12894,0.5326307415962219
12895,0.447464257478714
12896,0.5895084142684937
12897,0.44172677397727966
12898,0.45224013924598694
12899,0.7669289112091064
12900,0.5823845267295837
12901,0.5346308350563049
12902,0.6450660228729248
12903,0.6757469773292542
12904,0.7788399457931519
12905,0.5979414582252502
12906,0.6214898228645325
12907,0.40920883417129517
12908,0.6634963154792786
12909,0.3996807634830475
12910,0.23923107981681824
12911,0.5840296745300293
12912,0.5772603154182434
12913,0.6526824831962585
12914,0.7909893989562988
12915,0.7573022246360779
12916,0.2612731158733368
12917,0.7884068489074707
12918,0.5063439011573792
12919,0.3408394157886505
12920,0.5357733964920044
12921,0.49465876817703247
12922,0.488576203584671
12923,0.4544086456298828
12924,0.4653759002685547
12925,0.46638843417167664
12926,0.489386647939682
12927,0.36214494705200195
12928,0.4082796573638916
12929,0.48173877596855164
12930,0.4980847239494324
12931,0.6364213228225708
12932,0.6924065351486206
12933,0.3572961390018463
12934,0.5067483186721802
12935,0.4314706027507782
12936,0.4108642637729645
12937,0.2292972356081009
12938,0.23225641250610352
12939,0.3504205346107483
12940,0.3684024214744568
12941,0.7369564771652222
12942,0.5114333033561707
12943,0.5152093172073364
12944,0.42178261280059814
12945,0.5099563002586365
12946,0.3364843726158142
12947,0.7639849185943604
12948,0.7681045532226562
12949,0.7846797108650208
12950,0.4246259033679962
12951,0.30890804529190063
12952,0.28729087114334106
12953,0.47384965419769287
12954,0.5380841493606567
12955,0.6585443615913391
12956,0.2531191110610962
12957,0.587401270866394
12958,0.46252211928367615
12959,0.3179371654987335
12960,0.7474727630615234
12961,0.23650924861431122
12962,0.5021785497665405
12963,0.40117383003234863
12964,0.2166578769683838
12965,0.5471619963645935
12966,0.5431128144264221
12967,0.37377890944480896
12968,0.6169748306274414
12969,0.47954311966896057
12970,0.5147649645805359
12971,0.5571390986442566
12972,0.4717843234539032
12973,0.525709331035614
12974,0.6797473430633545
12975,0.7272734045982361
12976,0.6792584657669067
12977,0.6051446795463562
12978,0.5397132039070129
12979,0.4800149202346802
12980,0.3345257043838501
12981,0.6216234564781189
12982,0.5095802545547485
12983,0.6427356004714966
12984,0.4648825526237488
12985,0.33366990089416504
12986,0.5750055909156799
12987,0.45504721999168396
12988,0.413578063249588
12989,0.38853421807289124
12990,0.4703539311885834
12991,0.6418188810348511
12992,0.44225624203681946
12993,0.2508530616760254
12994,0.4038359224796295
12995,0.5948165655136108
12996,0.5283506512641907
12997,0.3792990446090698
12998,0.2808123528957367
12999,0.406066358089447
13000,0.4440716803073883
13001,0.23938480019569397
13002,0.40699145197868347
13003,0.42348283529281616
13004,0.48516711592674255
13005,0.4867706596851349
13006,0.5122298002243042
13007,0.4071953594684601
13008,0.3702644407749176
13009,0.5657404065132141
13010,0.6141945123672485
13011,0.66923987865448
13012,0.24956956505775452
13013,0.739976167678833
13014,0.3733902871608734
13015,0.26964786648750305
13016,0.35904771089553833
13017,0.4650142192840576
13018,0.6106572151184082
13019,0.2509642541408539
13020,0.4939291477203369
13021,0.5262292623519897
13022,0.4048580229282379
13023,0.2763313055038452
13024,0.4711592495441437
13025,0.6461778283119202
13026,0.5376306772232056
13027,0.266264408826828
13028,0.5290247797966003
13029,0.5069344639778137
13030,0.4429568946361542
13031,0.34844139218330383
13032,0.3612372577190399
13033,0.7431064248085022
13034,0.587669849395752
13035,0.411603182554245
13036,0.3596377968788147
13037,0.3982916474342346
13038,0.5383527874946594
13039,0.6420548558235168
13040,0.4471161961555481
13041,0.5267795920372009
13042,0.3935261368751526
13043,0.7535287737846375
13044,0.7855801582336426
13045,0.5607330799102783
13046,0.7595888376235962
13047,0.2178901582956314
13048,0.2732020318508148
13049,0.20654402673244476
13050,0.734581708908081
13051,0.4084833264350891
13052,0.27499210834503174
13053,0.43387386202812195
13054,0.4758519232273102
13055,0.5130853056907654
13056,0.543539822101593
13057,0.4043819010257721
13058,0.33622780442237854
13059,0.3925004005432129
13060,0.25978705286979675
13061,0.44959181547164917
13062,0.44787606596946716
13063,0.6864967346191406
13064,0.5755345821380615
13065,0.3589042127132416
13066,0.5926443934440613
13067,0.41310667991638184
13068,0.3007568120956421
13069,0.3988035023212433
13070,0.7885382771492004
13071,0.4973004162311554
13072,0.6268830299377441
13073,0.48913973569869995
13074,0.5737807154655457
13075,0.3283669650554657
13076,0.32256221771240234
13077,0.266549676656723
13078,0.4521405100822449
13079,0.4105767011642456
13080,0.2795271873474121
13081,0.6611718535423279
13082,0.492904394865036
13083,0.4855302572250366
13084,0.4510924518108368
13085,0.658862829208374
13086,0.714539647102356
13087,0.47966164350509644
13088,0.4699453115463257
13089,0.3193511664867401
13090,0.44841238856315613
13091,0.5572841167449951
13092,0.22753207385540009
13093,0.5517203211784363
13094,0.6119793057441711
13095,0.5344514846801758
13096,0.5337467193603516
13097,0.341023713350296
13098,0.5357955694198608
13099,0.3923450708389282
13100,0.5074809789657593
13101,0.6197900772094727
13102,0.48528817296028137
13103,0.46899259090423584
13104,0.356408953666687
13105,0.3118412494659424
13106,0.6303088068962097
13107,0.4544152617454529
13108,0.44939684867858887
13109,0.45480597019195557
13110,0.4491104185581207
13111,0.28163424134254456
13112,0.567292332649231
13113,0.39689165353775024
13114,0.33482226729393005
13115,0.31009697914123535
13116,0.5473091006278992
13117,0.3558739423751831
13118,0.18401381373405457
13119,0.657604992389679
13120,0.5798445343971252
13121,0.28311899304389954
13122,0.5622292160987854
13123,0.4313045144081116
13124,0.2708888053894043
13125,0.5798494219779968
13126,0.34186452627182007
13127,0.4352494776248932
13128,0.23339025676250458
13129,0.7019993662834167
13130,0.3813372850418091
13131,0.4522915482521057
13132,0.7149457335472107
13133,0.22408220171928406
13134,0.19555051624774933
13135,0.4283991754055023
13136,0.4168664813041687
13137,0.30808302760124207
13138,0.3033359944820404
13139,0.2923259437084198
13140,0.3418428301811218
13141,0.5671130418777466
13142,0.6818715929985046
13143,0.3300177752971649
13144,0.5280035734176636
13145,0.5033866763114929
13146,0.3350313901901245
13147,0.42928066849708557
13148,0.4772091805934906
13149,0.3744816482067108
13150,0.4773694574832916
13151,0.22810813784599304
13152,0.4198577404022217
13153,0.2948313355445862
13154,0.7869192361831665
13155,0.38967767357826233
13156,0.4196207523345947
13157,0.7713809013366699
13158,0.42406007647514343
13159,0.4850772023200989
13160,0.5744400024414062
13161,0.38342931866645813
13162,0.2882893681526184
13163,0.33945274353027344
13164,0.7789867520332336
13165,0.555154025554657
13166,0.42784959077835083
13167,0.5204305648803711
13168,0.3280643820762634
13169,0.2691726088523865
13170,0.5370898842811584
13171,0.5753004550933838
13172,0.2543271481990814
13173,0.39674845337867737
13174,0.4100216031074524
13175,0.7191178798675537
13176,0.523743748664856
13177,0.3191929757595062
13178,0.32275933027267456
13179,0.46316927671432495
13180,0.36620962619781494
13181,0.43406763672828674
13182,0.3063509464263916
13183,0.7732235193252563
13184,0.3626401126384735
13185,0.5319772958755493
13186,0.3265264332294464
13187,0.44282644987106323
13188,0.2550733983516693
13189,0.6233415007591248
13190,0.24236106872558594
13191,0.5359890460968018
13192,0.5345924496650696
13193,0.4582245647907257
13194,0.45689263939857483
13195,0.26538190245628357
13196,0.5281674265861511
13197,0.41249024868011475
13198,0.28703153133392334
13199,0.300189346075058
13200,0.22679273784160614
13201,0.7104237675666809
13202,0.24909909069538116
13203,0.2553291320800781
13204,0.28500887751579285
13205,0.35484427213668823
13206,0.26932069659233093
13207,0.49817925691604614
13208,0.5250729918479919
13209,0.28298255801200867
13210,0.32208698987960815
13211,0.49793216586112976
13212,0.45282161235809326
13213,0.5483722686767578
13214,0.3990289270877838
13215,0.4076484143733978
13216,0.6822457313537598
13217,0.6694099307060242
13218,0.26452502608299255
13219,0.7848420143127441
13220,0.6294411420822144
13221,0.41330447793006897
13222,0.4324144423007965
13223,0.7811228632926941
13224,0.44772469997406006
13225,0.3057176172733307
13226,0.40460264682769775
13227,0.4594693183898926
13228,0.4405284523963928
13229,0.5115709900856018
13230,0.5252240896224976
13231,0.3237881362438202
13232,0.47403883934020996
13233,0.45473402738571167
13234,0.4677359461784363
13235,0.5592746138572693
13236,0.7558863759040833
13237,0.44641390442848206
13238,0.5099266767501831
13239,0.2872820496559143
13240,0.5100798606872559
13241,0.37900206446647644
13242,0.47041943669319153
13243,0.5131073594093323
13244,0.6402371525764465
13245,0.45899081230163574
13246,0.603755533695221
13247,0.525870144367218
13248,0.5163227319717407
13249,0.5249396562576294
13250,0.7789579033851624
13251,0.30696097016334534
13252,0.5109785199165344
13253,0.6590281128883362
13254,0.2173733115196228
13255,0.4719501733779907
13256,0.7688291668891907
13257,0.46681660413742065
13258,0.6055288910865784
13259,0.442905068397522
13260,0.19628889858722687
13261,0.6282914280891418
13262,0.5029452443122864
13263,0.449993371963501
13264,0.3124626874923706
13265,0.6120802164077759
13266,0.374308705329895
13267,0.4966656267642975
13268,0.3788396120071411
13269,0.48656001687049866
13270,0.5209640264511108
13271,0.601133406162262
13272,0.5888643264770508
13273,0.4758731722831726
13274,0.37207522988319397
13275,0.6943454146385193
13276,0.5402498841285706
13277,0.42188724875450134
13278,0.6020938754081726
13279,0.44135040044784546
13280,0.29580339789390564
13281,0.5253907442092896
13282,0.646889865398407
13283,0.47772783041000366
13284,0.3402024507522583
13285,0.7265118360519409
13286,0.54789137840271
13287,0.4583470821380615
13288,0.7436486482620239
13289,0.2578808665275574
13290,0.396488219499588
13291,0.28527507185935974
13292,0.3231015205383301
13293,0.4665820598602295
13294,0.7861560583114624
13295,0.4701986014842987
13296,0.3866850733757019
13297,0.3094911575317383
13298,0.6823470592498779
13299,0.5239310264587402
13300,0.5453761219978333
13301,0.6172939538955688
13302,0.24373382329940796
13303,0.44637471437454224
13304,0.6058595776557922
13305,0.538589596748352
13306,0.49232718348503113
13307,0.3840404748916626
13308,0.24705274403095245
13309,0.43880221247673035
13310,0.511509120464325
13311,0.7605769038200378
13312,0.7757338285446167
13313,0.5338861346244812
13314,0.5259249210357666
13315,0.7356520295143127
13316,0.4544981122016907
13317,0.7734735012054443
13318,0.7719080448150635
13319,0.713841438293457
13320,0.23187200725078583
13321,0.6335932612419128
13322,0.4070705771446228
13323,0.5424357652664185
13324,0.3998703360557556
13325,0.43934571743011475
13326,0.740051805973053
13327,0.5377551913261414
13328,0.34429046511650085
13329,0.3778536915779114
13330,0.47817960381507874
13331,0.28665685653686523
13332,0.3044337332248688
13333,0.7672526240348816
13334,0.41927507519721985
13335,0.41645821928977966
13336,0.4453590214252472
13337,0.4154288172721863
13338,0.35554710030555725
13339,0.47931164503097534
13340,0.6345913410186768
13341,0.6143296957015991
13342,0.5045953392982483
13343,0.5047110319137573
13344,0.6156150698661804
13345,0.3557273745536804
13346,0.32340630888938904
13347,0.6092855930328369
13348,0.6292293071746826
13349,0.2986115515232086
13350,0.5102331042289734
13351,0.2438334822654724
13352,0.7611640691757202
13353,0.5913493037223816
13354,0.28561416268348694
13355,0.4098706841468811
13356,0.6778715252876282
13357,0.6563975214958191
13358,0.47119876742362976
13359,0.38721439242362976
13360,0.43938085436820984
13361,0.4340156018733978
13362,0.44165661931037903
13363,0.505686342716217
13364,0.5507398247718811
13365,0.6227723360061646
13366,0.5534988045692444
13367,0.48785609006881714
13368,0.5586596727371216
13369,0.7545782327651978
13370,0.7657981514930725
13371,0.6242164969444275
13372,0.596916913986206
13373,0.4722253680229187
13374,0.5262062549591064
13375,0.21513597667217255
13376,0.3871128261089325
13377,0.49531903862953186
13378,0.39019960165023804
13379,0.37538906931877136
13380,0.5775769948959351
13381,0.3688840866088867
13382,0.5194414258003235
13383,0.44293850660324097
13384,0.3345400393009186
13385,0.45554304122924805
13386,0.7565197944641113
13387,0.4500086009502411
13388,0.312522292137146
13389,0.19454677402973175
13390,0.5031010508537292
13391,0.5066179037094116
13392,0.6163033843040466
13393,0.5182226896286011
13394,0.7027131915092468
13395,0.4162735641002655
13396,0.6652737855911255
13397,0.4439270794391632
13398,0.6140533089637756
13399,0.6902008056640625
13400,0.5388638377189636
13401,0.5294184684753418
13402,0.5866469740867615
13403,0.43133416771888733
13404,0.586727499961853
13405,0.49418729543685913
13406,0.4350181818008423
13407,0.44676142930984497
13408,0.6541602611541748
13409,0.33407655358314514
13410,0.34806475043296814
13411,0.5979530811309814
13412,0.2793404459953308
13413,0.26870113611221313
13414,0.7718549370765686
13415,0.23978136479854584
13416,0.5716801285743713
13417,0.2936970293521881
13418,0.7656124830245972
13419,0.4563589096069336
13420,0.7501250505447388
13421,0.49833565950393677
13422,0.47396379709243774
13423,0.2605900764465332
13424,0.5637707710266113
13425,0.5750279426574707
13426,0.5049129128456116
13427,0.7424126267433167
13428,0.2370672971010208
13429,0.40820080041885376
13430,0.38499268889427185
13431,0.6647909283638
13432,0.3266424834728241
13433,0.48177507519721985
13434,0.43551748991012573
13435,0.2405589073896408
13436,0.2304868996143341
13437,0.4234270751476288
13438,0.6579430103302002
13439,0.3416467010974884
13440,0.3919169306755066
13441,0.5205775499343872
13442,0.58442223072052
13443,0.530171275138855
13444,0.7202810049057007
13445,0.4847831726074219
13446,0.5832737684249878
13447,0.44203293323516846
13448,0.32101088762283325
13449,0.7855299711227417
13450,0.35278627276420593
13451,0.7495101094245911
13452,0.3564010262489319
13453,0.759576141834259
13454,0.5658477544784546
13455,0.7554886341094971
13456,0.23717428743839264
13457,0.780625581741333
13458,0.20566575229167938
13459,0.28864893317222595
13460,0.4857896864414215
13461,0.2593715786933899
13462,0.47758057713508606
13463,0.7614704966545105
13464,0.7629131078720093
13465,0.36964425444602966
13466,0.3078745901584625
13467,0.7088022232055664
13468,0.5170712471008301
13469,0.7010651230812073
13470,0.5025924444198608
